host_epoch_s,host_elapsed_s,time_ms,ax,ay,az,gx,gy,gz,acc_mag,gyro_mag,pulse_count,edge_count,rise_count,fall_count,state,pulse_rate_hz,last_edge_dt_ms,label
1780604662.452377,0.019033599994145334,222044,0.04126,-0.019531,1.056396,2.320611,2.709924,-0.351145,1.057382,3.585,7002,12275,5272,7002,0,75.269,5,normal
1780604662.4835453,0.05020179999701213,222076,0.044678,-0.031738,1.053467,-0.229008,2.946565,-0.900763,1.054891,3.089671,7003,12277,5273,7003,0,75.269,5,normal
1780604662.5149796,0.08163609998882748,222107,0.068848,-0.051514,1.045898,3.435115,3.549618,-0.389313,1.049427,4.954934,7004,12280,5275,7004,1,75.269,18,normal
1780604662.5453088,0.11196549999294803,222138,0.071533,0.006104,1.043945,1.343511,3.045802,-0.229008,1.046411,3.336821,7008,12285,5276,7008,0,75.269,5,normal
1780604662.5776665,0.14432300000044052,222169,0.052979,-0.061279,1.063477,0.015267,2.587786,-1.045802,1.066557,2.79116,7009,12288,5278,7009,1,75.269,14,normal
1780604662.608317,0.1749734999903012,222201,0.07373,-0.035645,1.05957,3.70229,3.625954,-0.244275,1.06273,5.187886,7013,12293,5279,7013,0,75.269,5,normal
1780604662.6396983,0.2063549000013154,222232,0.044189,-0.006104,1.037354,0.068702,2.206107,-0.732824,1.038312,2.325652,7014,12295,5280,7014,0,64.0,5,normal
1780604662.6697738,0.2364303999929689,222263,0.046143,-0.028076,1.07251,1.0,2.412214,-0.641221,1.073869,2.688855,7015,12297,5281,7015,0,64.0,5,normal
1780604662.7025182,0.26917479999247007,222293,0.049072,-0.030762,1.061768,3.709924,3.21374,-0.572519,1.063346,4.941602,7019,12303,5283,7019,0,64.0,5,normal
1780604662.7325299,0.299186499993084,222325,0.039062,0.013672,1.037354,0.145038,2.198473,-0.900763,1.038179,2.380272,7021,12307,5285,7021,0,64.0,5,normal
1780604662.7639983,0.330654899997171,222356,0.030029,-0.044434,1.054932,2.259542,2.21374,-0.259542,1.056294,3.173884,7022,12311,5288,7022,0,64.0,3,normal
1780604662.794479,0.36113549998844974,222387,0.022949,-0.023438,1.05835,2.587786,2.625954,-0.618321,1.058858,3.738261,7027,12317,5289,7027,0,64.0,5,normal
1780604662.8267288,0.39338539999153,222418,0.05249,-0.006592,1.054199,-0.091603,3.152672,-0.862595,1.055526,3.269832,7028,12319,5290,7028,0,64.0,5,normal
1780604662.8566742,0.42333079999662004,222449,0.032715,-0.072266,1.043213,2.396947,2.129771,-0.503817,1.046224,3.245783,7029,12322,5292,7029,1,64.0,18,normal
1780604662.8875015,0.4541579999931855,222480,0.0354,-0.021484,1.0625,2.366412,2.503817,-0.450382,1.063307,3.474456,7032,12327,5294,7032,0,64.0,5,normal
1780604662.9180899,0.48474639999039937,222510,0.050537,0.01001,1.047607,-0.076336,3.091603,-0.961832,1.048873,3.238666,7034,12331,5296,7034,0,71.942,5,normal
1780604662.9499102,0.5165667999972356,222541,0.030273,-0.068115,1.053711,2.114504,2.679389,-0.160305,1.056344,3.417009,7036,12336,5299,7036,1,71.942,14,normal
1780604662.9815598,0.5482162999978755,222573,0.067871,-0.015625,1.054443,1.854962,2.328244,-0.21374,1.056741,2.984508,7038,12339,5300,7038,0,71.942,5,normal
1780604663.0124547,0.5791113000013866,222604,0.027588,-0.027588,1.05835,0.076336,2.282443,-1.160305,1.059068,2.561578,7039,12341,5301,7039,0,71.942,5,normal
1780604663.0435343,0.6101908999989973,222635,0.052734,-0.036133,1.044189,3.541985,3.351145,-0.412214,1.046144,4.89344,7041,12346,5304,7041,1,71.942,4,normal
1780604663.0735343,0.6401907999970717,222666,0.051514,0.006836,1.044189,0.793893,3.419847,0.099237,1.045482,3.512189,7044,12351,5306,7044,0,71.942,5,normal
1780604663.1049454,0.6716019000014057,222697,0.032959,-0.05957,1.055176,0.541985,2.450382,-1.221374,1.05737,2.791034,7045,12353,5307,7045,0,71.942,5,normal
1780604663.1359463,0.7026028999971459,222728,0.022217,-0.014648,1.042725,4.099236,3.541985,0.21374,1.043064,5.421723,7047,12356,5308,7047,1,71.942,17,normal
1780604663.1679177,0.7345743999903789,222759,0.040527,0.012207,1.029541,-0.091603,2.526718,-0.503817,1.030411,2.578086,7051,12361,5309,7051,0,71.942,6,normal
1780604663.1989148,0.7655712999985553,222790,0.050537,-0.051758,1.067383,0.320611,2.541985,-1.21374,1.069831,2.835074,7054,12365,5310,7054,0,71.429,0,normal
1780604663.230383,0.7970395000011194,222822,0.039551,-0.029785,1.05127,3.671756,3.442748,-0.335878,1.052435,5.044514,7057,12369,5311,7057,0,71.429,6,normal
1780604663.2625356,0.8291921999916667,222854,0.060059,0.014893,1.048096,0.335878,3.137405,-0.801527,1.049921,3.255544,7058,12371,5312,7058,0,71.429,5,normal
1780604663.2947855,0.861442099994747,222885,0.031982,-0.063721,1.051514,1.824428,2.450382,-0.29771,1.053928,3.069452,7059,12374,5314,7059,1,71.429,18,normal
1780604663.325485,0.8921414999931585,222916,0.04541,-0.016113,1.048584,2.091603,2.519084,-0.580153,1.04969,3.325232,7063,12379,5315,7063,0,71.429,5,normal
1780604663.3551707,0.9218271999998251,222947,0.044922,-0.000488,1.056885,-0.076336,3.053435,-1.129771,1.057839,3.256636,7066,12383,5316,7066,0,71.429,5,normal
1780604663.3861737,0.9528303999977652,222978,0.040039,-0.067627,1.04248,2.725191,2.755725,-0.381679,1.045439,3.894402,7067,12388,5320,7067,1,71.429,18,normal
1780604663.418178,0.9848345999926096,223010,0.064697,0.014893,1.051758,1.29771,2.305344,-0.541985,1.053851,2.700446,7071,12393,5321,7071,0,71.429,5,normal
1780604663.4494445,1.0161010999872815,223041,0.029297,-0.041016,1.051514,0.053435,2.343511,-1.244275,1.052721,2.653888,7072,12395,5322,7072,0,71.713,5,normal
1780604663.4805267,1.047183299990138,223072,0.039795,-0.023682,1.043457,3.900763,4.0229,-0.320611,1.044484,5.612706,7074,12398,5323,7074,1,71.713,17,normal
1780604663.5113065,1.0779631999903359,223104,0.040527,-0.00293,1.032471,0.076336,2.290076,-0.946565,1.03327,2.479165,7077,12403,5325,7077,0,71.713,5,normal
1780604663.542986,1.1096424999996088,223135,0.045654,-0.032227,1.061035,1.465649,2.48855,-0.717557,1.062506,2.975886,7080,12407,5326,7080,0,71.713,5,normal
1780604663.574141,1.1407974999892758,223167,0.048096,-0.018311,1.055664,3.167939,2.29771,-0.564886,1.056918,3.954036,7083,12413,5329,7083,0,71.713,5,normal
1780604663.6058176,1.1724740999925416,223198,0.045166,0.017334,1.035889,0.045802,3.267176,-1.08397,1.037018,3.442604,7084,12415,5330,7084,0,71.713,5,normal
1780604663.636772,1.2034283999964828,223229,0.039062,-0.0625,1.064209,2.206107,2.076336,-0.053435,1.066758,3.030006,7085,12418,5332,7085,1,71.713,18,normal
1780604663.6680067,1.2346632999979192,223260,0.027344,-0.025391,1.04541,2.572519,2.259542,-0.465649,1.046076,3.455461,7088,12423,5334,7088,0,71.713,5,normal
1780604663.6980097,1.2646663999912562,223291,0.04834,0.005371,1.052978,0.022901,2.465649,-0.748092,1.054101,2.57674,7090,12427,5336,7090,0,72.0,6,normal
1780604663.7304237,1.2970802999916486,223322,0.039307,-0.06665,1.047607,2.534351,2.236641,-0.885496,1.050461,3.494224,7091,12430,5338,7091,1,72.0,18,normal
1780604663.7607048,1.327361399991787,223353,0.031738,-0.021484,1.059814,1.862595,2.374046,-0.541985,1.060507,3.065796,7095,12435,5339,7095,0,72.0,0,normal
1780604663.7924175,1.3590740999934496,223384,0.017578,-0.022217,1.05249,-0.152672,2.625954,-1.068702,1.052871,2.839202,7096,12437,5340,7096,0,72.0,5,normal
1780604663.8234513,1.3901077999908011,223415,0.058838,-0.061523,1.031738,2.587786,3.557252,-0.557252,1.035244,4.434096,7098,12442,5343,7098,1,72.0,3,normal
1780604663.855884,1.4225406999903498,223446,0.052734,0.021973,1.042969,1.59542,2.801527,-0.137405,1.044532,3.226886,7100,12445,5344,7100,0,72.0,5,normal
1780604663.8860476,1.452704099996481,223478,0.041748,-0.040283,1.073242,0.625954,2.198473,-1.145038,1.074809,2.556602,7101,12447,5345,7101,0,72.0,5,normal
1780604663.9174857,1.4841423999896506,223509,0.043213,-0.019775,1.057129,3.496183,4.076336,-0.114504,1.058197,5.371492,7103,12450,5346,7103,1,72.0,16,normal
1780604663.9483485,1.5150051999953575,223540,0.040527,-0.00415,1.036377,0.045802,2.78626,-0.89313,1.037177,2.926264,7107,12455,5347,7107,0,72.0,5,normal
1780604663.979646,1.5463025999924866,223570,0.040039,-0.047607,1.060303,0.427481,2.78626,-0.984733,1.062126,2.985914,7111,12461,5349,7111,0,75.269,0,normal
1780604664.010868,1.5775245999975596,223602,0.049561,-0.029785,1.05249,3.10687,3.709924,-0.335878,1.054077,4.850669,7114,12465,5350,7114,0,75.269,5,normal
1780604664.0431173,1.6097737999953097,223634,0.029297,0.024902,1.045898,0.167939,3.198473,-0.885496,1.046605,3.323032,7117,12469,5351,7117,0,75.269,5,normal
1780604664.0748186,1.64147519999824,223666,0.026123,-0.064453,1.052978,2.236641,2.152672,-0.160305,1.055273,3.108417,7118,12472,5353,7118,1,75.269,18,normal
1780604664.1062555,1.672912099995301,223698,0.068359,-0.003662,1.049316,1.305344,3.10687,-0.030534,1.051547,3.370088,7120,12475,5354,7120,0,75.269,5,normal
1780604664.1380713,1.7047278999962145,223729,0.0354,-0.034668,1.049805,0.427481,2.312977,-1.015267,1.050973,2.561908,7122,12479,5356,7122,0,75.269,5,normal
1780604664.1692026,1.735859199994593,223761,0.04834,-0.021484,1.044189,3.687023,3.412214,-0.229008,1.045528,5.028895,7125,12484,5358,7125,1,75.269,18,normal
1780604664.2007887,1.7674453999934485,223792,0.059814,0.010254,1.038574,0.412214,2.870229,-0.503817,1.040346,2.943122,7129,12489,5359,7129,0,75.269,5,normal
1780604664.2309055,1.7975621999939904,223823,0.032227,-0.052002,1.069336,0.793893,2.442748,-1.022901,1.071084,2.764708,7131,12493,5361,7131,0,79.051,1,normal
1780604664.2616446,1.8283010999875842,223854,0.042725,-0.015381,1.046387,3.961832,3.40458,-0.152672,1.047372,5.225953,7133,12496,5362,7133,1,79.051,16,normal
1780604664.2935617,1.8602181999885943,223885,0.038574,0.00415,1.033203,-0.137405,2.885496,-0.931298,1.033931,3.035174,7136,12501,5364,7136,0,79.051,5,normal
1780604664.3244505,1.8911069999885513,223916,0.032227,-0.033203,1.060303,1.549618,2.603053,-0.900763,1.061312,3.160471,7137,12503,5365,7137,0,79.051,5,normal
1780604664.3564138,1.923070499993628,223948,0.041504,-0.019775,1.050537,2.961832,3.251908,-0.40458,1.051542,4.41713,7140,12507,5366,7140,0,79.051,5,normal
1780604664.3872623,1.9539188999915496,223979,0.025391,0.011963,1.039062,0.358779,2.717557,-0.900763,1.039442,2.885344,7142,12511,5368,7142,0,79.051,0,normal
1780604664.418293,1.9849494999944,224010,0.050293,-0.034668,1.055908,2.366412,2.625954,-0.312977,1.057674,3.548732,7144,12516,5371,7144,1,79.051,3,normal
1780604664.4489284,2.0155850000010105,224041,0.016602,-0.022705,1.054932,2.381679,2.816794,-0.412214,1.055306,3.71169,7147,12521,5373,7147,0,79.051,5,normal
1780604664.4809792,2.047635700000683,224072,0.058105,-0.004883,1.064697,0.343511,2.78626,-1.099237,1.066293,3.01489,7148,12523,5374,7148,0,79.051,5,normal
1780604664.5112872,2.0779436999873724,224103,0.040283,-0.070068,1.045898,2.053435,3.244275,-0.167939,1.049017,3.843191,7149,12526,5376,7149,1,64.286,18,normal
1780604664.5426612,2.109317700000247,224135,0.034424,-0.009277,1.062256,1.221374,3.091603,0.229008,1.062854,3.331998,7151,12529,5377,7151,0,64.286,5,normal
1780604664.5803938,2.147050399988075,224172,0.018799,-0.02124,1.06665,0.175573,2.122137,-1.08397,1.067027,2.38941,7152,12534,5381,7152,1,64.286,1,normal
1780604664.6232507,2.1899071999941953,224204,0.04248,-0.018311,1.053467,1.343511,2.854962,-0.21374,1.054482,3.162517,7155,12539,5383,7155,0,64.286,5,normal
1780604664.6431315,2.209788199994364,224235,0.023438,-0.025635,1.054932,0.305344,2.068702,-1.0,1.055503,2.317922,7157,12543,5385,7157,0,64.286,0,normal
1780604664.67475,2.241406699991785,224266,0.047119,-0.055176,1.04126,3.610687,3.267176,-0.366412,1.043785,4.883212,7158,12546,5387,7158,1,64.286,18,normal
1780604664.7046778,2.271334499993827,224297,0.057129,0.019531,1.043701,1.221374,3.290076,-0.274809,1.045446,3.52021,7160,12549,5388,7160,0,64.286,5,normal
1780604664.7370143,2.3036710000014864,224328,0.036865,-0.044922,1.063232,0.396947,2.229008,-1.274809,1.064819,2.598303,7161,12552,5390,7161,1,64.286,14,normal
1780604664.76865,2.3353066999989096,224360,0.037598,-0.02002,1.050293,3.748092,4.053436,-0.114504,1.051156,5.521924,7165,12557,5391,7165,0,62.257,5,normal
1780604664.8003,2.366956499987282,224392,0.043213,-0.019531,1.04126,-0.045802,2.503817,-0.984733,1.042339,2.690891,7166,12559,5392,7166,0,62.257,5,normal
1780604664.8311815,2.3978379999898607,224423,0.055176,-0.039795,1.059814,2.183206,2.167939,-0.290076,1.061996,3.090387,7167,12561,5393,7167,0,62.257,4,normal
1780604664.8622692,2.428925699990941,224454,0.037842,-0.021729,1.052978,3.007634,3.022901,-0.122137,1.053882,4.265994,7172,12567,5394,7172,0,62.257,5,normal
1780604664.893463,2.4601196000003256,224485,0.032715,0.027344,1.052734,0.045802,3.267176,-1.068702,1.053597,3.437828,7173,12569,5395,7173,0,62.257,5,normal
1780604664.9248338,2.4914902999880724,224516,0.037598,-0.030762,1.053955,2.206107,2.80916,-0.030534,1.055074,3.572005,7174,12574,5399,7174,1,62.257,18,normal
1780604664.9550123,2.52166899999429,224547,0.01709,-0.019043,1.055664,2.022901,2.854962,-0.519084,1.055974,3.537285,7176,12577,5400,7176,0,62.257,5,normal
1780604664.9855886,2.552245099999709,224578,0.050293,-0.003906,1.059814,-0.068702,2.908397,-1.08397,1.061014,3.10459,7177,12579,5401,7177,0,62.257,5,normal
1780604665.0180037,2.5846602999954484,224609,0.044434,-0.070068,1.05249,2.641221,2.389313,-0.442748,1.055755,3.588996,7178,12582,5403,7178,1,62.257,18,normal
1780604665.0487118,2.6153683999873465,224640,0.041748,-0.02124,1.065186,1.923664,2.114504,-0.167939,1.066215,2.863532,7181,12587,5405,7181,0,57.143,6,normal
1780604665.07834,2.6449966999934986,224671,0.052002,-0.003662,1.057861,-0.145038,2.839695,-1.167939,1.059145,3.07392,7183,12591,5407,7183,0,57.143,5,normal
1780604665.109176,2.6758323999965796,224701,0.031006,-0.078613,1.036133,1.954198,3.229008,-0.290076,1.039573,3.785436,7185,12596,5410,7185,1,57.143,15,normal
1780604665.140349,2.707005599993863,224733,0.034668,-0.021729,1.058594,2.0,2.564885,-0.274809,1.059384,3.264071,7194,12606,5411,7194,0,57.143,0,normal
1780604665.1712902,2.7379466999991564,224763,0.046143,-0.023438,1.058106,-0.251908,2.229008,-1.328244,1.05937,2.606946,7195,12608,5412,7195,0,57.143,5,normal
1780604665.20285,2.7695066000014776,224794,0.050537,-0.071777,1.051758,2.396947,2.725191,-0.641221,1.055415,3.685537,7197,12613,5415,7197,1,57.143,3,normal
1780604665.2330077,2.79966429999331,224825,0.05249,-0.004883,1.045166,1.839695,2.030534,-0.312977,1.046495,2.757807,7199,12616,5416,7199,0,57.143,5,normal
1780604665.2639537,2.8306102999922587,224855,0.026123,-0.013428,1.058838,-0.145038,2.770992,-1.198473,1.059245,3.022544,7200,12618,5417,7200,0,57.143,5,normal
1780604665.2936163,2.860272999998415,224886,0.043457,-0.072754,1.045898,2.59542,3.167939,-0.366412,1.049326,4.111727,7201,12621,5419,7201,1,57.143,18,normal
1780604665.3249722,2.891628799989121,224917,0.044922,0.0,1.050293,1.610687,3.450382,-0.045802,1.051253,3.80809,7205,12626,5420,7205,0,86.643,5,normal
1780604665.3558538,2.9225102999917,224948,0.026367,-0.036621,1.056885,0.175573,2.068702,-1.221374,1.057848,2.408757,7208,12630,5421,7208,0,86.643,5,normal
1780604665.3859818,2.9526384999917354,224979,0.056152,-0.02832,1.042236,3.70229,3.442748,-0.290076,1.044132,5.063952,7211,12635,5423,7211,1,86.643,17,normal
1780604665.4172354,2.9838919999892823,225009,0.029053,-0.011475,1.05835,1.10687,2.687023,-0.473282,1.05881,2.944359,7215,12640,5424,7215,0,86.643,5,normal
1780604665.4475677,3.0142242000001715,225040,0.032227,-0.031494,1.050049,0.137405,2.19084,-1.0,1.051015,2.41219,7216,12642,5425,7216,0,86.643,5,normal
1780604665.4764757,3.0431322999938857,225070,0.055176,-0.049072,1.043701,2.78626,2.374046,-0.564886,1.04631,3.70384,7217,12645,5427,7217,1,86.643,18,normal
1780604665.5089045,3.0755609999905573,225100,0.023926,-0.018066,1.061035,1.412214,2.839695,-0.648855,1.061459,3.237164,7220,12650,5429,7220,0,86.643,5,normal
1780604665.5391035,3.105759999991278,225131,0.02417,-0.007324,1.064697,0.099237,2.450382,-0.801527,1.064997,2.580051,7222,12654,5431,7222,0,86.643,5,normal
1780604665.5705693,3.137225899990881,225162,0.052002,-0.072754,1.040039,2.770992,3.152672,-0.328244,1.043877,4.210164,7224,12659,5434,7224,1,86.643,14,normal
1780604665.6009388,3.167595499995514,225193,0.046631,-0.014893,1.062988,1.51145,2.778626,-0.366412,1.064115,3.184258,7228,12664,5435,7228,0,83.333,0,normal
1780604665.6322277,3.1988841999991564,225224,0.038574,-0.037354,1.055664,0.053435,2.633588,-1.114504,1.057029,2.860203,7229,12666,5436,7229,0,83.333,5,normal
1780604665.6623175,3.2289741999993566,225255,0.056152,-0.027832,1.041504,3.847328,3.412214,0.076336,1.043388,5.14305,7232,12671,5438,7232,1,83.333,3,normal
1780604665.6936154,3.2602719999995315,225286,0.066406,0.000732,1.042236,0.610687,2.770992,-0.40458,1.04435,2.866186,7234,12674,5439,7234,0,83.333,5,normal
1780604665.7247858,3.291442299989285,225317,0.026123,-0.039551,1.057129,0.458015,2.717557,-1.129771,1.058191,2.978469,7235,12676,5440,7235,0,83.333,5,normal
1780604665.7563913,3.323047799989581,225348,0.041504,-0.018555,1.041504,3.717557,3.862595,-0.022901,1.042496,5.361007,7237,12679,5441,7237,1,83.333,16,normal
1780604665.787187,3.353843799995957,225379,0.036133,-0.002197,1.030518,0.274809,2.358779,-0.78626,1.031153,2.501512,7241,12684,5442,7241,0,83.333,5,normal
1780604665.8187957,3.3854521999892313,225410,0.041504,-0.044922,1.060059,1.221374,2.473282,-1.21374,1.061821,3.013643,7245,12690,5444,7245,0,83.333,0,normal
1780604665.84983,3.416486599991913,225441,0.041992,-0.03125,1.052002,3.251908,3.473282,-0.51145,1.053303,4.785413,7248,12694,5445,7248,0,83.333,6,normal
1780604665.8803916,3.4470480999880238,225472,0.052979,-0.023926,1.038086,-0.160305,2.541985,-1.08397,1.039712,2.768099,7251,12698,5446,7251,0,82.437,5,normal
1780604665.9118686,3.478525200000149,225503,0.05127,-0.020996,1.072266,1.045802,2.969466,-0.885496,1.073696,3.270402,7252,12700,5447,7252,0,82.437,4,normal
1780604665.9421942,3.5088507999898866,225534,0.049805,-0.033203,1.049316,3.175573,3.206107,-0.305344,1.051022,4.5229,7255,12704,5448,7255,0,82.437,6,normal
1780604665.9734514,3.5401079000002937,225565,0.02124,-0.012939,1.037109,0.40458,2.320611,-1.061069,1.037408,2.583561,7257,12708,5450,7257,0,82.437,5,normal
1780604666.0038795,3.570536200000788,225596,0.045654,-0.03418,1.055908,2.137405,2.824427,-0.114504,1.057447,3.543868,7258,12712,5453,7258,0,82.437,3,normal
1780604666.0348196,3.6014761999977054,225627,0.035156,-0.018555,1.056152,2.916031,2.740458,-0.450382,1.0569,4.026933,7263,12718,5454,7263,0,82.437,5,normal
1780604666.0662122,3.6328687999921385,225658,0.053955,0.019531,1.046875,-0.167939,2.824427,-0.877863,1.048446,2.962471,7265,12722,5456,7265,0,82.437,0,normal
1780604666.0985167,3.665173399989726,225689,0.056152,-0.036133,1.067871,2.175573,2.633588,-0.099237,1.069957,3.417418,7266,12725,5458,7266,1,82.437,18,normal
1780604666.128708,3.6953643999877386,225721,0.024414,-0.019043,1.060059,1.755725,2.694656,-0.328244,1.060511,3.232876,7269,12730,5460,7269,0,82.437,6,normal
1780604666.1599922,3.7266487999877427,225752,0.024902,-0.014893,1.062256,0.038168,2.763359,-1.145038,1.062652,2.991441,7270,12732,5461,7270,0,67.857,4,normal
1780604666.1909795,3.7576360999955796,225783,0.064209,-0.068604,1.048828,2.526718,3.137405,-0.59542,1.053029,4.072117,7271,12735,5463,7271,1,67.857,17,normal
1780604666.222452,3.7891085999872303,225814,0.052246,-0.01416,1.06665,1.564886,3.015267,-0.282443,1.068023,3.408882,7273,12738,5464,7273,0,67.857,5,normal
1780604666.2535691,3.8202255999931367,225845,0.031982,-0.032227,1.061035,0.282443,1.740458,-0.549618,1.062006,1.846902,7274,12740,5465,7274,0,67.857,5,normal
1780604666.2841997,3.85085619999154,225876,0.05249,-0.026367,1.046387,3.419847,3.503817,-0.450382,1.048034,4.916801,7279,12747,5467,7279,1,67.857,4,normal
1780604666.3149157,3.881572199999937,225907,0.039307,0.006348,1.052734,1.267176,2.274809,-0.343511,1.053487,2.626498,7282,12752,5469,7282,0,67.857,0,normal
1780604666.3467016,3.9133582999929786,225938,0.051758,-0.056152,1.064941,0.564886,2.725191,-1.229008,1.067676,3.042404,7283,12754,5470,7283,0,67.857,5,normal
1780604666.376471,3.943127699996694,225969,0.046631,-0.019043,1.051025,3.610687,3.29771,-0.145038,1.052232,4.892136,7285,12757,5471,7285,1,67.857,17,normal
1780604666.4072955,3.9739520000002813,226000,0.053223,0.005859,1.033203,0.419847,2.519084,-0.938931,1.03459,2.720964,7287,12760,5472,7287,0,67.857,5,normal
1780604666.4384327,4.005089300000691,226031,0.050293,-0.048584,1.061768,0.801527,2.465649,-1.0,1.064068,2.778825,7290,12764,5473,7290,0,71.685,5,normal
1780604666.4704,4.037056599991047,226062,0.048584,-0.029297,1.054932,3.343511,4.045802,-0.396947,1.056456,5.263568,7293,12768,5474,7293,0,71.685,5,normal
1780604666.5011578,4.067814299996826,226093,0.057617,-0.018799,1.0354,0.045802,2.717557,-1.198473,1.037173,2.970446,7294,12770,5475,7294,0,71.685,5,normal
1780604666.5318117,4.098468299998785,226124,0.032227,-0.019775,1.067383,1.557252,2.442748,-1.015267,1.068052,3.069661,7296,12774,5477,7296,0,71.685,1,normal
1780604666.5619173,4.128573800000595,226155,0.053223,-0.03125,1.052246,3.40458,3.351145,-0.221374,1.054055,4.782295,7300,12780,5479,7300,0,71.685,5,normal
1780604666.593709,4.160365499992622,226185,0.058838,-0.010742,1.032227,0.129771,3.030534,-0.78626,1.033958,3.133558,7302,12784,5481,7302,0,71.685,5,normal
1780604666.6251912,4.191847800000687,226216,0.051514,-0.031006,1.062012,1.328244,3.122137,-0.89313,1.063712,3.508512,7303,12786,5482,7303,0,71.685,5,normal
1780604666.6561685,4.222824999989825,226248,0.04834,-0.015137,1.048584,2.916031,3.122137,-0.549618,1.049807,4.307326,7306,12790,5483,7306,0,71.685,5,normal
1780604666.7048242,4.27148079998733,226279,0.04541,0.014404,1.046387,-0.114504,3.557252,-1.022901,1.047471,3.703171,7307,12792,5484,7307,0,71.685,5,normal
1780604666.719021,4.285677599997143,226311,0.038574,-0.061523,1.052002,2.366412,2.290076,-0.10687,1.054505,3.29481,7309,12797,5487,7309,1,67.857,3,normal
1780604666.7510867,4.317743299994618,226342,0.023682,-0.027344,1.050293,1.854962,2.793893,-0.381679,1.050916,3.375263,7312,12802,5489,7312,0,67.857,5,normal
1780604666.780931,4.3475876999873435,226373,0.04126,-0.013184,1.062256,0.038168,3.030534,-1.419847,1.063139,3.346874,7314,12806,5491,7314,0,67.857,1,normal
1780604666.8134272,4.3800836999871535,226404,0.062012,-0.074951,1.052246,2.10687,3.396947,-0.473282,1.056733,4.025189,7315,12809,5493,7315,1,67.857,18,normal
1780604666.8434167,4.41007329999411,226435,0.045898,-0.007324,1.046631,1.312977,2.412214,-0.183206,1.047662,2.752499,7319,12814,5494,7319,0,67.857,5,normal
1780604666.87482,4.44147669999802,226466,0.0354,-0.026611,1.058838,0.061069,2.114504,-0.839695,1.059764,2.275949,7320,12816,5495,7320,0,67.857,5,normal
1780604666.906237,4.47289340000134,226498,0.049805,-0.007813,1.041504,3.625954,3.236641,-0.473282,1.042723,4.883378,7323,12821,5497,7323,1,67.857,0,normal
1780604666.9368541,4.503510700000334,226529,0.077881,0.013672,1.050049,0.473282,2.618321,-0.519084,1.053022,2.710913,7325,12824,5498,7325,0,67.857,5,normal
1780604666.968656,4.53531269999803,226560,0.056152,-0.049805,1.070312,0.679389,2.648855,-0.923664,1.072941,2.886374,7326,12826,5499,7326,0,67.857,5,normal
1780604667.000316,4.566972399989027,226592,0.057373,-0.036621,1.051025,3.580153,3.496183,-0.557252,1.053227,5.03501,7330,12832,5501,7330,0,74.733,5,normal
1780604667.0320973,4.598753999991459,226624,0.033691,0.02417,1.034912,0.099237,2.908397,-1.022901,1.035742,3.08463,7332,12836,5503,7332,0,74.733,5,normal
1780604667.0641456,4.630802200001199,226655,0.051758,-0.038574,1.059814,2.328244,2.114504,-0.259542,1.061778,3.155822,7333,12841,5507,7333,1,74.733,18,normal
1780604667.095435,4.66209159999562,226687,0.044434,-0.020996,1.065918,1.969466,2.793893,-0.557252,1.06705,3.463404,7337,12846,5508,7337,0,74.733,5,normal
1780604667.1282475,4.694904099989799,226719,0.04126,-0.031494,1.05542,-0.114504,2.251908,-1.068702,1.056695,2.495261,7338,12848,5509,7338,0,74.733,5,normal
1780604667.158655,4.725311599991983,226750,0.043945,-0.037598,1.058838,3.305344,2.763359,-0.312977,1.060416,4.319653,7339,12851,5511,7339,1,74.733,18,normal
1780604667.1888723,4.755528999987291,226781,0.029297,0.005859,1.043213,1.557252,3.030534,-0.145038,1.043641,3.410309,7342,12856,5513,7342,0,74.733,5,normal
1780604667.2198238,4.786480399998254,226812,0.017578,-0.026855,1.054932,0.145038,2.198473,-1.068702,1.05542,2.448764,7345,12860,5514,7345,0,74.733,5,normal
1780604667.2517588,4.818415299989283,226843,0.030029,-0.010742,1.044189,3.335878,3.465649,-0.564886,1.044676,4.843336,7348,12865,5516,7348,1,71.713,14,normal
1780604667.2814846,4.8481412999972235,226874,0.056885,0.004395,1.041504,0.694656,2.824427,-0.732824,1.043065,2.999495,7351,12870,5518,7351,0,71.713,1,normal
1780604667.3131692,4.879825799987884,226905,0.048096,-0.063965,1.06665,0.938931,2.183206,-0.984733,1.069648,2.572485,7352,12872,5519,7352,0,71.713,5,normal
1780604667.344715,4.911371700000018,226936,0.04248,-0.021729,1.043701,3.770992,4.229008,-0.206107,1.044791,5.669865,7355,12877,5521,7355,1,71.713,3,normal
1780604667.3754742,4.942130799987353,226967,0.049316,-0.014648,1.035644,0.244275,2.366412,-1.152672,1.036922,2.643526,7357,12880,5522,7357,0,71.713,5,normal
1780604667.4062672,4.97292379999999,226998,0.053711,-0.032715,1.060791,1.129771,2.793893,-1.10687,1.062654,3.210511,7358,12882,5523,7358,0,71.713,5,normal
1780604667.4373498,5.0040062999905786,227029,0.053223,-0.025391,1.057861,3.267176,3.961832,-0.312977,1.059504,5.144755,7361,12886,5524,7361,0,71.713,5,normal
1780604667.468834,5.035490499998559,227061,0.055908,0.000488,1.031982,0.061069,2.847328,-0.748092,1.033496,2.944596,7362,12888,5525,7362,0,71.713,5,normal
1780604667.5004144,5.067070999997668,227092,0.041016,-0.033691,1.056885,2.335878,2.885496,-0.358779,1.058217,3.729764,7364,12894,5529,7364,0,71.713,1,normal
1780604667.531501,5.0981575999903725,227123,0.029053,-0.023926,1.057129,2.725191,2.694656,-0.374046,1.057799,3.850682,7367,12898,5530,7367,0,67.857,5,normal
1780604667.5624897,5.129146399995079,227154,0.03833,0.015137,1.049316,-0.175573,3.435115,-0.740458,1.050125,3.518397,7370,12902,5531,7370,0,67.857,5,normal
1780604667.5945435,5.16119999998773,227186,0.036377,-0.077148,1.048096,2.396947,3.763359,-0.396947,1.05156,4.479485,7371,12905,5533,7371,1,67.857,19,normal
1780604667.6259935,5.192649999997229,227218,0.048828,0.012207,1.056396,1.236641,2.412214,-0.122137,1.057595,2.71348,7373,12908,5534,7373,0,67.857,5,normal
1780604667.6572075,5.223863999999594,227249,0.043457,-0.035889,1.068604,0.282443,2.549618,-1.091603,1.070089,2.787817,7376,12912,5535,7376,0,67.857,5,normal
1780604667.6883073,5.254963899991708,227280,0.04248,-0.001709,1.040283,3.854962,3.160305,-0.229008,1.041152,4.990061,7380,12917,5536,7380,1,67.857,17,normal
1780604667.7190342,5.28569069999503,227311,0.046875,0.019775,1.050781,0.580153,2.778626,-0.435114,1.052012,2.8717,7382,12920,5537,7382,0,67.857,5,normal
1780604667.7504332,5.317089899996063,227342,0.040771,-0.050537,1.060547,0.603053,2.251908,-0.984733,1.062533,2.530704,7384,12924,5539,7384,0,67.857,1,normal
1780604667.7826805,5.349336999992374,227374,0.069092,-0.033203,1.054932,2.954198,4.015268,-0.137405,1.057713,4.986836,7387,12928,5540,7387,0,79.681,5,normal
1780604667.814621,5.381277499996941,227406,0.070801,0.010986,1.039795,0.435114,2.931298,-1.076336,1.04226,3.152829,7389,12932,5542,7389,0,79.681,5,normal
1780604667.8450873,5.411743899996509,227437,0.054443,-0.037598,1.051514,1.961832,2.992366,-0.564886,1.053593,3.622449,7390,12934,5543,7390,0,79.681,4,normal
1780604667.8757317,5.44238839999889,227468,0.043945,-0.027832,1.056152,2.519084,2.70229,-0.10687,1.057432,3.695886,7393,12938,5544,7393,0,79.681,5,normal
1780604667.9078677,5.474524299992481,227499,0.055908,0.006104,1.065186,-0.221374,3.656489,-0.816794,1.066669,3.753141,7394,12940,5545,7394,0,79.681,5,normal
1780604667.9377222,5.504378799989354,227530,0.026367,-0.060791,1.041748,1.847328,2.366412,-0.007634,1.043853,3.002097,7396,12945,5548,7396,1,79.681,3,normal
1780604667.9695847,5.536241199995857,227561,0.01001,-0.023438,1.046143,2.419847,2.648855,-0.21374,1.046453,3.594131,7399,12950,5550,7399,0,79.681,5,normal
1780604667.9994621,5.566118599992478,227592,0.054199,-0.003662,1.048828,0.053435,2.770992,-1.206107,1.050234,3.022573,7401,12954,5552,7401,0,79.681,0,normal
1780604668.031682,5.598338600000716,227623,0.041748,-0.077393,1.044922,2.259542,3.801527,-0.259542,1.048615,4.429954,7402,12957,5554,7402,1,79.681,19,normal
1780604668.063099,5.629755399990245,227655,0.037842,-0.000977,1.052978,1.80916,2.122137,-0.450382,1.053659,2.824778,7404,12960,5555,7404,0,60.498,5,normal
1780604668.094717,5.661373499999172,227686,0.01123,-0.026367,1.053223,0.435114,2.167939,-0.717557,1.053612,2.324688,7405,12962,5556,7405,0,60.498,5,normal
1780604668.1269472,5.693603799998527,227718,0.062012,-0.02832,1.046875,3.801527,3.442748,-0.137405,1.049092,5.130595,7409,12967,5557,7409,0,60.498,16,normal
1780604668.1581483,5.7248048999899765,227750,0.049561,-0.024902,1.036621,-0.519084,2.877863,-0.946565,1.038104,3.073683,7411,12970,5558,7411,0,60.498,5,normal
1780604668.1886182,5.755274700000882,227781,0.050781,-0.042725,1.059326,1.564886,2.40458,-0.70229,1.061403,2.953656,7412,12972,5559,7412,0,60.498,5,normal
1780604668.2204201,5.78707679999934,227811,0.047363,-0.036133,1.04834,3.343511,3.534351,-0.473282,1.050031,4.888221,7416,12978,5561,7416,0,60.498,5,normal
1780604668.249352,5.816008499998134,227842,0.03418,-0.020508,1.032227,-0.114504,2.51145,-1.221374,1.032996,2.79504,7419,12982,5562,7419,0,60.498,5,normal
1780604668.2805593,5.84721599999466,227872,0.041992,-0.027832,1.063721,1.427481,2.679389,-1.0,1.064913,3.196377,7422,12986,5563,7422,0,60.498,5,normal
1780604668.3114452,5.878101900001639,227903,0.038574,-0.030029,1.04834,3.89313,2.732824,-0.389313,1.049479,4.772458,7426,12992,5565,7426,0,60.498,6,normal
1780604668.3423853,5.909041899998556,227934,0.021729,-0.019531,1.035889,0.129771,2.78626,-1.305344,1.036301,3.079611,7427,12994,5566,7427,0,82.437,5,normal
1780604668.3732662,5.939922699995805,227965,0.036133,-0.031982,1.062012,1.335878,2.732824,-0.816794,1.063107,3.149611,7428,12996,5567,7428,0,82.437,4,normal
1780604668.404915,5.971571699992637,227996,0.071045,-0.031738,1.045654,3.267176,3.793893,-0.48855,1.048545,5.03058,7432,13002,5569,7432,0,82.437,6,normal
1780604668.4354115,6.0020680999878095,228027,0.054688,0.00708,1.04248,0.610687,2.435115,-1.19084,1.043938,2.778636,7434,13006,5571,7434,0,82.437,5,normal
1780604668.466798,6.033454599994002,228058,0.064453,-0.04126,1.051758,2.366412,2.564885,-0.435114,1.054538,3.516798,7436,13010,5573,7436,0,82.437,0,normal
1780604668.49756,6.0642165999888675,228089,0.049805,-0.020752,1.055176,3.129771,2.862595,-0.320611,1.056554,4.253552,7439,13014,5574,7439,0,82.437,5,normal
1780604668.5281863,6.094842899998184,228120,0.038574,0.019287,1.042725,0.076336,3.015267,-0.824427,1.043616,3.126874,7442,13018,5575,7442,0,82.437,5,normal
1780604668.5600448,6.1267013999895426,228151,0.025879,-0.060547,1.052734,2.099237,2.458015,-0.068702,1.054792,3.233164,7444,13023,5578,7444,1,82.437,4,normal
1780604668.5910244,6.1576809999969555,228182,0.020752,-0.023682,1.053467,2.351145,2.251908,-0.748092,1.053937,3.340451,7446,13026,5579,7446,0,82.437,5,normal
1780604668.6217399,6.188396400000784,228213,0.059082,-0.001953,1.057129,0.045802,3.251908,-1.007634,1.05878,3.404751,7447,13028,5580,7447,0,71.685,5,normal
1780604668.6522908,6.218947399989702,228244,0.038086,-0.069824,1.049561,2.145038,2.694656,-0.29771,1.05257,3.457021,7448,13031,5582,7448,1,71.685,18,normal
1780604668.6842506,6.250907199995709,228275,0.035645,-0.015869,1.064453,1.664122,2.374046,-0.312977,1.065168,2.91605,7450,13034,5583,7450,0,71.685,5,normal
1780604668.715244,6.281900599991786,228307,0.008789,-0.031006,1.052734,0.244275,2.099237,-0.770992,1.053228,2.249643,7452,13038,5585,7452,0,71.685,5,normal
1780604668.761672,6.328328699994017,228338,0.0625,-0.041992,1.050293,3.274809,3.0,-0.435114,1.052988,4.462477,7453,13043,5589,7453,1,71.685,18,normal
1780604668.7765276,6.343184299999848,228368,0.024414,-0.015869,1.066406,1.320611,2.679389,-0.030534,1.066804,2.987318,7457,13048,5590,7457,0,71.685,5,normal
1780604668.8076425,6.374299099989003,228399,0.04126,-0.023682,1.05835,-0.114504,2.656489,-0.717557,1.059418,2.754076,7458,13050,5591,7458,0,71.685,5,normal
1780604668.8383617,6.405018399993423,228430,0.047363,-0.026367,1.039551,3.412214,3.290076,-0.312977,1.040963,4.750343,7459,13053,5593,7459,1,71.685,18,normal
1780604668.869665,6.436321399989538,228461,0.060059,0.01001,1.052002,1.541985,2.572519,0.114504,1.053762,3.001447,7462,13058,5595,7462,0,71.685,5,normal
1780604668.900618,6.467274599999655,228492,0.041016,-0.05957,1.063721,0.534351,2.022901,-0.534351,1.066177,2.159442,7463,13060,5596,7463,0,57.348,5,normal
1780604668.9318595,6.498515999992378,228523,0.050049,-0.016357,1.053711,3.587786,3.824427,-0.374046,1.055026,5.25722,7465,13063,5597,7465,1,57.348,17,normal
1780604668.9628947,6.529551200001151,228555,0.023193,-0.015137,1.031738,-0.114504,3.0,-1.061069,1.03211,3.184176,7468,13068,5599,7468,0,57.348,1,normal
1780604668.9936326,6.560289099987131,228585,0.047119,-0.059326,1.075928,0.755725,2.236641,-1.122137,1.078592,2.613977,7471,13072,5600,7471,0,57.348,1,normal
1780604669.0261443,6.592800799990073,228617,0.06543,-0.033203,1.053467,3.480916,2.885496,-0.435114,1.056019,4.542267,7475,13078,5602,7475,0,57.348,5,normal
1780604669.0568087,6.623465299999225,228648,0.049805,-0.001953,1.040527,0.221374,2.236641,-1.320611,1.04172,2.606834,7476,13080,5603,7476,0,57.348,5,normal
1780604669.0885324,6.6551889999973355,228679,0.06543,-0.040283,1.052246,2.625954,2.389313,-0.366412,1.055048,3.569133,7477,13082,5604,7477,0,57.348,5,normal
1780604669.119546,6.686202500000945,228711,0.052002,-0.0271,1.053223,2.366412,2.832061,-0.427481,1.054854,3.715268,7480,13086,5605,7480,0,57.348,5,normal
1780604669.149588,6.716244600000209,228742,0.056885,0.000244,1.051514,0.038168,2.938931,-0.625954,1.053051,3.005094,7481,13088,5606,7481,0,72.0,5,normal
1780604669.1815,6.748156499990728,228773,0.021484,-0.060303,1.055664,2.381679,3.068702,-0.351145,1.057603,3.900337,7483,13095,5611,7483,1,72.0,3,normal
1780604669.2128675,6.779524099998525,228804,0.04248,-0.028564,1.061768,1.419847,2.664122,-0.40458,1.063001,3.045849,7486,13100,5613,7486,0,72.0,1,normal
1780604669.2436337,6.8102903999970295,228835,0.047363,-0.016113,1.063477,0.465649,2.633588,-1.290076,1.064653,2.969328,7487,13102,5614,7487,0,72.0,5,normal
1780604669.2745273,6.841183799988357,228866,0.05542,-0.071533,1.042725,2.740458,2.687023,-0.167939,1.046644,3.841667,7489,13107,5617,7489,1,72.0,15,normal
1780604669.3047602,6.87141690000135,228897,0.023926,-0.013672,1.058838,1.519084,1.923664,-0.282443,1.059196,2.467362,7491,13110,5618,7491,0,72.0,5,normal
1780604669.3365493,6.90320589998737,228928,0.007568,-0.034424,1.052246,0.274809,2.007634,-0.78626,1.052836,2.17355,7493,13114,5620,7493,0,72.0,5,normal
1780604669.3672874,6.933944099990185,228959,0.045166,-0.027588,1.048828,3.427481,3.122137,-0.366412,1.050163,4.650766,7494,13117,5622,7494,1,72.0,18,normal
1780604669.3981824,6.9648388999921735,228990,0.062744,0.01123,1.049805,1.076336,2.709924,-0.221374,1.051738,2.924242,7496,13120,5623,7496,0,72.0,5,normal
1780604669.4286,6.995256599999266,229021,0.014893,-0.043213,1.0625,0.320611,2.412214,-1.099237,1.063483,2.670185,7498,13124,5625,7498,0,60.932,1,normal
1780604669.461105,7.027761599994847,229052,0.058838,-0.021484,1.05127,3.694656,3.801527,-0.251908,1.053134,5.307122,7501,13129,5627,7501,1,60.932,4,normal
1780604669.4909658,7.057622499996796,229083,0.059814,0.001465,1.040283,0.343511,2.824427,-0.251908,1.042002,2.85637,7504,13134,5629,7504,0,60.932,5,normal
1780604669.522374,7.089030399991316,229114,0.041748,-0.044189,1.061768,0.916031,2.358779,-1.015267,1.063506,2.726484,7506,13138,5631,7506,0,60.932,1,normal
1780604669.5541418,7.120798399992054,229145,0.035889,-0.016846,1.049805,3.687023,3.137405,-0.305344,1.050553,4.850844,7509,13142,5632,7509,0,60.932,5,normal
1780604669.585921,7.152577699991525,229177,0.060791,-0.005859,1.031738,0.343511,2.381679,-1.198473,1.033544,2.688259,7510,13144,5633,7510,0,60.932,5,normal
1780604669.6166663,7.183322799988673,229208,0.057617,-0.037598,1.063721,2.648855,2.244275,-0.274809,1.065943,3.482632,7512,13148,5635,7512,0,60.932,0,normal
1780604669.648613,7.215269599997555,229240,0.031006,-0.022949,1.056152,2.160305,2.381679,-0.572519,1.056856,3.266052,7516,13154,5637,7516,0,60.932,5,normal
1780604669.6790812,7.245737899997039,229271,0.050781,0.000488,1.056885,0.442748,3.282443,-1.022901,1.058104,3.466523,7518,13158,5639,7518,0,80.0,0,normal
1780604669.7108505,7.277507099992363,229302,0.047363,-0.069336,1.047607,2.244275,3.183206,-0.328244,1.050967,3.90862,7519,13161,5641,7519,1,80.0,18,normal
1780604669.7404666,7.307123099992168,229333,0.026123,-0.006836,1.0625,1.671756,2.656489,-0.854962,1.062843,3.2531,7523,13166,5642,7523,0,80.0,5,normal
1780604669.7700276,7.336684299996705,229362,0.042725,0.017578,1.055176,0.091603,2.755725,-1.015267,1.056187,2.938227,7524,13168,5643,7524,0,80.0,5,normal
1780604669.801757,7.368413599993801,229393,0.036621,-0.040527,1.068359,2.633588,2.267176,0.015267,1.069755,3.475069,7525,13173,5647,7525,1,80.0,18,normal
1780604669.8326352,7.399291699999594,229424,0.02417,-0.012207,1.046875,1.801527,2.045802,-0.671756,1.047225,2.8075,7527,13176,5648,7527,0,80.0,5,normal
1780604669.8622508,7.428907499997877,229455,0.044434,-0.006836,1.053955,0.167939,2.70229,-1.099237,1.054913,2.922139,7528,13178,5649,7528,0,80.0,5,normal
1780604669.894858,7.461514399998123,229485,0.038574,-0.054199,1.045166,2.129771,2.328244,-0.160305,1.047281,3.159485,7530,13183,5652,7530,1,80.0,15,normal
1780604669.924904,7.491560599999502,229516,0.026611,-0.015137,1.053955,2.10687,2.496183,-0.412214,1.0544,3.292378,7533,13188,5654,7533,0,80.0,5,normal
1780604669.955559,7.522215699995286,229547,0.037842,0.002441,1.063721,0.320611,2.78626,-0.854962,1.064396,2.932063,7535,13192,5656,7535,0,61.594,5,normal
1780604669.9863067,7.552963199996157,229578,0.02417,-0.062988,1.05127,2.740458,2.145038,-0.328244,1.053432,3.495575,7537,13197,5659,7537,1,61.594,14,normal
1780604670.018723,7.585379699987243,229609,0.02124,-0.019287,1.057861,1.641221,2.801527,-0.770992,1.05825,3.337153,7539,13200,5660,7539,0,61.594,5,normal
1780604670.0481217,7.614778299990576,229640,0.041016,-0.01001,1.056641,0.40458,2.450382,-1.038168,1.057484,2.691811,7540,13202,5661,7540,0,61.594,5,normal
1780604670.0795212,7.646177699993132,229671,0.059814,-0.068115,1.048584,2.770992,2.885496,-0.717557,1.052495,4.064404,7542,13207,5664,7542,1,61.594,4,normal
1780604670.1109889,7.67764549999265,229702,0.049561,-0.016602,1.057861,1.526718,2.305344,-0.259542,1.059152,2.7772,7545,13212,5666,7545,0,61.594,5,normal
1780604670.1406927,7.707349199990858,229733,0.033936,-0.040771,1.053955,0.274809,2.40458,-1.114504,1.055289,2.664516,7547,13216,5668,7547,0,61.594,0,normal
1780604670.178595,7.745251699991059,229770,0.053223,-0.022705,1.039795,3.610687,3.557252,-0.389313,1.041404,5.083568,7550,13222,5671,7550,0,61.594,1,normal
1780604670.2093039,7.775960499988287,229801,0.057373,-0.018799,1.06958,-0.076336,2.312977,-1.366412,1.071283,2.687522,7551,13224,5672,7551,0,62.992,5,normal
1780604670.2411506,7.807807299992419,229832,0.051758,-0.068604,1.043701,3.030534,2.725191,-0.618321,1.047233,4.122272,7553,13229,5675,7553,1,62.992,4,normal
1780604670.2714674,7.838124099987908,229863,0.061279,-0.013428,1.049316,1.320611,2.732824,-0.251908,1.05119,3.04562,7555,13232,5676,7555,0,62.992,5,normal
1780604670.3029177,7.869574399999692,229894,0.025635,-0.037598,1.055176,0.251908,2.396947,-0.755725,1.056156,2.525853,7556,13234,5677,7556,0,62.992,5,normal
1780604670.3336158,7.900272399987443,229925,0.043213,-0.024414,1.044434,3.70229,3.679389,-0.351145,1.045612,5.231458,7558,13237,5678,7558,1,62.992,18,normal
1780604670.364449,7.931105700001353,229956,0.038818,0.011963,1.049072,1.251908,2.061069,-0.152672,1.049858,2.416317,7562,13242,5679,7562,0,62.992,5,normal
1780604670.3962631,7.962919699988561,229987,0.033447,-0.064209,1.066406,0.221374,2.19084,-0.984733,1.068861,2.412154,7565,13247,5681,7565,1,62.992,14,normal
1780604670.4279048,7.994561499988777,230019,0.057373,-0.036621,1.061768,3.587786,3.160305,0.022901,1.063947,4.781241,7569,13252,5682,7569,0,62.992,6,normal
1780604670.4578655,8.024522099993192,230050,0.029297,-0.00708,1.04126,-0.305344,2.793893,-1.114504,1.041696,3.02344,7572,13256,5683,7572,0,62.992,5,normal
1780604670.4896746,8.056331100000534,230081,0.045166,-0.02124,1.072022,1.778626,2.534351,-0.610687,1.073183,3.155849,7573,13258,5684,7573,0,78.571,5,normal
1780604670.5205793,8.087235899991356,230112,0.026123,-0.021973,1.053467,3.091603,2.778626,-0.389313,1.05402,4.174966,7576,13262,5685,7576,0,78.571,5,normal
1780604670.551168,8.117824599990854,230143,0.037842,0.004395,1.043701,-0.10687,2.51145,-1.061069,1.044396,2.728492,7578,13266,5687,7578,0,78.571,5,normal
1780604670.5822406,8.148897199993371,230174,0.04126,-0.033447,1.054688,2.312977,2.664122,-0.358779,1.056024,3.546284,7579,13270,5690,7579,0,78.571,4,normal
1780604670.6141195,8.180776099994546,230205,0.040039,-0.029785,1.061035,3.0,2.587786,-0.427481,1.062208,3.984894,7584,13276,5691,7584,0,78.571,5,normal
1780604670.650783,8.217439699990791,230235,0.019043,-0.015137,1.036621,-0.038168,2.496183,-1.007634,1.036906,2.692158,7586,13280,5693,7586,0,78.571,0,normal
1780604670.6739545,8.240611000001081,230266,0.036133,-0.03833,1.051758,2.328244,3.221374,0.091603,1.053076,3.975722,7587,13282,5694,7587,0,78.571,4,normal
1780604670.7051568,8.271813499988639,230297,0.028076,-0.001709,1.059814,2.816794,2.274809,-0.480916,1.060188,3.652446,7591,13288,5696,7591,0,78.571,5,normal
1780604670.7347786,8.301435199988191,230327,0.034912,-0.009277,1.043945,0.091603,2.801527,-1.305344,1.04457,3.092065,7592,13290,5697,7592,0,78.571,5,normal
1780604670.7678442,8.334500699987984,230358,0.046875,-0.057373,1.056152,2.244275,2.847328,-0.435114,1.058748,3.651489,7593,13293,5699,7593,1,72.202,18,normal
1780604670.7994041,8.366060799991828,230391,0.044434,-0.023438,1.05957,1.877863,2.603053,-0.587786,1.06076,3.263088,7596,13298,5701,7596,0,72.202,0,normal
1780604670.8316743,8.39833089998865,230422,0.025879,-0.028809,1.054688,0.29771,2.320611,-0.694656,1.055398,2.440576,7597,13300,5702,7597,0,72.202,5,normal
1780604670.8622656,8.428922199993394,230454,0.033691,-0.002441,1.050781,3.885496,3.251908,-0.21374,1.051324,5.07126,7602,13307,5704,7602,1,72.202,3,normal
1780604670.8939521,8.460608800000045,230485,0.049561,0.027344,1.041992,0.335878,2.732824,-0.335878,1.043528,2.773798,7605,13312,5706,7605,0,72.202,0,normal
1780604670.9241967,8.490853399998741,230516,0.04248,-0.049805,1.065186,0.480916,2.854962,-1.038168,1.067195,3.075692,7606,13314,5707,7606,0,72.202,5,normal
1780604670.955961,8.522617599999649,230547,0.05127,-0.022705,1.054199,3.854962,3.160305,-0.091603,1.055689,4.985644,7608,13317,5708,7608,1,72.202,16,normal
1780604670.9865315,8.553187999990769,230578,0.054199,-0.013184,1.027344,-0.10687,2.671756,-0.977099,1.028857,2.846827,7610,13320,5709,7610,0,72.202,5,normal
1780604671.0190465,8.585703199991258,230609,0.049316,-0.030273,1.068848,1.862595,2.374046,-0.480916,1.070413,3.055591,7614,13326,5711,7614,0,83.665,0,normal
1780604671.0500922,8.616748899992672,230641,0.018799,-0.016357,1.063232,2.763359,3.068702,-0.59542,1.063524,4.172242,7617,13330,5712,7617,0,83.665,5,normal
1780604671.081143,8.647799499987741,230672,0.04248,0.016846,1.057861,0.152672,2.793893,-1.022901,1.058848,2.979173,7620,13334,5713,7620,0,83.665,5,normal
1780604671.11192,8.678576799997245,230703,0.046387,-0.040039,1.057617,1.816794,2.664122,-0.167939,1.059391,3.229008,7621,13337,5715,7621,1,83.665,18,normal
1780604671.1444106,8.711067299998831,230735,0.033447,-0.014648,1.054199,1.969466,2.732824,-0.320611,1.054831,3.383772,7623,13340,5716,7623,0,83.665,5,normal
1780604671.174755,8.741411700000754,230766,0.051514,-0.02002,1.069336,0.167939,2.473282,-1.152672,1.070763,2.733858,7625,13344,5718,7625,0,83.665,5,normal
1780604671.206019,8.772675499989418,230797,0.049805,-0.064209,1.045654,2.984733,2.648855,-0.21374,1.048807,3.996342,7626,13347,5720,7626,1,83.665,18,normal
1780604671.2369666,8.80362310000055,230828,0.069092,-0.023438,1.056641,1.519084,2.732824,-0.099237,1.059156,3.128225,7628,13350,5721,7628,0,83.665,5,normal
1780604671.2672257,8.833882299994002,230859,0.043213,-0.041016,1.055664,0.198473,2.19084,-0.656489,1.057344,2.29568,7630,13354,5723,7630,0,64.0,1,normal
1780604671.2977116,8.864368099995772,230890,0.0625,-0.01001,1.053711,3.847328,3.358779,-0.618321,1.05561,5.144478,7631,13357,5725,7631,1,64.0,18,normal
1780604671.3292494,8.895905999990646,230921,0.057617,0.023193,1.042236,1.08397,2.656489,0.038168,1.044085,2.869387,7634,13362,5727,7634,0,64.0,5,normal
1780604671.360203,8.926859699990018,230952,0.019287,-0.046387,1.064209,0.267176,2.541985,-0.908397,1.065394,2.71261,7636,13366,5729,7636,0,64.0,0,normal
1780604671.3906868,8.957343299989589,230983,0.037842,-0.006348,1.043945,3.648855,3.320611,-0.312977,1.04465,4.943536,7638,13369,5730,7638,1,64.0,17,normal
1780604671.4220142,8.988670899998397,231014,0.035889,-0.007813,1.030029,0.198473,2.473282,-0.625954,1.030684,2.558972,7640,13372,5731,7640,0,64.0,5,normal
1780604671.4546666,9.021323299995856,231045,0.029541,-0.041016,1.064697,0.938931,2.908397,-1.038168,1.065896,3.227717,7642,13376,5733,7642,0,64.0,1,normal
1780604671.4851935,9.051850099989679,231076,0.056885,-0.031982,1.054199,3.305344,2.801527,-0.221374,1.056217,4.338532,7646,13382,5735,7646,0,64.0,5,normal
1780604671.5153472,9.08200389999547,231107,0.044189,-0.019287,1.041016,-0.022901,2.503817,-0.908397,1.042132,2.663608,7648,13386,5737,7648,0,64.0,0,normal
1780604671.5467906,9.113447199997609,231138,0.026123,-0.036865,1.060791,1.70229,2.641221,-0.725191,1.061753,3.224863,7649,13388,5738,7649,0,68.1,5,normal
1780604671.576786,9.143442699991283,231169,0.047363,-0.02417,1.05957,3.320611,3.778626,-0.519084,1.060904,5.057066,7653,13394,5740,7653,0,68.1,5,normal
1780604671.6091418,9.17579829999886,231200,0.029541,-0.011475,1.037842,0.244275,2.419847,-0.977099,1.038326,2.621079,7654,13396,5741,7654,0,68.1,5,normal
1780604671.6403809,9.207037399988621,231231,0.043213,-0.025146,1.062256,2.21374,2.694656,-0.442748,1.063432,3.515373,7655,13400,5744,7655,0,68.1,4,normal
1780604671.6712196,9.237876200000755,231262,0.041016,-0.025635,1.061035,2.656489,3.0,-0.687023,1.062137,4.065579,7658,13404,5745,7658,0,68.1,5,normal
1780604671.711263,9.277919599990128,231293,0.054688,-0.000732,1.043457,0.007634,2.862595,-1.045802,1.044889,3.047656,7659,13406,5746,7659,0,68.1,5,normal
1780604671.7317257,9.298382299995865,231323,0.062256,-0.033447,1.058838,1.854962,2.801527,-0.29771,1.061194,3.373139,7661,13410,5748,7661,0,68.1,1,normal
1780604671.7625575,9.329214099998353,231354,0.033691,-0.015137,1.05127,3.007634,2.793893,-0.442748,1.051918,4.128889,7665,13416,5750,7665,0,68.1,5,normal
1780604671.7926762,9.359332699998049,231385,0.045654,0.006348,1.047607,0.259542,2.541985,-0.923664,1.048621,2.717021,7667,13420,5752,7667,0,68.1,5,normal
1780604671.825185,9.391841599994223,231416,0.047119,-0.036133,1.062256,2.320611,2.244275,-0.038168,1.063914,3.228538,7669,13425,5755,7669,1,71.942,14,normal
1780604671.856873,9.423529699997744,231448,0.043701,-0.022705,1.061768,1.618321,2.908397,-0.48855,1.062909,3.363988,7671,13428,5756,7671,0,71.942,5,normal
1780604671.8885653,9.45522199998959,231479,0.029297,-0.014404,1.063232,-0.114504,1.992366,-1.335878,1.063733,2.4015,7672,13430,5757,7672,0,71.942,5,normal
1780604671.9197273,9.48638379998738,231511,0.061768,-0.042236,1.042969,3.389313,2.938931,-0.274809,1.04565,4.494472,7674,13435,5760,7674,1,71.942,4,normal
1780604671.9506943,9.517350800000713,231542,0.050049,0.000488,1.046631,1.282443,2.977099,-0.21374,1.047827,3.248609,7677,13440,5762,7677,0,71.942,5,normal
1780604671.9820468,9.548703399996157,231573,0.043945,-0.047852,1.068604,0.175573,2.312977,-1.022901,1.070577,2.535156,7678,13442,5763,7678,0,71.942,5,normal
1780604672.012565,9.579221599997254,231604,0.027588,-0.010254,1.042725,3.641221,3.29771,-0.160305,1.04314,4.915189,7680,13445,5764,7680,1,71.942,17,normal
1780604672.0431936,9.609850099994219,231635,0.040771,0.016113,1.037354,0.580153,2.29771,-0.412214,1.038279,2.405404,7684,13450,5765,7684,0,71.942,5,normal
1780604672.0752814,9.641938000000664,231666,0.047607,-0.053223,1.053955,0.633588,2.725191,-0.961832,1.056371,2.958584,7686,13454,5767,7686,0,68.0,1,normal
1780604672.1050425,9.671699099999387,231697,0.051025,-0.036377,1.061523,3.59542,3.435115,-0.229008,1.063371,4.977902,7689,13458,5768,7689,0,68.0,5,normal
1780604672.1375113,9.70416789999581,231728,0.044922,-0.018799,1.040527,-0.129771,1.89313,-1.015267,1.041666,2.152103,7690,13460,5769,7690,0,68.0,5,normal
1780604672.167152,9.733808499993756,231759,0.043213,-0.027588,1.063721,1.022901,2.709924,-1.167939,1.064956,3.123154,7691,13462,5770,7691,0,68.0,5,normal
1780604672.1990123,9.76566879999882,231790,0.05249,-0.031006,1.05957,3.091603,3.908397,-0.282443,1.061323,4.991328,7694,13466,5771,7694,0,68.0,5,normal
1780604672.229763,9.796419599995716,231821,0.02417,-0.016113,1.034424,-0.038168,3.061069,-0.946565,1.034832,3.204307,7696,13470,5773,7696,0,68.0,5,normal
1780604672.2611585,9.827814999996917,231852,0.047363,-0.036133,1.056641,2.290076,2.984733,-0.282443,1.058319,3.772646,7697,13474,5776,7697,0,68.0,4,normal
1780604672.2921715,9.85882799999672,231883,0.031006,-0.013916,1.049316,3.061069,2.740458,-0.412214,1.049867,4.129186,7702,13480,5777,7702,0,68.0,5,normal
1780604672.3233628,9.89001940000162,231914,0.05249,0.003418,1.047607,0.099237,3.274809,-0.969466,1.048927,3.416736,7703,13482,5778,7703,0,68.0,5,normal
1780604672.3544557,9.921112199997879,231945,0.025635,-0.062988,1.055176,2.259542,2.480916,0.068702,1.057365,3.356366,7704,13485,5780,7704,1,64.516,18,normal
1780604672.3850267,9.951683199993568,231977,0.030273,-0.016113,1.056641,1.91603,2.656489,-0.366412,1.057197,3.29581,7707,13490,5782,7707,0,64.516,5,normal
1780604672.4145873,9.981243799993536,232007,0.05249,-0.004639,1.052978,0.007634,2.923664,-1.091603,1.054296,3.120812,7710,13494,5783,7710,0,64.516,5,normal
1780604672.4467065,10.013363199992455,232037,0.032227,-0.04126,1.046875,1.961832,2.526718,-0.19084,1.048183,3.204607,7711,13497,5785,7711,1,64.516,18,normal
1780604672.4782476,10.044904299997143,232069,0.049561,-0.021484,1.053467,1.854962,2.770992,-0.419847,1.054851,3.360886,7715,13502,5786,7715,0,64.516,1,normal
1780604672.5109155,10.07757209999545,232101,0.027832,-0.036377,1.055908,0.137405,2.328244,-1.160305,1.056901,2.604978,7716,13504,5787,7716,0,64.516,5,normal
1780604672.5411081,10.107764699991094,232133,0.042236,-0.007324,1.048096,3.839695,2.946565,-0.290076,1.048972,4.848675,7719,13509,5789,7719,1,64.516,4,normal
1780604672.572076,10.13873269999749,232164,0.057373,0.005127,1.039062,0.366412,2.503817,-0.412214,1.040658,2.56384,7721,13512,5790,7721,0,64.516,5,normal
1780604672.6048427,10.171499199990649,232195,0.034912,-0.034912,1.062012,1.045802,2.641221,-1.259542,1.063159,3.107442,7722,13514,5791,7722,0,72.0,5,normal
1780604672.6360018,10.202658299996983,232226,0.057617,-0.038574,1.047607,3.671756,3.259542,-0.328244,1.049899,4.920788,7725,13518,5792,7725,0,72.0,5,normal
1780604672.6774504,10.244106999991345,232258,0.038818,-0.015625,1.044189,-0.229008,2.78626,-0.977099,1.045028,2.961488,7726,13520,5793,7726,0,72.0,5,normal
1780604672.6973288,10.263985300000058,232289,0.058594,-0.030762,1.058106,1.717557,2.885496,-0.282443,1.060173,3.369846,7728,13526,5797,7728,0,72.0,1,normal
1780604672.7279508,10.294607399991946,232320,0.070312,-0.0271,1.058106,3.29771,3.076336,-0.503817,1.060785,4.537904,7731,13530,5798,7731,0,72.0,5,normal
1780604672.7584846,10.325141299996176,232350,0.042969,0.001221,1.041992,0.229008,2.900763,-0.908397,1.042878,3.048288,7734,13534,5799,7734,0,72.0,5,normal
1780604672.790058,10.356714399997145,232381,0.036377,-0.033691,1.066162,2.450382,2.870229,0.038168,1.067314,3.774128,7735,13536,5800,7735,0,72.0,5,normal
1780604672.820928,10.387584799987962,232412,0.051514,-0.022949,1.051758,2.709924,3.068702,-0.320611,1.053269,4.106508,7738,13540,5801,7738,0,72.0,5,normal
1780604672.8524513,10.419107999987318,232443,0.042236,0.008301,1.046875,0.022901,3.076336,-1.045802,1.04776,3.249318,7740,13544,5803,7740,0,72.0,5,normal
1780604672.8818364,10.448492899988196,232473,0.03125,-0.031738,1.050781,2.129771,2.78626,0.167939,1.051725,3.511036,7741,13546,5804,7741,0,68.345,5,normal
1780604672.9131386,10.47979509999277,232504,0.030762,-0.015137,1.057861,2.740458,3.312977,-0.435114,1.058417,4.321488,7744,13550,5805,7744,0,68.345,5,normal
1780604672.9446304,10.511287000001175,232536,0.063965,0.002441,1.05542,-0.251908,3.328244,-0.954198,1.057359,3.471478,7746,13554,5807,7746,0,68.345,1,normal
1780604672.9772105,10.54386719998729,232567,0.021484,-0.064453,1.053223,2.374046,2.473282,0.038168,1.055412,3.42851,7748,13559,5810,7748,1,68.345,3,normal
1780604673.0068283,10.57348490000004,232598,0.016113,-0.013428,1.068359,1.832061,2.412214,-0.40458,1.068565,3.055963,7751,13564,5812,7751,0,68.345,5,normal
1780604673.0385575,10.605213999995613,232629,0.0271,-0.014404,1.058838,-0.152672,2.916031,-1.160305,1.059283,3.14211,7753,13568,5814,7753,0,68.345,0,normal
1780604673.0690541,10.635710599992308,232660,0.046631,-0.068848,1.057617,2.839695,2.618321,-0.282443,1.060881,3.872886,7754,13571,5816,7754,1,68.345,18,normal
1780604673.1018176,10.668474099991727,232692,0.047119,0.010254,1.04541,1.366412,3.152672,-0.480916,1.046522,3.469539,7756,13574,5817,7756,0,68.345,5,normal
1780604673.13307,10.699726599996211,232724,0.036865,-0.058105,1.061035,0.648855,2.335878,-1.045802,1.063264,2.640273,7759,13578,5818,7759,0,71.713,0,normal
1780604673.1658785,10.732535199989798,232756,0.060303,-0.040283,1.058838,3.015267,3.236641,-0.328244,1.061318,4.435699,7763,13584,5820,7763,0,71.713,5,normal
1780604673.195946,10.762602599992533,232787,0.042969,-0.014893,1.048828,-0.091603,2.305344,-0.961832,1.049814,2.499624,7765,13588,5822,7765,0,71.713,1,normal
1780604673.2270477,10.793704199997592,232818,0.043945,-0.027588,1.056885,1.557252,2.938931,-0.328244,1.058158,3.342169,7766,13590,5823,7766,0,71.713,5,normal
1780604673.2582524,10.82490889998735,232849,0.04541,-0.033447,1.049316,3.068702,2.717557,-0.267176,1.050831,4.107728,7770,13596,5825,7770,0,71.713,6,normal
1780604673.290388,10.857044799995492,232881,0.062012,0.017334,1.044189,-0.045802,3.274809,-0.961832,1.046173,3.413443,7771,13598,5826,7771,0,71.713,5,normal
1780604673.321962,10.888618799988762,232912,0.035156,-0.073242,1.041748,2.274809,2.679389,-0.473282,1.044911,3.546531,7772,13603,5830,7772,1,71.713,18,normal
1780604673.3542798,10.920936299997265,232944,0.041504,-0.021484,1.065186,1.450382,1.946565,-0.076336,1.06621,2.428693,7774,13606,5831,7774,0,71.713,5,normal
1780604673.384801,10.951457499992102,232976,0.027832,-0.034424,1.066406,0.183206,1.900763,-1.221374,1.067325,2.266764,7775,13608,5832,7775,0,63.492,5,normal
1780604673.4167447,10.983401199991931,233007,0.048828,-0.017334,1.041016,4.08397,2.816794,-0.633588,1.042304,5.001457,7778,13613,5834,7778,1,63.492,14,normal
1780604673.446572,11.01322860000073,233038,0.044434,0.009766,1.035644,1.0,2.427481,-0.801527,1.036643,2.745015,7781,13618,5836,7781,0,63.492,5,normal
1780604673.4775915,11.04424819999258,233068,0.022949,-0.041504,1.058106,0.083969,2.679389,-1.030534,1.059168,2.871964,7784,13622,5837,7784,0,63.492,5,normal
1780604673.508543,11.075199599988991,233099,0.026855,0.008057,1.039307,3.938931,3.122137,0.10687,1.039685,5.02736,7787,13627,5839,7787,1,63.492,14,normal
1780604673.5384808,11.105137399994419,233130,0.031494,-0.003662,1.027344,0.541985,2.870229,-0.748092,1.027833,3.015228,7789,13630,5840,7789,0,63.492,5,normal
1780604673.5698903,11.13654680000036,233161,0.024414,-0.036621,1.064209,0.992366,2.549618,-1.160305,1.065119,2.97181,7790,13632,5841,7790,0,63.492,5,normal
1780604673.602403,11.169059499996365,233193,0.052979,-0.032715,1.052246,3.793893,3.21374,-0.221374,1.054087,4.977023,7794,13638,5843,7794,0,63.492,5,normal
1780604673.6324573,11.199113800001214,233224,0.034668,-0.016846,1.035644,-0.030534,2.320611,-1.198473,1.036361,2.611993,7796,13642,5845,7796,0,63.492,5,normal
1780604673.6649265,11.231583100001444,233255,0.056885,-0.030518,1.06665,1.91603,2.862595,-0.083969,1.068602,3.445675,7798,13646,5847,7798,0,82.437,1,normal
1780604673.6949267,11.261583399988012,233286,0.040039,-0.010986,1.053711,3.114504,3.076336,-0.274809,1.054529,4.386285,7801,13650,5848,7801,0,82.437,5,normal
1780604673.7263162,11.292972700000973,233317,0.057373,0.022705,1.045654,0.122137,3.198473,-1.007634,1.047473,3.355663,7804,13654,5849,7804,0,82.437,5,normal
1780604673.7585752,11.325231800001347,233349,0.035889,-0.082031,1.050537,2.244275,2.870229,0.137405,1.054346,3.646075,7806,13659,5852,7806,1,82.437,3,normal
1780604673.7897348,11.356391399996937,233380,0.035156,-0.023193,1.055176,1.625954,2.267176,-0.458015,1.056016,2.827294,7808,13662,5853,7808,0,82.437,5,normal
1780604673.8197827,11.38643929999671,233411,0.063232,-0.00415,1.063232,-0.167939,3.007634,-1.10687,1.065119,3.20924,7809,13664,5854,7809,0,82.437,5,normal
1780604673.8522005,11.418857099997695,233442,0.056396,-0.066162,1.051758,2.564885,3.259542,-0.19084,1.055345,4.152068,7810,13667,5856,7810,1,82.437,18,normal
1780604673.882444,11.449100499987253,233473,0.047363,-0.02124,1.06543,1.19084,2.549618,-0.167939,1.066693,2.819017,7812,13670,5857,7812,0,82.437,5,normal
1780604673.913773,11.480429699993692,233504,0.033936,-0.033203,1.059814,-0.358779,2.015267,-0.816794,1.060877,2.2039,7815,13674,5858,7815,0,82.437,5,normal
1780604673.944926,11.511582699997234,233536,0.053955,-0.012451,1.046631,3.824427,3.167939,-0.564886,1.048095,4.998118,7819,13679,5859,7819,1,74.733,18,normal
1780604673.9767323,11.543388899997808,233567,0.058838,-0.001465,1.023682,0.625954,2.259542,-0.587786,1.025372,2.417197,7823,13684,5860,7823,0,74.733,5,normal
1780604674.0071156,11.573772199990344,233598,0.048096,-0.057617,1.069092,1.0,2.450382,-1.160305,1.071723,2.889754,7824,13686,5861,7824,0,74.733,5,normal
1780604674.038485,11.605141599997296,233629,0.043701,-0.027832,1.054688,3.877863,4.10687,-0.267176,1.055959,5.654696,7827,13690,5862,7827,0,74.733,5,normal
1780604674.0679495,11.634606199993868,233660,0.018555,0.006592,1.031982,0.137405,2.40458,-0.854962,1.03217,2.555748,7829,13694,5864,7829,0,74.733,5,normal
1780604674.0999482,11.666604699988966,233690,0.044189,-0.05249,1.063477,0.854962,2.206107,-0.877863,1.065688,2.523591,7832,13698,5865,7832,0,74.733,5,normal
1780604674.1308007,11.697457299989765,233721,0.055664,-0.034668,1.050537,3.48855,3.152672,-0.129771,1.052582,4.703845,7835,13702,5866,7835,0,74.733,5,normal
1780604674.1619165,11.728573199987295,233753,0.043945,-0.020264,1.03833,-0.389313,3.099237,-1.038168,1.039457,3.291599,7837,13706,5868,7837,0,74.733,1,normal
1780604674.1940618,11.760718399993493,233784,0.062012,-0.037354,1.060547,2.091603,2.580153,-0.40458,1.063015,3.345994,7838,13708,5869,7838,0,74.733,5,normal
1780604674.2238789,11.790535499996622,233815,0.040283,-0.016846,1.055176,3.374046,2.931298,-0.450382,1.056079,4.492164,7842,13714,5871,7842,0,82.437,5,normal
1780604674.2560086,11.82266510000045,233847,0.045166,-0.003174,1.053955,-0.358779,3.198473,-1.183206,1.054927,3.42913,7843,13716,5872,7843,0,82.437,5,normal
1780604674.2880087,11.85466529999394,233878,0.026367,-0.076416,1.050049,2.641221,2.580153,-0.610687,1.053156,3.742483,7844,13719,5874,7844,1,82.437,18,normal
1780604674.3193254,11.88598199999251,233910,0.025146,-0.017578,1.062988,1.29771,2.534351,-0.10687,1.063431,2.849282,7846,13722,5875,7846,0,82.437,5,normal
1780604674.3506682,11.917324800000642,233941,0.022705,-0.022217,1.058594,0.076336,2.076336,-0.824427,1.05907,2.235325,7847,13724,5876,7847,0,82.437,5,normal
1780604674.381873,11.948529399989638,233972,0.044434,-0.014893,1.046387,3.832061,3.206107,-0.374046,1.047436,5.010362,7851,13731,5879,7851,1,82.437,4,normal
1780604674.4117918,11.978448299996671,234003,0.048584,0.018066,1.047363,1.381679,1.70229,-0.328244,1.048645,2.216884,7854,13736,5881,7854,0,82.437,0,normal
1780604674.4436846,12.010341099987272,234034,0.045166,-0.047852,1.072022,0.312977,2.022901,-1.061069,1.074039,2.305634,7855,13738,5882,7855,0,82.437,5,normal
1780604674.473955,12.040611399992486,234065,0.040039,0.002686,1.049561,3.236641,3.709924,-0.038168,1.050327,4.923498,7857,13741,5883,7857,1,60.0,17,normal
1780604674.5042293,12.070885900000576,234096,0.04126,-0.005127,1.034424,0.412214,2.061069,-0.48855,1.035259,2.157917,7859,13744,5884,7859,0,60.0,5,normal
1780604674.5361369,12.102793400001246,234127,0.025879,-0.039551,1.059814,1.312977,2.435115,-1.274809,1.060868,3.046117,7864,13750,5885,7864,0,60.0,0,normal
1780604674.5656202,12.132276799995452,234158,0.038086,-0.03125,1.058594,3.59542,4.145038,-0.419847,1.05974,5.50315,7867,13754,5886,7867,0,60.0,5,normal
1780604674.5962071,12.162863799996558,234188,0.07251,0.006592,1.038818,0.007634,2.847328,-0.633588,1.041367,2.91698,7868,13756,5887,7868,0,60.0,5,normal
1780604674.6274743,12.194130899995798,234218,0.028076,-0.04248,1.071533,0.229008,2.091603,-0.954198,1.072742,2.310356,7870,13760,5889,7870,0,60.0,0,normal
1780604674.6587887,12.225445299991407,234249,0.03418,-0.016113,1.047119,3.862595,2.977099,-0.015267,1.047801,4.876781,7872,13763,5890,7872,1,60.0,17,normal
1780604674.6880617,12.254718199998024,234280,0.037354,0.009277,1.030762,0.480916,2.503817,-0.78626,1.03148,2.668067,7875,13768,5892,7875,0,60.0,6,normal
1780604674.7187736,12.285430299991276,234310,0.037354,-0.046387,1.063721,0.167939,2.503817,-0.854962,1.065387,2.651087,7876,13770,5893,7876,0,60.0,5,normal
1780604674.7497065,12.316363199992338,234341,0.03418,0.004639,1.044922,3.755725,3.519084,0.007634,1.045491,5.146794,7878,13773,5894,7878,1,76.087,16,normal
1780604674.7803502,12.347006899988628,234371,0.052002,0.018066,1.049316,1.519084,2.328244,-0.389313,1.050759,2.807116,7880,13776,5895,7880,0,76.087,5,normal
1780604674.8122022,12.378858799987938,234402,0.03418,-0.050537,1.074707,0.351145,2.167939,-0.862595,1.076437,2.35952,7881,13779,5897,7881,1,76.087,14,normal
1780604674.84116,12.407816599996295,234433,0.049316,-0.01001,1.048096,3.687023,3.70229,-0.045802,1.049303,5.225246,7885,13785,5899,7885,1,76.087,3,normal
1780604674.8727212,12.439377799993963,234464,0.057617,0.010498,1.046631,0.381679,2.045802,-0.839695,1.048268,2.244119,7888,13790,5901,7888,0,76.087,0,normal
1780604674.9041975,12.470854099999997,234495,0.048096,-0.04126,1.074463,1.267176,2.160305,-1.290076,1.07633,2.817259,7889,13792,5902,7889,0,76.087,5,normal
1780604674.9348147,12.501471199997468,234526,0.056396,-0.035889,1.049805,3.862595,2.938931,-0.450382,1.051931,4.874402,7892,13796,5903,7892,0,76.087,6,normal
1780604674.9655087,12.53216539999994,234557,0.018799,-0.01001,1.027344,-0.160305,2.961832,-1.206107,1.027564,3.202006,7893,13798,5904,7893,0,76.087,5,normal
1780604674.9966438,12.563300299996627,234588,0.03833,-0.022949,1.077881,1.778626,2.755725,-0.419847,1.078806,3.30663,7896,13804,5907,7896,0,76.087,0,normal
1780604675.0285559,12.595212399988668,234619,0.044434,-0.032959,1.049805,3.122137,3.206107,-0.351145,1.051261,4.488894,7899,13808,5908,7899,0,75.54,6,normal
1780604675.0595686,12.62622529998771,234651,0.044189,0.018311,1.045898,-0.022901,3.007634,-0.961832,1.046992,3.157769,7900,13810,5909,7900,0,75.54,5,normal
1780604675.090943,12.657599599988316,234682,0.037109,-0.056641,1.052734,2.083969,2.175573,-0.137405,1.05491,3.015779,7902,13815,5912,7902,1,75.54,14,normal
1780604675.1232986,12.689955299996655,234713,0.0271,-0.013428,1.051025,1.984733,2.618321,-0.51145,1.05146,3.325109,7904,13818,5913,7904,0,75.54,5,normal
1780604675.1534116,12.720068299997365,234744,0.050293,-0.002441,1.062744,0.068702,2.89313,-1.236641,1.063936,3.147094,7906,13822,5915,7906,0,75.54,5,normal
1780604675.185412,12.752068599991617,234775,0.041748,-0.075928,1.040772,2.633588,3.015267,-0.480916,1.044372,4.032233,7907,13825,5917,7907,1,75.54,19,normal
1780604675.2159476,12.782604199994239,234807,0.053223,0.017334,1.04248,1.40458,2.793893,-0.007634,1.043982,3.127098,7909,13828,5918,7909,0,75.54,5,normal
1780604675.2477217,12.814378199997009,234838,0.032959,-0.023682,1.058594,0.21374,2.335878,-0.755725,1.059372,2.464372,7910,13830,5919,7910,0,75.54,5,normal
1780604675.2781541,12.84481070000038,234869,0.033936,0.005127,1.04541,3.78626,3.152672,-0.473282,1.045973,4.949656,7912,13835,5922,7912,1,52.0,3,normal
1780604675.3090532,12.875709699990693,234900,0.053711,0.026367,1.053467,1.19084,1.961832,-0.480916,1.055165,2.344816,7915,13840,5924,7915,0,52.0,5,normal
1780604675.340606,12.90726249999716,234931,0.04248,-0.057373,1.050537,0.221374,2.10687,-1.244275,1.05296,2.456853,7917,13844,5926,7917,0,52.0,0,normal
1780604675.3703039,12.936960499995621,234962,0.03833,0.004639,1.055908,3.480916,3.015267,-0.114504,1.056614,4.606704,7919,13847,5927,7919,1,52.0,16,normal
1780604675.401047,12.96770349999133,234992,0.041992,0.013428,1.042969,0.59542,2.022901,-0.412214,1.0439,2.148621,7921,13850,5928,7921,0,52.0,5,normal
1780604675.4317257,12.998382299992954,235023,0.030518,-0.060303,1.068115,-0.167939,2.221374,-1.152672,1.070251,2.508258,7922,13853,5930,7922,1,52.0,15,normal
1780604675.464016,13.03067259999807,235054,0.041992,-0.034912,1.047363,4.19084,3.862595,-0.335878,1.048786,5.709255,7926,13858,5931,7926,0,52.0,5,normal
1780604675.4943388,13.060995299994829,235085,0.033691,-0.008789,1.027588,0.251908,2.801527,-0.824427,1.028178,2.931158,7927,13860,5932,7927,0,52.0,5,normal
1780604675.5247545,13.091411099987454,235116,0.040039,-0.059082,1.068359,1.122137,2.030534,-1.19084,1.070741,2.60775,7928,13862,5933,7928,0,52.0,5,normal
1780604675.5562887,13.12294539999857,235147,0.06958,-0.042236,1.057373,3.366412,4.015268,-0.48855,1.060501,5.262488,7932,13868,5935,7932,0,71.942,5,normal
1780604675.587557,13.154213699992397,235179,0.062256,0.007324,1.035889,0.244275,2.961832,-1.251908,1.037784,3.22481,7933,13870,5936,7933,0,71.942,5,normal
1780604675.621078,13.187734499995713,235210,0.045166,-0.06543,1.049072,2.19084,2.931298,-0.229008,1.05208,3.666706,7934,13875,5940,7934,1,71.942,18,normal
1780604675.6524112,13.219067899990478,235242,0.027344,-0.017822,1.053711,2.007634,2.610687,-0.351145,1.054216,3.312036,7936,13878,5941,7936,0,71.942,5,normal
1780604675.682419,13.249075599989737,235274,0.026123,-0.030273,1.054932,-0.099237,2.40458,-0.961832,1.055689,2.591713,7937,13880,5942,7937,0,71.942,5,normal
1780604675.7147462,13.281402799999341,235305,0.053955,-0.049316,1.05127,3.78626,3.290076,0.038168,1.053808,5.016156,7938,13883,5944,7938,1,71.942,18,normal
1780604675.7607439,13.327400499998475,235337,0.041504,0.02832,1.051758,0.496183,2.816794,-0.366412,1.052957,2.883537,7941,13888,5946,7941,0,71.942,5,normal
1780604675.7840369,13.350693499989575,235374,0.022705,-0.043701,1.066162,0.725191,1.709924,-1.183206,1.067299,2.202207,7944,13893,5948,7944,1,71.942,20,normal
1780604675.8146684,13.38132489999407,235405,0.052246,0.01123,1.054443,1.679389,2.122137,0.091603,1.055797,2.707805,7948,13898,5949,7948,0,62.016,5,normal
1780604675.8465521,13.4132086999889,235437,0.039551,-0.062012,1.063477,0.526718,2.022901,-1.305344,1.066017,2.464444,7949,13900,5950,7949,0,62.016,5,normal
1780604675.8780353,13.444691999990027,235468,0.045654,-0.022705,1.043213,3.519084,4.267176,-0.381679,1.044458,5.544224,7952,13904,5951,7952,0,62.016,5,normal
1780604675.9078197,13.474476299990783,235499,0.036621,-0.012451,1.032471,-0.259542,2.847328,-1.244275,1.033195,3.11815,7954,13908,5953,7954,0,62.016,5,normal
1780604675.9393206,13.505977199994959,235530,0.038818,-0.03125,1.064697,1.396947,2.083969,-0.969466,1.065863,2.689656,7957,13912,5954,7957,0,62.016,5,normal
1780604675.970517,13.537173399992753,235561,0.055664,-0.0354,1.056152,3.625954,3.534351,-0.251908,1.05821,5.069777,7960,13916,5955,7960,0,62.016,5,normal
1780604676.0012276,13.56788429999142,235592,0.034424,-0.005615,1.033447,-0.068702,2.183206,-0.877863,1.034036,2.354093,7962,13920,5957,7962,0,62.016,1,normal
1780604676.0309646,13.597621299995808,235622,0.046875,-0.037842,1.067383,1.503817,1.709924,-1.10687,1.069082,2.53189,7963,13922,5958,7963,0,62.016,5,normal
1780604676.065606,13.632262799990713,235653,0.061768,-0.037354,1.056641,3.603053,3.129771,0.022901,1.059103,4.772629,7967,13928,5960,7967,0,62.016,5,normal
1780604676.0943782,13.661034799995832,235685,0.050537,0.0271,1.036865,-0.045802,2.694656,-0.954198,1.03845,2.85898,7968,13930,5961,7968,0,71.429,5,normal
1780604676.1266415,13.693297999998322,235716,0.071533,-0.052734,1.054199,2.358779,2.312977,-0.244275,1.057938,3.312608,7969,13933,5963,7969,1,71.429,18,normal
1780604676.1587756,13.725432099992759,235748,0.034912,-0.012939,1.060059,2.015267,2.21374,-0.450382,1.060712,3.027341,7971,13936,5964,7971,0,71.429,5,normal
1780604676.1889875,13.755644099990604,235779,0.02417,-0.018311,1.053223,-0.236641,2.648855,-1.290076,1.053659,2.955796,7972,13938,5965,7972,0,71.429,5,normal
1780604676.2185874,13.785244099999545,235810,0.053711,-0.074463,1.039062,2.832061,3.038168,-0.21374,1.043111,4.158932,7974,13945,5970,7974,1,71.429,4,normal
1780604676.2513657,13.81802219999372,235841,0.05957,-0.011475,1.061279,1.564886,2.129771,0.091603,1.063012,2.644462,7977,13950,5972,7977,0,71.429,0,normal
1780604676.2815573,13.848213999997824,235872,0.031982,-0.029785,1.061279,0.198473,2.152672,-0.992366,1.062179,2.378693,7978,13952,5973,7978,0,71.429,4,normal
1780604676.3123112,13.878967799988459,235903,0.068848,-0.052002,1.039795,4.061068,3.312977,-0.366412,1.043368,5.253794,7979,13955,5975,7979,1,71.429,17,normal
1780604676.3434653,13.910121900000377,235934,0.072266,0.021973,1.049072,1.48855,2.458015,-0.198473,1.051788,2.880453,7981,13958,5976,7981,0,71.429,5,normal
1780604676.3739564,13.94061309999961,235965,0.033691,-0.0625,1.060547,0.091603,2.458015,-1.114504,1.062921,2.700435,7985,13964,5978,7985,0,60.714,0,normal
1780604676.4060037,13.972660299987183,235996,0.035645,-0.007813,1.047119,4.061068,3.664122,-0.183206,1.047755,5.472808,7987,13967,5979,7987,1,60.714,16,normal
1780604676.4363241,14.002980699995533,236027,0.032715,-0.018555,1.033203,-0.083969,2.687023,-0.770992,1.033887,2.796707,7991,13972,5980,7991,0,60.714,5,normal
1780604676.4670024,14.033658899992588,236058,0.023926,-0.032471,1.070557,0.793893,2.076336,-0.916031,1.071316,2.404277,7993,13976,5982,7993,0,60.714,0,normal
1780604676.49998,14.066636499992455,236089,0.046387,-0.033203,1.045654,3.610687,3.580153,-0.748092,1.047209,5.139474,7996,13980,5983,7996,0,60.714,5,normal
1780604676.5298102,14.096466799994232,236120,0.033447,-0.008789,1.03418,-0.312977,2.351145,-1.137405,1.034758,2.630499,7998,13984,5985,7998,0,60.714,5,normal
1780604676.561063,14.127719600001,236151,0.040283,-0.033203,1.05249,2.099237,2.549618,-0.312977,1.053784,3.317424,7999,13986,5986,7999,0,60.714,5,normal
1780604676.5915778,14.15823429999,236182,0.044678,-0.01709,1.057861,3.022901,3.007634,-0.564886,1.058942,4.301498,8002,13990,5987,8002,0,60.714,6,normal
1780604676.623059,14.189715699991211,236214,0.036621,0.006836,1.046875,0.137405,3.076336,-1.137405,1.047538,3.282744,8004,13994,5989,8004,0,60.714,1,normal
1780604676.6549876,14.221644199991715,236245,0.051514,-0.071045,1.061523,2.229008,3.541985,-0.442748,1.065145,4.208344,8005,13997,5991,8005,1,71.429,18,normal
1780604676.694942,14.261598500001128,236277,0.027588,-0.020264,1.065674,1.40458,2.89313,0.419847,1.066223,3.24335,8008,14002,5993,8008,0,71.429,5,normal
1780604676.7170453,14.283701899999869,236308,0.015625,-0.029053,1.061768,0.030534,2.038168,-0.969466,1.06228,2.257194,8009,14004,5994,8009,0,71.429,5,normal
1780604676.7490664,14.315722999992431,236339,0.056152,-0.0271,1.044434,3.725191,3.167939,-0.251908,1.046293,4.896564,8010,14007,5996,8010,1,71.429,18,normal
1780604676.7794025,14.346059199990123,236370,0.055908,0.013184,1.05127,1.114504,2.473282,-0.29771,1.052838,2.72908,8012,14010,5997,8012,0,71.429,5,normal
1780604676.8114786,14.378135199993267,236401,0.03418,-0.04541,1.057373,0.229008,2.351145,-0.89313,1.058899,2.525472,8013,14012,5998,8013,1,71.429,5,normal
1780604676.840747,14.407403599994723,236432,0.051758,-0.016113,1.045898,3.824427,3.389313,0.083969,1.047302,5.110845,8018,14019,6000,8018,1,71.429,4,normal
1780604676.8715644,14.438220899988664,236463,0.056641,-0.006592,1.053955,0.282443,2.10687,-0.519084,1.055496,2.188178,8021,14024,6002,8021,0,71.429,0,normal
1780604676.904221,14.470877699990524,236494,0.046387,-0.049561,1.067383,1.038168,2.122137,-1.099237,1.069539,2.605682,8022,14026,6003,8022,0,71.429,5,normal
1780604676.9352646,14.501921099988976,236525,0.045166,-0.025146,1.048096,4.061068,4.0229,-0.152672,1.04937,5.718332,8025,14030,6004,8025,0,71.429,6,normal
1780604676.9655027,14.532159399997909,236556,0.024902,0.002686,1.040527,-0.267176,2.603053,-1.21374,1.040829,2.884516,8026,14032,6005,8026,0,71.429,5,normal
1780604676.9974663,14.564122799987672,236587,0.035645,-0.029297,1.056641,1.687023,2.587786,-0.564886,1.057648,3.140347,8030,14038,6007,8030,0,71.429,0,normal
1780604677.0291846,14.595841199989081,236619,0.026367,-0.012451,1.055664,2.80916,2.389313,-0.396947,1.056067,3.709146,8033,14042,6008,8033,0,71.429,5,normal
1780604677.0604627,14.627119400000083,236650,0.049072,0.02832,1.046875,-0.122137,2.763359,-1.038168,1.048407,2.954465,8036,14046,6009,8036,0,71.429,5,normal
1780604677.0908399,14.657496399988304,236681,0.032227,-0.056641,1.056396,2.473282,2.465649,-0.206107,1.058405,3.498433,8038,14051,6012,8038,1,71.429,14,normal
1780604677.1205752,14.6872316999943,236712,0.022461,-0.022949,1.055176,1.969466,2.656489,-0.274809,1.055664,3.31832,8040,14054,6013,8040,0,71.429,5,normal
1780604677.1514056,14.718062200001441,236743,0.044678,0.000488,1.055176,0.435114,2.801527,-1.068702,1.056121,3.029852,8042,14058,6015,8042,0,71.429,5,normal
1780604677.1837716,14.750428100000136,236774,0.03833,-0.063477,1.041504,2.961832,2.503817,-0.244275,1.04414,3.886028,8043,14061,6017,8043,1,71.429,18,normal
1780604677.2160788,14.782735299988417,236806,0.052734,0.023193,1.048096,0.89313,3.114504,-0.320611,1.049678,3.255857,8045,14064,6018,8045,0,71.174,5,normal
1780604677.2477582,14.814414699998451,236838,0.048828,-0.055908,1.078613,0.427481,2.641221,-0.916031,1.081164,2.828056,8047,14068,6020,8047,0,71.174,1,normal
1780604677.2788515,14.845507999998517,236869,0.044189,-0.023682,1.048096,4.053436,3.435115,-0.175573,1.049294,5.316124,8050,14073,6022,8050,1,71.174,3,normal
1780604677.3091145,14.875771099992562,236900,0.037354,-0.002197,1.039062,-0.015267,2.236641,-1.10687,1.039736,2.495588,8053,14078,6024,8053,0,71.174,5,normal
1780604677.339988,14.906644599992433,236931,0.030273,-0.049316,1.065186,1.419847,2.641221,-0.633588,1.066756,3.064874,8055,14082,6026,8055,0,71.174,1,normal
1780604677.371646,14.938302399998065,236962,0.048096,-0.040771,1.057861,2.969466,3.519084,-0.282443,1.059739,4.613182,8058,14086,6027,8058,0,71.174,5,normal
1780604677.402389,14.969045599995297,236993,0.031006,-0.015625,1.042725,-0.572519,2.862595,-0.770992,1.043302,3.01938,8059,14088,6028,8059,0,71.174,5,normal
1780604677.4332457,14.999902299998212,237024,0.03833,-0.029541,1.055908,1.938931,2.183206,-0.473282,1.057016,2.958013,8061,14092,6030,8061,0,71.174,0,normal
1780604677.4650128,15.031669299991336,237055,0.061279,-0.036377,1.0625,3.358779,2.572519,-0.450382,1.064887,4.254656,8065,14098,6032,8065,0,71.174,5,normal
1780604677.4951265,15.061783099998138,237086,0.050537,-0.005127,1.031738,-0.061069,2.916031,-1.381679,1.032988,3.227383,8067,14102,6034,8067,0,78.571,0,normal
1780604677.5276058,15.094262300000992,237117,0.049805,-0.063721,1.049561,2.137405,2.442748,-0.160305,1.052672,3.249802,8068,14105,6036,8068,1,78.571,18,normal
1780604677.5583162,15.124972799996613,237149,0.037598,-0.022705,1.052246,1.931298,2.656489,-0.587786,1.053162,3.336516,8072,14110,6037,8072,0,78.571,5,normal
1780604677.58971,15.156366600000183,237180,0.071289,-0.008301,1.050537,0.10687,2.984733,-1.236641,1.052986,3.232543,8073,14112,6038,8073,0,78.571,5,normal
1780604677.6201928,15.186849399993662,237211,0.044189,-0.072021,1.051514,2.137405,3.748092,-0.412214,1.054903,4.334352,8074,14117,6042,8074,1,78.571,18,normal
1780604677.650031,15.216687599997385,237242,0.066406,-0.009033,1.053711,1.534351,2.801527,-0.091603,1.05584,3.195493,8076,14120,6043,8076,0,78.571,5,normal
1780604677.694156,15.260812599997735,237272,0.032959,-0.016846,1.057617,-0.343511,2.679389,-1.282443,1.058265,2.990282,8077,14122,6044,8077,0,78.571,5,normal
1780604677.7118666,15.278523100001621,237303,0.048096,-0.067139,1.041016,2.412214,3.374046,-0.70229,1.044286,4.206682,8079,14127,6047,8079,1,78.571,14,normal
1780604677.7442465,15.310903099991265,237334,0.053467,-0.020508,1.057373,1.290076,2.900763,-0.10687,1.058922,3.176499,8081,14130,6048,8081,0,78.571,5,normal
1780604677.7753906,15.342047199999797,237365,0.016602,-0.047119,1.056885,0.145038,2.175573,-0.832061,1.058065,2.333769,8084,14134,6049,8084,0,60.932,5,normal
1780604677.8078141,15.37447070000053,237397,0.036133,-0.014648,1.050781,4.0229,3.954198,-0.129771,1.051504,5.642362,8086,14137,6050,8086,1,60.932,17,normal
1780604677.8392186,15.405875299999025,237429,0.023926,-0.013428,1.030518,-0.236641,2.992366,-0.900763,1.030883,3.133948,8088,14140,6051,8088,0,60.932,5,normal
1780604677.8710647,15.437721199996304,237461,0.042969,-0.061035,1.056152,1.969466,2.580153,-0.358779,1.058787,3.265686,8089,14142,6052,8089,0,60.932,4,normal
1780604677.9014904,15.468146999992314,237492,0.038086,-0.02417,1.051025,3.10687,2.160305,-0.427481,1.051993,3.808189,8093,14148,6054,8093,0,60.932,5,normal
1780604677.932979,15.499635599990143,237523,0.055664,0.019287,1.054443,-0.175573,3.435115,-1.061069,1.056088,3.599542,8095,14152,6056,8095,0,60.932,5,normal
1780604677.9631264,15.529782999990857,237554,0.028809,-0.077881,1.056152,2.007634,1.946565,-0.129771,1.059412,2.799384,8097,14157,6059,8097,1,60.932,14,normal
1780604677.9952865,15.561942999993335,237585,0.034912,-0.019287,1.061768,2.015267,2.328244,-0.351145,1.062516,3.099246,8099,14160,6060,8099,0,60.932,5,normal
1780604678.0264993,15.593155800001114,237616,0.045166,-0.005127,1.055176,0.374046,2.51145,-0.954198,1.056154,2.712524,8100,14162,6061,8100,0,63.745,5,normal
1780604678.057404,15.624060599991935,237647,0.050781,-0.072998,1.039551,2.267176,3.259542,-0.664122,1.043347,4.025638,8102,14167,6064,8102,1,63.745,3,normal
1780604678.087296,15.653952499997104,237678,0.041748,-0.022949,1.053223,1.427481,2.549618,-0.221374,1.0543,2.930403,8105,14172,6066,8105,0,63.745,5,normal
1780604678.118999,15.685655499997665,237709,0.047607,-0.017578,1.059082,-0.175573,1.854962,-1.099237,1.060297,2.163338,8107,14176,6068,8107,0,63.745,1,normal
1780604678.1490142,15.715670799996587,237740,0.05127,-0.01001,1.044434,3.816794,3.541985,-0.343511,1.045739,5.218388,8108,14179,6070,8108,1,63.745,18,normal
1780604678.179839,15.746495399987907,237771,0.0625,0.025391,1.041504,1.0,2.954198,-0.290076,1.043686,3.132321,8112,14184,6071,8112,0,63.745,5,normal
1780604678.2111168,15.777773299996625,237801,0.016357,-0.029785,1.04834,0.167939,2.671756,-1.152672,1.04889,2.914641,8113,14186,6072,8113,0,63.745,5,normal
1780604678.2418103,15.808466799993766,237832,0.054443,-0.032959,1.043213,3.732824,3.580153,-0.274809,1.045152,5.179478,8117,14191,6073,8117,1,63.745,18,normal
1780604678.2734942,15.840150799995172,237863,0.044678,0.017822,1.042236,1.19084,2.740458,-0.343511,1.043346,3.007692,8119,14194,6074,8119,0,63.745,5,normal
1780604678.3036613,15.870318000001134,237894,0.036621,-0.072754,1.071289,-0.061069,2.641221,-1.007634,1.074381,2.827562,8120,14196,6075,8120,0,71.942,5,normal
1780604678.3357706,15.902427299995907,237925,0.059326,-0.02124,1.052246,3.763359,3.473282,0.099237,1.054131,5.122148,8123,14201,6077,8123,1,71.942,14,normal
1780604678.366087,15.93274350000138,237956,0.04248,-0.00415,1.040772,0.137405,2.641221,-0.908397,1.041646,2.796447,8127,14206,6078,8127,0,71.942,5,normal
1780604678.3973222,15.963978699990548,237987,0.048096,-0.061035,1.063721,1.129771,2.763359,-0.931298,1.066555,3.127275,8130,14210,6079,8130,0,71.942,5,normal
1780604678.428073,15.994729400001233,238018,0.067139,-0.040527,1.049561,3.427481,3.038168,-0.320611,1.052486,4.591392,8133,14214,6080,8133,0,71.942,5,normal
1780604678.4586034,16.025259899994126,238049,0.041016,-0.015381,1.026367,-0.396947,2.748092,-0.961832,1.027302,2.938485,8134,14216,6081,8134,0,71.942,5,normal
1780604678.4903715,16.057027999995626,238080,0.041504,-0.022461,1.068115,1.763359,3.114504,-0.59542,1.069157,3.628236,8135,14218,6082,8135,0,71.942,5,normal
1780604678.5207655,16.08742209999764,238111,0.042725,-0.038818,1.057129,3.29771,2.641221,-0.282443,1.058704,4.234468,8139,14224,6084,8139,0,71.942,5,normal
1780604678.551328,16.117984500000603,238142,0.039062,0.023682,1.043213,0.137405,2.977099,-1.244275,1.044212,3.229585,8141,14228,6086,8141,0,71.942,5,normal
1780604678.5822165,16.148873199999798,238173,0.030518,-0.04248,1.044189,2.351145,2.557252,0.022901,1.045499,3.473895,8143,14233,6089,8143,1,82.437,14,normal
1780604678.613491,16.18014769999718,238204,0.031982,-0.018555,1.054199,2.221374,2.229008,-0.603053,1.054848,3.204162,8145,14236,6090,8145,0,82.437,5,normal
1780604678.6433027,16.20995920000132,238235,0.050049,0.00708,1.053955,0.091603,2.610687,-1.099237,1.055166,2.834149,8146,14238,6091,8146,0,82.437,5,normal
1780604678.6911724,16.25782889999391,238266,0.045166,-0.085693,1.043457,2.435115,1.984733,-0.610687,1.047944,3.200295,8148,14243,6094,8148,1,82.437,4,normal
1780604678.7078235,16.274480099993525,238298,0.036621,-0.013428,1.041016,1.305344,2.251908,-0.198473,1.041746,2.610442,8151,14248,6096,8151,0,82.437,5,normal
1780604678.7381527,16.304809399996884,238329,0.027344,-0.030273,1.05835,-0.076336,1.885496,-1.099237,1.059135,2.18386,8153,14252,6098,8153,0,82.437,0,normal
1780604678.7701044,16.3367608999979,238360,0.060547,-0.034668,1.049561,3.916031,3.083969,-0.396947,1.051877,5.000373,8155,14255,6099,8155,1,82.437,17,normal
1780604678.80147,16.36812669999199,238391,0.043213,0.012695,1.036865,0.381679,2.564885,-0.045802,1.037843,2.593533,8159,14260,6100,8159,0,82.437,5,normal
1780604678.8323786,16.399035299997195,238422,0.042236,-0.060547,1.067871,0.045802,2.229008,-1.145038,1.07042,2.506329,8161,14264,6102,8161,0,82.437,0,normal
1780604678.8641615,16.430818099994212,238454,0.049561,-0.031006,1.05957,3.549618,4.0,-0.343511,1.061182,5.358898,8164,14268,6103,8164,0,74.733,5,normal
1780604678.8940785,16.460735000000568,238485,0.029541,0.004639,1.034912,-0.19084,2.824427,-0.80916,1.035344,2.94424,8165,14270,6104,8165,0,74.733,5,normal
1780604678.9251895,16.491846199991414,238515,0.050293,-0.025635,1.0625,1.419847,2.78626,-0.59542,1.063998,3.183353,8166,14272,6105,8166,0,74.733,5,normal
1780604678.9563437,16.52300019998802,238546,0.053223,-0.038574,1.056885,3.328244,3.473282,-0.427481,1.058927,4.829456,8170,14278,6107,8170,0,74.733,5,normal
1780604678.9865024,16.55315909998899,238577,0.02832,-0.011475,1.03833,-0.061069,2.335878,-0.908397,1.03878,2.507038,8171,14280,6108,8171,0,74.733,5,normal
1780604679.0184643,16.585120999996434,238608,0.041992,-0.028076,1.053711,2.557252,2.847328,-0.114504,1.054921,3.828828,8172,14284,6111,8172,0,74.733,4,normal
1780604679.04726,16.613916699992842,238639,0.025879,-0.007324,1.050781,3.267176,3.0,-0.083969,1.051125,4.436382,8175,14288,6112,8175,0,74.733,5,normal
1780604679.0779727,16.64462919998914,238669,0.05835,-0.000488,1.039795,-0.038168,2.694656,-0.977099,1.041431,2.866593,8176,14290,6113,8176,0,74.733,5,normal
1780604679.1088881,16.67554479998944,238700,0.050781,-0.032715,1.065918,2.473282,2.618321,-0.167939,1.067628,3.60568,8177,14292,6114,8177,0,74.733,5,normal
1780604679.141083,16.707739699995727,238731,0.03418,-0.025391,1.055176,2.923664,2.816794,-0.458015,1.056034,4.085574,8181,14298,6116,8181,0,61.372,5,normal
1780604679.1723661,16.739022800000384,238762,0.026367,0.014404,1.045898,-0.122137,2.938931,-1.320611,1.04633,3.224321,8183,14302,6118,8183,0,61.372,5,normal
1780604679.203617,16.770273799993447,238793,0.037354,-0.081787,1.050049,1.946565,2.374046,-0.091603,1.053891,3.071417,8185,14307,6121,8185,1,61.372,14,normal
1780604679.2338119,16.800468399989768,238824,0.018066,-0.019775,1.056641,2.045802,2.740458,-0.70229,1.05698,3.491221,8187,14310,6122,8187,0,61.372,5,normal
1780604679.26478,16.831436599997687,238855,0.048096,-0.004639,1.048584,0.114504,2.328244,-1.51145,1.049697,2.778185,8188,14312,6123,8188,0,61.372,5,normal
1780604679.2962704,16.86292699999467,238886,0.034424,-0.079102,1.042969,2.259542,2.916031,-0.549618,1.04653,3.729724,8190,14317,6126,8190,1,61.372,3,normal
1780604679.326058,16.89271459999145,238917,0.036865,-0.019043,1.053223,1.839695,2.519084,-0.435114,1.05404,3.149537,8193,14322,6128,8193,0,61.372,5,normal
1780604679.358117,16.924773799997638,238948,0.036621,-0.027832,1.061768,-0.099237,2.183206,-1.015267,1.062763,2.409773,8195,14326,6130,8195,0,61.372,1,normal
1780604679.3887174,16.95537399999739,238979,0.066406,-0.063232,1.048828,3.664122,2.908397,-0.328244,1.052829,4.689596,8196,14329,6132,8196,1,61.372,18,normal
1780604679.4194074,16.986063999996986,239010,0.056885,0.020264,1.045898,1.152672,3.122137,-0.435114,1.04764,3.356444,8200,14334,6133,8200,0,68.1,5,normal
1780604679.4520946,17.018751199997496,239042,0.028809,-0.048584,1.066162,0.10687,2.450382,-1.435114,1.067657,2.841715,8202,14338,6135,8202,0,68.1,0,normal
1780604679.4844892,17.05114589999721,239074,0.046387,-0.036377,1.054443,3.198473,3.610687,0.229008,1.05609,4.829052,8205,14342,6136,8205,0,68.1,5,normal
1780604679.5162122,17.082868699988467,239106,0.046631,0.005127,1.040527,-0.076336,2.923664,-0.885496,1.041584,3.055772,8206,14344,6137,8206,0,68.1,5,normal
1780604679.5468578,17.113514399999985,239137,0.047119,-0.065918,1.056152,2.007634,2.427481,0.10687,1.059256,3.151932,8207,14347,6139,8207,1,68.1,18,normal
1780604679.579458,17.14611449999211,239169,0.047119,-0.016602,1.061768,1.931298,2.709924,-0.687023,1.062942,3.397881,8211,14352,6140,8211,0,68.1,5,normal
1780604679.6092994,17.175956099992618,239200,0.054199,-0.010742,1.047119,0.091603,3.129771,-0.961832,1.048576,3.275512,8212,14354,6141,8212,0,68.1,5,normal
1780604679.6418135,17.20847009999852,239231,0.041504,-0.071045,1.046875,2.541985,3.374046,-0.442748,1.050103,4.247576,8213,14359,6145,8213,1,68.1,18,normal
1780604679.673015,17.23967179999454,239263,0.062256,-0.011475,1.049561,1.320611,2.312977,-0.175573,1.051468,2.669214,8215,14362,6146,8215,0,59.289,5,normal
1780604679.7047973,17.27145390000078,239294,0.033447,-0.027344,1.059326,0.229008,2.061069,-1.129771,1.060207,2.361532,8216,14364,6147,8216,0,59.289,5,normal
1780604679.7365694,17.30322599998908,239325,0.047119,-0.010254,1.052246,3.442748,3.748092,-0.206107,1.05335,5.093446,8218,14367,6148,8218,1,59.289,17,normal
1780604679.7656085,17.332265099990764,239356,0.045898,0.002686,1.038574,0.832061,2.541985,-0.503817,1.039591,2.721736,8221,14372,6150,8221,0,59.289,5,normal
1780604679.7977583,17.364414899988333,239387,0.029297,-0.064697,1.060791,0.679389,2.381679,-0.931298,1.063166,2.645994,8224,14376,6151,8224,0,59.289,5,normal
1780604679.8279214,17.39457789999142,239418,0.037354,-0.012695,1.041016,3.374046,4.29771,-0.091603,1.041763,5.464694,8227,14381,6153,8227,0,59.289,15,normal
1780604679.857865,17.424521599998116,239448,0.058105,-0.010254,1.030029,0.480916,2.267176,-0.709924,1.031718,2.423914,8229,14384,6154,8229,0,59.289,5,normal
1780604679.8880844,17.4547409999941,239480,0.044434,-0.026611,1.061523,1.29771,2.59542,-1.053435,1.062786,3.087067,8230,14386,6155,8230,0,59.289,5,normal
1780604679.9198349,17.48649139999179,239510,0.050293,-0.026611,1.047363,3.366412,4.38168,-0.160305,1.048908,5.527888,8234,14392,6157,8234,0,59.289,5,normal
1780604679.9497597,17.516416300000856,239541,0.027588,0.000732,1.028809,0.068702,2.709924,-1.129771,1.029179,2.936799,8235,14394,6158,8235,0,71.942,5,normal
1780604679.9818528,17.54850939998869,239572,0.043701,-0.027344,1.05957,1.503817,3.175573,-0.541985,1.060824,3.555204,8236,14396,6159,8236,0,71.942,5,normal
1780604680.0125358,17.57919249999395,239603,0.043213,-0.040527,1.051514,3.038168,2.961832,-0.10687,1.053181,4.24433,8239,14400,6160,8239,0,71.942,5,normal
1780604680.0437505,17.610407000000123,239634,0.047363,-0.009277,1.034912,0.076336,3.015267,-0.80916,1.036037,3.122884,8242,14404,6161,8242,0,71.942,5,normal
1780604680.0745385,17.64119509999,239665,0.063477,-0.028564,1.056152,2.221374,2.419847,-0.366412,1.058444,3.305211,8244,14408,6163,8244,0,71.942,0,normal
1780604680.1063113,17.672967799997423,239696,0.033447,-0.02002,1.060547,3.091603,2.687023,-0.290076,1.061263,4.106366,8247,14412,6164,8247,0,71.942,5,normal
1780604680.1362429,17.702899500000058,239727,0.067627,0.020996,1.052002,-0.030534,3.045802,-1.236641,1.054382,3.287419,8248,14414,6165,8248,0,71.942,5,normal
1780604680.168687,17.73534369999834,239758,0.042236,-0.051758,1.05249,2.015267,2.51145,-0.129771,1.054608,3.222658,8249,14417,6167,8249,1,71.942,18,normal
1780604680.199839,17.766495699994266,239790,0.036377,-0.019775,1.057617,2.061069,2.328244,-0.519084,1.058427,3.152487,8251,14420,6168,8251,0,71.942,5,normal
1780604680.2312717,17.79792839998845,239821,0.046875,-0.015625,1.053711,-0.030534,2.603053,-0.992366,1.054869,2.785967,8253,14424,6170,8253,0,64.286,5,normal
1780604680.2622032,17.828859799992642,239852,0.069092,-0.059326,1.049316,2.633588,2.450382,-0.435114,1.053261,3.623462,8254,14429,6174,8254,1,64.286,17,normal
1780604680.292504,17.85916069999803,239883,0.055176,-0.022461,1.055176,1.877863,2.427481,0.152672,1.056856,3.072839,8258,14434,6175,8258,0,64.286,5,normal
1780604680.324456,17.891112599987537,239914,0.022949,-0.021484,1.05542,0.21374,2.305344,-1.061069,1.055888,2.546794,8259,14436,6176,8259,0,64.286,5,normal
1780604680.35406,17.92071659999783,239945,0.042969,0.003174,1.047363,3.854962,3.343511,-0.053435,1.048249,5.1032,8261,14439,6177,8261,1,64.286,17,normal
1780604680.3856113,17.952267899992876,239976,0.047607,0.023438,1.038086,1.244275,2.89313,-0.480916,1.039441,3.18586,8264,14444,6179,8264,0,64.286,6,normal
1780604680.4157228,17.982379399996717,240007,0.036621,-0.054688,1.062256,-0.114504,2.59542,-0.984733,1.064293,2.778312,8265,14446,6180,8265,0,64.286,5,normal
1780604680.447242,18.01389869999548,240038,0.046631,-0.009033,1.049316,3.839695,3.480916,0.045802,1.050391,5.182869,8267,14449,6181,8267,1,64.286,17,normal
1780604680.478287,18.04494349999004,240069,0.059326,0.005371,1.036865,0.412214,2.442748,-0.496183,1.038575,2.526487,8270,14454,6183,8270,0,64.286,0,normal
1780604680.5089817,18.07563819999632,240099,0.035156,-0.054688,1.059814,0.022901,2.564885,-1.183206,1.061807,2.824737,8271,14456,6184,8271,0,64.748,5,normal
1780604680.540287,18.106943499995396,240130,0.033691,-0.013672,1.033447,3.687023,3.923664,0.091603,1.034087,5.384948,8274,14461,6186,8274,1,64.748,3,normal
1780604680.570367,18.137023699993733,240161,0.035156,0.007813,1.032471,0.580153,2.564885,-0.732824,1.033099,2.72988,8276,14464,6187,8276,0,64.748,5,normal
1780604680.6005132,18.167169899999863,240191,0.040039,-0.04834,1.062988,-0.053435,2.801527,-1.114504,1.06484,3.015548,8277,14466,6188,8277,0,64.748,5,normal
1780604680.6302648,18.196921399998246,240222,0.038086,0.000732,1.046631,3.709924,3.80916,0.0,1.047324,5.317258,8279,14469,6189,8279,1,64.748,16,normal
1780604680.661487,18.22814359999029,240252,0.048096,0.026367,1.041748,1.320611,3.053435,-0.519084,1.043191,3.367035,8281,14472,6190,8281,0,64.748,5,normal
1780604680.693375,18.260031599987997,240283,0.054688,-0.051758,1.061523,0.229008,2.587786,-1.030534,1.064191,2.794832,8284,14476,6191,8284,1,64.748,5,normal
1780604680.7233186,18.28997509999317,240314,0.046631,-0.00415,1.044434,3.763359,3.160305,-0.236641,1.045482,4.92,8288,14481,6192,8288,1,64.748,16,normal
1780604680.7546098,18.321266300001298,240345,0.050049,0.01416,1.032959,0.40458,2.374046,-0.679389,1.034268,2.502269,8292,14486,6193,8292,0,64.748,5,normal
1780604680.7847679,18.351424399996176,240376,0.044189,-0.039795,1.063232,0.977099,2.59542,-0.908397,1.064894,2.918238,8293,14488,6194,8293,0,79.422,5,normal
1780604680.8164399,18.38309649999428,240406,0.041016,-0.022217,1.050293,3.633588,3.89313,-0.40458,1.051328,5.340702,8295,14491,6195,8295,1,79.422,16,normal
1780604680.846987,18.41364369999792,240438,0.030029,0.0,1.046143,0.10687,2.984733,-1.091603,1.046573,3.179882,8298,14496,6197,8298,0,79.422,6,normal
1780604680.8780034,18.444659899992985,240468,0.061035,-0.061768,1.064453,0.59542,2.954198,-0.59542,1.067989,3.071862,8299,14498,6198,8299,0,79.422,5,normal
1780604680.9090617,18.47571829998924,240499,0.064453,-0.036133,1.058838,3.580153,3.244275,-0.320611,1.061413,4.842066,8302,14502,6199,8302,0,79.422,6,normal
1780604680.9393752,18.506031699987943,240530,0.055908,-0.019531,1.037109,0.152672,2.557252,-0.954198,1.038799,2.733741,8304,14506,6201,8304,0,79.422,0,normal
1780604680.970386,18.537042500000098,240561,0.036133,-0.02124,1.057129,1.381679,2.740458,-0.641221,1.057959,3.135333,8305,14508,6202,8305,0,79.422,5,normal
1780604681.001846,18.568502699999954,240592,0.05249,-0.039795,1.054443,3.412214,3.496183,-0.251908,1.056499,4.891826,8309,14514,6204,8309,0,79.422,5,normal
1780604681.0325222,18.59917879999557,240623,0.0354,-0.018555,1.039551,-0.022901,3.091603,-1.068702,1.040319,3.271186,8310,14516,6205,8310,0,79.422,5,normal
1780604681.0627701,18.62942669999029,240654,0.038086,-0.0354,1.0625,2.083969,2.824427,-0.152672,1.063772,3.51335,8311,14518,6206,8311,0,64.748,4,normal
1780604681.0952663,18.661922999992385,240685,0.043457,-0.018799,1.045898,2.419847,3.198473,-0.480916,1.04697,4.039452,8314,14522,6207,8314,0,64.748,5,normal
1780604681.1260512,18.692707700000028,240716,0.058594,0.018799,1.05249,-0.183206,2.801527,-0.961832,1.054288,2.967699,8315,14524,6208,8315,0,64.748,5,normal
1780604681.1565464,18.723202900000615,240747,0.027588,-0.079834,1.05542,1.839695,2.29771,-0.022901,1.058794,2.943548,8317,14531,6213,8317,1,64.748,3,normal
1780604681.1875997,18.7542562999879,240778,0.032959,-0.027588,1.063232,2.244275,2.145038,-0.610687,1.064101,3.164,8320,14536,6215,8320,0,64.748,0,normal
1780604681.2177312,18.784387799998512,240809,0.052002,-0.009277,1.060547,-0.061069,2.961832,-1.08397,1.061862,3.154548,8321,14538,6216,8321,0,64.748,5,normal
1780604681.2494304,18.81608689999848,240840,0.0271,-0.076172,1.042969,2.183206,3.40458,-0.251908,1.046098,4.052285,8322,14541,6218,8322,1,64.748,19,normal
1780604681.2806318,18.847288399992976,240871,0.041748,-0.019287,1.051025,1.343511,2.923664,0.007634,1.052031,3.217591,8324,14544,6219,8324,0,64.748,5,normal
1780604681.3119755,18.87863199999265,240902,0.015137,-0.021729,1.051514,0.053435,2.229008,-1.030534,1.051847,2.456284,8326,14548,6221,8326,0,64.748,5,normal
1780604681.3425398,18.90919639999629,240933,0.063232,-0.057373,1.042969,2.89313,3.076336,-0.221374,1.046458,4.228836,8327,14551,6223,8327,1,57.348,18,normal
1780604681.3781004,18.944756999990204,240969,0.045654,-0.018799,1.051514,1.671756,2.236641,0.0,1.052672,2.79237,8329,14554,6224,8329,0,57.348,5,normal
1780604681.409641,18.976297499990324,241000,0.047363,-0.056396,1.054932,1.832061,2.465649,0.045802,1.057499,3.072128,8331,14559,6227,8331,1,57.348,15,normal
1780604681.4414458,19.008102499996312,241032,0.027588,-0.014404,1.060547,1.725191,2.19084,-0.40458,1.061003,2.817756,8333,14562,6228,8333,0,57.348,5,normal
1780604681.4737012,19.040357799996855,241064,0.018311,-0.038818,1.064697,0.061069,2.282443,-1.10687,1.065562,2.537407,8336,14566,6229,8336,0,57.348,5,normal
1780604681.5065315,19.073188099995605,241096,0.032959,-0.010742,1.035644,3.748092,3.862595,-0.389313,1.036224,5.396239,8339,14571,6231,8339,1,57.348,14,normal
1780604681.537236,19.103892599989194,241127,0.035889,-0.00415,1.023193,0.389313,2.931298,-0.89313,1.023831,3.088972,8341,14574,6232,8341,0,57.348,5,normal
1780604681.567556,19.134212499993737,241158,0.036377,-0.062256,1.062744,1.160305,2.717557,-0.908397,1.065187,3.091377,8342,14576,6233,8342,0,57.348,5,normal
1780604681.5987806,19.165437199990265,241189,0.04541,-0.034912,1.050781,3.557252,3.603053,-0.351145,1.052341,5.075366,8346,14582,6235,8346,0,74.219,6,normal
1780604681.6291919,19.19584849999228,241220,0.031494,-0.011719,1.033936,0.10687,2.862595,-1.030534,1.034481,3.044318,8348,14586,6237,8348,0,74.219,5,normal
1780604681.660508,19.22716439999931,241251,0.066162,-0.018555,1.062988,1.717557,2.694656,-0.465649,1.065207,3.229242,8350,14590,6239,8350,0,74.219,0,normal
1780604681.6913373,19.257993899998837,241282,0.048828,-0.029297,1.047607,3.076336,3.282443,-0.251908,1.049154,4.505744,8353,14594,6240,8353,0,74.219,6,normal
1780604681.7225337,19.289190399998915,241313,0.058594,0.000244,1.037354,0.351145,2.610687,-1.022901,1.039007,2.82583,8356,14598,6241,8356,0,74.219,6,normal
1780604681.754201,19.32085749998805,241344,0.041016,-0.025635,1.060303,2.167939,3.122137,0.045802,1.061405,3.801289,8358,14602,6243,8358,0,74.219,0,normal
1780604681.786867,19.353523499987205,241375,0.038818,-0.020752,1.048584,2.877863,2.961832,-0.099237,1.049507,4.130906,8361,14606,6244,8361,0,74.219,5,normal
1780604681.815359,19.38201579998713,241406,0.043701,0.00708,1.047119,-0.137405,3.473282,-1.076336,1.048055,3.638828,8362,14608,6245,8362,0,74.219,5,normal
1780604681.847093,19.41374979999091,241437,0.015137,-0.075195,1.049072,1.961832,2.061069,-0.175573,1.051873,2.850897,8363,14611,6247,8363,1,74.219,18,normal
1780604681.8779624,19.444618900000933,241468,0.016602,-0.014893,1.058106,2.129771,3.114504,-0.40458,1.05834,3.7947,8367,14616,6248,8367,0,75.269,6,normal
1780604681.9074686,19.474125199994887,241499,0.053223,-0.001709,1.049805,-0.083969,2.816794,-0.908397,1.051154,2.960838,8369,14620,6250,8369,0,75.269,5,normal
1780604681.9402492,19.506905899994308,241530,0.039551,-0.08374,1.046875,1.656489,3.290076,-0.458015,1.050963,3.711918,8370,14625,6254,8370,1,75.269,18,normal
1780604681.9690163,19.535672799989698,241561,0.041016,-0.016357,1.054932,1.618321,2.59542,-0.442748,1.055855,3.0905,8374,14630,6255,8374,0,75.269,5,normal
1780604682.0002406,19.566897199998493,241591,0.044922,-0.00293,1.062256,-0.114504,3.312977,-1.19084,1.063209,3.522361,8375,14632,6256,8375,0,75.269,5,normal
1780604682.032153,19.598809499992058,241622,0.035156,-0.088623,1.046387,2.038168,3.290076,-0.183206,1.050721,3.87457,8376,14635,6258,8376,1,75.269,18,normal
1780604682.063554,19.630210599993006,241654,0.030762,-0.015625,1.062256,1.419847,2.931298,-0.396947,1.062816,3.281164,8379,14640,6260,8379,0,75.269,5,normal
1780604682.094864,19.661520399997244,241685,0.010498,-0.027344,1.052978,0.19084,1.977099,-0.931298,1.053386,2.193777,8382,14644,6261,8382,0,75.269,5,normal
1780604682.1261785,19.692835199995898,241716,0.048096,-0.016113,1.04126,3.48855,3.290076,-0.458015,1.042494,4.81709,8383,14647,6263,8383,1,75.269,18,normal
1780604682.1561377,19.72279419998813,241747,0.065918,-0.000732,1.052002,1.778626,2.603053,-0.152672,1.054065,3.156376,8386,14652,6265,8386,0,68.1,1,normal
1780604682.1868513,19.753507899993565,241777,0.018311,-0.011963,1.056396,-0.099237,2.320611,-0.854962,1.056623,2.475084,8387,14654,6266,8387,0,68.1,5,normal
1780604682.2172828,19.78393929998856,241808,0.056885,-0.05542,1.044678,3.656489,2.618321,-0.343511,1.047692,4.510378,8389,14659,6269,8389,1,68.1,3,normal
1780604682.2481463,19.814802799999597,241839,0.039551,0.014404,1.035644,1.465649,2.954198,-0.40458,1.0365,3.322514,8391,14662,6270,8391,0,68.1,5,normal
1780604682.2805884,19.84724489999644,241870,0.025391,-0.045166,1.063477,0.282443,2.061069,-0.969466,1.064738,2.295134,8392,14664,6271,8392,0,68.1,5,normal
1780604682.3107553,19.877411800000118,241901,0.031738,-0.025879,1.047607,3.824427,3.0,-0.305344,1.048408,4.870264,8394,14667,6272,8394,1,68.1,17,normal
1780604682.3414078,19.908064299990656,241932,0.047119,-0.005371,1.032227,0.549618,2.366412,-0.40458,1.033315,2.462858,8396,14670,6273,8396,0,68.1,5,normal
1780604682.3726268,19.9392833999882,241963,0.043701,-0.052734,1.0625,0.328244,2.19084,-1.312977,1.064705,2.575157,8400,14676,6275,8400,0,68.1,1,normal
1780604682.4031742,19.9698306999926,241994,0.054443,-0.029053,1.045898,3.977099,3.89313,0.068702,1.047717,5.565833,8402,14679,6276,8402,1,68.1,17,normal
1780604682.4341762,20.000832699995954,242025,0.026855,-0.000244,1.027344,0.099237,2.366412,-1.061069,1.027695,2.595308,8406,14684,6277,8406,0,71.942,5,normal
1780604682.4658098,20.03246629999194,242056,0.055176,-0.020996,1.066162,1.496183,3.091603,-0.564886,1.067795,3.480757,8407,14686,6278,8407,0,71.942,5,normal
1780604682.4973533,20.06400980000035,242088,0.060791,-0.024902,1.047852,2.946565,3.335878,-0.839695,1.049909,4.529394,8410,14690,6279,8410,0,71.942,5,normal
1780604682.5285995,20.095256000000518,242119,0.047119,0.007813,1.041504,0.541985,2.641221,-1.236641,1.042598,2.966324,8412,14694,6281,8412,0,71.942,5,normal
1780604682.5602436,20.126900199989905,242149,0.067871,-0.022705,1.058838,1.793893,2.946565,-0.351145,1.061254,3.467506,8413,14696,6282,8413,0,71.942,4,normal
1780604682.591456,20.158112499993877,242181,0.015869,-0.019287,1.050049,2.396947,2.916031,-0.435114,1.050346,3.799725,8416,14700,6283,8416,0,71.942,5,normal
1780604682.620718,20.18737469999178,242212,0.049072,0.001465,1.056152,0.198473,2.732824,-1.221374,1.057293,2.999912,8418,14704,6285,8418,0,71.942,1,normal
1780604682.6522522,20.218908899987582,242243,0.033447,-0.083008,1.047363,1.824428,2.442748,-0.21374,1.05118,3.056344,8420,14709,6288,8420,1,71.942,3,normal
1780604682.6834955,20.25015199999325,242274,0.029053,-0.01709,1.063232,2.236641,2.656489,-0.251908,1.063766,3.481803,8423,14714,6290,8423,0,71.942,5,normal
1780604682.7151394,20.281795899994904,242305,0.065674,-0.010742,1.050537,0.198473,2.679389,-1.053435,1.052643,2.88587,8425,14718,6292,8425,0,67.857,0,normal
1780604682.745896,20.31255269999383,242336,0.067383,-0.072266,1.05127,2.053435,2.435115,-0.458015,1.055903,3.218098,8426,14721,6294,8426,1,67.857,18,normal
1780604682.777219,20.343875599995954,242368,0.056641,-0.003906,1.053467,1.519084,2.320611,-0.160305,1.054996,2.778228,8428,14724,6295,8428,0,67.857,5,normal
1780604682.809215,20.37587160000112,242399,0.042969,-0.030273,1.070557,0.076336,2.519084,-0.900763,1.071846,2.676375,8429,14726,6296,8429,0,67.857,5,normal
1780604682.8397753,20.40643179998733,242430,0.050293,-0.012451,1.043213,3.458015,3.496183,-0.343511,1.044499,4.929418,8434,14733,6298,8434,1,67.857,3,normal
1780604682.8709936,20.437650199994096,242461,0.043701,0.015625,1.047363,1.198473,2.320611,-0.419847,1.048391,2.645344,8437,14738,6300,8437,0,67.857,0,normal
1780604682.9021065,20.468762999997125,242492,0.036133,-0.064697,1.062012,0.541985,2.442748,-0.961832,1.064594,2.68065,8438,14740,6301,8438,0,67.857,5,normal
1780604682.9332356,20.499892199994065,242524,0.062012,-0.043213,1.048584,3.48855,3.59542,-0.541985,1.051304,5.038926,8442,14746,6303,8442,0,67.857,5,normal
1780604682.963556,20.530212599987863,242555,0.022461,-0.005371,1.025146,0.091603,2.78626,-0.984733,1.025407,2.956574,8443,14748,6304,8443,0,72.0,5,normal
1780604682.9965284,20.56318489999103,242586,0.05957,-0.020264,1.047852,1.870229,2.664122,-0.335878,1.049739,3.272326,8446,14752,6305,8446,0,72.0,5,normal
1780604683.0268912,20.5935477999883,242617,0.057861,-0.032227,1.053467,3.450382,3.862595,-0.381679,1.055547,5.193309,8449,14756,6306,8449,0,72.0,6,normal
1780604683.0572567,20.62391339999158,242648,0.041016,0.00415,1.039795,0.251908,2.259542,-1.114504,1.040612,2.532016,8450,14758,6307,8450,0,72.0,5,normal
1780604683.0872242,20.653880899990327,242678,0.058594,-0.023926,1.05835,1.564886,2.59542,-0.549618,1.06024,3.080122,8451,14760,6308,8451,0,72.0,5,normal
1780604683.1171417,20.68379840000125,242708,0.046875,-0.036133,1.059814,3.847328,3.603053,-0.366412,1.061466,5.283766,8455,14766,6310,8455,0,72.0,5,normal
1780604683.1487029,20.715359399997396,242739,0.040771,-0.009521,1.042969,-0.122137,2.610687,-1.145038,1.043809,2.853369,8457,14770,6312,8457,0,72.0,5,normal
1780604683.1784728,20.745129299990367,242769,0.033203,-0.045654,1.064453,0.633588,2.312977,-1.137405,1.065949,2.654239,8459,14774,6314,8459,0,72.0,0,normal
1780604683.2098029,20.77645949998987,242800,0.036377,-0.0354,1.052978,3.435115,3.954198,-0.526718,1.054201,5.264326,8462,14778,6315,8462,0,72.0,5,normal
1780604683.240568,20.807224499993026,242831,0.023193,-0.010254,1.020508,0.061069,2.389313,-1.091603,1.020823,2.627574,8463,14780,6316,8463,0,72.464,5,normal
1780604683.2724206,20.839077199998428,242862,0.043213,-0.026855,1.057129,2.061069,2.862595,-0.557252,1.058352,3.571132,8466,14784,6317,8466,0,72.464,1,normal
1780604683.303615,20.870271599997068,242894,0.043457,-0.013672,1.051025,3.076336,3.007634,-0.633588,1.052012,4.348694,8469,14788,6318,8469,0,72.464,5,normal
1780604683.3342135,20.900869999997667,242925,0.039551,0.027588,1.04834,-0.007634,2.687023,-0.977099,1.049448,2.859174,8470,14790,6319,8470,0,72.464,5,normal
1780604683.3660614,20.932718099997146,242956,0.033691,-0.037354,1.064209,1.908397,2.358779,-0.167939,1.065397,3.038753,8471,14793,6321,8471,1,72.464,18,normal
1780604683.3969972,20.963653899991186,242988,0.002197,-0.015625,1.058106,1.89313,2.885496,-0.389313,1.058223,3.47298,8475,14798,6322,8475,0,72.464,5,normal
1780604683.4279058,20.99456239999563,243019,0.03125,-0.01416,1.054688,-0.129771,3.045802,-0.931298,1.055245,3.187642,8476,14800,6323,8476,0,72.464,5,normal
1780604683.4597523,21.026408799996716,243050,0.043701,-0.061768,1.045166,2.977099,2.427481,-0.183206,1.047901,3.845692,8477,14805,6327,8477,1,72.464,18,normal
1780604683.4906075,21.05726399998821,243081,0.052734,-0.023193,1.059814,1.564886,2.526718,-0.267176,1.061379,2.98405,8479,14808,6328,8479,0,64.0,5,normal
1780604683.5208316,21.08748809999088,243112,0.041504,-0.020508,1.056396,0.007634,2.450382,-0.931298,1.05741,2.621401,8480,14810,6329,8480,0,64.0,5,normal
1780604683.5528936,21.119550299990806,243143,0.054688,-0.007813,1.049561,3.603053,3.351145,-0.145038,1.051013,4.922723,8481,14813,6331,8481,1,64.0,18,normal
1780604683.5833411,21.149997599990456,243174,0.057861,0.01709,1.05249,1.206107,2.977099,-0.167939,1.054218,3.216522,8484,14818,6333,8484,0,64.0,5,normal
1780604683.614219,21.18087559999549,243205,0.014893,-0.03833,1.068604,-0.007634,1.977099,-1.221374,1.069394,2.323948,8487,14822,6334,8487,0,64.0,5,normal
1780604683.645138,21.21179449999181,243235,0.07373,-0.056152,1.038086,3.419847,3.259542,-0.244275,1.042215,4.730712,8490,14827,6336,8490,1,64.0,15,normal
1780604683.675016,21.24167239999224,243266,0.068115,-0.013916,1.05835,1.664122,2.557252,0.198473,1.060631,3.057488,8493,14832,6338,8493,0,64.0,0,normal
1780604683.7059782,21.27263479999965,243297,0.047852,-0.057617,1.066406,0.007634,2.465649,-1.236641,1.069033,2.758399,8494,14834,6339,8494,0,64.0,5,normal
1780604683.7548215,21.321478099998785,243328,0.052002,-0.005859,1.054199,3.290076,3.480916,-0.244275,1.055497,4.795941,8497,14839,6341,8497,1,64.0,4,normal
1780604683.7696886,21.33634529999108,243359,0.050293,0.014648,1.043945,0.244275,2.648855,-0.610687,1.045259,2.729293,8499,14842,6342,8499,0,71.942,5,normal
1780604683.8001065,21.366762999998173,243390,0.040771,-0.060059,1.068848,0.335878,2.374046,-1.099237,1.07131,2.637656,8500,14844,6343,8500,0,71.942,5,normal
1780604683.8306735,21.39733009999327,243421,0.037598,-0.025635,1.052246,3.717557,3.519084,-0.435114,1.05323,5.137461,8503,14848,6344,8503,0,71.942,5,normal
1780604683.8617554,21.42841189999308,243452,0.035156,-0.015137,1.027344,0.015267,2.740458,-0.931298,1.028056,2.894418,8506,14852,6345,8506,0,71.942,5,normal
1780604683.8936543,21.460310999987996,243484,0.036133,-0.028564,1.050049,1.885496,2.648855,-0.320611,1.051058,3.267158,8508,14858,6349,8508,0,71.942,1,normal
1780604683.9248867,21.4915433999995,243515,0.041992,-0.019775,1.05835,3.022901,3.396947,-0.641221,1.059367,4.592204,8511,14862,6350,8511,0,71.942,5,normal
1780604683.956906,21.523562599992147,243547,0.068115,-0.01416,1.049072,0.145038,3.351145,-1.053435,1.051377,3.515812,8514,14866,6351,8514,0,71.942,5,normal
1780604683.9897795,21.5564360999997,243579,0.063232,-0.072754,1.039551,2.320611,3.412214,-0.480916,1.04401,4.154482,8515,14869,6353,8515,1,71.942,18,normal
1780604684.0188413,21.58549789999961,243611,0.049561,0.017334,1.046631,1.328244,3.70229,-0.007634,1.047947,3.93335,8517,14872,6354,8517,0,71.429,5,normal
1780604684.0494964,21.616152999995393,243641,0.03125,-0.006348,1.046143,-0.076336,2.282443,-0.839695,1.046628,2.4332,8519,14876,6356,8519,0,71.429,5,normal
1780604684.0815418,21.648198299997603,243671,0.045654,-0.072754,1.045898,2.458015,2.396947,-0.206107,1.049419,3.439429,8520,14881,6360,8520,1,71.429,19,normal
1780604684.1121776,21.678834099991946,243703,0.046875,-0.000244,1.055176,1.29771,2.854962,-0.290076,1.056216,3.149445,8522,14884,6361,8522,0,71.429,5,normal
1780604684.1441176,21.710774099992705,243734,0.024414,-0.027588,1.044189,0.305344,2.114504,-0.847328,1.044839,2.298331,8524,14888,6363,8524,0,71.429,0,normal
1780604684.1747963,21.74145299999509,243765,0.032227,-0.007813,1.04834,3.351145,3.312977,-0.251908,1.048864,4.719052,8526,14891,6364,8526,1,71.429,17,normal
1780604684.2060077,21.772664199990686,243796,0.056152,0.01001,1.048584,1.19084,3.007634,-0.267176,1.050134,3.245819,8529,14896,6366,8529,0,71.429,5,normal
1780604684.2372837,21.803940199999488,243827,0.05542,-0.061523,1.075928,0.534351,1.977099,-1.274809,1.079109,2.412383,8530,14898,6367,8530,0,71.429,5,normal
1780604684.269503,21.836159599988605,243859,0.046387,-0.037354,1.054199,3.374046,3.251908,-0.129771,1.05588,4.68785,8533,14902,6368,8533,0,71.429,5,normal
1780604684.3008802,21.86753669999598,243891,0.0271,-0.011963,1.034668,0.129771,2.877863,-1.175572,1.035092,3.111415,8534,14904,6369,8534,0,60.714,5,normal
1780604684.3319416,21.898598100000527,243922,0.042236,-0.028076,1.052734,2.259542,2.580153,-0.396947,1.053955,3.452577,8536,14908,6371,8536,0,60.714,0,normal
1780604684.3622782,21.928934899988235,243953,0.03833,-0.014893,1.055908,2.923664,3.152672,-0.419847,1.056709,4.320118,8540,14914,6373,8540,0,60.714,5,normal
1780604684.394324,21.960980699994252,243984,0.059814,0.022461,1.047852,0.045802,3.282443,-0.946565,1.049798,3.416506,8542,14918,6375,8542,0,60.714,0,normal
1780604684.4251947,21.991851300001144,244015,0.056641,-0.037842,1.057373,2.21374,2.274809,-0.587786,1.059565,3.228141,8543,14921,6377,8543,1,60.714,18,normal
1780604684.455559,22.022215599994524,244046,0.031494,-0.015137,1.052246,2.519084,2.51145,-0.618321,1.052826,3.610469,8547,14926,6378,8547,0,60.714,5,normal
1780604684.486706,22.053362499995274,244077,0.050049,-0.005127,1.050537,0.198473,2.580153,-0.862595,1.051741,2.727756,8548,14928,6379,8548,0,60.714,5,normal
1780604684.5182042,22.084860699993442,244108,0.020996,-0.071045,1.040772,1.977099,3.618321,-0.473282,1.043405,4.150321,8549,14933,6383,8549,1,60.714,18,normal
1780604684.5501611,22.11681769999268,244140,0.036133,-0.013672,1.051758,1.580153,1.931298,-0.419847,1.052467,2.530428,8551,14936,6384,8551,0,60.714,5,normal
1780604684.5812447,22.147901299991645,244171,0.026611,-0.017334,1.054443,0.030534,2.442748,-0.977099,1.054922,2.631097,8552,14938,6385,8552,0,64.286,5,normal
1780604684.6120315,22.178687999999966,244202,0.045166,-0.01416,1.04541,3.259542,3.328244,-0.198473,1.046481,4.662748,8553,14941,6387,8553,1,64.286,18,normal
1780604684.640932,22.20758859999478,244233,0.056152,0.005371,1.053711,1.580153,2.496183,0.0,1.05522,2.954287,8556,14946,6389,8556,0,64.286,5,normal
1780604684.6733892,22.240045899990946,244263,0.040039,-0.019287,1.048828,-0.030534,2.396947,-1.030534,1.049769,2.609269,8558,14950,6391,8558,0,64.286,5,normal
1780604684.704442,22.271098599987454,244294,0.049316,-0.067139,1.038086,3.374046,3.099237,0.022901,1.041423,4.581482,8560,14955,6394,8560,1,64.286,14,normal
1780604684.7425058,22.30916229999275,244325,0.066895,0.005615,1.042725,1.29771,3.10687,-0.328244,1.044883,3.382963,8562,14958,6395,8562,0,64.286,5,normal
1780604684.7653363,22.33199279999826,244355,0.028809,-0.025391,1.051025,-0.061069,2.267176,-0.465649,1.051727,2.315306,8563,14960,6396,8563,0,64.286,5,normal
1780604684.7959492,22.362605899994378,244387,0.040039,-0.001953,1.047607,3.679389,2.961832,-0.015267,1.048374,4.723408,8565,14965,6399,8565,1,64.286,3,normal
1780604684.827315,22.39397169998847,244418,0.031006,0.000732,1.041992,0.496183,2.51145,-0.40458,1.042454,2.591769,8567,14968,6400,8567,0,64.286,5,normal
1780604684.8596048,22.426261399989016,244449,0.044678,-0.054443,1.074707,0.534351,2.267176,-1.381679,1.077012,2.708257,8568,14970,6401,8568,0,57.554,5,normal
1780604684.8903832,22.457039899993106,244481,0.039551,-0.033203,1.05542,3.274809,3.946565,-0.389313,1.056682,5.143084,8571,14974,6402,8571,0,57.554,5,normal
1780604684.9216094,22.488266000000294,244512,0.026611,-0.012695,1.033203,-0.022901,2.076336,-1.08397,1.033624,2.342368,8574,14978,6403,8574,0,57.554,5,normal
1780604684.9527304,22.519387099993764,244543,0.0354,-0.020264,1.066162,1.534351,2.633588,-0.656489,1.066942,3.117851,8576,14984,6407,8576,0,57.554,0,normal
1780604684.984199,22.550855599998613,244574,0.046143,-0.018799,1.050537,3.007634,3.221374,-0.641221,1.051718,4.453569,8579,14988,6408,8579,0,57.554,6,normal
1780604685.0151904,22.581846999994013,244606,0.049072,0.001221,1.054688,-0.152672,2.80916,-0.89313,1.055829,2.951672,8582,14992,6409,8582,0,57.554,5,normal
1780604685.0471432,22.613799799990375,244638,0.020264,-0.082764,1.03418,1.839695,2.977099,-0.465649,1.037684,3.530499,8583,14995,6411,8583,1,57.554,18,normal
1780604685.0798044,22.646461099997396,244669,0.041748,-0.020996,1.057129,1.496183,3.061069,-0.152672,1.058161,3.410574,8585,14998,6412,8585,0,57.554,5,normal
1780604685.111621,22.678277499988326,244701,0.041748,-0.044678,1.064209,0.068702,2.587786,-0.961832,1.065964,2.761608,8588,15002,6413,8588,0,79.365,5,normal
1780604685.1440127,22.7106691999943,244733,0.059082,-0.018799,1.056396,3.389313,3.862595,-0.21374,1.058214,5.143226,8592,15007,6414,8592,1,79.365,16,normal
1780604685.175714,22.74237069999799,244765,0.035156,-0.016602,1.040527,0.351145,2.335878,-1.21374,1.041253,2.65571,8596,15012,6415,8596,0,79.365,5,normal
1780604685.206829,22.773485599987907,244796,0.043213,-0.024658,1.066162,1.091603,2.717557,-0.816794,1.067322,3.040373,8598,15016,6417,8598,0,79.365,0,normal
1780604685.2371595,22.803816100000404,244827,0.044434,-0.039062,1.067383,3.007634,3.198473,-0.51145,1.069021,4.420144,8601,15020,6418,8601,0,79.365,6,normal
1780604685.2679105,22.83456699999806,244858,0.047607,0.006348,1.035156,0.312977,2.320611,-1.114504,1.03627,2.59332,8603,15024,6420,8603,0,79.365,6,normal
1780604685.298253,22.86490970000159,244888,0.025635,-0.016357,1.062012,1.541985,2.587786,-0.870229,1.062447,3.135547,8604,15026,6421,8604,0,79.365,5,normal
1780604685.3302498,22.896906299996772,244919,0.049072,-0.039795,1.062744,2.618321,3.450382,-0.541985,1.06462,4.365144,8607,15030,6422,8607,0,79.365,6,normal
1780604685.3605313,22.927187900000717,244950,0.033203,-0.015625,1.037109,0.221374,2.40458,-0.923664,1.037758,2.585376,8608,15032,6423,8608,0,79.365,5,normal
1780604685.391193,22.957849400001578,244981,0.050781,-0.036133,1.054443,2.114504,2.839695,-0.458015,1.056284,3.569982,8610,15036,6425,8610,0,78.571,0,normal
1780604685.4216056,22.988262200000463,245012,0.035156,-0.015381,1.059814,3.076336,3.0,-0.374046,1.060509,4.313206,8614,15042,6427,8614,0,78.571,5,normal
1780604685.4522362,23.018892699998105,245042,0.036865,-0.008057,1.041992,0.396947,2.603053,-1.114504,1.042675,2.859296,8616,15046,6429,8616,0,78.571,0,normal
1780604685.4847887,23.051445299992338,245073,0.051758,-0.024902,1.063721,2.21374,2.847328,-0.290076,1.06527,3.618296,8617,15048,6430,8617,0,78.571,5,normal
1780604685.514094,23.080750699999044,245104,0.040771,-0.022949,1.060547,2.679389,2.343511,-0.450382,1.061578,3.588038,8620,15052,6431,8620,0,78.571,5,normal
1780604685.5454633,23.112119999990682,245135,0.062744,0.008301,1.055664,0.419847,3.160305,-1.061069,1.05756,3.36001,8621,15054,6432,8621,0,78.571,5,normal
1780604685.5764267,23.143083399991156,245166,0.046631,-0.050049,1.049316,2.068702,2.541985,-0.320611,1.051544,3.293024,8622,15059,6436,8622,1,78.571,18,normal
1780604685.6087859,23.175442399995518,245198,0.046875,-0.015869,1.05249,1.450382,2.374046,-0.526718,1.053653,2.831454,8624,15062,6437,8624,0,78.571,5,normal
1780604685.6393876,23.206044199992903,245229,0.036377,-0.028564,1.051025,-0.022901,2.564885,-1.007634,1.052043,2.75581,8625,15064,6438,8625,0,78.571,5,normal
1780604685.6703165,23.23697309999261,245260,0.070801,-0.073975,1.039795,2.564885,2.450382,-0.580153,1.044825,3.594382,8627,15069,6441,8627,1,60.932,15,normal
1780604685.7007759,23.267432499997085,245291,0.044678,-0.020996,1.049316,2.259542,2.473282,0.152672,1.050477,3.3535,8629,15072,6442,8629,0,60.932,5,normal
1780604685.7326577,23.299314199990476,245322,0.020264,-0.020264,1.053955,0.053435,2.557252,-0.801527,1.054344,2.680455,8632,15076,6443,8632,0,60.932,5,normal
1780604685.764268,23.33092459999898,245353,0.04248,-0.004883,1.048584,3.610687,3.015267,-0.206107,1.049455,4.708649,8633,15079,6445,8633,1,60.932,18,normal
1780604685.793627,23.360283599991817,245384,0.04248,0.01416,1.041016,1.29771,2.80916,-0.290076,1.041978,3.107986,8635,15082,6446,8635,0,60.932,5,normal
1780604685.825284,23.391940499990596,245415,0.044189,-0.049561,1.063965,0.068702,2.442748,-0.885496,1.066035,2.5992,8636,15084,6447,8636,0,60.932,5,normal
1780604685.8560636,23.42272009998851,245446,0.046143,0.008545,1.043457,3.587786,3.900763,-0.274809,1.044512,5.306947,8639,15089,6449,8639,1,60.932,3,normal
1780604685.8873565,23.45401309999579,245477,0.056641,0.013428,1.040527,0.679389,2.664122,-0.137405,1.042154,2.752816,8642,15094,6451,8642,0,60.932,5,normal
1780604685.9180343,23.48469079998904,245508,0.044678,-0.047363,1.063232,0.572519,2.412214,-1.099237,1.065224,2.711987,8644,15098,6453,8644,0,60.932,1,normal
1780604685.949823,23.516479400001117,245539,0.053711,-0.033936,1.052734,3.740458,3.442748,-0.21374,1.05465,5.088146,8647,15102,6454,8647,0,71.685,5,normal
1780604685.9813762,23.5480327999976,245571,0.039795,-0.016357,1.045654,0.152672,2.19084,-0.923664,1.046539,2.382486,8650,15106,6455,8650,0,71.685,5,normal
1780604686.012895,23.579551599992556,245603,0.043701,-0.029541,1.060303,2.022901,2.305344,-0.496183,1.061614,3.106917,8652,15110,6457,8652,1,71.685,1,normal
1780604686.0444014,23.611058099995716,245634,0.030518,-0.027344,1.057129,2.534351,2.015267,-0.450382,1.057923,3.26911,8655,15114,6458,8655,0,71.685,5,normal
1780604686.0743763,23.641032899991842,245665,0.055664,-0.001465,1.047119,-0.206107,2.603053,-0.900763,1.048599,2.762199,8656,15116,6459,8656,0,71.685,5,normal
1780604686.1068616,23.67351819999749,245696,0.034912,-0.080078,1.044922,2.206107,2.068702,-0.236641,1.048567,3.033552,8657,15119,6461,8657,1,71.685,18,normal
1780604686.1385603,23.70521679999365,245728,0.044922,-0.019043,1.057129,1.778626,2.389313,-0.244275,1.058254,2.988645,8661,15124,6462,8661,0,71.685,5,normal
1780604686.1695137,23.73617039999226,245759,0.036133,-0.031494,1.045166,0.381679,2.198473,-0.946565,1.046264,2.423829,8664,15128,6463,8664,0,71.685,5,normal
1780604686.200671,23.76732759999868,245790,0.064941,-0.025635,1.051758,3.320611,3.29771,-0.396947,1.054073,4.696692,8666,15133,6466,8666,1,75.697,18,normal
1780604686.2309928,23.797649299987825,245821,0.063721,0.002441,1.061279,1.732824,3.183206,0.099237,1.063193,3.625649,8670,15138,6467,8670,0,75.697,5,normal
1780604686.2618618,23.82851849999861,245851,0.041992,-0.024658,1.056641,0.022901,2.083969,-1.290076,1.057762,2.451071,8671,15140,6468,8671,0,75.697,5,normal
1780604686.293013,23.859669599987683,245882,0.056396,-0.069092,1.044434,3.045802,3.282443,-0.755725,1.048235,4.541196,8672,15143,6470,8672,1,75.697,18,normal
1780604686.3224354,23.889091999997618,245913,0.078369,-0.000977,1.04834,1.954198,2.51145,-0.251908,1.051266,3.192136,8675,15148,6472,8675,0,75.697,5,normal
1780604686.3560827,23.922739199988428,245944,0.041016,-0.040283,1.054932,0.40458,2.427481,-1.244275,1.056497,2.757638,8678,15152,6473,8678,0,75.697,5,normal
1780604686.3869047,23.953561199989053,245976,0.055908,-0.022217,1.048828,3.770992,3.51145,-0.21374,1.050552,5.157165,8681,15156,6474,8681,0,75.697,5,normal
1780604686.4179454,23.98460189999605,246008,0.041504,-0.021973,1.040283,-0.061069,2.671756,-0.51145,1.041343,2.720954,8683,15160,6476,8683,0,75.697,0,normal
1780604686.4490755,24.015732100000605,246039,0.061035,-0.032471,1.068359,1.442748,2.748092,-0.519084,1.070594,3.1469,8684,15162,6477,8684,0,75.697,5,normal
1780604686.4802122,24.046868899997207,246070,0.052734,-0.033203,1.052246,3.374046,2.450382,-0.267176,1.05409,4.178509,8688,15168,6479,8688,0,78.571,5,normal
1780604686.5115986,24.078255100001115,246102,0.044678,0.022705,1.054199,-0.007634,3.21374,-1.274809,1.05539,3.457358,8689,15170,6480,8689,0,78.571,5,normal
1780604686.5439675,24.11062399999355,246133,0.050781,-0.053223,1.050781,1.671756,2.717557,-0.114504,1.053353,3.192647,8690,15173,6482,8690,1,78.571,17,normal
1780604686.5749876,24.14164429999073,246164,0.032227,-0.019043,1.063721,2.427481,2.450382,-0.229008,1.064379,3.456802,8692,15176,6483,8692,0,78.571,5,normal
1780604686.6041417,24.170798299994203,246195,0.058838,-0.009521,1.053955,0.236641,2.778626,-1.129771,1.055639,3.008844,8693,15178,6484,8693,0,78.571,5,normal
1780604686.6361523,24.202808899994125,246226,0.042236,-0.080566,1.04541,2.083969,2.458015,-0.419847,1.04936,3.249775,8695,15185,6489,8695,1,78.571,4,normal
1780604686.6669426,24.233599099999992,246257,0.020264,-0.028809,1.055664,2.022901,2.717557,-0.328244,1.056251,3.403673,8699,15190,6490,8699,0,78.571,0,normal
1780604686.6995287,24.266185199987376,246289,0.03833,-0.023438,1.056885,0.091603,2.427481,-0.687023,1.057839,2.524491,8700,15192,6491,8700,0,78.571,5,normal
1780604686.7293274,24.29598409999744,246320,0.064697,-0.012207,1.052002,3.748092,3.221374,-0.312977,1.05406,4.95211,8703,15197,6493,8703,1,60.0,15,normal
1780604686.7611814,24.327837899996666,246351,0.057617,0.025146,1.039795,1.305344,2.740458,-0.10687,1.041694,3.037343,8705,15200,6494,8705,0,60.0,5,normal
1780604686.7921314,24.35878799999773,246382,0.030762,-0.04126,1.065674,0.229008,2.29771,-0.908397,1.066916,2.481351,8708,15204,6495,8708,0,60.0,5,normal
1780604686.822193,24.388849599999958,246413,0.043213,-0.005615,1.046387,3.335878,4.038168,-0.389313,1.047294,5.25228,8710,15207,6496,8710,1,60.0,18,normal
1780604686.853282,24.419938599996385,246443,0.070312,0.016357,1.044189,1.335878,3.251908,-0.458015,1.046682,3.545314,8712,15210,6497,8712,0,60.0,5,normal
1780604686.8856082,24.452264799998375,246474,0.04126,-0.040039,1.062012,0.21374,2.015267,-1.236641,1.063567,2.374082,8714,15214,6499,8714,0,60.0,0,normal
1780604686.91505,24.48170669999672,246505,0.038574,-0.003174,1.035644,3.587786,3.748092,-0.419847,1.036368,5.205446,8717,15219,6501,8717,1,60.0,3,normal
1780604686.9461017,24.512758199998643,246536,0.045654,0.012695,1.037109,0.954198,2.480916,-0.465649,1.038191,2.698568,8720,15224,6503,8720,0,60.0,5,normal
1780604686.983153,24.549809699994512,246573,0.023926,-0.040283,1.058594,0.740458,2.709924,-0.977099,1.05963,2.974338,8722,15229,6506,8722,1,75.099,16,normal
1780604687.013743,24.580399400001625,246604,0.060547,0.007568,1.046387,1.496183,3.496183,-0.236641,1.048164,3.810231,8724,15232,6507,8724,0,75.099,5,normal
1780604687.0464964,24.61315299999842,246635,0.029785,-0.032715,1.068848,0.503817,2.679389,-1.030534,1.069763,2.914611,8725,15234,6508,8725,0,75.099,5,normal
1780604687.076802,24.6434586999967,246667,0.041748,-0.013428,1.045166,3.442748,3.984733,0.038168,1.046086,5.266124,8728,15239,6510,8728,1,75.099,3,normal
1780604687.1094067,24.676063399994746,246698,0.026611,-0.012939,1.029053,0.267176,2.282443,-0.603053,1.029478,2.375837,8730,15242,6511,8730,0,75.099,5,normal
1780604687.141593,24.708249599992996,246730,0.04834,-0.022461,1.060547,1.473282,2.572519,-0.274809,1.061886,2.977236,8731,15244,6512,8731,0,75.099,5,normal
1780604687.1727028,24.739359300001524,246761,0.039795,-0.0271,1.062012,2.938931,2.580153,-0.412214,1.063102,3.932484,8734,15248,6513,8734,0,75.099,6,normal
1780604687.2036958,24.770352299994556,246793,0.037354,0.026611,1.042236,0.10687,3.572519,-1.206107,1.043245,3.772136,8737,15252,6514,8737,0,75.099,5,normal
1780604687.2352939,24.801950399996713,246824,0.029541,-0.032959,1.05835,1.870229,2.80916,-0.068702,1.059275,3.375479,8739,15259,6519,8739,1,67.729,3,normal
1780604687.2662766,24.83293330000015,246855,0.014404,-0.019531,1.054443,2.030534,2.389313,-0.587786,1.054723,3.1902,8741,15263,6521,8741,1,67.729,3,normal
1780604687.2959187,24.862575199993444,246886,0.050781,-0.006348,1.056396,0.274809,2.358779,-1.152672,1.057635,2.639699,8743,15266,6522,8743,0,67.729,5,normal
1780604687.3276153,24.89427189998969,246917,0.036133,-0.078613,1.047852,2.015267,2.755725,-0.610687,1.051417,3.468178,8744,15269,6524,8744,1,67.729,18,normal
1780604687.360195,24.92685150000034,246949,0.028076,-0.017822,1.063232,1.564886,3.320611,-0.251908,1.063752,3.679508,8746,15272,6525,8746,0,67.729,5,normal
1780604687.3899357,24.956592399990768,246980,0.017334,-0.027344,1.057617,0.389313,2.259542,-1.038168,1.058113,2.51692,8749,15276,6526,8749,0,67.729,5,normal
1780604687.4215586,24.988215099991066,247011,0.063965,-0.035156,1.043701,3.366412,3.519084,-0.412214,1.04625,4.887392,8750,15281,6530,8750,1,67.729,18,normal
1780604687.4513032,25.01795979999588,247042,0.084473,0.000244,1.046387,2.030534,2.419847,-0.137405,1.049791,3.1619,8752,15284,6531,8752,0,67.729,5,normal
1780604687.4827175,25.049373999994714,247073,0.034424,-0.03125,1.05542,0.320611,2.305344,-1.381679,1.056443,2.70674,8754,15288,6533,8754,0,67.729,1,normal
1780604687.5148304,25.081486999988556,247104,0.059326,-0.015869,1.052246,3.778626,3.206107,-0.045802,1.054037,4.955728,8755,15291,6535,8755,1,57.143,18,normal
1780604687.5455947,25.112251200000173,247135,0.04541,0.004639,1.037842,0.732824,2.763359,-0.320611,1.038845,2.876799,8758,15296,6537,8758,0,57.143,5,normal
1780604687.5779703,25.14462690000073,247166,0.031982,-0.055664,1.059082,0.557252,2.740458,-1.160305,1.061026,3.027697,8759,15298,6538,8759,0,57.143,5,normal
1780604687.6088085,25.175465099993744,247197,0.034912,-0.012451,1.049072,3.725191,2.694656,-0.19084,1.049727,4.601591,8761,15301,6539,8761,1,57.143,16,normal
1780604687.6398053,25.206461800000397,247228,0.026855,-0.016357,1.025879,0.78626,2.320611,-1.007634,1.026361,2.649295,8763,15304,6540,8763,0,57.143,5,normal
1780604687.6701717,25.236828299995977,247260,0.042236,-0.027832,1.053955,1.557252,3.030534,-0.19084,1.055168,3.412564,8765,15308,6542,8765,0,57.143,0,normal
1780604687.7022467,25.268903199990746,247291,0.043457,-0.0354,1.070801,2.603053,3.129771,-0.282443,1.072267,4.080579,8769,15314,6544,8769,0,57.143,5,normal
1780604687.7303205,25.296977099991636,247322,0.051025,-0.008545,1.044678,0.282443,2.885496,-1.0,1.045958,3.066898,8771,15318,6546,8771,0,57.143,0,normal
1780604687.762906,25.329562599989004,247352,0.040771,-0.022217,1.065186,1.267176,3.175573,-0.541985,1.066197,3.461754,8772,15320,6547,8772,0,57.143,5,normal
1780604687.7927446,25.359401299996534,247383,0.046631,-0.025879,1.053223,3.083969,2.816794,-0.259542,1.054572,4.1848,8775,15326,6550,8775,0,71.685,6,normal
1780604687.8231113,25.389767899992876,247414,0.038086,0.002686,1.039551,0.48855,2.618321,-0.763359,1.040252,2.77074,8776,15328,6551,8776,0,71.685,5,normal
1780604687.8539166,25.420573199997307,247444,0.054688,-0.026123,1.061035,1.358779,2.885496,-0.931298,1.062765,3.322602,8777,15332,6554,8777,0,71.685,4,normal
1780604687.8856301,25.45228679999127,247475,0.046387,-0.040283,1.054199,2.80916,3.664122,-0.206107,1.055988,4.62165,8780,15336,6555,8780,0,71.685,5,normal
1780604687.9170358,25.48369239999738,247506,0.024658,-0.020264,1.034424,0.267176,3.137405,-0.694656,1.034916,3.224475,8781,15338,6556,8781,0,71.685,5,normal
1780604687.9480662,25.514722799998708,247537,0.041016,-0.030518,1.064697,2.045802,2.687023,-0.114504,1.065924,3.379128,8782,15340,6557,8782,0,71.685,5,normal
1780604687.9791238,25.54578039998887,247568,0.03418,-0.02417,1.056641,3.061069,2.900763,-0.557252,1.05747,4.253834,8786,15346,6559,8786,0,71.685,5,normal
1780604688.0093064,25.575963099996443,247599,0.054443,0.008545,1.041992,0.419847,3.183206,-0.877863,1.043449,3.32862,8788,15350,6561,8788,0,71.685,5,normal
1780604688.0401938,25.60685029999877,247629,0.032959,-0.025391,1.05542,1.748092,2.89313,-0.412214,1.05624,3.405282,8790,15354,6563,8790,0,71.685,0,normal
1780604688.0704212,25.637077699997462,247660,0.028076,-0.015381,1.045166,2.854962,3.580153,-0.496183,1.045656,4.60592,8793,15358,6564,8793,0,64.982,5,normal
1780604688.1027398,25.669396500001312,247691,0.0354,0.01416,1.047852,0.251908,3.526718,-1.10687,1.048545,3.70491,8794,15360,6565,8794,0,64.982,5,normal
1780604688.1329405,25.699597200000426,247722,0.045654,-0.03833,1.052734,2.015267,2.656489,-0.358779,1.054421,3.353648,8796,15364,6567,8796,1,64.982,1,normal
1780604688.164096,25.7307526999939,247753,0.017578,-0.020996,1.056641,2.534351,2.068702,-0.396947,1.056995,3.295456,8799,15368,6568,8799,0,64.982,5,normal
1780604688.194144,25.76080049999291,247784,0.068115,-0.009277,1.061768,-0.007634,2.984733,-0.732824,1.063991,3.073389,8800,15370,6569,8800,0,64.982,5,normal
1780604688.2257247,25.792381299994304,247814,0.041748,-0.036621,1.055664,1.717557,2.977099,-0.351145,1.057124,3.454913,8801,15372,6570,8801,1,64.982,4,normal
1780604688.2549727,25.821629199999734,247845,0.019531,-0.003906,1.054443,2.061069,2.732824,-0.358779,1.054632,3.441665,8806,15378,6571,8806,0,64.982,5,normal
1780604688.2868507,25.853507299994817,247876,0.063232,0.02124,1.050781,0.160305,2.717557,-0.900763,1.052896,2.867436,8808,15382,6573,8808,0,64.982,5,normal
1780604688.3175874,25.884244000000763,247907,0.029541,-0.075684,1.046387,1.755725,2.267176,-0.48855,1.049536,2.908838,8809,15387,6577,8809,1,64.982,18,normal
1780604688.3485854,25.91524199998821,247938,0.038086,-0.022949,1.05835,2.183206,2.435115,-0.664122,1.059283,3.337249,8813,15392,6578,8813,0,71.942,5,normal
1780604688.3809085,25.94756499999494,247970,0.035156,-0.026611,1.060303,0.10687,2.068702,-0.763359,1.061219,2.207638,8814,15394,6579,8814,0,71.942,5,normal
1780604688.4111354,25.977792099991348,248001,0.059082,-0.066162,1.056152,3.083969,3.076336,-0.305344,1.059871,4.366686,8815,15397,6581,8815,1,71.942,18,normal
1780604688.4419866,26.008643099994515,248032,0.04248,-0.016602,1.057373,1.763359,2.854962,-0.351145,1.058356,3.373951,8818,15402,6583,8818,0,71.942,5,normal
1780604688.4734347,26.040091199989547,248063,0.044189,-0.034668,1.063965,0.442748,2.29771,-0.732824,1.065446,2.452046,8821,15406,6584,8821,0,71.942,5,normal
1780604688.5046892,26.07134589999623,248094,0.047607,0.008789,1.043213,3.679389,3.557252,-0.236641,1.044336,5.123275,8822,15409,6586,8822,1,71.942,18,normal
1780604688.5351183,26.101774899987504,248125,0.04834,0.021484,1.043457,0.961832,2.969466,-0.343511,1.044797,3.140199,8825,15414,6588,8825,0,71.942,0,normal
1780604688.566682,26.133338699990418,248156,0.037109,-0.043945,1.074707,0.687023,2.687023,-1.068702,1.076245,2.972241,8826,15416,6589,8826,0,71.942,5,normal
1780604688.5979142,26.164570799999638,248188,0.045654,-0.031982,1.058838,3.29771,3.526718,-0.351145,1.060304,4.841068,8830,15422,6591,8830,0,68.0,5,normal
1780604688.628394,26.195050499998615,248219,0.0271,-0.018555,1.041748,0.099237,3.328244,-0.854962,1.042266,3.437734,8831,15424,6592,8831,0,68.0,5,normal
1780604688.661196,26.227852699987125,248250,0.034668,-0.024902,1.06543,1.832061,2.725191,-0.267176,1.066284,3.294616,8832,15426,6593,8832,0,68.0,5,normal
1780604688.6917524,26.258409099988057,248281,0.034912,-0.017334,1.052246,3.152672,3.099237,-0.358779,1.052968,4.435463,8835,15430,6594,8835,0,68.0,6,normal
1780604688.7236023,26.290259000001242,248313,0.039795,0.008545,1.047852,0.091603,2.938931,-0.854962,1.048642,3.062134,8836,15432,6595,8836,0,68.0,5,normal
1780604688.7554018,26.322058399993693,248344,0.023926,-0.059326,1.055176,1.763359,2.351145,-0.335878,1.057113,2.958062,8838,15439,6600,8838,1,68.0,3,normal
1780604688.7862175,26.352874099990004,248375,0.021484,-0.024658,1.062988,2.167939,2.854962,-0.51145,1.063491,3.621098,8841,15444,6602,8841,0,68.0,0,normal
1780604688.8168101,26.383466799990856,248406,0.063477,-0.013428,1.060059,0.015267,2.954198,-0.984733,1.062042,3.114036,8842,15446,6603,8842,0,68.0,5,normal
1780604688.8472538,26.4139104999922,248437,0.043213,-0.076172,1.050537,1.740458,2.900763,-0.389313,1.054181,3.40517,8843,15449,6605,8843,1,68.0,19,normal
1780604688.8783495,26.445006099995226,248468,0.039551,-0.021973,1.065674,1.603053,2.465649,-0.572519,1.066634,2.996161,8845,15452,6606,8845,0,53.571,5,normal
1780604688.9095156,26.476172099995892,248499,0.032715,-0.018799,1.063232,0.076336,2.29771,-0.854962,1.063902,2.452806,8847,15456,6608,8847,0,53.571,5,normal
1780604688.9416668,26.508323499991093,248530,0.053711,-0.014648,1.03833,2.923664,3.366412,-0.465649,1.039822,4.48301,8848,15461,6612,8848,1,53.571,18,normal
1780604688.9715202,26.53817679999338,248561,0.068604,-0.007568,1.046387,1.70229,2.900763,-0.274809,1.04866,3.374572,8850,15464,6613,8850,0,53.571,5,normal
1780604689.0014904,26.568146999998135,248591,0.02417,-0.020752,1.058594,0.259542,2.633588,-1.229008,1.059073,2.917808,8852,15468,6615,8852,0,53.571,0,normal
1780604689.032876,26.599532499996712,248622,0.055664,-0.059082,1.040527,2.885496,2.099237,-0.664122,1.043689,3.629592,8853,15471,6617,8853,1,53.571,18,normal
1780604689.061911,26.62856759999704,248653,0.046387,-0.017334,1.054688,1.70229,2.366412,-0.091603,1.055849,2.91652,8856,15476,6619,8856,0,53.571,5,normal
1780604689.0941484,26.660805099993013,248683,0.028076,-0.018555,1.052246,0.267176,2.206107,-0.89313,1.052784,2.394989,8857,15478,6620,8857,0,53.571,5,normal
1780604689.1264381,26.69309479999356,248715,0.059082,0.005859,1.050293,3.458015,3.412214,-0.351145,1.05197,4.870768,8858,15481,6622,8858,1,53.571,18,normal
1780604689.1568651,26.723521699997946,248746,0.060791,0.011963,1.043213,1.351145,2.832061,-0.389313,1.045051,3.161918,8860,15484,6623,8860,0,53.957,5,normal
1780604689.1885211,26.755177799990634,248778,0.048096,-0.039551,1.062988,1.145038,2.40458,-1.015267,1.06481,2.850243,8863,15488,6624,8863,0,53.957,0,normal
1780604689.2190416,26.78569809999317,248808,0.055664,-0.020508,1.047363,3.221374,3.977099,-0.19084,1.049042,5.12162,8866,15493,6626,8866,1,53.957,3,normal
1780604689.249155,26.81581169999845,248839,0.021484,-0.003906,1.031982,0.557252,3.160305,-0.954198,1.032213,3.347918,8869,15498,6628,8869,0,53.957,1,normal
1780604689.2812655,26.847922100001597,248870,0.036133,-0.023682,1.060791,1.343511,2.900763,-0.564886,1.06167,3.246313,8870,15500,6629,8870,0,53.957,5,normal
1780604689.3123636,26.879020299995318,248902,0.044189,-0.034668,1.048828,3.152672,3.007634,-0.328244,1.050331,4.369548,8873,15504,6630,8873,0,53.957,5,normal
1780604689.3449254,26.911582000000635,248934,0.04248,0.01416,1.047363,-0.015267,3.320611,-0.877863,1.04832,3.434724,8874,15506,6631,8874,0,53.957,5,normal
1780604689.3759687,26.942625199997565,248965,0.024658,-0.044922,1.056641,1.763359,2.671756,-0.091603,1.057882,3.202515,8876,15513,6636,8876,1,53.957,4,normal
1780604689.4073322,26.973988699988695,248996,0.030762,-0.022461,1.064453,2.145038,2.267176,-0.427481,1.065134,3.15024,8878,15516,6637,8878,0,72.0,5,normal
1780604689.4371867,27.00384330000088,249027,0.042236,-0.013428,1.05835,0.389313,2.610687,-0.916031,1.059277,2.793987,8879,15518,6638,8879,0,72.0,5,normal
1780604689.4673948,27.034051399998134,249058,0.039062,-0.06665,1.05249,2.412214,2.70229,-0.572519,1.055322,3.667278,8881,15523,6641,8881,1,72.0,14,normal
1780604689.4989047,27.06556129999808,249089,0.030518,-0.016602,1.055908,1.480916,2.755725,0.0,1.056479,3.12844,8883,15526,6642,8883,0,72.0,5,normal
1780604689.5296586,27.096315099988715,249119,0.046143,-0.019287,1.054443,0.221374,2.977099,-0.961832,1.055629,3.136439,8885,15530,6644,8885,0,72.0,5,normal
1780604689.5605671,27.12722379999468,249150,0.050781,-0.068359,1.040772,2.305344,2.679389,-0.503817,1.044249,3.570374,8886,15533,6646,8886,1,72.0,18,normal
1780604689.590992,27.157648499996867,249181,0.030029,-0.025391,1.053711,1.366412,2.824427,-0.229008,1.054444,3.145936,8888,15536,6647,8888,0,72.0,5,normal
1780604689.6208413,27.18749789999856,249212,0.019531,-0.031494,1.060547,0.351145,2.29771,-1.0,1.061194,2.53037,8889,15538,6648,8889,0,72.0,5,normal
1780604689.6593182,27.2259747999924,249242,0.057861,-0.068115,1.054688,2.656489,2.389313,-0.419847,1.058468,3.597502,8891,15543,6651,8891,1,72.0,4,normal
1780604689.6831825,27.24983909999719,249273,0.046875,-0.019775,1.056396,1.480916,2.412214,-0.335878,1.057621,2.850386,8894,15548,6653,8894,0,57.762,5,normal
1780604689.7148807,27.281537399991066,249304,0.015869,-0.020508,1.045898,0.267176,2.251908,-0.603053,1.04622,2.346518,8896,15552,6655,8896,0,57.762,1,normal
1780604689.7449794,27.311635999998543,249335,0.036865,0.00293,1.038818,3.450382,2.992366,-0.610687,1.039476,4.607855,8897,15555,6657,8897,1,57.762,18,normal
1780604689.7770867,27.3437433999934,249366,0.047363,-0.018311,1.059814,1.687023,2.992366,-0.053435,1.06103,3.435572,8899,15558,6658,8899,0,57.762,5,normal
1780604689.8074033,27.374059999987367,249397,0.030029,-0.044434,1.068359,0.526718,2.534351,-1.160305,1.069704,2.836666,8900,15561,6660,8900,1,57.762,14,normal
1780604689.839308,27.405964499994298,249429,0.046143,-0.020996,1.049316,3.198473,4.198474,-0.129771,1.05054,5.279607,8903,15565,6661,8903,1,57.762,17,normal
1780604689.870289,27.43694569999934,249460,0.040283,-0.002686,1.033203,0.732824,2.916031,-0.954198,1.033992,3.154483,8905,15568,6662,8905,0,57.762,5,normal
1780604689.902717,27.469373599989922,249491,0.031738,-0.023682,1.057861,1.206107,2.80916,-0.824427,1.058602,3.166348,8906,15570,6663,8906,0,57.762,5,normal
1780604689.932484,27.499140599989914,249522,0.053711,-0.04248,1.052246,2.931298,3.442748,-0.198473,1.054472,4.525971,8910,15576,6665,8910,0,57.762,5,normal
1780604689.9643676,27.531024199997773,249553,0.054199,-0.023193,1.035644,0.938931,2.603053,-0.687023,1.037321,2.851224,8911,15578,6666,8911,0,60.714,5,normal
1780604689.9945917,27.561248400001205,249584,0.051025,-0.032959,1.049561,2.091603,2.725191,-0.129771,1.051317,3.437777,8912,15582,6669,8912,0,60.714,4,normal
1780604690.027698,27.594354699991527,249616,0.014648,-0.02002,1.053467,2.358779,2.908397,-0.305344,1.053759,3.757106,8915,15586,6670,8915,0,60.714,5,normal
1780604690.0592182,27.62587479999638,249648,0.025879,-0.020508,1.053711,0.396947,2.206107,-0.977099,1.054228,2.44524,8916,15588,6671,8916,0,60.714,5,normal
1780604690.0906348,27.6572914999997,249679,0.050537,-0.056885,1.04541,2.389313,2.969466,-0.335878,1.048176,3.826141,8917,15591,6673,8917,1,60.714,18,normal
1780604690.121008,27.687664400000358,249710,0.044434,-0.02417,1.063721,1.40458,2.694656,-0.496183,1.064923,3.078996,8920,15596,6675,8920,0,60.714,5,normal
1780604690.151568,27.718224600001122,249741,0.039062,-0.023438,1.062012,0.259542,2.396947,-0.885496,1.062988,2.568427,8922,15600,6677,8922,0,60.714,5,normal
1780604690.182534,27.749190499991528,249772,0.043701,-0.012695,1.036377,3.061069,3.29771,-0.244275,1.037376,4.506074,8924,15605,6680,8924,1,60.714,14,normal
1780604690.2139976,27.780654299989692,249803,0.029541,-0.031494,1.060059,1.755725,2.053435,-0.145038,1.060938,2.705587,8935,15617,6681,8935,0,96.0,0,normal
1780604690.2448127,27.811469199994463,249835,0.039795,-0.056885,1.0625,0.78626,2.618321,-0.839695,1.064766,2.859877,8936,15619,6682,8936,0,96.0,5,normal
1780604690.2745404,27.841197099987767,249865,0.067383,-0.026123,1.052246,2.931298,3.465649,-0.007634,1.054725,4.539084,8939,15624,6684,8939,1,96.0,4,normal
1780604690.3065398,27.873196299988194,249896,0.047119,-0.007568,1.037354,0.778626,2.496183,-0.572519,1.038451,2.676746,8941,15627,6685,8941,0,96.0,5,normal
1780604690.338486,27.905142499992508,249927,0.028564,-0.049072,1.067627,0.916031,2.580153,-0.877863,1.069136,2.875229,8942,15629,6686,8942,0,96.0,5,normal
1780604690.3682735,27.934930099989288,249958,0.057861,-0.031738,1.051514,2.908397,3.450382,-0.152672,1.053583,4.51522,8945,15633,6687,8945,0,96.0,5,normal
1780604690.3997498,27.96640639999532,249989,0.046143,-0.01001,1.025391,0.725191,2.282443,-1.183206,1.026477,2.671222,8948,15637,6688,8948,0,96.0,5,normal
1780604690.4309945,27.997651199999382,250020,0.052002,-0.045166,1.068359,1.137405,2.603053,-1.068702,1.070577,3.035078,8952,15643,6690,8952,0,96.0,0,normal
1780604690.4615092,28.02816589998838,250051,0.048828,-0.039307,1.05542,2.656489,3.244275,-0.442748,1.05728,4.216429,8955,15647,6691,8955,0,96.0,5,normal
1780604690.4927268,28.05938329998753,250083,0.047363,0.003662,1.049805,0.549618,3.114504,-0.908397,1.050879,3.290501,8958,15651,6692,8958,0,82.143,5,normal
1780604690.5247693,28.091425799997523,250114,0.043457,-0.037598,1.046631,1.91603,2.78626,-0.564886,1.048207,3.42834,8959,15653,6693,8959,1,82.143,4,normal
1780604690.5554795,28.122136199992383,250145,0.02002,-0.019775,1.060547,2.137405,2.374046,-0.40458,1.06092,3.219981,8962,15657,6694,8962,0,82.143,5,normal
1780604690.5864604,28.15311689999362,250176,0.062256,-0.015869,1.052734,0.045802,3.267176,-0.48855,1.054693,3.303818,8964,15661,6696,8964,0,82.143,5,normal
1780604690.6176748,28.18433129999903,250207,0.033203,-0.066406,1.051025,1.80916,2.412214,-0.320611,1.053644,3.032264,8965,15666,6700,8965,1,82.143,18,normal
1780604690.6494613,28.21611789999588,250239,0.05249,-0.022949,1.06543,1.480916,2.129771,-0.137405,1.066969,2.597675,8969,15671,6701,8969,0,82.143,5,normal
1780604690.6803627,28.247019199989154,250270,0.034424,-0.020508,1.060791,0.29771,2.038168,-0.557252,1.061548,2.133844,8971,15675,6703,8971,0,82.143,1,normal
1780604690.7120154,28.27867200000037,250301,0.046387,-0.006836,1.05127,3.114504,2.80916,-0.328244,1.052315,4.207049,8972,15678,6705,8972,1,82.143,18,normal
1780604690.7518475,28.3185039999953,250332,0.048096,0.000977,1.049072,1.503817,3.129771,-0.183206,1.050175,3.477139,8975,15683,6707,8975,0,82.143,5,normal
1780604690.7746954,28.341351899987785,250363,0.015381,-0.026855,1.066162,0.450382,2.541985,-1.183206,1.066611,2.839808,8976,15685,6708,8976,0,64.286,5,normal
1780604690.8054671,28.372123799999827,250394,0.038574,-0.017334,1.043701,3.458015,2.832061,-0.274809,1.044558,4.478164,8978,15688,6709,8978,1,64.286,17,normal
1780604690.8369246,28.403581199992914,250426,0.034668,-0.015869,1.035644,0.572519,2.442748,-1.206107,1.036346,2.78379,8980,15691,6710,8980,0,64.286,5,normal
1780604690.8684256,28.43508209999709,250457,0.041016,-0.02832,1.065674,1.465649,2.931298,-0.580153,1.066839,3.328244,8982,15695,6712,8982,0,64.286,1,normal
1780604690.8992538,28.46591049998824,250489,0.0625,-0.022217,1.05127,2.992366,3.053435,-0.343511,1.05336,4.289024,8986,15701,6714,8986,0,64.286,5,normal
1780604690.9304898,28.49714629999653,250520,0.051025,0.000488,1.034424,0.694656,2.839695,-0.977099,1.035682,3.082392,8988,15705,6716,8988,0,64.286,1,normal
1780604690.962167,28.528823699991335,250551,0.040039,-0.046143,1.048096,1.954198,2.038168,-0.053435,1.049875,2.824159,8989,15708,6718,8989,1,64.286,18,normal
1780604690.9929135,28.55956999999762,250583,0.030518,-0.021484,1.0625,1.694656,2.114504,-0.519084,1.063155,2.759064,8991,15711,6719,8991,0,64.286,5,normal
1780604691.0249434,28.591599899998982,250614,0.055664,-0.017822,1.066406,0.152672,2.633588,-1.061069,1.068007,2.843406,8992,15713,6720,8992,0,63.745,5,normal
1780604691.056792,28.62344869998924,250646,0.034424,-0.003418,1.045654,3.236641,2.931298,-0.435114,1.046226,4.388357,8994,15720,6725,8994,1,63.745,4,normal
1780604691.0878289,28.654485499995644,250677,0.057373,0.013916,1.055908,1.259542,2.664122,-0.70229,1.057557,3.02939,8996,15723,6726,8996,0,63.745,5,normal
1780604691.119763,28.686419499994372,250708,0.035645,-0.03418,1.078613,0.625954,1.877863,-0.862595,1.079743,2.159226,8997,15725,6727,8997,0,63.745,5,normal
1780604691.151372,28.718028499992215,250740,0.049316,-0.025391,1.050293,3.389313,3.572519,-0.290076,1.051757,4.932999,9000,15730,6729,9000,0,63.745,14,normal
1780604691.1818738,28.748530500000925,250771,0.045898,-0.006836,1.037109,0.580153,2.236641,-1.053435,1.038147,2.539462,9002,15733,6730,9002,0,63.745,5,normal
1780604691.2129934,28.779649999996764,250802,0.029053,-0.040771,1.065186,1.328244,2.671756,-0.992366,1.066361,3.144408,9005,15737,6731,9005,0,63.745,5,normal
1780604691.2437782,28.810434799990617,250833,0.05249,-0.040283,1.053955,3.114504,3.465649,-0.335878,1.05603,4.671581,9008,15741,6732,9008,0,63.745,5,normal
1780604691.2747865,28.841442999997525,250865,0.073975,0.001465,1.039307,0.625954,2.763359,-1.022901,1.041937,3.012358,9009,15743,6733,9009,0,67.729,5,normal
1780604691.308014,28.874670499993954,250896,0.04126,-0.057373,1.04834,1.694656,2.343511,-0.183206,1.050719,2.897839,9010,15746,6735,9010,1,67.729,18,normal
1780604691.338991,28.905647599996882,250928,0.019287,-0.021484,1.065674,1.946565,2.083969,-0.122137,1.066065,2.854288,9013,15751,6737,9013,0,67.729,5,normal
1780604691.3699186,28.936575200001244,250959,0.05835,-0.015625,1.063721,0.030534,2.80916,-0.839695,1.065434,2.932132,9015,15755,6739,9015,0,67.729,5,normal
1780604691.4018247,28.968481199990492,250990,0.050293,-0.061523,1.048096,2.358779,2.167939,-0.458015,1.051104,3.23629,9017,15760,6742,9017,1,67.729,14,normal
1780604691.4333458,29.000002499989932,251022,0.033936,-0.018311,1.050049,1.282443,3.122137,-0.091603,1.050757,3.376506,9026,15770,6743,9026,0,67.729,0,normal
1780604691.4635234,29.030179900000803,251053,0.022705,-0.02002,1.054688,0.450382,2.656489,-0.816794,1.055122,2.81548,9027,15772,6744,9027,0,67.729,5,normal
1780604691.493155,29.059811499988427,251083,0.046387,-0.009277,1.049316,3.305344,3.114504,-0.496183,1.050382,4.568548,9029,15777,6747,9029,1,67.729,3,normal
1780604691.5228689,29.089525499992305,251114,0.03418,0.003906,1.050049,1.450382,2.664122,0.007634,1.050612,3.03335,9031,15780,6748,9031,0,67.729,5,normal
1780604691.5552187,29.121875400000135,251144,0.044678,-0.026855,1.062988,0.396947,1.900763,-0.748092,1.064266,2.080891,9032,15782,6749,9032,0,82.437,5,normal
1780604691.5869644,29.15362099999038,251176,0.034912,-0.011475,1.046631,3.068702,3.679389,-0.167939,1.047276,4.794063,9033,15785,6751,9033,1,82.437,18,normal
1780604691.6191406,29.18579730000056,251208,0.021973,-0.012207,1.028564,0.137405,2.938931,-0.885496,1.028872,3.072507,9037,15790,6752,9037,0,82.437,5,normal
1780604691.650484,29.21714069999871,251240,0.041504,-0.024414,1.053955,1.977099,2.694656,-0.343511,1.055054,3.359776,9040,15796,6755,9040,0,82.437,1,normal
1780604691.6828482,29.249504699997487,251271,0.053711,-0.016113,1.060303,2.664122,3.038168,-0.442748,1.061784,4.064976,9043,15800,6756,9043,0,82.437,5,normal
1780604691.7141514,29.280807899995125,251303,0.049561,0.017334,1.045654,0.572519,3.328244,-1.022901,1.046972,3.528642,9044,15802,6757,9044,0,82.437,5,normal
1780604691.7454813,29.312137799992342,251334,0.031494,-0.057129,1.045166,1.832061,2.083969,-0.366412,1.0472,2.798863,9045,15805,6759,9045,1,82.437,18,normal
1780604691.776441,29.34309779999603,251365,0.020264,-0.016113,1.057617,1.847328,3.030534,-0.503817,1.057934,3.584772,9047,15808,6760,9047,0,82.437,5,normal
1780604691.8065228,29.373179399990477,251396,0.04834,-0.0271,1.057617,-0.152672,3.129771,-0.832061,1.059068,3.242083,9049,15812,6762,9049,0,67.46,5,normal
1780604691.8388407,29.405497200001264,251427,0.045898,-0.058594,1.049072,2.78626,2.740458,-0.725191,1.051709,3.974828,9050,15817,6766,9050,1,67.46,18,normal
1780604691.8691146,29.435771299991757,251458,0.027832,-0.018555,1.056396,1.091603,2.442748,-0.015267,1.056926,2.675602,9054,15822,6767,9054,0,67.46,5,normal
1780604691.900548,29.467204499989748,251490,0.016846,-0.031494,1.061523,0.572519,2.458015,-0.732824,1.062124,2.62805,9056,15826,6769,9056,0,67.46,1,normal
1780604691.9331326,29.499789299996337,251521,0.038574,-0.000732,1.046875,3.312977,3.549618,-0.328244,1.047586,4.866554,9058,15829,6770,9058,1,67.46,17,normal
1780604691.9630704,29.529727000001003,251552,0.064209,0.018066,1.049805,0.580153,2.908397,-0.465649,1.051922,3.002029,9061,15834,6772,9061,0,67.46,5,normal
1780604691.9939947,29.560651199994027,251583,0.046387,-0.043213,1.068115,0.381679,2.496183,-0.954198,1.069995,2.699464,9062,15836,6773,9062,0,67.46,5,normal
1780604692.0243666,29.59102310000162,251614,0.047363,-0.025879,1.052978,3.51145,2.755725,-0.183206,1.054361,4.467423,9064,15839,6774,9064,1,67.46,16,normal
1780604692.0559254,29.622581899995566,251645,0.057861,-0.010742,1.046143,0.221374,2.480916,-1.183206,1.047796,2.757522,9067,15844,6776,9067,0,67.46,1,normal
1780604692.0882123,29.654868899990106,251676,0.041992,-0.032715,1.062744,1.458015,2.854962,-0.763359,1.064076,3.29535,9069,15848,6778,9069,0,71.429,0,normal
1780604692.1186738,29.685330299995258,251708,0.068604,-0.050537,1.054199,2.816794,3.70229,-0.282443,1.057637,4.660585,9073,15854,6780,9073,0,71.429,5,normal
1780604692.148125,29.71478159999242,251738,0.017822,-0.016357,1.038086,0.396947,2.70229,-0.923664,1.038368,2.883244,9075,15858,6782,9075,0,71.429,1,normal
1780604692.179728,29.746384699988994,251769,0.029297,-0.037354,1.04834,1.427481,2.916031,-0.335878,1.049414,3.264008,9076,15860,6783,9076,0,71.429,5,normal
1780604692.2120278,29.778684299992165,251800,0.041016,-0.016113,1.055176,2.908397,2.557252,-0.442748,1.056096,3.897991,9079,15864,6784,9079,0,71.429,6,normal
1780604692.2463129,29.812969399994472,251832,0.041992,0.013916,1.052002,0.358779,3.114504,-0.900763,1.052932,3.261937,9080,15866,6785,9080,0,71.429,5,normal
1780604692.2734125,29.84006899999804,251863,0.023193,-0.064697,1.040283,1.870229,2.435115,-0.625954,1.042551,3.133586,9082,15873,6790,9082,1,71.429,3,normal
1780604692.3066275,29.87328419998812,251895,0.036377,-0.024902,1.057617,1.267176,2.793893,-0.129771,1.058536,3.070572,9085,15878,6792,9085,0,71.429,1,normal
1780604692.3377311,29.904387699993094,251927,0.029541,-0.036621,1.059814,0.129771,2.51145,-0.656489,1.060858,2.599077,9086,15880,6793,9086,0,67.729,5,normal
1780604692.3691702,29.935826799992356,251958,0.058594,-0.006592,1.050293,3.19084,3.206107,-0.427481,1.051947,4.543492,9089,15885,6795,9089,1,67.729,14,normal
1780604692.3995957,29.966252300000633,251989,0.070068,0.003906,1.046143,0.709924,2.480916,-0.557252,1.048494,2.639974,9091,15888,6796,9091,0,67.729,5,normal
1780604692.43173,29.998386699997354,252020,0.045654,-0.057129,1.064941,0.267176,2.251908,-0.473282,1.067449,2.316564,9094,15892,6797,9094,0,67.729,5,normal
1780604692.4617288,30.028385500001605,252051,0.040771,-0.009277,1.053711,3.19084,3.870229,-0.351145,1.05454,5.028264,9097,15896,6798,9097,0,67.729,5,normal
1780604692.4929178,30.05957439998747,252082,0.031738,-0.012939,1.035156,0.503817,2.625954,-1.29771,1.035723,2.972123,9098,15898,6799,9098,0,67.729,5,normal
1780604692.5237591,30.090415699989535,252113,0.015869,-0.030029,1.059326,1.351145,2.625954,-0.854962,1.05987,3.074441,9099,15900,6800,9099,0,67.729,5,normal
1780604692.5561385,30.122795099989162,252145,0.057373,-0.028564,1.054932,2.648855,3.022901,-0.435114,1.056877,4.042733,9103,15906,6802,9103,0,67.729,5,normal
1780604692.5929887,30.159645399995497,252181,0.030762,0.00415,1.046631,0.824427,2.389313,-0.946565,1.047091,2.698978,9105,15910,6804,9105,0,74.803,5,normal
1780604692.6376667,30.204323199999635,252212,0.056396,-0.007568,1.048828,3.183206,3.083969,-0.48855,1.050371,4.458963,9108,15915,6806,9108,1,74.803,14,normal
1780604692.654752,30.221408500001417,252243,0.0354,-0.020264,1.030273,0.534351,2.740458,-0.992366,1.031081,2.963179,9110,15918,6807,9110,0,74.803,5,normal
1780604692.684693,30.25134979998984,252274,0.040527,-0.0354,1.064209,1.183206,2.305344,-1.152672,1.065569,2.83606,9111,15920,6808,9111,0,74.803,5,normal
1780604692.715265,30.28192169999238,252305,0.038086,-0.033447,1.05835,3.053435,3.679389,-0.40458,1.059563,4.798443,9115,15926,6810,9115,0,74.803,5,normal
1780604692.7459712,30.312627699997392,252336,0.035889,-0.011475,1.032959,0.053435,2.770992,-0.938931,1.033646,2.926234,9117,15930,6812,9117,0,74.803,5,normal
1780604692.7765377,30.34319419998792,252367,0.056641,-0.030273,1.054443,2.29771,2.473282,-0.251908,1.056397,3.38527,9118,15932,6813,9118,0,74.803,5,normal
1780604692.8083675,30.375023999993573,252397,0.053711,-0.044678,1.050781,2.908397,3.175573,-0.48855,1.053101,4.333788,9121,15936,6814,9121,0,74.803,5,normal
1780604692.839582,30.406238600000506,252429,0.031494,0.003174,1.036377,0.717557,3.480916,-1.022901,1.03686,3.698377,9124,15940,6815,9124,0,74.803,5,normal
1780604692.8710003,30.437656800000696,252460,0.060547,-0.03833,1.055176,2.21374,2.496183,-0.305344,1.057606,3.350345,9126,15944,6817,9126,1,75.269,1,normal
1780604692.902569,30.469225699998788,252491,0.024658,-0.020508,1.049316,2.083969,2.633588,-0.603053,1.049806,3.412094,9129,15948,6818,9129,0,75.269,5,normal
1780604692.933236,30.499892399995588,252522,0.055664,-0.011719,1.055176,0.19084,3.061069,-0.778626,1.056708,3.164304,9130,15950,6819,9130,0,75.269,5,normal
1780604692.9643831,30.531039800000144,252553,0.0354,-0.057129,1.043457,1.694656,2.877863,-0.381679,1.045619,3.361493,9131,15953,6821,9131,1,75.269,18,normal
1780604692.9946234,30.5612800999952,252584,0.042725,-0.02124,1.05249,1.801527,2.732824,-0.763359,1.053571,3.361033,9133,15956,6822,9133,0,75.269,5,normal
1780604693.0260582,30.592714899990824,252615,0.044922,-0.019287,1.053467,0.534351,2.832061,-0.793893,1.0546,2.989376,9135,15960,6824,9135,0,75.269,5,normal
1780604693.0582516,30.62490809999872,252646,0.06543,-0.065186,1.038086,2.473282,2.839695,-0.519084,1.042186,3.801374,9136,15965,6828,9136,1,75.269,18,normal
1780604693.0889246,30.655581200000597,252677,0.02832,-0.020508,1.050781,1.389313,2.679389,-0.152672,1.051363,3.022024,9140,15970,6829,9140,0,75.269,5,normal
1780604693.1206636,30.687320199998794,252709,0.025879,-0.037354,1.055664,0.633588,2.267176,-0.847328,1.056642,2.501896,9141,15972,6830,9141,0,75.269,5,normal
1780604693.15191,30.718566700001247,252740,0.059082,-0.014893,1.052246,2.908397,3.503817,-0.10687,1.054009,4.554879,9143,15975,6831,9143,1,60.714,17,normal
1780604693.1832693,30.749925799987977,252772,0.054443,-0.022705,1.037598,0.541985,2.152672,-0.916031,1.039273,2.401428,9146,15980,6833,9146,0,60.714,5,normal
1780604693.2140453,30.780701899988344,252803,0.047852,-0.03125,1.069336,1.473282,2.633588,-1.068702,1.070862,3.201323,9149,15984,6834,9149,0,60.714,5,normal
1780604693.2454581,30.81211469999107,252834,0.056641,-0.036377,1.057129,2.763359,3.519084,-0.259542,1.05927,4.481904,9152,15988,6835,9152,0,60.714,5,normal
1780604693.2764387,30.843095199990785,252865,0.036865,-0.012207,1.051025,0.114504,2.740458,-1.129771,1.051743,2.966412,9154,15992,6837,9154,0,60.714,1,normal
1780604693.3076658,30.874322399991797,252896,0.040039,-0.031738,1.058106,1.763359,3.160305,-0.229008,1.059338,3.626212,9155,15994,6838,9155,0,60.714,5,normal
1780604693.3385422,30.905198699998436,252927,0.027588,-0.029297,1.059814,2.473282,2.992366,-0.572519,1.060578,3.924176,9159,16000,6840,9159,0,60.714,5,normal
1780604693.3678696,30.9345261999988,252958,0.044189,-0.000244,1.048096,0.862595,2.870229,-1.08397,1.049027,3.187048,9160,16002,6841,9160,0,60.714,5,normal
1780604693.4010584,30.967715099992347,252989,0.0271,-0.053955,1.044434,1.78626,2.427481,-0.503817,1.046177,3.055686,9161,16005,6843,9161,1,60.714,18,normal
1780604693.432849,30.99950559998979,253021,0.027588,-0.029541,1.059082,1.618321,2.687023,-0.290076,1.059853,3.150111,9163,16008,6844,9163,0,71.174,5,normal
1780604693.464568,31.031224499995005,253053,0.034424,-0.02417,1.056885,0.396947,2.160305,-0.671756,1.057721,2.296898,9164,16010,6845,9164,0,71.174,5,normal
1780604693.4953418,31.061998399993172,253084,0.049805,-0.043213,1.038818,3.374046,2.946565,-0.412214,1.040909,4.498483,9168,16017,6848,9168,1,71.174,3,normal
1780604693.525416,31.092072399987956,253115,0.033447,-0.009521,1.047607,1.305344,2.847328,-0.412214,1.048184,3.159291,9171,16022,6850,9171,0,71.174,1,normal
1780604693.5575538,31.124210299996776,253146,0.020996,-0.049072,1.059326,0.862595,2.534351,-0.885496,1.06067,2.819771,9172,16024,6851,9172,0,71.174,5,normal
1780604693.5873873,31.154043799993815,253177,0.04126,0.004883,1.049072,3.244275,3.351145,-0.236641,1.049895,4.670278,9174,16027,6852,9174,1,71.174,17,normal
1780604693.6185336,31.185190199990757,253208,0.056396,0.012451,1.044189,1.038168,2.473282,-0.473282,1.045785,2.723768,9176,16030,6853,9176,0,71.174,5,normal
1780604693.6502955,31.216952199989464,253239,0.051758,-0.042725,1.077393,0.801527,2.564885,-1.08397,1.079481,2.897598,9180,16036,6855,9180,0,71.174,0,normal
1780604693.6834874,31.25014389998978,253271,0.030273,-0.053223,1.057373,3.160305,2.740458,-0.175573,1.059144,4.186701,9183,16040,6856,9183,0,80.0,5,normal
1780604693.7127235,31.279380199994193,253302,0.035889,-0.006348,1.047852,0.442748,2.740458,-1.007634,1.048485,2.953212,9184,16042,6857,9184,0,80.0,5,normal
1780604693.7434726,31.310129199991934,253332,0.043213,-0.018555,1.056396,1.648855,3.274809,-0.610687,1.057443,3.716993,9186,16046,6859,9186,0,80.0,1,normal
1780604693.7737832,31.34043979999842,253363,0.043213,-0.030518,1.049072,2.206107,2.564885,-0.801527,1.050405,3.476779,9189,16050,6860,9189,0,80.0,5,normal
1780604693.8040948,31.370751499998732,253394,0.037842,-0.019043,1.041748,0.015267,2.839695,-0.480916,1.042609,2.88017,9191,16054,6862,9191,0,80.0,5,normal
1780604693.835119,31.401775699996506,253424,0.060791,-0.027832,1.070312,1.458015,2.717557,-0.748092,1.072399,3.173416,9192,16056,6863,9192,0,80.0,5,normal
1780604693.8655949,31.43225149999489,253455,0.052734,-0.04834,1.057129,2.709924,3.236641,-0.40458,1.059547,4.240662,9195,16060,6864,9195,0,80.0,5,normal
1780604693.897016,31.46367269998882,253487,0.047363,-0.000732,1.050049,0.244275,3.374046,-1.419847,1.051117,3.668763,9196,16062,6865,9196,0,80.0,5,normal
1780604693.929313,31.495969499999774,253518,0.03418,-0.060059,1.039062,2.167939,2.618321,-0.091603,1.041358,3.400581,9198,16067,6868,9198,1,80.0,4,normal
1780604693.9617949,31.528451399994083,253550,0.030518,-0.020752,1.053955,1.847328,2.80916,-0.137405,1.054601,3.364949,9201,16072,6870,9201,0,64.516,5,normal
1780604693.9920137,31.558670300000813,253581,0.056396,-0.019287,1.04834,0.114504,2.458015,-1.091603,1.050033,2.691941,9203,16076,6872,9203,0,64.516,1,normal
1780604694.0233433,31.589999799994985,253612,0.055908,-0.059814,1.04541,2.145038,3.122137,-0.618321,1.048611,3.838131,9204,16079,6874,9204,1,64.516,18,normal
1780604694.054355,31.6210116000002,253643,0.057861,-0.020264,1.047119,1.198473,3.221374,-0.236641,1.048912,3.445227,9206,16082,6875,9206,0,64.516,5,normal
1780604694.0853708,31.65202739999222,253674,0.032715,-0.012207,1.061768,0.412214,2.503817,-0.801527,1.062342,2.661102,9207,16084,6876,9207,0,64.516,5,normal
1780604694.1167574,31.683414099999936,253705,0.058838,-0.028809,1.050781,3.435115,3.061069,-0.282443,1.052821,4.609764,9209,16089,6879,9209,1,64.516,18,normal
1780604694.1478014,31.714458099988406,253736,0.043457,0.000977,1.05249,1.343511,2.526718,-0.328244,1.053387,2.880463,9211,16092,6880,9211,0,64.516,5,normal
1780604694.1781478,31.744804399990244,253767,0.038574,-0.056152,1.064697,0.251908,2.938931,-0.80916,1.066874,3.058679,9212,16094,6881,9212,0,64.516,5,normal
1780604694.209314,31.775970699993195,253799,0.032471,-0.015137,1.04541,2.89313,4.10687,-0.21374,1.046024,5.028148,9215,16099,6883,9215,0,64.516,15,normal
1780604694.2391524,31.80580909999844,253829,0.046387,-0.003418,1.039551,0.687023,2.541985,-0.549618,1.040591,2.689938,9217,16102,6884,9217,0,57.348,5,normal
1780604694.2709618,31.837618399993517,253860,0.05249,-0.052734,1.069092,0.854962,2.465649,-1.099237,1.071678,2.831732,9220,16106,6885,9220,0,57.348,5,normal
1780604694.3024628,31.869119499999215,253891,0.049316,-0.018311,1.056152,2.992366,3.946565,-0.320611,1.057462,4.963106,9223,16110,6886,9223,0,57.348,5,normal
1780604694.3327138,31.899370399987674,253922,0.043457,-0.008545,1.034668,0.221374,2.51145,-1.030534,1.035615,2.723672,9224,16112,6887,9224,0,57.348,5,normal
1780604694.364167,31.930823599992436,253953,0.049316,-0.024414,1.056152,1.648855,2.916031,-0.633588,1.057585,3.40931,9225,16114,6888,9225,0,57.348,5,normal
1780604694.3952472,31.961903899995377,253984,0.046631,-0.036865,1.063965,2.717557,2.435115,-0.381679,1.065624,3.668866,9229,16120,6890,9229,0,57.348,5,normal
1780604694.4265752,31.993231699991156,254015,0.021729,-0.019775,1.02832,0.625954,2.274809,-0.564886,1.02874,2.42604,9231,16124,6892,9231,0,57.348,5,normal
1780604694.4574397,32.02409629999602,254046,0.037842,-0.035645,1.048584,2.206107,2.770992,-0.122137,1.049872,3.54404,9233,16128,6894,9233,0,57.348,0,normal
1780604694.4877129,32.05436949999421,254077,0.018799,-0.014404,1.061279,2.923664,2.198473,-0.465649,1.061544,3.687536,9236,16132,6895,9236,0,57.348,5,normal
1780604694.518484,32.08514079998713,254108,0.048584,0.025635,1.052734,0.351145,2.664122,-1.244275,1.054167,2.961262,9237,16134,6896,9237,0,71.685,5,normal
1780604694.5507743,32.11743089999072,254139,0.046143,-0.039062,1.052246,1.847328,2.916031,0.152672,1.053981,3.45531,9239,16139,6899,9239,1,71.685,4,normal
1780604694.5809016,32.14755819999846,254170,0.043701,-0.01416,1.05249,2.160305,2.465649,-0.755725,1.053492,3.364144,9241,16142,6900,9241,0,71.685,5,normal
1780604694.6115794,32.178235899991705,254201,0.054199,-0.023438,1.056396,0.458015,3.053435,-0.778626,1.058046,3.184258,9242,16144,6901,9242,0,71.685,5,normal
1780604694.643505,32.21016159999999,254232,0.045166,-0.07373,1.044922,2.038168,3.259542,-0.534351,1.048493,3.881272,9243,16147,6903,9243,1,71.685,19,normal
1780604694.6746328,32.241289400000824,254263,0.036377,-0.027344,1.054443,1.526718,2.839695,-0.610687,1.055425,3.281413,9247,16152,6904,9247,0,71.685,5,normal
1780604694.7060943,32.272750799995265,254294,0.023926,-0.015137,1.05957,0.290076,2.89313,-0.89313,1.059948,3.041714,9248,16154,6905,9248,0,71.685,5,normal
1780604694.736217,32.3028736999986,254325,0.041748,-0.06665,1.041016,2.534351,2.610687,-0.465649,1.043982,3.668167,9249,16159,6909,9249,1,71.685,17,normal
1780604694.7661898,32.33284649999405,254356,0.043945,-0.006104,1.047119,1.519084,2.961832,-0.473282,1.048059,3.362151,9251,16162,6910,9251,0,71.685,5,normal
1780604694.7974873,32.36414389999118,254386,0.047852,-0.023438,1.061523,0.480916,2.687023,-1.198473,1.06286,2.981226,9252,16164,6911,9252,0,53.957,5,normal
1780604694.8280194,32.39467589999549,254417,0.044434,-0.056885,1.043945,2.480916,2.923664,-0.29771,1.046438,3.845957,9253,16167,6913,9253,1,53.957,18,normal
1780604694.857704,32.42436049999378,254448,0.059814,0.003418,1.048584,1.458015,2.748092,-0.022901,1.050294,3.111003,9256,16172,6915,9256,0,53.957,5,normal
1780604694.8911333,32.457789799998864,254479,0.01709,-0.038818,1.057373,0.89313,2.053435,-1.022901,1.058223,2.461829,9259,16176,6916,9259,0,53.957,5,normal
1780604694.9216309,32.48828749998938,254511,0.045898,-0.016602,1.050049,3.007634,3.381679,-0.152672,1.051182,4.528236,9262,16181,6918,9262,1,53.957,14,normal
1780604694.9525702,32.51922679999552,254542,0.035156,-0.008789,1.037109,0.48855,1.961832,-0.969466,1.037742,2.242171,9264,16184,6919,9264,0,53.957,5,normal
1780604694.9841337,32.55079019999539,254573,0.050049,-0.019775,1.057129,1.572519,3.038168,-0.480916,1.058498,3.454644,9265,16186,6920,9265,0,53.957,5,normal
1780604695.014517,32.58117369998945,254604,0.046875,-0.0354,1.054932,2.671756,3.89313,-0.229008,1.056566,4.72728,9269,16192,6922,9269,0,53.957,5,normal
1780604695.0451224,32.61177899999893,254635,0.021729,-0.020508,1.041504,0.267176,2.59542,-0.900763,1.041932,2.760247,9271,16196,6924,9271,0,53.957,5,normal
1780604695.0753915,32.64204809999501,254665,0.057373,-0.037842,1.064209,1.473282,2.877863,-0.870229,1.066426,3.348127,9272,16198,6925,9272,0,71.685,5,normal
1780604695.1079462,32.67460269998992,254696,0.06543,-0.044434,1.055908,2.496183,3.954198,-0.381679,1.058866,4.691726,9275,16202,6926,9275,0,71.685,5,normal
1780604695.1390536,32.70571019999625,254727,0.043945,-0.014404,1.03418,0.374046,2.389313,-1.007634,1.035213,2.619934,9278,16206,6927,9278,0,71.685,5,normal
1780604695.1706295,32.73728599998867,254759,0.059082,-0.037109,1.043945,1.923664,2.465649,-0.091603,1.046274,3.128626,9280,16210,6929,9280,1,71.685,0,normal
1780604695.2018445,32.76850099999865,254790,0.037109,-0.011963,1.052246,2.045802,2.51145,-0.496183,1.052968,3.277024,9283,16214,6930,9283,0,71.685,5,normal
1780604695.2316139,32.798270499988575,254821,0.053955,-0.003174,1.0625,0.305344,3.122137,-1.053435,1.063874,3.309184,9284,16216,6931,9284,0,71.685,5,normal
1780604695.2632508,32.829907299994375,254851,0.024414,-0.04834,1.044189,2.160305,2.244275,-0.068702,1.045593,3.115832,9285,16219,6933,9285,1,71.685,18,normal
1780604695.2938802,32.86053669999819,254882,0.017334,-0.02002,1.059326,2.022901,2.099237,-0.51145,1.059657,2.959815,9289,16224,6934,9289,0,71.685,5,normal
1780604695.324095,32.89075169998978,254913,0.063232,-0.009033,1.061279,-0.053435,2.816794,-1.129771,1.0632,3.035386,9291,16228,6936,9291,0,71.685,5,normal
1780604695.354828,32.92148439999437,254944,0.033691,-0.07373,1.048096,1.923664,3.282443,-0.442748,1.051226,3.830266,9292,16233,6940,9292,1,71.685,18,normal
1780604695.3870525,32.9537091999955,254976,0.053711,-0.014404,1.048584,1.389313,2.709924,-0.274809,1.050057,3.057678,9296,16238,6941,9296,0,71.685,5,normal
1780604695.4184556,32.98511229999713,255007,0.020508,-0.035645,1.044434,0.618321,2.389313,-0.778626,1.045243,2.587932,9297,16240,6942,9297,0,71.685,5,normal
1780604695.4482396,33.01489619999484,255038,0.062012,-0.012939,1.045654,3.351145,2.961832,-0.328244,1.047571,4.484458,9299,16243,6943,9299,1,71.685,17,normal
1780604695.4791896,33.0458462999959,255069,0.063721,0.005615,1.043457,1.251908,2.78626,-0.198473,1.045416,3.061031,9302,16248,6945,9302,0,71.685,5,normal
1780604695.5116158,33.07827230000112,255100,0.032959,-0.04126,1.061035,0.396947,2.381679,-1.183206,1.062348,2.688855,9305,16252,6946,9305,0,71.685,6,normal
1780604695.5439959,33.110652499992284,255131,0.045166,-0.016602,1.04834,3.366412,3.412214,-0.061069,1.049444,4.79371,9308,16257,6948,9308,1,71.685,14,normal
1780604695.57339,33.14004669999122,255162,0.04248,-0.007813,1.035644,0.603053,2.770992,-0.78626,1.036545,2.942835,9311,16262,6950,9311,0,71.685,0,normal
1780604695.60401,33.17066669999622,255193,0.049072,-0.020996,1.062012,1.312977,2.641221,-0.80916,1.063352,3.058545,9312,16264,6951,9312,0,71.685,5,normal
1780604695.6359758,33.20263239998894,255225,0.054443,-0.040771,1.057861,2.763359,3.007634,-0.610687,1.060046,4.129764,9316,16270,6953,9316,0,85.409,5,normal
1780604695.667062,33.23371859999315,255256,0.064697,0.003418,1.044678,0.473282,2.854962,-0.618321,1.046685,2.959244,9317,16272,6954,9317,0,85.409,5,normal
1780604695.697976,33.26463269999658,255287,0.051758,-0.02832,1.054932,2.305344,2.503817,-0.167939,1.05658,3.407626,9318,16274,6955,9318,0,85.409,4,normal
1780604695.7297297,33.296386199988774,255318,0.037842,-0.023926,1.062988,1.946565,2.137405,-0.320611,1.063931,2.908677,9321,16278,6956,9321,0,85.409,5,normal
1780604695.7621205,33.328776999987895,255350,0.032715,-0.010986,1.069336,0.290076,2.366412,-1.129771,1.069893,2.638263,9324,16282,6957,9324,0,85.409,5,normal
1780604695.7935882,33.3602447000012,255382,0.043701,-0.016357,1.047607,2.916031,2.709924,-0.465649,1.048646,4.007961,9326,16289,6962,9326,1,85.409,3,normal
1780604695.8244014,33.39105799999379,255413,0.063232,0.003418,1.041992,1.900763,2.229008,-0.343511,1.043915,2.949471,9328,16292,6963,9328,0,85.409,5,normal
1780604695.85484,33.421496599999955,255444,0.035889,-0.037354,1.064697,0.167939,2.480916,-1.40458,1.065957,2.85587,9329,16294,6964,9329,0,85.409,5,normal
1780604695.884789,33.45144549998804,255474,0.04126,0.001709,1.040772,3.549618,3.152672,-0.427481,1.04159,4.766746,9330,16297,6966,9330,1,85.409,18,normal
1780604695.9166758,33.483332499992684,255505,0.044678,0.019287,1.047852,1.137405,3.145038,-0.40458,1.048981,3.368774,9332,16300,6967,9332,0,57.143,5,normal
1780604695.9467287,33.5133851999999,255536,0.028076,-0.045166,1.068115,0.618321,2.458015,-0.748092,1.069438,2.642688,9335,16304,6968,9335,1,57.143,5,normal
1780604695.9775407,33.544197299997904,255567,0.046631,0.006592,1.057129,3.526718,3.091603,-0.152672,1.058177,4.692446,9339,16309,6969,9339,1,57.143,17,normal
1780604696.010593,33.57724949999829,255598,0.062988,0.013916,1.048096,0.618321,2.496183,-0.717557,1.050079,2.669858,9343,16314,6970,9343,0,57.143,5,normal
1780604696.0404224,33.60707899999397,255629,0.047119,-0.037354,1.06665,1.251908,2.984733,-0.923664,1.068344,3.365867,9344,16316,6971,9344,0,57.143,5,normal
1780604696.0714386,33.63809519998904,255660,0.05835,-0.041748,1.047607,3.450382,2.969466,-0.389313,1.050061,4.568854,9347,16320,6972,9347,0,57.143,5,normal
1780604696.1013305,33.66798719999497,255691,0.043945,-0.020996,1.035889,0.061069,3.083969,-0.854962,1.037033,3.200868,9349,16324,6974,9349,0,57.143,6,normal
1780604696.133301,33.69995769999514,255722,0.038574,-0.016846,1.061523,1.717557,3.007634,-1.053435,1.062358,3.620164,9350,16328,6977,9350,0,57.143,4,normal
1780604696.164183,33.73083939999924,255753,0.063477,-0.027832,1.055908,2.694656,3.572519,-0.267176,1.05818,4.482795,9353,16332,6978,9353,0,57.143,5,normal
1780604696.1964428,33.763099399991916,255785,0.063232,0.0,1.065186,0.022901,2.931298,-0.78626,1.067061,3.035002,9355,16336,6980,9355,0,82.143,0,normal
1780604696.226044,33.79270059999544,255815,0.032227,-0.035889,1.049805,2.198473,2.801527,-0.015267,1.050912,3.56119,9356,16338,6981,9356,0,82.143,3,normal
1780604696.257414,33.82407069999317,255846,0.04248,-0.018311,1.05249,2.335878,2.480916,-0.480916,1.053506,3.441301,9360,16344,6983,9360,0,82.143,5,normal
1780604696.2881882,33.8548446999921,255877,0.049561,-0.011963,1.050537,0.068702,3.160305,-0.435114,1.051774,3.190858,9361,16346,6984,9361,0,82.143,5,normal
1780604696.3197672,33.88642389999586,255908,0.033691,-0.08252,1.046631,2.053435,2.351145,-0.603053,1.050419,3.179332,9362,16349,6986,9362,1,82.143,18,normal
1780604696.3517687,33.91842539999925,255940,0.027588,-0.02124,1.053223,1.236641,2.763359,0.099237,1.053798,3.029073,9364,16352,6987,9364,0,82.143,5,normal
1780604696.383931,33.950587599989376,255972,0.01416,-0.040283,1.05835,0.70229,1.954198,-1.053435,1.059211,2.328482,9365,16354,6988,9365,0,82.143,5,normal
1780604696.4137511,33.9804077000008,256003,0.034668,-0.000732,1.048096,3.419847,2.969466,-0.305344,1.048669,4.539418,9370,16361,6990,9370,1,82.143,3,normal
1780604696.4445882,34.011244699999224,256034,0.037842,0.004639,1.027832,0.770992,2.549618,-0.564886,1.028539,2.72288,9373,16366,6992,9373,0,82.143,1,normal
1780604696.477527,34.04418359999545,256065,0.040283,-0.056152,1.070801,1.312977,2.839695,-0.946565,1.073028,3.268602,9374,16368,6993,9374,0,67.857,5,normal
1780604696.5082505,34.074906999987434,256096,0.036377,-0.022949,1.049561,3.045802,3.755725,-0.145038,1.050441,4.837708,9377,16372,6994,9377,0,67.857,5,normal
1780604696.5389462,34.10560279998754,256128,0.047852,-0.00293,1.040772,0.366412,2.503817,-1.183206,1.041875,2.793445,9378,16374,6995,9378,0,67.857,5,normal
1780604696.5693927,34.136049199994886,256159,0.043701,-0.02832,1.054932,2.305344,2.687023,-0.21374,1.056216,3.546884,9380,16380,6999,9380,0,67.857,0,normal
1780604696.6018627,34.16851930000121,256190,0.039307,-0.017822,1.051758,2.427481,2.862595,-0.198473,1.052643,3.758525,9383,16384,7000,9383,0,67.857,5,normal
1780604696.633168,34.199824600000284,256221,0.036865,0.010742,1.052978,0.122137,3.091603,-1.21374,1.053678,3.323566,9386,16388,7001,9386,0,67.857,5,normal
1780604696.6694806,34.23613710000063,256252,0.047119,-0.037354,1.054932,1.969466,2.389313,-0.167939,1.056644,3.100938,9388,16393,7004,9388,1,67.857,15,normal
1780604696.6944573,34.26111399999354,256283,0.022705,-0.019043,1.06665,1.984733,2.396947,-0.335878,1.067062,3.130069,9390,16396,7005,9390,0,67.857,5,normal
1780604696.7239745,34.29063109999697,256314,0.060791,-0.001221,1.063965,0.175573,3.267176,-0.877863,1.065701,3.38761,9392,16400,7007,9392,0,67.857,5,normal
1780604696.7557454,34.32240189998993,256345,0.036865,-0.074463,1.038574,2.29771,3.29771,-0.328244,1.041893,4.03263,9393,16403,7009,9393,1,67.857,19,normal
1780604696.787076,34.353732599993236,256375,0.024414,-0.018311,1.063721,1.816794,2.21374,-0.427481,1.064158,2.895536,9395,16406,7010,9395,0,67.857,5,normal
1780604696.818407,34.38506369999959,256407,0.028076,-0.007568,1.055664,0.061069,2.839695,-1.183206,1.056064,3.076942,9397,16410,7012,9397,0,67.857,0,normal
1780604696.8505948,34.41725129999395,256438,0.057861,-0.02417,1.049072,3.51145,2.641221,-0.396947,1.050945,4.411791,9398,16413,7014,9398,1,67.857,18,normal
1780604696.8805215,34.44717819998914,256470,0.066895,0.011475,1.045654,1.030534,2.40458,-0.679389,1.047855,2.702883,9401,16418,7016,9401,0,67.857,5,normal
1780604696.91203,34.478686499991454,256500,0.018799,-0.033447,1.061768,0.29771,2.251908,-0.793893,1.062461,2.40624,9402,16420,7017,9402,0,67.857,5,normal
1780604696.9427016,34.50935819999722,256531,0.033203,-0.007324,1.053467,3.648855,3.236641,-0.374046,1.054015,4.89182,9404,16423,7018,9404,1,67.857,17,normal
1780604696.9724836,34.53914019999502,256562,0.033936,0.00293,1.02124,0.748092,2.496183,-0.641221,1.021808,2.683605,9406,16426,7019,9406,0,67.857,5,normal
1780604697.0040927,34.57074919999286,256593,0.022217,-0.056152,1.061768,0.931298,2.40458,-0.839695,1.063483,2.711901,9408,16430,7021,9408,0,67.857,0,normal
1780604697.0350387,34.60169529999257,256624,0.048828,-0.036133,1.061523,3.053435,3.435115,-0.374046,1.06326,4.611224,9412,16436,7023,9412,0,68.1,5,normal
1780604697.0654461,34.632102799994755,256655,0.044434,-0.003174,1.038086,0.435114,2.534351,-0.900763,1.039041,2.724635,9414,16440,7025,9414,0,68.1,0,normal
1780604697.0964966,34.66315309998754,256686,0.062744,-0.028076,1.064941,1.923664,2.519084,-0.984733,1.067158,3.319031,9415,16442,7026,9415,0,68.1,5,normal
1780604697.128649,34.695305599991116,256717,0.072266,-0.041992,1.049805,3.137405,3.854962,-0.435114,1.053127,4.989325,9418,16446,7027,9418,0,68.1,6,normal
1780604697.158753,34.725409499995294,256748,0.049805,-0.022217,1.053467,0.648855,2.618321,-0.877863,1.054877,2.836769,9419,16448,7028,9419,0,68.1,4,normal
1780604697.189662,34.75631849998899,256779,0.038818,-0.025391,1.049316,1.91603,2.984733,-0.396947,1.050341,3.568946,9421,16454,7032,9421,0,68.1,0,normal
1780604697.2211442,34.787800699996296,256810,0.045654,-0.014893,1.053223,2.496183,3.206107,-0.328244,1.054317,4.076493,9424,16458,7033,9424,0,68.1,5,normal
1780604697.252679,34.81933559999743,256841,0.047607,0.001221,1.05542,-0.183206,3.572519,-0.801527,1.056494,3.665911,9427,16462,7034,9427,0,68.1,5,normal
1780604697.283151,34.84980739999446,256872,0.023926,-0.072998,1.053955,1.48855,2.335878,-0.114504,1.056751,2.772222,9429,16467,7037,9429,1,68.1,14,normal
1780604697.3139646,34.88062129999162,256903,0.026855,-0.016846,1.053467,1.687023,2.320611,-0.21374,1.053944,2.876972,9431,16470,7038,9431,0,68.1,5,normal
1780604697.3445036,34.91116019999026,256934,0.060059,-0.006592,1.046631,0.633588,2.610687,-0.839695,1.048373,2.814642,9433,16474,7040,9433,0,68.1,5,normal
1780604697.376544,34.943200499998056,256965,0.047607,-0.0625,1.038818,2.580153,2.282443,-0.40458,1.041785,3.46849,9434,16477,7042,9434,1,68.1,19,normal
1780604697.4086766,34.97533309999562,256996,0.034912,-0.017822,1.071045,1.030534,2.564885,-0.274809,1.071762,2.777798,9436,16480,7043,9436,0,68.1,5,normal
1780604697.4389899,35.00564649999433,257028,0.029541,-0.042725,1.063232,0.305344,1.862595,-0.923664,1.0645,2.101345,9438,16484,7045,9438,0,68.1,1,normal
1780604697.4695735,35.036229999997886,257059,0.05542,0.00708,1.049072,3.129771,3.061069,-0.381679,1.050559,4.394461,9441,16489,7047,9441,1,68.1,3,normal
1780604697.5006135,35.06726999999955,257090,0.038086,-0.005859,1.031494,0.908397,2.076336,-0.465649,1.032214,2.313695,9444,16494,7049,9444,0,68.1,5,normal
1780604697.5313306,35.09798719998798,257120,0.031738,-0.050293,1.070557,0.343511,2.099237,-0.977099,1.072207,2.340837,9446,16498,7051,9446,0,68.1,1,normal
1780604697.561828,35.12848449999001,257151,0.030029,0.015381,1.051758,3.366412,3.099237,-0.229008,1.052299,4.581533,9448,16501,7052,9448,1,68.1,17,normal
1780604697.5928109,35.15946749999421,257182,0.050049,0.021973,1.046631,0.541985,2.59542,-0.916031,1.048057,2.805185,9450,16504,7053,9450,0,68.1,5,normal
1780604697.6242585,35.190915099999984,257213,0.021729,-0.038818,1.056152,1.19084,2.282443,-1.335878,1.057089,2.900382,9453,16508,7054,9453,0,68.1,0,normal
1780604697.6574616,35.22411819999979,257245,0.058594,-0.031006,1.052246,2.954198,3.396947,-0.381679,1.054332,4.517988,9457,16514,7056,9457,0,68.1,6,normal
1780604697.6970577,35.26371439998911,257276,0.048096,-0.01001,1.044922,0.473282,2.541985,-0.877863,1.046076,2.730627,9459,16518,7058,9459,0,68.1,0,normal
1780604697.7192998,35.285956399995484,257307,0.039307,-0.022949,1.04248,2.267176,2.48855,-0.351145,1.043474,3.384711,9460,16520,7059,9460,0,68.1,5,normal
1780604697.7486908,35.315347499999916,257338,0.031006,-0.005127,1.054688,2.465649,2.564885,-0.610687,1.055156,3.609848,9463,16524,7060,9463,0,68.1,5,normal
1780604697.7804432,35.34709969999676,257369,0.039795,0.00708,1.046143,-0.10687,3.572519,-1.21374,1.046923,3.774583,9464,16526,7061,9464,0,68.1,5,normal
1780604697.8119466,35.37860329999239,257400,0.044434,-0.066162,1.048096,2.114504,2.541985,-0.442748,1.051122,3.335992,9465,16531,7065,9465,1,68.1,18,normal
1780604697.8428729,35.40952939999988,257432,0.030029,-0.014404,1.059814,0.961832,2.648855,-0.541985,1.060338,2.869722,9467,16534,7066,9467,0,68.0,5,normal
1780604697.8743143,35.44097099998908,257463,0.055908,-0.016602,1.052978,0.435114,2.748092,-0.618321,1.054592,2.850202,9468,16536,7067,9468,0,68.0,5,normal
1780604697.9044487,35.471105299991905,257494,0.057129,-0.046143,1.036865,2.564885,3.427481,-0.137405,1.039462,4.283123,9470,16541,7070,9470,1,68.0,14,normal
1780604697.9361827,35.502839399996446,257525,0.055908,-0.013184,1.05542,1.175572,2.427481,0.19084,1.056982,2.703896,9474,16546,7071,9474,0,68.0,5,normal
1780604697.9686904,35.53534689999651,257556,0.031494,-0.025146,1.075928,0.572519,2.328244,-0.832061,1.076682,2.537878,9477,16550,7072,9477,0,68.0,5,normal
1780604697.9979868,35.564643299992895,257587,0.053467,0.007813,1.055176,3.755725,3.381679,-0.610687,1.056558,5.090596,9480,16555,7074,9480,1,68.0,14,normal
1780604698.0288491,35.59550579999632,257618,0.05835,0.02002,1.04248,0.770992,2.839695,-0.587786,1.044304,3.000631,9482,16558,7075,9482,0,68.0,5,normal
1780604698.0600398,35.626696399995126,257649,0.033691,-0.061768,1.062988,0.396947,2.389313,-0.725191,1.065314,2.528297,9483,16560,7076,9483,0,68.0,5,normal
1780604698.0913806,35.65803719998803,257680,0.038574,0.001465,1.05127,3.045802,3.335878,-0.541985,1.051978,4.549586,9486,16565,7078,9486,1,68.0,3,normal
1780604698.1213498,35.68800639999972,257710,0.04248,0.006836,1.05957,1.091603,2.793893,-0.389313,1.060444,3.024731,9489,16570,7080,9489,0,79.137,5,normal
1780604698.15798,35.724636599989026,257741,0.049072,-0.067139,1.081299,0.442748,2.229008,-0.923664,1.084492,2.453091,9491,16574,7082,9491,0,79.137,0,normal
1780604698.1897385,35.756394999989425,257778,0.050537,-0.016357,1.05249,1.267176,2.687023,-0.198473,1.05383,2.977452,9496,16580,7083,9496,0,79.137,0,normal
1780604698.2218168,35.78847339999629,257810,0.029053,-0.04248,1.063965,0.312977,2.549618,-1.236641,1.065209,2.850928,9497,16582,7084,9497,0,79.137,5,normal
1780604698.2521944,35.81885089998832,257841,0.046143,0.014893,1.042725,3.305344,2.992366,-0.10687,1.043851,4.45993,9500,16587,7086,9500,1,79.137,4,normal
1780604698.2836516,35.850308099994436,257872,0.046143,-0.00415,1.043213,0.763359,1.969466,-1.053435,1.044241,2.360347,9502,16590,7087,9502,0,79.137,5,normal
1780604698.314672,35.8813286999939,257903,0.044922,-0.057617,1.065918,1.10687,2.229008,-0.946565,1.068419,2.662634,9503,16592,7088,9503,0,79.137,5,normal
1780604698.3457987,35.91245540000091,257934,0.047119,-0.027588,1.054688,3.145038,3.587786,-0.351145,1.0561,4.784012,9506,16596,7089,9506,0,79.137,5,normal
1780604698.376791,35.94344759998785,257966,0.049805,-0.002686,1.047607,0.282443,2.916031,-0.969466,1.048794,3.085915,9507,16598,7090,9507,0,70.313,5,normal
1780604698.409271,35.975927599996794,257997,0.060059,-0.02417,1.054688,2.19084,3.076336,-0.366412,1.056673,3.794454,9509,16604,7094,9509,0,70.313,0,normal
1780604698.4391897,36.00584620000154,258028,0.051758,-0.014648,1.049072,2.70229,3.076336,-0.450382,1.05045,4.119352,9512,16608,7095,9512,0,70.313,5,normal
1780604698.4699233,36.036579799998435,258059,0.040527,0.005859,1.038818,0.59542,3.687023,-0.961832,1.039625,3.856654,9515,16612,7096,9515,0,70.313,5,normal
1780604698.5014422,36.068098799994914,258090,0.049805,-0.030762,1.043213,1.885496,3.053435,-0.633588,1.044854,3.644173,9517,16616,7098,9517,0,70.313,1,normal
1780604698.5323272,36.09898379999504,258121,0.006592,-0.012451,1.053711,2.671756,2.625954,-0.526718,1.053805,3.783034,9520,16620,7099,9520,0,70.313,5,normal
1780604698.5637007,36.130357299989555,258152,0.056641,-0.012939,1.055908,0.122137,3.618321,-1.129771,1.057505,3.792564,9522,16624,7101,9522,0,70.313,5,normal
1780604698.594706,36.161362599988934,258183,0.045166,-0.073486,1.051514,1.778626,2.801527,-0.015267,1.055046,3.318478,9523,16627,7103,9523,1,70.313,18,normal
1780604698.6252766,36.19193319999613,258214,0.037598,-0.013428,1.048828,1.687023,3.091603,-0.648855,1.049588,3.58121,9525,16630,7104,9525,0,70.313,5,normal
1780604698.6567059,36.223362399992766,258245,0.050049,-0.017334,1.049072,0.290076,2.89313,-0.763359,1.050408,3.00617,9527,16634,7106,9527,0,71.685,1,normal
1780604698.6874106,36.25406709998788,258276,0.047119,-0.074951,1.034668,2.312977,3.320611,-0.374046,1.038449,4.064016,9529,16639,7109,9529,1,71.685,3,normal
1780604698.7190588,36.28571539999393,258308,0.05957,-0.008301,1.051758,1.458015,2.664122,0.061069,1.053476,3.037612,9532,16644,7111,9532,0,71.685,5,normal
1780604698.750865,36.317521499993745,258339,0.0271,-0.029541,1.072266,0.19084,2.274809,-0.778626,1.073015,2.411936,9534,16648,7113,9534,0,71.685,0,normal
1780604698.78162,36.34827669999504,258370,0.046631,0.005127,1.056152,3.549618,3.206107,-0.312977,1.057194,4.793419,9536,16651,7114,9536,1,71.685,17,normal
1780604698.811588,36.378244699997595,258401,0.045898,0.014893,1.035644,0.778626,2.671756,-0.610687,1.036768,2.849118,9538,16654,7115,9538,0,71.685,5,normal
1780604698.8554323,36.422088799998164,258433,0.035645,-0.041992,1.081299,0.839695,2.312977,-0.885496,1.082701,2.615158,9540,16658,7117,9540,0,71.685,0,normal
1780604698.8748703,36.44152699998813,258464,0.047852,-0.044678,1.050537,3.022901,4.442748,-0.496183,1.052575,5.396493,9544,16664,7119,9544,0,71.685,6,normal
1780604698.9060478,36.47270439998829,258495,0.025635,-0.016846,1.028564,0.328244,2.48855,-1.21374,1.029022,2.788152,9545,16666,7120,9545,0,72.0,5,normal
1780604698.9376023,36.504258799992385,258526,0.033936,-0.026123,1.047363,1.603053,2.725191,-0.793893,1.048238,3.259864,9546,16668,7121,9546,0,72.0,5,normal
1780604698.9680607,36.53471739999077,258557,0.053467,-0.042236,1.053223,2.870229,2.793893,-0.557252,1.055424,4.04408,9549,16674,7124,9549,0,72.0,5,normal
1780604698.9992232,36.56587989999389,258588,0.04541,-0.008057,1.026611,1.274809,2.709924,-1.290076,1.027647,3.260847,9550,16676,7125,9550,0,72.0,5,normal
1780604699.0302632,36.596919799994794,258619,0.051514,-0.031738,1.076416,0.900763,2.10687,-0.80916,1.078115,2.430024,9551,16680,7128,9551,0,72.0,4,normal
1780604699.0604632,36.62711979998858,258650,0.039795,-0.017578,1.04248,4.374046,4.10687,0.061069,1.043388,6.000199,9555,16686,7130,9555,0,72.0,5,normal
1780604699.0905077,36.657164399992325,258680,0.05127,0.003174,1.030273,-0.10687,2.877863,-1.152672,1.031553,3.101962,9556,16688,7131,9556,0,72.0,5,normal
1780604699.122638,36.68929460000072,258711,0.045166,-0.027344,1.054688,2.366412,2.480916,-0.175573,1.056008,3.433027,9557,16690,7132,9557,0,72.0,5,normal
1780604699.1525054,36.719161899993196,258742,0.071289,-0.029541,1.0625,2.801527,2.80916,-0.343511,1.065299,3.982202,9561,16696,7134,9561,0,72.0,5,normal
1780604699.1824632,36.74911969999084,258772,0.031494,-0.012939,1.03125,0.603053,2.694656,-1.038168,1.031812,2.950024,9563,16700,7136,9563,0,64.982,5,normal
1780604699.2126591,36.779315699997824,258802,0.032715,-0.034912,1.059082,1.305344,1.717557,-1.21374,1.060162,2.475296,9564,16702,7137,9564,0,64.982,5,normal
1780604699.2436836,36.81034019999788,258833,0.056641,-0.04248,1.057861,3.0,3.656489,-0.396947,1.060228,4.746312,9567,16706,7138,9567,0,64.982,5,normal
1780604699.2759776,36.842634199987515,258863,0.036621,-0.017334,1.037598,0.29771,2.679389,-1.122137,1.038388,2.920094,9570,16710,7139,9570,0,64.982,5,normal
1780604699.3054218,36.87207829998806,258895,0.008545,-0.023438,1.064453,2.152672,2.442748,-0.450382,1.064745,3.286922,9572,16714,7141,9572,0,64.982,1,normal
1780604699.3385353,36.90519179998955,258926,0.044922,-0.012207,1.049561,2.984733,3.206107,-0.137405,1.050592,4.382538,9575,16718,7142,9575,0,64.982,5,normal
1780604699.3684685,36.93512499998906,258958,0.04248,0.005615,1.048828,0.030534,3.198473,-0.923664,1.049703,3.329312,9576,16720,7143,9576,0,64.982,5,normal
1780604699.400562,36.96721869999601,258989,0.035889,-0.072021,1.039551,2.114504,3.091603,-0.076336,1.04266,3.746326,9577,16723,7145,9577,1,64.982,18,normal
1780604699.4315248,36.99818129999039,259021,0.057861,-0.02002,1.050537,1.70229,2.175573,-0.282443,1.05232,2.776811,9579,16726,7146,9579,0,64.982,5,normal
1780604699.4635754,37.030231999990065,259052,0.030029,-0.022461,1.050781,0.236641,2.335878,-0.603053,1.05145,2.424046,9581,16730,7148,9581,0,64.286,5,normal
1780604699.4932556,37.05991229999927,259083,0.053711,-0.044434,1.043945,3.664122,2.900763,0.0,1.04627,4.673352,9583,16735,7151,9583,1,64.286,18,normal
1780604699.5243196,37.09097629999451,259113,0.051514,-0.032227,1.058594,1.503817,2.931298,-0.152672,1.060336,3.298072,9587,16740,7152,9587,0,64.286,5,normal
1780604699.555711,37.122367699994356,259144,0.050293,-0.015869,1.056641,0.229008,2.625954,-1.091603,1.057956,2.853012,9589,16744,7154,9589,0,64.286,0,normal
1780604699.586578,37.15323459998763,259175,0.080566,-0.045166,1.050537,2.755725,2.671756,-0.381679,1.05459,3.857198,9590,16747,7156,9590,1,64.286,18,normal
1780604699.6180437,37.18470030000026,259206,0.056396,-0.004639,1.040283,1.503817,2.496183,0.10687,1.041821,2.91613,9593,16752,7158,9593,0,64.286,5,normal
1780604699.648285,37.21494149998762,259237,0.006104,-0.025391,1.05127,0.244275,2.625954,-0.725191,1.051594,2.73518,9594,16754,7159,9594,0,64.286,5,normal
1780604699.6789973,37.245653899997706,259268,0.060303,-0.029541,1.050293,3.496183,3.366412,-0.152672,1.052437,4.855856,9595,16757,7161,9595,1,64.286,18,normal
1780604699.7107096,37.27736619999632,259299,0.057373,0.010254,1.04834,0.992366,1.847328,-0.312977,1.049959,2.120228,9597,16760,7162,9597,0,64.286,6,normal
1780604699.7415817,37.30823819999932,259330,0.041016,-0.054443,1.074707,0.526718,2.435115,-0.816794,1.076866,2.621902,9598,16763,7164,9598,1,61.151,14,normal
1780604699.7721343,37.338790900001186,259361,0.047607,0.000244,1.047363,3.358779,3.022901,-0.358779,1.048445,4.532995,9602,16769,7166,9602,1,61.151,3,normal
1780604699.8038626,37.370519099989906,259392,0.047607,0.014648,1.044678,0.473282,2.534351,-0.358779,1.045864,2.603008,9605,16774,7168,9605,0,61.151,0,normal
1780604699.8356576,37.40231419999327,259423,0.049805,-0.044922,1.060303,0.816794,2.496183,-1.137405,1.062422,2.862127,9606,16776,7169,9606,0,61.151,5,normal
1780604699.8666074,37.43326389999129,259454,0.040771,-0.037109,1.055176,3.328244,3.954198,-0.053435,1.056615,5.168728,9609,16780,7170,9609,0,61.151,5,normal
1780604699.8975024,37.46415909999632,259486,0.032715,-0.019775,1.037842,0.358779,2.10687,-1.21374,1.038546,2.457802,9610,16782,7171,9610,0,61.151,5,normal
1780604699.9294717,37.496128399987356,259517,0.071045,-0.031738,1.054199,2.412214,2.938931,-0.152672,1.057067,3.805181,9611,16786,7174,9611,0,61.151,4,normal
1780604699.962316,37.528972699990845,259549,0.029785,-0.020264,1.045166,2.137405,2.099237,-0.267176,1.045787,3.007769,9614,16790,7175,9614,0,61.151,5,normal
1780604699.9904368,37.55709329999809,259580,0.060303,-0.006592,1.053223,-0.076336,3.21374,-1.244275,1.054968,3.447053,9615,16792,7176,9615,0,68.0,5,normal
1780604700.0225508,37.589207400000305,259611,0.027588,-0.067627,1.037842,2.122137,2.931298,-0.251908,1.040409,3.627593,9617,16797,7179,9617,1,68.0,14,normal
1780604700.0529425,37.619599099998595,259642,0.019043,-0.016602,1.055176,1.740458,2.900763,-0.229008,1.055478,3.390585,9620,16802,7181,9620,0,68.0,5,normal
1780604700.083749,37.65040569999837,259673,0.072021,-0.013916,1.064453,0.183206,3.206107,-1.076336,1.066978,3.386914,9622,16806,7183,9622,0,68.0,5,normal
1780604700.1153026,37.68195919999562,259704,0.044189,-0.081787,1.058106,1.847328,3.244275,-0.541985,1.062181,3.772491,9624,16811,7186,9624,1,68.0,14,normal
1780604700.146202,37.71285869998974,259735,0.048584,-0.026123,1.058594,1.526718,2.473282,-0.473282,1.06003,2.944824,9626,16814,7187,9626,0,68.0,5,normal
1780604700.1760886,37.74274509999668,259765,0.050781,-0.007568,1.051758,0.167939,3.450382,-0.977099,1.05301,3.589994,9627,16816,7188,9627,0,68.0,5,normal
1780604700.2062013,37.77285799999663,259795,0.064209,-0.045166,1.048584,2.251908,2.305344,-0.351145,1.051518,3.241759,9629,16821,7191,9629,1,68.0,3,normal
1780604700.2365348,37.803191499988316,259826,0.038574,-0.028076,1.053711,2.053435,2.450382,-0.274809,1.05479,3.208814,9633,16826,7192,9633,0,68.0,5,normal
1780604700.2680805,37.834737099998165,259857,0.05957,0.00293,1.055176,0.198473,3.358779,-0.755725,1.05686,3.448464,9634,16828,7193,9634,0,68.592,6,normal
1780604700.3002553,37.86691179999616,259888,0.029297,-0.072021,1.046387,2.320611,3.145038,-0.419847,1.049272,3.931001,9635,16831,7195,9635,1,68.592,17,normal
1780604700.331954,37.89861049999308,259920,0.029297,-0.014648,1.058106,1.282443,2.687023,-0.038168,1.058612,2.977618,9639,16836,7196,9639,0,68.592,5,normal
1780604700.3632047,37.929861399999936,259951,0.022217,-0.032959,1.062012,0.068702,2.618321,-0.496183,1.062755,2.665806,9642,16840,7197,9642,0,68.592,5,normal
1780604700.394522,37.96117859998776,259982,0.049561,-0.005859,1.041748,3.732824,3.358779,-0.198473,1.042943,5.025412,9646,16845,7198,9646,1,68.592,18,normal
1780604700.4260087,37.99266540000099,260013,0.054932,0.013916,1.05249,1.51145,2.725191,-0.038168,1.054015,3.116505,9650,16850,7199,9650,0,68.592,5,normal
1780604700.4558346,38.0224911999976,260044,0.025391,-0.038574,1.063965,0.152672,2.618321,-0.587786,1.064967,2.687825,9651,16852,7200,9651,0,68.592,5,normal
1780604700.4860277,38.05268419999629,260075,0.049072,-0.008057,1.061768,3.679389,3.51145,-0.083969,1.062932,5.086771,9653,16855,7201,9653,1,68.592,17,normal
1780604700.5168078,38.08346429999801,260106,0.070312,0.006104,1.041748,0.801527,3.137405,-0.427481,1.044136,3.266266,9656,16860,7203,9656,0,68.592,5,normal
1780604700.5474837,38.11414029999287,260136,0.010742,-0.035645,1.063965,0.442748,2.229008,-0.610687,1.064616,2.353176,9659,16864,7204,9659,0,89.606,5,normal
1780604700.5779111,38.14456770000106,260167,0.031982,-0.014648,1.055908,3.435115,3.557252,-0.229008,1.056494,4.950404,9661,16867,7205,9661,1,89.606,17,normal
1780604700.6091607,38.175817199997255,260198,0.064209,0.016357,1.047363,1.312977,2.70229,-0.076336,1.049457,3.005346,9664,16872,7207,9664,0,89.606,0,normal
1780604700.6394637,38.20612019998953,260228,0.005371,-0.037598,1.054443,0.442748,2.259542,-0.832061,1.055127,2.44824,9665,16874,7208,9665,0,89.606,4,normal
1780604700.6707034,38.23736009999993,260259,0.04834,-0.005127,1.047119,3.656489,3.221374,0.076336,1.048247,4.873704,9667,16881,7213,9667,1,89.606,3,normal
1780604700.7019608,38.26861749999807,260289,0.055176,-0.026367,1.049805,1.70229,2.564885,0.137405,1.051584,3.081446,9671,16886,7214,9671,0,89.606,1,normal
1780604700.73209,38.29874669999117,260320,0.029053,-0.043945,1.06958,0.229008,2.351145,-0.687023,1.070877,2.460148,9672,16888,7215,9672,0,89.606,5,normal
1780604700.7632306,38.32988710000063,260351,0.055908,-0.010498,1.049316,3.51145,3.366412,-0.396947,1.050857,4.880633,9673,16891,7217,9673,1,89.606,18,normal
1780604700.7946596,38.36131609999575,260383,0.063232,0.008057,1.038086,0.312977,3.022901,-0.633588,1.040041,3.104403,9675,16894,7218,9675,0,89.606,5,normal
1780604700.82587,38.392526600000565,260414,0.041748,-0.064209,1.074951,0.59542,2.251908,-0.78626,1.077676,2.458418,9680,16900,7219,9680,0,75.54,1,normal
1780604700.856808,38.423464499996044,260445,0.050293,-0.040771,1.057129,3.335878,4.122138,-0.549618,1.05911,5.331246,9683,16904,7220,9683,0,75.54,5,normal
1780604700.888133,38.45478960000037,260477,0.043457,-0.022217,1.045898,0.099237,2.40458,-1.396947,1.047036,2.782681,9684,16906,7221,9684,0,75.54,5,normal
1780604700.9180045,38.48466119999648,260507,0.041016,-0.03418,1.065918,1.114504,2.221374,-0.946565,1.067254,2.659437,9686,16910,7223,9686,0,75.54,0,normal
1780604700.9501848,38.5168413999927,260538,0.054688,-0.044678,1.052734,3.450382,3.564885,-0.343511,1.0551,4.973082,9690,16916,7225,9690,0,75.54,6,normal
1780604700.9804685,38.547125099998084,260569,0.033691,-0.015137,1.032227,0.099237,2.374046,-1.145038,1.032887,2.637623,9692,16920,7227,9692,0,75.54,6,normal
1780604701.0125692,38.57922580000013,260600,0.02832,-0.026367,1.060059,1.541985,2.580153,-0.656489,1.060765,3.076667,9694,16924,7229,9694,0,75.54,0,normal
1780604701.0426884,38.609344999989844,260631,0.051758,-0.031494,1.056152,3.274809,2.824427,0.206107,1.057889,4.329462,9697,16928,7230,9697,0,75.54,5,normal
1780604701.0732436,38.63990009999543,260662,0.023926,-0.016113,1.040527,0.099237,2.656489,-0.984733,1.040927,2.834868,9698,16930,7231,9698,0,75.54,5,normal
1780604701.105319,38.671975499994005,260693,0.052979,-0.023926,1.060303,2.312977,1.969466,-0.343511,1.061895,3.05723,9700,16934,7233,9700,0,71.685,1,normal
1780604701.135629,38.702285499995924,260724,0.020752,-0.009521,1.056152,2.961832,2.977099,-0.526718,1.056399,4.232375,9704,16940,7235,9704,0,71.685,5,normal
1780604701.1677167,38.73437330000161,260755,0.062012,0.019043,1.048584,0.030534,3.030534,-1.145038,1.050589,3.239781,9705,16942,7236,9705,0,71.685,5,normal
1780604701.1985073,38.76516389999597,260786,0.046387,-0.044434,1.065674,2.007634,2.770992,0.030534,1.067608,3.421976,9706,16945,7238,9706,1,71.685,18,normal
1780604701.2302058,38.79686229999061,260818,0.038086,-0.02124,1.054932,1.984733,2.030534,-0.282443,1.055832,2.85342,9710,16950,7239,9710,0,71.685,5,normal
1780604701.2619283,38.828584999995655,260850,0.058594,-0.01001,1.054199,0.122137,2.480916,-0.832061,1.055874,2.619578,9711,16952,7240,9711,0,71.685,5,normal
1780604701.2923205,38.85897699999623,260881,0.061279,-0.037598,1.039307,3.083969,3.229008,-0.396947,1.04179,4.482736,9712,16957,7244,9712,1,71.685,18,normal
1780604701.3232043,38.88986089998798,260912,0.066895,-0.003662,1.051025,1.51145,2.89313,-0.030534,1.053158,3.264294,9716,16962,7245,9716,0,71.685,5,normal
1780604701.3548114,38.92146810000122,260943,0.020264,-0.033691,1.066162,0.229008,2.236641,-0.854962,1.066887,2.405404,9717,16964,7246,9717,0,68.0,5,normal
1780604701.3858497,38.95250639998994,260974,0.044434,-0.031982,1.034424,3.839695,3.076336,-0.175573,1.035872,4.923202,9718,16967,7248,9718,1,68.0,18,normal
1780604701.4148908,38.98154739999154,261005,0.046875,0.008057,1.047852,1.015267,2.70229,-0.038168,1.04893,2.88697,9721,16972,7250,9721,0,68.0,5,normal
1780604701.4460287,39.01268539999728,261034,0.033203,-0.019287,1.045166,0.129771,2.900763,-0.793893,1.045871,3.010238,9723,16976,7252,9723,0,68.0,5,normal
1780604701.476348,39.04300439999497,261065,0.032471,-0.05542,1.034668,2.80916,3.198473,-0.572519,1.03666,4.295275,9724,16979,7254,9724,1,68.0,18,normal
1780604701.5082529,39.07490939999116,261096,0.044189,-0.017578,1.055664,1.587786,3.030534,-0.099237,1.056735,3.422726,9727,16984,7256,9727,0,68.0,1,normal
1780604701.5389998,39.10565649998898,261127,0.04834,-0.01709,1.054932,0.099237,2.183206,-0.961832,1.056177,2.387752,9728,16986,7257,9728,0,68.0,5,normal
1780604701.5687015,39.135358200001065,261158,0.064209,-0.02417,1.03833,3.40458,3.312977,-0.503817,1.040594,4.777114,9730,16991,7260,9730,1,68.0,3,normal
1780604701.6106386,39.17729519998829,261188,0.029053,-0.02124,1.050293,1.824428,2.389313,-0.19084,1.050909,3.01227,9732,16994,7261,9732,0,68.0,5,normal
1780604701.6301858,39.19684249999409,261219,0.03418,-0.020752,1.062744,0.068702,2.435115,-1.030534,1.063496,2.64509,9733,16996,7262,9733,0,57.971,5,normal
1780604701.6619952,39.228651699988404,261250,0.062988,-0.062012,1.041748,3.580153,2.725191,-0.496183,1.045491,4.526628,9734,16999,7264,9734,1,57.971,18,normal
1780604701.69236,39.259016600000905,261281,0.066162,0.01416,1.048828,1.618321,2.847328,0.10687,1.051008,3.276837,9736,17002,7265,9736,0,57.971,5,normal
1780604701.7235005,39.290156999995816,261312,0.0271,-0.043701,1.062744,0.374046,2.061069,-0.969466,1.063987,2.308198,9739,17006,7266,9739,0,57.971,5,normal
1780604701.7554755,39.32213200000115,261344,0.053467,-0.026123,1.045898,3.381679,3.671756,-0.076336,1.04759,4.992332,9743,17011,7267,9743,1,57.971,17,normal
1780604701.7876396,39.35429619999195,261375,0.037354,-0.018066,1.029053,0.160305,2.648855,-1.053435,1.029889,2.855146,9747,17016,7268,9747,0,57.971,5,normal
1780604701.8168404,39.38349689998722,261406,0.041748,-0.06665,1.066894,1.351145,2.412214,-0.816794,1.069789,2.882971,9749,17020,7270,9749,0,57.971,0,normal
1780604701.8480582,39.41471489999094,261437,0.050293,-0.035645,1.05835,2.984733,3.625954,-0.412214,1.060143,4.714456,9752,17024,7271,9752,0,57.971,5,normal
1780604701.8796196,39.44627609998861,261468,0.0271,-0.012695,1.037598,0.236641,2.503817,-0.763359,1.038029,2.628272,9754,17028,7273,9754,0,57.971,5,normal
1780604701.9109643,39.47762089999742,261499,0.04126,-0.023682,1.064941,1.51145,3.129771,-0.320611,1.066003,3.490378,9755,17030,7274,9755,0,78.571,5,normal
1780604701.9420896,39.508746199993766,261530,0.057617,-0.037842,1.067139,3.007634,3.022901,-0.015267,1.069363,4.264272,9758,17034,7275,9758,0,78.571,5,normal
1780604701.971294,39.53795059998811,261561,0.038086,0.00293,1.03833,-0.007634,2.442748,-0.870229,1.039032,2.59314,9759,17036,7276,9759,0,78.571,5,normal
1780604702.0019343,39.56859089998761,261590,0.049316,-0.044922,1.073486,0.946565,2.290076,-0.725191,1.075557,2.581925,9761,17040,7278,9761,0,78.571,1,normal
1780604702.0337677,39.60042419999081,261622,0.040527,-0.044678,1.058838,2.900763,3.259542,-0.282443,1.060555,4.372507,9765,17046,7280,9765,0,78.571,5,normal
1780604702.0644934,39.63115000000107,261653,0.027344,-0.02417,1.036865,-0.122137,2.687023,-1.038168,1.037507,2.883193,9767,17050,7282,9767,0,78.571,1,normal
1780604702.0944169,39.661073499999475,261684,0.042236,-0.022949,1.05957,1.847328,2.78626,-0.290076,1.06066,3.355594,9768,17052,7283,9768,0,78.571,5,normal
1780604702.1267111,39.69336779999139,261715,0.042725,-0.015137,1.048096,2.900763,2.954198,-0.267176,1.049075,4.148867,9771,17058,7286,9771,0,78.571,5,normal
1780604702.1561913,39.722847999990336,261746,0.044189,0.004395,1.04126,0.129771,2.923664,-1.08397,1.042206,3.12084,9772,17060,7287,9772,0,78.571,5,normal
1780604702.1886811,39.75533770000038,261776,0.036133,-0.023682,1.048828,1.931298,2.900763,-0.343511,1.049717,3.501762,9773,17064,7290,9773,0,64.982,4,normal
1780604702.2192318,39.78588840000157,261808,0.031006,-0.01123,1.056396,2.900763,2.51145,-0.442748,1.056911,3.862362,9776,17068,7291,9776,0,64.982,5,normal
1780604702.251605,39.81826159999764,261839,0.0354,0.009766,1.052246,0.290076,2.572519,-1.076336,1.052887,2.803658,9777,17070,7292,9777,0,64.982,5,normal
1780604702.281911,39.84856739999668,261870,0.029785,-0.070312,1.05249,2.10687,2.541985,0.358779,1.055257,3.321041,9778,17073,7294,9778,1,64.982,18,normal
1780604702.3139217,39.880578199998126,261902,0.025391,-0.024658,1.051025,1.305344,2.458015,-0.496183,1.051621,2.827005,9781,17078,7296,9781,0,64.982,5,normal
1780604702.3445132,39.91116969998984,261933,0.052002,-0.018311,1.056396,0.10687,2.503817,-0.549618,1.057834,2.565658,9783,17082,7298,9783,0,64.982,5,normal
1780604702.375991,39.94264779999503,261964,0.036133,-0.05249,1.040283,2.908397,2.251908,-0.564886,1.042233,3.721419,9785,17087,7301,9785,1,64.982,15,normal
1780604702.4073064,39.97396309999749,261995,0.058594,-0.02417,1.061523,1.877863,2.19084,-0.21374,1.063414,2.893412,9793,17096,7302,9793,0,64.982,0,normal
1780604702.4388328,40.00548939999135,262027,0.026855,-0.051025,1.053711,0.442748,2.374046,-1.022901,1.055287,2.622679,9794,17098,7303,9794,0,83.665,5,normal
1780604702.4699013,40.03655779999099,262058,0.064209,-0.01001,1.05249,3.503817,3.854962,-0.022901,1.054494,5.209414,9797,17103,7305,9797,1,83.665,4,normal
1780604702.500644,40.067300499998964,262089,0.044922,0.002686,1.036865,0.679389,2.351145,-0.709924,1.037841,2.548224,9799,17106,7306,9799,0,83.665,5,normal
1780604702.5322287,40.09888539998792,262120,0.064697,-0.060791,1.064697,0.740458,2.48855,-1.145038,1.068392,2.837652,9800,17108,7307,9800,0,83.665,5,normal
1780604702.563961,40.13061769999331,262151,0.045166,-0.02832,1.053711,3.167939,4.091603,-0.068702,1.055059,5.175112,9802,17111,7308,9802,0,83.665,16,normal
1780604702.593631,40.16028759999608,262182,0.056641,-0.023682,1.032471,0.259542,3.305344,-0.938931,1.034294,3.445904,9804,17114,7309,9804,0,83.665,5,normal
1780604702.6356118,40.20226839999668,262214,0.037109,-0.025879,1.0625,1.633588,2.770992,-0.160305,1.063463,3.220668,9808,17120,7311,9808,0,83.665,0,normal
1780604702.6555398,40.22219629999017,262244,0.044434,-0.043457,1.060547,3.229008,3.557252,-0.51145,1.062366,4.831368,9811,17124,7312,9811,0,83.665,6,normal
1780604702.688493,40.25514959999418,262276,0.063477,0.020996,1.05957,0.206107,3.282443,-1.030534,1.061678,3.44658,9814,17128,7313,9814,0,83.665,5,normal
1780604702.7191083,40.2857648999925,262307,0.049805,-0.023682,1.05835,2.068702,2.519084,-0.282443,1.059785,3.271863,9816,17132,7315,9816,0,78.571,0,normal
1780604702.7492683,40.315924800001085,262338,0.017822,-0.002686,1.047607,3.099237,2.656489,-0.59542,1.047762,4.125134,9819,17136,7316,9819,0,78.571,5,normal
1780604702.7797935,40.3464501999988,262369,0.055908,0.017822,1.053711,0.198473,2.59542,-1.076336,1.055344,2.816752,9821,17140,7318,9821,0,78.571,5,normal
1780604702.8128014,40.37945799999579,262400,0.050049,-0.041504,1.054932,2.068702,2.633588,-0.068702,1.056933,3.349632,9822,17143,7320,9822,1,78.571,18,normal
1780604702.8438473,40.41050379999797,262432,0.034912,-0.02417,1.049805,1.381679,3.0,-0.21374,1.050663,3.309792,9824,17146,7321,9824,0,78.571,5,normal
1780604702.874014,40.440670600000885,262463,0.035645,-0.020264,1.067139,0.137405,2.358779,-1.29771,1.067926,2.695694,9825,17148,7322,9825,0,78.571,5,normal
1780604702.9062867,40.4729432999884,262494,0.056885,-0.066406,1.048828,2.519084,3.007634,-0.343511,1.052467,3.938229,9827,17153,7325,9827,1,78.571,3,normal
1780604702.9365385,40.503195099998266,262525,0.047607,-0.023926,1.061035,1.610687,2.679389,-0.419847,1.062372,3.154316,9830,17158,7327,9830,0,78.571,5,normal
1780604702.9670374,40.533694099998684,262556,0.027344,-0.02417,1.053711,0.374046,2.656489,-0.923664,1.054343,2.837252,9832,17162,7329,9832,0,78.571,1,normal
1780604702.998887,40.56554359999427,262587,0.045898,-0.064453,1.04541,2.839695,3.10687,-0.633588,1.0484,4.256518,9833,17165,7331,9833,1,60.714,18,normal
1780604703.0296998,40.59635629999684,262618,0.047363,0.001709,1.044922,1.534351,2.503817,0.038168,1.045996,2.936799,9837,17170,7332,9837,0,60.714,5,normal
1780604703.0603957,40.62705239999923,262649,0.050781,-0.032715,1.061768,0.335878,2.480916,-0.763359,1.063485,2.617341,9838,17172,7333,9838,0,60.714,5,normal
1780604703.092509,40.659165599994594,262680,0.067871,-0.025391,1.050049,3.503817,3.114504,-0.580153,1.052546,4.723711,9841,17177,7335,9841,1,60.714,18,normal
1780604703.1228857,40.68954219999432,262711,0.0625,0.025391,1.043701,1.290076,2.648855,-0.290076,1.045879,2.960553,9843,17180,7336,9843,0,60.714,5,normal
1780604703.1534474,40.720103999992716,262742,0.052734,-0.053711,1.070068,0.29771,2.687023,-1.0,1.072712,2.882486,9844,17182,7337,9844,0,60.714,5,normal
1780604703.1840537,40.7507101999945,262773,0.032715,0.001953,1.054688,3.099237,2.984733,-0.396947,1.055196,4.321049,9845,17185,7339,9845,1,60.714,18,normal
1780604703.2160876,40.78274419999798,262804,0.04834,0.016357,1.052002,0.633588,2.160305,-0.343511,1.053239,2.277356,9848,17190,7341,9848,0,60.714,5,normal
1780604703.246948,40.813604700000724,262835,0.045898,-0.050537,1.071289,0.648855,2.251908,-1.229008,1.073462,2.646236,9851,17194,7342,9851,0,60.714,5,normal
1780604703.2784123,40.84506899998814,262866,0.050537,-0.036865,1.052002,3.610687,3.717557,-0.19084,1.05386,5.185914,9854,17199,7344,9854,1,75.269,14,normal
1780604703.3090124,40.875668900000164,262897,0.042969,-0.010742,1.034912,0.21374,2.068702,-0.908397,1.03586,2.269449,9857,17204,7346,9857,0,75.269,0,normal
1780604703.3397362,40.90639289999672,262928,0.023438,-0.036377,1.060303,1.122137,2.381679,-0.900763,1.061185,2.782618,9858,17206,7347,9858,0,75.269,6,normal
1780604703.3712537,40.9379101999948,262959,0.035645,-0.027344,1.051514,3.389313,3.427481,-0.427481,1.052473,4.839195,9862,17212,7349,9862,0,75.269,5,normal
1780604703.4023776,40.96903409999504,262991,0.051758,-0.006592,1.040039,0.022901,2.48855,-0.618321,1.041347,2.564318,9863,17214,7350,9863,0,75.269,5,normal
1780604703.4345582,41.00121469999431,263022,0.045654,-0.021729,1.060791,2.274809,3.48855,-0.076336,1.061995,4.1654,9864,17216,7351,9864,0,75.269,5,normal
1780604703.4646058,41.03126249999332,263053,0.043945,-0.023926,1.062988,3.221374,2.923664,-0.389313,1.064165,4.36768,9867,17220,7352,9867,0,75.269,5,normal
1780604703.4970975,41.06375419998949,263084,0.031494,0.029053,1.056885,0.244275,3.229008,-1.022901,1.057753,3.395952,9868,17222,7353,9868,0,75.269,5,normal
1780604703.5283213,41.094977899992955,263116,0.041016,-0.054199,1.050537,2.030534,2.564885,-0.312977,1.052734,3.286284,9870,17229,7358,9870,1,64.0,3,normal
1780604703.55929,41.12594649998937,263147,0.01709,-0.019775,1.061035,2.122137,2.145038,-0.419847,1.061357,3.046461,9873,17234,7360,9873,0,64.0,0,normal
1780604703.5898976,41.156554299988784,263178,0.058594,-0.015137,1.050293,0.10687,2.946565,-1.030534,1.052035,3.123406,9874,17236,7361,9874,0,64.0,5,normal
1780604703.6206958,41.18735229999584,263209,0.039062,-0.077148,1.047119,2.015267,2.832061,-0.458015,1.050684,3.505945,9876,17241,7364,9876,1,64.0,15,normal
1780604703.6517138,41.21837049999158,263240,0.017334,-0.022705,1.068115,1.648855,2.59542,-0.541985,1.068497,3.122287,9878,17244,7365,9878,0,64.0,5,normal
1780604703.6819494,41.24860599999374,263270,0.028564,-0.002441,1.060547,0.236641,2.343511,-0.984733,1.060934,2.552987,9880,17248,7367,9880,0,64.0,5,normal
1780604703.7112997,41.27795619999233,263300,0.042236,-0.046875,1.045898,1.885496,2.587786,0.099237,1.0478,3.20337,9881,17251,7369,9881,1,64.0,18,normal
1780604703.7424252,41.309081899991725,263331,0.025391,-0.023682,1.051025,2.10687,2.305344,-0.419847,1.051599,3.151156,9883,17254,7370,9883,0,64.0,5,normal
1780604703.7792103,41.34586699999636,263367,0.050781,0.030518,1.052002,1.412214,3.068702,-0.656489,1.053669,3.441258,9884,17256,7371,9884,0,55.777,5,normal
1780604703.810191,41.376847599996836,263399,0.050293,-0.013184,1.052246,2.832061,3.587786,-0.221374,1.05353,4.57622,9888,17262,7373,9888,0,55.777,5,normal
1780604703.8409898,41.40764639999543,263430,0.031982,0.01001,1.039307,0.251908,3.366412,-0.793893,1.039847,3.467918,9890,17266,7375,9890,0,55.777,5,normal
1780604703.8724341,41.43909069999063,263461,0.060059,-0.036133,1.068604,2.068702,2.832061,-0.038168,1.0709,3.507357,9891,17268,7376,9891,0,55.777,4,normal
1780604703.9034436,41.470100199992885,263492,0.058105,-0.019287,1.067383,2.671756,2.961832,-0.129771,1.069137,3.990936,9894,17272,7377,9894,0,55.777,5,normal
1780604703.9341118,41.50076840000111,263523,0.067383,0.017334,1.060059,0.122137,3.526718,-0.793893,1.062339,3.617032,9897,17276,7378,9897,0,55.777,5,normal
1780604703.9662824,41.532938899996225,263554,0.038574,-0.056396,1.052246,1.763359,2.824427,-0.229008,1.054462,3.337554,9899,17281,7381,9899,1,55.777,4,normal
1780604703.9962287,41.56288529999438,263585,0.028809,-0.004395,1.065918,2.366412,2.358779,-0.381679,1.066316,3.362949,9901,17284,7382,9901,0,55.777,5,normal
1780604704.0276525,41.59430919999431,263616,0.055664,0.020264,1.051025,-0.198473,2.419847,-1.053435,1.052693,2.646654,9904,17288,7383,9904,0,55.777,5,normal
1780604704.0586984,41.62535489999573,263647,0.043701,-0.058105,1.047363,2.290076,2.251908,-0.129771,1.049884,3.214402,9905,17291,7385,9905,1,75.0,18,normal
1780604704.0902088,41.65686529999948,263678,0.019287,-0.025635,1.051758,1.954198,2.290076,-0.717557,1.052247,3.094872,9907,17294,7386,9907,0,75.0,5,normal
1780604704.1207507,41.68740719999187,263709,0.05127,-0.007568,1.072022,0.076336,2.244275,-1.10687,1.073273,2.503549,9909,17298,7388,9909,0,75.0,5,normal
1780604704.1522558,41.71891239999968,263740,0.030029,-0.071289,1.045654,2.335878,2.633588,-0.381679,1.048512,3.540874,9910,17303,7392,9910,1,75.0,18,normal
1780604704.1833239,41.749980399996275,263771,0.018066,-0.016846,1.050049,1.59542,1.984733,-0.328244,1.050339,2.567542,9912,17306,7393,9912,0,75.0,5,normal
1780604704.2148504,41.781506899991655,263802,0.010986,-0.021484,1.053223,0.625954,2.19084,-0.877863,1.053499,2.44177,9914,17310,7395,9914,0,75.0,0,normal
1780604704.2449617,41.811618399995496,263833,0.04541,-0.061279,1.045898,2.450382,3.007634,-0.725191,1.048676,3.946661,9916,17315,7398,9916,1,75.0,4,normal
1780604704.2749894,41.841646000000765,263864,0.040527,-0.026367,1.057129,1.48855,2.442748,-0.022901,1.058234,2.860651,9919,17320,7400,9919,0,75.0,5,normal
1780604704.306989,41.873645499988925,263895,0.037842,-0.025879,1.060059,0.015267,2.343511,-0.870229,1.061049,2.499915,9921,17324,7402,9921,0,75.0,0,normal
1780604704.3382213,41.90487800000119,263926,0.062988,-0.016113,1.047852,3.755725,3.435115,-0.290076,1.049867,5.098002,9922,17327,7404,9922,1,60.932,18,normal
1780604704.3699262,41.936582800000906,263958,0.052246,0.010742,1.041992,0.389313,2.221374,-0.427481,1.043357,2.295388,9924,17330,7405,9924,0,60.932,5,normal
1780604704.4009502,41.96760689999792,263989,0.072754,-0.058838,1.076416,0.816794,2.480916,-0.89313,1.080475,2.760394,9926,17334,7407,9926,0,60.932,1,normal
1780604704.432124,41.998780399997486,264020,0.053467,-0.043701,1.054688,3.671756,3.59542,-0.419847,1.056946,5.156074,9928,17337,7408,9928,1,60.932,16,normal
1780604704.4641523,42.03080899998895,264051,0.043701,-0.025879,1.032471,0.068702,2.969466,-0.694656,1.033719,3.050409,9930,17340,7409,9930,0,60.932,5,normal
1780604704.4957895,42.062446199997794,264083,0.061035,-0.028564,1.04834,1.938931,2.656489,-0.335878,1.050504,3.305934,9931,17342,7410,9931,0,60.932,5,normal
1780604704.5281804,42.094836999996915,264115,0.044189,-0.013428,1.064209,2.78626,3.091603,-0.564886,1.065211,4.200042,9935,17348,7412,9935,0,60.932,5,normal
1780604704.558227,42.12488360000134,264146,0.06665,0.025635,1.051514,0.030534,3.167939,-0.946565,1.053936,3.306472,9937,17352,7414,9937,0,60.932,5,normal
1780604704.5901906,42.15684729999339,264177,0.044189,-0.044189,1.059326,1.931298,2.282443,-0.442748,1.061168,3.022496,9938,17357,7418,9938,1,63.745,18,normal
1780604704.6206324,42.187289099994814,264208,0.033691,-0.02002,1.061279,2.312977,2.442748,-0.48855,1.062003,3.399347,9942,17362,7419,9942,0,63.745,5,normal
1780604704.650363,42.217019599993364,264239,0.046387,0.003174,1.04541,0.099237,2.854962,-1.198473,1.046444,3.097901,9943,17364,7420,9943,0,63.745,5,normal
1780604704.6816704,42.24832709999464,264270,0.042969,-0.071777,1.05127,2.076336,3.076336,-0.450382,1.054593,3.738697,9944,17367,7422,9944,1,63.745,18,normal
1780604704.7127097,42.279366199989454,264301,0.033447,-0.024414,1.058106,1.870229,2.114504,-0.374046,1.058915,2.847594,9947,17372,7424,9947,0,63.745,5,normal
1780604704.7453935,42.31204999999318,264332,0.033936,-0.022949,1.061523,-0.19084,2.465649,-0.977099,1.062314,2.659054,9948,17374,7425,9948,0,63.745,5,normal
1780604704.7759113,42.34256799999275,264364,0.056641,-0.038818,1.043945,3.442748,3.206107,-0.396947,1.046201,4.721144,9949,17377,7427,9949,1,63.745,18,normal
1780604704.807144,42.37380059999123,264395,0.048584,-0.012695,1.044678,1.671756,2.80916,-0.068702,1.045884,3.269689,9952,17382,7429,9952,0,63.745,0,normal
1780604704.8504825,42.41713909999817,264426,0.020264,-0.035889,1.064453,0.580153,1.946565,-1.007634,1.065251,2.267381,9953,17384,7430,9953,0,63.745,5,normal
1780604704.8688092,42.435465699993074,264457,0.047852,0.001465,1.041748,3.564885,3.29771,-0.48855,1.042848,4.880776,9958,17391,7432,9958,1,71.429,3,normal
1780604704.898994,42.465650599988294,264487,0.039551,-0.008545,1.060303,1.992366,2.145038,0.160305,1.061074,2.931964,9962,17396,7433,9962,0,71.429,0,normal
1780604704.9290783,42.49573489998875,264518,0.033203,-0.032959,1.061279,0.099237,2.183206,-0.900763,1.06231,2.363813,9963,17398,7434,9963,0,71.429,5,normal
1780604704.9594853,42.526141800000914,264548,0.035645,-0.071289,1.040772,2.59542,3.419847,-0.198473,1.043819,4.297785,9964,17401,7436,9964,1,71.429,18,normal
1780604704.9910643,42.557720999990124,264579,0.048096,-0.010498,1.047852,1.381679,2.740458,-0.21374,1.049007,3.076497,9966,17404,7437,9966,0,71.429,5,normal
1780604705.0219765,42.588633099992876,264610,0.018066,-0.03833,1.056641,0.312977,2.435115,-0.503817,1.05749,2.506306,9969,17408,7438,9969,0,71.429,5,normal
1780604705.0531275,42.61978409999574,264641,0.075928,-0.039062,1.045898,3.587786,3.21374,-0.679389,1.049378,4.864351,9970,17411,7440,9970,1,71.429,18,normal
1780604705.0858266,42.65248330000031,264673,0.036621,-0.010986,1.030273,0.709924,2.534351,-0.549618,1.030983,2.688681,9972,17414,7441,9972,0,71.429,5,normal
1780604705.11729,42.68394669999543,264705,0.036377,-0.053223,1.065674,1.396947,2.740458,-0.816794,1.067622,3.182566,9974,17418,7443,9974,0,71.429,1,normal
1780604705.1484344,42.715091099991696,264736,0.045654,-0.042969,1.059326,3.099237,4.122138,-0.282443,1.06118,5.164984,9978,17424,7445,9978,0,71.685,5,normal
1780604705.1791496,42.74580619999324,264767,0.026611,-0.022949,1.036133,0.045802,2.038168,-1.236641,1.036728,2.38443,9980,17428,7447,9980,0,71.685,6,normal
1780604705.2096734,42.776330099994084,264798,0.0625,-0.022705,1.066162,1.496183,2.946565,-0.954198,1.068234,3.439666,9982,17432,7449,9982,0,71.685,0,normal
1780604705.2412066,42.807863299996825,264829,0.061768,-0.023682,1.050537,3.038168,3.51145,-0.580153,1.052618,4.679458,9985,17436,7450,9985,0,71.685,5,normal
1780604705.272187,42.838843599995016,264860,0.052002,-0.020264,1.037109,0.061069,2.442748,-1.007634,1.03861,2.643118,9986,17438,7451,9986,0,71.685,5,normal
1780604705.30303,42.869686599995475,264890,0.050293,-0.012939,1.069336,1.618321,3.259542,-0.801527,1.070596,3.726395,9988,17442,7453,9988,0,71.685,1,normal
1780604705.3331378,42.899794400000246,264921,0.046875,-0.028809,1.051514,2.977099,3.374046,-0.099237,1.052952,4.500795,9991,17446,7454,9991,0,71.685,5,normal
1780604705.3642015,42.9308580999932,264953,0.03125,0.03125,1.050537,0.419847,2.931298,-1.091603,1.051466,3.156006,9992,17448,7455,9992,0,71.685,5,normal
1780604705.3944414,42.961097999999765,264983,0.040771,-0.024902,1.052734,1.549618,3.29771,-0.725191,1.053818,3.715119,9993,17450,7456,9993,0,71.685,5,normal
1780604705.4254718,42.99212840000109,265014,0.053467,-0.027344,1.051514,2.946565,3.59542,-0.229008,1.053227,4.654217,9996,17454,7457,9996,0,64.748,6,normal
1780604705.4567509,43.02340739998908,265045,0.041504,-0.022217,1.043213,0.175573,2.900763,-0.664122,1.044274,2.980992,9998,17458,7459,9998,0,64.748,5,normal
1780604705.4873178,43.05397439999797,265076,0.047607,-0.023682,1.059082,2.236641,2.641221,-0.603053,1.060416,3.513159,9999,17462,7462,9999,0,64.748,4,normal
1780604705.5191054,43.08576199998788,265107,0.041504,-0.009521,1.056641,3.061069,3.305344,-0.473282,1.057498,4.529838,10003,17468,7464,10003,0,64.748,5,normal
1780604705.5494237,43.11608039999555,265138,0.046143,0.019775,1.046387,0.21374,2.755725,-1.053435,1.04759,2.957944,10005,17472,7466,10005,0,64.748,1,normal
1780604705.5804508,43.147107400000095,265169,0.033203,-0.0354,1.046875,2.183206,2.480916,-0.167939,1.048,3.309008,10006,17474,7467,10006,0,64.748,4,normal
1780604705.6123035,43.178959999990184,265200,0.03833,-0.010986,1.060303,3.061069,2.687023,-0.381679,1.061052,4.090955,10010,17480,7469,10010,0,64.748,5,normal
1780604705.6436365,43.210293099997216,265231,0.050781,0.013428,1.05542,0.251908,3.175573,-0.854962,1.056726,3.298284,10011,17482,7470,10011,0,64.748,5,normal
1780604705.6752527,43.241909299991676,265263,0.036377,-0.080322,1.044434,2.351145,2.534351,-0.122137,1.048149,3.459152,10012,17485,7472,10012,1,64.748,19,normal
1780604705.7066646,43.27332110000134,265294,0.02002,-0.029785,1.060303,1.648855,2.526718,-0.19084,1.06091,3.023152,10014,17488,7473,10014,0,64.286,5,normal
1780604705.7376053,43.3042618999898,265325,0.045166,-0.016846,1.054688,0.19084,3.022901,-0.770992,1.055788,3.125504,10015,17490,7474,10015,0,64.286,5,normal
1780604705.7681727,43.33482929998718,265356,0.064209,-0.051758,1.039551,2.824427,3.022901,-0.59542,1.042817,4.179694,10017,17497,7479,10017,1,64.286,4,normal
1780604705.8000805,43.36673709999013,265387,0.054688,-0.023193,1.060059,1.312977,2.824427,0.015267,1.061722,3.114728,10020,17502,7481,10020,0,64.286,1,normal
1780604705.8316271,43.398283699993044,265419,0.030762,-0.037354,1.066162,0.389313,1.954198,-1.358779,1.06726,2.411791,10021,17504,7482,10021,0,64.286,5,normal
1780604705.8620076,43.428664299994125,265450,0.059082,-0.004883,1.052002,3.755725,3.335878,-0.343511,1.053671,5.035033,10024,17509,7484,10024,1,64.286,14,normal
1780604705.8916776,43.45833429999766,265480,0.057373,0.013184,1.039062,1.442748,3.083969,-0.083969,1.040729,3.405795,10026,17512,7485,10026,0,64.286,5,normal
1780604705.9240053,43.490661799994996,265512,0.018066,-0.047363,1.061279,0.320611,2.129771,-1.244275,1.062489,2.487355,10029,17516,7486,10029,0,64.286,5,normal
1780604705.9548442,43.52150089999486,265543,0.02832,-0.02002,1.044189,3.450382,3.221374,-0.282443,1.044765,4.728864,10031,17519,7487,10031,1,64.286,17,normal
1780604705.9850569,43.55171349999728,265574,0.046631,-0.000732,1.031006,0.648855,2.969466,-0.412214,1.03206,3.067354,10033,17522,7488,10033,0,67.857,5,normal
1780604706.0173683,43.584024799987674,265604,0.021484,-0.04248,1.072754,0.473282,1.91603,-1.244275,1.07381,2.333107,10034,17524,7489,10034,0,67.857,5,normal
1780604706.0472996,43.61395609998726,265636,0.037354,-0.023682,1.047607,3.519084,3.251908,-0.503817,1.048541,4.817955,10037,17529,7491,10037,1,67.857,3,normal
1780604706.0783966,43.64505310000095,265667,0.036377,-0.019775,1.033691,-0.198473,2.78626,-1.022901,1.03452,2.97472,10040,17534,7493,10040,0,67.857,5,normal
1780604706.1100857,43.676742199997534,265698,0.040771,-0.033203,1.064453,1.740458,2.839695,-0.709924,1.065751,3.405445,10041,17536,7494,10041,0,67.857,5,normal
1780604706.142159,43.70881549999467,265730,0.047363,-0.014404,1.046631,3.381679,3.045802,-0.083969,1.047801,4.551892,10044,17540,7495,10044,0,67.857,6,normal
1780604706.1733484,43.740004899998894,265762,0.061035,0.007324,1.038574,0.022901,2.923664,-1.091603,1.040392,3.120886,10047,17544,7496,10047,0,67.857,5,normal
1780604706.2052288,43.7718853999977,265793,0.036865,-0.065674,1.052978,2.152672,2.10687,-0.564886,1.055668,3.064636,10049,17551,7501,10049,1,67.857,4,normal
1780604706.2367265,43.8033829999913,265824,0.030518,-0.02002,1.055908,2.259542,2.312977,-0.259542,1.056539,3.24388,10051,17554,7502,10051,0,72.0,5,normal
1780604706.2673283,43.833984899989446,265855,0.053955,0.015381,1.050781,0.48855,3.038168,-0.885496,1.052278,3.20207,10054,17558,7503,10054,0,72.0,5,normal
1780604706.2997763,43.86643289998756,265886,0.029297,-0.075195,1.044922,2.015267,3.099237,-0.40458,1.048034,3.718905,10055,17561,7505,10055,1,72.0,18,normal
1780604706.3304253,43.8970818999951,265918,0.048096,-0.025146,1.064697,1.389313,2.267176,-0.358779,1.06608,2.683095,10057,17564,7506,10057,0,72.0,5,normal
1780604706.3600218,43.92667839999194,265949,0.004639,-0.03125,1.047119,0.183206,2.167939,-0.954198,1.047596,2.375714,10059,17568,7508,10059,0,72.0,5,normal
1780604706.3917794,43.95843610000156,265979,0.041016,-0.085449,1.047119,2.564885,3.022901,-0.442748,1.0514,3.989059,10060,17571,7510,10060,1,72.0,18,normal
1780604706.4211352,43.98779179999838,266010,0.023926,-0.029053,1.060547,1.656489,2.832061,-0.343511,1.061214,3.298867,10062,17574,7511,10062,0,72.0,5,normal
1780604706.452896,44.01955269998871,266041,0.033936,-0.009521,1.052734,-0.099237,2.870229,-1.076336,1.053324,3.067012,10064,17578,7513,10064,0,72.0,0,normal
1780604706.483378,44.050034599989885,266072,0.054199,-0.067383,1.046875,2.717557,2.816794,-0.19084,1.050441,3.918656,10066,17583,7516,10066,1,72.0,4,normal
1780604706.5154731,44.082129599992186,266103,0.032227,-0.022217,1.053467,1.29771,2.625954,-0.274809,1.054194,2.941973,10069,17588,7518,10069,0,64.516,5,normal
1780604706.5460572,44.11271370000031,266134,0.042725,-0.025146,1.049561,-0.083969,2.534351,-0.870229,1.050731,2.680911,10071,17592,7520,10071,0,64.516,1,normal
1780604706.5765207,44.14317719999235,266165,0.05835,-0.009521,1.049561,3.519084,3.274809,-0.206107,1.051224,4.811528,10072,17595,7522,10072,1,64.516,18,normal
1780604706.6083174,44.17497389999335,266196,0.05957,0.018066,1.040772,1.427481,2.687023,-0.389313,1.042631,3.067468,10074,17598,7523,10074,0,64.516,5,normal
1780604706.6403794,44.20703599999251,266228,0.042725,-0.061279,1.080078,0.343511,2.320611,-1.282443,1.082658,2.673555,10076,17602,7525,10076,0,64.516,0,normal
1780604706.6723325,44.23898909999116,266260,0.05127,-0.041748,1.052002,3.259542,3.320611,-0.763359,1.054078,4.715272,10079,17606,7526,10079,0,64.516,5,normal
1780604706.7175815,44.284238199994434,266292,0.021484,-0.026611,1.041016,0.442748,2.793893,-0.870229,1.041577,2.959588,10080,17608,7527,10080,0,64.516,5,normal
1780604706.7350106,44.30166709999321,266323,0.039795,-0.024658,1.056885,2.274809,3.099237,-0.290076,1.057921,3.855408,10081,17610,7528,10081,0,64.516,5,normal
1780604706.766112,44.33276869999827,266354,0.054932,-0.017334,1.054443,2.977099,3.320611,-0.526718,1.056016,4.490769,10086,17616,7529,10086,0,67.729,5,normal
1780604706.797325,44.363981399990735,266385,0.056641,0.010254,1.04126,0.381679,2.839695,-0.923664,1.04285,3.010432,10088,17620,7531,10088,0,67.729,5,normal
1780604706.8283625,44.39501899998868,266416,0.032227,-0.068359,1.05127,1.946565,2.320611,-0.068702,1.053982,3.029698,10089,17625,7535,10089,1,67.729,18,normal
1780604706.8594174,44.42607399998815,266448,0.016846,-0.024658,1.055176,1.664122,2.40458,-0.656489,1.055598,2.997046,10093,17630,7536,10093,0,67.729,5,normal
1780604706.8916352,44.458291699993424,266479,0.051758,-0.013916,1.053223,0.618321,2.770992,-1.175572,1.054585,3.072896,10094,17632,7537,10094,0,67.729,5,normal
1780604706.9224098,44.48906639999768,266510,0.025146,-0.076904,1.052002,2.312977,2.839695,-0.335878,1.055109,3.677845,10095,17635,7539,10095,1,67.729,18,normal
1780604706.9539108,44.52056749998883,266541,0.014404,-0.024414,1.06543,1.381679,2.419847,-0.305344,1.065807,2.8032,10098,17640,7541,10098,0,67.729,5,normal
1780604706.9834168,44.55007329999353,266572,0.012207,-0.022217,1.054443,0.389313,2.877863,-0.938931,1.054748,3.05209,10099,17642,7542,10099,0,67.729,5,normal
1780604707.0158305,44.58248709999316,266603,0.047363,-0.061279,1.039062,2.725191,3.328244,-0.381679,1.041945,4.318513,10100,17645,7544,10100,1,67.729,19,normal
1780604707.045893,44.61254959998769,266634,0.048584,-0.0271,1.059082,1.366412,2.671756,-0.152672,1.060542,3.004774,10102,17648,7545,10102,0,57.143,5,normal
1780604707.0774922,44.64414889999898,266665,0.046875,-0.035889,1.04834,0.725191,2.259542,-0.816794,1.050001,2.509698,10103,17650,7546,10103,0,57.143,5,normal
1780604707.1082444,44.67490099999122,266696,0.050293,-0.063232,1.043213,3.251908,2.900763,-0.51145,1.046337,4.387586,10106,17657,7550,10106,1,57.143,4,normal
1780604707.1396863,44.70634289999725,266727,0.061279,0.01416,1.049561,1.198473,3.419847,-0.267176,1.051443,3.633604,10109,17662,7552,10109,0,57.143,1,normal
1780604707.170709,44.73736559999816,266758,0.022217,-0.044189,1.062256,-0.007634,2.610687,-0.740458,1.063407,2.713673,10110,17664,7553,10110,0,57.143,5,normal
1780604707.2004702,44.7671268999984,266789,0.048096,-0.004639,1.040772,3.671756,2.885496,-0.076336,1.041892,4.670514,10113,17669,7555,10113,1,57.143,14,normal
1780604707.231815,44.79847169999266,266820,0.036621,0.002197,1.028564,0.274809,2.282443,-0.862595,1.029218,2.45543,10115,17672,7556,10115,0,57.143,5,normal
1780604707.262606,44.82926239998778,266850,0.027832,-0.045654,1.061279,0.175573,2.51145,-1.068702,1.062625,2.73502,10118,17676,7557,10118,0,57.143,5,normal
1780604707.2945416,44.86119830000098,266882,0.048096,-0.020264,1.04834,3.526718,3.061069,-0.290076,1.049638,4.678892,10120,17679,7558,10120,1,57.143,17,normal
1780604707.3245618,44.891218399992795,266913,0.045898,0.01001,1.029541,0.183206,2.854962,-0.694656,1.030612,2.943963,10122,17682,7559,10122,0,71.685,6,normal
1780604707.3565032,44.923159899990424,266944,0.041016,-0.048096,1.068604,0.854962,2.541985,-1.290076,1.070471,2.976062,10123,17684,7560,10123,0,71.685,5,normal
1780604707.387985,44.95464159999392,266975,0.033936,-0.033447,1.047852,3.335878,3.343511,-0.259542,1.048934,4.73017,10127,17690,7562,10127,0,71.685,5,normal
1780604707.41788,44.98453659999359,267006,0.035156,-0.02417,1.038574,0.007634,3.19084,-0.969466,1.03945,3.334873,10129,17694,7564,10129,0,71.685,5,normal
1780604707.4489772,45.01563389999501,267036,0.041992,-0.060059,1.072022,0.740458,2.320611,-1.137405,1.074523,2.688346,10131,17698,7566,10131,0,71.685,1,normal
1780604707.4792535,45.04591010000149,267067,0.051514,-0.049561,1.062744,3.29771,3.442748,-0.480916,1.065146,4.791522,10134,17702,7567,10134,0,71.685,5,normal
1780604707.5103967,45.07705319998786,267098,0.02832,-0.018799,1.026123,0.183206,2.755725,-1.145038,1.026686,2.989766,10137,17706,7568,10137,0,71.685,5,normal
1780604707.542834,45.10949059999257,267130,0.033447,-0.020996,1.04248,1.900763,2.770992,-0.343511,1.043228,3.377766,10139,17710,7570,10139,0,71.685,0,normal
1780604707.573538,45.1401945999969,267162,0.055908,-0.010742,1.053955,2.847328,3.274809,-0.351145,1.055491,4.353729,10142,17714,7571,10142,0,71.685,6,normal
1780604707.6054966,45.172153299994534,267193,0.043457,0.01001,1.045654,0.259542,3.412214,-1.129771,1.046605,3.603741,10143,17716,7572,10143,0,75.0,5,normal
1780604707.6364784,45.203135099989595,267224,0.062012,-0.03833,1.059082,2.122137,2.847328,-0.358779,1.061588,3.569239,10144,17719,7574,10144,1,75.0,18,normal
1780604707.6663215,45.232978,267255,0.021973,-0.018555,1.057129,2.198473,2.564885,-0.320611,1.05752,3.393334,10146,17722,7575,10146,0,75.0,5,normal
1780604707.6969938,45.26365039999655,267286,0.05957,0.009033,1.054932,0.076336,3.022901,-0.89313,1.056651,3.153004,10148,17726,7577,10148,0,75.0,5,normal
1780604707.7287757,45.295432399987476,267317,0.023193,-0.077637,1.037842,1.854962,2.816794,-0.458015,1.041,3.403673,10149,17731,7581,10149,1,75.0,18,normal
1780604707.7759714,45.34262799999851,267348,0.031006,-0.034668,1.055908,1.80916,2.748092,-0.717557,1.056932,3.367486,10153,17736,7582,10153,0,75.0,5,normal
1780604707.7912767,45.35793329999433,267379,0.056641,-0.016846,1.05957,0.389313,3.320611,-0.648855,1.061217,3.405735,10155,17740,7584,10155,0,75.0,1,normal
1780604707.8224697,45.3891261999961,267410,0.068359,-0.053223,1.042969,2.603053,3.427481,-0.633588,1.046561,4.350281,10156,17743,7586,10156,1,75.0,18,normal
1780604707.8543744,45.42103099999076,267442,0.042725,-0.021729,1.050293,1.412214,2.603053,0.083969,1.051386,2.962648,10159,17748,7588,10159,0,75.0,5,normal
1780604707.8850904,45.45174699999916,267473,0.009033,-0.026855,1.064941,0.51145,2.458015,-0.900763,1.065318,2.667357,10160,17750,7589,10160,0,60.714,5,normal
1780604707.9170568,45.48371329999645,267504,0.052734,-0.012695,1.047363,3.587786,3.305344,-0.145038,1.048767,4.880424,10161,17753,7591,10161,1,60.714,18,normal
1780604707.947553,45.51420959999086,267535,0.05127,0.020996,1.047363,1.114504,3.312977,-0.282443,1.048828,3.506809,10163,17756,7592,10163,0,60.714,5,normal
1780604707.9787095,45.54536599999119,267566,0.047607,-0.044678,1.061279,0.21374,2.587786,-0.992366,1.063286,2.779769,10164,17758,7593,10164,0,60.714,5,normal
1780604708.0097237,45.57638020000013,267597,0.060303,-0.012939,1.056885,3.503817,3.526718,-0.206107,1.058683,4.975636,10169,17765,7595,10169,1,60.714,3,normal
1780604708.0394866,45.60614319999877,267628,0.0625,-0.001709,1.04834,0.625954,2.580153,-0.40458,1.050203,2.685646,10172,17770,7597,10172,0,60.714,1,normal
1780604708.0709517,45.63760819999152,267658,0.023926,-0.040527,1.059082,0.366412,2.618321,-0.854962,1.060127,2.778636,10173,17772,7598,10173,0,60.714,5,normal
1780604708.1028874,45.66954409999016,267690,0.037842,-0.019043,1.046143,3.038168,3.007634,-0.137405,1.047,4.27729,10176,17777,7600,10176,1,60.714,14,normal
1780604708.1332107,45.69986729999073,267721,0.050293,0.00415,1.03833,0.21374,2.641221,-1.137405,1.039556,2.883648,10178,17780,7601,10178,0,60.714,5,normal
1780604708.1644688,45.7311253999942,267752,0.055176,-0.066406,1.075684,0.946565,1.938931,-1.038168,1.079143,2.394417,10181,17784,7602,10181,0,75.269,5,normal
1780604708.1955032,45.76215989999764,267783,0.04126,-0.039307,1.052978,3.038168,3.412214,0.007634,1.054519,4.568778,10184,17788,7603,10184,0,75.269,6,normal
1780604708.2257202,45.79237679998914,267814,0.0354,-0.031982,1.029541,-0.068702,2.40458,-0.969466,1.030646,2.593567,10185,17790,7604,10185,0,75.269,5,normal
1780604708.2578955,45.824551999990945,267845,0.019287,-0.019775,1.072998,1.549618,2.374046,-0.78626,1.073354,2.942042,10186,17792,7605,10186,0,75.269,5,normal
1780604708.288023,45.8546795000002,267876,0.056152,-0.042725,1.050049,2.908397,3.320611,-0.343511,1.052417,4.427554,10190,17798,7607,10190,0,75.269,5,normal
1780604708.3189065,45.88556319999043,267907,0.023438,-0.019775,1.029053,0.122137,2.839695,-1.10687,1.02951,3.050237,10192,17802,7609,10192,0,75.269,5,normal
1780604708.3500884,45.91674489999423,267938,0.030518,-0.016602,1.049561,2.053435,3.053435,-0.21374,1.050135,3.685885,10194,17806,7611,10194,0,75.269,1,normal
1780604708.380234,45.94689059999655,267969,0.028564,-0.005371,1.054199,2.89313,3.076336,-0.343511,1.0546,4.236985,10197,17810,7612,10197,0,75.269,5,normal
1780604708.4119132,45.97856969998975,268000,0.043213,-0.026611,1.045654,0.648855,2.946565,-0.824427,1.046885,3.127769,10200,17814,7613,10200,0,75.269,5,normal
1780604708.4420903,46.008746899999096,268031,0.072754,-0.036133,1.054932,2.183206,2.59542,-0.229008,1.058055,3.39927,10202,17818,7615,10202,0,75.269,1,normal
1780604708.473794,46.040450599990436,268061,0.037842,-0.024902,1.064697,2.992366,3.290076,-0.366412,1.06566,4.462412,10205,17822,7616,10205,0,75.269,6,normal
1780604708.5061743,46.07283099999768,268093,0.050537,0.024414,1.044678,0.526718,2.564885,-1.152672,1.046184,2.860895,10206,17824,7617,10206,0,75.269,5,normal
1780604708.5374486,46.10410519999277,268124,0.025635,-0.075928,1.037842,2.099237,2.664122,-0.51145,1.040931,3.430149,10207,17827,7619,10207,1,75.269,18,normal
1780604708.5690267,46.1356831999874,268156,0.046143,-0.020996,1.054932,1.603053,2.458015,-0.51145,1.056149,2.978792,10209,17830,7620,10209,0,75.269,6,normal
1780604708.5986793,46.16533589999017,268187,0.029541,-0.023682,1.046631,0.21374,3.122137,-0.908397,1.047316,3.258621,10211,17834,7622,10211,0,75.269,5,normal
1780604708.6293678,46.196024499993655,268218,0.038086,-0.063232,1.047363,2.625954,2.40458,-0.21374,1.049961,3.566977,10212,17839,7626,10212,1,75.269,18,normal
1780604708.6604557,46.2271122999955,268249,0.044922,-0.017334,1.052978,1.717557,2.229008,-0.152672,1.054079,2.818118,10216,17844,7627,10216,0,75.269,5,normal
1780604708.6924417,46.25909839999804,268280,0.031006,-0.037842,1.055176,0.21374,2.137405,-0.656489,1.056309,2.246144,10218,17848,7629,10218,0,75.269,1,normal
1780604708.725417,46.29207359999418,268311,0.071289,-0.031006,1.047607,3.381679,3.251908,-0.496183,1.050488,4.717718,10219,17851,7631,10219,1,60.714,18,normal
1780604708.7541318,46.32078840000031,268342,0.058105,-0.00708,1.044189,1.572519,3.267176,0.022901,1.045829,3.625986,10222,17856,7633,10222,0,60.714,5,normal
1780604708.7861547,46.35281129999203,268373,0.02124,-0.034668,1.059082,0.29771,2.267176,-0.969466,1.059862,2.483663,10223,17858,7634,10223,0,60.714,5,normal
1780604708.8161628,46.38281939999433,268404,0.034912,0.000244,1.04248,3.526718,4.030534,0.183206,1.043065,5.358778,10225,17861,7635,10225,1,60.714,17,normal
1780604708.8471713,46.41382789998897,268435,0.041748,0.025879,1.040772,0.633588,3.251908,-0.351145,1.04193,3.331613,10227,17864,7636,10227,0,60.714,5,normal
1780604708.8781738,46.444830299995374,268466,0.046387,-0.050293,1.065918,0.244275,2.541985,-0.931298,1.068112,2.718211,10228,17867,7638,10228,1,60.714,15,normal
1780604708.9095724,46.47622889999184,268497,0.05249,-0.004883,1.055908,3.526718,3.312977,0.076336,1.057223,4.839358,10232,17873,7640,10232,1,60.714,3,normal
1780604708.9407997,46.507456299994374,268528,0.05542,0.016846,1.035889,0.580153,2.251908,-0.419847,1.037507,2.363036,10235,17878,7642,10235,0,60.714,0,normal
1780604708.971965,46.53862169999047,268559,0.056396,-0.042725,1.071045,0.992366,2.450382,-0.687023,1.073379,2.731513,10236,17880,7643,10236,0,60.714,5,normal
1780604709.0030746,46.56973119999748,268590,0.048828,-0.034668,1.050049,3.458015,3.259542,-0.251908,1.051755,4.758775,10240,17886,7645,10240,0,75.269,5,normal
1780604709.0331304,46.59978709999996,268621,0.031494,-0.00415,1.035889,-0.122137,2.389313,-1.328244,1.036376,2.736415,10241,17888,7646,10241,0,75.269,5,normal
1780604709.0639508,46.63060739998764,268652,0.03418,-0.016602,1.064209,1.328244,2.603053,-0.732824,1.064887,3.012831,10244,17892,7647,10244,0,75.269,5,normal
1780604709.0956056,46.66226209999877,268683,0.041016,-0.032959,1.065918,2.816794,3.328244,-0.389313,1.067216,4.377568,10247,17896,7648,10247,0,75.269,5,normal
1780604709.1257813,46.69243799999822,268714,0.04126,-0.028076,1.037842,-0.099237,2.541985,-0.908397,1.039041,2.701244,10248,17898,7649,10248,0,75.269,5,normal
1780604709.1580374,46.72469389998878,268745,0.040527,-0.037842,1.055176,2.183206,2.748092,-0.587786,1.056632,3.558636,10249,17900,7650,10249,0,75.269,5,normal
1780604709.1880033,46.754659799989895,268776,0.038574,-0.035889,1.045166,2.900763,2.70229,-0.29771,1.046493,3.975604,10253,17906,7652,10253,0,75.269,5,normal
1780604709.2185783,46.78523499998846,268806,0.026611,-0.017334,1.038818,0.175573,2.526718,-0.824427,1.039304,2.663608,10255,17910,7654,10255,0,75.269,5,normal
1780604709.2482474,46.81490389999817,268837,0.050293,-0.009521,1.059326,1.633588,2.763359,-0.603053,1.060562,3.266257,10257,17914,7656,10257,0,75.269,0,normal
1780604709.2814372,46.84809379999933,268868,0.030762,-0.012451,1.051758,2.885496,2.793893,-0.442748,1.052281,4.040786,10260,17918,7657,10260,0,71.942,6,normal
1780604709.3111877,46.87784439999086,268900,0.057373,0.005371,1.061035,0.068702,3.076336,-0.816794,1.062599,3.183664,10263,17922,7658,10263,0,71.942,5,normal
1780604709.342787,46.909443600001396,268930,0.044189,-0.042725,1.052734,2.312977,2.709924,-0.183206,1.054527,3.567508,10265,17926,7660,10265,0,71.942,0,normal
1780604709.379135,46.94579159999557,268966,0.020508,-0.010498,1.061523,2.793893,2.549618,-0.526718,1.061773,3.818877,10268,17930,7661,10268,0,71.942,5,normal
1780604709.4104023,46.9770589999971,268998,0.041016,-0.02002,1.056641,1.59542,2.70229,-0.801527,1.057626,3.238855,10269,17932,7662,10269,0,71.942,5,normal
1780604709.4415329,47.00818939998862,269029,0.051025,-0.04248,1.058838,2.824427,3.40458,-0.114504,1.060917,4.425118,10272,17936,7663,10272,0,71.942,5,normal
1780604709.4721813,47.03883799999312,269060,0.027588,-0.006592,1.040772,0.229008,2.648855,-0.954198,1.041158,2.824778,10275,17940,7664,10275,0,71.942,5,normal
1780604709.5035822,47.070238799991785,269091,0.039062,-0.022949,1.05957,2.206107,2.21374,-0.435114,1.060538,3.155452,10277,17946,7668,10277,0,71.942,1,normal
1780604709.5338643,47.10052089999954,269122,0.05127,-0.02124,1.066406,3.21374,1.992366,-0.442748,1.067849,3.807056,10280,17950,7669,10280,0,78.74,5,normal
1780604709.5654197,47.1320762999967,269154,0.040283,-0.001709,1.054443,0.48855,3.091603,-1.022901,1.055214,3.292873,10283,17954,7670,10283,0,78.74,5,normal
1780604709.5970957,47.163752299995394,269185,0.034668,-0.079346,1.039062,2.320611,2.473282,-0.648855,1.042664,3.453024,10284,17957,7672,10284,1,78.74,18,normal
1780604709.6395369,47.2061934999947,269217,0.0354,-0.019287,1.057129,1.435114,2.679389,-0.099237,1.057897,3.041139,10286,17960,7673,10286,0,78.74,5,normal
1780604709.662817,47.22947349998867,269249,0.018311,-0.041016,1.057861,0.244275,2.717557,-1.091603,1.058814,2.938772,10289,17964,7674,10289,0,78.74,5,normal
1780604709.6924152,47.25907179999922,269280,0.038818,-0.013428,1.050293,3.40458,3.870229,-0.083969,1.051096,5.155278,10291,17967,7675,10291,1,78.74,17,normal
1780604709.723525,47.29018169999472,269311,0.071533,0.009766,1.046631,1.519084,3.083969,-0.396947,1.049118,3.460643,10293,17970,7676,10293,0,78.74,5,normal
1780604709.7536125,47.320269199990435,269341,0.03418,-0.037598,1.05249,0.580153,2.396947,-0.618321,1.053716,2.542489,10294,17972,7677,10294,0,78.74,5,normal
1780604709.7844818,47.35113840000122,269372,0.049561,-0.021484,1.043945,3.725191,3.267176,-0.129771,1.045342,4.956644,10296,17977,7680,10296,1,64.0,4,normal
1780604709.815738,47.38239459999022,269403,0.049805,0.01709,1.044189,1.381679,2.923664,-0.603053,1.045516,3.289456,10299,17982,7682,10299,0,64.0,5,normal
1780604709.8463137,47.412970299992594,269434,0.024414,-0.050293,1.060547,0.381679,2.328244,-0.992366,1.062019,2.55953,10301,17986,7684,10301,0,64.0,0,normal
1780604709.8760817,47.44273819999944,269465,0.047607,-0.012695,1.047852,3.236641,3.885496,0.0,1.049009,5.056968,10303,17989,7685,10303,1,64.0,17,normal
1780604709.9068482,47.47350490000099,269495,0.062012,0.011963,1.046387,1.312977,3.366412,0.0,1.048291,3.613397,10305,17992,7686,10305,0,64.0,5,normal
1780604709.9380157,47.504672399998526,269525,0.020264,-0.038574,1.060547,0.061069,2.068702,-0.78626,1.061442,2.213925,10306,17994,7687,10306,0,64.0,5,normal
1780604709.9696612,47.53631779999705,269557,0.05249,-0.020508,1.045654,3.694656,3.083969,-0.21374,1.047172,4.817368,10309,17999,7689,10309,1,64.0,17,normal
1780604710.000232,47.566888599991216,269588,0.04834,0.016113,1.036865,1.274809,2.473282,-0.458015,1.038116,2.819936,10311,18002,7690,10311,0,64.0,5,normal
1780604710.0318358,47.59849239999312,269619,0.053467,-0.055176,1.061523,0.59542,2.854962,-0.954198,1.0643,3.068522,10312,18004,7691,10312,0,64.0,5,normal
1780604710.061974,47.62863059999654,269650,0.041992,-0.012695,1.053467,3.473282,3.335878,-0.435114,1.05438,4.8354,10314,18007,7692,10314,1,64.748,16,normal
1780604710.093642,47.66029859999253,269681,0.035889,0.016113,1.040283,0.519084,3.030534,-0.503817,1.041027,3.115673,10317,18012,7694,10317,0,64.748,6,normal
1780604710.1250713,47.69172779998917,269712,0.032715,-0.033691,1.068359,0.908397,2.725191,-1.229008,1.069391,3.12447,10320,18016,7695,10320,0,64.748,5,normal
1780604710.156492,47.7231485999946,269743,0.037842,-0.038086,1.043945,3.229008,3.992366,-0.091603,1.045325,5.13555,10324,18022,7697,10324,0,64.748,5,normal
1780604710.1868694,47.75352589999966,269775,0.021484,-0.025391,1.035644,0.007634,2.618321,-1.198473,1.036178,2.879583,10326,18026,7699,10326,0,64.748,1,normal
1780604710.2192042,47.785860799995135,269806,0.034668,-0.022217,1.060791,2.053435,3.10687,-0.022901,1.06159,3.724213,10327,18028,7700,10327,0,64.748,5,normal
1780604710.2503061,47.816962599987164,269838,0.0271,-0.018311,1.054932,2.167939,2.122137,-0.328244,1.055438,3.051421,10331,18034,7702,10331,0,64.748,5,normal
1780604710.2817545,47.84841099999903,269869,0.05249,0.014893,1.064209,0.083969,3.450382,-0.778626,1.065607,3.538141,10332,18036,7703,10332,0,64.748,5,normal
1780604710.3117647,47.878421299988986,269900,0.03833,-0.060303,1.05127,1.854962,2.022901,-0.51145,1.053695,2.79188,10333,18039,7705,10333,1,76.0,18,normal
1780604710.3434677,47.910124199988786,269931,0.01001,-0.02417,1.057617,2.160305,1.664122,-0.770992,1.057941,2.83384,10335,18042,7706,10335,0,76.0,5,normal
1780604710.3739545,47.940611199999694,269962,0.057861,0.009766,1.050537,0.572519,2.755725,-0.938931,1.052175,2.967051,10336,18044,7707,10336,0,76.0,5,normal
1780604710.403949,47.970605599999544,269993,0.057861,-0.077148,1.043701,2.274809,2.40458,-0.114504,1.048147,3.31208,10338,18051,7712,10338,1,76.0,4,normal
1780604710.4363432,48.00299979999545,270023,0.016113,-0.013428,1.060303,1.763359,2.160305,-0.70229,1.06051,2.875685,10340,18054,7713,10340,1,76.0,5,normal
1780604710.4660046,48.03266119999171,270054,0.068604,0.003174,1.05957,-0.160305,2.900763,-0.885496,1.061794,3.037142,10343,18058,7714,10343,0,76.0,5,normal
1780604710.4969954,48.06365199999709,270085,0.031982,-0.061523,1.057373,2.10687,2.328244,-0.435114,1.059644,3.170008,10345,18063,7717,10345,1,76.0,14,normal
1780604710.5280478,48.09470429999055,270116,0.037109,-0.02417,1.055176,2.206107,2.114504,-0.51145,1.056105,3.098324,10347,18066,7718,10347,0,76.0,5,normal
1780604710.5580802,48.12473689999024,270147,0.0354,-0.006348,1.049072,0.526718,2.442748,-0.793893,1.049688,2.621968,10349,18070,7720,10349,0,76.0,5,normal
1780604710.5891507,48.155807199989795,270177,0.046143,-0.058594,1.055908,1.908397,2.229008,-0.328244,1.058539,2.95266,10350,18073,7722,10350,1,61.372,18,normal
1780604710.6208422,48.1874986999901,270209,0.026367,-0.029785,1.052978,1.755725,2.122137,-0.274809,1.05373,2.767952,10352,18076,7723,10352,0,61.372,5,normal
1780604710.651676,48.21833259999403,270240,0.019775,-0.024902,1.062012,0.229008,2.167939,-1.08397,1.062488,2.434624,10353,18078,7724,10353,0,61.372,6,normal
1780604710.6942992,48.260955699995975,270271,0.059082,-0.057617,1.053467,2.526718,3.358779,-0.557252,1.056694,4.239838,10355,18083,7727,10355,1,61.372,3,normal
1780604710.7138903,48.28054680000059,270302,0.04541,-0.016846,1.056885,1.580153,2.465649,-0.160305,1.057994,2.932918,10358,18088,7729,10358,0,61.372,5,normal
1780604710.7448797,48.31153619999532,270333,0.037354,-0.031006,1.064453,0.572519,2.221374,-0.778626,1.06556,2.422507,10359,18090,7730,10359,0,61.372,5,normal
1780604710.775826,48.34248249999655,270364,0.052002,-0.02002,1.036133,3.374046,2.862595,-0.259542,1.03763,4.43238,10360,18093,7732,10360,1,61.372,18,normal
1780604710.8064556,48.37311209998734,270395,0.05249,0.007324,1.044189,1.603053,2.656489,-0.480916,1.045534,3.139744,10364,18098,7733,10364,0,61.372,5,normal
1780604710.8382828,48.404939299987745,270426,0.042969,-0.040039,1.065674,0.48855,2.389313,-0.954198,1.067291,2.618777,10365,18100,7734,10365,0,61.372,5,normal
1780604710.8701549,48.43681149999611,270458,0.045166,-0.00293,1.055908,3.038168,3.473282,-0.015267,1.056878,4.614584,10369,18105,7735,10369,1,67.616,16,normal
1780604710.9013858,48.46804239999619,270489,0.06543,0.020508,1.034912,0.351145,2.877863,-0.633588,1.037181,2.96763,10373,18110,7736,10373,0,67.616,5,normal
1780604710.9322064,48.49886310000147,270520,0.042725,-0.037109,1.067139,0.862595,2.839695,-0.916031,1.068638,3.10597,10374,18112,7737,10374,0,67.616,6,normal
1780604710.9627745,48.52943109998887,270551,0.05127,-0.029785,1.049316,3.122137,3.923664,-0.389313,1.05099,5.029358,10377,18116,7738,10377,0,67.616,5,normal
1780604710.994828,48.56148449999455,270582,0.033203,-0.017578,1.032715,0.076336,2.900763,-0.908397,1.033398,3.040632,10379,18120,7740,10379,0,67.616,5,normal
1780604711.0253055,48.59196199999133,270613,0.049316,-0.014893,1.061523,1.816794,2.534351,-0.80916,1.062773,3.221555,10381,18124,7742,10381,0,67.616,5,normal
1780604711.0574567,48.62411330000032,270645,0.046387,-0.010254,1.052978,2.656489,2.633588,-0.114504,1.05405,3.742436,10384,18128,7743,10384,0,67.616,6,normal
1780604711.0891697,48.65582629998971,270677,0.069336,-0.005127,1.056396,0.244275,3.129771,-0.80916,1.058682,3.241894,10386,18132,7745,10386,0,67.616,1,normal
1780604711.1205297,48.687186199997086,270708,0.032959,-0.051758,1.044678,1.389313,2.335878,-0.519084,1.046478,2.766941,10388,18137,7748,10388,1,76.0,3,normal
1780604711.1506214,48.71727789999568,270739,0.01416,-0.009521,1.064453,2.061069,2.19084,-0.389313,1.06459,3.033043,10391,18142,7750,10391,0,76.0,5,normal
1780604711.1818006,48.74845729999652,270770,0.040527,-0.007324,1.058106,-0.030534,2.564885,-0.854962,1.058907,2.703799,10393,18146,7752,10393,0,76.0,0,normal
1780604711.2126427,48.7792991999886,270800,0.044922,-0.056641,1.050537,1.816794,2.122137,-0.496183,1.053022,2.837324,10394,18149,7754,10394,1,76.0,18,normal
1780604711.2428827,48.809539199995925,270831,0.031982,-0.010742,1.05957,1.984733,2.290076,-0.335878,1.060107,3.049004,10396,18152,7755,10396,0,76.0,5,normal
1780604711.2740772,48.84073379999609,270862,0.059326,-0.02002,1.066162,0.137405,3.099237,-0.862595,1.067999,3.219972,10397,18154,7756,10397,0,76.0,5,normal
1780604711.3047447,48.87140129999898,270893,0.033936,-0.086182,1.043701,1.419847,2.816794,-0.381679,1.047803,3.177416,10398,18159,7760,10398,1,76.0,18,normal
1780604711.3362904,48.90294689999428,270924,0.020508,-0.019531,1.060303,1.854962,2.152672,-0.59542,1.060681,2.903344,10400,18162,7761,10400,0,76.0,5,normal
1780604711.36718,48.93383679998806,270955,0.023438,-0.018066,1.049316,0.725191,2.59542,-0.679389,1.049734,2.77915,10401,18164,7762,10401,0,76.0,5,normal
1780604711.398718,48.96537469999748,270986,0.031738,-0.080322,1.045654,2.389313,2.48855,-0.664122,1.049215,3.513226,10403,18169,7765,10403,1,53.957,14,normal
1780604711.4298887,48.99654529998952,271018,0.052246,0.005859,1.041748,1.641221,2.267176,-0.068702,1.043074,2.799717,10406,18174,7767,10406,0,53.957,5,normal
1780604711.4610815,49.02773819999129,271049,0.038086,-0.049072,1.062744,0.335878,2.267176,-0.923664,1.064558,2.471043,10409,18178,7768,10409,0,53.957,5,normal
1780604711.4932978,49.05995450000046,271081,0.042725,-0.013672,1.049316,3.320611,2.969466,-0.259542,1.050275,4.462236,10412,18183,7770,10412,1,53.957,14,normal
1780604711.5243187,49.090975300001446,271112,0.051514,0.000244,1.033447,0.51145,2.083969,-0.969466,1.03473,2.354649,10414,18186,7771,10414,0,53.957,5,normal
1780604711.554701,49.12135760000092,271143,0.05127,-0.050537,1.068115,0.862595,3.045802,-1.152672,1.070538,3.368921,10415,18188,7772,10415,0,53.957,5,normal
1780604711.5860758,49.15273239999078,271174,0.041504,-0.041016,1.051514,3.022901,3.290076,-0.183206,1.053131,4.471699,10419,18194,7774,10419,0,53.957,5,normal
1780604711.6184392,49.18509569999878,271206,0.041016,-0.013184,1.038818,0.053435,2.801527,-0.793893,1.039711,2.912331,10421,18198,7776,10421,0,53.957,5,normal
1780604711.64963,49.21628670000064,271237,0.058838,-0.027832,1.060303,2.236641,2.732824,-0.10687,1.062298,3.533032,10422,18200,7777,10422,0,75.697,5,normal
1780604711.6800394,49.246696099988185,271268,0.036377,-0.002686,1.054443,2.862595,2.541985,-0.351145,1.055074,3.844404,10425,18204,7778,10425,0,75.697,5,normal
1780604711.7257936,49.29245019999507,271299,0.057617,0.011963,1.050049,0.335878,3.10687,-0.717557,1.051696,3.206298,10428,18208,7779,10428,0,75.697,6,normal
1780604711.7425334,49.309189999999944,271330,0.041016,-0.039551,1.051514,1.992366,2.381679,-0.412214,1.053056,3.132386,10430,18213,7782,10430,1,75.697,4,normal
1780604711.7725775,49.339234099999885,271361,0.017578,0.003174,1.053955,1.870229,2.19084,-0.587786,1.054106,2.939902,10432,18216,7783,10432,0,75.697,5,normal
1780604711.8036358,49.37029239999538,271392,0.039307,-0.005859,1.054199,0.137405,2.938931,-0.923664,1.054948,3.083724,10433,18218,7784,10433,0,75.697,5,normal
1780604711.8359807,49.40263719999348,271423,0.021973,-0.074463,1.040283,2.229008,2.290076,-0.465649,1.043176,3.229513,10434,18221,7786,10434,1,75.697,18,normal
1780604711.8672261,49.433882599987555,271455,0.031982,-0.016602,1.059082,1.503817,2.969466,-0.496183,1.059695,3.365322,10436,18224,7787,10436,0,75.697,5,normal
1780604711.89916,49.46581639999931,271487,0.03418,-0.030029,1.051758,0.526718,2.473282,-0.977099,1.052741,2.710956,10439,18228,7788,10439,0,68.0,5,normal
1780604711.9297533,49.496409899991704,271518,0.056641,-0.006592,1.043213,3.51145,3.122137,-0.045802,1.04477,4.69895,10443,18233,7789,10443,1,68.0,17,normal
1780604711.960657,49.52731339998718,271549,0.047852,0.016113,1.036621,0.51145,2.679389,-0.740458,1.03785,2.82648,10445,18236,7790,10445,0,68.0,5,normal
1780604711.9916406,49.55829709999671,271580,0.036377,-0.049561,1.071289,0.664122,2.061069,-1.030534,1.073052,2.398138,10447,18240,7792,10447,0,68.0,0,normal
1780604712.0228796,49.58953610000026,271611,0.065186,-0.010498,1.051025,3.496183,3.641221,-0.229008,1.053097,5.053141,10449,18243,7793,10449,1,68.0,16,normal
1780604712.0544147,49.621071299989126,271642,0.057861,0.02124,1.044434,0.625954,2.045802,-0.59542,1.046251,2.220731,10452,18248,7795,10452,0,68.0,5,normal
1780604712.0849872,49.651643699995475,271673,0.053955,-0.041016,1.065674,1.305344,2.389313,-1.045802,1.067827,2.91658,10454,18252,7797,10454,0,68.0,0,normal
1780604712.1160576,49.68271419999655,271704,0.042725,-0.0354,1.053223,3.091603,3.732824,-0.526718,1.054683,4.875389,10457,18256,7798,10457,0,68.0,5,normal
1780604712.147246,49.7139024999924,271735,0.029541,-0.013672,1.030518,0.465649,2.427481,-1.099237,1.031032,2.705146,10458,18258,7799,10458,0,68.0,5,normal
1780604712.1791997,49.74585639999714,271767,0.033936,-0.018066,1.063721,1.694656,2.694656,-0.206107,1.064415,3.189908,10461,18262,7800,10461,0,78.571,0,normal
1780604712.2097838,49.77644029998919,271798,0.050537,-0.019531,1.057129,2.59542,2.664122,-0.091603,1.058516,3.720503,10465,18268,7802,10465,0,78.571,5,normal
1780604712.2412095,49.8078661999898,271829,0.026367,0.01001,1.03833,0.679389,2.664122,-1.030534,1.038713,2.936174,10466,18270,7803,10466,0,78.571,5,normal
1780604712.2731209,49.839777499990305,271861,0.032959,-0.04834,1.047607,2.099237,2.603053,-0.145038,1.04924,3.347196,10467,18273,7805,10467,1,78.571,18,normal
1780604712.3036714,49.870327899989206,271892,0.021729,-0.011475,1.051514,1.748092,2.541985,-0.435114,1.051801,3.11558,10471,18278,7806,10471,0,78.571,6,normal
1780604712.3362312,49.90288789999613,271923,0.040283,-0.01709,1.054199,0.374046,2.381679,-0.656489,1.055107,2.498656,10473,18282,7808,10473,0,78.571,5,normal
1780604712.3678856,49.934542199989664,271954,0.032959,-0.08252,1.04541,1.748092,2.832061,-0.709924,1.04918,3.402996,10474,18287,7812,10474,1,78.571,18,normal
1780604712.398347,49.965003599994816,271986,0.033203,-0.019775,1.055664,1.351145,2.648855,-0.458015,1.056371,3.008622,10478,18292,7813,10478,0,78.571,5,normal
1780604712.4297094,49.99636599999212,272017,0.022217,-0.029297,1.051025,0.519084,2.030534,-0.885496,1.051668,2.275219,10479,18294,7814,10479,0,72.0,5,normal
1780604712.4606411,50.0272976999986,272048,0.056396,-0.029541,1.047363,2.877863,2.977099,-0.557252,1.049296,4.178007,10480,18297,7816,10480,1,72.0,18,normal
1780604712.4908512,50.05750779999653,272079,0.043701,0.000732,1.045166,1.877863,2.21374,-0.160305,1.04608,2.907355,10483,18302,7818,10483,0,72.0,5,normal
1780604712.52058,50.087236599996686,272109,0.029785,-0.023438,1.057129,0.068702,2.763359,-0.916031,1.057808,2.912041,10484,18304,7819,10484,0,72.0,5,normal
1780604712.5520332,50.11868970000069,272140,0.064453,-0.063232,1.052978,1.992366,3.038168,-0.412214,1.056843,3.656489,10485,18307,7821,10485,1,72.0,18,normal
1780604712.5827546,50.149411199992755,272171,0.054688,-0.016846,1.04834,1.389313,2.549618,-0.236641,1.0499,2.913202,10487,18310,7822,10487,0,72.0,5,normal
1780604712.6154838,50.18214029999217,272202,0.026611,-0.02832,1.052002,0.687023,2.435115,-0.946565,1.05272,2.701438,10488,18312,7823,10488,0,72.0,5,normal
1780604712.6455588,50.21221539999533,272233,0.049805,-0.047852,1.039307,2.854962,3.167939,-0.396947,1.041599,4.283014,10492,18319,7826,10492,1,72.0,3,normal
1780604712.6757827,50.24243929999648,272264,0.031006,-0.012207,1.056152,1.51145,2.587786,-0.152672,1.056678,3.000738,10495,18324,7828,10495,0,72.0,0,normal
1780604712.7073212,50.27397769999516,272295,0.033936,-0.036865,1.055664,0.473282,2.183206,-0.717557,1.056853,2.346332,10496,18326,7829,10496,0,61.151,5,normal
1780604712.737511,50.304167499998584,272326,0.046387,-0.009277,1.048584,3.473282,3.030534,-0.496183,1.04965,4.636165,10498,18331,7832,10498,1,61.151,14,normal
1780604712.769195,50.33585170000151,272357,0.057861,0.009033,1.044189,1.21374,2.572519,-0.435114,1.04583,2.877559,10500,18334,7833,10500,0,61.151,5,normal
1780604712.800638,50.36729449999984,272388,0.022949,-0.039551,1.061523,0.557252,2.641221,-0.801527,1.062508,2.815852,10503,18338,7834,10503,0,61.151,5,normal
1780604712.8303869,50.39704339999298,272419,0.050293,-0.012695,1.051758,3.312977,3.0,0.022901,1.053036,4.46949,10505,18341,7835,10505,1,61.151,17,normal
1780604712.8616004,50.4282569999923,272449,0.065918,0.010498,1.044678,1.198473,2.748092,-0.664122,1.046808,3.070734,10507,18344,7836,10507,0,61.151,5,normal
1780604712.8930066,50.45966319998843,272481,0.046143,-0.061279,1.058106,0.78626,2.236641,-0.89313,1.060882,2.533466,10508,18346,7837,10508,0,61.151,5,normal
1780604712.9239717,50.49062829998729,272512,0.059814,-0.013916,1.053711,3.221374,2.992366,-0.206107,1.055499,4.40159,10511,18351,7839,10511,1,61.151,3,normal
1780604712.9545114,50.52116789999127,272543,0.037598,0.014893,1.042725,0.839695,2.923664,-0.778626,1.043508,3.139929,10514,18356,7841,10514,0,61.151,5,normal
1780604712.9861834,50.552839999989374,272574,0.044678,-0.036377,1.058106,1.137405,2.770992,-1.099237,1.059673,3.190675,10515,18358,7842,10515,0,68.1,5,normal
1780604713.0192046,50.58586110000033,272606,0.063232,-0.046631,1.049561,2.801527,3.305344,-0.290076,1.052497,4.34258,10518,18362,7843,10518,0,68.1,5,normal
1780604713.050007,50.61666369999875,272638,0.056885,0.011963,1.050537,0.984733,3.091603,-0.961832,1.052144,3.384203,10521,18366,7844,10521,0,68.1,5,normal
1780604713.0808218,50.64747839998745,272669,0.049805,-0.026855,1.053955,2.351145,3.19084,-0.129771,1.055473,3.965625,10523,18372,7848,10523,0,68.1,0,normal
1780604713.111579,50.67823549998866,272700,0.034912,-0.009521,1.056885,2.412214,2.549618,-0.709924,1.057504,3.580966,10526,18376,7849,10526,0,68.1,5,normal
1780604713.1430964,50.70975299998827,272731,0.047119,0.003906,1.051514,0.709924,3.480916,-0.725191,1.052576,3.625834,10529,18380,7850,10529,0,68.1,6,normal
1780604713.1736515,50.740308099993854,272761,0.048828,-0.021729,1.057861,2.137405,2.198473,-0.419847,1.05921,3.094843,10530,18382,7851,10530,0,68.1,4,normal
1780604713.2045705,50.7712271999917,272792,0.047119,-0.017334,1.057861,2.725191,2.664122,-0.305344,1.059052,3.823277,10533,18386,7852,10533,0,68.1,5,normal
1780604713.2356246,50.802281099997344,272823,0.042236,0.023926,1.056396,0.328244,3.274809,-0.748092,1.057511,3.375168,10535,18390,7854,10535,0,68.1,5,normal
1780604713.2664278,50.83308430000034,272854,0.036621,-0.034668,1.046875,2.083969,2.419847,-0.465649,1.048089,3.227293,10536,18393,7856,10536,1,75.0,18,normal
1780604713.2979894,50.86464590000105,272886,0.012695,-0.023438,1.058594,1.458015,2.496183,-0.534351,1.058929,2.939774,10538,18396,7857,10538,0,75.0,5,normal
1780604713.3280225,50.89467899998999,272917,0.047607,-0.015625,1.0625,0.274809,3.274809,-0.633588,1.063681,3.346838,10539,18398,7858,10539,0,75.0,5,normal
1780604713.359721,50.926377499999944,272947,0.044678,-0.038574,1.043945,2.007634,2.526718,-0.251908,1.045613,3.237028,10541,18403,7861,10541,1,75.0,4,normal
1780604713.3900585,50.956715099993744,272978,0.029785,-0.011719,1.05127,2.229008,2.603053,-0.335878,1.051757,3.443425,10544,18408,7863,10544,0,75.0,5,normal
1780604713.4215922,50.98824880000029,273009,0.046631,-0.012451,1.051758,0.473282,3.381679,-0.900763,1.052865,3.531448,10546,18412,7865,10546,0,75.0,1,normal
1780604713.453129,51.01978560000134,273040,0.034424,-0.059814,1.046143,1.671756,2.366412,-0.312977,1.048416,2.914212,10547,18415,7867,10547,1,75.0,18,normal
1780604713.4830995,51.04975609999383,273071,0.030029,-0.023682,1.062012,1.709924,2.442748,-0.534351,1.0627,3.029255,10551,18420,7868,10551,0,75.0,5,normal
1780604713.512805,51.07946149999043,273101,0.033936,0.017578,1.039551,0.442748,3.198473,-1.206107,1.040253,3.446876,10552,18422,7869,10552,0,75.0,5,normal
1780604713.5443537,51.1110103999963,273132,0.031738,-0.052734,1.046631,2.137405,2.442748,-0.137405,1.048439,3.248753,10553,18427,7873,10553,1,61.151,18,normal
1780604713.5746315,51.141288099999656,273163,0.030029,-0.017822,1.059326,2.0,2.687023,-0.412214,1.059902,3.374909,10555,18430,7874,10555,0,61.151,5,normal
1780604713.6053605,51.172016999989864,273194,0.063721,-0.001221,1.070557,-0.030534,3.030534,-0.862595,1.072452,3.151054,10556,18432,7875,10556,0,61.151,5,normal
1780604713.6378922,51.2045489000011,273225,0.054688,-0.070801,1.05127,2.030534,3.198473,-0.587786,1.055069,3.8339,10557,18435,7877,10557,1,61.151,18,normal
1780604713.6762443,51.242900799989,273257,0.044189,-0.014893,1.064209,1.687023,2.312977,-0.358779,1.06523,2.885244,10560,18440,7879,10560,0,61.151,5,normal
1780604713.7002358,51.2668924999889,273288,0.031738,-0.029053,1.064697,0.435114,2.251908,-0.885496,1.065566,2.45856,10562,18444,7881,10562,0,61.151,5,normal
1780604713.7319384,51.29859489999944,273320,0.052734,-0.021484,1.040283,3.10687,3.198473,-0.236641,1.04184,4.465297,10563,18447,7883,10563,1,61.151,18,normal
1780604713.7625406,51.329197200000635,273351,0.04834,0.005127,1.038574,1.351145,2.770992,-0.29771,1.039711,3.097196,10566,18452,7885,10566,0,61.151,0,normal
1780604713.7937944,51.360450899999705,273382,0.045654,-0.041504,1.065186,0.770992,2.549618,-1.114504,1.066971,2.887404,10567,18454,7886,10567,0,56.0,5,normal
1780604713.825464,51.392120499993325,273413,0.040283,-0.008301,1.047363,3.007634,3.381679,-0.40458,1.048171,4.54371,10570,18459,7888,10570,1,56.0,4,normal
1780604713.8566234,51.42327989998739,273444,0.046387,0.013672,1.042236,0.618321,2.885496,-0.526718,1.043358,2.997639,10573,18464,7890,10573,0,56.0,1,normal
1780604713.8859854,51.45264189998852,273475,0.030762,-0.037598,1.067627,1.29771,2.580153,-1.0,1.068732,3.056344,10574,18466,7891,10574,0,56.0,5,normal
1780604713.916697,51.48335369999404,273505,0.037354,-0.005615,1.047119,3.328244,3.236641,0.053435,1.0478,4.642834,10576,18469,7892,10576,1,56.0,17,normal
1780604713.948822,51.51547849999042,273536,0.048828,0.019287,1.045898,0.625954,2.908397,-0.946565,1.047215,3.121951,10578,18472,7893,10578,0,56.0,5,normal
1780604713.9796326,51.546289199992316,273567,0.029053,-0.037109,1.077148,1.08397,2.526718,-1.183206,1.078179,2.993204,10583,18478,7894,10583,0,56.0,0,normal
1780604714.011442,51.57809849998739,273599,0.043701,-0.026123,1.05957,3.045802,3.587786,-0.175573,1.060793,4.709558,10586,18482,7895,10586,0,56.0,6,normal
1780604714.042694,51.60935059998883,273630,0.026855,-0.024414,1.039307,0.343511,2.358779,-0.969466,1.03994,2.573266,10587,18484,7896,10587,0,56.0,5,normal
1780604714.0737302,51.640386799990665,273661,0.0354,-0.027344,1.05835,1.564886,2.694656,-1.08397,1.059294,3.299247,10589,18488,7898,10589,0,78.853,1,normal
1780604714.104379,51.671035599996685,273692,0.068604,-0.040283,1.05835,2.625954,3.732824,-0.366412,1.061335,4.578632,10593,18494,7900,10593,0,78.853,5,normal
1780604714.1360807,51.70273739998811,273723,0.029541,-0.031982,1.031982,0.480916,3.022901,-0.931298,1.0329,3.199457,10595,18498,7902,10595,0,78.853,5,normal
1780604714.166324,51.732980499989935,273754,0.062012,-0.02832,1.046631,1.938931,2.847328,-0.671756,1.048849,3.509699,10597,18502,7904,10597,0,78.853,0,normal
1780604714.1976302,51.764286799996626,273785,0.046875,-0.023193,1.056396,2.923664,3.564885,-0.427481,1.05769,4.630222,10600,18506,7905,10600,0,78.853,5,normal
1780604714.2288384,51.79549509999924,273816,0.047607,-0.024902,1.032959,0.740458,2.534351,-0.916031,1.034355,2.794696,10603,18510,7906,10603,0,78.853,5,normal
1780604714.2595298,51.826186299993424,273847,0.051514,-0.031982,1.052978,2.007634,2.534351,-0.519084,1.054723,3.274596,10605,18514,7908,10605,0,78.853,1,normal
1780604714.291187,51.85784359999525,273878,0.053223,-0.012695,1.062012,2.793893,2.549618,-0.458015,1.06342,3.810009,10608,18518,7909,10608,0,78.853,5,normal
1780604714.3218029,51.88845939999737,273909,0.030273,-0.02832,1.031982,0.931298,2.969466,-0.916031,1.032815,3.244095,10609,18520,7910,10609,0,78.853,5,normal
1780604714.3521454,51.9188021000009,273940,0.036621,-0.026123,1.048096,2.312977,2.954198,-0.465649,1.049061,3.780738,10610,18522,7911,10610,0,75.269,4,normal
1780604714.3833773,51.95003399999405,273971,0.051025,-0.016357,1.053223,2.847328,3.335878,-0.51145,1.054585,4.415534,10613,18526,7912,10613,0,75.269,5,normal
1780604714.414604,51.98126059999049,274002,0.064453,0.00415,1.047852,0.396947,3.358779,-1.038168,1.04984,3.537902,10615,18530,7914,10615,0,75.269,5,normal
1780604714.4460998,52.01275629999873,274033,0.042969,-0.03833,1.045166,2.10687,2.320611,-0.007634,1.046751,3.134357,10616,18535,7918,10616,1,75.269,18,normal
1780604714.4773555,52.044011999998474,274064,0.043457,-0.015869,1.055664,2.366412,2.641221,-0.70229,1.056677,3.61513,10618,18538,7919,10618,0,75.269,5,normal
1780604714.508404,52.075060499992105,274095,0.045166,0.012695,1.049561,0.435114,3.335878,-0.748092,1.050608,3.446309,10620,18542,7921,10620,0,75.269,0,normal
1780604714.5393538,52.10601049999241,274126,0.030518,-0.033203,1.040283,1.847328,2.51145,-0.320611,1.04126,3.134134,10622,18547,7924,10622,1,75.269,4,normal
1780604714.5690358,52.13569229999848,274157,0.044434,-0.015137,1.056885,1.877863,2.274809,-0.603053,1.057927,3.01078,10625,18552,7926,10625,0,75.269,5,normal
1780604714.6000671,52.16672379999363,274188,0.05957,-0.012939,1.054688,0.625954,3.427481,-0.900763,1.056448,3.598725,10627,18556,7928,10627,0,75.269,0,normal
1780604714.6331937,52.19985039999301,274219,0.044189,-0.066895,1.047119,1.610687,2.748092,0.015267,1.050184,3.185366,10628,18559,7930,10628,1,64.516,18,normal
1780604714.6638553,52.23051189999387,274250,0.016846,-0.019775,1.052002,1.847328,2.519084,-0.664122,1.052323,3.19366,10630,18562,7931,10630,0,64.516,5,normal
1780604714.6977057,52.264362399990205,274280,0.069336,0.018066,1.057617,0.541985,3.122137,-0.824427,1.060042,3.27432,10631,18564,7932,10631,0,64.516,5,normal
1780604714.7236004,52.290256899999804,274311,0.047363,-0.030029,1.051514,1.969466,2.748092,-0.229008,1.053008,3.388694,10632,18569,7936,10632,1,64.516,19,normal
1780604714.7540834,52.32074009999633,274342,0.036377,-0.019531,1.059082,1.931298,2.748092,-0.083969,1.059887,3.359906,10634,18572,7937,10634,0,64.516,5,normal
1780604714.7852333,52.351889899990056,274373,0.036133,0.006348,1.047119,0.610687,2.954198,-0.671756,1.047762,3.090547,10635,18574,7938,10635,0,64.516,5,normal
1780604714.8173065,52.38396300000022,274404,0.034424,-0.053955,1.039795,1.778626,2.717557,-0.030534,1.041763,3.248009,10636,18577,7940,10636,1,64.516,18,normal
1780604714.8487115,52.41536799998721,274435,0.013916,-0.021973,1.061768,1.885496,2.328244,-0.725191,1.062086,3.082486,10639,18582,7942,10639,0,64.516,5,normal
1780604714.8796458,52.446302399999695,274466,0.063232,-0.031494,1.062012,0.839695,2.641221,-1.030534,1.064359,2.95688,10641,18586,7944,10641,0,64.516,5,normal
1780604714.9110968,52.477753300001496,274497,0.036133,-0.061279,1.044678,1.854962,2.847328,-0.496183,1.047097,3.434292,10643,18591,7947,10643,1,53.957,15,normal
1780604714.940724,52.50738049999927,274528,0.010498,-0.018311,1.05127,1.549618,2.328244,-0.473282,1.051481,2.836553,10646,18596,7949,10646,0,53.957,0,normal
1780604714.978571,52.54522749999887,274566,0.02124,-0.030518,1.056396,0.633588,2.160305,-0.656489,1.057051,2.345065,10647,18599,7951,10647,1,53.957,18,normal
1780604715.0095003,52.57615680000163,274597,0.031006,-0.02002,1.060059,1.656489,2.656489,-0.732824,1.060701,3.215263,10650,18604,7953,10650,0,53.957,5,normal
1780604715.0409179,52.60757449999801,274628,0.063477,-0.016357,1.055908,0.305344,3.129771,-0.717557,1.057941,3.22546,10651,18606,7954,10651,0,53.957,5,normal
1780604715.073111,52.63976759999059,274659,0.018311,-0.052246,1.044434,2.305344,2.625954,-0.480916,1.0459,3.527254,10652,18609,7956,10652,1,53.957,18,normal
1780604715.1037242,52.67038089998823,274691,0.055908,-0.002197,1.054688,1.557252,2.083969,-0.10687,1.056171,2.603725,10654,18612,7957,10654,0,53.957,5,normal
1780604715.1351452,52.701801699993666,274722,0.026855,-0.029541,1.057617,0.70229,2.587786,-0.267176,1.05837,2.694667,10655,18614,7958,10655,0,53.957,5,normal
1780604715.1659615,52.73261819999607,274753,0.052734,-0.026855,1.049805,2.839695,3.664122,-0.412214,1.051471,4.653985,10660,18621,7960,10660,1,66.406,4,normal
1780604715.1954098,52.76206639999873,274784,0.038818,-0.008057,1.051025,1.832061,2.70229,-0.206107,1.051773,3.271284,10662,18624,7961,10662,0,66.406,5,normal
1780604715.2273607,52.794017299995176,274814,0.03418,-0.041504,1.060547,0.358779,2.290076,-0.557252,1.061909,2.384051,10663,18626,7962,10663,0,66.406,5,normal
1780604715.2584412,52.82509779999964,274846,0.05835,0.006104,1.045654,3.381679,3.183206,-0.160305,1.047299,4.646962,10665,18631,7965,10665,1,66.406,14,normal
1780604715.2900534,52.856709999992745,274877,0.052002,0.022461,1.047119,1.389313,3.129771,-0.664122,1.04865,3.488082,10668,18636,7967,10668,0,66.406,6,normal
1780604715.3207963,52.88745280000148,274908,0.01709,-0.035889,1.064453,0.770992,2.244275,-1.0,1.065195,2.575111,10671,18640,7968,10671,0,66.406,5,normal
1780604715.352113,52.91876950000005,274939,0.044678,-0.023193,1.047607,2.740458,3.832061,-0.175573,1.048816,4.714406,10674,18645,7970,10674,1,66.406,15,normal
1780604715.3832498,52.94990639999742,274970,0.047852,-0.00708,1.038086,0.51145,2.236641,-0.633588,1.039212,2.380248,10676,18648,7971,10676,0,66.406,5,normal
1780604715.414315,52.98097159998724,275001,0.059082,-0.053223,1.06958,1.022901,2.351145,-0.885496,1.072532,2.712621,10677,18650,7972,10677,0,66.406,5,normal
1780604715.4463408,53.01299749998725,275033,0.039307,-0.032959,1.045898,2.679389,3.244275,-0.48855,1.047156,4.235932,10681,18656,7974,10681,0,75.0,5,normal
1780604715.4763417,53.042998199991416,275064,0.040283,-0.021973,1.037109,0.137405,1.977099,-1.022901,1.038124,2.230275,10682,18658,7975,10682,0,75.0,5,normal
1780604715.5084517,53.07510819999152,275095,0.029297,-0.027832,1.062256,1.473282,2.847328,-0.664122,1.063024,3.273973,10683,18660,7976,10683,0,75.0,5,normal
1780604715.5392451,53.10590169999341,275126,0.046631,-0.036865,1.053711,2.824427,2.770992,-0.381679,1.055386,3.975106,10686,18664,7977,10686,0,75.0,5,normal
1780604715.5694687,53.13612529999227,275157,0.012939,-0.020752,1.0354,0.396947,2.717557,-1.29771,1.035689,3.037554,10687,18666,7978,10687,0,75.0,5,normal
1780604715.6007545,53.16741119998915,275187,0.036133,-0.033447,1.058594,1.51145,2.763359,-0.366412,1.059738,3.170945,10691,18672,7980,10691,0,75.0,0,normal
1780604715.6319678,53.19862439999997,275219,0.058594,-0.045166,1.050537,2.633588,3.458015,-0.175573,1.053139,4.350228,10694,18676,7981,10694,0,75.0,5,normal
1780604715.6702588,53.23691529998905,275250,0.055664,0.001465,1.052002,0.908397,2.374046,-1.305344,1.053475,2.857482,10697,18680,7982,10697,0,75.0,5,normal
1780604715.693871,53.26052759999584,275281,0.069092,-0.038086,1.052978,2.10687,2.709924,-0.564886,1.05593,3.478748,10699,18684,7984,10699,0,75.0,0,normal
1780604715.7243278,53.29098429999431,275312,0.055908,-0.023193,1.053711,2.442748,3.526718,-0.427481,1.055448,4.311322,10702,18688,7985,10702,0,75.269,5,normal
1780604715.7564554,53.32311189999746,275343,0.033936,0.000977,1.040039,0.984733,3.053435,-1.114504,1.040593,3.396363,10704,18692,7987,10704,0,75.269,5,normal
1780604715.7868147,53.35347129999718,275374,0.028076,-0.04541,1.046143,1.954198,2.381679,-0.442748,1.047504,3.112445,10706,18697,7990,10706,1,75.269,14,normal
1780604715.817083,53.383739400000195,275405,0.026855,-0.016113,1.050781,1.748092,2.648855,-0.633588,1.051248,3.236308,10708,18700,7991,10708,0,75.269,5,normal
1780604715.8487852,53.41544179999619,275436,0.050781,-0.01709,1.059326,0.648855,2.877863,-1.038168,1.06068,3.127443,10709,18702,7992,10709,0,75.269,5,normal
1780604715.8801563,53.44681280000077,275468,0.040771,-0.062744,1.046631,1.900763,2.778626,-0.633588,1.049302,3.425653,10711,18707,7995,10711,1,75.269,3,normal
1780604715.9115558,53.4782123999903,275499,0.030518,-0.013428,1.054443,1.274809,1.816794,-0.725191,1.05497,2.334905,10714,18712,7997,10714,0,75.269,5,normal
1780604715.943683,53.5103395999904,275530,0.05957,-0.031982,1.048096,0.419847,2.175573,-1.152672,1.050274,2.497607,10715,18714,7998,10715,0,75.269,5,normal
1780604715.9740179,53.54067449999275,275561,0.046631,-0.058838,1.036377,2.503817,3.007634,-0.587786,1.039093,3.957329,10716,18717,8000,10716,1,75.269,18,normal
1780604716.0059576,53.57261429999198,275592,0.026123,-0.02124,1.050537,1.412214,2.244275,-0.229008,1.051076,2.661496,10720,18722,8001,10720,0,64.286,5,normal
1780604716.036353,53.60300959998858,275623,0.003418,-0.031006,1.047852,0.541985,2.587786,-0.687023,1.048316,2.731737,10723,18726,8002,10723,0,64.286,5,normal
1780604716.0674107,53.63406739999482,275654,0.040527,-0.027588,1.052002,3.282443,3.022901,-0.320611,1.053144,4.47383,10724,18731,8006,10724,1,64.286,18,normal
1780604716.097041,53.663697500000126,275685,0.055664,-0.006592,1.041748,1.656489,2.59542,-0.343511,1.043255,3.09809,10728,18736,8007,10728,0,64.286,5,normal
1780604716.1282544,53.694911099999445,275715,0.04126,-0.032959,1.05542,0.282443,2.877863,-0.740458,1.05674,2.984987,10729,18738,8008,10729,0,64.286,5,normal
1780604716.1588542,53.72551089999615,275746,0.054199,-0.058594,1.044434,2.198473,3.396947,-0.564886,1.047479,4.085539,10730,18741,8010,10730,1,64.286,18,normal
1780604716.1887226,53.75537919999624,275777,0.040039,-0.009277,1.054443,1.290076,2.137405,-0.335878,1.055244,2.51905,10733,18746,8012,10733,0,64.286,5,normal
1780604716.2195215,53.78617819999636,275807,0.037354,-0.021973,1.056396,0.610687,2.732824,-1.030534,1.057285,2.983834,10734,18748,8013,10734,0,64.286,5,normal
1780604716.2523465,53.819003199998406,275838,0.033691,-0.057617,1.042969,2.442748,2.717557,-0.587786,1.045102,3.70103,10735,18751,8015,10735,1,64.286,18,normal
1780604716.282555,53.84921159999794,275869,0.026611,-0.011719,1.046875,1.343511,2.89313,-0.534351,1.047279,3.234309,10737,18754,8016,10737,0,61.372,5,normal
1780604716.31475,53.88140649998968,275901,0.014404,-0.032471,1.05542,0.572519,2.351145,-0.671756,1.056018,2.511358,10738,18756,8017,10738,0,61.372,5,normal
1780604716.3446672,53.91132379999908,275932,0.045166,-0.00293,1.05249,3.091603,3.778626,-0.396947,1.053463,4.898325,10743,18763,8019,10743,1,61.372,3,normal
1780604716.3761592,53.942815799993696,275963,0.065918,0.01416,1.049561,1.19084,2.656489,-0.335878,1.051724,2.930502,10746,18768,8021,10746,0,61.372,0,normal
1780604716.4070444,53.973701099996106,275994,0.028076,-0.041992,1.063477,0.770992,2.374046,-0.549618,1.064676,2.555896,10747,18770,8022,10747,0,61.372,5,normal
1780604716.4380612,54.00471779999498,276025,0.04248,-0.012939,1.041992,2.732824,4.167938,-0.198473,1.042938,4.987929,10750,18775,8024,10750,1,61.372,15,normal
1780604716.4682038,54.03486039998825,276056,0.041748,0.005127,1.034912,0.763359,2.458015,-0.534351,1.035766,2.628704,10752,18778,8025,10752,0,61.372,5,normal
1780604716.500369,54.067025600001216,276087,0.037842,-0.057617,1.064453,1.389313,2.847328,-0.946565,1.066683,3.306577,10755,18782,8026,10755,0,61.372,5,normal
1780604716.5325015,54.09915799999726,276119,0.056885,-0.040527,1.054688,2.625954,3.21374,-0.244275,1.056998,4.157335,10758,18786,8027,10758,0,84.0,5,normal
1780604716.5632958,54.12995239999145,276151,0.0625,0.00415,1.054932,0.442748,2.717557,-0.763359,1.05679,2.857247,10759,18788,8028,10759,0,84.0,5,normal
1780604716.5940363,54.16069299999799,276181,0.027588,-0.023682,1.052734,1.48855,2.618321,-0.580153,1.053362,3.06724,10760,18790,8029,10760,0,84.0,6,normal
1780604716.625783,54.19243959999585,276212,0.051025,-0.0354,1.059326,2.671756,2.717557,-0.40458,1.061145,3.832373,10764,18796,8031,10764,0,84.0,5,normal
1780604716.6555467,54.22220319999906,276243,0.026367,-0.025391,1.040039,0.19084,2.870229,-0.687023,1.040683,2.957471,10766,18800,8033,10766,0,84.0,5,normal
1780604716.6926458,54.25930239999434,276274,0.028076,-0.018555,1.057861,1.89313,2.641221,-0.473282,1.058396,3.283898,10767,18802,8034,10767,0,84.0,5,normal
1780604716.7173703,54.284026900000754,276305,0.029785,-0.015381,1.054932,2.946565,2.122137,-0.442748,1.055464,3.658106,10770,18806,8035,10770,0,84.0,5,normal
1780604716.7481813,54.31483799999114,276336,0.035645,0.000244,1.043457,0.656489,2.969466,-0.80916,1.044066,3.146974,10773,18810,8036,10773,0,84.0,5,normal
1780604716.7802844,54.34694089999539,276367,0.049316,-0.026855,1.062744,2.312977,2.381679,-0.19084,1.064227,3.325459,10775,18816,8040,10775,0,84.0,0,normal
1780604716.8119142,54.3785707999923,276398,0.047119,-0.017822,1.04541,2.244275,2.496183,-0.664122,1.046623,3.421806,10778,18820,8041,10778,0,71.685,5,normal
1780604716.8427818,54.409438399990904,276429,0.067139,0.011475,1.063232,0.343511,2.946565,-0.679389,1.065412,3.043323,10781,18824,8042,10781,0,71.685,6,normal
1780604716.8737316,54.440388199989684,276460,0.045898,-0.052734,1.046143,1.908397,2.427481,-0.358779,1.048476,3.108595,10782,18827,8044,10782,1,71.685,18,normal
1780604716.904384,54.47104039999249,276491,0.02832,-0.01416,1.050537,2.114504,2.78626,-0.351145,1.051014,3.515348,10784,18830,8045,10784,0,71.685,5,normal
1780604716.934956,54.501612599997316,276522,0.044189,-0.015381,1.060791,0.519084,3.099237,-1.015267,1.061822,3.302345,10786,18834,8047,10786,0,71.685,5,normal
1780604716.967583,54.53423959999054,276553,0.02002,-0.062256,1.04541,1.938931,2.587786,-0.160305,1.047454,3.237559,10787,18837,8049,10787,1,71.685,18,normal
1780604716.9980423,54.56469899999502,276585,0.022949,-0.017578,1.054443,1.358779,2.396947,-0.656489,1.05484,2.832421,10789,18840,8050,10789,0,71.685,5,normal
1780604717.0289881,54.59564479999244,276616,0.040771,-0.028564,1.051758,0.534351,2.503817,-0.900763,1.052935,2.714038,10791,18844,8052,10791,0,71.685,0,normal
1780604717.0598867,54.6265432999935,276647,0.054932,-0.065918,1.04248,2.419847,2.480916,-0.648855,1.046006,3.52585,10793,18849,8055,10793,1,71.685,4,normal
1780604717.0915258,54.6581823000015,276678,0.032959,-0.022949,1.049072,1.450382,2.633588,-0.40458,1.049841,3.033657,10796,18854,8057,10796,0,64.286,5,normal
1780604717.1214995,54.68815619999077,276709,0.039062,-0.039795,1.057617,0.137405,2.412214,-0.839695,1.059086,2.557878,10798,18858,8059,10798,0,64.286,0,normal
1780604717.1535032,54.7201597999956,276740,0.040527,-0.036621,1.043945,2.870229,2.839695,-0.183206,1.045373,4.041738,10799,18861,8061,10799,1,64.286,18,normal
1780604717.1839707,54.75062729998899,276771,0.042236,-0.010498,1.040039,1.21374,3.374046,-0.419847,1.040949,3.610211,10803,18866,8062,10803,0,64.286,5,normal
1780604717.2149005,54.78155699999479,276802,0.016357,-0.033203,1.052002,0.954198,2.526718,-0.992366,1.052653,2.877427,10804,18868,8063,10804,0,64.286,5,normal
1780604717.2455828,54.81223939999472,276833,0.059814,-0.00415,1.047852,3.305344,2.80916,-0.076336,1.049566,4.338491,10808,18873,8064,10808,1,64.286,18,normal
1780604717.2765057,54.8431622999924,276864,0.064697,0.010254,1.041016,1.328244,3.603053,-0.221374,1.043074,3.846457,10810,18876,8065,10810,0,64.286,5,normal
1780604717.3074496,54.87410609998915,276895,0.01123,-0.039551,1.059082,0.854962,2.358779,-0.770992,1.05988,2.624734,10811,18878,8066,10811,0,64.286,5,normal
1780604717.3396845,54.90634109999519,276926,0.047119,-0.01123,1.05127,3.274809,3.358779,-0.145038,1.052385,4.693272,10813,18881,8067,10813,1,64.286,17,normal
1780604717.3697264,54.93638299999293,276957,0.039307,0.016357,1.041748,0.908397,2.984733,-0.664122,1.042618,3.189808,10816,18886,8069,10816,0,71.685,5,normal
1780604717.4007545,54.967411099991295,276988,0.049561,-0.045898,1.053955,0.847328,2.442748,-0.992366,1.056117,2.769436,10819,18890,8070,10819,0,71.685,5,normal
1780604717.4311464,54.99780299999111,277019,0.05249,-0.006348,1.058838,3.160305,3.358779,-0.412214,1.060157,4.63021,10821,18893,8071,10821,1,71.685,17,normal
1780604717.461306,55.02796279999893,277049,0.061279,0.003174,1.041748,1.381679,2.648855,-0.48855,1.043554,3.027235,10824,18898,8073,10824,0,71.685,0,normal
1780604717.4930408,55.05969739999273,277080,0.02124,-0.033691,1.065674,0.740458,2.160305,-0.664122,1.066418,2.378288,10825,18900,8074,10825,0,71.685,5,normal
1780604717.5236416,55.09029809999629,277111,0.054443,-0.000488,1.05249,3.061069,3.763359,-0.335878,1.053898,4.862698,10830,18907,8076,10830,1,71.685,3,normal
1780604717.5550394,55.12169599998742,277142,0.057129,0.017822,1.041016,0.671756,2.770992,-0.465649,1.042734,2.889028,10833,18912,8078,10833,0,71.685,1,normal
1780604717.5855963,55.152252999992925,277173,0.024902,-0.043701,1.054932,0.969466,2.251908,-0.748092,1.05613,2.563317,10834,18914,8079,10834,0,71.685,5,normal
1780604717.618127,55.184783799995785,277204,0.045166,-0.018311,1.055908,3.244275,3.725191,-0.221374,1.057032,4.944833,10836,18917,8080,10836,1,71.685,17,normal
1780604717.6488137,55.21547019999707,277235,0.036865,-0.012939,1.031982,0.587786,2.763359,-0.419847,1.032722,2.856207,10838,18920,8081,10838,0,79.137,5,normal
1780604717.6785023,55.24515899999824,277266,0.056641,-0.05957,1.062012,1.48855,2.725191,-1.312977,1.065188,3.371402,10841,18924,8082,10841,0,79.137,5,normal
1780604717.7106485,55.2773051999975,277297,0.043945,-0.034912,1.056152,3.007634,2.961832,-0.236641,1.057643,4.227802,10844,18928,8083,10844,0,79.137,5,normal
1780604717.7401967,55.30685339999036,277328,0.050049,-0.026611,1.04248,0.519084,2.145038,-0.717557,1.04402,2.320674,10845,18930,8084,10845,0,79.137,5,normal
1780604717.772931,55.339587700000266,277359,0.042725,-0.029541,1.071777,1.442748,2.839695,-0.679389,1.073035,3.256833,10846,18932,8085,10846,0,79.137,5,normal
1780604717.804253,55.370909599994775,277391,0.04834,-0.031738,1.062744,2.625954,2.442748,-0.51145,1.064316,3.622739,10850,18938,8087,10850,0,79.137,5,normal
1780604717.83498,55.40163659999962,277422,0.025391,-0.017578,1.04248,0.564886,3.267176,-1.122137,1.042938,3.500389,10852,18942,8089,10852,0,79.137,5,normal
1780604717.8665524,55.4332088999945,277453,0.046143,-0.015869,1.05835,2.290076,3.366412,-0.503817,1.059474,4.102562,10854,18946,8091,10854,0,79.137,0,normal
1780604717.896898,55.46355459999177,277484,0.020996,-0.005371,1.056885,2.59542,1.954198,-0.572519,1.057107,3.29892,10857,18950,8092,10857,0,79.137,5,normal
1780604717.9281368,55.494793299993034,277514,0.034668,-0.0271,1.047852,0.389313,2.770992,-0.984733,1.048775,2.966422,10860,18954,8093,10860,0,78.853,5,normal
1780604717.9599216,55.52657829999225,277546,0.057861,-0.034424,1.047607,2.305344,2.412214,-0.549618,1.049769,3.381636,10862,18958,8095,10862,0,78.853,1,normal
1780604717.9898508,55.55650729998888,277577,0.035889,-0.019043,1.054932,1.847328,2.610687,-0.526718,1.055714,3.241256,10865,18962,8096,10865,0,78.853,5,normal
1780604718.0224855,55.589142199998605,277609,0.046387,-0.021973,1.059814,0.374046,3.015267,-1.21374,1.061057,3.271836,10868,18966,8097,10868,0,78.853,5,normal
1780604718.0548353,55.6214917999896,277641,0.053467,-0.056396,1.053955,2.175573,3.045802,-0.847328,1.056816,3.837706,10869,18969,8099,10869,1,78.853,17,normal
1780604718.0858154,55.65247190000082,277672,0.067871,-0.026611,1.057861,1.381679,2.992366,-0.022901,1.06037,3.296031,10871,18972,8100,10871,0,78.853,5,normal
1780604718.1173904,55.684047099988675,277703,0.049316,-0.035645,1.064209,0.59542,2.603053,-0.900763,1.065947,2.818117,10874,18976,8101,10874,0,78.853,5,normal
1780604718.146957,55.71361359998991,277734,0.059326,-0.014404,1.048096,3.137405,3.091603,-0.435114,1.049872,4.426132,10877,18981,8103,10877,1,78.853,18,normal
1780604718.1770043,55.74366100000043,277765,0.044678,0.004395,1.038574,1.847328,2.541985,-0.236641,1.039544,3.151239,10879,18984,8104,10879,0,75.697,5,normal
1780604718.2091098,55.77576629999385,277796,0.032227,-0.0354,1.056396,0.435114,2.19084,-1.099237,1.057481,2.489463,10881,18988,8106,10881,0,75.697,0,normal
1780604718.2390668,55.80572350000148,277827,0.066406,-0.032227,1.043213,3.091603,3.572519,-0.427481,1.045821,4.7438,10884,18993,8108,10884,1,75.697,3,normal
1780604718.2708821,55.83753869999782,277858,0.056641,0.016846,1.046143,1.167939,2.732824,-0.396947,1.04781,2.998329,10887,18998,8110,10887,0,75.697,5,normal
1780604718.3020847,55.86874130000069,277889,0.044922,-0.049561,1.053711,1.076336,2.007634,-1.068702,1.055832,2.516191,10889,19002,8112,10889,0,75.697,0,normal
1780604718.3345535,55.901209999996354,277920,0.037842,0.000977,1.049316,2.694656,3.641221,-0.061069,1.049999,4.530276,10891,19005,8113,10891,1,75.697,17,normal
1780604718.3637247,55.93038119999983,277951,0.040771,0.019287,1.042236,0.328244,2.748092,-0.633588,1.043212,2.839223,10893,19008,8114,10893,0,75.697,5,normal
1780604718.3954637,55.96212039999955,277982,0.044678,-0.053467,1.069824,0.847328,2.51145,-0.847328,1.072091,2.782681,10896,19012,8115,10896,0,75.697,1,normal
1780604718.4266198,55.99327629999607,278014,0.046387,-0.036133,1.066406,2.59542,2.748092,-0.549618,1.068026,3.819724,10899,19016,8116,10899,0,75.697,5,normal
1780604718.4594495,56.02610619999177,278045,0.02124,-0.026123,1.045898,-0.312977,3.259542,-0.633588,1.04644,3.335266,10900,19018,8117,10900,0,75.0,5,normal
1780604718.4893305,56.05598710000049,278076,0.052734,-0.016602,1.061768,2.290076,3.10687,-0.328244,1.063206,3.873607,10901,19020,8118,10901,0,75.0,5,normal
1780604718.5192897,56.08594629999425,278107,0.030273,-0.004395,1.053955,2.732824,3.076336,-0.40458,1.054399,4.134714,10906,19026,8119,10906,0,75.0,5,normal
1780604718.5512116,56.11786819998815,278138,0.050781,-0.001465,1.056396,0.412214,2.541985,-1.48855,1.057617,2.974456,10908,19030,8121,10908,0,75.0,5,normal
1780604718.581757,56.14841359999264,278169,0.062744,-0.040283,1.041992,2.763359,2.480916,-0.099237,1.044656,3.714962,10909,19034,8124,10909,0,75.0,4,normal
1780604718.6126654,56.17932199999632,278200,0.03125,-0.008057,1.05249,2.244275,2.244275,-0.679389,1.052985,3.245783,10914,19040,8125,10914,0,75.0,5,normal
1780604718.642317,56.208973699991475,278230,0.0354,-0.016846,1.041016,0.122137,2.755725,-0.877863,1.041754,2.89475,10915,19042,8126,10915,0,75.0,5,normal
1780604718.6735406,56.24019729999418,278261,0.061035,-0.039551,1.052978,2.755725,2.374046,-0.229008,1.055487,3.644524,10916,19044,8127,10916,0,75.0,5,normal
1780604718.703929,56.27058549999492,278292,0.041992,-0.008789,1.056641,2.099237,2.931298,-0.564886,1.057511,3.649438,10920,19050,8129,10920,0,75.0,5,normal
1780604718.734953,56.30160949999117,278323,0.047607,0.008057,1.050781,0.419847,3.061069,-0.80916,1.05189,3.193924,10921,19052,8130,10921,0,75.54,5,normal
1780604718.7662928,56.33294949999254,278353,0.057129,-0.021973,1.066162,1.961832,3.152672,-0.343511,1.067918,3.729092,10922,19054,8131,10922,0,75.54,5,normal
1780604718.7977073,56.364363799992134,278384,0.042725,-0.010742,1.053955,2.664122,3.221374,-0.114504,1.054875,4.181855,10925,19058,8132,10925,0,75.54,5,normal
1780604718.828999,56.39565559999028,278415,0.059814,0.011475,1.050537,0.40458,2.977099,-0.969466,1.052301,3.157003,10928,19062,8133,10928,0,75.54,5,normal
1780604718.8595755,56.42623199999798,278446,0.057129,-0.042236,1.041504,2.450382,2.656489,-0.091603,1.043924,3.615203,10930,19068,8137,10930,1,75.54,1,normal
1780604718.8905501,56.45720669999719,278477,0.041016,-0.023926,1.055908,1.709924,2.80916,-0.549618,1.056975,3.334262,10933,19072,8138,10933,0,75.54,5,normal
1780604718.9226377,56.48929430000135,278509,0.052002,-0.023193,1.066406,0.40458,2.526718,-1.022901,1.067925,2.755778,10936,19076,8139,10936,0,75.54,5,normal
1780604718.9539764,56.52063289999205,278540,0.042236,-0.075439,1.044434,2.534351,3.282443,-0.603053,1.048006,4.19059,10937,19079,8141,10937,1,75.54,19,normal
1780604718.9850163,56.55167299999448,278572,0.071533,-0.019775,1.047119,1.442748,2.778626,0.015267,1.049746,3.130897,10939,19082,8142,10939,0,75.54,5,normal
1780604719.0160518,56.582708399990224,278603,0.018311,-0.033691,1.060059,0.641221,2.290076,-0.526718,1.060752,2.435784,10942,19086,8143,10942,0,75.0,5,normal
1780604719.0467634,56.61342009999498,278634,0.046387,-0.04126,1.043457,3.603053,3.549618,-0.236641,1.045302,5.063376,10943,19089,8145,10943,1,75.0,17,normal
1780604719.07859,56.64524659999006,278665,0.040771,0.0354,1.040527,1.48855,2.709924,-0.366412,1.041927,3.113475,10945,19092,8146,10945,0,75.0,5,normal
1780604719.1093404,56.67599699999846,278696,0.041992,-0.050537,1.061523,0.648855,2.549618,-0.992366,1.063555,2.811824,10947,19096,8148,10947,0,75.0,0,normal
1780604719.140286,56.70694259999436,278727,0.05127,0.005859,1.052246,3.335878,3.244275,-0.48855,1.053511,4.678898,10950,19101,8150,10950,1,75.0,4,normal
1780604719.1702712,56.73692779999692,278757,0.044434,-0.010254,1.054443,1.160305,2.732824,-0.145038,1.055429,2.972486,10953,19106,8152,10953,0,75.0,5,normal
1780604719.201339,56.76799549999123,278788,0.038086,-0.04541,1.059082,0.992366,2.412214,-1.053435,1.060739,2.813058,10955,19110,8154,10955,0,75.0,1,normal
1780604719.2316675,56.79832409998926,278819,0.040527,0.005371,1.044678,3.396947,3.648855,-0.015267,1.045477,4.98534,10957,19113,8155,10957,1,75.0,17,normal
1780604719.2627118,56.8293682999938,278850,0.059814,0.034424,1.03833,0.503817,3.076336,-0.328244,1.040621,3.134552,10959,19116,8156,10959,0,75.0,5,normal
1780604719.2955918,56.862248399993405,278882,0.036377,-0.041504,1.053711,1.251908,2.969466,-0.80916,1.055155,3.322611,10962,19120,8157,10962,0,71.685,0,normal
1780604719.327065,56.893721599990386,278913,0.046387,-0.037598,1.067627,2.89313,3.572519,-0.572519,1.069295,4.632588,10965,19124,8158,10965,0,71.685,5,normal
1780604719.358253,56.92490969999926,278944,0.045166,-0.034668,1.034424,-0.175573,2.396947,-1.290076,1.03599,2.727724,10966,19126,8159,10966,0,71.685,5,normal
1780604719.3877897,56.954446299991105,278975,0.04541,-0.02124,1.068848,2.030534,2.961832,-0.366412,1.070023,3.609678,10967,19128,8160,10967,0,71.685,5,normal
1780604719.4189558,56.98561229999177,279006,0.059814,-0.042236,1.050537,2.656489,3.305344,-0.198473,1.053086,4.245188,10971,19134,8162,10971,0,71.685,6,normal
1780604719.4494326,57.01608909999777,279037,0.04834,0.000488,1.05542,0.099237,2.89313,-1.198473,1.056526,3.133111,10973,19138,8164,10973,0,71.685,5,normal
1780604719.4810567,57.04771319999418,279068,0.041016,-0.031982,1.054932,2.419847,2.534351,-0.038168,1.056213,3.504291,10974,19142,8167,10974,0,71.685,4,normal
1780604719.5125887,57.07924529998854,279099,0.044189,-0.013672,1.052246,2.648855,3.114504,-0.496183,1.053262,4.118588,10979,19148,8168,10979,0,71.685,5,normal
1780604719.5423691,57.10902579998947,279130,0.047852,-0.008545,1.049316,0.419847,3.221374,-1.206107,1.050442,3.465287,10980,19150,8169,10980,0,71.685,5,normal
1780604719.5730171,57.139673799989396,279160,0.054199,-0.024902,1.058838,2.374046,2.778626,-0.015267,1.060516,3.654735,10981,19152,8170,10981,0,68.345,4,normal
1780604719.6037424,57.170398899994325,279191,0.053223,-0.012939,1.02832,2.725191,3.29771,-0.343511,1.029778,4.291801,10985,19158,8172,10985,0,68.345,5,normal
1780604719.6356492,57.202305699989665,279222,0.037842,-0.001953,1.043457,0.282443,3.435115,-1.053435,1.044145,3.604096,10986,19160,8173,10986,0,68.345,5,normal
1780604719.6655412,57.23219779999636,279253,0.022217,-0.054199,1.036133,2.580153,2.244275,0.0,1.037787,3.419643,10987,19163,8175,10987,1,68.345,18,normal
1780604719.6979735,57.26463009999134,279284,0.065674,-0.011963,1.052246,2.450382,3.198473,-0.358779,1.054361,4.04516,10989,19166,8176,10989,0,68.345,5,normal
1780604719.7280688,57.294725499989,279315,0.066895,-0.000244,1.057373,0.366412,3.312977,-0.961832,1.059487,3.469178,10992,19170,8177,10992,0,68.345,5,normal
1780604719.7593741,57.326030799988075,279346,0.039795,-0.072021,1.051025,1.961832,2.824427,-0.114504,1.054241,3.440826,10994,19177,8182,10994,1,68.345,3,normal
1780604719.7909403,57.35759679999319,279377,0.032959,-0.016357,1.055908,1.679389,2.274809,-0.366412,1.056549,2.851204,10997,19182,8184,10997,0,68.345,0,normal
1780604719.822676,57.38933259999612,279409,0.042969,-0.012939,1.063477,0.21374,2.541985,-0.984733,1.064423,2.734423,10998,19184,8185,10998,0,68.345,5,normal
1780604719.8537576,57.42041409999365,279440,0.059082,-0.046875,1.03833,2.900763,3.320611,-0.366412,1.041065,4.42438,10999,19187,8187,10999,1,64.286,18,normal
1780604719.8837013,57.45035790000111,279471,0.050781,-0.013672,1.049072,1.259542,2.29771,-0.061069,1.05039,2.621001,11001,19190,8188,11001,0,64.286,5,normal
1780604719.915424,57.48208079999313,279502,0.013916,-0.041016,1.07251,0.519084,2.671756,-0.526718,1.073384,2.772212,11004,19194,8189,11004,0,64.286,5,normal
1780604719.9456851,57.512341699999524,279533,0.048584,-0.031982,1.039307,3.763359,3.48855,-0.59542,1.040933,5.165982,11007,19199,8191,11007,1,64.286,17,normal
1780604719.9771128,57.54376929999853,279564,0.053467,-0.001221,1.046631,0.961832,2.603053,-0.679389,1.047996,2.857022,11009,19202,8192,11009,0,64.286,6,normal
1780604720.0084946,57.57515109999804,279595,0.026367,-0.050781,1.067383,0.717557,2.145038,-0.938931,1.068915,2.449014,11011,19206,8194,11011,0,64.286,0,normal
1780604720.0388002,57.60545679999632,279626,0.044922,0.003418,1.055176,4.251908,3.160305,-0.175573,1.056137,5.300668,11013,19209,8195,11013,1,64.286,17,normal
1780604720.0708115,57.63746819998778,279657,0.054443,0.022217,1.046387,0.541985,2.053435,-0.748092,1.048038,2.251662,11016,19214,8197,11016,0,64.286,5,normal
1780604720.1001375,57.66679409999051,279688,0.0625,-0.043457,1.052002,1.442748,2.29771,-0.832061,1.054752,2.837837,11017,19216,8198,11017,0,64.286,5,normal
1780604720.1309125,57.697569099997054,279718,0.036377,-0.006836,1.05127,3.389313,3.519084,-0.396947,1.051921,4.901934,11019,19219,8199,11019,1,71.942,17,normal
1780604720.162234,57.72889059998852,279749,0.05127,0.01416,1.035156,0.083969,3.0,-0.755725,1.036522,3.094862,11021,19222,8200,11021,0,71.942,5,normal
1780604720.1922495,57.75890609998896,279780,0.04541,-0.058838,1.063721,1.122137,2.70229,-1.122137,1.066314,3.133809,11023,19226,8202,11023,0,71.942,1,normal
1780604720.22441,57.79106669999601,279811,0.057617,-0.037598,1.053711,3.412214,3.748092,-0.564886,1.055955,5.100048,11027,19232,8204,11027,0,71.942,5,normal
1780604720.2548037,57.82146019999345,279842,0.043213,-0.029785,1.032227,0.015267,2.671756,-0.984733,1.03356,2.847492,11029,19236,8206,11029,0,71.942,1,normal
1780604720.2873466,57.85400310000114,279873,0.045654,-0.033936,1.05835,2.137405,2.877863,-0.625954,1.059877,3.639012,11030,19238,8207,11030,0,71.942,5,normal
1780604720.3192751,57.88593169998785,279905,0.055664,-0.031738,1.056885,2.694656,2.862595,-0.320611,1.058825,3.944416,11033,19244,8210,11033,0,71.942,5,normal
1780604720.3498166,57.91647319999174,279936,0.042236,-0.011963,1.042236,0.40458,3.091603,-0.862595,1.04316,3.235084,11034,19246,8211,11034,0,71.942,5,normal
1780604720.381046,57.947702599994955,279967,0.049561,-0.039795,1.053223,2.160305,2.48855,-0.015267,1.055139,3.295456,11035,19251,8215,11035,1,71.942,18,normal
1780604720.4133434,57.979999899995164,279999,0.03833,-0.023682,1.053223,1.244275,2.610687,-0.381679,1.054186,2.91712,11037,19254,8216,11037,0,64.057,5,normal
1780604720.4447777,58.01143420000153,280031,0.031982,-0.030273,1.058594,0.267176,2.198473,-0.908397,1.059509,2.393711,11038,19256,8217,11038,0,64.057,5,normal
1780604720.4754472,58.04210369999055,280062,0.052734,-0.067627,1.053955,3.29771,2.587786,-0.458015,1.057438,4.216789,11039,19259,8219,11039,1,64.057,18,normal
1780604720.50664,58.07329659999232,280093,0.066895,0.012695,1.045654,1.145038,2.954198,-0.229008,1.047869,3.176609,11042,19264,8221,11042,0,64.057,5,normal
1780604720.536906,58.103562699994654,280124,0.039551,-0.050537,1.064453,0.694656,2.221374,-0.755725,1.066386,2.447074,11045,19268,8222,11045,0,64.057,5,normal
1780604720.574096,58.14075259999663,280161,0.043213,-0.000732,1.044434,3.51145,3.519084,-0.603053,1.045327,5.007785,11049,19274,8224,11049,0,64.057,9,normal
1780604720.6049595,58.171615999992355,280192,0.025391,-0.024414,1.066162,0.251908,2.580153,-0.78626,1.066744,2.709031,11050,19276,8225,11050,0,64.057,5,normal
1780604720.6366336,58.20329029999266,280223,0.062744,-0.045166,1.043213,2.885496,3.267176,-0.29771,1.046074,4.369114,11051,19279,8227,11051,1,64.057,18,normal
1780604720.6671612,58.23381779999181,280254,0.039062,0.001953,1.048584,1.007634,2.641221,-0.122137,1.049313,2.829539,11054,19284,8229,11054,0,66.667,5,normal
1780604720.713325,58.279981499988935,280285,0.025879,-0.034912,1.059814,0.396947,2.045802,-0.793893,1.060705,2.230053,11055,19286,8230,11055,0,66.667,5,normal
1780604720.729898,58.296554599990486,280316,0.067627,-0.024902,1.050049,3.389313,3.343511,-0.427481,1.052519,4.780089,11057,19289,8231,11057,1,66.667,17,normal
1780604720.759739,58.32639560000098,280347,0.059082,0.008301,1.054443,1.396947,1.984733,-0.717557,1.05613,2.530912,11060,19294,8233,11060,0,66.667,0,normal
1780604720.7913315,58.35798819999036,280378,0.042236,-0.061035,1.072266,0.78626,2.091603,-1.312977,1.074832,2.591701,11061,19296,8234,11061,0,66.667,5,normal
1780604720.8220813,58.38873799999419,280409,0.043213,-0.00708,1.053955,3.251908,3.694656,-0.305344,1.054864,4.931392,11066,19303,8236,11066,1,66.667,3,normal
1780604720.853351,58.420007599997916,280440,0.043701,0.015625,1.040039,0.412214,2.175573,-0.832061,1.041074,2.365452,11069,19308,8238,11069,0,66.667,0,normal
1780604720.8848658,58.45152239999152,280471,0.020264,-0.060059,1.061523,1.343511,2.282443,-0.992366,1.063414,2.828314,11070,19310,8239,11070,0,66.667,5,normal
1780604720.9146152,58.4812716999877,280502,0.043457,-0.030029,1.05249,3.206107,3.801527,-0.564886,1.053815,5.00498,11073,19314,8240,11073,0,66.667,5,normal
1780604720.946797,58.51345339999534,280533,0.031006,-0.021973,1.029053,-0.152672,3.320611,-0.923664,1.029754,3.450061,11074,19316,8241,11074,0,71.685,5,normal
1780604720.9784143,58.54507100000046,280565,0.046387,-0.023926,1.046143,2.885496,3.236641,-0.358779,1.047444,4.350938,11076,19322,8245,11076,0,71.685,0,normal
1780604721.0099843,58.576640799990855,280596,0.047363,-0.018799,1.053955,2.687023,3.083969,-0.48855,1.055186,4.119422,11079,19326,8246,11079,0,71.685,5,normal
1780604721.041079,58.60773559998779,280627,0.038818,0.021973,1.054932,0.091603,2.80916,-0.801527,1.055874,2.922707,11082,19330,8247,11082,0,71.685,5,normal
1780604721.071617,58.638273499993375,280658,0.032227,-0.038818,1.050293,2.061069,2.839695,-0.206107,1.051504,3.514876,11084,19335,8250,11084,1,71.685,15,normal
1780604721.1019905,58.66864709999936,280689,0.050781,-0.005615,1.052246,1.740458,2.320611,-0.396947,1.053486,2.927797,11086,19338,8251,11086,0,71.685,5,normal
1780604721.1343372,58.700993699996616,280720,0.049316,0.015137,1.047119,0.038168,2.862595,-0.770992,1.048389,2.96485,11088,19342,8253,11088,0,71.685,5,normal
1780604721.1643322,58.730988799987244,280751,0.050781,-0.08252,1.038574,2.473282,2.167939,-0.389313,1.043084,3.311895,11089,19345,8255,11089,1,71.685,18,normal
1780604721.1970239,58.763680399992154,280783,0.044678,-0.019531,1.066406,1.022901,2.862595,0.045802,1.06752,3.04021,11091,19348,8256,11091,0,68.0,5,normal
1780604721.2269106,58.79356719998759,280814,0.044189,-0.040527,1.063477,0.137405,2.717557,-0.572519,1.065166,2.780607,11092,19350,8257,11092,0,68.0,5,normal
1780604721.2569368,58.82359339999675,280845,0.053955,-0.066162,1.036865,3.129771,3.374046,-0.442748,1.040374,4.623384,11094,19355,8260,11094,1,68.0,3,normal
1780604721.2893968,58.856053299998166,280876,0.063477,0.021484,1.051025,1.389313,2.175573,-0.267176,1.05316,2.595128,11097,19360,8262,11097,0,68.0,5,normal
1780604721.3207116,58.88736829999834,280907,0.023193,-0.045166,1.067871,0.450382,2.465649,-0.977099,1.069078,2.690166,11099,19364,8264,11099,0,68.0,1,normal
1780604721.351691,58.91834769998968,280938,0.04541,0.005859,1.040527,3.450382,3.305344,-0.450382,1.041534,4.799299,11101,19367,8265,11101,1,68.0,17,normal
1780604721.382516,58.949172399996314,280969,0.02417,0.002197,1.028809,0.282443,2.351145,-1.030534,1.029095,2.582568,11105,19372,8266,11105,0,68.0,5,normal
1780604721.414624,58.98128059999726,281000,0.029053,-0.052979,1.060303,1.473282,2.427481,-1.366412,1.062023,3.151239,11107,19376,8268,11107,0,68.0,0,normal
1780604721.445352,59.01200859999517,281032,0.032471,-0.039551,1.059814,3.129771,2.801527,-0.259542,1.061049,4.208489,11110,19380,8269,11110,0,68.0,5,normal
1780604721.476757,59.04341359999671,281063,0.036865,-0.028564,1.035644,-0.160305,2.648855,-0.954198,1.036694,2.82004,11111,19382,8270,11111,0,71.429,5,normal
1780604721.5080059,59.074662499988335,281094,0.047607,-0.028809,1.058838,2.320611,2.625954,-0.366412,1.060299,3.523511,11112,19384,8271,11112,0,71.429,5,normal
1780604721.5388627,59.10551929999201,281126,0.05249,-0.023682,1.044922,2.305344,2.496183,-0.282443,1.046507,3.409592,11117,19390,8272,11117,0,71.429,5,normal
1780604721.5707853,59.137441899991245,281157,0.03833,0.020996,1.056152,0.030534,3.320611,-1.015267,1.057056,3.472486,11119,19394,8274,11119,0,71.429,5,normal
1780604721.6016834,59.16833999998926,281188,0.045898,-0.060791,1.043213,2.061069,3.038168,-0.328244,1.04599,3.685948,11120,19399,8278,11120,1,71.429,19,normal
1780604721.6325686,59.19922529999167,281220,0.026611,-0.029053,1.049805,1.030534,2.503817,-0.534351,1.050544,2.759824,11124,19404,8279,11124,0,71.429,5,normal
1780604721.6634853,59.23014179999882,281251,0.062256,-0.022461,1.064941,0.152672,2.541985,-0.587786,1.066996,2.61352,11125,19406,8280,11125,0,71.429,5,normal
1780604721.6947598,59.26141649999772,281282,0.055664,-0.058105,1.032959,2.496183,2.847328,-0.259542,1.036088,3.795467,11126,19409,8282,11126,1,71.429,18,normal
1780604721.7270827,59.293739299988374,281313,0.052979,-0.015381,1.052978,1.076336,2.007634,-0.160305,1.054423,2.283591,11129,19414,8284,11129,0,72.0,5,normal
1780604721.7570486,59.32370529999025,281344,0.030029,-0.039795,1.062256,0.603053,1.977099,-1.0,1.063425,2.296213,11132,19418,8285,11132,0,72.0,5,normal
1780604721.7872005,59.353856999994605,281374,0.055664,-0.072998,1.043457,2.51145,2.908397,-0.19084,1.047487,3.847411,11133,19421,8287,11133,1,72.0,19,normal
1780604721.818274,59.384930599990184,281405,0.044678,0.003906,1.047363,1.076336,2.862595,-0.351145,1.048323,3.078352,11137,19426,8288,11137,0,72.0,0,normal
1780604721.8493397,59.41599629999837,281436,0.044922,-0.042969,1.062012,0.770992,2.206107,-0.862595,1.06383,2.491066,11138,19428,8289,11138,0,72.0,5,normal
1780604721.8803155,59.44697219999216,281467,0.073975,-0.031982,1.049072,3.122137,3.137405,-0.427481,1.052163,4.446772,11142,19435,8292,11142,1,72.0,4,normal
1780604721.9101632,59.47681969999394,281498,0.035645,-0.001953,1.05127,1.236641,2.977099,-0.366412,1.051876,3.244481,11145,19440,8294,11145,0,72.0,1,normal
1780604721.9423077,59.50896419999481,281528,0.026855,-0.029785,1.06543,0.435114,2.015267,-0.740458,1.066184,2.19064,11146,19442,8295,11146,0,72.0,5,normal
1780604721.9721558,59.538812300001155,281559,0.072021,-0.046387,1.039795,2.572519,2.961832,-0.603053,1.043318,3.969128,11147,19445,8297,11147,1,72.0,18,normal
1780604722.0039518,59.57060829999682,281590,0.045166,-0.014893,1.052002,1.473282,2.29771,-0.396947,1.053076,2.758188,11149,19448,8298,11149,0,72.202,5,normal
1780604722.034771,59.60142759999144,281621,0.020752,-0.029297,1.058838,0.465649,2.10687,-0.687023,1.059446,2.264449,11152,19452,8299,11152,0,72.202,5,normal
1780604722.065622,59.632278599994606,281652,0.035156,0.008545,1.05249,3.305344,3.427481,-0.251908,1.053112,4.768268,11154,19455,8300,11154,1,72.202,18,normal
1780604722.0970037,59.66366029999335,281683,0.045166,0.040527,1.050781,0.877863,2.541985,-0.618321,1.052532,2.759466,11156,19458,8301,11156,0,72.202,5,normal
1780604722.12678,59.6934365999914,281714,0.03125,-0.055908,1.069336,0.587786,2.21374,-0.961832,1.071252,2.484202,11158,19462,8303,11158,0,72.202,0,normal
1780604722.1573303,59.72398679998878,281745,0.053223,0.00415,1.058838,3.053435,3.519084,-0.274809,1.060183,4.66722,11161,19467,8305,11161,1,72.202,4,normal
1780604722.1894145,59.756071099996916,281776,0.058838,0.027588,1.041992,0.152672,3.167939,-0.465649,1.044017,3.205616,11164,19472,8307,11164,0,72.202,5,normal
1780604722.2204337,59.78709030000027,281807,0.050537,-0.054443,1.075928,0.770992,2.48855,-0.885496,1.078489,2.75162,11166,19476,8309,11166,0,72.202,0,normal
1780604722.251024,59.81768049999664,281838,0.044189,-0.022217,1.061523,3.259542,4.122138,-0.480916,1.062675,5.277112,11169,19480,8310,11169,0,72.202,5,normal
1780604722.2825499,59.84920649998821,281869,0.027588,-0.012695,1.032715,-0.053435,2.167939,-1.053435,1.033161,2.410921,11170,19482,8311,11170,0,75.269,5,normal
1780604722.315255,59.88191139999253,281901,0.021729,-0.020752,1.066162,2.137405,2.671756,-0.366412,1.066585,3.44108,11173,19486,8312,11173,0,75.269,0,normal
1780604722.3457828,59.91243929999473,281932,0.046387,-0.018555,1.05127,2.877863,3.030534,-0.335878,1.052456,4.192737,11176,19490,8313,11176,0,75.269,5,normal
1780604722.3762362,59.942892699997174,281963,0.031982,0.012695,1.039307,0.580153,2.870229,-1.068702,1.039876,3.117197,11177,19492,8314,11177,0,75.269,5,normal
1780604722.4080029,59.97465939998801,281994,0.055176,-0.023682,1.049805,2.549618,2.923664,-0.343511,1.05152,3.894402,11178,19494,8315,11178,0,75.269,4,normal
1780604722.4380076,60.004664299995056,282025,0.040771,-0.006348,1.051758,2.274809,2.78626,-0.664122,1.052567,3.657739,11183,19500,8316,11183,0,75.269,5,normal
1780604722.4688797,60.035536199997296,282056,0.04834,0.006104,1.044434,0.145038,3.206107,-0.946565,1.045569,3.346064,11185,19504,8318,11185,0,75.269,5,normal
1780604722.5010922,60.06774879999284,282087,0.05957,-0.056641,1.044189,2.282443,2.450382,-0.160305,1.04742,3.352553,11186,19509,8322,11186,1,75.269,18,normal
1780604722.5317216,60.09837829999742,282118,0.024902,-0.013672,1.055908,1.832061,2.778626,-0.610687,1.05629,3.383807,11190,19514,8323,11190,0,75.269,5,normal
1780604722.5621142,60.12877089998801,282149,0.039795,0.013916,1.047607,0.282443,3.274809,-1.022901,1.048455,3.442452,11191,19516,8324,11191,0,75.0,5,normal
1780604722.593851,60.1605075999978,282180,0.018555,-0.072754,1.031982,2.435115,3.137405,-0.099237,1.03471,3.972775,11192,19519,8326,11192,1,75.0,18,normal
1780604722.6250727,60.19172930000059,282211,0.026123,-0.023193,1.051025,1.603053,2.671756,-0.435114,1.051606,3.146011,11195,19524,8328,11195,0,75.0,5,normal
1780604722.655222,60.22187860000122,282242,0.056885,-0.02124,1.065674,0.007634,2.839695,-0.870229,1.067402,2.970054,11196,19526,8329,11196,0,75.0,5,normal
1780604722.6862576,60.252914099997724,282273,0.038574,-0.078857,1.032959,2.236641,3.29771,-0.427481,1.036682,4.007518,11197,19529,8331,11197,1,75.0,18,normal
1780604722.716304,60.2829606999876,282303,0.031006,-0.023438,1.059082,1.374046,2.396947,-0.70229,1.059795,2.850714,11200,19534,8333,11200,0,75.0,1,normal
1780604722.748759,60.315415699995356,282335,0.024902,-0.035645,1.058838,0.236641,2.656489,-0.549618,1.05973,2.723052,11201,19536,8334,11201,0,75.0,5,normal
1780604722.7797942,60.34645089998958,282366,0.050781,-0.055176,1.047119,3.053435,3.259542,-0.29771,1.049801,4.476238,11203,19543,8339,11203,1,75.0,3,normal
1780604722.8109882,60.3776446999982,282397,0.038086,-0.01123,1.049805,1.351145,2.854962,-0.206107,1.050555,3.165262,11206,19548,8341,11206,0,75.0,0,normal
1780604722.8410408,60.407697399990866,282428,0.035889,-0.046387,1.059326,0.435114,2.29771,-0.694656,1.060948,2.439538,11207,19550,8342,11207,0,57.348,5,normal
1780604722.872151,60.43880739998713,282458,0.068359,-0.05542,1.033203,2.961832,2.916031,-0.290076,1.036944,4.166513,11208,19553,8344,11208,1,57.348,18,normal
1780604722.9015708,60.46822729999258,282489,0.035156,-0.000977,1.045654,1.236641,2.847328,-0.145038,1.046246,3.107667,11210,19556,8345,11210,0,57.348,5,normal
1780604722.9331293,60.49978600000031,282520,0.020752,-0.036621,1.053955,0.618321,2.480916,-0.709924,1.054795,2.653536,11212,19560,8347,11212,0,57.348,6,normal
1780604722.963362,60.530018599994946,282551,0.074463,-0.052002,1.041748,3.59542,2.938931,-0.145038,1.0457,4.646009,11215,19565,8349,11215,1,57.348,17,normal
1780604722.9935172,60.560173699996085,282581,0.068115,-0.006836,1.04248,1.038168,3.389313,-0.053435,1.044726,3.54515,11217,19568,8350,11217,0,57.348,5,normal
1780604723.0260239,60.59268039999006,282612,0.013916,-0.031738,1.063965,0.557252,2.10687,-0.687023,1.064529,2.285045,11219,19572,8352,11219,0,57.348,0,normal
1780604723.056281,60.62293769999815,282643,0.049805,-0.027588,1.044678,3.770992,3.236641,-0.061069,1.046228,4.969905,11221,19575,8353,11221,1,57.348,18,normal
1780604723.0881865,60.65484319999814,282674,0.04126,0.031006,1.040527,0.946565,2.885496,-0.473282,1.041807,3.073446,11224,19580,8355,11224,0,57.348,5,normal
1780604723.1183271,60.68498379999073,282705,0.037109,-0.054199,1.063232,0.419847,2.259542,-0.938931,1.065259,2.482618,11225,19582,8356,11225,0,64.982,5,normal
1780604723.1495452,60.71620189999521,282736,0.044678,-0.001709,1.05249,3.480916,2.694656,-0.267176,1.05344,4.41014,11227,19585,8357,11227,1,64.982,17,normal
1780604723.1814773,60.74813389999326,282767,0.055176,0.028076,1.052002,0.10687,2.198473,-0.580153,1.053822,2.276243,11229,19588,8358,11229,0,64.982,5,normal
1780604723.214738,60.78139449999435,282799,0.052979,-0.044434,1.073975,1.854962,2.274809,-0.717557,1.076198,3.021676,11231,19592,8360,11231,0,64.982,1,normal
1780604723.2444348,60.81109149999975,282831,0.03418,-0.006836,1.052246,2.923664,3.19084,-0.137405,1.052823,4.329914,11235,19598,8362,11235,0,64.982,5,normal
1780604723.276429,60.843085599990445,282862,0.043213,0.010498,1.041016,0.244275,2.641221,-1.129771,1.041965,2.883072,11237,19602,8364,11237,0,64.982,1,normal
1780604723.3058255,60.87248199999158,282893,0.06665,-0.038818,1.048828,2.152672,2.59542,-0.21374,1.05166,3.37874,11238,19605,8366,11238,1,64.982,18,normal
1780604723.336458,60.9031144999899,282923,0.044189,-0.013672,1.060547,3.045802,2.374046,-0.389313,1.061555,3.88131,11241,19610,8368,11241,0,64.982,6,normal
1780604723.3675797,60.9342362999887,282954,0.047119,0.019043,1.03833,0.267176,3.343511,-1.08397,1.039573,3.524974,11242,19612,8369,11242,0,64.982,5,normal
1780604723.3996732,60.96632979999413,282986,0.057617,-0.071045,1.037842,2.091603,3.007634,-0.21374,1.041865,3.669652,11243,19617,8373,11243,1,64.057,19,normal
1780604723.431637,60.9982936999877,283018,0.039795,-0.029541,1.048828,1.160305,2.236641,-0.099237,1.049998,2.52165,11245,19620,8374,11245,0,64.057,5,normal
1780604723.4618294,61.02848599999561,283049,0.036133,-0.017578,1.062988,0.59542,2.40458,-0.885496,1.063747,2.63071,11246,19622,8375,11246,0,64.057,6,normal
1780604723.4922385,61.05889499999466,283079,0.058594,-0.07251,1.049316,2.282443,3.442748,-0.389313,1.05345,4.14893,11247,19625,8377,11247,1,64.057,19,normal
1780604723.523062,61.08971849999216,283110,0.039551,-0.022461,1.061279,1.358779,2.083969,-0.679389,1.062254,2.57891,11250,19630,8379,11250,0,64.057,5,normal
1780604723.552673,61.11932979999983,283140,0.052734,-0.003662,1.055176,0.290076,3.51145,-0.625954,1.056499,3.578582,11252,19634,8381,11252,0,64.057,5,normal
1780604723.584258,61.15091459998803,283171,0.040771,-0.070557,1.054199,2.358779,3.412214,-0.435114,1.057344,4.170895,11254,19639,8384,11254,1,64.057,15,normal
1780604723.6315835,61.19824009999866,283203,0.063232,-0.005615,1.053711,1.519084,2.458015,0.053435,1.055621,2.890036,11258,19644,8385,11258,0,64.057,0,normal
1780604723.6472206,61.21387709998817,283234,0.016846,-0.043213,1.064697,0.320611,2.587786,-0.732824,1.065707,2.70859,11259,19646,8386,11259,0,64.057,5,normal
1780604723.678625,61.245281700001215,283265,0.043457,-0.042969,1.042969,3.534351,2.916031,-0.427481,1.044758,4.601914,11261,19651,8389,11261,1,64.516,3,normal
1780604723.7099788,61.27663539999048,283296,0.053955,0.010254,1.040772,1.053435,2.992366,-0.068702,1.04222,3.173122,11263,19654,8390,11263,0,64.516,5,normal
1780604723.7424667,61.30912320000061,283327,0.041992,-0.056641,1.06543,0.335878,2.312977,-0.793893,1.06776,2.468389,11264,19656,8391,11264,0,64.516,5,normal
1780604723.7730432,61.33969979999529,283359,0.044189,-0.026611,1.057861,3.396947,4.091603,-0.40458,1.059118,5.333306,11267,19660,8392,11267,0,64.516,5,normal
1780604723.8046403,61.37129699999059,283391,0.0271,-0.033691,1.028809,-0.389313,2.923664,-0.931298,1.029717,3.093007,11268,19662,8393,11268,0,64.516,5,normal
1780604723.8359964,61.40265289999661,283422,0.035645,-0.021729,1.061279,2.083969,2.916031,-0.503817,1.0621,3.619392,11270,19668,8397,11270,0,64.516,0,normal
1780604723.866652,61.43330859999696,283453,0.029053,-0.010986,1.053955,2.969466,2.419847,-0.48855,1.054413,3.861615,11273,19672,8398,11273,0,64.516,6,normal
1780604723.8984797,61.46513630000118,283485,0.036865,0.011719,1.049072,0.236641,2.793893,-1.030534,1.049785,2.98728,11276,19676,8399,11276,0,64.516,5,normal
1780604723.929533,61.4961895999877,283516,0.044189,-0.060791,1.051514,2.114504,2.442748,0.068702,1.054196,3.231542,11278,19681,8402,11278,1,67.729,14,normal
1780604723.9598036,61.52646009999444,283547,0.02832,-0.023682,1.049805,2.022901,2.183206,-0.496183,1.050454,3.017402,11280,19684,8403,11280,0,67.729,5,normal
1780604723.992511,61.55916759998945,283578,0.058594,0.012939,1.058106,0.198473,2.954198,-1.061069,1.059806,3.145242,11282,19688,8405,11282,0,67.729,5,normal
1780604724.0229895,61.589646199994604,283609,0.04834,-0.063965,1.049316,2.587786,2.671756,-0.198473,1.052375,3.724823,11283,19691,8407,11283,1,67.729,18,normal
1780604724.0529017,61.619558299993514,283640,0.043945,-0.02832,1.056641,1.389313,2.351145,-0.549618,1.057933,2.785705,11285,19694,8408,11285,0,67.729,5,normal
1780604724.0843518,61.65100829998846,283671,0.037842,-0.020996,1.056396,0.129771,2.519084,-1.038168,1.057282,2.727713,11286,19696,8409,11286,0,67.729,5,normal
1780604724.1159306,61.68258719998994,283702,0.026367,-0.064941,1.048096,2.671756,2.694656,-0.580153,1.050437,3.838754,11288,19701,8412,11288,1,67.729,3,normal
1780604724.1469562,61.71361279999837,283733,0.035889,-0.019287,1.060547,1.312977,2.549618,-0.244275,1.061329,2.878217,11291,19706,8414,11291,0,67.729,5,normal
1780604724.177789,61.74444549999316,283764,0.012695,-0.033936,1.057617,0.175573,2.290076,-0.908397,1.058238,2.469911,11293,19710,8416,11293,0,67.729,1,normal
1780604724.2095206,61.77617709999322,283795,0.051758,-0.048096,1.031006,3.496183,3.145038,-0.358779,1.033424,4.716278,11294,19713,8418,11294,1,57.348,18,normal
1780604724.2402847,61.806941199989524,283826,0.050781,0.032959,1.045166,1.022901,2.70229,-0.19084,1.046918,2.895707,11298,19718,8419,11298,0,57.348,5,normal
1780604724.2716696,61.838326199998846,283857,0.054199,-0.051025,1.065186,0.648855,2.137405,-0.80916,1.067783,2.375764,11299,19720,8420,11299,0,57.348,5,normal
1780604724.3034384,61.870095099991886,283889,0.05249,-0.020264,1.064209,3.389313,3.854962,-0.236641,1.065695,5.138499,11303,19725,8421,11303,1,57.348,16,normal
1780604724.3339589,61.90061539999442,283920,0.06543,-0.014893,1.04248,-0.175573,2.732824,-0.709924,1.044638,2.828983,11305,19728,8422,11305,0,57.348,5,normal
1780604724.3651366,61.93179329999839,283951,0.039795,-0.043701,1.06543,1.259542,2.656489,-0.725191,1.067068,3.028082,11306,19730,8423,11306,0,57.348,5,normal
1780604724.3954256,61.96208219999971,283982,0.040283,-0.028076,1.053223,3.435115,3.412214,-0.419847,1.054367,4.859988,11309,19734,8424,11309,0,57.348,6,normal
1780604724.4275546,61.99421119999897,284013,0.026123,-0.02417,1.040527,-0.740458,2.480916,-1.045802,1.041136,2.792297,11311,19738,8426,11311,0,57.348,5,normal
1780604724.4577143,62.02437089999148,284044,0.034424,-0.018555,1.062012,1.625954,2.656489,-0.458015,1.062731,3.148085,11312,19742,8429,11312,0,57.348,4,normal
1780604724.4886212,62.055277899999055,284075,0.056152,-0.035645,1.060791,2.839695,3.221374,-0.282443,1.062874,4.30359,11315,19748,8432,11315,0,75.0,6,normal
1780604724.5201714,62.08682789999875,284106,0.032715,-0.028076,1.049316,0.229008,2.053435,-1.076336,1.050202,2.329708,11316,19750,8433,11316,0,75.0,5,normal
1780604724.5509598,62.117616399991675,284137,0.038574,-0.036133,1.058594,2.007634,2.572519,-0.343511,1.059912,3.281226,11317,19752,8434,11317,0,75.0,5,normal
1780604724.580744,62.14740059999167,284168,0.037598,-0.015137,1.05127,2.793893,2.29771,-0.175573,1.052051,3.621621,11321,19758,8436,11321,0,75.0,5,normal
1780604724.610714,62.17737049999414,284198,0.022949,-0.022461,1.03833,-0.244275,2.80916,-0.908397,1.038826,2.962471,11322,19760,8437,11322,0,75.0,5,normal
1780604724.6419332,62.20858989999397,284229,0.062988,-0.0271,1.057129,2.51145,2.419847,-0.244275,1.05935,3.4961,11323,19762,8438,11323,0,75.0,5,normal
1780604724.6745584,62.24121509998804,284259,0.053467,-0.033691,1.061035,2.885496,3.396947,-0.282443,1.062915,4.465994,11326,19766,8439,11326,0,75.0,5,normal
1780604724.7035263,62.27018289999978,284290,0.034912,-0.019287,1.042236,0.007634,3.022901,-1.114504,1.042999,3.221817,11329,19770,8440,11329,0,75.0,5,normal
1780604724.7346816,62.30133819999173,284321,0.02832,-0.021973,1.056396,2.251908,2.145038,-0.572519,1.057004,3.162287,11331,19776,8444,11331,0,75.0,0,normal
1780604724.7660837,62.332740300000296,284352,0.044434,-0.016113,1.056641,2.625954,3.007634,-0.396947,1.057697,4.012364,11334,19780,8445,11334,0,68.592,5,normal
1780604724.7976813,62.36433799999941,284384,0.057129,-0.008789,1.053711,0.167939,3.061069,-0.832061,1.055295,3.176582,11337,19784,8446,11337,0,68.592,5,normal
1780604724.8293798,62.396036299993284,284415,0.039307,-0.079102,1.04126,2.312977,3.320611,-0.29771,1.045,4.057702,11338,19787,8448,11338,1,68.592,18,normal
1780604724.8603013,62.42695779999485,284447,0.052734,-0.015625,1.055176,1.656489,2.022901,-0.358779,1.056608,2.639092,11340,19790,8449,11340,0,68.592,5,normal
1780604724.8920667,62.458723199990345,284478,0.025391,-0.037109,1.053467,0.48855,2.427481,-0.603053,1.054426,2.548532,11343,19794,8450,11343,0,68.592,5,normal
1780604724.9232132,62.48986979998881,284509,0.05127,-0.001709,1.047852,3.793893,3.618321,-0.10687,1.049106,5.243786,11346,19799,8452,11346,1,68.592,18,normal
1780604724.9536717,62.52032839998719,284540,0.050537,0.025635,1.042725,1.183206,2.938931,-0.412214,1.044263,3.194873,11350,19804,8453,11350,0,68.592,5,normal
1780604724.9856317,62.55228839999472,284571,0.032715,-0.046143,1.072754,0.580153,2.274809,-1.167939,1.074244,2.622101,11352,19808,8455,11352,0,68.592,0,normal
1780604725.015368,62.58202459999302,284602,0.067139,-0.001953,1.043457,3.610687,3.755725,-0.236641,1.045616,5.215222,11354,19811,8456,11354,1,80.0,17,normal
1780604725.0463128,62.61296939999738,284633,0.048096,0.026611,1.048096,0.251908,2.358779,-0.580153,1.049536,2.442104,11357,19816,8458,11357,0,80.0,5,normal
1780604725.0770423,62.64369899999292,284664,0.056641,-0.047363,1.060059,1.076336,2.465649,-0.801527,1.062627,2.8072,11358,19818,8459,11358,0,80.0,5,normal
1780604725.1086638,62.675320499998634,284695,0.050781,-0.02124,1.052978,3.419847,3.557252,-0.076336,1.054416,4.935101,11361,19822,8460,11361,0,80.0,5,normal
1780604725.1401927,62.706849299996975,284726,0.032471,-0.022217,1.032227,-0.40458,2.900763,-1.152672,1.032976,3.147502,11362,19824,8461,11362,0,80.0,5,normal
1780604725.1718857,62.73854229999415,284757,0.032715,-0.033203,1.070312,2.099237,2.709924,-0.099237,1.071327,3.429334,11364,19828,8463,11364,0,80.0,0,normal
1780604725.2018914,62.76854789999197,284788,0.047363,-0.036865,1.050049,2.549618,3.687023,-0.259542,1.051763,4.490218,11368,19834,8465,11368,0,80.0,5,normal
1780604725.2316263,62.79828279999492,284819,0.033203,-0.009033,1.036621,-0.328244,2.687023,-0.900763,1.037192,2.85293,11370,19838,8467,11370,0,80.0,1,normal
1780604725.2618854,62.828541999988374,284849,0.041016,-0.028809,1.057373,1.290076,3.160305,-1.0,1.05856,3.55694,11371,19840,8468,11371,0,80.0,5,normal
1780604725.2923908,62.85904739999387,284879,0.056885,-0.017578,1.055908,3.450382,3.419847,-0.358779,1.057585,4.871264,11374,19844,8469,11374,0,72.202,5,normal
1780604725.3244464,62.8911029999872,284911,0.032959,-0.03125,1.036865,-0.290076,2.450382,-0.709924,1.037859,2.567588,11375,19846,8470,11375,0,72.202,5,normal
1780604725.3566592,62.92331569999806,284942,0.039307,-0.020996,1.064941,2.709924,2.763359,-0.122137,1.065873,3.872306,11377,19852,8474,11377,0,72.202,0,normal
1780604725.3875248,62.9541814999975,284973,0.031738,-0.020264,1.049561,2.381679,2.351145,-0.366412,1.050236,3.36668,11380,19856,8475,11380,0,72.202,5,normal
1780604725.4180162,62.98467289999826,285004,0.035645,0.010742,1.04126,0.236641,2.198473,-1.137405,1.041925,2.486558,11381,19858,8476,11381,0,72.202,5,normal
1780604725.4488468,63.01550329999009,285035,0.049561,-0.032471,1.056152,2.557252,2.664122,-0.061069,1.057813,3.693347,11383,19862,8478,11383,1,72.202,0,normal
1780604725.479063,63.04571969999233,285066,0.037842,-0.013428,1.056641,2.198473,2.167939,-0.541985,1.057403,3.134803,11386,19866,8479,11386,0,72.202,5,normal
1780604725.5112388,63.07789539999794,285097,0.053955,-0.004639,1.059814,-0.038168,3.21374,-0.78626,1.061197,3.308744,11388,19870,8481,11388,0,72.202,5,normal
1780604725.541357,63.108013699995354,285128,0.025146,-0.0625,1.053467,2.343511,2.526718,-0.572519,1.055619,3.49344,11389,19873,8483,11389,1,72.202,18,normal
1780604725.572828,63.139484699990135,285159,0.027344,-0.016602,1.061768,1.832061,2.290076,-0.335878,1.062249,2.9519,11391,19876,8484,11391,0,60.714,5,normal
1780604725.602564,63.1692206000007,285190,0.026123,-0.023438,1.064453,0.267176,2.854962,-0.816794,1.065032,2.9815,11392,19878,8485,11392,0,60.714,5,normal
1780604725.6343422,63.20099869999103,285221,0.035645,-0.071289,1.041504,2.78626,2.648855,-0.656489,1.044549,3.900084,11394,19883,8488,11394,1,60.714,4,normal
1780604725.6650264,63.23168309999164,285252,0.046143,-0.018555,1.05835,1.40458,2.198473,-0.435114,1.059517,2.644892,11397,19888,8490,11397,0,60.714,5,normal
1780604725.6955144,63.26217109999561,285283,0.045898,-0.03833,1.054932,0.312977,2.59542,-0.870229,1.056625,2.75526,11399,19892,8492,11399,0,60.714,0,normal
1780604725.727532,63.294188499989104,285313,0.052002,-0.061035,1.043457,2.80916,3.358779,-0.335878,1.046533,4.391536,11400,19895,8494,11400,1,60.714,18,normal
1780604725.757754,63.32441069999186,285344,0.035156,-0.010254,1.046631,1.435114,2.496183,-0.053435,1.047271,2.879816,11402,19898,8495,11402,0,60.714,5,normal
1780604725.7898476,63.35650429999805,285375,0.018066,-0.039551,1.059814,0.442748,2.129771,-1.076336,1.060706,2.427025,11403,19900,8496,11403,0,60.714,5,normal
1780604725.8192124,63.385869099991396,285406,0.057373,-0.048096,1.033936,3.839695,3.48855,-0.320611,1.036642,5.197694,11406,19905,8498,11406,1,60.714,18,normal
1780604725.8520062,63.41866279998794,285437,0.042725,0.028076,1.039062,1.122137,1.862595,-0.603053,1.040319,2.256574,11408,19908,8499,11408,0,61.151,5,normal
1780604725.8821592,63.4488158999884,285468,0.04248,-0.053223,1.062988,0.931298,2.519084,-1.038168,1.065167,2.879391,11409,19910,8500,11409,0,61.151,5,normal
1780604725.9118626,63.47851919999812,285499,0.051758,0.004639,1.052734,3.580153,3.091603,-0.328244,1.054016,4.74165,11412,19915,8502,11412,1,61.151,15,normal
1780604725.9420872,63.50874379999004,285529,0.050537,0.014404,1.048584,1.442748,2.015267,-0.366412,1.0499,2.50541,11414,19918,8503,11414,0,61.151,5,normal
1780604725.973074,63.53973059999407,285560,0.029785,-0.053223,1.063965,0.29771,2.114504,-1.427481,1.065712,2.568552,11417,19922,8504,11417,0,61.151,5,normal
1780604726.0040798,63.5707362999965,285591,0.046875,-0.003906,1.047119,3.40458,3.656489,-0.083969,1.048175,4.996812,11419,19925,8505,11419,1,61.151,17,normal
1780604726.0346751,63.601331699988805,285621,0.053711,0.010254,1.044434,1.0,3.427481,-0.381679,1.045864,3.590725,11421,19928,8506,11421,0,61.151,5,normal
1780604726.0643373,63.63099379999039,285651,0.040039,-0.037598,1.058594,0.312977,2.10687,-0.923664,1.060018,2.32164,11422,19930,8507,11422,0,61.151,5,normal
1780604726.0948586,63.661515299987514,285682,0.059326,-0.06958,1.037598,3.496183,3.076336,-0.19084,1.041619,4.660854,11424,19935,8510,11424,1,61.151,4,normal
1780604726.1269813,63.69363789999625,285713,0.05957,0.023682,1.041992,0.725191,3.312977,-0.374046,1.043962,3.411983,11427,19940,8512,11427,0,68.841,5,normal
1780604726.1628947,63.72955119999824,285749,0.041016,-0.047852,1.065186,0.641221,2.435115,-1.21374,1.067048,2.795374,11429,19945,8515,11429,1,68.841,16,normal
1780604726.1953871,63.762043700000504,285781,0.049072,-0.013672,1.052002,1.145038,2.526718,-0.030534,1.053235,2.774229,11432,19950,8517,11432,0,68.841,1,normal
1780604726.2253935,63.792050099989865,285812,0.028564,-0.026855,1.060791,0.282443,2.358779,-0.80916,1.061515,2.509652,11433,19952,8518,11433,0,68.841,5,normal
1780604726.2574098,63.82406629998877,285843,0.058105,-0.022705,1.049316,3.305344,3.374046,-0.053435,1.051169,4.723594,11435,19957,8521,11435,1,68.841,4,normal
1780604726.288159,63.854815499988035,285874,0.04248,0.016846,1.042725,1.045802,3.312977,-0.458015,1.043726,3.504182,11437,19960,8522,11437,0,68.841,5,normal
1780604726.3205063,63.88716299999214,285905,0.028809,-0.049561,1.067383,0.687023,2.175573,-1.236641,1.068921,2.595072,11438,19962,8523,11438,0,68.841,5,normal
1780604726.3515217,63.91817839999567,285937,0.064697,-0.03833,1.053955,3.473282,3.870229,-0.21374,1.056634,5.204618,11441,19966,8524,11441,0,68.841,5,normal
1780604726.3828425,63.94949919999635,285968,0.02417,-0.021484,1.0354,-0.21374,3.068702,-1.335878,1.035905,3.353683,11442,19968,8525,11442,0,58.824,5,normal
1780604726.4140048,63.98066139999719,285999,0.033936,-0.032715,1.06665,2.053435,3.435115,-0.122137,1.067691,4.003938,11446,19974,8527,11446,0,58.824,0,normal
1780604726.4452083,64.01186489999236,286031,0.046143,-0.023193,1.053955,2.839695,2.839695,-0.29771,1.05522,4.026954,11449,19978,8528,11449,0,58.824,5,normal
1780604726.4762077,64.04286429999047,286062,0.051025,0.030029,1.042969,0.145038,2.870229,-0.778626,1.044648,2.9775,11452,19982,8529,11452,0,58.824,5,normal
1780604726.5087516,64.07540829999198,286094,0.041504,-0.079102,1.03833,2.709924,2.053435,-0.503817,1.042166,3.437166,11453,19985,8531,11453,1,58.824,18,normal
1780604726.5399373,64.10659379999561,286126,0.04541,0.008301,1.041992,1.534351,2.78626,0.114504,1.043014,3.182858,11455,19988,8532,11455,0,58.824,5,normal
1780604726.5718646,64.13852119998774,286157,0.028809,-0.04248,1.065186,0.412214,2.244275,-1.129771,1.066422,2.546188,11457,19992,8534,11457,0,58.824,5,normal
1780604726.6031604,64.16981690000102,286189,0.037842,-0.007813,1.060059,3.938931,2.824427,-0.290076,1.060762,4.855586,11458,19995,8536,11458,1,58.824,18,normal
1780604726.6330762,64.199732699999,286220,0.057129,0.013184,1.037109,0.435114,2.931298,-0.40458,1.038765,2.990906,11460,19998,8537,11460,0,71.429,5,normal
1780604726.6645958,64.23125250000157,286251,0.041504,-0.056152,1.069824,0.587786,2.419847,-1.053435,1.0721,2.703864,11462,20002,8539,11462,0,71.429,0,normal
1780604726.6950228,64.26167949999217,286282,0.04248,-0.008301,1.043213,3.274809,4.267176,-0.419847,1.04411,5.395316,11465,20007,8541,11465,1,71.429,3,normal
1780604726.7274127,64.29406929999823,286313,0.037109,-0.025391,1.039307,0.061069,2.801527,-0.717557,1.040279,2.892606,11468,20012,8543,11468,0,71.429,5,normal
1780604726.7574384,64.32409499998903,286344,0.031738,-0.029053,1.062744,1.305344,2.557252,-0.801527,1.063615,2.980924,11469,20014,8544,11469,0,71.429,6,normal
1780604726.7886188,64.35527549999824,286375,0.034424,-0.021729,1.050781,3.671756,3.335878,-0.366412,1.051569,4.974347,11472,20018,8545,11472,0,71.429,6,normal
1780604726.8208668,64.38752329999988,286406,0.037598,-0.028076,1.041504,-0.305344,2.732824,-1.40458,1.04256,3.087784,11473,20020,8546,11473,0,71.429,5,normal
1780604726.851817,64.41847340000095,286437,0.057373,-0.027832,1.064941,1.839695,2.969466,-0.396947,1.066849,3.515646,11476,20024,8547,11476,0,71.429,1,normal
1780604726.8830776,64.44973429999663,286469,0.027588,-0.00293,1.058106,2.931298,2.877863,-0.21374,1.058469,4.113427,11480,20030,8549,11480,0,71.429,5,normal
1780604726.9142585,64.48091499999282,286500,0.04248,0.031494,1.051514,0.480916,2.870229,-0.59542,1.052842,2.970525,11481,20032,8550,11481,0,75.0,5,normal
1780604726.945415,64.51207149999391,286531,0.058594,-0.046875,1.059082,2.366412,2.503817,0.198473,1.061737,3.450854,11482,20035,8552,11482,1,75.0,18,normal
1780604726.9755504,64.54220709999208,286562,0.043945,-0.005371,1.05249,1.458015,2.717557,-0.381679,1.053421,3.107508,11486,20040,8553,11486,0,75.0,5,normal
1780604727.006706,64.57336260000011,286593,0.058838,-0.015869,1.057861,-0.183206,3.152672,-0.870229,1.059615,3.275699,11487,20042,8554,11487,0,75.0,5,normal
1780604727.0388646,64.60552119999193,286624,0.035889,-0.077393,1.045898,2.366412,2.709924,-0.290076,1.049372,3.609396,11488,20047,8558,11488,1,75.0,18,normal
1780604727.0685587,64.63521519998903,286655,0.022705,-0.021729,1.04834,1.351145,2.396947,-0.778626,1.048811,2.859581,11490,20050,8559,11490,0,75.0,5,normal
1780604727.1006856,64.6673421000014,286686,0.023193,-0.032227,1.063477,0.328244,2.366412,-0.862595,1.064217,2.540024,11491,20052,8560,11491,0,75.0,5,normal
1780604727.1312983,64.69795479999448,286717,0.044678,-0.071777,1.052002,2.70229,2.610687,-0.396947,1.055394,3.77831,11492,20055,8562,11492,1,75.0,18,normal
1780604727.1613286,64.7279850999912,286748,0.044434,-0.015137,1.044922,1.175572,2.381679,-0.160305,1.045976,2.660839,11495,20060,8564,11495,0,75.0,5,normal
1780604727.1936984,64.76035489999049,286779,0.029053,-0.042236,1.062012,0.312977,2.022901,-1.129771,1.063248,2.338047,11498,20064,8565,11498,0,60.932,5,normal
1780604727.2238054,64.79046209999069,286810,0.063477,-0.055908,1.050293,3.396947,2.961832,-0.21374,1.053694,4.511915,11500,20069,8568,11500,1,60.932,14,normal
1780604727.256139,64.82279559999006,286841,0.069824,0.01709,1.036133,1.244275,2.763359,-0.114504,1.038623,3.032735,11503,20074,8570,11503,0,60.932,1,normal
1780604727.2855546,64.85221119999187,286872,0.05249,-0.038818,1.071777,0.778626,2.328244,-1.099237,1.073764,2.689851,11504,20076,8571,11504,0,60.932,5,normal
1780604727.3162746,64.88293129998783,286903,0.03833,0.008057,1.044434,3.900763,3.21374,-0.175573,1.045168,5.057164,11507,20081,8573,11507,1,60.932,3,normal
1780604727.3487651,64.91542179998942,286934,0.040283,0.000732,1.037109,0.068702,2.908397,-0.824427,1.037892,3.023768,11509,20084,8574,11509,0,60.932,5,normal
1780604727.3790681,64.94572469999548,286965,0.029297,-0.045166,1.051025,1.091603,2.580153,-0.717557,1.052403,2.892002,11510,20086,8575,11510,0,60.932,5,normal
1780604727.4103847,64.97704119999253,286997,0.047852,-0.033691,1.056152,3.21374,3.549618,-0.10687,1.057772,4.789503,11513,20090,8576,11513,0,60.932,5,normal
1780604727.441337,65.00799359999655,287028,0.025146,-0.031006,1.035644,-0.198473,3.152672,-1.206107,1.036414,3.381335,11514,20092,8577,11514,0,60.932,5,normal
1780604727.473677,65.040333500001,287059,0.049316,-0.033203,1.063232,2.175573,2.748092,-0.145038,1.064893,3.508014,11516,20098,8581,11516,0,64.286,0,normal
1780604727.5046246,65.0712812999991,287090,0.035889,-0.011475,1.066162,2.671756,3.29771,-0.183206,1.066828,4.248144,11519,20102,8582,11519,0,64.286,6,normal
1780604727.5361516,65.10280829999829,287121,0.057129,0.022949,1.049561,0.312977,2.931298,-1.061069,1.051365,3.133102,11522,20106,8583,11522,0,64.286,5,normal
1780604727.565311,65.13196759999846,287152,0.062744,-0.042969,1.053711,2.671756,2.694656,0.022901,1.056452,3.79473,11523,20108,8584,11523,0,64.286,3,normal
1780604727.5955093,65.16216589999385,287183,0.032959,-0.009766,1.053711,2.664122,3.236641,-0.603053,1.054271,4.235218,11526,20112,8585,11526,0,64.286,5,normal
1780604727.628363,65.1950194999954,287214,0.046631,0.018555,1.045898,-0.10687,3.259542,-0.877863,1.047102,3.377377,11528,20116,8587,11528,0,64.286,5,normal
1780604727.6592078,65.22586429999501,287245,0.045898,-0.031738,1.053955,2.465649,2.320611,-0.061069,1.055431,3.386501,11529,20119,8589,11529,1,64.286,18,normal
1780604727.6893935,65.25605019999784,287276,0.018066,-0.017822,1.054199,1.931298,2.091603,-0.549618,1.054505,2.899447,11531,20122,8590,11531,0,64.286,6,normal
1780604727.7203875,65.28704399999697,287307,0.053955,-0.008057,1.063721,0.396947,2.335878,-1.312977,1.065119,2.708838,11533,20126,8592,11533,0,64.286,0,normal
1780604727.7518253,65.31848199998785,287338,0.037109,-0.074707,1.049561,2.687023,2.442748,-0.381679,1.05287,3.651409,11534,20129,8594,11534,1,64.516,18,normal
1780604727.7823417,65.34899819998827,287369,0.036621,-0.014648,1.044434,1.419847,2.450382,-0.679389,1.045178,2.912371,11537,20134,8596,11537,0,64.516,5,normal
1780604727.8139307,65.38058729999466,287400,0.029053,-0.024658,1.063232,0.114504,2.862595,-0.946565,1.063915,3.017208,11538,20136,8597,11538,0,64.516,5,normal
1780604727.8445024,65.41115909999644,287431,0.046631,-0.07251,1.048828,2.687023,3.236641,-0.519084,1.052365,4.238559,11539,20139,8599,11539,1,64.516,18,normal
1780604727.8766687,65.44332519998716,287462,0.030273,-0.011719,1.05127,1.328244,2.305344,-0.175573,1.051771,2.666396,11541,20142,8600,11541,0,64.516,5,normal
1780604727.9080842,65.47474069999589,287493,0.027832,-0.041992,1.069824,0.603053,2.198473,-0.992366,1.07101,2.486312,11542,20144,8601,11542,0,64.516,5,normal
1780604727.9393306,65.50598709999758,287525,0.050049,-0.007568,1.05127,3.664122,3.427481,-0.312977,1.052487,5.027064,11547,20151,8603,11547,1,64.516,4,normal
1780604727.9693677,65.5360243999894,287555,0.066406,0.015625,1.048828,1.419847,2.51145,-0.503817,1.051044,2.928682,11550,20156,8605,11550,0,64.516,1,normal
1780604728.0008044,65.56746089999797,287586,0.04248,-0.063721,1.060303,0.51145,2.618321,-1.091603,1.063065,2.882496,11551,20158,8606,11551,0,64.516,5,normal
1780604728.0316613,65.59831779998785,287618,0.036621,-0.029541,1.05249,3.473282,2.977099,-0.366412,1.053541,4.589234,11554,20163,8608,11554,0,71.429,14,normal
1780604728.0628316,65.62948819999292,287649,0.036865,-0.020264,1.031738,0.183206,2.717557,-1.10687,1.032596,2.940041,11556,20166,8609,11556,0,71.429,5,normal
1780604728.0952327,65.66188939999847,287680,0.054688,-0.040283,1.055908,1.816794,3.519084,-0.770992,1.05809,4.03474,11558,20170,8611,11558,0,71.429,5,normal
1780604728.1247494,65.69140609999886,287711,0.054443,-0.026855,1.065186,2.694656,3.259542,-0.267176,1.066914,4.23759,11561,20174,8612,11561,0,71.429,5,normal
1780604728.1560545,65.72271099999489,287742,0.062012,-0.022217,1.049561,-0.091603,2.534351,-1.145038,1.051626,2.782524,11562,20176,8613,11562,0,71.429,5,normal
1780604728.1874282,65.75408489999245,287774,0.0625,-0.029785,1.060303,2.473282,2.557252,0.099237,1.062561,3.559004,11563,20179,8615,11563,1,71.429,18,normal
1780604728.218618,65.7852744999982,287805,0.042969,-0.003662,1.052002,2.618321,2.534351,-0.381679,1.052885,3.663908,11566,20184,8617,11566,0,71.429,5,normal
1780604728.2500455,65.8167020999972,287836,0.037354,0.030273,1.043945,0.022901,3.274809,-0.793893,1.045052,3.369743,11568,20188,8619,11568,0,71.429,5,normal
1780604728.2807815,65.84743809999782,287867,0.040283,-0.038574,1.058594,2.099237,2.709924,-0.152672,1.060062,3.431296,11570,20193,8622,11570,1,71.429,14,normal
1780604728.3111281,65.87778479998815,287898,0.038818,-0.005615,1.057129,1.938931,2.473282,-0.526718,1.057856,3.186536,11572,20197,8624,11572,1,64.286,4,normal
1780604728.342147,65.90880369998922,287929,0.052979,-0.008545,1.061523,0.091603,2.603053,-1.091603,1.062879,2.824159,11574,20200,8625,11574,0,64.286,6,normal
1780604728.374105,65.94076159999531,287960,0.036377,-0.075439,1.041992,2.267176,2.320611,-0.496183,1.045353,3.281999,11576,20205,8628,11576,1,64.286,4,normal
1780604728.4045515,65.97120819998963,287991,0.030029,-0.022705,1.059814,1.419847,2.519084,-0.70229,1.060483,2.975729,11578,20208,8629,11578,0,64.286,5,normal
1780604728.4361396,66.00279619998764,288022,0.031494,-0.031494,1.065674,0.198473,1.969466,-1.335878,1.066604,2.388044,11579,20210,8630,11579,0,64.286,5,normal
1780604728.466539,66.03319550000015,288053,0.055176,-0.072021,1.037354,3.045802,2.793893,-0.389313,1.041313,4.151422,11580,20213,8632,11580,1,64.286,18,normal
1780604728.498446,66.06510259999777,288084,0.04126,-0.015381,1.054443,1.160305,2.625954,0.045802,1.055362,2.871244,11582,20216,8633,11582,0,64.286,5,normal
1780604728.5295637,66.0962201999937,288115,0.020264,-0.032471,1.053223,0.519084,2.038168,-1.122137,1.053918,2.383856,11585,20220,8634,11585,0,64.286,5,normal
1780604728.559707,66.1263634999923,288146,0.037354,-0.012939,1.038818,3.59542,3.152672,-0.465649,1.03957,4.804499,11586,20225,8638,11586,1,64.286,18,normal
1780604728.5910976,66.15775420000136,288177,0.052734,0.01709,1.046387,1.480916,1.908397,-0.427481,1.047854,2.453127,11590,20230,8639,11590,0,64.516,5,normal
1780604728.6217976,66.18845419998979,288208,0.043945,-0.049072,1.075439,0.564886,2.694656,-0.793893,1.077455,2.865403,11592,20234,8641,11592,0,64.516,1,normal
1780604728.653421,66.2200773999939,288239,0.050781,-0.01416,1.050537,3.793893,3.328244,-0.534351,1.051859,5.075073,11594,20237,8642,11594,1,64.516,17,normal
1780604728.6853175,66.25197409999964,288271,0.069336,0.00293,1.033447,0.167939,2.618321,-0.763359,1.035775,2.732494,11597,20242,8644,11597,0,64.516,5,normal
1780604728.718412,66.28506859998743,288301,0.033691,-0.061523,1.063477,0.78626,2.70229,-0.801527,1.065787,2.926264,11598,20244,8645,11598,0,64.516,5,normal
1780604728.7452726,66.31192929999088,288331,0.045166,-0.000244,1.04126,3.175573,3.732824,-0.167939,1.042239,4.903717,11600,20247,8646,11600,1,64.516,17,normal
1780604728.7757988,66.34245529999316,288362,0.052002,0.026855,1.038818,0.312977,2.526718,-0.519084,1.040466,2.598404,11602,20250,8647,11602,0,64.516,5,normal
1780604728.807686,66.37434260000009,288394,0.034424,-0.059082,1.068115,1.076336,2.435115,-1.343511,1.070302,2.982165,11604,20254,8649,11604,0,64.516,0,normal
1780604728.8388479,66.40550449999864,288425,0.065674,-0.033691,1.049072,3.541985,3.259542,-0.320611,1.051666,4.824216,11608,20260,8651,11608,0,64.516,6,normal
1780604728.8706796,66.4373360999889,288456,0.036865,-0.023193,1.024658,-0.267176,2.59542,-0.992366,1.025583,2.791483,11610,20264,8653,11610,0,71.685,0,normal
1780604728.9015722,66.46822889999021,288487,0.039307,-0.029297,1.056885,1.900763,2.946565,-0.89313,1.058021,3.618401,11611,20266,8654,11611,0,71.685,5,normal
1780604728.930768,66.4974244999903,288518,0.039795,-0.031982,1.059082,2.778626,4.0,0.160305,1.060312,4.873034,11614,20270,8655,11614,0,71.685,6,normal
1780604728.962174,66.52883060000022,288548,0.03418,-0.023438,1.035156,-0.083969,2.442748,-1.320611,1.035986,2.778144,11615,20272,8656,11615,0,71.685,5,normal
1780604728.993835,66.56049160000111,288579,0.070312,-0.036377,1.057617,1.541985,3.022901,-0.603053,1.060576,3.446639,11617,20276,8658,11617,0,71.685,5,normal
1780604729.0244598,66.59111639999901,288610,0.05249,-0.034424,1.063721,2.839695,4.045802,-0.221374,1.065571,4.947866,11620,20280,8659,11620,0,71.685,5,normal
1780604729.0553045,66.62196119999862,288642,0.066162,-0.002441,1.039062,0.396947,3.175573,-1.19084,1.04117,3.414664,11621,20282,8660,11621,0,71.685,5,normal
1780604729.0878785,66.65453499999421,288673,0.049561,-0.044678,1.049316,2.427481,2.748092,0.083969,1.051436,3.667659,11623,20287,8663,11623,1,71.685,15,normal
1780604729.1184006,66.68505719999666,288705,0.026123,-0.017822,1.0625,1.519084,2.312977,-0.549618,1.06297,2.821269,11626,20292,8665,11626,0,71.685,5,normal
1780604729.1483135,66.71497019998787,288735,0.043945,0.028076,1.058594,-0.137405,3.312977,-0.793893,1.059877,3.40954,11628,20296,8667,11628,0,64.516,5,normal
1780604729.1804037,66.74706019999576,288766,0.025146,-0.072266,1.049316,2.29771,2.709924,-0.312977,1.052102,3.566667,11630,20301,8670,11630,1,64.516,14,normal
1780604729.2124338,66.77909050000017,288798,0.016113,-0.010986,1.059326,1.389313,2.648855,-0.618321,1.059506,3.054332,11636,20308,8671,11636,0,64.516,0,normal
1780604729.242674,66.80933069999446,288829,0.013428,-0.032227,1.064941,0.160305,2.099237,-0.717557,1.065514,2.224271,11637,20310,8672,11637,0,64.516,5,normal
1780604729.2735324,66.84018899999501,288860,0.055908,-0.075195,1.048584,2.946565,2.946565,-0.274809,1.052762,4.176124,11639,20315,8675,11639,1,64.516,3,normal
1780604729.3051255,66.8717820999882,288891,0.051025,-0.018555,1.063721,1.175572,3.015267,-0.236641,1.065105,3.244966,11641,20318,8676,11641,0,64.516,5,normal
1780604729.3357353,66.90239199998905,288922,0.038818,-0.044678,1.062012,0.40458,2.167939,-1.114504,1.06366,2.470984,11642,20320,8677,11642,0,64.516,6,normal
1780604729.3675556,66.93421229999512,288953,0.055664,-0.02002,1.044678,3.717557,2.633588,-0.251908,1.046351,4.562836,11644,20323,8678,11644,1,64.516,18,normal
1780604729.3975794,66.9642359999998,288984,0.046143,0.014648,1.053223,1.038168,2.633588,-0.030534,1.054335,2.830991,11648,20328,8679,11648,0,64.516,5,normal
1780604729.4298637,66.9965203999891,289015,0.024902,-0.052246,1.072266,0.763359,2.167939,-1.19084,1.073827,2.588585,11651,20332,8680,11651,0,82.143,5,normal
1780604729.4608514,67.02750799999922,289047,0.057617,-0.033936,1.051514,3.427481,3.419847,-0.229008,1.053638,4.847208,11655,20337,8681,11655,1,82.143,16,normal
1780604729.4924054,67.05906210000103,289078,0.02002,-0.014893,1.0354,-0.053435,2.381679,-1.526718,1.035701,2.829508,11659,20342,8682,11659,0,82.143,5,normal
1780604729.5233843,67.09004099998856,289109,0.02832,-0.038574,1.055664,1.717557,3.19084,-0.648855,1.056748,3.681368,11660,20344,8683,11660,0,82.143,5,normal
1780604729.555148,67.12180449999869,289140,0.037109,-0.0354,1.053223,3.206107,3.068702,-0.19084,1.054471,4.442125,11663,20348,8684,11663,0,82.143,5,normal
1780604729.5855627,67.15221939999901,289172,0.053955,0.013184,1.040527,0.519084,2.740458,-0.694656,1.042009,2.874388,11665,20352,8686,11665,0,82.143,5,normal
1780604729.618072,67.18472859999747,289204,0.036133,-0.061768,1.048096,2.717557,2.473282,-0.061069,1.050536,3.675047,11666,20355,8688,11666,1,82.143,18,normal
1780604729.6474383,67.21409480000148,289235,0.023193,-0.013916,1.052002,1.923664,2.328244,0.0,1.05235,3.020133,11668,20358,8689,11668,0,82.143,5,normal
1780604729.6795564,67.2462128999905,289265,0.061035,0.016113,1.046387,0.534351,2.70229,-0.923664,1.048289,2.90535,11669,20360,8690,11669,0,72.0,5,normal
1780604729.7143939,67.28105049999431,289295,0.046631,-0.02832,1.049316,2.419847,3.114504,-0.129771,1.050734,3.946218,11671,20364,8692,11671,0,72.0,0,normal
1780604729.7393124,67.30596889999288,289326,0.043457,-0.00415,1.051758,2.931298,2.748092,-0.328244,1.052663,4.031409,11675,20370,8694,11675,0,72.0,5,normal
1780604729.769688,67.33634449999954,289357,0.057129,0.008545,1.041504,-0.160305,2.687023,-1.358779,1.043104,3.015306,11677,20374,8696,11677,0,72.0,1,normal
1780604729.8003013,67.3669579999987,289387,0.048584,-0.025391,1.050293,2.519084,2.160305,-0.10687,1.051722,3.32026,11678,20376,8697,11678,0,72.0,5,normal
1780604729.831528,67.39818449999439,289418,0.055664,-0.009766,1.050781,3.053435,2.832061,-0.580153,1.0523,4.204832,11682,20382,8699,11682,0,72.0,5,normal
1780604729.8621933,67.42884989999584,289449,0.035645,0.016357,1.042969,0.328244,3.0,-1.335878,1.043706,3.300351,11683,20384,8700,11683,0,72.0,5,normal
1780604729.8936224,67.46027909999248,289480,0.051758,-0.030273,1.050049,2.885496,2.610687,-0.183206,1.051759,3.895554,11684,20388,8703,11684,0,72.0,4,normal
1780604729.9261978,67.49285439999949,289511,0.013184,-0.014648,1.052002,2.137405,2.244275,-0.519084,1.052186,3.142406,11687,20392,8704,11687,0,72.0,5,normal
1780604729.9571803,67.52383679999912,289542,0.064453,0.011475,1.061035,0.244275,3.129771,-0.854962,1.063053,3.253628,11688,20394,8705,11688,0,68.592,5,normal
1780604729.9891293,67.55578589999641,289575,0.056641,-0.064697,1.046631,2.923664,2.954198,-0.129771,1.050157,4.158358,11689,20397,8707,11689,1,68.592,19,normal
1780604730.0196075,67.58626409999852,289606,0.031494,-0.00708,1.057373,0.862595,2.755725,-0.167939,1.057866,2.892455,11692,20402,8709,11692,0,68.592,6,normal
1780604730.0515296,67.6181862999947,289637,0.029541,-0.042969,1.060547,0.465649,2.442748,-1.007634,1.061828,2.683127,11694,20406,8711,11694,0,68.592,5,normal
1780604730.0817456,67.64840209999238,289668,0.070312,-0.067383,1.043945,3.70229,3.312977,-0.328244,1.048478,4.979007,11696,20411,8714,11696,1,68.592,15,normal
1780604730.112744,67.67940079999971,289699,0.045654,-0.016113,1.055908,1.312977,2.557252,-0.007634,1.057017,2.874631,11704,20420,8715,11704,0,68.592,0,normal
1780604730.144008,67.71066459998838,289730,0.045166,-0.048584,1.061035,0.381679,2.40458,-0.969466,1.063107,2.620601,11705,20422,8716,11705,0,68.592,5,normal
1780604730.1746974,67.74135399999795,289761,0.048584,-0.004883,1.052246,3.679389,3.175573,-0.290076,1.053378,4.868912,11708,20427,8718,11708,1,68.592,3,normal
1780604730.205504,67.77216059999773,289792,0.056396,0.0,1.039551,0.259542,2.389313,-0.877863,1.041079,2.558676,11710,20430,8719,11710,0,88.0,5,normal
1780604730.237479,67.80413549998775,289823,0.022461,-0.051758,1.071289,0.763359,2.145038,-0.862595,1.072774,2.434744,11711,20432,8720,11711,0,88.0,5,normal
1780604730.2675982,67.83425479999278,289854,0.035156,-0.016602,1.055176,3.847328,3.290076,-0.236641,1.055892,5.067794,11713,20435,8721,11713,1,88.0,16,normal
1780604730.2979395,67.8645961000002,289885,0.060059,-0.006348,1.03125,-0.312977,2.267176,-1.061069,1.033017,2.522679,11715,20438,8722,11715,0,88.0,5,normal
1780604730.328866,67.89552269999695,289915,0.031494,-0.053711,1.066406,0.427481,2.396947,-1.114504,1.068222,2.677725,11719,20444,8724,11719,0,88.0,0,normal
1780604730.3610487,67.92770539999765,289946,0.031982,-0.018066,1.054688,3.625954,4.137404,-0.145038,1.055327,5.503335,11722,20448,8725,11722,0,88.0,5,normal
1780604730.3934379,67.96009449999838,289978,0.023193,-0.025635,1.04126,-0.389313,2.671756,-1.076336,1.041833,2.906603,11725,20452,8726,11725,0,88.0,5,normal
1780604730.4232695,67.98992599999474,290009,0.023682,-0.026123,1.059814,2.030534,2.78626,-0.564886,1.060401,3.493624,11726,20454,8727,11726,0,88.0,4,normal
1780604730.452609,68.01926570000069,290040,0.050049,-0.03418,1.051758,3.0,3.572519,-0.259542,1.053503,4.672286,11729,20458,8728,11729,0,88.0,5,normal
1780604730.4842873,68.05094380000082,290070,0.041504,-0.018066,1.030762,0.099237,2.778626,-1.030534,1.031755,2.965234,11731,20462,8730,11731,0,75.54,6,normal
1780604730.514716,68.08137249998981,290101,0.039795,-0.032959,1.055664,1.717557,2.656489,-0.687023,1.056928,3.237118,11732,20464,8731,11732,0,75.54,5,normal
1780604730.5457401,68.11239669998758,290132,0.037842,-0.045166,1.057617,3.045802,3.183206,-0.114504,1.059257,4.407133,11735,20468,8732,11735,0,75.54,5,normal
1780604730.576552,68.14320839999709,290163,0.025879,-0.013184,1.031494,-0.435114,2.496183,-1.114504,1.031903,2.768099,11736,20470,8733,11736,0,75.54,5,normal
1780604730.6073284,68.17398500000127,290194,0.048096,-0.030762,1.05957,2.450382,2.832061,-0.305344,1.061107,3.757416,11738,20474,8735,11738,0,75.54,1,normal
1780604730.6392357,68.20589230000041,290225,0.061523,-0.020264,1.054443,3.007634,2.351145,-0.435114,1.056431,3.842274,11742,20480,8737,11742,0,75.54,5,normal
1780604730.6709404,68.23759699999937,290256,0.046875,0.010254,1.045898,0.160305,2.503817,-1.274809,1.046998,2.814238,11744,20484,8739,11744,0,75.54,1,normal
1780604730.7061746,68.27283119999629,290287,0.053223,-0.038818,1.050049,2.625954,2.801527,-0.274809,1.052113,3.849637,11745,20486,8740,11745,1,75.54,3,normal
1780604730.7321184,68.29877499998838,290318,0.040527,-0.01416,1.051758,2.458015,2.633588,-0.465649,1.052634,3.632417,11748,20490,8741,11748,0,75.54,5,normal
1780604730.7626731,68.32932969999092,290349,0.052246,0.02832,1.06543,-0.076336,2.946565,-1.045802,1.067086,3.127582,11749,20492,8742,11749,0,64.516,5,normal
1780604730.7944665,68.36112299999513,290380,0.015381,-0.075195,1.034424,2.358779,2.458015,-0.229008,1.037267,3.414399,11750,20497,8746,11750,1,64.516,19,normal
1780604730.8266952,68.39335169999686,290412,0.013428,-0.018799,1.05249,1.160305,2.236641,-0.473282,1.052744,2.563761,11752,20500,8747,11752,0,64.516,5,normal
1780604730.8571048,68.42376130000048,290443,0.014893,-0.025635,1.064209,0.580153,2.603053,-0.900763,1.064622,2.814931,11753,20502,8748,11753,0,64.516,5,normal
1780604730.8875277,68.45418429998972,290474,0.059082,-0.072998,1.042236,2.40458,3.091603,-0.374046,1.046459,3.934454,11754,20505,8750,11754,1,64.516,18,normal
1780604730.919595,68.48625149999862,290505,0.058838,-0.019043,1.05127,1.160305,3.175573,-0.335878,1.053087,3.397556,11757,20510,8752,11757,0,64.516,5,normal
1780604730.9500673,68.51672390000022,290536,0.033691,-0.042236,1.063477,0.343511,2.557252,-0.824427,1.064848,2.70873,11760,20514,8753,11760,0,64.516,5,normal
1780604730.98168,68.5483363999956,290567,0.05957,-0.021729,1.045654,3.541985,2.961832,0.030534,1.047575,4.617254,11762,20519,8756,11762,1,64.516,14,normal
1780604731.0112476,68.57790429999295,290598,0.047119,0.010254,1.042725,1.48855,2.59542,0.045802,1.043839,2.992337,11764,20522,8757,11764,0,64.516,5,normal
1780604731.0417411,68.60839769999438,290628,0.046631,-0.033203,1.060303,0.030534,2.29771,-0.732824,1.061847,2.411936,11765,20524,8758,11765,0,57.348,5,normal
1780604731.0738974,68.64055389999703,290659,0.062256,-0.063965,1.043213,2.755725,3.160305,-0.534351,1.047024,4.226948,11767,20529,8761,11767,1,57.348,3,normal
1780604731.1042042,68.6708607999899,290690,0.06543,0.007568,1.051025,1.427481,3.21374,-0.167939,1.053087,3.520516,11769,20532,8762,11769,0,57.348,5,normal
1780604731.133055,68.69971159999841,290720,0.027344,-0.027832,1.0625,0.145038,2.656489,-0.992366,1.063216,2.8395,11770,20534,8763,11770,0,57.348,5,normal
1780604731.164798,68.73145469999872,290750,0.025879,-0.075195,1.031982,2.053435,3.137405,-0.167939,1.035042,3.753413,11771,20537,8765,11771,1,57.348,19,normal
1780604731.195195,68.76185159999295,290781,0.010498,-0.018555,1.05957,1.610687,2.122137,-0.290076,1.059785,2.679911,11773,20540,8766,11773,0,57.348,5,normal
1780604731.2257717,68.79242819998763,290812,0.047119,-0.019775,1.062988,0.114504,2.068702,-1.022901,1.064216,2.31062,11775,20544,8768,11775,0,57.348,5,normal
1780604731.2577722,68.82442869999795,290843,0.045166,-0.072266,1.052734,2.679389,3.053435,-0.503817,1.056178,4.093462,11776,20549,8772,11776,1,57.348,18,normal
1780604731.2878537,68.85451039999316,290874,0.049072,-0.011963,1.052246,1.389313,1.725191,-0.091603,1.053458,2.21695,11780,20554,8773,11780,0,57.348,5,normal
1780604731.3184652,68.88512189999165,290905,0.03125,-0.030762,1.060303,0.251908,2.061069,-1.076336,1.061209,2.338795,11782,20558,8775,11782,0,61.372,1,normal
1780604731.3504515,68.91710809999495,290936,0.056152,-0.015381,1.046875,3.557252,3.412214,-0.427481,1.048493,4.947726,11783,20561,8777,11783,1,61.372,18,normal
1780604731.381036,68.94769259999157,290968,0.047852,0.008301,1.03125,0.335878,2.839695,-1.030534,1.032393,3.03952,11786,20566,8779,11786,0,61.372,5,normal
1780604731.4107025,68.9773589999968,290997,0.031982,-0.041016,1.054443,0.068702,2.076336,-1.091603,1.055725,2.346804,11787,20568,8780,11787,0,61.372,5,normal
1780604731.4425085,69.00916509999661,291028,0.050537,-0.01001,1.040283,3.70229,3.709924,-0.244275,1.041558,5.246918,11788,20571,8782,11788,1,61.372,18,normal
1780604731.4739053,69.04056189999392,291059,0.040771,-0.010742,1.050049,1.381679,2.030534,-0.282443,1.050895,2.472222,11790,20574,8783,11790,0,61.372,5,normal
1780604731.5046024,69.07125909999013,291090,0.044434,-0.045166,1.065186,0.557252,2.641221,-1.145038,1.067068,2.932182,11791,20576,8784,11791,0,61.372,5,normal
1780604731.5365589,69.10321549999935,291122,0.057129,-0.022217,1.046631,3.389313,3.160305,-0.061069,1.048424,4.634512,11795,20583,8787,11795,1,61.372,3,normal
1780604731.5654645,69.13212119998934,291153,0.057861,0.00293,1.041504,0.007634,2.832061,-0.816794,1.043114,2.947504,11798,20588,8789,11798,0,61.372,0,normal
1780604731.597314,69.16397049999796,291183,0.040283,-0.051514,1.0625,0.412214,2.19084,-0.625954,1.06451,2.315495,11799,20590,8790,11799,0,61.151,5,normal
1780604731.6287916,69.19544809999934,291214,0.050293,-0.023682,1.058594,3.564885,3.068702,-0.450382,1.060052,4.725271,11801,20593,8791,11801,1,61.151,18,normal
1780604731.6584828,69.22513929998968,291245,0.056152,0.001465,1.03833,-0.038168,2.832061,-0.977099,1.039848,2.996123,11803,20596,8792,11803,0,61.151,5,normal
1780604731.6910393,69.25769589999982,291276,0.045166,-0.060791,1.071777,0.725191,2.183206,-1.007634,1.07445,2.511497,11806,20600,8793,11806,0,61.151,5,normal
1780604731.7218215,69.28847809998842,291307,0.043457,-0.019531,1.042236,3.419847,3.396947,-0.381679,1.043325,4.835316,11809,20604,8794,11809,0,61.151,5,normal
1780604731.7590926,69.32574919999752,291344,0.033936,-0.020264,1.030029,-0.236641,2.862595,-1.061069,1.030787,3.062077,11810,20606,8795,11810,0,61.151,5,normal
1780604731.788725,69.35538159999123,291375,0.053711,0.003418,1.050781,3.572519,3.442748,0.022901,1.052159,4.961444,11813,20611,8797,11813,1,61.151,15,normal
1780604731.8206275,69.38728399999673,291406,0.049072,0.026367,1.049072,0.29771,2.89313,-0.366412,1.05055,2.931397,11817,20616,8798,11817,0,61.151,5,normal
1780604731.8514314,69.4180878999905,291437,0.036377,-0.038086,1.077393,1.053435,2.244275,-1.08397,1.078679,2.705824,11820,20620,8799,11820,0,82.677,5,normal
1780604731.8834429,69.45009939999727,291469,0.049072,-0.036377,1.05957,3.450382,2.916031,-0.244275,1.06133,4.524162,11824,20626,8801,11824,0,82.677,5,normal
1780604731.9151113,69.48176799999783,291500,0.026123,-0.022705,1.04126,-0.320611,2.572519,-1.305344,1.041835,2.90251,11825,20628,8802,11825,0,82.677,5,normal
1780604731.9461572,69.51281369999924,291531,0.029297,-0.022949,1.055664,2.198473,2.618321,-0.167939,1.05632,3.423024,11826,20630,8803,11826,0,82.677,5,normal
1780604731.9765527,69.54320929999813,291562,0.031738,-0.019043,1.052246,2.938931,2.969466,-0.534351,1.052897,4.211956,11830,20636,8805,11830,0,82.677,5,normal
1780604732.0092175,69.57587409998814,291594,0.060059,0.013916,1.050781,-0.183206,3.618321,-0.816794,1.052588,3.713888,11831,20638,8806,11831,0,82.677,5,normal
1780604732.0398486,69.60650519999035,291625,0.033691,-0.060791,1.044434,2.51145,2.465649,-0.198473,1.046744,3.525081,11832,20641,8808,11832,1,82.677,18,normal
1780604732.0725627,69.63921929999196,291657,0.02832,-0.016357,1.048828,1.145038,2.618321,-0.19084,1.049338,2.864112,11836,20646,8809,11836,0,82.677,1,normal
1780604732.103856,69.67051260000153,291689,0.025635,-0.043457,1.049805,0.015267,2.374046,-0.801527,1.051016,2.505748,11837,20648,8810,11837,0,67.46,5,normal
1780604732.1339445,69.70060099998955,291720,0.051514,-0.00293,1.045654,3.854962,3.763359,-0.519084,1.046926,5.412306,11842,20655,8812,11842,1,67.46,3,normal
1780604732.165227,69.7318835999904,291751,0.046875,0.030762,1.043213,0.603053,2.900763,-0.458015,1.044718,2.997979,11844,20658,8813,11844,0,67.46,6,normal
1780604732.1964269,69.76308340000105,291782,0.02832,-0.047852,1.07251,0.366412,2.282443,-0.854962,1.07395,2.464703,11845,20660,8814,11845,0,67.46,6,normal
1780604732.2252066,69.7918631999928,291813,0.048096,-0.008789,1.040527,3.29771,3.923664,0.0,1.041675,5.12543,11847,20663,8815,11847,1,67.46,17,normal
1780604732.2557063,69.82236289999855,291842,0.043213,-0.006836,1.04248,1.259542,2.725191,0.099237,1.043398,3.003824,11849,20666,8816,11849,0,67.46,5,normal
1780604732.2861521,69.85280870000133,291872,0.044678,-0.0271,1.057373,0.435114,2.21374,-1.175572,1.058663,2.544001,11851,20670,8818,11851,0,67.46,5,normal
1780604732.3180532,69.88470979999693,291903,0.041992,-0.071533,1.034668,3.045802,3.076336,-0.656489,1.037988,4.378553,11852,20675,8822,11852,1,67.46,18,normal
1780604732.3483953,69.91505199999665,291934,0.032471,-0.006836,1.049561,1.526718,2.78626,-0.229008,1.050085,3.185366,11856,20680,8823,11856,0,67.46,5,normal
1780604732.380011,69.9466676999873,291965,0.012451,-0.044922,1.046875,0.076336,2.366412,-0.984733,1.047912,2.56426,11858,20684,8825,11858,0,76.087,0,normal
1780604732.410806,69.97746249999909,291996,0.057373,-0.030273,1.045166,3.839695,3.450382,-0.175573,1.047177,5.165192,11859,20687,8827,11859,1,76.087,18,normal
1780604732.4407966,70.00745330000063,292027,0.051758,0.009033,1.050537,0.938931,3.549618,-0.236641,1.05185,3.679318,11862,20692,8829,11862,0,76.087,5,normal
1780604732.4723141,70.03897059999872,292058,0.04248,-0.038818,1.064209,0.496183,2.320611,-1.137405,1.065764,2.631562,11863,20694,8830,11863,0,76.087,5,normal
1780604732.5032334,70.06989009999961,292089,0.051025,-0.014648,1.044922,3.351145,4.229008,-0.030534,1.04627,5.395888,11865,20697,8831,11865,1,76.087,17,normal
1780604732.5355754,70.10223199999018,292121,0.022949,-0.015137,1.038818,-0.030534,2.114504,-0.908397,1.039182,2.301574,11867,20700,8832,11867,0,76.087,5,normal
1780604732.5671341,70.13379079999868,292153,0.039795,-0.029053,1.069824,2.129771,2.618321,-0.175573,1.070958,3.379697,11869,20704,8834,11869,0,76.087,1,normal
1780604732.598315,70.16497159999562,292184,0.040283,-0.028564,1.053711,3.068702,2.129771,-0.419847,1.054868,3.758874,11873,20710,8836,11873,0,76.087,5,normal
1780604732.6290345,70.1956910000008,292216,0.038086,0.022705,1.048584,0.091603,3.412214,-1.038168,1.049521,3.567827,11875,20714,8838,11875,0,67.729,1,normal
1780604732.6626523,70.22930880000058,292247,0.031494,-0.076172,1.043945,2.51145,2.603053,-0.29771,1.047194,3.629311,11876,20717,8840,11876,1,67.729,19,normal
1780604732.693051,70.25970759999473,292279,0.04248,-0.010498,1.054199,1.748092,2.709924,-0.427481,1.055107,3.253037,11880,20722,8841,11880,0,67.729,5,normal
1780604732.7245567,70.29121319999103,292310,0.029053,-0.042725,1.050537,0.259542,2.40458,-0.656489,1.051807,2.506062,11881,20724,8842,11881,0,67.729,5,normal
1780604732.7553654,70.32202189999225,292341,0.047852,-0.042725,1.045654,2.984733,2.732824,-0.427481,1.04762,4.069361,11882,20729,8846,11882,1,67.729,18,normal
1780604732.7854679,70.35212450000108,292372,0.045166,0.001465,1.045898,1.312977,3.389313,-0.053435,1.046874,3.635135,11884,20732,8847,11884,0,67.729,5,normal
1780604732.8166366,70.38329309999244,292403,0.023438,-0.043945,1.061768,0.381679,1.992366,-1.19084,1.062935,2.352297,11885,20734,8848,11885,0,67.729,5,normal
1780604732.8480463,70.41470290000143,292434,0.076172,-0.0354,1.045654,3.549618,3.503817,-0.274809,1.049022,4.995202,11886,20737,8850,11886,1,67.729,17,normal
1780604732.877881,70.44453769999382,292465,0.067139,0.002686,1.040039,0.908397,3.603053,-0.427481,1.042207,3.74031,11889,20742,8852,11889,0,67.729,5,normal
1780604732.9091017,70.47575829998823,292495,0.023682,-0.050537,1.05835,0.259542,2.320611,-0.824427,1.05982,2.476343,11891,20746,8854,11891,0,57.348,5,normal
1780604732.9390028,70.50565929998993,292525,0.048828,-0.067627,1.049072,2.885496,3.236641,-0.450382,1.052383,4.359446,11893,20751,8857,11893,1,57.348,15,normal
1780604732.9711306,70.53778729999613,292557,0.039551,-0.005127,1.047363,1.496183,3.175573,-0.282443,1.048122,3.521732,11903,20762,8858,11903,0,57.348,0,normal
1780604733.0026019,70.56925849999243,292588,0.043701,-0.057861,1.068848,0.183206,2.282443,-0.931298,1.071304,2.471928,11904,20764,8859,11904,0,57.348,5,normal
1780604733.034582,70.60123839999142,292620,0.057129,-0.038086,1.056396,3.435115,4.061068,-0.206107,1.058625,5.323042,11907,20769,8861,11907,1,57.348,3,normal
1780604733.0662286,70.6328852000006,292651,0.038818,-0.02124,1.027588,-0.427481,2.80916,-1.015267,1.02854,3.017431,11909,20772,8862,11909,0,57.348,5,normal
1780604733.096414,70.66307070000039,292682,0.041748,-0.033447,1.062256,1.557252,2.916031,-0.778626,1.063602,3.396252,11910,20774,8863,11910,0,57.348,5,normal
1780604733.1284041,70.69506069998897,292713,0.048828,-0.030518,1.054443,3.152672,3.603053,-0.183206,1.056014,4.791127,11913,20778,8864,11913,0,57.348,5,normal
1780604733.1595092,70.72616569999082,292745,0.057129,0.018066,1.050049,0.10687,2.625954,-0.885496,1.051757,2.773294,11916,20782,8865,11916,0,100.0,5,normal
1780604733.190823,70.75747959999717,292776,0.037842,-0.027832,1.059326,2.610687,2.114504,-0.198473,1.060367,3.365443,11918,20788,8869,11918,0,100.0,0,normal
1780604733.2221527,70.7888091999921,292807,0.020508,-0.01416,1.056152,2.374046,1.847328,-0.51145,1.056446,3.051278,11921,20792,8870,11921,0,100.0,5,normal
1780604733.2525256,70.81918209999276,292838,0.045654,0.003174,1.061523,0.022901,3.175573,-1.068702,1.06251,3.350658,11924,20796,8871,11924,0,100.0,5,normal
1780604733.2826061,70.8492627999949,292869,0.039551,-0.032471,1.052734,2.328244,2.40458,-0.282443,1.053977,3.358943,11925,20799,8873,11925,1,100.0,18,normal
1780604733.3142886,70.88094519999868,292900,0.017334,-0.018555,1.054443,2.221374,1.801527,-0.694656,1.054749,2.943221,11927,20802,8874,11927,0,100.0,5,normal
1780604733.3451102,70.91176679999626,292931,0.047852,-0.01123,1.067871,-0.030534,2.969466,-1.229008,1.069002,3.213895,11929,20806,8876,11929,0,100.0,6,normal
1780604733.3771708,70.94382749999932,292962,0.053223,-0.075928,1.051025,2.671756,2.725191,-0.587786,1.055108,3.861404,11930,20809,8878,11930,1,100.0,18,normal
1780604733.4068391,70.97349569998914,292993,0.019775,-0.019287,1.053711,1.526718,2.916031,-0.480916,1.054073,3.326467,11932,20812,8879,11932,0,100.0,5,normal
1780604733.4386902,71.00534669999615,293024,0.038818,-0.033447,1.062012,0.259542,2.305344,-1.198473,1.063247,2.611189,11934,20816,8881,11934,0,64.516,0,normal
1780604733.4696422,71.03629869999713,293055,0.0354,-0.064941,1.041748,2.80916,2.732824,-0.320611,1.04437,3.932239,11936,20821,8884,11936,1,64.516,4,normal
1780604733.500806,71.06746279999788,293086,0.037354,-0.010498,1.046875,1.167939,3.099237,-0.167939,1.047594,3.316256,11939,20826,8886,11939,0,64.516,5,normal
1780604733.5307689,71.09742549998919,293117,0.031494,-0.044434,1.058106,0.068702,2.0,-0.839695,1.059506,2.170209,11941,20830,8888,11941,0,64.516,1,normal
1780604733.5616624,71.12831899999583,293147,0.048096,-0.068604,1.049072,2.51145,2.541985,-0.839695,1.052412,3.670716,11942,20833,8890,11942,1,64.516,18,normal
1780604733.5930607,71.15971729999,293178,0.041016,-0.013916,1.047607,1.198473,2.458015,-0.19084,1.048502,2.741276,11944,20836,8891,11944,0,64.516,5,normal
1780604733.6222465,71.188903199989,293209,0.013672,-0.037842,1.067383,0.328244,2.435115,-1.0,1.068141,2.652834,11945,20838,8892,11945,0,64.516,5,normal
1780604733.654123,71.220779700001,293239,0.045166,-0.088623,1.040527,2.450382,3.557252,-0.587786,1.045271,4.359347,11947,20845,8897,11947,1,64.516,3,normal
1780604733.6853874,71.25204399999348,293270,0.058105,-0.012695,1.048828,1.08397,2.396947,-0.40458,1.050513,2.661584,11952,20851,8898,11952,0,64.516,1,normal
1780604733.7163184,71.28297499999462,293302,0.033936,-0.055664,1.090332,-0.351145,1.519084,-1.076336,1.092279,1.894576,11953,20853,8899,11953,0,68.345,5,normal
1780604733.7471597,71.31381629999669,293333,0.06958,-0.029053,1.050537,4.290076,4.0,0.274809,1.05324,5.87199,11955,20858,8902,11955,1,68.345,14,normal
1780604733.776575,71.34323169999698,293363,0.049316,-0.024902,1.052978,1.259542,3.29771,-0.320611,1.054427,3.544592,11957,20861,8903,11957,0,68.345,5,normal
1780604733.8079484,71.37460489998921,293394,0.032471,-0.040039,1.05957,0.129771,2.183206,-0.770992,1.060824,2.318978,11959,20865,8905,11959,0,68.345,5,normal
1780604733.8388827,71.40553929998714,293425,0.05957,-0.018555,1.048096,3.977099,3.030534,-0.312977,1.049951,5.009931,11961,20870,8908,11961,1,68.345,15,normal
1780604733.8703423,71.43699889999698,293456,0.081787,0.017822,1.036621,1.312977,2.59542,-0.290076,1.039995,2.923056,11963,20873,8909,11963,0,68.345,5,normal
1780604733.900554,71.46721049999178,293486,0.022217,-0.039307,1.05542,0.160305,2.526718,-1.335878,1.056385,2.862616,11964,20875,8910,11964,0,68.345,5,normal
1780604733.9313762,71.49803279999469,293517,0.043701,-0.008789,1.043213,3.633588,3.396947,-0.389313,1.044165,4.989366,11966,20880,8913,11966,1,68.345,4,normal
1780604733.9629114,71.52956789999735,293548,0.067383,0.027588,1.040527,0.954198,3.328244,-0.541985,1.043072,3.50449,11969,20885,8915,11969,0,68.345,5,normal
1780604733.9942698,71.56092649999482,293580,0.038818,-0.059082,1.068359,0.694656,2.519084,-1.305344,1.070696,2.921002,11970,20887,8916,11970,0,61.151,5,normal
1780604734.025477,71.59213349998754,293611,0.052002,-0.02002,1.053711,3.564885,3.244275,-0.458015,1.055183,4.84185,11972,20890,8917,11972,1,61.151,16,normal
1780604734.0571148,71.62377139998716,293642,0.036865,-0.021973,1.04248,-0.396947,2.48855,-1.10687,1.043363,2.752382,11976,20895,8918,11976,0,61.151,5,normal
1780604734.088107,71.65476379999018,293674,0.042725,-0.03418,1.057129,2.160305,2.816794,-0.335878,1.058544,3.565678,11978,20899,8920,11978,0,61.151,1,normal
1780604734.1208837,71.68754039998748,293705,0.056152,-0.026611,1.060059,2.977099,2.89313,-0.167939,1.061878,4.154699,11981,20903,8921,11981,0,61.151,6,normal
1780604734.1512198,71.7178763999982,293737,0.05127,-0.008789,1.059082,0.236641,2.748092,-1.175572,1.060359,2.998329,11984,20907,8922,11984,0,61.151,5,normal
1780604734.1833189,71.7499753999873,293768,0.051514,-0.042725,1.058594,2.320611,2.664122,-0.076336,1.060707,3.533922,11985,20910,8924,11985,1,61.151,18,normal
1780604734.212792,71.77944839998963,293799,0.031738,-0.002686,1.062012,1.793893,1.961832,-0.381679,1.062489,2.685613,11987,20913,8925,11987,0,61.151,5,normal
1780604734.243441,71.81009780000022,293830,0.06543,-0.003662,1.058106,0.40458,2.526718,-1.061069,1.060133,2.770172,11989,20917,8927,11989,0,76.0,6,normal
1780604734.2747993,71.84145589999389,293860,0.029297,-0.050293,1.05127,2.183206,2.282443,0.381679,1.05288,3.181448,11990,20922,8931,11990,1,76.0,18,normal
1780604734.3046935,71.87135000000126,293891,0.03125,-0.010498,1.052002,1.89313,2.854962,-0.564886,1.052518,3.471864,11992,20925,8932,11992,0,76.0,5,normal
1780604734.334312,71.900968499991,293921,0.022217,0.011475,1.043213,0.038168,2.984733,-0.931298,1.043512,3.126884,11994,20929,8934,11994,0,76.0,0,normal
1780604734.3675325,71.93418919999385,293952,0.030273,-0.045166,1.055664,2.114504,2.671756,0.389313,1.057063,3.429427,11995,20932,8936,11995,1,76.0,18,normal
1780604734.3982756,71.96493229999032,293983,0.017578,-0.013916,1.053223,1.801527,2.458015,-0.282443,1.053461,3.060574,11998,20937,8938,11998,0,76.0,5,normal
1780604734.4287367,71.99539329999243,294014,0.063477,0.020752,1.05835,-0.152672,2.923664,-0.908397,1.060454,3.065339,11999,20939,8939,11999,0,76.0,5,normal
1780604734.4604228,72.02707929999451,294045,0.033447,-0.087402,1.042236,2.229008,2.977099,-0.274809,1.046429,3.729224,12000,20942,8941,12000,1,76.0,18,normal
1780604734.4924037,72.05906039998808,294077,0.023926,-0.013672,1.043457,1.534351,2.381679,0.068702,1.043821,2.833963,12002,20945,8942,12002,0,76.0,5,normal
1780604734.5240116,72.0906682999921,294109,0.028809,-0.052979,1.061035,0.580153,2.496183,-1.183206,1.062748,2.822673,12003,20947,8943,12003,0,50.179,5,normal
1780604734.5532336,72.11989019998873,294140,0.039307,-0.004883,1.046387,3.961832,3.480916,-0.175573,1.047136,5.276714,12008,20954,8945,12008,1,50.179,3,normal
1780604734.5855117,72.1521681999875,294171,0.068604,0.015869,1.043457,0.564886,2.80916,-0.419847,1.04583,2.895988,12011,20959,8947,12011,0,50.179,0,normal
1780604734.6169982,72.18365489999996,294202,0.036133,-0.061279,1.071777,1.435114,2.396947,-0.961832,1.074136,2.954662,12012,20961,8948,12012,0,50.179,5,normal
1780604734.6487296,72.21538619999774,294234,0.052246,-0.032715,1.050049,3.206107,4.290076,-0.40458,1.051857,5.370992,12016,20967,8950,12016,0,50.179,6,normal
1780604734.6801522,72.24680879998778,294265,0.030273,-0.015381,1.028076,-0.465649,2.198473,-1.343511,1.028637,2.618232,12017,20969,8951,12017,0,50.179,5,normal
1780604734.7089257,72.27558239999053,294296,0.049072,-0.03125,1.047607,1.740458,3.076336,-0.282443,1.049222,3.545816,12018,20973,8954,12018,0,50.179,4,normal
1780604734.7399127,72.30656929999532,294326,0.03833,-0.018799,1.053467,3.725191,3.954198,-0.160305,1.054331,5.434927,12021,20977,8955,12021,0,50.179,6,normal
1780604734.7717805,72.33843699999852,294357,0.025879,-0.023438,1.037598,-0.29771,2.633588,-1.343511,1.038185,2.971437,12022,20979,8956,12022,0,50.179,5,normal
1780604734.8027945,72.36945099999139,294388,0.040771,-0.022461,1.064453,1.526718,3.129771,-0.580153,1.06547,3.530285,12023,20981,8957,12023,0,71.685,5,normal
1780604734.8341174,72.40077409999503,294419,0.057617,-0.042236,1.049072,3.267176,2.984733,-0.412214,1.051502,4.444433,12027,20987,8959,12027,0,71.685,5,normal
1780604734.8642106,72.43086709998897,294450,0.046143,-0.02832,1.030273,-0.015267,2.045802,-1.358779,1.031695,2.455976,12029,20991,8961,12029,0,71.685,5,normal
1780604734.8955116,72.46216830000049,294481,0.053955,-0.032471,1.054199,2.541985,2.717557,-0.152672,1.056078,3.72426,12031,20995,8963,12031,0,71.685,0,normal
1780604734.9268005,72.49345699998958,294512,0.043701,-0.016357,1.051758,2.603053,2.916031,-0.259542,1.052792,3.917459,12034,20999,8964,12034,0,71.685,5,normal
1780604734.9575567,72.52421340000001,294543,0.038574,0.019043,1.046875,0.129771,2.801527,-1.244275,1.047758,3.068161,12037,21003,8965,12037,0,71.685,5,normal
1780604734.9891763,72.55583289999049,294575,0.020752,-0.053223,1.052978,2.290076,2.473282,-0.068702,1.054527,3.371394,12039,21008,8968,12039,1,71.685,3,normal
1780604735.021099,72.58775559999049,294606,0.043457,-0.022461,1.052978,1.946565,1.885496,-0.396947,1.054114,2.738937,12041,21011,8969,12041,0,71.685,5,normal
1780604735.0527852,72.61944169999333,294638,0.030518,-0.03418,1.063965,0.305344,2.328244,-1.129771,1.064951,2.605828,12042,21013,8970,12042,0,76.0,5,normal
1780604735.0883186,72.65497519999917,294669,0.05249,-0.059326,1.036865,3.557252,3.068702,-0.51145,1.039887,4.725733,12043,21016,8972,12043,1,76.0,18,normal
1780604735.1142447,72.68090129998745,294700,0.071289,0.021729,1.036133,1.007634,3.251908,-0.51145,1.03881,3.442646,12045,21019,8973,12045,0,76.0,5,normal
1780604735.1466277,72.71328419999918,294732,0.041016,-0.061768,1.067383,0.778626,2.51145,-0.992366,1.069955,2.810415,12049,21025,8975,12049,0,76.0,0,normal
1780604735.17968,72.74633660000109,294764,0.04248,-0.033447,1.051025,3.160305,3.152672,-0.022901,1.052415,4.464011,12052,21029,8976,12052,0,76.0,5,normal
1780604735.2096474,72.77630389999831,294795,0.047119,-0.025391,1.038818,-0.473282,3.10687,-0.885496,1.040196,3.265079,12055,21033,8977,12055,0,76.0,5,normal
1780604735.2401276,72.8067841999873,294826,0.035156,-0.030029,1.054932,1.877863,2.885496,-0.198473,1.055944,3.448456,12057,21037,8979,12057,0,76.0,0,normal
1780604735.2712195,72.8378759999905,294857,0.057861,-0.025879,1.060059,2.770992,3.48855,-0.175573,1.061952,4.45861,12060,21041,8980,12060,0,76.0,6,normal
1780604735.30247,72.86912649999431,294888,0.049316,0.00293,1.047119,0.183206,2.755725,-0.870229,1.048284,2.895666,12062,21045,8982,12062,0,80.0,5,normal
1780604735.3463378,72.91299430000072,294919,0.036865,-0.032227,1.052002,2.740458,2.396947,-0.175573,1.053141,3.645036,12063,21047,8983,12063,0,80.0,4,normal
1780604735.364432,72.93108869998832,294950,0.05542,-0.019531,1.057129,2.641221,3.007634,-0.374046,1.058761,4.020176,12066,21051,8984,12066,0,80.0,5,normal
1780604735.3946524,72.9613088999904,294981,0.066162,0.00708,1.043213,0.091603,3.007634,-0.961832,1.045333,3.159014,12068,21055,8986,12068,0,80.0,0,normal
1780604735.426771,72.99342749999778,295012,0.043457,-0.063232,1.05542,2.358779,2.664122,-0.114504,1.058205,3.560126,12070,21060,8989,12070,1,80.0,4,normal
1780604735.4558475,73.0225039999932,295043,0.0354,-0.018799,1.05957,2.183206,2.793893,-0.312977,1.060328,3.55952,12073,21065,8991,12073,0,80.0,5,normal
1780604735.4871364,73.05379299999913,295073,0.03833,0.022705,1.048096,-0.10687,3.40458,-0.946565,1.049042,3.535332,12075,21069,8993,12075,0,80.0,0,normal
1780604735.5180871,73.08474369999021,295103,0.053711,-0.031982,1.051025,2.748092,3.030534,0.19084,1.052883,4.095432,12076,21071,8994,12076,0,80.0,4,normal
1780604735.5491147,73.11577129999932,295134,0.045166,-0.022217,1.056641,2.877863,2.839695,-0.175573,1.057839,4.046824,12079,21075,8995,12079,0,80.0,5,normal
1780604735.5805643,73.14722079999046,295165,0.04126,0.023193,1.04834,0.091603,3.038168,-1.022901,1.049408,3.207052,12080,21077,8996,12080,0,64.982,5,normal
1780604735.6113877,73.17804429998796,295196,0.04126,-0.031006,1.051025,2.534351,2.206107,-0.061069,1.052292,3.360591,12082,21084,9001,12082,1,64.982,4,normal
1780604735.6428432,73.20949989999644,295228,0.046631,-0.019287,1.054443,1.396947,2.122137,-0.587786,1.05565,2.607761,12084,21087,9002,12084,0,64.982,5,normal
1780604735.6739879,73.24064439999347,295260,0.037598,-0.051514,1.064453,0.083969,2.251908,-0.748092,1.066362,2.374402,12085,21089,9003,12085,0,64.982,5,normal
1780604735.705289,73.27194539998891,295291,0.045654,-0.032227,1.051514,3.778626,2.770992,-0.396947,1.052998,4.70255,12087,21094,9006,12087,1,64.982,14,normal
1780604735.735838,73.30249449999246,295322,0.035889,0.003174,1.043945,1.267176,2.389313,-0.351145,1.044567,2.727243,12089,21097,9007,12089,0,64.982,5,normal
1780604735.768648,73.33530459999747,295353,0.055908,-0.052979,1.063721,0.396947,2.076336,-0.908397,1.066506,2.300852,12092,21101,9008,12092,0,64.982,5,normal
1780604735.7986593,73.3653159999958,295384,0.038574,0.000244,1.044434,3.816794,4.007634,-0.358779,1.045146,5.545968,12095,21106,9010,12095,1,64.982,14,normal
1780604735.8304515,73.39710809999087,295415,0.045898,0.016113,1.035156,-0.099237,3.053435,-0.870229,1.036299,3.176572,12097,21109,9011,12097,0,68.0,5,normal
1780604735.861313,73.42796960000123,295447,0.025635,-0.037598,1.063721,1.503817,2.70229,-0.633588,1.064694,3.156782,12098,21111,9012,12098,0,68.0,5,normal
1780604735.8915174,73.45817399999942,295477,0.056152,-0.004395,1.048096,3.381679,3.847328,-0.076336,1.049608,5.122843,12101,21116,9014,12101,1,68.0,3,normal
1780604735.9205418,73.48719829999027,295507,0.054688,0.014648,1.037598,0.641221,2.580153,-0.618321,1.039141,2.729592,12104,21121,9016,12104,0,68.0,5,normal
1780604735.95186,73.51851650000026,295538,0.033936,-0.0625,1.055664,0.366412,2.625954,-0.946565,1.058057,2.815294,12106,21125,9018,12106,0,68.0,0,normal
1780604735.982336,73.54899260000093,295568,0.047607,-0.005615,1.038574,3.946565,3.007634,-0.541985,1.03968,4.991491,12108,21128,9019,12108,1,68.0,17,normal
1780604736.0126286,73.57928510000056,295598,0.045166,-0.014648,1.052734,1.580153,2.725191,-0.129771,1.053805,3.152838,12112,21133,9020,12112,0,68.0,5,normal
1780604736.0434935,73.61014999999315,295629,0.025146,-0.050781,1.072022,0.48855,1.946565,-0.839695,1.073518,2.175519,12113,21135,9021,12113,0,68.0,5,normal
1780604736.0740268,73.64068329999282,295660,0.062012,-0.007813,1.045166,3.732824,3.557252,-0.480916,1.047033,5.178735,12116,21140,9023,12116,1,68.0,17,normal
1780604736.1047854,73.67144209999242,295690,0.030029,-0.012207,1.05127,0.847328,2.854962,-0.29771,1.051769,2.992892,12118,21143,9024,12118,0,76.364,5,normal
1780604736.1361122,73.70276879999437,295721,0.019043,-0.044189,1.057861,0.244275,2.083969,-0.847328,1.058955,2.262866,12119,21145,9025,12119,0,76.364,5,normal
1780604736.1656537,73.73231019999366,295752,0.037598,-0.002686,1.039795,3.70229,3.007634,-0.351145,1.040478,4.782898,12120,21148,9027,12120,1,76.364,18,normal
1780604736.1960533,73.76270989999466,295782,0.044434,-0.003662,1.049316,1.541985,2.351145,-0.458015,1.050263,2.84875,12123,21153,9029,12123,0,76.364,5,normal
1780604736.2274823,73.79413879998901,295812,0.049561,-0.01416,1.066162,0.038168,2.290076,-1.129771,1.067407,2.553877,12125,21157,9031,12125,0,76.364,5,normal
1780604736.2576928,73.82434939999075,295844,0.039795,-0.053223,1.031738,3.59542,3.0,-0.496183,1.033876,4.708847,12127,21162,9034,12127,1,76.364,14,normal
1780604736.288764,73.85542059999716,295874,0.052246,-0.017334,1.049072,1.29771,2.519084,-0.175573,1.050515,2.83913,12131,21167,9035,12131,0,76.364,0,normal
1780604736.3201008,73.88675739998871,295905,0.036133,-0.040527,1.071533,0.40458,2.580153,-0.641221,1.072908,2.689245,12132,21169,9036,12132,0,76.364,5,normal
1780604736.3511546,73.91781109999283,295937,0.055908,0.003174,1.047607,3.847328,3.167939,-0.19084,1.049103,4.987404,12135,21174,9038,12135,1,76.364,3,normal
1780604736.3823128,73.94896939999308,295968,0.056152,-0.001953,1.031494,0.29771,2.694656,-0.847328,1.033023,2.840382,12137,21177,9039,12137,0,68.345,5,normal
1780604736.41408,73.98073659998772,295999,0.05835,-0.056152,1.06958,0.969466,2.580153,-0.870229,1.072641,2.89039,12138,21179,9040,12138,0,68.345,5,normal
1780604736.4469378,74.01359439999214,296031,0.062012,-0.038086,1.053467,2.763359,3.839695,-0.015267,1.055977,4.730712,12141,21183,9041,12141,0,68.345,5,normal
1780604736.4781525,74.0448092000006,296063,0.044678,0.009766,1.039307,0.061069,3.244275,-0.625954,1.040312,3.304674,12142,21185,9042,12142,0,68.345,5,normal
1780604736.5085428,74.07519930000126,296094,0.064697,-0.030273,1.058106,2.870229,2.435115,-0.038168,1.060514,3.764234,12144,21191,9046,12144,0,68.345,0,normal
1780604736.5407066,74.10736319998978,296125,0.040771,-0.012451,1.063477,2.076336,2.244275,-0.709924,1.064331,3.138779,12147,21195,9047,12147,0,68.345,5,normal
1780604736.5697107,74.13636739998765,296156,0.069092,0.01123,1.052734,0.221374,3.458015,-1.038168,1.055059,3.617274,12150,21199,9048,12150,0,68.345,5,normal
1780604736.6003542,74.16701089999697,296187,0.034912,-0.052246,1.051514,2.40458,2.694656,0.312977,1.053389,3.62507,12152,21204,9051,12152,1,68.345,15,normal
1780604736.6311774,74.19783409999218,296217,0.056641,-0.018311,1.05957,2.908397,2.580153,-0.183206,1.061241,3.892239,12154,21207,9052,12154,0,68.345,5,normal
1780604736.6792076,74.24586409999756,296248,0.049316,0.013428,1.03833,0.030534,3.099237,-1.045802,1.039587,3.27107,12156,21211,9054,12156,0,67.857,5,normal
1780604736.6935573,74.26021389999369,296279,0.04834,-0.055908,1.047363,2.526718,2.48855,0.206107,1.049968,3.552416,12157,21214,9056,12157,1,67.857,18,normal
1780604736.7256198,74.2922763999959,296311,0.04248,-0.020264,1.057129,1.076336,2.396947,-0.251908,1.058176,2.639566,12159,21217,9057,12159,0,67.857,5,normal
1780604736.7569978,74.32365449999634,296342,0.055664,-0.028809,1.060303,-0.076336,3.343511,-0.801527,1.062154,3.43909,12160,21219,9058,12160,0,67.857,5,normal
1780604736.7887237,74.35538039999665,296373,0.02417,-0.069092,1.047607,2.557252,2.351145,-0.679389,1.050162,3.539631,12162,21224,9061,12162,1,67.857,4,normal
1780604736.8187222,74.38537889999861,296404,0.037598,-0.013184,1.049561,1.175572,2.129771,-0.229008,1.050316,2.443428,12165,21229,9063,12165,0,67.857,5,normal
1780604736.849482,74.41613869999128,296435,0.007568,-0.033447,1.061523,-0.015267,2.465649,-0.885496,1.062077,2.619878,12167,21233,9065,12167,0,67.857,1,normal
1780604736.8807065,74.44736320000084,296466,0.055664,-0.052979,1.034668,3.931298,3.236641,-0.122137,1.037518,5.093708,12168,21236,9067,12168,1,67.857,18,normal
1780604736.9121451,74.47880169999553,296498,0.04541,0.02832,1.037354,0.198473,3.21374,-0.832061,1.038733,3.325634,12170,21239,9068,12170,0,56.0,5,normal
1780604736.9439776,74.51063409999188,296530,0.042236,-0.053223,1.067139,1.343511,2.480916,-0.679389,1.069299,2.901988,12172,21243,9070,12172,0,56.0,0,normal
1780604736.9765635,74.54321999999229,296561,0.049561,-0.021729,1.061523,2.954198,3.312977,-0.656489,1.062902,4.487102,12175,21247,9071,12175,0,56.0,5,normal
1780604737.0067828,74.57343939998827,296593,0.058594,0.00415,1.036377,0.366412,2.977099,-1.221374,1.03804,3.238693,12176,21249,9072,12176,0,56.0,5,normal
1780604737.0385287,74.6051851999946,296623,0.036133,-0.030762,1.05957,1.961832,3.061069,-0.099237,1.060632,3.637138,12177,21251,9073,12177,0,56.0,4,normal
1780604737.0688188,74.63547549999203,296654,0.042236,-0.02124,1.050293,2.931298,2.694656,-0.19084,1.051356,3.986239,12182,21257,9074,12182,0,56.0,6,normal
1780604737.0992446,74.66590129998804,296685,0.044922,0.014893,1.046875,0.061069,2.740458,-0.870229,1.047944,2.875959,12184,21261,9076,12184,0,56.0,5,normal
1780604737.1311605,74.69781719999446,296716,0.055664,-0.028809,1.056885,2.679389,2.839695,-0.21374,1.058742,3.910074,12185,21265,9079,12185,0,56.0,3,normal
1780604737.1621857,74.72884229999909,296747,0.054932,-0.02417,1.048096,2.305344,3.015267,-0.549618,1.049812,3.83517,12190,21271,9080,12190,0,56.0,5,normal
1780604737.1921568,74.75881329999538,296778,0.034424,0.016846,1.033691,0.351145,3.10687,-1.167939,1.034402,3.337668,12191,21273,9081,12191,0,75.0,5,normal
1780604737.2230935,74.7897501999978,296809,0.036621,-0.064941,1.045166,2.358779,2.465649,-0.129771,1.047822,3.414689,12192,21276,9083,12192,1,75.0,17,normal
1780604737.252533,74.8191894999909,296840,0.008301,-0.014648,1.05249,1.748092,2.59542,-0.236641,1.052625,3.138157,12195,21281,9085,12195,0,75.0,5,normal
1780604737.2838042,74.85046079999302,296870,0.055176,0.020996,1.049561,0.458015,2.748092,-1.198473,1.051219,3.032841,12198,21285,9086,12198,0,75.0,6,normal
1780604737.3149815,74.88163799999165,296901,0.04541,-0.067627,1.046143,2.610687,2.29771,-0.129771,1.049309,3.48023,12199,21288,9088,12199,1,75.0,18,normal
1780604737.3533285,74.91998510000121,296938,0.015137,-0.015137,1.05249,1.961832,2.534351,-0.152672,1.052708,3.208587,12203,21293,9089,12203,0,75.0,0,normal
1780604737.3834581,74.95011469999736,296969,0.052734,-0.02832,1.05249,2.503817,2.572519,-0.10687,1.054191,3.591431,12204,21295,9090,12204,0,75.0,5,normal
1780604737.4153879,74.98204439999245,297000,0.04126,-0.025391,1.050293,2.801527,2.320611,-0.038168,1.05141,3.638028,12208,21301,9092,12208,0,75.0,5,normal
1780604737.4463794,75.01303589998861,297031,0.040771,0.01416,1.036377,0.51145,3.045802,-0.793893,1.037275,3.188849,12210,21305,9094,12210,0,75.099,1,normal
1780604737.4777203,75.04437679999683,297062,0.026123,-0.0354,1.047607,2.419847,2.633588,-0.137405,1.048531,3.579152,12211,21308,9096,12211,1,75.099,18,normal
1780604737.5091803,75.07583679999516,297094,0.019287,-0.015137,1.057617,1.480916,2.519084,-0.236641,1.057901,2.931705,12213,21311,9097,12213,0,75.099,5,normal
1780604737.5397809,75.10643749999872,297125,0.025635,-0.02832,1.062256,0.076336,3.21374,-1.045802,1.062942,3.380482,12214,21313,9098,12214,0,75.099,5,normal
1780604737.571161,75.13781759999983,297157,0.052979,-0.06665,1.043213,3.259542,3.122137,-0.137405,1.046681,4.515666,12216,21320,9103,12216,1,75.099,4,normal
1780604737.6023047,75.16896139999153,297188,0.049561,0.022705,1.042236,1.282443,2.572519,-0.137405,1.043661,2.877741,12219,21325,9105,12219,0,75.099,1,normal
1780604737.634287,75.20094359999348,297219,0.026123,-0.047363,1.063965,0.320611,2.343511,-0.717557,1.065339,2.471786,12220,21327,9106,12220,0,75.099,5,normal
1780604737.6654787,75.2321351999999,297251,0.029297,-0.011963,1.052978,3.519084,3.328244,-0.381679,1.053454,4.858688,12223,21332,9108,12223,1,75.099,14,normal
1780604737.6978085,75.26446510000096,297282,0.047607,-0.004395,1.033691,0.335878,2.320611,-0.847328,1.034796,2.493193,12225,21335,9109,12225,0,59.761,5,normal
1780604737.7282462,75.29490269999951,297313,0.034424,-0.023193,1.061768,1.923664,2.793893,-0.450382,1.062579,3.421866,12228,21339,9110,12228,0,59.761,5,normal
1780604737.7611647,75.32782120000047,297345,0.053711,-0.027832,1.05249,2.687023,2.503817,-0.580153,1.054227,3.718302,12231,21343,9111,12231,0,59.761,6,normal
1780604737.7920232,75.35867979998875,297377,0.066406,0.022949,1.053955,-0.236641,3.305344,-0.862595,1.056294,3.424232,12232,21345,9112,12232,0,59.761,5,normal
1780604737.8223555,75.38901220000116,297408,0.039795,-0.068604,1.058838,2.458015,2.40458,-0.236641,1.061804,3.446715,12233,21348,9114,12233,1,59.761,18,normal
1780604737.8536036,75.42026009999972,297439,0.032959,-0.012939,1.065674,1.770992,2.366412,-0.290076,1.066262,2.969927,12236,21353,9116,12236,0,59.761,5,normal
1780604737.8847208,75.4513772999926,297470,0.044922,-0.011963,1.060059,0.129771,2.984733,-0.969466,1.061077,3.140913,12238,21357,9118,12238,0,59.761,5,normal
1780604737.9162202,75.48287680000067,297501,0.033691,-0.073486,1.038086,2.740458,2.862595,-0.320611,1.041229,3.975846,12240,21362,9121,12240,1,59.761,14,normal
1780604737.9472532,75.51390989999345,297532,0.028076,-0.021729,1.053467,1.648855,2.198473,-0.480916,1.054065,2.789854,12245,21368,9122,12245,0,80.0,1,normal
1780604737.9775002,75.54415689999587,297563,0.005859,-0.039307,1.060791,0.183206,2.938931,-1.061069,1.061535,3.129976,12246,21370,9123,12246,0,80.0,5,normal
1780604738.008331,75.57498759998998,297594,0.055664,-0.055176,1.043701,2.984733,2.984733,-0.229008,1.04664,4.227257,12248,21375,9126,12248,1,80.0,3,normal
1780604738.038882,75.60553869999421,297625,0.048584,-0.011475,1.061523,1.0,1.954198,-0.038168,1.062697,2.195529,12250,21378,9127,12250,0,80.0,5,normal
1780604738.0681517,75.63480829999025,297655,0.031738,-0.021973,1.051025,0.160305,2.732824,-1.0,1.051734,2.914451,12251,21380,9128,12251,0,80.0,5,normal
1780604738.099879,75.66653569998743,297685,0.056641,-0.083984,1.043701,2.48855,2.763359,-0.419847,1.048606,3.742366,12252,21383,9130,12252,1,80.0,19,normal
1780604738.1311164,75.69777289999183,297716,0.03833,-0.020508,1.052978,1.374046,2.251908,-0.19084,1.053875,2.644903,12256,21388,9131,12256,0,80.0,5,normal
1780604738.1632218,75.72987840000133,297747,0.045898,-0.031006,1.072266,0.374046,2.229008,-0.977099,1.073695,2.462338,12258,21392,9133,12258,0,80.0,5,normal
1780604738.1920002,75.75865669999621,297778,0.043457,-0.068848,1.038086,2.366412,3.656489,-0.244275,1.041274,4.36228,12259,21397,9137,12259,1,80.0,18,normal
1780604738.2225266,75.78918319998775,297808,0.032715,-0.013672,1.054688,1.496183,2.618321,-0.541985,1.055283,3.06397,12263,21402,9138,12263,0,65.217,6,normal
1780604738.2542157,75.82087239999964,297839,0.055908,-0.033936,1.063232,0.603053,2.435115,-0.778626,1.065242,2.626731,12264,21404,9139,12264,0,65.217,5,normal
1780604738.2843642,75.85102089999418,297870,0.063965,-0.069824,1.044678,2.717557,3.198473,-0.396947,1.048961,4.215794,12265,21407,9141,12265,1,65.217,18,normal
1780604738.316678,75.88333469998906,297901,0.032227,-0.012939,1.063477,1.450382,2.328244,0.137405,1.064043,2.74649,12268,21412,9143,12268,0,65.217,6,normal
1780604738.3469448,75.91360129999521,297932,0.018066,-0.05542,1.06665,0.572519,2.557252,-0.992366,1.068242,2.802161,12271,21416,9144,12271,0,65.217,5,normal
1780604738.376887,75.94354359999124,297963,0.043457,-0.011475,1.049561,3.29771,3.374046,-0.519084,1.050522,4.746422,12273,21421,9147,12273,1,65.217,14,normal
1780604738.407728,75.97438459999103,297993,0.053223,-0.014648,1.058838,1.641221,2.022901,-0.160305,1.060276,2.609872,12277,21426,9148,12277,0,65.217,1,normal
1780604738.4406352,76.00729169999249,298025,0.03418,-0.053711,1.058838,0.419847,2.549618,-0.709924,1.06075,2.679705,12278,21428,9149,12278,0,65.217,5,normal
1780604738.4705923,76.03724890000012,298056,0.032715,-0.015625,1.056641,3.671756,3.038168,-0.51145,1.057262,4.793103,12281,21433,9151,12281,1,65.217,4,normal
1780604738.501808,76.06846439999936,298087,0.065186,-0.006592,1.038086,-0.19084,2.519084,-0.526718,1.040152,2.580627,12283,21436,9152,12283,0,71.685,5,normal
1780604738.533326,76.09998239998822,298118,0.052979,-0.053955,1.07373,1.038168,2.305344,-0.832061,1.07639,2.661715,12284,21438,9153,12284,0,71.685,5,normal
1780604738.5631342,76.12979089999862,298149,0.03125,-0.02124,1.048584,3.458015,2.931298,-0.183206,1.049264,4.536953,12287,21442,9154,12287,0,71.685,5,normal
1780604738.5954862,76.16214279999258,298180,0.026611,-0.018066,1.038818,-0.251908,2.633588,-1.229008,1.039316,2.91714,12288,21444,9155,12288,0,71.685,5,normal
1780604738.62545,76.1921064999915,298211,0.036377,-0.015137,1.05835,1.763359,2.961832,-0.328244,1.059083,3.462604,12291,21450,9158,12291,0,71.685,1,normal
1780604738.6712756,76.23793219999061,298243,0.053711,-0.018799,1.054932,2.351145,3.503817,-0.259542,1.056465,4.227526,12294,21454,9159,12294,0,71.685,5,normal
1780604738.6886375,76.2552941999893,298274,0.039551,0.012451,1.035156,0.396947,3.328244,-0.763359,1.035986,3.437658,12297,21458,9160,12297,0,71.685,5,normal
1780604738.7200422,76.28669879998779,298305,0.04834,-0.0354,1.051025,2.70229,2.381679,-0.061069,1.052732,3.602568,12298,21461,9162,12298,1,71.685,18,normal
1780604738.7510529,76.31770939999842,298336,0.016113,-0.016357,1.051758,1.48855,2.961832,-0.312977,1.052008,3.329592,12300,21464,9163,12300,0,71.685,5,normal
1780604738.7799687,76.34662539999408,298367,0.049072,0.005615,1.060059,0.137405,3.59542,-0.984733,1.061209,3.730365,12302,21468,9165,12302,0,67.857,5,normal
1780604738.8126087,76.37926529999822,298397,0.046387,-0.037354,1.047607,2.427481,2.519084,-0.137405,1.049299,3.501047,12303,21470,9166,12303,0,67.857,4,normal
1780604738.8432682,76.40992469999765,298428,0.0354,-0.011719,1.057617,2.328244,2.687023,-0.061069,1.058274,3.555917,12306,21474,9167,12306,0,67.857,5,normal
1780604738.873136,76.43979269999545,298459,0.058838,0.032471,1.042969,-0.251908,3.244275,-1.206107,1.045132,3.47037,12308,21478,9169,12308,0,67.857,1,normal
1780604738.9048443,76.47150079999119,298490,0.02417,-0.069092,1.057373,2.381679,2.267176,-0.137405,1.059904,3.291103,12310,21483,9172,12310,1,67.857,3,normal
1780604738.9363353,76.50299199999426,298521,0.034668,-0.023193,1.059814,1.687023,2.328244,-0.526718,1.060635,2.923046,12313,21488,9174,12313,0,67.857,5,normal
1780604738.966347,76.53300359999412,298552,0.057861,-0.002441,1.05835,0.916031,2.503817,-1.137405,1.059933,2.898603,12315,21492,9176,12315,0,67.857,0,normal
1780604738.9983094,76.56496589999006,298583,0.060303,-0.077148,1.040039,2.206107,3.343511,-0.221374,1.044638,4.011856,12316,21495,9178,12316,1,67.857,19,normal
1780604739.0297968,76.59645349999482,298615,0.043945,-0.00415,1.04834,1.091603,2.748092,-0.48855,1.049269,2.997046,12318,21498,9179,12318,0,67.857,5,normal
1780604739.06125,76.62790659999882,298646,0.016846,-0.037598,1.056396,0.572519,2.244275,-0.648855,1.0572,2.405319,12319,21500,9180,12319,0,60.932,5,normal
1780604739.090973,76.65762939999695,298677,0.063477,0.000732,1.049072,4.0,2.885496,-0.251908,1.050991,4.938577,12323,21505,9181,12323,1,60.932,17,normal
1780604739.121965,76.68862159999844,298707,0.027344,-0.002197,1.050049,1.229008,2.503817,-0.053435,1.050407,2.789698,12325,21508,9182,12325,0,60.932,5,normal
1780604739.1533942,76.72005069999432,298738,0.012207,-0.044678,1.062744,0.076336,2.412214,-0.641221,1.063753,2.497152,12326,21510,9183,12326,0,60.932,5,normal
1780604739.1846533,76.75130989999161,298769,0.061279,-0.026367,1.05249,3.89313,3.374046,-0.206107,1.054602,5.155883,12328,21515,9186,12328,1,60.932,15,normal
1780604739.2140157,76.78067229999579,298800,0.041748,0.005127,1.043945,0.961832,2.862595,-0.725191,1.044792,3.105716,12332,21520,9187,12332,0,60.932,5,normal
1780604739.2459671,76.81262369999604,298831,0.006104,-0.048828,1.053223,0.580153,2.832061,-0.89313,1.054372,3.025695,12335,21524,9188,12335,0,60.932,5,normal
1780604739.2770941,76.84375079999154,298862,0.032715,0.004883,1.049072,3.396947,3.839695,-0.40458,1.049594,5.142586,12338,21529,9190,12338,1,60.932,15,normal
1780604739.3092003,76.87585679999029,298893,0.053711,0.012451,1.03833,0.320611,2.366412,-0.587786,1.039793,2.459307,12340,21532,9191,12340,0,60.932,5,normal
1780604739.3407362,76.90739269999904,298925,0.035156,-0.040283,1.064209,1.587786,2.473282,-0.816794,1.065551,3.050466,12341,21534,9192,12341,0,78.853,5,normal
1780604739.3718982,76.93855469999835,298956,0.057861,-0.046631,1.05127,3.045802,3.374046,-0.290076,1.053893,4.554694,12345,21540,9194,12345,0,78.853,5,normal
1780604739.4014704,76.96812710000086,298987,0.018066,-0.018311,1.041992,-0.198473,2.099237,-1.267176,1.04231,2.460065,12348,21544,9195,12348,0,78.853,5,normal
1780604739.4330902,76.99974679999286,299018,0.042236,-0.029053,1.053223,1.961832,2.648855,-0.374046,1.05447,3.317398,12349,21546,9196,12349,0,78.853,5,normal
1780604739.4645252,77.03118189999077,299049,0.05542,-0.042969,1.052246,2.480916,2.969466,-0.541985,1.05458,3.907226,12352,21550,9197,12352,0,78.853,6,normal
1780604739.4952252,77.06188169999223,299080,0.056152,0.012695,1.042725,0.427481,2.236641,-1.198473,1.044313,2.573255,12355,21554,9198,12355,0,78.853,5,normal
1780604739.5269318,77.09358839999186,299112,0.025146,-0.069824,1.041992,2.435115,2.458015,-0.251908,1.044632,3.469161,12357,21559,9201,12357,1,78.853,4,normal
1780604739.5594501,77.12610679998761,299144,0.024658,-0.019531,1.050537,1.129771,2.091603,-0.48855,1.051008,2.426905,12361,21564,9202,12361,0,78.853,0,normal
1780604739.592275,77.15893149998737,299175,0.053955,-0.030762,1.058106,0.564886,2.068702,-0.885496,1.059927,2.320071,12362,21566,9203,12362,0,84.0,5,normal
1780604739.620596,77.18725249999261,299206,0.056396,-0.078857,1.043945,2.59542,3.48855,-0.374046,1.048437,4.364183,12363,21569,9205,12363,1,84.0,18,normal
1780604739.6502223,77.21687889999885,299236,0.029785,-0.009521,1.050781,1.290076,2.709924,-0.59542,1.051246,3.059822,12365,21572,9206,12365,0,84.0,5,normal
1780604739.6821918,77.24884849999216,299267,0.034424,-0.019287,1.060303,0.442748,2.290076,-1.167939,1.061037,2.608554,12367,21576,9208,12367,0,84.0,5,normal
1780604739.71269,77.27934660000028,299298,0.052734,-0.079102,1.043213,3.038168,3.312977,-0.358779,1.047536,4.509434,12368,21581,9212,12368,1,84.0,18,normal
1780604739.743087,77.30974359999527,299329,0.038818,-0.008057,1.03833,1.229008,2.679389,0.0,1.039087,2.94781,12372,21586,9213,12372,0,84.0,5,normal
1780604739.7741444,77.3408008999977,299359,0.048828,-0.026367,1.062012,0.091603,3.198473,-0.946565,1.063461,3.336856,12374,21590,9215,12374,0,84.0,1,normal
1780604739.8050842,77.37174079999386,299390,0.047119,-0.077881,1.041992,2.633588,2.80916,-0.503817,1.045961,3.883426,12375,21593,9217,12375,1,84.0,18,normal
1780604739.8360295,77.40268609998748,299421,0.042725,-0.018066,1.019043,0.442748,3.099237,-0.526718,1.020098,3.174701,12378,21598,9219,12378,0,84.0,5,normal
1780604739.8678296,77.43448619999981,299452,0.01123,-0.052734,1.053223,0.603053,2.259542,-0.900763,1.054602,2.506108,12379,21600,9220,12379,0,61.372,5,normal
1780604739.898697,77.46535359999689,299484,0.042236,0.005127,1.056641,3.641221,3.274809,-0.030534,1.057497,4.897326,12380,21603,9222,12380,1,61.372,18,normal
1780604739.9310076,77.49766429999727,299515,0.041016,0.017822,1.031738,0.045802,2.938931,-0.534351,1.032707,2.987465,12382,21606,9223,12382,0,61.372,5,normal
1780604739.9633691,77.5300256999908,299547,0.041992,-0.051025,1.057617,1.748092,3.083969,-0.70229,1.05968,3.613849,12384,21610,9225,12384,0,61.372,1,normal
1780604739.993932,77.56058849999681,299579,0.037109,-0.047363,1.053955,2.923664,2.717557,-0.465649,1.055671,4.018676,12388,21616,9227,12388,0,61.372,5,normal
1780604740.0252438,77.59190039998794,299610,0.054199,0.013184,1.053711,0.244275,3.351145,-0.694656,1.055186,3.431092,12390,21620,9229,12390,0,61.372,0,normal
1780604740.0559523,77.62260879999667,299641,0.04126,-0.032959,1.059814,2.80916,2.427481,-0.40458,1.061129,3.734666,12391,21622,9230,12391,0,61.372,4,normal
1780604740.08666,77.65331660000084,299672,0.034668,-0.02124,1.054199,2.923664,2.450382,-0.427481,1.054983,3.83861,12396,21628,9231,12396,0,61.372,5,normal
1780604740.1182237,77.68488019998767,299703,0.048584,0.018799,1.056152,0.267176,3.091603,-1.045802,1.057436,3.274613,12397,21630,9232,12397,0,71.713,6,normal
1780604740.1491487,77.71580539998831,299734,0.060303,-0.032227,1.034912,2.320611,2.709924,-0.137405,1.037168,3.570406,12398,21635,9236,12398,1,71.713,19,normal
1780604740.1798873,77.74654379999265,299765,0.041504,-0.007568,1.054443,1.725191,2.167939,-0.503817,1.055287,2.816039,12400,21638,9237,12400,0,71.713,5,normal
1780604740.2105324,77.77718900000036,299796,0.054932,-0.005859,1.05542,0.198473,3.526718,-1.007634,1.056865,3.673208,12401,21640,9238,12401,0,71.713,5,normal
1780604740.2423298,77.8089864999929,299827,0.022461,-0.062256,1.053711,2.427481,2.450382,-0.435114,1.055787,3.476544,12402,21643,9240,12402,1,71.713,18,normal
1780604740.2734387,77.84009539999533,299858,0.037842,-0.014404,1.05835,1.206107,2.755725,-0.274809,1.059124,3.020635,12405,21648,9242,12405,0,71.713,5,normal
1780604740.304602,77.87125859998923,299889,0.031982,-0.025635,1.056396,0.274809,2.267176,-1.412214,1.057191,2.685136,12407,21652,9244,12407,0,71.713,5,normal
1780604740.3349662,77.9016227999964,299920,0.048096,-0.076904,1.04126,3.099237,2.770992,-0.442748,1.045203,4.180872,12409,21657,9247,12409,1,71.713,15,normal
1780604740.3679943,77.9346508999879,299952,0.05249,-0.012695,1.049072,0.870229,3.068702,-0.282443,1.050461,3.202188,12419,21668,9248,12419,0,71.713,1,normal
1780604740.3987093,77.96536579998792,299984,0.0625,-0.048096,1.066162,0.801527,2.618321,-0.648855,1.069075,2.814083,12420,21670,9249,12420,0,81.851,5,normal
1780604740.4302845,77.99694099999033,300015,0.052734,-0.024414,1.061035,3.412214,3.839695,-0.335878,1.062625,5.147744,12423,21675,9251,12423,1,81.851,3,normal
1780604740.461292,78.02794869999343,300046,0.045898,-0.023438,1.033936,-0.450382,3.076336,-0.664122,1.035219,3.179268,12425,21678,9252,12425,0,81.851,5,normal
1780604740.491281,78.05793759999506,300077,0.038086,-0.027344,1.054688,1.664122,2.854962,-1.0,1.055729,3.452551,12426,21680,9253,12426,0,81.851,5,normal
1780604740.5225356,78.08919220000098,300108,0.025391,-0.04126,1.071045,2.931298,3.374046,-0.183206,1.07214,4.473282,12429,21684,9254,12429,0,81.851,5,normal
1780604740.5535166,78.12017319998995,300139,0.023193,-0.016846,1.041992,-0.175573,2.717557,-0.954198,1.042386,2.885557,12432,21688,9255,12432,0,81.851,5,normal
1780604740.5853946,78.15205129999958,300170,0.051514,-0.024902,1.05835,2.251908,3.076336,-0.099237,1.059895,3.813762,12434,21694,9259,12434,0,81.851,1,normal
1780604740.6158495,78.18250609999814,300201,0.039551,-0.041748,1.056885,2.908397,2.389313,-0.251908,1.058448,3.772406,12437,21698,9260,12437,0,81.851,5,normal
1780604740.6600885,78.22674509999342,300232,0.05835,0.023193,1.048584,0.229008,2.78626,-1.175572,1.050462,3.032764,12440,21702,9261,12440,0,81.851,5,normal
1780604740.6786091,78.24526579999656,300263,0.043701,-0.040039,1.053223,2.816794,2.519084,0.030534,1.054889,3.779027,12441,21704,9262,12441,0,75.269,4,normal
1780604740.7098808,78.27653749998717,300294,0.029541,-0.015137,1.053467,2.473282,2.687023,-0.267176,1.05399,3.661776,12444,21708,9263,12444,0,75.269,5,normal
1780604740.7396488,78.30630539999402,300325,0.046143,0.025146,1.059082,0.244275,2.839695,-1.061069,1.060385,3.041283,12446,21712,9265,12446,0,75.269,5,normal
1780604740.7707767,78.33743339999637,300356,0.02832,-0.077881,1.046875,2.526718,2.358779,-0.10687,1.05015,3.45826,12447,21717,9269,12447,1,75.269,18,normal
1780604740.803354,78.3700106999895,300388,0.034424,-0.01001,1.059082,1.137405,2.687023,-0.435114,1.059689,2.950103,12449,21720,9270,12449,0,75.269,5,normal
1780604740.8341305,78.40078709999216,300419,0.031494,-0.026611,1.052246,0.229008,3.320611,-1.038168,1.053054,3.486645,12451,21724,9272,12451,0,75.269,0,normal
1780604740.8642783,78.43093499999668,300450,0.049805,-0.075684,1.04541,2.610687,3.045802,-0.641221,1.049329,4.062482,12452,21727,9274,12452,1,75.269,18,normal
1780604740.8960679,78.46272450000106,300481,0.054443,-0.013428,1.053711,0.961832,2.717557,-0.29771,1.055202,2.89808,12455,21732,9276,12455,0,75.269,5,normal
1780604740.9257507,78.4924073000002,300512,0.03125,-0.049072,1.05835,0.534351,2.099237,-1.08397,1.059947,2.422254,12456,21734,9277,12456,0,75.269,5,normal
1780604740.9581995,78.52485599998909,300543,0.057861,-0.012695,1.059326,4.015268,3.465649,-0.167939,1.060981,5.306722,12457,21737,9279,12457,1,57.143,18,normal
1780604740.988551,78.55520759998763,300574,0.042236,0.017578,1.038818,0.854962,3.129771,-0.473282,1.039825,3.278784,12459,21740,9280,12459,0,57.143,5,normal
1780604741.0190303,78.58568689999811,300605,0.021484,-0.051758,1.050049,0.503817,2.503817,-0.709924,1.051543,2.650834,12460,21742,9281,12460,0,57.143,5,normal
1780604741.050956,78.61761249999108,300636,0.037842,-0.006592,1.051514,3.549618,3.870229,-0.068702,1.052215,5.25197,12465,21749,9283,12465,1,57.143,4,normal
1780604741.081757,78.64841359999264,300667,0.053467,-0.009277,1.037842,-0.366412,3.290076,-0.671756,1.039259,3.377886,12468,21754,9285,12468,0,57.143,0,normal
1780604741.1138985,78.680554999999,300698,0.05127,-0.060059,1.067383,0.938931,3.122137,-0.854962,1.0703,3.370504,12469,21756,9286,12469,0,57.143,5,normal
1780604741.1454806,78.71213729999727,300729,0.060791,-0.018799,1.056396,3.381679,3.564885,-0.206107,1.058311,4.917992,12473,21762,9288,12473,0,57.143,5,normal
1780604741.1754155,78.74207199999364,300761,0.031006,-0.008545,1.055908,-0.21374,2.519084,-1.129771,1.056398,2.769088,12474,21764,9289,12474,0,57.143,5,normal
1780604741.2065525,78.77320909999253,300792,0.046875,-0.028076,1.055176,2.51145,3.221374,-0.076336,1.05659,4.085396,12475,21768,9292,12475,0,57.143,5,normal
1780604741.2375517,78.80420829998911,300823,0.053223,-0.025879,1.060547,2.374046,2.053435,-0.572519,1.062197,3.190684,12478,21772,9293,12478,0,75.0,5,normal
1780604741.2674232,78.83407969999826,300854,0.046631,0.006104,1.034424,0.458015,2.465649,-1.0,1.035492,2.699852,12479,21774,9294,12479,0,75.0,5,normal
1780604741.299543,78.86619939999946,300884,0.036377,-0.030029,1.053711,2.717557,2.824427,-0.251908,1.054766,3.92759,12480,21776,9295,12480,0,75.0,5,normal
1780604741.33051,78.89716659999976,300916,0.03125,-0.018799,1.054932,2.244275,2.175573,-0.328244,1.055562,3.14287,12484,21782,9297,12484,0,75.0,5,normal
1780604741.3605683,78.92722479999065,300946,0.04834,0.007813,1.049561,0.145038,2.854962,-1.099237,1.050702,3.062706,12486,21786,9299,12486,0,75.0,5,normal
1780604741.3915505,78.95820719999028,300977,0.047852,-0.029297,1.051758,2.519084,2.954198,-0.10687,1.053253,3.883876,12488,21790,9301,12488,0,75.0,1,normal
1780604741.4218838,78.988540499995,301008,0.029541,-0.006836,1.059326,1.954198,2.076336,-0.503817,1.05976,2.895496,12491,21794,9302,12491,0,75.0,5,normal
1780604741.4526148,79.01927129999967,301038,0.044922,0.013184,1.045166,0.29771,2.954198,-1.259542,1.046214,3.22527,12492,21796,9303,12492,0,75.0,5,normal
1780604741.4833527,79.05000930000097,301069,0.045898,-0.028564,1.065674,2.70229,2.78626,0.152672,1.067044,3.884446,12494,21800,9305,12494,0,75.0,0,normal
1780604741.5147772,79.08143379999092,301099,0.047607,-0.023438,1.051758,2.770992,2.366412,-0.51145,1.053096,3.679658,12497,21804,9306,12497,0,68.841,6,normal
1780604741.5450635,79.11172000000079,301131,0.04126,0.019775,1.053223,0.450382,2.870229,-1.038168,1.054216,3.085264,12498,21806,9307,12498,0,68.841,5,normal
1780604741.577559,79.14421549999679,301162,0.04248,-0.06665,1.040772,2.229008,2.877863,-0.229008,1.043768,3.64733,12499,21809,9309,12499,1,68.841,18,normal
1780604741.6072793,79.17393589999119,301193,0.024414,-0.019775,1.052978,1.641221,2.618321,-0.465649,1.053447,3.125066,12503,21814,9310,12503,0,68.841,5,normal
1780604741.638281,79.20493759999226,301224,0.035889,-0.00293,1.059082,-0.022901,3.435115,-1.08397,1.059694,3.602156,12505,21818,9312,12505,0,68.841,5,normal
1780604741.6687946,79.23545119998744,301254,0.04126,-0.070557,1.049561,2.259542,2.770992,-0.038168,1.052738,3.575666,12506,21823,9316,12506,1,68.841,18,normal
1780604741.7154033,79.28205999999773,301285,0.028564,-0.012695,1.05249,2.0,2.038168,-0.473282,1.052954,2.894499,12510,21828,9317,12510,0,68.841,5,normal
1780604741.7293606,79.29601719998755,301315,0.050049,0.024414,1.05127,0.374046,2.587786,-1.137405,1.052743,2.851357,12511,21830,9318,12511,0,68.841,5,normal
1780604741.761035,79.32769149998785,301346,0.053711,-0.038818,1.057373,2.725191,2.183206,0.053435,1.059448,3.492264,12512,21833,9320,12512,1,68.841,18,normal
1780604741.7903452,79.35700189998897,301377,0.037598,-0.009766,1.057373,1.938931,2.778626,-0.419847,1.058086,3.41416,12515,21838,9322,12515,0,64.748,5,normal
1780604741.8216953,79.38835199999448,301407,0.048584,0.028564,1.059326,0.206107,3.061069,-0.862595,1.060824,3.186957,12518,21842,9323,12518,0,64.748,5,normal
1780604741.8528233,79.41947989999608,301438,0.028076,-0.037842,1.045166,2.244275,2.412214,-0.21374,1.046228,3.301701,12519,21845,9325,12519,1,64.748,18,normal
1780604741.8849943,79.451650899995,301470,0.01709,-0.012695,1.05957,1.320611,2.458015,-0.656489,1.059784,2.866501,12522,21850,9327,12522,0,64.748,1,normal
1780604741.9158163,79.48247299999639,301502,0.031982,-0.037598,1.063965,0.671756,1.977099,-1.0,1.065109,2.315206,12523,21852,9328,12523,0,64.748,5,normal
1780604741.9469547,79.5136111999891,301533,0.060547,-0.024658,1.050293,3.59542,3.19084,-0.19084,1.052326,4.810917,12525,21857,9331,12525,1,64.748,3,normal
1780604741.9782014,79.54485799999384,301564,0.050781,0.009521,1.040772,0.984733,2.549618,-0.328244,1.042053,2.752816,12527,21860,9332,12527,0,64.748,5,normal
1780604742.0100708,79.57672739999543,301595,0.019287,-0.050781,1.05835,0.564886,2.465649,-0.801527,1.059743,2.653482,12528,21862,9333,12528,0,64.748,5,normal
1780604742.0401697,79.6068263999914,301626,0.033691,-0.006104,1.049072,3.748092,3.290076,-0.236641,1.049631,4.992874,12530,21865,9334,12530,1,64.748,17,normal
1780604742.0711045,79.63776099999086,301657,0.036377,0.008057,1.030273,0.442748,3.022901,-0.519084,1.030947,3.098936,12532,21868,9335,12532,0,60.714,5,normal
1780604742.101933,79.66858959999809,301687,0.029297,-0.047852,1.062988,0.671756,2.251908,-0.854962,1.064468,2.500661,12535,21872,9336,12535,1,60.714,5,normal
1780604742.1330795,79.69973619999655,301719,0.048096,-0.007568,1.047119,3.633588,3.59542,-0.10687,1.04825,5.112869,12539,21877,9337,12539,1,60.714,16,normal
1780604742.1636117,79.73026830000163,301749,0.052734,0.018555,1.036377,0.496183,2.870229,-0.045802,1.037884,2.913162,12543,21882,9338,12543,0,60.714,5,normal
1780604742.194607,79.76126359999762,301780,0.032959,-0.055664,1.058838,0.419847,2.465649,-1.129771,1.060812,2.744463,12545,21886,9340,12545,0,60.714,1,normal
1780604742.2257645,79.79242119999253,301811,0.044189,-0.014893,1.056396,3.625954,3.946565,-0.175573,1.057425,5.362252,12547,21889,9341,12547,1,60.714,16,normal
1780604742.2557847,79.8224412999989,301842,0.05835,-0.005127,1.039795,-0.083969,2.885496,-0.862595,1.041444,3.012841,12550,21894,9343,12550,0,60.714,5,normal
1780604742.2877836,79.8544402999978,301873,0.040771,-0.041748,1.064453,1.557252,3.160305,-1.045802,1.066052,3.675087,12551,21896,9344,12551,0,60.714,5,normal
1780604742.319904,79.88656069998979,301904,0.076416,-0.044189,1.059814,3.114504,3.114504,-0.335878,1.063484,4.417361,12554,21900,9345,12554,0,60.714,6,normal
1780604742.3506362,79.91729289999057,301936,0.050293,0.016602,1.052002,0.29771,3.152672,-1.007634,1.053334,3.323146,12556,21904,9347,12556,0,86.022,1,normal
1780604742.381799,79.94845549999445,301967,0.063721,-0.039307,1.05127,2.580153,2.961832,-0.129771,1.053932,3.930201,12558,21908,9349,12558,0,86.022,1,normal
1780604742.412799,79.97945549999713,301998,0.038818,-0.01416,1.056885,1.946565,2.549618,-0.389313,1.057692,3.23129,12562,21914,9351,12562,0,86.022,5,normal
1780604742.4439042,80.01056080000126,302029,0.061279,-0.000244,1.057373,0.076336,2.89313,-1.038168,1.059147,3.074706,12564,21918,9353,12564,0,86.022,1,normal
1780604742.4750907,80.04174729999795,302060,0.025146,-0.068604,1.05249,2.442748,1.969466,-0.770992,1.055023,3.231136,12565,21921,9355,12565,1,86.022,18,normal
1780604742.5075202,80.07417680000071,302092,0.063477,-0.015869,1.047607,1.091603,2.725191,-0.045802,1.049649,2.936045,12567,21924,9356,12567,0,86.022,5,normal
1780604742.539752,80.10640849999618,302124,0.037109,-0.05542,1.061279,0.549618,2.244275,-1.305344,1.063373,2.653822,12568,21926,9357,12568,0,86.022,5,normal
1780604742.569069,80.13572559999011,302155,0.062012,-0.035645,1.050537,4.10687,3.152672,-0.221374,1.052969,5.182154,12573,21933,9359,12573,1,86.022,3,normal
1780604742.5992699,80.16592649999075,302185,0.052246,0.005371,1.05249,1.541985,2.419847,-0.580153,1.0538,2.927448,12575,21936,9360,12575,0,86.022,5,normal
1780604742.6310766,80.19773319999513,302216,0.066895,-0.067627,1.062744,0.641221,2.351145,-0.671756,1.066993,2.527905,12576,21938,9361,12576,0,71.429,5,normal
1780604742.6779091,80.24456569999165,302248,0.036133,0.001953,1.051514,3.351145,3.610687,-0.335878,1.052136,4.937616,12579,21943,9363,12579,1,71.429,14,normal
1780604742.6939347,80.26059119999991,302279,0.037109,-0.030273,1.030273,-0.282443,3.045802,-1.114504,1.031386,3.25558,12581,21946,9364,12581,0,71.429,5,normal
1780604742.724978,80.29163459999836,302310,0.025635,-0.031738,1.060791,1.854962,2.908397,-0.694656,1.061575,3.518836,12584,21950,9365,12584,0,71.429,5,normal
1780604742.7573776,80.32403409999097,302342,0.041992,-0.011719,1.05249,2.549618,3.045802,-0.167939,1.053393,3.975634,12587,21954,9366,12587,0,71.429,6,normal
1780604742.7886517,80.35530830000062,302374,0.05249,-0.011719,1.062988,0.068702,3.480916,-1.045802,1.064348,3.635271,12588,21956,9367,12588,0,71.429,5,normal
1780604742.8198347,80.38649129999976,302405,0.040771,-0.075195,1.052246,2.053435,2.572519,-0.061069,1.055717,3.292139,12589,21959,9369,12589,1,71.429,18,normal
1780604742.8497562,80.41641289999825,302436,0.03125,-0.011475,1.055908,1.709924,1.977099,-0.458015,1.056433,2.653778,12592,21964,9371,12592,0,71.429,5,normal
1780604742.881201,80.4478575999965,302466,0.064209,0.020264,1.050537,0.206107,3.366412,-0.931298,1.052692,3.498932,12594,21968,9373,12594,0,72.0,5,normal
1780604742.911633,80.47828959999606,302497,0.046387,-0.047119,1.056396,2.503817,2.816794,0.076336,1.058464,3.769516,12596,21973,9376,12596,1,72.0,14,normal
1780604742.9483235,80.51498009999341,302534,0.026611,-0.014648,1.058838,1.664122,2.587786,-0.366412,1.059274,3.098419,12600,21978,9377,12600,0,72.0,0,normal
1780604742.97933,80.54598659998737,302565,0.046387,-0.036133,1.059814,2.587786,2.51145,-0.053435,1.061444,3.606505,12601,21980,9378,12601,0,72.0,4,normal
1780604743.010498,80.57715459998872,302596,0.053223,-0.014648,1.057373,2.366412,2.709924,-0.381679,1.058813,3.61791,12605,21986,9380,12605,0,72.0,5,normal
1780604743.04003,80.60668659998919,302626,0.030029,-0.025635,1.035156,0.10687,2.816794,-1.015267,1.035909,2.996084,12606,21988,9381,12606,0,72.0,5,normal
1780604743.0714483,80.6381049999909,302657,0.056641,-0.036133,1.054688,2.732824,2.59542,-0.206107,1.056825,3.774522,12607,21990,9382,12607,0,72.0,4,normal
1780604743.101628,80.66828469999018,302687,0.068604,-0.039062,1.055176,2.824427,3.137405,-0.015267,1.058125,4.221484,12610,21994,9383,12610,0,72.0,5,normal
1780604743.1331925,80.69984919999843,302718,0.038086,-0.016602,1.041504,-0.145038,2.305344,-1.015267,1.042332,2.523175,12613,21998,9384,12613,0,75.397,6,normal
1780604743.1635034,80.73016009999264,302749,0.037842,-0.030273,1.043945,2.625954,2.48855,-0.091603,1.045069,3.618965,12615,22004,9388,12615,0,75.397,0,normal
1780604743.1951754,80.76183209998999,302780,0.031006,-0.01001,1.051025,2.396947,3.435115,-0.480916,1.05153,4.216236,12618,22008,9389,12618,0,75.397,5,normal
1780604743.2254906,80.79214720000164,302811,0.047119,0.030273,1.052978,0.282443,3.236641,-0.946565,1.054467,3.384022,12621,22012,9390,12621,0,75.397,5,normal
1780604743.2566695,80.8233259999979,302842,0.046875,-0.049805,1.056885,2.076336,2.679389,-0.312977,1.059095,3.404152,12622,22015,9392,12622,1,75.397,18,normal
1780604743.2886822,80.85533880000003,302873,0.041992,-0.012451,1.05835,2.038168,1.755725,-0.412214,1.059256,2.72151,12624,22018,9393,12624,0,75.397,5,normal
1780604743.3204088,80.88706539999112,302904,0.047607,0.028076,1.056885,0.412214,2.748092,-0.931298,1.058329,2.930741,12626,22022,9395,12626,0,75.397,5,normal
1780604743.3501327,80.91678929999762,302935,0.04541,-0.076416,1.039307,2.541985,2.030534,-0.564886,1.043101,3.302098,12627,22027,9399,12627,1,75.397,18,normal
1780604743.3811944,80.94785089998913,302967,0.038574,-0.008057,1.062744,0.908397,2.221374,-0.40458,1.063474,2.433798,12629,22030,9400,12629,0,75.397,5,normal
1780604743.4126487,80.97930519998772,302998,0.027588,-0.036865,1.057373,0.465649,1.977099,-0.954198,1.058375,2.244158,12631,22034,9402,12631,0,64.286,1,normal
1780604743.4436831,81.01033979999193,303029,0.055664,-0.010742,1.045898,3.175573,3.068702,-0.274809,1.047434,4.424558,12632,22037,9404,12632,1,64.286,18,normal
1780604743.47406,81.04071669999394,303060,0.051758,0.007813,1.043945,1.229008,3.206107,-0.351145,1.045257,3.451504,12635,22042,9406,12635,0,64.286,5,normal
1780604743.5054905,81.07214720000047,303091,0.013428,-0.048584,1.059082,0.656489,1.91603,-1.19084,1.060281,2.349521,12637,22046,9408,12637,0,64.286,0,normal
1780604743.5361054,81.10276199999498,303122,0.036621,-0.001953,1.05127,3.572519,3.419847,-0.259542,1.051909,4.952334,12639,22049,9409,12639,1,64.286,17,normal
1780604743.5681138,81.13477029999194,303153,0.034668,0.011719,1.026611,0.351145,2.679389,-0.885496,1.027263,2.843683,12641,22052,9410,12641,0,64.286,5,normal
1780604743.6000166,81.16667310000048,303185,0.039795,-0.025146,1.059082,1.618321,3.099237,-1.045802,1.060128,3.649374,12643,22056,9412,12643,0,64.286,0,normal
1780604743.6319945,81.19865109999955,303216,0.046631,-0.028076,1.059082,3.503817,3.160305,-0.312977,1.06048,4.72887,12647,22062,9414,12647,0,64.286,6,normal
1780604743.6622639,81.22892039999715,303247,0.053711,-0.022461,1.030518,0.145038,2.526718,-1.267176,1.032161,2.830384,12649,22066,9416,12649,0,64.286,0,normal
1780604743.6923387,81.25899529999879,303278,0.058594,-0.034668,1.056396,1.748092,3.061069,-0.519084,1.058588,3.563062,12650,22068,9417,12650,0,67.857,4,normal
1780604743.7238474,81.29050389998883,303309,0.060303,-0.029541,1.057861,2.900763,3.900763,-0.221374,1.05999,4.866148,12654,22074,9419,12654,0,67.857,6,normal
1780604743.7538917,81.32054839999182,303340,0.049561,-0.008301,1.040527,0.160305,2.824427,-0.801527,1.04174,2.940329,12655,22076,9420,12655,0,67.857,5,normal
1780604743.7863147,81.35297129998798,303371,0.030273,-0.028564,1.046875,2.541985,2.519084,-0.099237,1.047702,3.580128,12656,22080,9423,12656,0,67.857,5,normal
1780604743.8304474,81.39710409998952,303402,0.04834,-0.027588,1.053955,2.557252,3.534351,-0.358779,1.055424,4.377202,12659,22084,9424,12659,0,67.857,5,normal
1780604743.8485289,81.41518549999455,303433,0.034424,0.031738,1.048096,0.282443,3.396947,-1.122137,1.049141,3.588623,12660,22086,9425,12660,0,67.857,5,normal
1780604743.8795104,81.44616690000112,303464,0.057617,-0.04834,1.044434,2.236641,2.312977,-0.259542,1.047138,3.22797,12661,22089,9427,12661,1,67.857,18,normal
1780604743.9109063,81.4775629999931,303496,0.026855,-0.019531,1.050537,1.137405,2.870229,-0.541985,1.051062,3.13459,12664,22094,9429,12664,0,67.857,5,normal
1780604743.9418068,81.50846349999483,303527,0.063721,-0.008057,1.068359,0.183206,2.541985,-1.122137,1.070288,2.78468,12666,22098,9431,12666,0,67.857,5,normal
1780604743.9737992,81.54045589998714,303558,0.05127,-0.075684,1.049072,2.618321,2.526718,-0.671756,1.053048,3.700157,12668,22103,9434,12668,1,64.286,15,normal
1780604744.0044854,81.57114189999993,303590,0.046875,0.008057,1.047119,1.389313,1.984733,0.038168,1.048199,2.422976,12671,22108,9436,12671,0,64.286,0,normal
1780604744.03659,81.6032467999903,303621,0.028809,-0.043213,1.072754,0.59542,1.679389,-1.122137,1.07401,2.105722,12672,22110,9437,12672,0,64.286,5,normal
1780604744.067832,81.63448849999986,303653,0.038574,0.001465,1.04834,3.610687,3.244275,-0.21374,1.04905,4.858814,12675,22115,9439,12675,1,64.286,3,normal
1780604744.1009202,81.6675768999994,303684,0.061768,0.011475,1.044434,0.19084,1.969466,-0.778626,1.046321,2.126376,12677,22118,9440,12677,0,64.286,5,normal
1780604744.1303742,81.69703089998802,303715,0.050049,-0.044678,1.05835,1.442748,2.381679,-1.015267,1.060474,2.963897,12678,22120,9441,12678,0,64.286,6,normal
1780604744.161479,81.72813569998834,303746,0.048096,-0.026855,1.050781,3.366412,3.687023,-0.290076,1.052224,5.001101,12681,22124,9442,12681,0,64.286,5,normal
1780604744.1910865,81.75774309999542,303777,0.026855,-0.009766,1.022461,-0.21374,2.374046,-1.259542,1.02286,2.695964,12682,22126,9443,12682,0,64.286,5,normal
1780604744.2229886,81.78964519999863,303808,0.058838,-0.027344,1.056885,2.0,2.541985,-0.603053,1.058874,3.290192,12687,22132,9444,12687,0,76.0,1,normal
1780604744.2534091,81.8200657999987,303839,0.049072,-0.040283,1.056396,3.21374,4.015268,-0.206107,1.058302,5.147133,12690,22136,9445,12690,0,76.0,5,normal
1780604744.2846022,81.85125880000123,303870,0.043457,-0.025146,1.028809,-0.137405,2.656489,-0.946565,1.030033,2.823437,12693,22140,9446,12693,0,76.0,5,normal
1780604744.316305,81.88296139999875,303901,0.060303,-0.035645,1.058106,2.267176,2.984733,-0.068702,1.060422,3.748791,12695,22144,9448,12695,0,76.0,1,normal
1780604744.3469758,81.91363249999995,303932,0.05542,-0.013184,1.063721,3.030534,2.625954,-0.572519,1.065245,4.050624,12698,22148,9449,12698,0,76.0,5,normal
1780604744.377356,81.94401269999798,303963,0.060791,0.00415,1.045898,-0.015267,3.083969,-0.801527,1.047672,3.186463,12700,22152,9451,12700,0,76.0,5,normal
1780604744.408276,81.97493259998737,303993,0.044678,-0.027588,1.061523,2.366412,3.099237,-0.442748,1.062821,3.924436,12701,22154,9452,12701,0,76.0,4,normal
1780604744.440297,82.00695349999296,304024,0.040283,-0.014893,1.057129,2.755725,3.022901,-0.145038,1.058001,4.093041,12704,22158,9453,12704,0,76.0,6,normal
1780604744.471441,82.0380976999877,304056,0.038818,0.02124,1.046387,-0.083969,2.984733,-1.259542,1.047322,3.240698,12705,22160,9454,12705,0,76.0,6,normal
1780604744.502615,82.06927149998955,304087,0.060303,-0.033203,1.047852,2.229008,2.740458,-0.091603,1.05011,3.533692,12707,22165,9457,12707,1,71.685,4,normal
1780604744.5335636,82.10022029999527,304118,0.031738,-0.011719,1.048828,1.977099,2.236641,-0.396947,1.049374,3.011487,12710,22170,9459,12710,0,71.685,5,normal
1780604744.563568,82.13022459999775,304149,0.058594,0.001953,1.056396,0.137405,2.335878,-1.038168,1.058022,2.559882,12712,22174,9461,12712,0,71.685,0,normal
1780604744.5959306,82.16258720000042,304180,0.047852,-0.075439,1.057373,2.206107,3.343511,-0.351145,1.06114,4.021104,12713,22177,9463,12713,1,71.685,18,normal
1780604744.627146,82.19380269999965,304212,0.028809,-0.018799,1.05835,1.152672,2.351145,-0.320611,1.058908,2.638054,12717,22182,9464,12717,0,71.685,5,normal
1780604744.6587145,82.2253711999947,304243,0.029785,-0.03418,1.07251,0.587786,2.175573,-0.984733,1.073468,2.459331,12718,22184,9465,12718,0,71.685,5,normal
1780604744.6905625,82.25721899999189,304275,0.054688,0.00708,1.046143,3.564885,3.564885,-0.267176,1.047595,5.048584,12722,22189,9466,12722,1,71.685,17,normal
1780604744.7216792,82.28833589999704,304306,0.037354,0.003906,1.038086,0.351145,2.427481,-0.954198,1.038765,2.631817,12724,22192,9467,12724,0,71.685,5,normal
1780604744.753178,82.31983439999749,304337,0.048584,-0.063477,1.063477,1.381679,2.526718,-1.129771,1.066476,3.093497,12725,22194,9468,12725,0,72.0,5,normal
1780604744.7858984,82.35255499999039,304369,0.049316,-0.033203,1.05835,2.954198,2.793893,-0.19084,1.060018,4.07057,12728,22198,9469,12728,0,72.0,6,normal
1780604744.816996,82.38365269999485,304401,0.043701,-0.006348,1.037354,0.51145,2.519084,-1.022901,1.038293,2.766531,12730,22202,9471,12730,0,72.0,5,normal
1780604744.8523731,82.41902960000152,304431,0.062012,-0.033203,1.050049,2.633588,2.557252,-0.236641,1.052402,3.678494,12731,22206,9474,12731,0,72.0,4,normal
1780604744.8770697,82.44372629999998,304462,0.050293,-0.040771,1.062744,3.137405,3.145038,-0.068702,1.064714,4.442892,12735,22212,9476,12735,0,72.0,6,normal
1780604744.9075184,82.47417489999498,304493,0.042725,0.007568,1.036133,0.251908,2.541985,-0.854962,1.037041,2.693716,12737,22216,9478,12737,0,72.0,0,normal
1780604744.939605,82.50626149999152,304524,0.043945,-0.028076,1.051758,2.580153,2.496183,-0.183206,1.05305,3.594674,12738,22218,9479,12738,0,72.0,5,normal
1780604744.9701421,82.53679859999102,304555,0.063965,-0.023682,1.060791,2.763359,2.435115,-0.70229,1.062982,3.749553,12742,22224,9481,12742,0,72.0,5,normal
1780604745.0017812,82.5684379000013,304586,0.064941,0.022949,1.054199,-0.099237,3.312977,-0.969466,1.056447,3.453336,12743,22226,9482,12743,0,72.0,5,normal
1780604745.0312114,82.5978679999971,304617,0.055664,-0.050537,1.049805,2.480916,2.70229,0.198473,1.052493,3.673786,12744,22229,9484,12744,1,67.857,18,normal
1780604745.0641975,82.6308541999897,304648,0.038574,-0.015381,1.05249,1.709924,3.167939,-0.030534,1.053309,3.600084,12746,22232,9485,12746,0,67.857,5,normal
1780604745.094237,82.66089359999751,304679,0.04248,0.02832,1.054443,0.114504,2.877863,-1.183206,1.055679,3.113709,12747,22234,9486,12747,0,67.857,5,normal
1780604745.1254096,82.69206629999098,304710,0.037598,-0.078613,1.038574,2.29771,2.717557,-0.198473,1.042224,3.564264,12749,22241,9491,12749,1,67.857,3,normal
1780604745.1564662,82.72312279998732,304741,0.027832,-0.016602,1.056396,1.267176,2.496183,-0.473282,1.056894,2.83913,12752,22246,9493,12752,0,67.857,0,normal
1780604745.1886847,82.75534119999793,304773,0.026123,-0.033691,1.061035,0.236641,2.419847,-0.778626,1.061891,2.553022,12753,22248,9494,12753,0,67.857,5,normal
1780604745.2205553,82.78721179999411,304805,0.050293,-0.014893,1.039307,3.412214,3.656489,-0.160305,1.040629,5.00388,12755,22253,9497,12755,1,67.857,14,normal
1780604745.2513924,82.81804899999406,304836,0.061768,0.00293,1.037354,0.442748,2.419847,-0.572519,1.039195,2.52576,12757,22256,9498,12757,0,67.857,5,normal
1780604745.281618,82.8482745999936,304867,0.005615,0.024414,1.168701,-1.480916,2.610687,-3.419847,1.16897,4.550182,12760,22260,9499,12760,0,64.0,5,normal
1780604745.3138957,82.88055239999085,304898,0.063477,-0.103271,1.048584,5.496184,1.946565,0.709924,1.055567,5.873767,12762,22263,9500,12762,0,64.0,17,normal
1780604745.344122,82.91077859999496,304929,0.059082,0.037354,1.076904,-0.748092,2.175573,-1.251908,1.07917,2.619166,12764,22266,9501,12764,0,64.0,5,normal
1780604745.3757844,82.94244099999196,304960,0.048096,-0.078369,1.085693,0.877863,1.755725,-0.89313,1.08958,2.156593,12765,22268,9502,12765,0,64.0,5,normal
1780604745.4063427,82.97299929999281,304991,0.066162,-0.036865,1.055908,4.519084,3.572519,-0.19084,1.058621,5.763804,12769,22274,9504,12769,0,64.0,5,normal
1780604745.436599,83.00325569999404,305022,0.037109,-0.013184,1.03125,-0.206107,2.534351,-1.015267,1.032002,2.737916,12771,22278,9506,12771,0,64.0,5,normal
1780604745.4675887,83.03424519998953,305052,0.044189,-0.072266,1.069092,1.419847,2.48855,-0.969466,1.072442,3.024684,12773,22282,9508,12773,0,64.0,0,normal
1780604745.4981873,83.06484379999165,305083,0.037109,-0.039062,0.908447,5.442748,3.19084,-0.450382,0.910044,6.325172,12776,22286,9509,12776,0,64.0,5,normal
1780604745.529862,83.09651859999576,305114,0.041504,-0.035156,1.050781,-1.419847,1.793893,-1.328244,1.052188,2.645421,12779,22290,9510,12779,0,64.0,5,normal
1780604745.560259,83.12691559999075,305145,0.040039,-0.02124,1.061768,1.91603,2.763359,-0.503817,1.062734,3.40017,12782,22294,9511,12782,0,79.137,0,normal
1780604745.5920434,83.15870010000071,305176,0.068115,-0.046387,1.0625,3.282443,3.076336,-0.290076,1.065691,4.50804,12785,22298,9512,12785,0,79.137,5,normal
1780604745.6218452,83.18850179998844,305207,0.05127,-0.003174,1.044678,-0.358779,2.755725,-0.938931,1.04594,2.933314,12786,22300,9513,12786,0,79.137,5,normal
1780604745.653625,83.22028169999248,305238,0.041992,-0.039551,1.047852,2.381679,2.916031,-0.335878,1.049438,3.780006,12787,22302,9514,12787,0,79.137,5,normal
1780604745.684423,83.25107949999801,305269,0.048096,-0.036865,1.052002,2.496183,3.328244,-0.312977,1.053746,4.172061,12790,22306,9515,12790,0,79.137,5,normal
1780604745.7145917,83.28124839998782,305300,0.049072,-0.00293,1.033936,0.152672,2.778626,-1.167939,1.035104,3.017972,12792,22310,9517,12792,0,79.137,5,normal
1780604745.7471728,83.31382949999534,305331,0.047119,-0.032715,1.03833,2.793893,2.687023,-0.045802,1.039913,3.8766,12793,22314,9520,12793,0,79.137,4,normal
1780604745.7771778,83.34383449998859,305361,0.042236,-0.017578,1.052002,2.732824,2.48855,-0.496183,1.052996,3.729264,12797,22320,9522,12797,0,79.137,6,normal
1780604745.8085606,83.37521729999571,305393,0.050781,0.025146,1.057861,0.076336,3.198473,-0.992366,1.059378,3.349754,12799,22324,9524,12799,0,79.137,0,normal
1780604745.8392477,83.40590430000157,305424,0.046631,-0.044922,1.053955,2.305344,2.557252,-0.244275,1.055942,3.45164,12800,22327,9526,12800,1,64.516,18,normal
1780604745.870475,83.43713169998955,305455,0.034668,-0.011719,1.057373,2.022901,3.129771,-0.167939,1.058006,3.730388,12803,22332,9528,12803,0,64.516,5,normal
1780604745.9006338,83.46729049998976,305486,0.052979,-0.003418,1.066162,0.206107,3.206107,-0.961832,1.067483,3.353613,12804,22334,9529,12804,0,64.516,5,normal
1780604745.932917,83.49957359999826,305517,0.041504,-0.077148,1.040772,2.465649,2.938931,-0.305344,1.044452,3.848373,12805,22337,9531,12805,1,64.516,18,normal
1780604745.963202,83.52985859999899,305549,0.044678,-0.009033,1.048096,0.885496,3.122137,-0.114504,1.049086,3.2473,12807,22340,9532,12807,0,64.516,5,normal
1780604745.9956534,83.56230999999389,305579,0.05249,-0.025391,1.057129,0.061069,2.839695,-0.938931,1.058736,2.99152,12808,22342,9533,12808,0,64.516,5,normal
1780604746.0262742,83.59293089999119,305611,0.051514,-0.017578,1.053955,3.412214,3.259542,-0.465649,1.05536,4.741798,12810,22349,9538,12810,1,64.516,3,normal
1780604746.0563092,83.62296579999384,305642,0.072998,0.005615,1.054443,1.137405,2.145038,-0.290076,1.056982,2.445204,12813,22354,9540,12813,0,64.516,1,normal
1780604746.0879323,83.65458889999718,305673,0.020752,-0.042969,1.062012,0.282443,2.664122,-0.977099,1.063083,2.851674,12814,22356,9541,12814,0,64.516,5,normal
1780604746.1192853,83.68594189999567,305704,0.052979,-0.007324,1.050781,3.557252,3.083969,-0.083969,1.052141,4.708711,12817,22361,9543,12817,1,60.714,14,normal
1780604746.149423,83.71607949999452,305735,0.036377,0.008057,1.038086,-0.007634,2.954198,-0.862595,1.038754,3.077567,12819,22364,9544,12819,0,60.714,5,normal
1780604746.1812732,83.74792989999696,305766,0.041016,-0.062744,1.060547,0.885496,2.427481,-0.526718,1.063193,2.637081,12822,22368,9545,12822,0,60.714,5,normal
1780604746.2136774,83.78033409999625,305798,0.069824,-0.0354,1.057129,2.89313,3.656489,0.015267,1.060024,4.662654,12825,22372,9546,12825,0,60.714,6,normal
1780604746.2452643,83.81192079999892,305830,0.043701,-0.024902,1.034912,0.572519,2.740458,-1.10687,1.036134,3.01049,12826,22374,9547,12826,0,60.714,5,normal
1780604746.276772,83.84342849999666,305861,0.07251,-0.044678,1.046631,2.870229,2.862595,-0.083969,1.05009,4.054592,12827,22376,9548,12827,0,60.714,4,normal
1780604746.3060007,83.87265729998762,305892,0.029541,-0.012207,1.053955,2.839695,3.0,-0.282443,1.05444,4.140488,12831,22382,9550,12831,0,60.714,5,normal
1780604746.3372207,83.90387719999126,305922,0.047363,-0.01123,1.036865,-0.10687,2.282443,-1.221374,1.038007,2.590892,12833,22386,9552,12833,0,60.714,6,normal
1780604746.3695564,83.93621299999359,305953,0.031738,-0.0271,1.043701,2.862595,2.740458,-0.305344,1.044535,3.974644,12835,22390,9554,12835,0,60.714,0,normal
1780604746.3982558,83.96491249999963,305984,0.039062,-0.007324,1.049561,2.671756,3.038168,-0.51145,1.050313,4.07803,12838,22394,9555,12838,0,75.0,5,normal
1780604746.430366,83.99702270000125,306015,0.048096,0.036865,1.050537,0.312977,3.160305,-0.946565,1.052283,3.31383,12839,22396,9556,12839,0,75.0,5,normal
1780604746.462144,84.02880059999006,306046,0.052002,-0.032471,1.05249,2.366412,2.839695,-0.129771,1.054274,3.698732,12841,22401,9559,12841,1,75.0,4,normal
1780604746.4926023,84.05925890000071,306077,0.040527,-0.011719,1.053711,1.854962,2.458015,-0.396947,1.054555,3.104882,12843,22404,9560,12843,0,75.0,5,normal
1780604746.5227015,84.08935799999745,306108,0.049316,0.003418,1.0625,0.358779,3.396947,-0.916031,1.063649,3.536535,12844,22406,9561,12844,0,75.0,5,normal
1780604746.5529823,84.11963889999606,306138,0.059814,-0.041504,1.053223,2.839695,2.633588,0.038168,1.055736,3.873126,12845,22408,9562,12845,0,75.0,4,normal
1780604746.5857959,84.15245239999786,306169,0.022705,-0.010986,1.054932,2.229008,2.305344,-0.694656,1.055233,3.281102,12850,22414,9563,12850,0,75.0,5,normal
1780604746.6150198,84.18167649999668,306200,0.051514,0.026367,1.053223,-0.061069,3.419847,-0.80916,1.054811,3.514801,12852,22418,9565,12852,0,75.0,5,normal
1780604746.6462057,84.21286219998728,306231,0.023926,-0.067627,1.048096,2.549618,2.022901,-0.19084,1.050548,3.26023,12853,22423,9569,12853,1,75.0,18,normal
1780604746.6781108,84.24476750000031,306262,0.033691,-0.020508,1.053467,1.854962,2.229008,-0.412214,1.054205,2.929041,12857,22428,9570,12857,0,68.345,5,normal
1780604746.7091541,84.27581069999724,306293,0.024658,-0.026123,1.063965,0.10687,2.89313,-1.122137,1.064571,3.104966,12858,22430,9571,12858,0,68.345,5,normal
1780604746.7397156,84.30637219999335,306325,0.053955,-0.029053,1.053223,3.328244,3.29771,-0.251908,1.055004,4.692074,12859,22433,9573,12859,1,68.345,18,normal
1780604746.7710052,84.33766179998929,306356,0.052002,0.011719,1.04248,1.068702,2.748092,-0.198473,1.043842,2.955254,12862,22438,9575,12862,0,68.345,5,normal
1780604746.8021338,84.36879029999545,306387,0.0354,-0.044434,1.06543,0.167939,2.48855,-0.48855,1.066943,2.541607,12863,22440,9576,12863,0,68.345,5,normal
1780604746.8330026,84.39965909998864,306418,0.059326,-0.006592,1.053467,3.717557,3.450382,-0.21374,1.055156,5.07652,12865,22443,9577,12865,1,68.345,18,normal
1780604746.8644783,84.43113489999087,306449,0.048828,0.015137,1.050537,1.305344,2.396947,-0.358779,1.05178,2.752816,12868,22448,9579,12868,0,68.345,0,normal
1780604746.8955271,84.46218379998754,306480,0.032715,-0.05957,1.069336,0.480916,2.450382,-1.236641,1.071494,2.786563,12869,22450,9580,12869,0,68.345,5,normal
1780604746.9258997,84.49255640000047,306511,0.032959,-0.00293,1.053223,4.061068,2.946565,-0.221374,1.053742,5.022303,12874,22457,9582,12874,1,68.345,4,normal
1780604746.9568071,84.52346369999577,306542,0.064209,0.003906,1.038086,0.022901,2.328244,-0.641221,1.040077,2.415038,12877,22462,9584,12877,0,71.429,0,normal
1780604746.9889028,84.55555939998885,306573,0.050781,-0.06958,1.06958,1.007634,2.824427,-0.847328,1.073043,3.116196,12878,22464,9585,12878,0,71.429,5,normal
1780604747.0213013,84.58795779998763,306605,0.033447,-0.02832,1.062988,3.10687,2.748092,-0.610687,1.063891,4.192564,12881,22468,9586,12881,0,71.429,5,normal
1780604747.0528698,84.61952629999723,306637,0.047363,0.030762,1.053711,0.473282,2.748092,-0.900763,1.055223,2.930423,12882,22470,9587,12882,0,71.429,5,normal
1780604747.0830007,84.64965729998949,306668,0.031982,-0.037598,1.05249,2.48855,2.900763,-0.129771,1.053647,3.824153,12884,22476,9591,12884,0,71.429,0,normal
1780604747.114879,84.68153560000064,306699,0.04126,-0.013672,1.048584,2.19084,2.625954,-0.51145,1.049484,3.457889,12887,22480,9592,12887,0,71.429,5,normal
1780604747.1457927,84.71244920000026,306730,0.061523,0.002197,1.061279,0.236641,3.450382,-0.923664,1.063063,3.579705,12888,22482,9593,12888,0,71.429,5,normal
1780604747.176406,84.74306239999714,306761,0.060791,-0.076416,1.058838,2.10687,2.954198,0.083969,1.063331,3.629496,12890,22487,9596,12890,1,71.429,14,normal
1780604747.2097225,84.7763791999896,306793,0.04541,-0.014893,1.051758,1.267176,2.091603,-0.259542,1.052843,2.459248,12894,22492,9597,12894,0,67.729,5,normal
1780604747.2400124,84.80666909999854,306824,0.067627,-0.026855,1.053955,0.068702,2.519084,-1.122137,1.056464,2.758568,12896,22496,9599,12896,0,67.729,5,normal
1780604747.270611,84.83726770000067,306855,0.031982,-0.073486,1.04541,2.312977,3.725191,-0.671756,1.048478,4.436008,12898,22501,9602,12898,1,67.729,14,normal
1780604747.302429,84.8690854999877,306886,0.061768,-0.008545,1.034424,1.343511,2.549618,-0.160305,1.036302,2.886395,12900,22504,9603,12900,0,67.729,5,normal
1780604747.331614,84.8982704999944,306917,0.008545,-0.035645,1.054443,0.152672,2.465649,-0.78626,1.05508,2.592477,12901,22506,9604,12901,0,67.729,5,normal
1780604747.3640132,84.9306699000008,306948,0.051025,-0.036377,1.036865,3.694656,3.358779,-0.305344,1.038757,5.002511,12903,22511,9607,12903,1,67.729,4,normal
1780604747.3936408,84.9602973000001,306979,0.060791,0.000977,1.046143,1.022901,2.465649,-0.076336,1.047908,2.670502,12906,22516,9609,12906,0,67.729,5,normal
1780604747.4258716,84.99252829999023,307010,0.043945,-0.059082,1.057373,0.534351,2.679389,-1.229008,1.059934,2.99585,12907,22518,9610,12907,0,67.729,5,normal
1780604747.4564178,85.02307429999928,307041,0.065918,0.005371,1.059814,3.870229,3.343511,-0.343511,1.061876,5.125987,12909,22521,9611,12909,1,67.729,18,normal
1780604747.4881613,85.05481779998809,307072,0.054688,0.019287,1.036621,-0.167939,2.671756,-0.694656,1.038242,2.765688,12913,22526,9612,12913,0,68.1,5,normal
1780604747.5182858,85.08494239998981,307103,0.03125,-0.05835,1.066406,0.839695,2.770992,-0.847328,1.068458,3.016861,12915,22530,9614,12915,0,68.1,1,normal
1780604747.5500355,85.11669209999673,307134,0.044189,-0.023438,1.057129,3.458015,4.366412,-0.465649,1.058312,5.589298,12918,22534,9615,12918,0,68.1,5,normal
1780604747.5812328,85.14788929998758,307166,0.028564,-0.016113,1.03833,-0.427481,2.587786,-0.992366,1.038848,2.804312,12919,22536,9616,12919,0,68.1,5,normal
1780604747.6123576,85.17901419999544,307197,0.037354,-0.028076,1.051514,2.198473,2.519084,-0.328244,1.052551,3.359585,12920,22538,9617,12920,0,68.1,4,normal
1780604747.6439855,85.21064219999244,307228,0.037354,-0.007324,1.057861,2.580153,2.954198,-0.259542,1.058546,3.930883,12923,22542,9618,12923,0,68.1,6,normal
1780604747.6744435,85.24109999999928,307259,0.034424,0.01709,1.042725,0.259542,2.526718,-1.328244,1.043433,2.866338,12925,22546,9620,12925,0,68.1,5,normal
1780604747.7053905,85.27204709999205,307290,0.040283,-0.032959,1.051758,2.40458,2.78626,0.030534,1.053045,3.680514,12926,22550,9623,12926,0,68.1,3,normal
1780604747.7367413,85.3033979999891,307321,0.052002,-0.017578,1.061035,3.137405,2.030534,-0.496183,1.062454,3.769957,12931,22556,9624,12931,0,68.1,5,normal
1780604747.7673008,85.33395749999909,307352,0.038818,0.019043,1.044678,0.038168,3.175573,-0.778626,1.045572,3.269859,12933,22560,9626,12933,0,71.429,0,normal
1780604747.7984896,85.36514609999722,307383,0.05127,-0.070557,1.049805,2.229008,2.717557,-0.221374,1.053421,3.521732,12934,22563,9628,12934,1,71.429,17,normal
1780604747.8290513,85.39570779999485,307414,0.019775,-0.019531,1.05249,2.10687,1.977099,-0.442748,1.052857,2.922986,12937,22568,9630,12937,0,71.429,5,normal
1780604747.860804,85.42746059999627,307445,0.042725,0.009766,1.056152,0.045802,2.977099,-1.030534,1.057061,3.150749,12938,22570,9631,12938,0,71.429,5,normal
1780604747.8928783,85.45953499998723,307476,0.043945,-0.086914,1.041504,2.160305,3.480916,-0.427481,1.046048,4.119034,12939,22573,9633,12939,1,71.429,18,normal
1780604747.9228532,85.48950989999867,307507,0.028564,-0.028809,1.057617,1.419847,2.358779,-0.442748,1.058395,2.788518,12941,22576,9634,12941,0,71.429,5,normal
1780604747.9546704,85.52132709999569,307539,0.019775,-0.038086,1.054688,0.183206,2.10687,-0.717557,1.05556,2.233239,12942,22578,9635,12942,0,71.429,5,normal
1780604747.985468,85.55212459999893,307570,0.048828,-0.061279,1.044922,3.396947,3.381679,-0.465649,1.047855,4.81579,12945,22585,9639,12945,1,71.429,3,normal
1780604748.0173032,85.58395989998826,307601,0.044678,0.026855,1.042969,1.068702,2.824427,-0.335878,1.044271,3.038475,12948,22590,9641,12948,0,71.429,1,normal
1780604748.0484633,85.61511990000145,307632,0.035156,-0.051758,1.065674,0.442748,2.244275,-1.045802,1.067509,2.515252,12949,22592,9642,12949,0,57.143,5,normal
1780604748.0796175,85.64627399999881,307663,0.060547,-0.004883,1.046875,4.007634,3.030534,-0.366412,1.048636,5.03781,12952,22597,9644,12952,1,57.143,14,normal
1780604748.1097553,85.67641179999919,307694,0.062256,0.000244,1.028809,0.374046,2.503817,-0.229008,1.030691,2.541939,12954,22600,9645,12954,0,57.143,5,normal
1780604748.141628,85.70828449999681,307725,0.02417,-0.052979,1.065918,0.282443,2.656489,-0.89313,1.067507,2.816804,12957,22604,9646,12957,0,57.143,5,normal
1780604748.1716454,85.73830189999717,307756,0.03125,-0.010498,1.060303,3.816794,3.80916,-0.160305,1.060815,5.394748,12959,22607,9647,12959,1,57.143,17,normal
1780604748.2022202,85.76887669999269,307786,0.062256,0.023438,1.041748,1.007634,2.236641,-0.503817,1.04387,2.50434,12961,22610,9648,12961,0,57.143,5,normal
1780604748.2325807,85.79923720000079,307817,0.019043,-0.05127,1.061768,0.099237,2.580153,-0.977099,1.063175,2.760753,12962,22612,9649,12962,0,57.143,5,normal
1780604748.2628753,85.82953199998883,307848,0.047119,-0.010986,1.052246,3.839695,3.59542,-0.152672,1.053358,5.262472,12965,22617,9651,12965,1,57.143,4,normal
1780604748.2947414,85.86139789999288,307879,0.057617,0.022461,1.03833,0.137405,2.603053,-0.366412,1.04017,2.632304,12968,22622,9653,12968,0,57.143,5,normal
1780604748.3243527,85.89100930000131,307909,0.02832,-0.049316,1.068115,0.541985,2.442748,-1.21374,1.069628,2.780995,12970,22626,9655,12970,0,75.812,1,normal
1780604748.354959,85.92161549998855,307940,0.047119,0.001953,1.042725,3.648855,3.916031,0.068702,1.04379,5.352958,12972,22629,9656,12972,1,75.812,17,normal
1780604748.3859956,85.95265209999343,307971,0.042236,-0.00293,1.0271,0.19084,3.030534,-0.48855,1.027972,3.075588,12976,22634,9657,12976,0,75.812,5,normal
1780604748.4171305,85.98378709999088,308002,0.031738,-0.061035,1.060547,0.900763,2.763359,-1.0,1.062776,3.073683,12978,22638,9659,12978,0,75.812,0,normal
1780604748.4496627,86.01631929998985,308033,0.045898,-0.013672,1.057861,3.564885,3.206107,-0.068702,1.058945,4.795024,12980,22641,9660,12980,1,75.812,16,normal
1780604748.4820924,86.04874899999413,308065,0.028076,-0.018799,1.037598,-0.442748,2.564885,-0.992366,1.038148,2.78558,12982,22644,9661,12982,0,75.812,5,normal
1780604748.511811,86.07846759998938,308096,0.035156,-0.026123,1.050537,2.19084,2.366412,-0.465649,1.05145,3.258299,12983,22646,9662,12983,0,75.812,4,normal
1780604748.5490136,86.11567009999999,308134,0.030762,-0.008789,1.053223,2.473282,2.221374,-0.458015,1.053708,3.355802,12986,22650,9663,12986,0,75.812,5,normal
1780604748.58132,86.14797659999749,308165,0.050781,-0.032715,1.053955,1.961832,2.534351,-0.274809,1.055685,3.216713,12991,22656,9664,12991,0,82.031,0,normal
1780604748.6111581,86.17781470000045,308196,0.039551,-0.034668,1.056641,2.778626,3.198473,-0.015267,1.057949,4.236888,12994,22660,9665,12994,0,82.031,6,normal
1780604748.6417634,86.20841999999539,308227,0.03125,-0.022217,1.042725,-0.40458,2.877863,-0.923664,1.043429,3.049415,12997,22664,9666,12997,0,82.031,5,normal
1780604748.6734786,86.24013520000153,308258,0.035645,-0.027588,1.053223,2.664122,2.564885,-0.022901,1.054187,3.698203,12999,22668,9668,12999,0,82.031,0,normal
1780604748.705247,86.27190349999,308289,0.040283,-0.01709,1.056641,2.78626,2.022901,-0.374046,1.057546,3.46342,13002,22672,9669,13002,0,82.031,5,normal
1780604748.736508,86.30316459998721,308320,0.049805,0.013184,1.046387,0.038168,3.137405,-0.992366,1.047654,3.290829,13004,22676,9671,13004,0,82.031,5,normal
1780604748.7679536,86.33461029999307,308351,0.040283,-0.055908,1.050049,2.496183,2.152672,-0.175573,1.052308,3.300871,13005,22679,9673,13005,1,82.031,18,normal
1780604748.7993953,86.36605179999606,308383,0.035889,-0.019775,1.063477,1.671756,2.358779,-0.763359,1.064266,2.990204,13007,22682,9674,13007,0,82.031,5,normal
1780604748.8312395,86.39789599999494,308415,0.028564,-0.026855,1.060059,0.51145,2.412214,-0.908397,1.060783,2.62784,13008,22684,9675,13008,0,68.0,5,normal
1780604748.8618364,86.42849299999943,308446,0.056885,-0.075195,1.041992,3.076336,2.648855,-0.320611,1.046249,4.072231,13010,22689,9678,13010,1,68.0,3,normal
1780604748.8946922,86.46134869998787,308477,0.053955,-0.023926,1.049805,1.541985,2.839695,-0.145038,1.051462,3.234597,13013,22694,9680,13013,0,68.0,5,normal
1780604748.9297931,86.49644959998841,308508,0.042725,-0.053467,1.056152,0.328244,2.244275,-0.725191,1.058368,2.381264,13015,22698,9682,13015,0,68.0,0,normal
1780604748.9539335,86.52059010000085,308539,0.050781,-0.010986,1.048584,3.78626,3.419847,-0.206107,1.04987,5.106231,13016,22701,9684,13016,1,68.0,17,normal
1780604748.9860048,86.55266149999807,308570,0.040039,0.011719,1.04248,0.969466,2.038168,-0.557252,1.043315,2.324763,13020,22706,9685,13020,0,68.0,5,normal
1780604749.017409,86.58406559999275,308601,0.022461,-0.044434,1.059814,0.473282,2.145038,-1.091603,1.060983,2.452913,13021,22709,9687,13021,1,68.0,14,normal
1780604749.0476525,86.61430899999687,308632,0.04248,-0.012939,1.038086,3.305344,4.290076,-0.267176,1.039035,5.422309,13024,22713,9688,13024,1,68.0,17,normal
1780604749.0773892,86.64404579999973,308663,0.048584,0.000488,1.033203,0.129771,2.870229,-0.59542,1.034345,2.934209,13026,22716,9689,13026,0,68.0,5,normal
1780604749.1093378,86.67599429999245,308694,0.050049,-0.06665,1.060547,0.801527,2.572519,-1.053435,1.063817,2.8931,13027,22718,9690,13027,0,68.1,5,normal
1780604749.1403055,86.70696209999733,308725,0.058838,-0.037109,1.059082,3.198473,3.832061,-0.48855,1.061364,5.015337,13030,22722,9691,13030,0,68.1,5,normal
1780604749.172338,86.73899469999014,308756,0.034668,-0.015137,1.038818,-0.10687,2.931298,-0.969466,1.039507,3.089302,13032,22726,9693,13032,0,68.1,5,normal
1780604749.203045,86.76970159998746,308787,0.039062,-0.034912,1.064453,1.519084,3.053435,-0.778626,1.065742,3.498191,13035,22730,9694,13035,0,68.1,5,normal
1780604749.234341,86.80099749998772,308818,0.050781,-0.030273,1.057373,2.763359,3.648855,-0.015267,1.059024,4.577174,13039,22736,9696,13039,0,68.1,5,normal
1780604749.2636993,86.83035589999054,308849,0.052734,-0.021729,1.0354,-0.320611,2.908397,-0.618321,1.03697,2.990633,13041,22740,9698,13041,0,68.1,0,normal
1780604749.2945442,86.86120089999167,308879,0.050781,-0.039795,1.062012,1.374046,2.534351,-1.0,1.06397,3.051383,13042,22742,9699,13042,0,68.1,5,normal
1780604749.3250268,86.89168339999742,308909,0.053955,-0.019287,1.050049,3.801527,3.938931,-0.175573,1.051611,5.477008,13045,22747,9701,13045,1,68.1,3,normal
1780604749.3538904,86.92054690000077,308940,0.043213,0.0,1.033691,-0.007634,2.664122,-0.633588,1.034594,2.738437,13047,22750,9702,13047,0,68.1,5,normal
1780604749.3856986,86.95235509998747,308970,0.030273,-0.05127,1.057617,0.687023,2.343511,-1.061069,1.059292,2.662689,13048,22752,9703,13048,0,76.087,5,normal
1780604749.4155388,86.98219539999263,309001,0.055176,0.000244,1.049805,3.954198,3.175573,-0.129771,1.051254,5.073144,13050,22755,9704,13050,1,76.087,16,normal
1780604749.4483404,87.01499689999036,309032,0.041504,0.001465,1.03833,-0.053435,2.755725,-0.793893,1.03916,2.8683,13052,22758,9705,13052,0,76.087,5,normal
1780604749.4798615,87.0465181999898,309063,0.046143,-0.05542,1.067139,1.053435,2.229008,-0.923664,1.069573,2.632747,13057,22764,9706,13057,0,76.087,0,normal
1780604749.5103445,87.07700099999784,309095,0.057373,-0.033936,1.063965,3.21374,3.0,-0.412214,1.066051,4.41566,13060,22768,9707,13060,0,76.087,5,normal
1780604749.5404046,87.10706109998864,309126,0.042236,0.003906,1.046631,-0.061069,2.816794,-0.916031,1.04749,2.962629,13063,22772,9708,13063,0,76.087,5,normal
1780604749.5715246,87.13818119998905,309156,0.044434,-0.036133,1.060791,1.587786,3.083969,-0.580153,1.062336,3.516889,13064,22774,9709,13064,0,76.087,5,normal
1780604749.603779,87.17043569999805,309188,0.051025,-0.017578,1.055908,2.656489,3.145038,-0.076336,1.057286,4.117526,13067,22778,9710,13067,0,76.087,5,normal
1780604749.635342,87.20199849999335,309219,0.044189,0.008789,1.046143,0.091603,2.954198,-0.801527,1.047112,3.062372,13069,22782,9712,13069,0,76.087,5,normal
1780604749.665678,87.23233459999028,309250,0.042969,-0.045166,1.066406,2.183206,2.641221,-0.343511,1.068227,3.443899,13070,22785,9714,13070,1,78.571,18,normal
1780604749.6986823,87.26533899999049,309282,0.041504,-0.027588,1.057617,1.633588,2.374046,-0.343511,1.058791,2.902189,13072,22788,9715,13072,0,78.571,5,normal
1780604749.7303884,87.2970451000001,309314,0.041504,-0.036621,1.063232,-0.022901,2.40458,-0.862595,1.064672,2.554721,13074,22792,9717,13074,0,78.571,1,normal
1780604749.7600956,87.32675209999434,309345,0.058838,-0.072998,1.054443,3.519084,2.70229,-0.328244,1.058604,4.449052,13076,22797,9720,13076,1,78.571,3,normal
1780604749.7923543,87.35901099999319,309375,0.040039,-0.015137,1.046387,1.549618,2.229008,-0.343511,1.047262,2.736383,13079,22802,9722,13079,0,78.571,5,normal
1780604749.8263974,87.39305400000012,309406,0.022461,-0.033203,1.053223,0.183206,2.320611,-0.778626,1.053985,2.454599,13081,22806,9724,13081,0,78.571,0,normal
1780604749.85385,87.42050639999798,309437,0.060059,-0.07251,1.05127,3.091603,2.992366,-0.221374,1.055477,4.30828,13082,22809,9726,13082,1,78.571,18,normal
1780604749.8836346,87.45029109998723,309468,0.055176,-0.01416,1.05127,1.40458,2.916031,-0.221374,1.052812,3.244239,13084,22812,9727,13084,0,78.571,5,normal
1780604749.9152076,87.48186409998743,309499,0.020508,-0.029785,1.05835,0.78626,2.343511,-0.992366,1.058967,2.663652,13085,22814,9728,13085,0,78.571,5,normal
1780604749.946228,87.51288449999993,309530,0.052246,0.004395,1.041016,3.832061,3.091603,-0.603053,1.042335,4.960482,13090,22821,9730,13090,1,71.429,3,normal
1780604749.977503,87.54415969998809,309561,0.052246,0.023438,1.038086,0.78626,2.969466,-0.503817,1.039664,3.112838,13092,22824,9731,13092,0,71.429,5,normal
1780604750.0085187,87.57517519999237,309592,0.029053,-0.04834,1.053223,0.51145,2.358779,-0.801527,1.054732,2.5432,13093,22826,9732,13093,0,71.429,5,normal
1780604750.0387168,87.60537349998776,309623,0.056885,0.005127,1.053223,3.679389,3.206107,-0.251908,1.05477,4.886766,13096,22831,9734,13096,1,71.429,15,normal
1780604750.0693681,87.6360246999975,309654,0.045898,0.001465,1.039551,0.099237,2.419847,-0.572519,1.040565,2.488632,13100,22836,9735,13100,0,71.429,5,normal
1780604750.100859,87.6675155999983,309685,0.048828,-0.059814,1.062988,1.030534,2.587786,-1.244275,1.065789,3.050714,13103,22840,9736,13103,0,71.429,5,normal
1780604750.131407,87.69806369999424,309716,0.046631,-0.019043,1.053955,3.519084,3.839695,-0.053435,1.055158,5.208653,13107,22846,9738,13107,0,71.429,5,normal
1780604750.1618469,87.72850349999499,309747,0.037598,-0.007568,1.026611,-0.480916,2.954198,-0.862595,1.027327,3.114906,13108,22848,9739,13108,0,71.429,5,normal
1780604750.192172,87.75882859999547,309777,0.027832,-0.055908,1.061279,0.923664,2.061069,-0.961832,1.063115,2.454848,13109,22850,9740,13109,0,71.429,5,normal
1780604750.2238762,87.79053279999061,309808,0.057373,-0.019775,1.049805,3.847328,2.923664,-0.709924,1.051557,4.884029,13112,22855,9742,13112,0,79.137,3,normal
1780604750.255118,87.82177450000017,309839,0.047852,-0.002686,1.035644,-0.541985,2.564885,-0.908397,1.036753,2.774449,13115,22860,9744,13115,0,79.137,5,normal
1780604750.2872872,87.8539438000007,309870,0.050781,-0.033936,1.061035,1.236641,2.534351,-0.778626,1.062792,2.925487,13116,22862,9745,13116,0,79.137,5,normal
1780604750.3173568,87.88401339999109,309901,0.053711,-0.035889,1.058838,3.0,2.908397,-0.351145,1.060806,4.193098,13119,22866,9746,13119,0,79.137,5,normal
1780604750.3485572,87.91521389999252,309932,0.024902,-0.020752,1.038574,-0.19084,2.916031,-0.931298,1.03908,3.067078,13122,22870,9747,13122,0,79.137,5,normal
1780604750.3795602,87.94621689998894,309963,0.046387,-0.028564,1.060059,1.992366,2.709924,-0.221374,1.061457,3.370789,13124,22874,9749,13124,0,79.137,0,normal
1780604750.4113486,87.97800519999873,309994,0.039795,-0.014893,1.05835,2.534351,2.992366,-0.450382,1.059202,3.947155,13127,22878,9750,13127,0,79.137,6,normal
1780604750.4419498,88.00860639999155,310026,0.043213,0.016113,1.062012,0.175573,2.618321,-0.984733,1.063013,2.802878,13128,22880,9751,13128,0,79.137,5,normal
1780604750.4732313,88.03988799999934,310057,0.024902,-0.056152,1.049805,2.061069,2.137405,-0.282443,1.0516,2.982663,13129,22883,9753,13129,1,79.137,18,normal
1780604750.5039058,88.07056239999656,310088,0.026855,-0.010498,1.052002,1.923664,1.770992,-0.267176,1.052397,2.628361,13131,22886,9754,13131,0,67.857,5,normal
1780604750.5346303,88.10128679999616,310119,0.062744,0.01001,1.065186,0.267176,2.435115,-1.351145,1.067079,2.797635,13133,22890,9756,13133,0,67.857,6,normal
1780604750.5656927,88.13234919999377,310150,0.049561,-0.085693,1.046631,2.282443,2.251908,-0.610687,1.051302,3.263981,13134,22895,9760,13134,1,67.857,18,normal
1780604750.5962963,88.16295279999031,310181,0.033203,-0.025391,1.051025,1.694656,2.427481,-0.305344,1.051856,2.976199,13138,22900,9761,13138,0,67.857,5,normal
1780604750.62727,88.19392649999645,310212,0.027832,-0.019287,1.053711,0.312977,2.534351,-1.244275,1.054255,2.840618,13140,22904,9763,13140,0,67.857,1,normal
1780604750.658537,88.22519359999569,310243,0.032471,-0.089355,1.056152,2.305344,3.152672,-0.427481,1.060423,3.928955,13141,22907,9765,13141,1,67.857,18,normal
1780604750.6901755,88.25683209999988,310274,0.033936,-0.019287,1.045898,1.145038,2.183206,-0.496183,1.046627,2.514697,13144,22912,9767,13144,0,67.857,5,normal
1780604750.7214892,88.28814579999016,310305,0.019531,-0.038086,1.05127,0.480916,2.389313,-1.160305,1.05214,2.699334,13145,22914,9768,13145,0,67.857,5,normal
1780604750.7527802,88.31943689999753,310337,0.041504,-0.013916,1.045654,3.427481,3.145038,-0.389313,1.04657,4.668024,13146,22917,9770,13146,1,67.857,18,normal
1780604750.784395,88.35105159999512,310369,0.039307,-0.022949,1.039062,-0.137405,2.312977,-1.10687,1.040059,2.56786,13148,22920,9771,13148,0,60.498,5,normal
1780604750.8162382,88.38289480000094,310400,0.034424,-0.028564,1.057129,1.763359,2.961832,-0.641221,1.058075,3.506144,13150,22924,9773,13150,0,60.498,0,normal
1780604750.8476672,88.41432389999682,310432,0.052979,-0.033936,1.056396,2.458015,3.664122,-0.236641,1.058268,4.418555,13154,22930,9775,13154,0,60.498,5,normal
1780604750.8789637,88.44562020000012,310463,0.035889,-0.017578,1.037598,-0.152672,3.412214,-0.862595,1.038367,3.522866,13156,22934,9777,13156,0,60.498,0,normal
1780604750.9096668,88.47632339999836,310494,0.05249,-0.025391,1.065186,2.89313,2.40458,-0.206107,1.06678,3.767584,13157,22936,9778,13157,0,60.498,4,normal
1780604750.940415,88.50707149998925,310525,0.029541,-0.009766,1.052246,2.221374,3.099237,-0.175573,1.052706,3.817145,13161,22942,9780,13161,0,60.498,6,normal
1780604750.971321,88.5379777999915,310555,0.038818,-0.016602,1.04834,0.21374,2.709924,-0.870229,1.04919,2.854237,13162,22944,9781,13162,0,60.498,5,normal
1780604751.0025241,88.56918069999665,310586,0.044678,-0.033203,1.049805,2.419847,3.152672,-0.229008,1.051279,3.980885,13163,22948,9784,13163,0,60.498,4,normal
1780604751.0328815,88.5995380999957,310617,0.033691,-0.006836,1.059082,2.80916,2.770992,-0.465649,1.05964,3.973236,13166,22952,9785,13166,0,60.498,5,normal
1780604751.0648494,88.63150599999062,310648,0.043457,0.033203,1.056641,0.274809,2.854962,-0.801527,1.058055,2.978048,13167,22954,9786,13167,0,68.1,5,normal
1780604751.0959966,88.6626530999929,310679,0.036621,-0.033936,1.061035,2.206107,2.267176,0.068702,1.062209,3.164129,13168,22957,9788,13168,1,68.1,18,normal
1780604751.127144,88.69380079999974,310711,0.020508,-0.016602,1.057617,1.549618,2.656489,-0.908397,1.057946,3.20678,13171,22962,9790,13171,0,68.1,5,normal
1780604751.1573062,88.7239627999952,310742,0.052979,-0.006836,1.063721,0.160305,3.137405,-0.984733,1.065061,3.292219,13173,22966,9792,13173,0,68.1,5,normal
1780604751.1891818,88.7558382999996,310773,0.035645,-0.074951,1.047607,2.412214,2.496183,-0.442748,1.05089,3.49939,13175,22971,9795,13175,1,68.1,14,normal
1780604751.2197664,88.78642299999774,310804,0.043701,-0.012695,1.052246,1.251908,2.458015,-0.251908,1.05323,2.769941,13178,22976,9797,13178,0,68.1,0,normal
1780604751.2503624,88.81701889999385,310835,0.032715,-0.028076,1.052978,0.076336,2.290076,-0.870229,1.053861,2.451036,13179,22978,9798,13179,0,68.1,5,normal
1780604751.2824397,88.8490962999931,310866,0.040283,-0.070068,1.044434,2.648855,3.366412,-0.389313,1.047556,4.301247,13181,22983,9801,13181,1,68.1,3,normal
1780604751.3124878,88.87914449999516,310897,0.029053,-0.013672,1.048828,1.358779,1.984733,-0.40458,1.04932,2.439084,13183,22986,9802,13183,0,68.1,5,normal
1780604751.343274,88.90993059999892,310928,0.008057,-0.04248,1.05542,0.473282,2.290076,-1.129771,1.056305,2.597081,13184,22988,9803,13184,0,60.714,5,normal
1780604751.3749475,88.94160419999389,310959,0.05249,-0.031982,1.042236,3.603053,3.145038,-0.572519,1.044047,4.816745,13185,22991,9805,13185,1,60.714,17,normal
1780604751.40539,88.97204649999912,310990,0.0625,-0.00293,1.05127,1.167939,2.763359,-0.366412,1.05313,3.022332,13187,22994,9806,13187,0,60.714,5,normal
1780604751.436384,89.00304049999977,311020,0.018066,-0.040283,1.054688,0.679389,2.129771,-1.183206,1.055611,2.529322,13190,22998,9807,13190,0,60.714,5,normal
1780604751.467835,89.03449159998854,311051,0.039062,-0.017822,1.047607,3.839695,3.099237,-0.51145,1.048487,4.960858,13193,23003,9809,13193,1,60.714,18,normal
1780604751.4967353,89.06339189999562,311082,0.05249,0.008057,1.04834,1.10687,2.366412,-0.412214,1.049684,2.644804,13197,23008,9810,13197,0,60.714,5,normal
1780604751.5292132,89.09586979998858,311113,0.049561,-0.042236,1.057617,0.435114,2.328244,-0.870229,1.05962,2.52336,13199,23012,9812,13199,0,60.714,1,normal
1780604751.560411,89.12706759999855,311144,0.04541,0.010742,1.04541,3.755725,3.740458,-0.725191,1.046451,5.34999,13201,23015,9813,13201,1,60.714,17,normal
1780604751.5905757,89.15723230000003,311175,0.067139,0.013184,1.046143,0.389313,3.221374,-0.473282,1.048378,3.279148,13204,23020,9815,13204,0,60.714,5,normal
1780604751.622605,89.18926169999759,311206,0.042236,-0.062744,1.059814,1.038168,2.427481,-1.099237,1.06251,2.859856,13205,23022,9816,13205,0,75.54,5,normal
1780604751.6533403,89.21999689999211,311238,0.052979,-0.042969,1.056885,2.89313,3.48855,-0.282443,1.059084,4.54092,13208,23026,9817,13208,0,75.54,5,normal
1780604751.6853507,89.25200719998975,311269,0.023926,-0.011475,1.029785,0.10687,2.748092,-0.908397,1.030127,2.89631,13209,23028,9818,13209,0,75.54,5,normal
1780604751.7163014,89.2829580999969,311300,0.038574,-0.033447,1.05542,2.251908,2.946565,-0.541985,1.056654,3.747944,13212,23032,9819,13212,0,75.54,0,normal
1780604751.7467947,89.31345129999681,311331,0.042725,-0.041748,1.054443,2.694656,3.793893,-0.19084,1.056134,4.657383,13216,23038,9821,13216,0,75.54,5,normal
1780604751.7774723,89.34412879998854,311362,0.042725,-0.02832,1.028564,0.244275,2.328244,-0.832061,1.029841,2.484495,13218,23042,9823,13218,0,75.54,0,normal
1780604751.8091972,89.37585369999579,311393,0.035889,-0.030029,1.05957,2.305344,2.541985,-0.29771,1.060603,3.44455,13219,23044,9824,13219,0,75.54,4,normal
1780604751.8419979,89.40865439998743,311424,0.059814,-0.022949,1.055176,2.89313,2.770992,-0.442748,1.057119,4.030462,13224,23050,9825,13224,0,75.54,5,normal
1780604751.8760276,89.44268419999571,311455,0.045898,0.014404,1.049805,0.29771,2.801527,-0.916031,1.050906,2.962481,13225,23052,9826,13225,0,75.54,5,normal
1780604751.9025044,89.4691610000009,311486,0.039062,-0.027832,1.050537,2.343511,2.381679,0.038168,1.051631,3.341542,13226,23057,9830,13226,1,75.0,18,normal
1780604751.9346495,89.50130609999178,311518,0.044922,-0.016846,1.057373,1.832061,1.977099,-0.641221,1.058461,2.770656,13228,23060,9831,13228,0,75.0,5,normal
1780604751.9660642,89.53272069999366,311549,0.041016,-0.017334,1.062744,0.412214,2.458015,-1.152672,1.063676,2.745981,13229,23062,9832,13229,0,75.0,5,normal
1780604751.9961488,89.56280549999792,311580,0.032471,-0.088623,1.044189,2.091603,3.984733,-0.396947,1.048446,4.517794,13230,23065,9834,13230,1,75.0,18,normal
1780604752.029173,89.5958294999873,311611,0.020996,-0.019531,1.056885,1.381679,2.305344,-0.282443,1.057274,2.702484,13233,23070,9836,13233,0,75.0,5,normal
1780604752.0577254,89.62438209999527,311642,0.016357,-0.030762,1.052734,0.290076,2.450382,-0.954198,1.053311,2.645564,13235,23074,9838,13235,0,75.0,5,normal
1780604752.0890863,89.65574299999571,311673,0.061523,-0.065186,1.050781,2.236641,3.389313,-0.29771,1.054597,4.071687,13237,23079,9841,13237,1,75.0,15,normal
1780604752.1208506,89.68750709999586,311704,0.051758,-0.015381,1.052246,1.175572,2.381679,-0.206107,1.05363,2.663991,13241,23084,9842,13241,0,75.0,0,normal
1780604752.1509686,89.71762509999098,311735,0.034912,-0.040039,1.052002,0.10687,2.305344,-1.091603,1.053342,2.552964,13242,23086,9843,13242,0,75.0,5,normal
1780604752.181411,89.74806749999698,311766,0.044678,0.001709,1.047363,3.541985,3.51145,-0.480916,1.048317,5.01071,13244,23091,9846,13244,1,64.286,4,normal
1780604752.213259,89.7799154999957,311797,0.050293,0.009521,1.043945,1.091603,2.648855,-0.312977,1.045199,2.88201,13246,23094,9847,13246,0,64.286,5,normal
1780604752.2441359,89.81079239999235,311828,0.024902,-0.050293,1.064209,0.557252,2.633588,-0.969466,1.065688,2.86115,13247,23096,9848,13247,0,64.286,5,normal
1780604752.2768583,89.84351489999972,311860,0.064941,-0.033936,1.058838,3.419847,3.274809,-0.480916,1.06137,4.759308,13250,23100,9849,13250,0,64.286,5,normal
1780604752.30801,89.87466679999488,311892,0.053955,-0.020752,1.049561,-0.030534,2.78626,-1.259542,1.051151,3.057878,13251,23102,9850,13251,0,64.286,5,normal
1780604752.3392751,89.90593159999116,311923,0.056641,-0.021729,1.051758,2.122137,3.007634,-0.167939,1.053506,3.68477,13253,23108,9854,13253,0,64.286,0,normal
1780604752.3704495,89.93710609999835,311954,0.048096,-0.03125,1.057373,2.549618,3.610687,-0.290076,1.058927,4.429646,13256,23112,9855,13256,0,64.286,6,normal
1780604752.4015472,89.96820389998902,311985,0.037842,-0.01416,1.03418,0.305344,2.671756,-0.854962,1.034969,2.821786,13259,23116,9856,13259,0,64.286,5,normal
1780604752.4328923,89.99954900000012,312016,0.057861,-0.033447,1.050293,2.587786,2.412214,-0.114504,1.052417,3.539566,13261,23120,9858,13261,0,68.0,0,normal
1780604752.4628482,90.02950479999708,312047,0.041016,-0.011475,1.057373,2.977099,2.282443,-0.870229,1.05823,3.850969,13264,23124,9859,13264,0,68.0,5,normal
