host_epoch_s,host_elapsed_s,time_ms,ax,ay,az,gx,gy,gz,acc_mag,gyro_mag,pulse_count,edge_count,rise_count,fall_count,state,pulse_rate_hz,last_edge_dt_ms,label
1780598901.7337978,0.03200540000398178,846040,0.047363,-0.045166,1.051025,1.061069,2.59542,-0.923664,1.053061,2.952156,14638,24639,9999,14638,0,110.714,1,normal
1780598901.7655702,0.06377760000759736,846071,0.056152,-0.006104,1.059326,2.877863,3.259542,-0.534351,1.060831,4.380894,14640,24644,10002,14640,1,110.714,14,normal
1780598901.7956493,0.09385679999832064,846102,0.049561,0.008545,1.046875,0.862595,2.832061,-0.816794,1.048082,3.071122,14645,24651,10004,14645,0,110.714,0,normal
1780598901.8279617,0.12616919999709353,846133,0.036621,-0.044678,1.05542,1.961832,2.549618,-0.877863,1.057,3.334664,14647,24655,10006,14647,0,110.714,1,normal
1780598901.856862,0.1550697000056971,846164,0.058838,-0.008301,1.058594,2.908397,3.381679,-0.374046,1.06026,4.475984,14651,24661,10008,14651,0,110.714,6,normal
1780598901.887888,0.18609550000110175,846194,0.024414,-0.024658,1.050537,0.335878,2.641221,-1.061069,1.05111,2.866135,14655,24667,10010,14655,0,107.527,0,normal
1780598901.9195657,0.21777319999819156,846225,0.040527,-0.042236,1.058594,1.832061,2.549618,-0.366412,1.060211,3.160895,14657,24671,10012,14657,0,107.527,1,normal
1780598901.9502966,0.248504100003629,846257,0.052734,-0.035889,1.053223,1.946565,2.70229,-0.664122,1.055152,3.39596,14662,24677,10013,14662,0,107.527,6,normal
1780598901.982016,0.28022369999962393,846288,0.057129,-0.003418,1.068604,0.89313,3.519084,-0.732824,1.070135,3.703872,14665,24681,10014,14665,0,107.527,6,normal
1780598902.0130777,0.311285300005693,846319,0.0271,-0.044678,1.045166,2.183206,2.10687,-0.664122,1.046472,3.105857,14667,24686,10017,14667,1,107.527,14,normal
1780598902.0448182,0.3430256999999983,846350,0.052002,-0.017822,1.050537,1.664122,2.503817,-0.877863,1.051974,3.131939,14673,24693,10018,14673,0,107.527,1,normal
1780598902.0798469,0.37805430000298657,846382,0.047119,-0.046387,1.061523,1.244275,2.633588,-0.839695,1.063581,3.031352,14675,24697,10020,14675,0,107.527,0,normal
1780598902.107781,0.4059884000016609,846413,0.047363,0.002197,1.050049,2.992366,3.320611,-0.40458,1.051119,4.488251,14678,24702,10022,14678,1,107.527,14,normal
1780598902.138864,0.43707159999758005,846444,0.056641,-0.015137,1.04541,0.671756,2.694656,-1.198473,1.047053,3.024693,14683,24709,10024,14683,0,112.0,0,normal
1780598902.1699762,0.46818379999604076,846475,0.02124,-0.031982,1.050293,1.709924,2.89313,-1.053435,1.050994,3.521898,14685,24713,10026,14685,0,112.0,0,normal
1780598902.2011542,0.49936170000000857,846506,0.050293,-0.032471,1.055176,2.229008,2.946565,-0.450382,1.056873,3.722038,14689,24719,10028,14689,0,112.0,5,normal
1780598902.2315965,0.5298040000052424,846537,0.038086,0.008301,1.056641,0.740458,3.083969,-0.816794,1.057359,3.275103,14693,24725,10030,14693,0,112.0,0,normal
1780598902.2627528,0.5609604000055697,846568,0.041992,-0.033936,1.053711,2.076336,2.618321,-0.51145,1.055093,3.380585,14695,24730,10033,14695,1,112.0,14,normal
1780598902.2921896,0.5903971000079764,846599,0.03125,-0.037109,1.051758,1.984733,2.450382,-0.458015,1.052876,3.186426,14700,24737,10035,14700,0,112.0,0,normal
1780598902.3223023,0.6205099000071641,846630,0.059326,0.000732,1.0625,0.977099,3.244275,-0.946565,1.064155,3.517958,14702,24741,10037,14702,0,112.0,0,normal
1780598902.3547242,0.652931600008742,846660,0.032959,-0.054932,1.043945,2.557252,2.045802,-0.625954,1.045909,3.334166,14704,24746,10040,14704,1,112.0,14,normal
1780598902.3849442,0.6831516999955056,846691,0.042725,-0.006348,1.058106,1.847328,2.335878,-0.78626,1.058987,3.080122,14709,24753,10042,14709,0,112.0,1,normal
1780598902.4166987,0.7149061999953119,846722,0.043213,-0.024658,1.064941,0.687023,3.030534,-0.816794,1.066103,3.212988,14711,24757,10044,14711,0,100.719,1,normal
1780598902.4477262,0.7459338000044227,846753,0.051025,-0.07666,1.037842,2.412214,2.725191,-0.541985,1.041919,3.679564,14713,24762,10047,14713,1,100.719,14,normal
1780598902.4784372,0.7766446000023279,846784,0.040771,-0.012207,1.047363,1.778626,2.534351,-0.374046,1.048228,3.118711,14718,24769,10049,14718,0,100.719,1,normal
1780598902.509591,0.8077985999989323,846815,0.070312,-0.061035,1.056885,0.816794,2.366412,-0.984733,1.060978,2.690122,14720,24773,10051,14720,0,100.719,1,normal
1780598902.5397437,0.8379512999963481,846846,0.05249,-0.005127,1.052002,2.885496,3.442748,-0.274809,1.053323,4.500458,14724,24779,10053,14724,0,100.719,6,normal
1780598902.571858,0.8700654999993276,846877,0.044434,-0.02002,1.051758,0.664122,2.770992,-0.870229,1.052886,2.979388,14728,24785,10055,14728,0,100.719,0,normal
1780598902.6021504,0.9003578999981983,846908,0.044434,-0.041992,1.053467,1.610687,3.061069,-0.89313,1.055239,3.572413,14730,24789,10057,14730,0,100.719,1,normal
1780598902.6335883,0.9317959000036353,846939,0.053955,-0.031982,1.058838,2.328244,2.778626,-0.59542,1.060694,3.673691,14735,24795,10058,14735,0,100.719,6,normal
1780598902.6632123,0.9614198000053875,846970,0.052002,-0.005615,1.053955,0.793893,3.274809,-1.053435,1.055252,3.530491,14737,24799,10060,14737,0,100.719,0,normal
1780598902.6960588,0.9942661999957636,847001,0.035889,-0.038818,1.041016,2.229008,2.458015,-0.587786,1.042357,3.369838,14739,24804,10063,14739,1,100.358,13,normal
1780598902.7273448,1.0255523000087123,847033,0.025635,0.005127,1.050781,1.229008,2.343511,-0.610687,1.051106,2.715777,14744,24811,10065,14744,0,100.358,1,normal
1780598902.7577803,1.0559878000058234,847064,0.03125,-0.03418,1.054199,0.641221,2.793893,-0.839695,1.055216,2.986987,14746,24815,10067,14746,0,100.358,0,normal
1780598902.788137,1.0863444999995409,847094,0.038574,-0.057861,1.04248,1.89313,2.778626,-0.687023,1.044797,3.43172,14748,24820,10070,14748,1,100.358,13,normal
1780598902.818244,1.1164513999974588,847124,0.020264,-0.008301,1.047607,1.610687,2.587786,-0.320611,1.047836,3.064921,14752,24825,10071,14752,0,100.358,1,normal
1780598902.8501978,1.1484054000029573,847155,0.018799,-0.042236,1.049072,0.824427,3.10687,-0.839695,1.05009,3.32226,14754,24829,10073,14754,0,100.358,0,normal
1780598902.8798666,1.1780741999973543,847186,0.046143,-0.043701,1.049805,2.900763,2.664122,-0.770992,1.051727,4.013278,14757,24834,10075,14757,1,100.358,14,normal
1780598902.912089,1.2102966999955242,847217,0.051025,-0.014404,1.052246,1.053435,2.305344,-1.221374,1.053581,2.813554,14762,24841,10077,14762,0,100.358,0,normal
1780598902.942417,1.240624400001252,847248,0.034668,-0.043701,1.048584,1.587786,2.603053,-0.992366,1.050067,3.206516,14764,24845,10079,14764,0,100.358,0,normal
1780598902.986612,1.2848194999969564,847279,0.043213,-0.009766,1.052978,2.679389,4.183206,-0.389313,1.05391,4.982961,14768,24851,10081,14768,0,104.317,5,normal
1780598903.0032349,1.301442500000121,847309,0.05542,-0.018799,1.048096,0.442748,2.305344,-1.053435,1.049728,2.573006,14772,24857,10083,14772,0,104.317,0,normal
1780598903.034117,1.3323245000065072,847340,0.030273,-0.038574,1.057129,1.70229,3.160305,-0.694656,1.058266,3.65621,14773,24859,10084,14773,0,104.317,5,normal
1780598903.0656853,1.363892699999269,847371,0.057373,-0.037842,1.061035,2.419847,2.839695,-0.732824,1.063259,3.802178,14776,24865,10087,14776,0,104.317,5,normal
1780598903.0967839,1.394991299996036,847402,0.05542,-0.028076,1.064209,0.557252,3.053435,-0.748092,1.066021,3.192748,14780,24871,10089,14780,0,104.317,0,normal
1780598903.1280546,1.426262199995108,847433,0.038574,-0.027344,1.053467,1.923664,2.603053,-0.59542,1.054527,3.291032,14782,24876,10092,14782,1,104.317,14,normal
1780598903.1588902,1.4570977999974275,847465,0.018311,-0.002441,1.046387,1.519084,2.59542,-0.526718,1.04655,3.053072,14787,24883,10094,14787,0,104.317,1,normal
1780598903.1894042,1.4876117999956477,847495,0.058105,-0.009033,1.067139,0.969466,3.061069,-1.206107,1.068758,3.429971,14789,24887,10096,14789,0,104.317,0,normal
1780598903.220398,1.5186055000085616,847526,0.04834,-0.071533,1.048096,1.824428,2.778626,-0.465649,1.051646,3.356505,14791,24892,10099,14791,1,104.317,14,normal
1780598903.2523208,1.5505283999955282,847557,0.035889,-0.006104,1.050049,1.351145,2.274809,-0.572519,1.05068,2.707052,14796,24899,10101,14796,0,100.719,1,normal
1780598903.2812738,1.5794812999956775,847588,0.031738,-0.055176,1.050781,0.839695,2.458015,-1.0,1.052707,2.78333,14798,24903,10103,14798,0,100.719,1,normal
1780598903.3142242,1.6124317000067094,847618,0.050781,-0.019043,1.058594,2.89313,2.335878,-0.816794,1.059982,3.807056,14800,24908,10106,14800,1,100.719,14,normal
1780598903.343334,1.6415415999945253,847650,0.053955,0.000488,1.055664,0.70229,2.114504,-0.778626,1.057042,2.360211,14805,24915,10108,14805,0,100.719,1,normal
1780598903.3770025,1.6752101000020048,847681,0.047607,-0.043701,1.058838,1.763359,2.389313,-1.183206,1.060808,3.196596,14807,24919,10110,14807,0,100.719,1,normal
1780598903.406642,1.7048494000046048,847712,0.063232,-0.015625,1.054199,2.580153,3.687023,-0.687023,1.056209,4.552288,14811,24925,10112,14811,0,100.719,6,normal
1780598903.43702,1.7352277000027243,847743,0.044678,-0.031494,1.044922,0.351145,2.564885,-1.221374,1.046351,2.862463,14815,24931,10114,14815,0,100.719,0,normal
1780598903.4699,1.768107299998519,847774,0.045166,-0.027588,1.044434,2.045802,2.473282,-0.824427,1.045774,3.313927,14816,24934,10116,14816,1,100.719,18,normal
1780598903.5008633,1.7990709000005154,847806,0.009766,-0.021729,1.044678,1.526718,2.229008,-0.572519,1.044949,2.761724,14822,24941,10117,14822,0,100.719,0,normal
1780598903.5317547,1.8299623000057181,847837,0.043213,-0.009277,1.068115,0.931298,3.114504,-1.19084,1.069029,3.462015,14824,24945,10119,14824,0,100.0,0,normal
1780598903.561878,1.8600853999960236,847868,0.029297,-0.056885,1.043213,1.801527,2.312977,-0.549618,1.045173,2.982858,14826,24950,10122,14826,1,100.0,13,normal
1780598903.5925312,1.890738700007205,847899,0.043213,-0.000488,1.04834,1.580153,2.885496,-0.465649,1.04923,3.32262,14831,24957,10124,14831,0,100.0,0,normal
1780598903.623919,1.9221265999949537,847930,0.021484,-0.04126,1.047119,0.908397,2.900763,-0.603053,1.048152,3.098917,14832,24959,10125,14832,0,100.0,6,normal
1780598903.6549342,1.9531415999954334,847961,0.037842,-0.003906,1.045654,2.885496,3.114504,-0.580153,1.046346,4.285184,14835,24964,10127,14835,1,100.0,14,normal
1780598903.687422,1.9856295000063255,847992,0.036133,-0.028076,1.050293,0.450382,2.854962,-0.938931,1.051289,3.038954,14840,24971,10129,14840,0,100.0,0,normal
1780598903.7189019,2.0171092999953544,848024,0.061035,-0.040283,1.050049,2.305344,3.076336,-0.816794,1.052592,3.93009,14842,24976,10132,14842,1,100.0,14,normal
1780598903.7491112,2.0473187000025064,848055,0.050781,-0.031006,1.052002,2.175573,2.656489,-0.587786,1.053683,3.48361,14846,24981,10133,14846,0,100.0,5,normal
1780598903.7807631,2.078970600006869,848086,0.05542,0.010498,1.058594,0.717557,3.465649,-0.717557,1.060095,3.611163,14850,24987,10135,14850,0,100.0,0,normal
1780598903.8116105,2.109817899996415,848117,0.040039,-0.042969,1.046875,1.961832,2.503817,-0.549618,1.048521,3.227997,14852,24992,10138,14852,1,100.0,14,normal
1780598903.8417442,2.1399517999961972,848148,0.036377,-0.029053,1.052002,1.816794,2.618321,-0.709924,1.053032,3.265017,14856,24997,10139,14856,0,100.0,5,normal
1780598903.8731575,2.1713650000019697,848179,0.043701,-0.010986,1.065186,0.954198,2.916031,-0.770992,1.066138,3.163567,14858,25001,10141,14858,0,100.0,1,normal
1780598903.9041097,2.2023172000044724,848210,0.075684,-0.04248,1.047119,2.480916,3.099237,-0.687023,1.05071,4.028922,14860,25006,10144,14860,1,100.0,14,normal
1780598903.934308,2.2325156000006245,848241,0.057373,0.009766,1.055664,1.473282,2.648855,-0.625954,1.057267,3.094966,14865,25013,10146,14865,0,100.0,1,normal
1780598903.9649818,2.263189400007832,848271,0.016602,-0.046143,1.05127,0.862595,2.335878,-0.770992,1.052413,2.606688,14867,25017,10148,14867,0,100.0,1,normal
1780598903.9962718,2.29447930000606,848302,0.058105,-0.038086,1.0625,2.641221,3.099237,-0.877863,1.064769,4.165568,14870,25022,10150,14870,1,100.0,14,normal
1780598904.031513,2.329720499998075,848337,0.039062,0.008057,1.052246,1.396947,2.496183,-0.610687,1.053002,2.92495,14875,25029,10152,14875,0,100.0,0,normal
1780598904.0627007,2.360908200003905,848368,0.033691,-0.058105,1.042725,2.145038,2.198473,-0.648855,1.044886,3.139345,14877,25034,10155,14877,1,99.602,13,normal
1780598904.094422,2.392629699999816,848399,0.031494,-0.005371,1.051025,1.427481,1.969466,-0.503817,1.051511,2.484014,14882,25041,10157,14882,0,99.602,1,normal
1780598904.125204,2.4234116000006907,848430,0.037842,-0.042236,1.070068,0.816794,2.633588,-1.091603,1.07157,2.965558,14884,25045,10159,14884,0,99.602,0,normal
1780598904.1560833,2.4542909000010695,848461,0.060303,-0.024902,1.059326,2.48855,2.435115,-0.641221,1.061333,3.540315,14887,25050,10161,14887,1,99.602,13,normal
1780598904.1863947,2.484602199998335,848492,0.063477,0.005127,1.062988,0.80916,2.183206,-0.89313,1.064894,2.493754,14892,25057,10163,14892,0,99.602,0,normal
1780598904.2178085,2.5160160999948857,848523,0.030029,-0.042969,1.049316,1.648855,2.259542,-1.007634,1.050625,2.973143,14894,25061,10165,14894,0,99.602,0,normal
1780598904.2489796,2.5471870000037597,848554,0.048828,-0.010498,1.060547,3.137405,2.473282,-0.610687,1.061722,4.041456,14898,25067,10167,14898,0,99.602,6,normal
1780598904.2803617,2.5785692000063136,848585,0.032227,-0.029541,1.049316,0.419847,2.442748,-1.10687,1.050227,2.714489,14901,25071,10168,14901,0,99.602,6,normal
1780598904.3110714,2.6092787999950815,848616,0.052979,-0.053467,1.051758,2.175573,2.335878,-0.59542,1.054448,3.247147,14903,25076,10171,14903,1,99.602,14,normal
1780598904.341348,2.639555500005372,848647,0.043213,-0.030029,1.056885,2.221374,2.687023,-0.419847,1.058194,3.511533,14907,25081,10172,14907,0,107.527,5,normal
1780598904.370924,2.669131600006949,848678,0.068848,-0.006592,1.0625,0.648855,3.274809,-0.618321,1.064749,3.395248,14911,25087,10174,14911,0,107.527,0,normal
1780598904.4022214,2.700428900003317,848708,0.03833,-0.023193,1.046143,2.221374,2.885496,-0.671756,1.047101,3.702951,14913,25092,10177,14913,1,107.527,14,normal
1780598904.4341254,2.7323329000064405,848739,0.027832,-0.032471,1.045654,1.801527,2.832061,-0.358779,1.046528,3.375617,14917,25097,10178,14917,0,107.527,5,normal
1780598904.4647558,2.7629634000040824,848770,0.044434,-0.009277,1.053467,0.946565,3.320611,-0.473282,1.054444,3.485174,14919,25101,10180,14919,0,107.527,0,normal
1780598904.4960256,2.7942331999947783,848801,0.032959,-0.057373,1.044189,1.89313,3.022901,-0.610687,1.046284,3.618675,14921,25106,10183,14921,1,107.527,14,normal
1780598904.525966,2.8241734000039287,848833,0.056396,-0.006836,1.061035,1.21374,2.450382,-0.664122,1.062555,2.814,14926,25113,10185,14926,0,107.527,1,normal
1780598904.5588872,2.8570946999971056,848863,0.028076,-0.04834,1.063721,0.977099,2.671756,-1.076336,1.065188,3.041628,14928,25117,10187,14928,0,107.527,0,normal
1780598904.5881765,2.886383899996872,848894,0.051758,-0.006104,1.046143,3.068702,2.870229,-0.587786,1.04744,4.242716,14931,25122,10189,14931,1,107.527,14,normal
1780598904.619517,2.917724500002805,848925,0.045654,-0.006592,1.048096,0.80916,2.549618,-0.885496,1.04911,2.817694,14936,25129,10191,14936,0,104.317,0,normal
1780598904.6500356,2.9482432000077097,848956,0.034668,-0.049316,1.05127,1.633588,2.687023,-1.091603,1.052996,3.328708,14938,25133,10193,14938,0,104.317,1,normal
1780598904.682509,2.9807164999947418,848987,0.044434,-0.032959,1.055664,2.274809,3.015267,-0.442748,1.057113,3.802975,14941,25137,10194,14941,0,104.317,6,normal
1780598904.712656,3.0108635000069626,849019,0.05957,0.007324,1.058838,0.870229,2.687023,-1.114504,1.060538,3.036364,14945,25143,10196,14945,0,104.317,0,normal
1780598904.745501,3.0437086000019917,849050,0.047119,-0.029541,1.04834,2.068702,2.48855,-0.419847,1.049814,3.263232,14947,25148,10199,14947,1,104.317,13,normal
1780598904.7759364,3.0741437999968184,849081,0.024658,-0.014648,1.050537,1.435114,2.160305,-0.328244,1.050928,2.614234,14952,25155,10201,14952,0,104.317,0,normal
1780598904.8074038,3.1056113000086043,849113,0.013184,-0.037598,1.055664,1.389313,2.282443,-0.816794,1.056416,2.794081,14954,25159,10203,14954,0,104.317,0,normal
1780598904.8380287,3.1362362000072608,849144,0.041748,-0.023193,1.049805,2.557252,3.343511,-0.51145,1.05089,4.240305,14957,25164,10205,14957,1,104.317,13,normal
1780598904.868973,3.1671805000078166,849175,0.030518,0.013428,1.055664,0.816794,2.709924,-0.480916,1.05619,2.870909,14962,25171,10207,14962,0,104.0,0,normal
1780598904.900125,3.1983326000045054,849206,0.031494,-0.032715,1.058106,1.816794,2.40458,-0.938931,1.059079,3.156634,14964,25175,10209,14964,0,104.0,0,normal
1780598904.9306347,3.2288421999983257,849236,0.054688,-0.010254,1.056152,2.671756,3.282443,-0.916031,1.057617,4.330338,14967,25180,10211,14967,1,104.0,13,normal
1780598904.9615831,3.2597907000017585,849267,0.054443,-0.01709,1.047607,0.473282,2.793893,-1.305344,1.04916,3.119897,14972,25187,10213,14972,0,104.0,0,normal
1780598904.9924934,3.2907009000045946,849298,0.025879,-0.040283,1.05542,2.045802,2.19084,-0.961832,1.056505,3.148048,14974,25191,10215,14974,0,104.0,0,normal
1780598905.0237408,3.321948299999349,849329,0.053711,-0.034912,1.05835,2.29771,3.206107,-0.633588,1.060286,3.995,14977,25197,10218,14977,0,104.0,6,normal
1780598905.0536628,3.3518703000008827,849360,0.05542,-0.002197,1.048096,0.89313,3.099237,-0.89313,1.049562,3.346734,14981,25203,10220,14981,0,104.0,0,normal
1780598905.0864289,3.384636300004786,849391,0.066895,-0.038818,1.058594,1.923664,2.236641,-0.938931,1.061415,3.095907,14983,25208,10223,14983,1,104.0,14,normal
1780598905.116381,3.414588500003447,849422,0.017578,-0.022705,1.048828,1.801527,2.061069,-0.778626,1.049221,2.846008,14987,25213,10224,14987,0,104.0,0,normal
1780598905.1475117,3.4457191999972565,849453,0.061523,-0.020508,1.062012,1.19084,2.870229,-0.992366,1.06399,3.262071,14989,25217,10226,14989,0,97.122,0,normal
1780598905.1781814,3.4763890000031097,849484,0.045654,-0.059814,1.050781,1.824428,2.320611,-0.900763,1.053472,3.086283,14991,25222,10229,14991,1,97.122,14,normal
1780598905.209805,3.5080124999949476,849515,0.045654,-0.018799,1.055908,1.526718,2.152672,-0.534351,1.057062,2.692656,14996,25229,10231,14996,0,97.122,1,normal
1780598905.23972,3.5379277000029106,849546,0.0354,-0.045898,1.070557,1.099237,2.358779,-0.78626,1.072125,2.718522,14998,25233,10233,14998,0,97.122,0,normal
1780598905.2710948,3.5693024000065634,849577,0.055664,-0.004639,1.052246,2.80916,2.969466,-0.320611,1.053728,4.100232,15001,25238,10235,15001,1,97.122,14,normal
1780598905.3028657,3.60107330000028,849608,0.056885,-0.009521,1.044189,0.694656,2.167939,-0.877863,1.045781,2.439908,15006,25245,10237,15006,0,97.122,1,normal
1780598905.3343334,3.632540999999037,849639,0.047119,-0.047852,1.057617,1.526718,2.458015,-1.351145,1.059747,3.193477,15008,25249,10239,15008,0,97.122,1,normal
1780598905.3652284,3.663436000002548,849670,0.047607,-0.034668,1.05542,2.328244,2.496183,-0.526718,1.057062,3.45385,15012,25255,10241,15012,0,97.122,6,normal
1780598905.3960779,3.694285300007323,849702,0.037109,0.006348,1.056396,0.908397,3.236641,-1.137405,1.057067,3.548904,15016,25261,10243,15016,0,97.122,1,normal
1780598905.4274518,3.725659400006407,849732,0.058105,-0.039551,1.056396,2.503817,2.793893,-0.572519,1.058732,3.795091,15018,25266,10246,15018,1,103.943,13,normal
1780598905.4596822,3.7578898000065237,849764,0.020508,-0.012939,1.046631,1.923664,2.236641,-0.778626,1.046912,3.051116,15023,25273,10248,15023,0,103.943,0,normal
1780598905.4910665,3.7892739999952028,849796,0.039795,-0.043701,1.044434,0.824427,2.435115,-0.236641,1.046105,2.581756,15024,25275,10249,15024,0,103.943,6,normal
1780598905.5223489,3.8205564999952912,849827,0.040039,-0.030273,1.055908,2.656489,2.916031,-0.824427,1.057101,4.02987,15027,25280,10251,15027,1,103.943,13,normal
1780598905.5531545,3.851362000001245,849859,0.034668,-0.021973,1.045166,0.900763,2.832061,-0.961832,1.045972,3.12363,15032,25287,10253,15032,0,103.943,0,normal
1780598905.5856557,3.8838632999977563,849890,0.01709,-0.031982,1.050537,1.78626,2.694656,-0.931298,1.051163,3.364404,15034,25291,10255,15034,0,103.943,0,normal
1780598905.6157272,3.9139348000026075,849921,0.043701,-0.032471,1.05835,2.442748,2.862595,-0.656489,1.059749,3.820006,15039,25297,10256,15039,0,103.943,5,normal
1780598905.6480799,3.946287400001893,849952,0.054932,-0.018799,1.056396,0.885496,3.473282,-1.198473,1.057991,3.779435,15043,25303,10258,15043,0,103.943,0,normal
1780598905.6784666,3.976674000005005,849984,0.005371,-0.04834,1.035156,1.931298,2.801527,-0.740458,1.036298,3.482347,15045,25308,10261,15045,1,107.143,14,normal
1780598905.7082376,4.006445100007113,850015,0.021484,-0.005859,1.052978,1.572519,2.519084,-0.51145,1.053214,3.013334,15050,25315,10263,15050,0,107.143,1,normal
1780598905.7398212,4.038028599999961,850045,0.059814,-0.005371,1.065918,1.40458,3.290076,-1.328244,1.067608,3.815977,15052,25319,10265,15052,0,107.143,0,normal
1780598905.7718034,4.070010900002671,850076,0.050781,-0.070801,1.045654,1.793893,2.740458,-0.618321,1.049278,3.333239,15054,25324,10268,15054,1,107.143,14,normal
1780598905.8016472,4.099854800006142,850107,0.045166,-0.002197,1.055908,1.725191,2.328244,-0.580153,1.056876,2.955264,15059,25331,10270,15059,0,107.143,1,normal
1780598905.832028,4.130235500007984,850138,0.036133,-0.047363,1.051758,1.061069,2.549618,-0.931298,1.053444,2.914401,15061,25335,10272,15061,0,107.143,0,normal
1780598905.864194,4.162401499997941,850169,0.059326,-0.018311,1.052002,2.877863,2.633588,-0.526718,1.053832,3.936408,15064,25340,10274,15064,1,107.143,14,normal
1780598905.893724,4.191931599998497,850200,0.052979,0.002441,1.058106,0.748092,2.78626,-0.648855,1.059434,2.957008,15069,25347,10276,15069,0,107.143,0,normal
1780598905.926048,4.224255599998287,850231,0.036621,-0.039062,1.060791,1.862595,2.053435,-0.984733,1.062141,2.942033,15070,25349,10277,15070,0,107.143,5,normal
1780598905.9556015,4.253809000001638,850262,0.057617,-0.009277,1.065674,2.564885,3.725191,-0.633588,1.06727,4.56696,15073,25355,10280,15073,0,100.719,6,normal
1780598905.9877307,4.285938300003181,850293,0.045898,-0.023438,1.054199,0.580153,2.534351,-1.061069,1.055458,2.808092,15077,25361,10282,15077,0,100.719,0,normal
1780598906.0189135,4.317121100000804,850324,0.081299,-0.032715,1.066406,2.549618,2.908397,-0.778626,1.070001,3.945324,15079,25366,10285,15079,1,100.719,14,normal
1780598906.0498524,4.348059900003136,850355,0.052734,-0.033936,1.052978,1.954198,2.526718,-0.694656,1.054844,3.268905,15083,25372,10287,15083,1,100.719,3,normal
1780598906.0811632,4.379370599999675,850387,0.047363,-0.001709,1.065674,0.916031,2.541985,-1.175572,1.066727,2.946654,15085,25375,10288,15085,0,100.719,6,normal
1780598906.1118057,4.410013300002902,850418,0.025635,-0.047119,1.040283,1.763359,2.381679,-0.694656,1.041665,3.043744,15087,25380,10291,15087,1,100.719,14,normal
1780598906.142648,4.440855599998031,850449,0.036621,0.001465,1.050781,1.610687,2.671756,-0.343511,1.05142,3.138565,15092,25387,10293,15092,0,100.719,0,normal
1780598906.175099,4.47330630000215,850480,0.015869,-0.044434,1.049072,1.053435,2.717557,-1.022901,1.050133,3.088878,15094,25391,10295,15094,0,100.719,0,normal
1780598906.2051344,4.503341799994814,850511,0.046387,-0.002686,1.049561,2.70229,3.335878,-0.572519,1.050588,4.331077,15097,25396,10297,15097,1,100.719,14,normal
1780598906.235119,4.5333266999950865,850541,0.046875,-0.001465,1.057373,1.053435,2.328244,-0.580153,1.058413,2.6205,15102,25403,10299,15102,0,103.943,1,normal
1780598906.2673047,4.565512100001797,850572,0.067627,-0.054443,1.066162,0.824427,2.839695,-1.022901,1.069691,3.128877,15104,25407,10301,15104,0,103.943,0,normal
1780598906.2975004,4.595707800006494,850603,0.068115,-0.006104,1.059326,2.900763,3.366412,-0.305344,1.061531,4.454256,15108,25413,10303,15108,0,103.943,6,normal
1780598906.329651,4.627858699997887,850634,0.037598,-0.021484,1.052002,0.503817,2.496183,-1.21374,1.052893,2.82098,15112,25419,10305,15112,0,103.943,1,normal
1780598906.36006,4.658267499995418,850665,0.043213,-0.035645,1.047363,1.969466,3.496183,-0.664122,1.04886,4.067328,15114,25423,10307,15114,0,103.943,0,normal
1780598906.3919613,4.690168900007848,850697,0.032471,-0.036865,1.036865,1.931298,2.496183,-0.648855,1.038028,3.222088,15119,25430,10309,15119,1,103.943,3,normal
1780598906.4218912,4.7200987999967765,850728,0.053955,-0.001465,1.062256,0.89313,3.427481,-1.061069,1.063626,3.697455,15122,25435,10311,15122,0,103.943,1,normal
1780598906.4546676,4.752875000005588,850759,0.032471,-0.033936,1.046387,1.824428,2.801527,-0.732824,1.04744,3.42259,15124,25440,10314,15124,1,103.943,13,normal
1780598906.484943,4.783150500006741,850790,0.023193,-0.014648,1.046143,1.374046,2.465649,-0.442748,1.046502,2.857176,15127,25445,10316,15127,0,103.943,0,normal
1780598906.5169,4.815107700007502,850822,0.015381,-0.050781,1.049072,1.099237,2.312977,-0.526718,1.050413,2.614501,15129,25449,10318,15129,0,96.085,0,normal
1780598906.5469675,4.845175099995686,850853,0.032715,-0.002197,1.049561,2.671756,3.450382,-0.587786,1.050073,4.403284,15132,25454,10320,15132,1,96.085,13,normal
1780598906.579793,4.878000600001542,850884,0.033691,-0.021729,1.043457,0.839695,2.48855,-1.282443,1.044227,2.922777,15137,25461,10322,15137,0,96.085,0,normal
1780598906.6091113,4.907318900004611,850915,0.028076,-0.035645,1.053467,1.725191,2.282443,-1.0,1.054444,3.030813,15139,25465,10324,15139,0,96.085,0,normal
1780598906.6401336,4.938341200002469,850945,0.056641,-0.012939,1.052978,2.908397,3.687023,-0.854962,1.05458,4.773246,15143,25471,10326,15143,0,96.085,5,normal
1780598906.6718054,4.970012999998289,850976,0.027344,-0.023926,1.03833,0.687023,3.030534,-0.824427,1.038966,3.214937,15147,25477,10328,15147,0,96.085,0,normal
1780598906.7034347,5.001642200004426,851008,0.057617,-0.024902,1.061279,2.160305,2.656489,-0.717557,1.063134,3.498391,15149,25482,10331,15149,1,96.085,14,normal
1780598906.7344308,5.032638300006511,851040,0.051025,-0.019531,1.058838,1.748092,2.19084,-1.061069,1.060246,2.99691,15154,25489,10333,15154,0,96.085,1,normal
1780598906.766516,5.06472360000771,851071,0.038818,-0.015625,1.052734,0.480916,2.48855,-0.618321,1.053566,2.608923,15156,25493,10335,15156,0,96.085,1,normal
1780598906.7973933,5.09560080000665,851102,0.05835,-0.038574,1.059082,2.435115,2.137405,-1.152672,1.061389,3.439031,15158,25498,10338,15158,1,103.571,14,normal
1780598906.8276315,5.125839000000269,851133,0.058838,-0.004395,1.05127,1.374046,2.931298,-0.534351,1.052924,3.281164,15163,25505,10340,15163,0,103.571,1,normal
1780598906.859202,5.1574094999959925,851164,0.03833,-0.059082,1.049805,0.603053,2.167939,-0.832061,1.052164,2.399158,15165,25509,10342,15165,0,103.571,1,normal
1780598906.891037,5.189244399996824,851195,0.05835,-0.008789,1.062744,2.900763,3.099237,-0.435114,1.064381,4.267203,15169,25515,10344,15169,0,103.571,6,normal
1780598906.9205968,5.218804300006013,851226,0.051025,-0.02832,1.062012,0.412214,2.427481,-1.038168,1.063614,2.672148,15171,25519,10346,15171,0,103.571,0,normal
1780598906.9517434,5.249950800003717,851257,0.037354,-0.038818,1.062744,1.656489,2.320611,-0.900763,1.064109,2.990078,15173,25523,10348,15173,0,103.571,1,normal
1780598906.9840598,5.282267400005367,851288,0.026611,-0.040039,1.056885,2.145038,2.687023,-1.053435,1.057978,3.595971,15178,25529,10349,15178,0,103.571,6,normal
1780598907.0152442,5.313451800000621,851320,0.037109,-0.013916,1.053955,0.89313,3.167939,-0.610687,1.0547,3.347605,15182,25535,10351,15182,0,103.571,0,normal
1780598907.0452409,5.34344830000191,851351,0.015625,-0.046387,1.040283,2.152672,2.274809,-0.839695,1.041434,3.242505,15184,25540,10354,15184,1,103.571,14,normal
1780598907.0766544,5.374861899996176,851382,0.033447,-0.000977,1.051025,1.366412,2.51145,-0.099237,1.051558,2.860824,15187,25545,10356,15187,0,103.571,0,normal
1780598907.10731,5.405517499995767,851413,0.028564,-0.033447,1.055176,0.648855,2.251908,-1.0,1.056092,2.547961,15189,25549,10358,15189,0,103.571,0,normal
1780598907.1398919,5.438099300008616,851444,0.037109,-0.017822,1.049072,2.396947,2.801527,-0.564886,1.04988,3.730014,15191,25554,10361,15191,1,103.571,14,normal
1780598907.1698034,5.468011000004481,851475,0.032959,0.005859,1.05249,0.992366,2.656489,-0.70229,1.053022,2.921461,15196,25561,10363,15196,0,103.571,0,normal
1780598907.2018316,5.500039100006688,851506,0.051025,-0.063477,1.051514,1.450382,2.740458,-0.748092,1.054663,3.18957,15198,25565,10365,15198,0,103.571,0,normal
1780598907.23226,5.530467500007944,851537,0.044434,-0.004883,1.051025,2.923664,2.923664,-0.412214,1.051976,4.155183,15202,25571,10367,15202,0,103.571,6,normal
1780598907.2625265,5.560734099999536,851568,0.031006,-0.026123,1.05127,0.343511,2.473282,-0.931298,1.052051,2.66504,15206,25577,10369,15206,0,103.571,1,normal
1780598907.2949362,5.593143599995528,851599,0.036621,-0.036621,1.052246,2.068702,2.244275,-0.709924,1.05352,3.133734,15208,25581,10371,15208,0,103.571,0,normal
1780598907.3251877,5.623395300004631,851630,0.044922,-0.03418,1.066406,2.160305,2.274809,-0.854962,1.067899,3.251559,15213,25587,10372,15213,0,103.571,6,normal
1780598907.3554857,5.6536931000009645,851661,0.042969,-0.006592,1.064941,0.770992,3.320611,-0.923664,1.065828,3.53186,15217,25593,10374,15217,0,107.527,1,normal
1780598907.3873382,5.685545800006366,851692,0.031006,-0.048584,1.040283,2.21374,2.412214,-0.732824,1.041878,3.355064,15219,25598,10377,15219,1,107.527,14,normal
1780598907.4178412,5.716048600006616,851724,0.03418,-0.000977,1.057129,1.687023,2.732824,-0.610687,1.057682,3.269146,15225,25605,10378,15225,0,107.527,0,normal
1780598907.4492407,5.747448299996904,851755,0.012451,-0.041748,1.041992,0.847328,2.381679,-0.847328,1.042902,2.666144,15227,25609,10380,15227,0,107.527,1,normal
1780598907.4811225,5.7793300000048475,851786,0.055664,-0.007568,1.059082,2.641221,2.725191,-0.389313,1.060571,3.815007,15230,25614,10382,15230,1,107.527,14,normal
1780598907.512335,5.810542599996552,851817,0.031006,-0.005371,1.047363,0.78626,2.793893,-0.656489,1.047836,2.975738,15235,25621,10384,15235,0,107.527,0,normal
1780598907.5430944,5.841302000000724,851848,0.038086,-0.054199,1.057373,1.351145,2.847328,-0.717557,1.059446,3.232299,15237,25625,10386,15237,0,107.527,0,normal
1780598907.5742264,5.872434000004432,851879,0.062744,-0.018799,1.055664,2.748092,2.969466,-0.442748,1.057694,4.070106,15241,25631,10388,15241,0,107.527,6,normal
1780598907.605581,5.903788600000553,851910,0.046387,-0.029785,1.053467,1.007634,2.862595,-0.793893,1.054908,3.136884,15245,25637,10390,15245,0,107.527,0,normal
1780598907.6365602,5.9347677000041585,851941,0.040283,-0.033447,1.053223,2.305344,2.694656,-0.374046,1.054523,3.565907,15247,25642,10393,15247,1,107.143,14,normal
1780598907.6675732,5.965780700003961,851973,0.039062,-0.009521,1.047607,2.160305,2.152672,-1.0,1.048379,3.209504,15253,25649,10394,15253,0,107.143,1,normal
1780598907.698044,5.9962516999949,852003,0.054932,-0.001465,1.068604,1.381679,3.160305,-0.633588,1.070015,3.506851,15255,25653,10396,15255,0,107.143,0,normal
1780598907.728518,6.0267256000079215,852034,0.029541,-0.043945,1.043945,1.854962,2.839695,-0.793893,1.045287,3.483535,15256,25656,10398,15256,1,107.143,17,normal
1780598907.7599316,6.058139200002188,852065,0.062012,-0.007813,1.061768,1.419847,2.80916,-0.572519,1.063606,3.199238,15262,25663,10399,15262,0,107.143,0,normal
1780598907.7907424,6.088950000004843,852096,0.023682,-0.020264,1.052978,0.618321,2.251908,-1.152672,1.05344,2.60424,15264,25667,10401,15264,0,107.143,0,normal
1780598907.8230438,6.121251400007168,852127,0.047607,-0.034912,1.043457,2.580153,2.80916,-0.755725,1.045126,3.888405,15267,25672,10403,15267,1,107.143,14,normal
1780598907.8519406,6.15014820000215,852158,0.039307,0.004395,1.050781,1.267176,2.931298,-0.916031,1.051525,3.322251,15272,25679,10405,15272,0,107.143,1,normal
1780598907.8832307,6.181438300001901,852189,0.044922,-0.040283,1.048584,1.358779,2.885496,-0.442748,1.050318,3.219999,15273,25681,10406,15273,0,107.143,6,normal
1780598907.9152653,6.213472899995395,852220,0.050049,-0.014404,1.056152,2.641221,3.793893,-0.236641,1.057436,4.628788,15277,25687,10408,15277,0,107.527,6,normal
1780598907.9465485,6.244755899999291,852252,0.059082,-0.022705,1.057617,0.946565,2.946565,-1.061069,1.059509,3.271712,15281,25693,10410,15281,0,107.527,1,normal
1780598907.9839551,6.282162600007723,852283,0.056641,-0.028809,1.04834,1.992366,2.923664,-0.572519,1.050264,3.584008,15283,25698,10413,15283,1,107.527,14,normal
1780598908.0099456,6.308153200006927,852314,0.038086,-0.040039,1.060059,1.51145,2.10687,-0.923664,1.061498,2.752551,15288,25705,10415,15288,0,107.527,0,normal
1780598908.0413558,6.339563400004408,852346,0.025391,-0.032227,1.057373,1.129771,2.549618,-1.068702,1.058169,2.98648,15290,25709,10417,15290,0,107.527,1,normal
1780598908.0713289,6.369536500002141,852377,0.03125,-0.05957,1.040527,2.183206,2.580153,-0.687023,1.0427,3.448996,15292,25714,10420,15292,1,107.527,14,normal
1780598908.1016877,6.399895099995774,852407,0.056641,-0.003662,1.060059,1.748092,2.625954,-0.282443,1.061577,3.167212,15297,25721,10422,15297,0,107.527,0,normal
1780598908.1334739,6.431681500005652,852438,0.034912,-0.046143,1.061279,1.114504,2.358779,-1.114504,1.062856,2.836913,15299,25725,10424,15299,0,107.527,0,normal
1780598908.1650708,6.46327829999791,852469,0.062744,-0.012451,1.047852,2.587786,2.832061,-0.648855,1.049802,3.890787,15302,25730,10426,15302,1,107.527,13,normal
1780598908.1940544,6.492261999999755,852500,0.057129,0.00415,1.047607,0.48855,2.839695,-0.694656,1.049172,2.963966,15307,25737,10428,15307,0,107.143,0,normal
1780598908.225915,6.524122400005581,852531,0.038574,-0.05835,1.04541,1.694656,2.427481,-0.541985,1.047748,3.009696,15309,25741,10430,15309,0,107.143,0,normal
1780598908.257036,6.555243599999812,852562,0.06665,-0.01123,1.053467,3.137405,3.801527,-0.40458,1.055633,4.945564,15313,25747,10432,15313,0,107.143,6,normal
1780598908.288812,6.587019500002498,852593,0.062744,-0.044189,1.058838,0.59542,2.969466,-0.908397,1.061615,3.161872,15317,25753,10434,15317,0,107.143,0,normal
1780598908.3189662,6.617173699996783,852624,0.051758,-0.041016,1.049316,2.40458,2.89313,-0.778626,1.051392,3.841674,15319,25758,10437,15319,1,107.143,14,normal
1780598908.3508832,6.6490907999977935,852655,0.034424,-0.041748,1.05127,1.832061,2.290076,-0.854962,1.052661,3.054809,15323,25763,10438,15323,0,107.143,5,normal
1780598908.3813112,6.679518699995242,852686,0.065674,-0.003174,1.07251,0.954198,3.40458,-0.984733,1.074523,3.670335,15327,25769,10440,15327,0,107.143,0,normal
1780598908.4125006,6.710708099999465,852717,0.044678,-0.045898,1.05127,1.854962,2.206107,-0.847328,1.053219,3.00429,15329,25774,10443,15329,1,107.143,14,normal
1780598908.4436789,6.741886300005717,852749,0.050293,-0.003906,1.05835,1.938931,2.732824,-0.267176,1.059551,3.361423,15334,25781,10445,15334,0,107.143,1,normal
1780598908.475762,6.773969300003955,852780,0.039307,-0.04834,1.05835,1.328244,2.290076,-0.954198,1.060182,2.814103,15336,25785,10447,15336,0,103.571,0,normal
1780598908.5054474,6.80365499999607,852811,0.042725,-0.004639,1.045166,2.549618,3.29771,-0.557252,1.046049,4.20547,15339,25790,10449,15339,1,103.571,14,normal
1780598908.5358646,6.834072199999355,852841,0.068115,0.005859,1.043701,1.412214,2.419847,-0.59542,1.045938,2.864356,15344,25797,10451,15344,0,103.571,1,normal
1780598908.5658655,6.864073000004282,852872,0.055664,-0.048828,1.054932,1.374046,2.40458,-0.541985,1.057527,2.822012,15346,25801,10453,15346,0,103.571,1,normal
1780598908.5981708,6.8963783000072,852903,0.058838,-0.005615,1.05542,3.053435,3.21374,-0.984733,1.057074,4.541067,15350,25807,10455,15350,0,103.571,6,normal
1780598908.6277616,6.925969100004295,852934,0.049561,-0.031006,1.055664,0.572519,2.435115,-1.122137,1.057282,2.74167,15354,25813,10457,15354,0,103.571,1,normal
1780598908.6588812,6.957088800001657,852964,0.019775,-0.041992,1.051025,1.78626,2.625954,-0.755725,1.05205,3.264579,15356,25817,10459,15356,0,103.571,1,normal
1780598908.6916454,6.989852900005644,852995,0.051514,-0.033936,1.054443,2.389313,3.114504,-0.572519,1.056246,3.966954,15359,25823,10462,15359,0,103.571,6,normal
1780598908.7205858,7.018793399998685,853027,0.0625,0.005127,1.061523,1.129771,3.083969,-1.030534,1.063374,3.442274,15361,25827,10464,15361,0,103.571,0,normal
1780598908.752632,7.050839400006225,853057,0.045166,-0.043945,1.053711,2.335878,3.068702,-0.290076,1.055594,3.86748,15363,25832,10467,15363,1,97.473,14,normal
1780598908.7840922,7.082299800007604,853089,0.042725,-0.016113,1.049561,2.007634,1.961832,-0.709924,1.050553,2.895405,15368,25839,10469,15368,0,97.473,0,normal
1780598908.8165157,7.114723100006813,853121,0.02417,-0.04541,1.058838,1.167939,2.259542,-1.030534,1.060087,2.744378,15370,25843,10471,15370,0,97.473,0,normal
1780598908.8468678,7.145075299995369,853152,0.055176,-0.030762,1.048096,2.709924,2.503817,-0.717557,1.049998,3.75868,15373,25848,10473,15373,1,97.473,14,normal
1780598908.8777175,7.175924900002428,853183,0.07251,0.001221,1.050049,1.061069,3.015267,-0.885496,1.05255,3.316897,15378,25855,10475,15378,0,97.473,0,normal
1780598908.9099276,7.208135100008803,853214,0.023682,-0.034912,1.047363,1.870229,2.625954,-0.870229,1.048212,3.339265,15380,25859,10477,15380,0,97.473,0,normal
1780598908.939899,7.238106599994353,853245,0.052002,-0.010254,1.057373,2.709924,2.725191,-0.496183,1.058701,3.875119,15384,25865,10479,15384,0,97.473,6,normal
1780598908.9721112,7.270318700000644,853276,0.040771,-0.020752,1.055908,0.564886,2.839695,-0.984733,1.056899,3.058212,15388,25871,10481,15388,0,97.473,0,normal
1780598909.005962,7.304169299997739,853308,0.041504,-0.028076,1.049805,2.129771,2.793893,-0.78626,1.051,3.599995,15390,25876,10484,15390,1,107.57,14,normal
1780598909.0346017,7.332809300001827,853340,0.025879,-0.025146,1.045166,1.770992,2.259542,-0.381679,1.045789,2.896139,15395,25883,10486,15395,0,107.57,0,normal
1780598909.0653582,7.363565699997707,853371,0.040771,-0.025391,1.053955,0.748092,2.70229,-0.78626,1.055049,2.912081,15397,25887,10488,15397,0,107.57,1,normal
1780598909.0974457,7.395653200001107,853401,0.036377,-0.061279,1.054932,1.427481,2.343511,-0.870229,1.057336,2.878723,15398,25890,10490,15398,1,107.57,17,normal
1780598909.1276205,7.425828000006732,853432,0.048584,-0.014404,1.05127,1.656489,2.854962,-0.305344,1.05249,3.314815,15403,25897,10492,15403,0,107.57,0,normal
1780598909.158407,7.456614499998977,853463,0.020996,-0.050293,1.053223,1.030534,2.694656,-0.870229,1.054632,3.013382,15405,25901,10494,15405,0,107.57,1,normal
1780598909.188787,7.486994399994728,853494,0.039307,-0.019043,1.046875,2.557252,3.641221,-0.70229,1.047786,4.50458,15408,25906,10496,15408,1,107.57,14,normal
1780598909.2197678,7.517975299997488,853525,0.044189,0.007813,1.050537,1.08397,2.10687,-1.045802,1.051495,2.589902,15413,25913,10498,15413,0,107.57,0,normal
1780598909.2507162,7.548923800000921,853556,0.026611,-0.033691,1.046143,1.587786,2.557252,-0.625954,1.047023,3.074479,15415,25917,10500,15415,0,107.57,0,normal
1780598909.2818792,7.580086700007087,853587,0.038818,-0.009766,1.058106,2.832061,3.030534,-0.396947,1.058862,4.166806,15419,25923,10502,15419,0,103.943,6,normal
1780598909.313336,7.611543300008634,853618,0.026367,-0.026855,1.055908,0.541985,3.175573,-0.862595,1.056579,3.334978,15423,25929,10504,15423,0,103.943,0,normal
1780598909.3446136,7.642821100002038,853649,0.048828,-0.028564,1.052002,2.282443,2.656489,-0.458015,1.053522,3.532174,15425,25934,10507,15425,1,103.943,14,normal
1780598909.3753808,7.673588200006634,853680,0.03418,-0.035645,1.053223,1.801527,2.687023,-0.503817,1.05438,3.274053,15429,25939,10508,15429,1,103.943,6,normal
1780598909.4075797,7.705787200000486,853712,0.053711,-0.012939,1.069824,1.137405,2.274809,-1.061069,1.07125,2.755778,15433,25945,10510,15433,0,103.943,0,normal
1780598909.4376528,7.73586040000373,853743,0.043701,-0.058105,1.050293,1.59542,1.725191,-0.755725,1.052806,2.468354,15435,25950,10513,15435,1,103.943,14,normal
1780598909.469558,7.767765500000678,853774,0.062012,-0.010498,1.054199,1.625954,2.412214,-0.526718,1.056074,2.956338,15440,25957,10515,15440,0,103.943,1,normal
1780598909.500169,7.798376599996118,853805,0.027344,-0.046143,1.044922,1.122137,2.160305,-0.969466,1.046298,2.6203,15442,25961,10517,15442,0,103.943,0,normal
1780598909.530919,7.829126600001473,853836,0.050537,-0.007813,1.052978,2.709924,3.099237,-0.557252,1.05422,4.154454,15444,25964,10518,15444,1,103.943,16,normal
1780598909.5619433,7.860150900000008,853867,0.046875,-0.032959,1.046387,0.687023,2.419847,-0.717557,1.047955,2.615827,15449,25971,10520,15449,0,107.143,1,normal
1780598909.5914903,7.889697899998282,853898,0.037598,-0.032471,1.052246,1.679389,2.961832,-0.793893,1.053418,3.49615,15451,25975,10522,15451,0,107.143,0,normal
1780598909.6287436,7.926951200002804,853934,0.038818,-0.00293,1.052002,2.625954,3.801527,-0.343511,1.052722,4.63306,15457,25983,10524,15457,0,107.143,0,normal
1780598909.6595917,7.957799099996919,853965,0.026855,-0.049561,1.053955,1.312977,2.40458,-0.78626,1.055461,2.850284,15459,25987,10526,15459,0,107.143,0,normal
1780598909.6916769,7.989884299997357,853996,0.050781,-0.001221,1.060303,2.977099,3.145038,-0.664122,1.061519,4.38126,15462,25991,10527,15462,0,107.143,6,normal
1780598909.7218542,8.020061700008227,854027,0.03418,-0.033203,1.04541,0.251908,2.641221,-1.022901,1.046496,2.84356,15466,25997,10529,15466,0,107.143,0,normal
1780598909.753696,8.051903500003391,854058,0.021484,-0.025146,1.057617,1.992366,2.748092,-0.923664,1.058134,3.517768,15468,26001,10531,15468,0,107.143,0,normal
1780598909.78419,8.08239749999484,854089,0.055664,-0.04126,1.056396,2.206107,2.854962,-0.709924,1.058666,3.677188,15473,26007,10532,15473,0,107.143,7,normal
1780598909.8160694,8.114276799999061,854121,0.050049,-0.010742,1.068604,1.19084,3.007634,-1.038168,1.069829,3.397316,15477,26013,10534,15477,0,110.236,0,normal
1780598909.849454,8.14766139999847,854153,0.027832,-0.057617,1.047607,1.625954,2.419847,-0.312977,1.04956,2.932122,15479,26018,10537,15479,1,110.236,14,normal
1780598909.8813012,8.179508600005647,854184,0.043701,-0.009521,1.061523,1.709924,2.198473,-0.366412,1.062465,2.80916,15484,26025,10539,15484,0,110.236,1,normal
1780598909.9099708,8.208178300003055,854215,0.038574,-0.048828,1.048828,1.374046,2.969466,-0.847328,1.050672,3.379896,15486,26029,10541,15486,0,110.236,0,normal
1780598909.9402273,8.238434800005052,854246,0.029297,0.002441,1.047363,2.740458,3.076336,-0.412214,1.047776,4.140516,15489,26034,10543,15489,1,110.236,14,normal
1780598909.97138,8.269587600007071,854277,0.042725,-0.008057,1.049805,1.068702,2.40458,-0.59542,1.050705,2.697898,15494,26041,10545,15494,0,110.236,1,normal
1780598910.002332,8.300539600008051,854307,0.040283,-0.055176,1.053467,1.351145,2.137405,-1.183206,1.05568,2.791786,15496,26045,10547,15496,0,110.236,0,normal
1780598910.0328581,8.331065699996543,854338,0.05127,-0.006348,1.061523,3.221374,3.351145,-0.78626,1.06278,4.714406,15500,26051,10549,15500,0,110.236,6,normal
1780598910.0647275,8.36293509999814,854369,0.049072,-0.037842,1.056152,0.557252,2.473282,-1.061069,1.057969,2.748367,15503,26055,10550,15503,0,110.236,6,normal
1780598910.0957243,8.393931900005555,854400,0.027344,-0.028076,1.04834,2.022901,2.450382,-0.916031,1.049072,3.306904,15505,26059,10552,15505,0,100.358,1,normal
1780598910.127313,8.425520400007372,854432,0.025879,-0.038818,1.052734,1.709924,2.51145,-0.80916,1.053768,3.144195,15510,26065,10553,15510,0,100.358,6,normal
1780598910.157298,8.455505599995377,854463,0.030029,-0.001709,1.064941,0.938931,3.007634,-0.977099,1.065366,3.298814,15514,26071,10555,15514,0,100.358,0,normal
1780598910.1892612,8.487468699997407,854494,0.020996,-0.048584,1.043701,1.839695,3.007634,-0.396947,1.045042,3.547944,15516,26076,10558,15516,1,100.358,14,normal
1780598910.2210827,8.51929029999883,854525,0.029053,-0.018555,1.048828,1.59542,2.541985,-0.610687,1.049394,3.062677,15521,26083,10560,15521,0,100.358,1,normal
1780598910.2509005,8.549108000006527,854556,0.021729,-0.04834,1.056396,1.122137,2.351145,-0.885496,1.057725,2.751578,15523,26087,10562,15523,0,100.358,0,normal
1780598910.282907,8.581114600005094,854587,0.037842,-0.04126,1.047363,2.251908,3.290076,-0.580153,1.048858,4.028929,15526,26092,10564,15526,1,100.358,14,normal
1780598910.314109,8.612316600003396,854619,0.044189,-0.019531,1.043213,0.641221,3.389313,-0.977099,1.044331,3.585154,15531,26099,10566,15531,0,100.358,1,normal
1780598910.34446,8.642667599997367,854650,0.038086,-0.033936,1.042725,1.687023,2.778626,-0.801527,1.043972,3.348022,15533,26103,10568,15533,0,112.0,0,normal
1780598910.3760326,8.674240199994529,854681,0.044678,-0.021729,1.064697,2.381679,3.351145,-0.351145,1.065856,4.126242,15537,26109,10570,15537,0,112.0,6,normal
1780598910.4080303,8.706237699996564,854712,0.028564,-0.02832,1.047852,0.549618,3.038168,-0.870229,1.048623,3.207779,15541,26115,10572,15541,0,112.0,1,normal
1780598910.4378488,8.736056299996562,854743,0.033691,-0.037354,1.050293,2.48855,2.679389,-0.610687,1.051497,3.707418,15543,26120,10575,15543,1,112.0,14,normal
1780598910.46943,8.76763740000024,854774,0.047363,-0.040527,1.058106,1.748092,2.610687,-0.396947,1.05994,3.166872,15548,26127,10577,15548,0,112.0,0,normal
1780598910.4995766,8.797784199996386,854805,0.037354,0.001709,1.063477,1.091603,3.038168,-0.78626,1.064134,3.32269,15550,26131,10579,15550,0,112.0,0,normal
1780598910.5300627,8.828270199999679,854835,0.055176,-0.029053,1.048096,2.152672,2.740458,-0.587786,1.049949,3.534063,15552,26136,10582,15552,1,112.0,13,normal
1780598910.561857,8.860064499996952,854866,0.02002,-0.019043,1.048828,1.587786,2.732824,-0.671756,1.049192,3.2312,15557,26143,10584,15557,0,112.0,1,normal
1780598910.591622,8.88982969999779,854898,0.023682,-0.043457,1.045654,1.160305,3.0,-0.603053,1.046825,3.272611,15559,26147,10586,15559,0,112.0,0,normal
1780598910.6235476,8.921755100003793,854928,0.037354,-0.066895,1.043945,1.534351,2.442748,-0.679389,1.046753,2.963582,15561,26152,10589,15561,1,100.719,13,normal
1780598910.6539829,8.952190399999381,854959,0.048584,-0.018799,1.052978,2.015267,2.51145,-0.770992,1.054266,3.311059,15565,26157,10590,15565,0,100.719,6,normal
1780598910.6855385,8.983745999998064,854990,0.041016,-0.052979,1.052734,1.473282,2.183206,-0.992366,1.054864,2.814559,15567,26161,10592,15567,0,100.719,0,normal
1780598910.716622,9.01482969999779,855021,0.044678,-0.00708,1.060059,2.503817,3.061069,-0.824427,1.061023,4.039668,15570,26166,10594,15570,1,100.719,14,normal
1780598910.7475326,9.04574020000291,855052,0.054443,-0.021973,1.047607,0.549618,2.412214,-0.748092,1.049251,2.584666,15575,26173,10596,15575,0,100.719,0,normal
1780598910.7783048,9.076512300001923,855083,0.041748,-0.041992,1.053223,1.877863,2.450382,-0.900763,1.054886,3.215916,15577,26177,10598,15577,0,100.719,0,normal
1780598910.8098164,9.108024000001024,855114,0.040527,-0.033203,1.050781,1.816794,3.419847,-0.70229,1.052087,3.935646,15580,26183,10601,15580,0,100.719,6,normal
1780598910.8407273,9.138934800008428,855146,0.042236,0.012939,1.058106,0.839695,3.641221,-0.900763,1.059027,3.84382,15582,26187,10603,15582,0,100.719,1,normal
1780598910.8719752,9.17018270000699,855177,0.039307,-0.027344,1.048096,2.099237,2.603053,-0.129771,1.049189,3.346569,15584,26192,10606,15584,1,100.719,14,normal
1780598910.9033804,9.20158779999474,855208,0.02417,-0.016357,1.052978,1.587786,2.816794,-0.29771,1.053383,3.247157,15589,26199,10608,15589,0,100.0,0,normal
1780598910.933637,9.231844399997499,855239,0.025879,-0.019775,1.056885,1.030534,2.961832,-0.931298,1.057386,3.271355,15591,26203,10610,15591,0,100.0,0,normal
1780598910.9641259,9.262333300008322,855270,0.033447,-0.065186,1.050293,1.70229,2.679389,-0.755725,1.052845,3.263133,15593,26208,10613,15593,1,100.0,13,normal
1780598910.995051,9.293258400008199,855300,0.032715,-0.011963,1.058106,1.343511,1.992366,-0.679389,1.058679,2.497222,15598,26215,10615,15598,0,100.0,1,normal
1780598911.0269768,9.325184300003457,855331,0.031738,-0.046387,1.052978,1.045802,2.351145,-1.022901,1.054477,2.769099,15600,26219,10617,15600,0,100.0,0,normal
1780598911.0576146,9.355821999997715,855362,0.043213,-0.024902,1.047363,2.412214,2.916031,-0.51145,1.04855,3.818847,15603,26224,10619,15603,1,100.0,13,normal
1780598911.087787,9.385994399999618,855393,0.049316,0.006592,1.049316,0.89313,1.603053,-0.854962,1.050495,2.024456,15608,26231,10621,15608,0,100.0,0,normal
1780598911.1190405,9.417247999997926,855424,0.037354,-0.038574,1.054688,1.435114,2.633588,-0.992366,1.056054,3.159134,15610,26235,10623,15610,0,100.0,0,normal
1780598911.150193,9.448400599998422,855455,0.047607,-0.011963,1.05957,2.717557,2.816794,-0.618321,1.060707,3.962545,15614,26241,10625,15614,0,100.0,5,normal
1780598911.1819015,9.480108999996446,855486,0.05249,-0.035889,1.052978,0.557252,2.80916,-0.854962,1.054897,2.988791,15618,26247,10627,15618,0,104.317,0,normal
1780598911.2133539,9.511561399995117,855517,0.057617,-0.043213,1.054688,2.122137,2.541985,-0.526718,1.057144,3.352996,15619,26250,10629,15619,1,104.317,17,normal
1780598911.2440162,9.542223700002069,855549,0.019287,-0.030518,1.041504,1.824428,2.480916,-0.610687,1.042129,3.139494,15624,26257,10631,15624,0,104.317,0,normal
1780598911.2758155,9.574022900007549,855580,0.038818,-0.013672,1.063477,1.374046,3.167939,-0.969466,1.064272,3.5866,15626,26261,10633,15626,0,104.317,0,normal
1780598911.3063772,9.604584700005944,855611,0.027832,-0.05542,1.04248,1.717557,2.206107,-1.068702,1.044323,2.993165,15628,26266,10636,15628,1,104.317,14,normal
1780598911.3363683,9.63457589999598,855642,0.030273,-0.001953,1.049805,1.389313,2.51145,-0.732824,1.050243,2.962196,15633,26273,10638,15633,0,104.317,1,normal
1780598911.3690507,9.667258300003596,855673,0.010742,-0.050537,1.044189,1.549618,1.931298,-0.839695,1.045467,2.614635,15635,26277,10640,15635,0,104.317,1,normal
1780598911.3991463,9.697353900002781,855704,0.044678,-0.00708,1.05249,2.526718,3.259542,-0.885496,1.053462,4.218178,15638,26282,10642,15638,1,104.317,14,normal
1780598911.4294002,9.727607799999532,855735,0.035156,0.000488,1.051758,0.633588,2.015267,-1.0,1.052345,2.33725,15643,26289,10644,15643,0,104.317,1,normal
1780598911.4597182,9.757925800004159,855765,0.059326,-0.068848,1.049316,1.221374,2.381679,-0.778626,1.053245,2.787546,15645,26293,10646,15645,0,96.774,1,normal
1780598911.4912415,9.789449000003515,855796,0.05835,-0.006348,1.056396,2.984733,2.664122,-0.961832,1.058026,4.114766,15649,26299,10648,15649,0,96.774,6,normal
1780598911.522086,9.820293500000844,855827,0.052734,-0.041992,1.05542,0.687023,2.473282,-0.870229,1.057571,2.710429,15653,26305,10650,15653,0,96.774,0,normal
1780598911.5528207,9.851028300006874,855858,0.031006,-0.024414,1.051514,1.992366,2.389313,-0.557252,1.052254,3.160518,15655,26309,10652,15655,0,96.774,1,normal
1780598911.584149,9.882356500005699,855889,0.052002,-0.037354,1.063232,2.114504,2.954198,-0.862595,1.065158,3.733964,15659,26315,10654,15659,0,96.774,6,normal
1780598911.6142242,9.912431600008858,855920,0.066162,-0.003906,1.065918,0.923664,3.083969,-0.89313,1.067976,3.340914,15663,26321,10656,15663,0,96.774,0,normal
1780598911.6473944,9.945601900006295,855951,0.026855,-0.045166,1.041016,2.007634,1.694656,-0.748092,1.042341,2.731684,15664,26324,10658,15664,1,96.774,18,normal
1780598911.6790946,9.977302100000088,855983,0.04248,-0.022461,1.05835,1.412214,2.610687,-0.267176,1.05944,2.98017,15670,26331,10659,15670,0,96.774,0,normal
1780598911.70858,10.006787599995732,856014,0.007568,-0.043945,1.049805,1.091603,1.80916,-1.328244,1.050751,2.495775,15672,26335,10661,15672,0,96.774,0,normal
1780598911.7403665,10.03857400000561,856045,0.046143,-0.033203,1.052002,2.427481,2.900763,-0.564886,1.053537,3.82442,15674,26340,10664,15674,1,103.571,13,normal
1780598911.771031,10.069238399999449,856076,0.030762,-0.019775,1.049072,0.709924,2.290076,-0.938931,1.049709,2.574885,15679,26347,10666,15679,0,103.571,0,normal
1780598911.8028316,10.10103920000256,856108,0.047363,-0.020508,1.055176,1.770992,2.679389,-0.770992,1.056437,3.303024,15681,26351,10668,15681,0,103.571,0,normal
1780598911.8341215,10.132329000000027,856139,0.056152,-0.035645,1.053711,2.236641,3.274809,-0.541985,1.055808,4.002585,15685,26357,10670,15685,0,103.571,6,normal
1780598911.8651755,10.163383100007195,856170,0.066162,0.008545,1.060547,1.08397,3.877863,-0.824427,1.062643,4.110048,15688,26361,10671,15688,0,103.571,6,normal
1780598911.8968506,10.195058099998278,856201,0.047607,-0.030029,1.049561,2.267176,2.801527,-0.709924,1.051069,3.673232,15690,26366,10674,15690,1,103.571,14,normal
1780598911.928874,10.227081500008353,856232,0.035889,-0.0354,1.046631,1.465649,2.450382,-0.633588,1.047844,2.92471,15695,26373,10676,15695,0,103.571,1,normal
1780598911.9563422,10.254549799996312,856263,0.051514,-0.009521,1.064453,1.312977,3.29771,-0.694656,1.065741,3.616815,15697,26377,10678,15697,0,103.571,0,normal
1780598911.9889936,10.287201200000709,856293,0.028564,-0.041504,1.054443,1.687023,2.694656,-0.717557,1.055646,3.259158,15699,26382,10681,15699,1,103.571,14,normal
1780598912.0185418,10.31674930000736,856325,0.049072,-0.004395,1.065918,1.70229,2.137405,-0.717557,1.067056,2.825098,15704,26389,10683,15704,0,107.143,1,normal
1780598912.04989,10.348097599999164,856355,0.015137,-0.036621,1.055664,0.885496,2.534351,-1.061069,1.056408,2.886677,15706,26393,10685,15706,0,107.143,0,normal
1780598912.08125,10.379457500006538,856386,0.049561,-0.054443,1.04834,2.923664,2.854962,-0.59542,1.050922,4.129545,15708,26398,10688,15708,1,107.143,14,normal
1780598912.111852,10.410059400004684,856417,0.037354,0.006348,1.059082,1.450382,2.290076,-0.793893,1.05976,2.824592,15713,26405,10690,15713,0,107.143,1,normal
1780598912.1438437,10.44205110000621,856448,0.0271,-0.061768,1.050537,1.282443,2.236641,-0.656489,1.0527,2.660489,15715,26409,10692,15715,0,107.143,0,normal
1780598912.1743667,10.472574300001725,856479,0.035645,-0.006836,1.041748,2.572519,3.366412,-0.610687,1.04238,4.280598,15719,26415,10694,15719,0,107.143,6,normal
1780598912.2054358,10.503643200005172,856510,0.036621,-0.034668,1.049805,0.320611,3.030534,-0.824427,1.051015,3.156994,15723,26421,10696,15723,0,107.143,1,normal
1780598912.2368977,10.535105200004182,856541,0.034424,-0.039307,1.052246,1.763359,2.427481,-0.832061,1.053542,3.113587,15725,26425,10698,15725,0,107.143,0,normal
1780598912.267563,10.565770700006397,856572,0.039795,-0.035889,1.04834,2.236641,3.038168,-0.603053,1.049709,3.820563,15730,26431,10699,15730,0,107.143,6,normal
1780598912.2981892,10.596396699998877,856603,0.035645,0.009277,1.060547,1.022901,3.80916,-0.541985,1.061186,3.981178,15733,26435,10700,15733,0,104.317,5,normal
1780598912.3299582,10.628165800007991,856634,0.047852,-0.034668,1.049316,1.656489,2.458015,-0.320611,1.050979,2.981373,15735,26440,10703,15735,1,104.317,14,normal
1780598912.36104,10.659247700008564,856665,0.023926,-0.018066,1.056152,1.877863,2.19084,-0.587786,1.056578,2.944765,15740,26447,10705,15740,0,104.317,0,normal
1780598912.3931494,10.691356800001813,856697,0.027344,-0.043213,1.044189,1.366412,2.770992,-0.908397,1.045441,3.220352,15742,26451,10707,15742,0,104.317,1,normal
1780598912.4231577,10.721365200006403,856728,0.049072,-0.022949,1.041748,2.396947,2.557252,-0.633588,1.043156,3.561787,15745,26456,10709,15745,1,104.317,13,normal
1780598912.453903,10.752110500005074,856759,0.056641,-0.026123,1.046387,0.694656,2.328244,-1.0,1.048244,2.627407,15749,26461,10710,15749,0,104.317,6,normal
1780598912.485473,10.78368049999699,856790,0.048584,-0.044434,1.050781,1.839695,2.870229,-0.870229,1.052842,3.518521,15751,26465,10712,15751,0,104.317,0,normal
1780598912.5174427,10.81565020000562,856821,0.056152,-0.012451,1.056396,2.748092,3.068702,-0.801527,1.057961,4.196592,15755,26471,10714,15755,0,104.317,6,normal
1780598912.5478833,10.84609079999791,856853,0.040527,0.017334,1.048828,1.29771,2.839695,-0.877863,1.049754,3.243233,15759,26477,10716,15759,0,104.0,0,normal
1780598912.5787814,10.876988999996684,856884,0.039551,-0.032227,1.051025,2.221374,3.015267,-0.984733,1.052263,3.872472,15761,26482,10719,15761,1,104.0,14,normal
1780598912.6103232,10.90853070000594,856915,0.027344,-0.0354,1.041992,1.580153,2.847328,-0.633588,1.042952,3.317468,15766,26489,10721,15766,0,104.0,0,normal
1780598912.6411982,10.93940570000268,856946,0.060547,-0.021729,1.064453,1.114504,3.167939,-0.732824,1.066395,3.437294,15768,26493,10723,15768,0,104.0,0,normal
1780598912.6722221,10.970429699998931,856977,0.041504,-0.052734,1.049561,1.526718,2.648855,-0.59542,1.051704,3.114775,15770,26498,10726,15770,1,104.0,14,normal
1780598912.7030828,11.001290300002438,857008,0.040527,-0.000732,1.060791,1.908397,2.358779,-0.51145,1.061565,3.076914,15773,26503,10728,15773,0,104.0,1,normal
1780598912.7348936,11.033101199995144,857039,0.027588,-0.04834,1.061768,1.343511,2.48855,-1.129771,1.063225,3.045371,15775,26507,10730,15775,0,104.0,0,normal
1780598912.7650702,11.063277699999162,857070,0.051025,-0.007813,1.056152,2.564885,2.80916,-0.816794,1.057413,3.890652,15778,26512,10732,15778,1,104.0,14,normal
1780598912.7965114,11.094719000000623,857101,0.022461,-0.033203,1.05249,0.885496,2.175573,-0.908397,1.053253,2.518413,15783,26519,10734,15783,0,104.0,1,normal
1780598912.827568,11.125775499996962,857132,0.036377,-0.036377,1.052002,2.038168,2.900763,-0.557252,1.053259,3.588744,15785,26523,10736,15785,0,93.19,0,normal
1780598912.8584456,11.15665319999971,857163,0.059082,-0.012939,1.053223,2.229008,3.290076,-0.580153,1.054958,4.016174,15789,26529,10738,15789,0,93.19,6,normal
1780598912.8886597,11.186867199998233,857194,0.050537,-0.045166,1.051025,0.770992,3.068702,-1.045802,1.053209,3.332426,15793,26535,10740,15793,0,93.19,1,normal
1780598912.9197407,11.217948200006504,857225,0.056641,-0.019043,1.051758,2.534351,2.80916,-0.625954,1.053454,3.834858,15795,26540,10743,15795,1,93.19,14,normal
1780598912.9512901,11.249497700002394,857256,0.038818,-0.036377,1.046387,1.946565,2.587786,-0.870229,1.047738,3.353066,15799,26546,10745,15799,1,93.19,4,normal
1780598912.98146,11.27966749999905,857287,0.068115,-0.008545,1.068604,1.274809,3.465649,-1.045802,1.070806,3.837911,15802,26551,10747,15802,0,93.19,1,normal
1780598913.0133748,11.31158239999786,857318,0.039551,-0.037598,1.049072,1.801527,2.824427,-0.778626,1.05049,3.439352,15804,26556,10750,15804,1,93.19,14,normal
1780598913.0438905,11.342098000008264,857349,0.041748,-0.014404,1.059082,1.496183,2.648855,-0.465649,1.060002,3.077633,15809,26563,10752,15809,0,93.19,0,normal
1780598913.0757034,11.373910800000886,857380,0.038818,-0.043701,1.063477,1.549618,2.580153,-1.076336,1.065082,3.196405,15811,26567,10754,15811,0,93.19,1,normal
1780598913.1060338,11.404241399999592,857411,0.063965,-0.03418,1.060059,2.641221,2.603053,-0.839695,1.062537,3.802239,15814,26572,10756,15814,1,103.943,13,normal
1780598913.1369953,11.43520290000015,857442,0.033203,-0.010986,1.044189,0.900763,2.29771,-1.038168,1.044775,2.677431,15817,26577,10758,15817,0,103.943,0,normal
1780598913.1681464,11.466353900003014,857473,0.052002,-0.048096,1.058106,1.603053,2.40458,-0.793893,1.060474,2.997007,15819,26581,10760,15819,0,103.943,1,normal
1780598913.1995695,11.497776999996859,857504,0.05249,-0.005859,1.048584,2.801527,3.083969,-0.709924,1.049913,4.226513,15823,26587,10762,15823,0,103.943,6,normal
1780598913.2305048,11.528712300001644,857535,0.044189,-0.029541,1.053223,0.251908,2.748092,-1.015267,1.054563,2.940448,15827,26593,10764,15827,0,103.943,0,normal
1780598913.2617776,11.559985200001393,857566,0.047852,-0.029541,1.054199,2.206107,2.961832,-0.717557,1.055698,3.762213,15829,26598,10767,15829,1,103.943,14,normal
1780598913.2930653,11.59127279999666,857597,0.054688,-0.033447,1.054443,2.198473,2.80916,-0.610687,1.05639,3.619061,15831,26601,10768,15831,0,103.943,5,normal
1780598913.32309,11.621297699995921,857628,0.031738,-0.008057,1.064453,1.290076,3.175573,-0.435114,1.064957,3.455124,15835,26607,10770,15835,0,103.943,0,normal
1780598913.3542309,11.65243850000843,857659,0.029053,-0.046631,1.041748,1.839695,2.21374,-0.725191,1.043196,2.968337,15837,26612,10773,15837,1,103.943,14,normal
1780598913.3854837,11.683691199999885,857690,0.032227,-0.011963,1.052978,1.40458,2.541985,-0.435114,1.053539,2.93664,15842,26619,10775,15842,0,100.358,1,normal
1780598913.4175367,11.71574430000328,857722,0.010986,-0.041748,1.045166,1.450382,2.221374,-1.183206,1.046057,2.904838,15844,26623,10777,15844,0,100.358,0,normal
1780598913.4495327,11.747740300008445,857753,0.04126,-0.012695,1.053467,2.221374,3.549618,-0.396947,1.054351,4.206169,15847,26628,10779,15847,1,100.358,14,normal
1780598913.4795604,11.7777677999984,857784,0.03418,-0.024658,1.042725,0.603053,2.51145,-1.076336,1.043576,2.798134,15852,26635,10781,15852,0,100.358,1,normal
1780598913.5106997,11.808907200000249,857815,0.042236,-0.025635,1.047852,1.992366,3.045802,-1.152672,1.049016,3.817733,15854,26639,10783,15854,0,100.358,0,normal
1780598913.5418139,11.840021399999387,857846,0.060303,-0.033691,1.064941,2.290076,3.450382,-0.763359,1.067179,4.210974,15858,26645,10785,15858,0,100.358,6,normal
1780598913.573136,11.87134359999618,857878,0.071533,-0.008545,1.070068,0.78626,3.343511,-0.870229,1.072491,3.543243,15862,26651,10787,15862,0,100.358,1,normal
1780598913.6052952,11.903502600005595,857909,0.043213,-0.045166,1.044678,1.977099,2.480916,-0.374046,1.046546,3.194335,15864,26656,10790,15864,1,100.358,14,normal
1780598913.635811,11.934018600004492,857941,0.03125,-0.005371,1.057373,1.526718,2.068702,-0.625954,1.057848,2.64617,15869,26663,10792,15869,0,107.57,0,normal
1780598913.6645856,11.962793099999544,857971,0.044678,-0.053711,1.051514,1.061069,2.40458,-1.0,1.053832,2.812094,15871,26667,10794,15871,0,107.57,1,normal
1780598913.6974413,11.995648900003289,858001,0.021729,-0.051025,1.041992,1.961832,2.419847,-0.885496,1.043467,3.238603,15873,26672,10797,15873,1,107.57,14,normal
1780598913.727351,12.025558399996953,858032,0.022949,-0.012207,1.053223,1.21374,2.40458,-0.496183,1.053543,2.738863,15878,26679,10799,15878,0,107.57,0,normal
1780598913.7584896,12.056697100008023,858063,0.01123,-0.036865,1.044189,1.450382,2.129771,-0.854962,1.0449,2.714865,15880,26683,10801,15880,0,107.57,1,normal
1780598913.789299,12.087506500000018,858094,0.041504,-0.041748,1.057861,2.412214,2.946565,-0.816794,1.059498,3.894634,15883,26688,10803,15883,1,107.57,14,normal
1780598913.8195572,12.117764700000407,858125,0.035645,-0.002441,1.038818,0.793893,2.816794,-0.923664,1.039432,3.068835,15888,26695,10805,15888,0,107.57,0,normal
1780598913.8509839,12.14919130000635,858156,0.039062,-0.046143,1.048584,1.679389,2.534351,-0.709924,1.050325,3.122063,15890,26699,10807,15890,0,107.57,0,normal
1780598913.8822024,12.180410000000848,858187,0.029297,-0.000732,1.051514,3.007634,3.290076,-0.961832,1.051922,4.560218,15894,26705,10809,15894,0,107.57,6,normal
1780598913.9135563,12.21176390000619,858218,0.025635,-0.035889,1.043701,0.442748,2.80916,-0.770992,1.044633,2.946496,15898,26711,10811,15898,0,104.693,0,normal
1780598913.9463367,12.244544200002565,858250,0.058594,-0.023193,1.04834,2.145038,2.022901,-0.51145,1.050232,2.992474,15900,26716,10814,15900,1,104.693,14,normal
1780598913.9785233,12.276730800003861,858282,0.024658,-0.01416,1.054932,1.763359,2.534351,-0.603053,1.055315,3.145798,15905,26723,10816,15905,0,104.693,1,normal
1780598914.012678,12.310885500002769,858313,0.061523,-0.023438,1.069824,0.885496,2.175573,-0.748092,1.071848,2.465129,15907,26727,10818,15907,0,104.693,0,normal
1780598914.0390027,12.337210099998629,858344,0.049316,-0.030273,1.057617,2.267176,2.870229,-0.725191,1.059199,3.728834,15909,26732,10821,15909,1,104.693,14,normal
1780598914.0693989,12.367606400002842,858375,0.040039,0.005127,1.05957,1.076336,2.435115,-0.51145,1.060339,2.711063,15914,26739,10823,15914,0,104.693,1,normal
1780598914.1008782,12.399085700002615,858406,0.052246,-0.060547,1.065674,1.167939,2.183206,-0.816794,1.06867,2.607225,15915,26741,10824,15915,0,104.693,6,normal
1780598914.1319907,12.430198300004122,858437,0.029053,-0.002441,1.05542,2.847328,3.328244,-0.541985,1.055822,4.413415,15919,26747,10826,15919,0,104.693,6,normal
1780598914.163002,12.46120950000477,858468,0.023193,-0.020508,1.057617,0.48855,2.458015,-1.305344,1.05807,2.825675,15923,26753,10828,15923,0,100.0,1,normal
1780598914.1954367,12.493644300004235,858499,0.033691,-0.033691,1.052002,2.122137,2.770992,-0.755725,1.05308,3.571132,15925,26757,10830,15925,0,100.0,0,normal
1780598914.224855,12.523062399995979,858530,0.048828,-0.038574,1.058838,1.877863,2.358779,-0.832061,1.060665,3.127704,15930,26763,10831,15930,0,100.0,6,normal
1780598914.25548,12.553687499996158,858561,0.046875,-0.005859,1.061035,0.992366,3.114504,-0.89313,1.062086,3.388599,15934,26769,10833,15934,0,100.0,1,normal
1780598914.2878275,12.586035000000265,858592,0.031738,-0.041504,1.046631,2.312977,3.175573,-0.427481,1.047934,3.951818,15936,26774,10836,15936,1,100.0,15,normal
1780598914.3194954,12.617702899995493,858624,0.0354,-0.00708,1.053955,1.458015,2.389313,-0.358779,1.054573,2.82194,15941,26781,10838,15941,0,100.0,0,normal
1780598914.351628,12.649835600008373,858655,0.029541,-0.060791,1.036865,1.236641,3.137405,-0.610687,1.039066,3.427175,15943,26785,10840,15943,0,100.0,1,normal
1780598914.3805249,12.678732500004116,858686,0.04541,-0.004883,1.045654,2.419847,3.038168,-0.954198,1.046651,3.999578,15946,26790,10842,15946,1,100.0,14,normal
1780598914.4106731,12.70888059999561,858716,0.022461,0.002197,1.053467,1.51145,2.541985,-0.70229,1.053708,3.039635,15951,26797,10844,15951,0,100.0,0,normal
1780598914.442053,12.740260599995963,858747,0.026855,-0.056885,1.055908,1.29771,2.450382,-0.80916,1.05778,2.888453,15953,26801,10846,15953,0,107.527,0,normal
1780598914.4734607,12.771668300003512,858778,0.040527,-0.003906,1.053955,2.671756,2.969466,-0.656489,1.054741,4.048084,15956,26806,10848,15956,1,107.527,14,normal
1780598914.503309,12.801516499996069,858808,0.060059,-0.022949,1.05957,0.603053,2.885496,-0.587786,1.061519,3.00587,15959,26811,10850,15959,0,107.527,0,normal
1780598914.5340633,12.832270800005062,858839,0.052979,-0.053711,1.052002,1.725191,2.419847,-0.89313,1.054704,3.103164,15961,26815,10852,15961,0,107.527,1,normal
1780598914.565077,12.863284599996405,858870,0.03833,-0.001465,1.059326,2.480916,2.526718,-0.954198,1.06002,3.667389,15965,26821,10854,15965,0,107.527,6,normal
1780598914.595049,12.893256499999552,858901,0.043945,-0.031006,1.047852,0.496183,2.412214,-1.259542,1.049231,2.76612,15969,26827,10856,15969,0,107.527,0,normal
1780598914.627395,12.925602400006028,858932,0.054932,-0.031982,1.050293,2.519084,2.572519,-0.885496,1.052215,3.707795,15971,26832,10859,15971,1,107.527,14,normal
1780598914.6588268,12.957034399994882,858963,0.026367,-0.038818,1.045166,1.580153,2.053435,-0.89313,1.046219,2.74065,15975,26838,10861,15975,1,107.527,3,normal
1780598914.6899726,12.988180100001046,858994,0.066406,-0.014404,1.077637,1.19084,2.80916,-0.824427,1.079777,3.160564,15978,26843,10863,15978,0,107.527,0,normal
1780598914.7204492,13.018656700005522,859025,0.038818,-0.046875,1.051025,2.167939,2.961832,-0.603053,1.052786,3.719688,15980,26848,10866,15980,1,97.122,14,normal
1780598914.7515097,13.049717200003215,859056,0.046387,-0.008545,1.059082,1.427481,1.89313,-0.885496,1.060132,2.530958,15986,26855,10867,15986,0,97.122,1,normal
1780598914.7827883,13.08099570000195,859087,0.030762,-0.057129,1.056396,1.21374,2.122137,-0.89313,1.058387,2.602751,15988,26859,10869,15988,0,97.122,0,normal
1780598914.8129787,13.111186299996916,859118,0.050781,-0.02417,1.049072,2.473282,3.206107,-0.732824,1.050579,4.115006,15991,26864,10871,15991,1,97.122,14,normal
1780598914.8427954,13.141002799995476,859149,0.056152,0.003906,1.0625,0.877863,2.717557,-1.038168,1.06399,3.038676,15996,26871,10873,15996,0,97.122,0,normal
1780598914.8741224,13.172330000001239,859178,0.058594,-0.037598,1.06665,1.038168,2.068702,-1.053435,1.06892,2.543039,15998,26875,10875,15998,0,97.122,0,normal
1780598914.9086537,13.206861200000276,859209,0.035156,-0.009033,1.051025,2.519084,3.030534,-0.687023,1.051652,4.00024,16000,26880,10878,16000,1,97.122,14,normal
1780598914.9339917,13.232199100006255,859239,0.052002,-0.00415,1.05249,1.564886,2.534351,-0.343511,1.053782,2.9983,16003,26885,10880,16003,0,97.122,0,normal
1780598914.9662123,13.26441970000451,859270,0.018311,-0.052979,1.05249,1.312977,2.725191,-0.78626,1.053982,3.125504,16005,26889,10882,16005,0,97.122,0,normal
1780598914.9964867,13.29469429999881,859301,0.037354,-0.005859,1.044922,2.526718,3.740458,-0.366412,1.045606,4.528751,16008,26894,10884,16008,1,101.449,14,normal
1780598915.027138,13.325345500008552,859332,0.053955,-0.026123,1.044922,0.679389,2.618321,-1.053435,1.04664,2.902912,16013,26901,10886,16013,0,101.449,0,normal
1780598915.0568767,13.35508409999602,859362,0.025635,-0.055664,1.049072,1.549618,2.480916,-0.969466,1.050861,3.081578,16015,26905,10888,16015,0,101.449,0,normal
1780598915.0866654,13.384872900001938,859393,0.045654,-0.00415,1.053223,2.816794,3.366412,-0.862595,1.05422,4.47338,16019,26911,10890,16019,0,101.449,5,normal
1780598915.1180582,13.416265799998655,859423,0.045654,-0.025146,1.058594,0.549618,2.51145,-0.732824,1.059876,2.673293,16023,26917,10892,16023,0,101.449,0,normal
1780598915.1486547,13.446862299999339,859454,0.04541,-0.03418,1.066162,1.885496,2.381679,-1.175572,1.067676,3.257217,16024,26919,10893,16024,0,101.449,6,normal
1780598915.1796577,13.477865100008785,859485,0.048828,-0.022705,1.062988,2.0,2.70229,-0.89313,1.064351,3.478513,16027,26925,10896,16027,0,101.449,5,normal
1780598915.2168348,13.51504240000213,859520,0.025391,-0.030518,1.033203,0.503817,2.816794,-0.954198,1.033966,3.016398,16031,26931,10898,16031,0,101.449,0,normal
1780598915.247386,13.5455934000056,859552,0.058105,-0.014893,1.05957,2.580153,2.954198,-0.847328,1.061267,4.012785,16035,26937,10900,16035,0,107.57,6,normal
1780598915.280216,13.578423600003589,859584,0.033936,-0.02124,1.054688,0.832061,2.694656,-0.916031,1.055447,2.965234,16039,26943,10902,16039,0,107.57,1,normal
1780598915.3112416,13.60944919999747,859615,0.037354,-0.030518,1.046387,2.351145,2.51145,-0.801527,1.047498,3.53238,16041,26948,10905,16041,1,107.57,14,normal
1780598915.3414285,13.639636000007158,859646,0.030762,-0.032715,1.041748,1.381679,2.572519,-1.007634,1.042715,3.089048,16046,26955,10907,16046,0,107.57,0,normal
1780598915.3713627,13.669570099998964,859677,0.042969,-0.012451,1.070312,1.29771,3.145038,-0.610687,1.071247,3.456624,16048,26959,10909,16048,0,107.57,1,normal
1780598915.404176,13.702383600000758,859708,0.019531,-0.047852,1.039307,1.748092,2.40458,-0.442748,1.040591,3.005637,16050,26964,10912,16050,1,107.57,14,normal
1780598915.4337819,13.731989299994893,859738,0.046875,-0.030273,1.054932,1.633588,2.038168,-1.076336,1.056406,2.825108,16055,26971,10914,16055,0,107.57,0,normal
1780598915.464214,13.762421699997503,859769,0.040039,-0.038574,1.068848,1.206107,2.343511,-0.900763,1.070293,2.785339,16057,26975,10916,16057,0,107.57,1,normal
1780598915.495037,13.793244600004982,859800,0.061035,-0.055908,1.045166,1.603053,2.969466,-0.725191,1.048438,3.451581,16059,26980,10919,16059,1,107.57,14,normal
1780598915.5265014,13.824708900006954,859831,0.050293,-0.000488,1.060303,1.587786,1.954198,-0.862595,1.061495,2.661584,16064,26987,10921,16064,0,103.943,0,normal
1780598915.558054,13.856261499997345,859862,0.046631,-0.057861,1.058594,1.358779,2.328244,-0.664122,1.061199,2.776339,16066,26991,10923,16066,0,103.943,1,normal
1780598915.5887382,13.886945799997193,859893,0.046631,-0.007568,1.057861,2.633588,3.763359,-0.442748,1.058916,4.614616,16069,26995,10924,16069,0,103.943,6,normal
1780598915.6200626,13.918269999994664,859924,0.062744,-0.039062,1.050049,0.358779,3.061069,-1.068702,1.052647,3.262053,16073,27001,10926,16073,0,103.943,0,normal
1780598915.6499982,13.948205599997891,859955,0.042725,-0.033936,1.050781,2.099237,2.381679,-0.862595,1.052197,3.289873,16075,27005,10928,16075,0,103.943,1,normal
1780598915.681628,13.979835400008596,859986,0.026123,-0.0354,1.053467,1.984733,2.671756,-0.603053,1.054385,3.382472,16080,27011,10929,16080,0,103.943,6,normal
1780598915.7121964,14.010403899999801,860017,0.052246,0.011963,1.059326,1.183206,3.244275,-1.076336,1.060681,3.617153,16084,27017,10931,16084,0,103.943,1,normal
1780598915.7439375,14.042145100000198,860048,0.054199,-0.039551,1.052978,2.076336,1.80916,-0.473282,1.055114,2.79432,16086,27022,10934,16086,1,103.943,13,normal
1780598915.7741728,14.072380199999316,860079,0.022461,-0.005615,1.04834,1.770992,2.167939,-0.572519,1.048595,2.857298,16091,27029,10936,16091,0,103.943,0,normal
1780598915.8053834,14.103591000006418,860110,0.031982,-0.015137,1.062012,1.244275,2.519084,-1.007634,1.062601,2.98485,16092,27031,10937,16092,0,100.358,5,normal
1780598915.835598,14.133805500008748,860141,0.053467,-0.0625,1.050781,1.832061,2.473282,-0.687023,1.053995,3.15366,16094,27036,10940,16094,1,100.358,13,normal
1780598915.8663638,14.164571200002683,860172,0.046875,-0.00415,1.053467,1.534351,2.335878,-0.633588,1.054517,2.865657,16099,27043,10942,16099,0,100.358,0,normal
1780598915.897809,14.19601660000626,860202,0.039307,-0.063721,1.047607,1.099237,2.641221,-0.671756,1.050279,2.938644,16101,27047,10944,16101,0,100.358,1,normal
1780598915.9439812,14.242188799995347,860233,0.054443,-0.012939,1.053711,2.473282,2.603053,-0.862595,1.055196,3.692842,16104,27052,10946,16104,1,100.358,14,normal
1780598915.9589138,14.257121400005417,860264,0.045654,-0.010498,1.062744,0.641221,2.709924,-0.854962,1.063776,2.913042,16109,27059,10948,16109,0,100.358,0,normal
1780598915.990654,14.288861399996676,860295,0.05127,-0.034668,1.059326,1.732824,2.541985,-0.977099,1.061133,3.227862,16111,27063,10950,16111,0,100.358,1,normal
1780598916.021855,14.3200627000042,860326,0.062988,-0.018555,1.063721,2.229008,3.419847,-0.625954,1.065746,4.129848,16114,27069,10953,16114,0,100.358,6,normal
1780598916.0522902,14.350497799998266,860357,0.047607,-0.033691,1.057373,0.366412,2.587786,-1.030534,1.05898,2.80943,16118,27075,10955,16118,0,100.358,0,normal
1780598916.0826778,14.38088530000823,860388,0.054688,-0.03125,1.065186,2.381679,2.412214,-0.480916,1.067046,3.423807,16120,27080,10958,16120,1,100.719,14,normal
1780598916.1141508,14.412358300003689,860419,0.045166,-0.046387,1.051514,1.656489,2.412214,-0.763359,1.053505,3.024144,16124,27086,10960,16124,1,100.719,3,normal
1780598916.1453795,14.443587100002333,860450,0.058838,-0.018799,1.061768,1.274809,3.648855,-0.816794,1.063563,3.950498,16127,27091,10962,16127,0,100.719,0,normal
1780598916.176116,14.474323500005994,860481,0.032715,-0.044678,1.04541,1.885496,2.534351,-0.267176,1.046876,3.170081,16129,27096,10965,16129,1,100.719,13,normal
1780598916.2090163,14.507223799999338,860512,0.035156,-0.003662,1.052734,1.839695,2.145038,-0.755725,1.053328,2.925198,16134,27103,10967,16134,0,100.719,1,normal
1780598916.2394197,14.537627300000167,860543,0.043945,-0.05542,1.044189,1.343511,1.824428,-1.007634,1.046582,2.479694,16135,27105,10968,16135,0,100.719,6,normal
1780598916.269039,14.567246499995235,860574,0.055176,-0.026367,1.050049,2.10687,2.854962,-0.580153,1.051828,3.595314,16138,27110,10970,16138,1,100.719,13,normal
1780598916.2999284,14.598135899999761,860605,0.044434,0.004883,1.057617,0.839695,2.312977,-0.793893,1.058561,2.585578,16143,27117,10972,16143,0,100.719,0,normal
1780598916.3307211,14.628928699996322,860636,0.052002,-0.043701,1.060547,2.038168,2.664122,-0.961832,1.06272,3.489526,16145,27121,10974,16145,0,100.719,0,normal
1780598916.362109,14.660316499997862,860666,0.038086,-0.012451,1.048096,2.633588,3.175573,-0.198473,1.048861,4.130307,16148,27126,10976,16148,1,100.719,14,normal
1780598916.3924007,14.690608200005954,860697,0.029541,-0.026123,1.049316,0.610687,2.832061,-0.992366,1.050057,3.062401,16152,27131,10977,16152,0,100.719,6,normal
1780598916.4244807,14.7226881999959,860728,0.050049,-0.032715,1.05127,1.763359,3.244275,-0.580153,1.052968,3.737824,16154,27135,10979,16154,0,100.719,0,normal
1780598916.4550323,14.7532399000047,860759,0.026855,-0.032959,1.048096,1.89313,2.610687,-0.801527,1.048958,3.322961,16158,27141,10981,16158,0,100.719,6,normal
1780598916.4853156,14.78352320000704,860790,0.041504,-0.007813,1.050049,0.908397,3.137405,-0.870229,1.050898,3.380206,16162,27147,10983,16162,0,100.719,0,normal
1780598916.51688,14.81508759999997,860821,0.043945,-0.029785,1.047607,1.847328,2.725191,-0.458015,1.048952,3.324013,16164,27152,10986,16164,1,100.719,14,normal
1780598916.5491703,14.847377800004324,860853,0.036621,-0.023926,1.044922,1.580153,2.572519,-0.931298,1.045837,3.159439,16169,27159,10988,16169,0,100.719,1,normal
1780598916.5793233,14.877530900004786,860884,0.048828,-0.049561,1.053467,1.259542,2.580153,-0.664122,1.055762,2.94698,16171,27163,10990,16171,0,100.719,0,normal
1780598916.6103592,14.908566700003576,860915,0.052246,-0.04248,1.05249,2.21374,3.381679,-0.274809,1.054642,4.051163,16173,27168,10993,16173,1,100.719,14,normal
1780598916.6429298,14.941137400004664,860946,0.040527,-0.027344,1.057129,1.08397,2.274809,-0.625954,1.058259,2.596452,16178,27175,10995,16178,0,107.143,0,normal
1780598916.6726317,14.970839200002956,860978,0.03125,-0.026123,1.049316,1.885496,2.717557,-0.671756,1.050106,3.375125,16180,27179,10997,16180,0,107.143,0,normal
1780598916.7045095,15.002716999995755,861009,0.032227,-0.026611,1.050293,1.778626,2.717557,-0.442748,1.051124,3.277904,16184,27185,10999,16184,0,107.143,5,normal
1780598916.7361085,15.034316000004765,861040,0.039551,-0.012451,1.061035,0.824427,3.458015,-0.78626,1.061845,3.640845,16188,27191,11001,16188,0,107.143,0,normal
1780598916.7670467,15.065254200002528,861071,0.036133,-0.031006,1.046631,1.862595,2.854962,-0.305344,1.047713,3.42247,16190,27196,11004,16190,1,107.143,14,normal
1780598916.7977211,15.095928700000513,861102,0.020996,-0.029053,1.046143,1.59542,2.59542,-0.793893,1.046756,3.148307,16195,27203,11006,16195,0,107.143,0,normal
1780598916.8286834,15.12689080000564,861133,0.028564,-0.012695,1.061523,1.526718,2.954198,-1.015267,1.061984,3.476913,16197,27207,11008,16197,0,107.143,0,normal
1780598916.859082,15.157289399998263,861164,0.019775,-0.048584,1.034668,1.755725,3.083969,-0.496183,1.035997,3.583244,16199,27212,11011,16199,1,107.143,14,normal
1780598916.890757,15.188964700006181,861195,0.044434,0.001709,1.044189,1.603053,2.854962,-0.450382,1.045136,3.305062,16203,27217,11012,16203,0,107.143,5,normal
1780598916.9245334,15.222740900004283,861226,0.02417,-0.048828,1.048828,1.160305,2.885496,-1.343511,1.050242,3.387834,16205,27221,11014,16205,0,96.429,0,normal
1780598916.9534273,15.251634900007048,861257,0.037354,-0.000488,1.055664,2.381679,3.412214,-0.503817,1.056325,4.19159,16208,27226,11016,16208,1,96.429,14,normal
1780598916.9823427,15.280550199997379,861288,0.027344,-0.001709,1.052246,0.580153,2.618321,-0.656489,1.052603,2.761006,16213,27233,11018,16213,0,96.429,1,normal
1780598917.0145602,15.312767800001893,861319,0.029785,-0.033936,1.05127,1.832061,2.908397,-0.648855,1.052239,3.498033,16215,27237,11020,16215,0,96.429,0,normal
1780598917.0451858,15.34339340000588,861350,0.041992,-0.011719,1.060303,2.442748,2.557252,-0.564886,1.061199,3.581292,16218,27243,11023,16218,0,96.429,5,normal
1780598917.076766,15.374973600002704,861381,0.027832,-0.032471,1.065186,0.832061,2.908397,-0.656489,1.066044,3.095493,16220,27247,11025,16220,0,96.429,1,normal
1780598917.1083279,15.40653530000418,861412,0.046875,-0.019531,1.050781,2.099237,2.770992,-0.442748,1.052008,3.504457,16222,27252,11028,16222,1,96.429,14,normal
1780598917.1392174,15.437424799994915,861443,0.030029,-0.037598,1.04834,1.419847,1.961832,-0.793893,1.049444,2.548532,16227,27259,11030,16227,0,96.429,0,normal
1780598917.16979,15.467997500003548,861474,0.036865,-0.013916,1.058594,1.305344,3.450382,-0.770992,1.059327,3.768751,16229,27263,11032,16229,0,96.429,1,normal
1780598917.2011151,15.499322700008634,861505,0.019531,-0.040039,1.03418,1.625954,2.396947,-0.671756,1.035139,2.97327,16231,27268,11035,16231,1,93.19,14,normal
1780598917.230797,15.529004600000917,861536,0.050537,-0.00293,1.04541,1.29771,2.534351,-0.366412,1.046635,2.870757,16236,27275,11037,16236,0,93.19,1,normal
1780598917.2608027,15.5590102999995,861566,0.029541,-0.027832,1.053711,1.236641,2.251908,-0.78626,1.054492,2.686741,16238,27279,11039,16238,0,93.19,1,normal
1780598917.2919624,15.59016989999509,861597,0.058838,-0.070068,1.050537,1.755725,2.80916,-0.564886,1.054514,3.360513,16239,27282,11041,16239,1,93.19,17,normal
1780598917.322166,15.620373400000972,861628,0.030029,0.008545,1.046143,1.29771,2.427481,-0.748092,1.046608,2.85243,16244,27289,11043,16244,0,93.19,0,normal
1780598917.3523746,15.650582000002032,861658,0.040039,-0.054443,1.054199,1.51145,2.580153,-1.0,1.056363,3.153041,16246,27293,11045,16246,0,93.19,1,normal
1780598917.3842633,15.68247070000507,861688,0.040039,-0.056152,1.040039,1.885496,2.709924,-0.717557,1.042323,3.378412,16248,27298,11048,16248,1,93.19,14,normal
1780598917.414057,15.712264600006165,861719,0.049561,0.004883,1.047363,1.534351,2.732824,-0.366412,1.048547,3.155443,16253,27305,11050,16253,0,93.19,0,normal
1780598917.4447663,15.742973800006439,861749,0.036133,-0.05249,1.046143,1.419847,2.435115,-0.984733,1.048082,2.985875,16255,27309,11052,16255,0,93.19,1,normal
1780598917.4759443,15.774151699995855,861780,0.056641,-0.004639,1.05835,2.80916,2.801527,-0.450382,1.059874,3.992841,16258,27314,11054,16258,1,98.182,14,normal
1780598917.506593,15.804800400001113,861811,0.056396,-0.00708,1.049561,0.503817,2.885496,-0.580153,1.051098,2.98605,16263,27321,11056,16263,0,98.182,1,normal
1780598917.5377991,15.836006700003054,861842,0.044189,-0.049561,1.061035,1.839695,2.923664,-1.206107,1.063111,3.658822,16265,27325,11058,16265,0,98.182,1,normal
1780598917.5691066,15.867314100003568,861873,0.049561,-0.020508,1.062012,2.51145,3.381679,-0.503817,1.063365,4.242284,16269,27331,11060,16269,0,98.182,6,normal
1780598917.599406,15.897613599998294,861904,0.051758,-0.035156,1.056641,0.519084,2.549618,-0.801527,1.058492,2.722581,16273,27337,11062,16273,0,98.182,1,normal
1780598917.63039,15.928597400008584,861935,0.07666,-0.040283,1.060547,2.21374,3.10687,-0.671756,1.064077,3.87357,16275,27342,11065,16275,1,98.182,13,normal
1780598917.6618571,15.960064700004295,861966,0.054688,-0.044434,1.048828,1.801527,2.381679,-0.938931,1.051192,3.130413,16279,27347,11066,16279,0,98.182,6,normal
1780598917.6920626,15.990270199996303,861997,0.054932,-0.011719,1.060547,1.19084,2.961832,-0.770992,1.062033,3.284049,16283,27353,11068,16283,0,98.182,1,normal
1780598917.724304,16.022511400005897,862028,0.037354,-0.046875,1.039795,1.923664,2.335878,-0.908397,1.041521,3.159429,16284,27356,11070,16284,1,98.182,17,normal
1780598917.7543175,16.052525000006426,862059,0.042236,-0.004639,1.05127,1.862595,2.923664,-0.549618,1.052128,3.509865,16289,27363,11072,16289,0,111.111,0,normal
1780598917.7855377,16.083745199997793,862090,0.012451,-0.055908,1.042969,1.29771,2.450382,-0.938931,1.04454,2.927458,16291,27367,11074,16291,0,111.111,1,normal
1780598917.8166587,16.114866200005054,862121,0.054199,-0.017578,1.05127,2.70229,3.061069,-0.877863,1.052812,4.176501,16293,27372,11077,16293,1,111.111,14,normal
1780598917.847654,16.14586170000257,862152,0.05127,0.011475,1.05542,0.70229,2.389313,-0.618321,1.056727,2.565998,16298,27379,11079,16298,0,111.111,0,normal
1780598917.877789,16.175996499994653,862183,0.009277,-0.03418,1.051758,1.572519,2.206107,-0.931298,1.052354,2.864793,16300,27383,11081,16300,0,111.111,1,normal
1780598917.9098902,16.20809780000127,862214,0.03833,-0.008057,1.055176,2.51145,3.877863,-0.465649,1.055902,4.643493,16304,27389,11083,16304,0,111.111,6,normal
1780598917.9421024,16.24031000000832,862245,0.042725,-0.04248,1.053467,0.526718,3.145038,-0.732824,1.055188,3.271961,16307,27393,11084,16307,0,111.111,6,normal
1780598917.9722998,16.27050739999686,862276,0.045654,-0.029053,1.04834,2.19084,2.80916,-0.526718,1.049736,3.601193,16309,27398,11087,16309,1,111.111,14,normal
1780598918.0045292,16.302736800003913,862308,0.024902,-0.022461,1.056396,1.564886,2.328244,-0.931298,1.056929,2.955825,16314,27405,11089,16314,0,111.111,0,normal
1780598918.0346344,16.332841900002677,862339,0.026855,-0.007813,1.061035,1.175572,2.732824,-0.908397,1.061404,3.110544,16316,27409,11091,16316,0,96.429,0,normal
1780598918.0657575,16.363965099997586,862370,0.036621,-0.053223,1.043701,1.832061,2.679389,-0.732824,1.045699,3.327552,16318,27414,11094,16318,1,96.429,13,normal
1780598918.0969899,16.395197499994538,862401,0.053467,0.006348,1.049805,1.862595,2.145038,-0.877863,1.051184,2.973398,16323,27421,11096,16323,0,96.429,0,normal
1780598918.1272092,16.425416800004314,862432,0.049072,-0.060547,1.044678,1.603053,2.526718,-1.022901,1.047581,3.162342,16325,27425,11098,16325,0,96.429,0,normal
1780598918.1593342,16.45754180000222,862463,0.045166,-0.01001,1.052002,2.763359,2.587786,-0.549618,1.053019,3.825555,16328,27430,11100,16328,1,96.429,13,normal
1780598918.1907427,16.488950300001306,862494,0.024414,-0.025146,1.046631,0.694656,3.022901,-1.183206,1.047218,3.319707,16333,27437,11102,16333,0,96.429,0,normal
1780598918.220037,16.51824449999549,862525,0.033447,-0.043945,1.051758,1.900763,2.374046,-0.832061,1.053207,3.152986,16335,27441,11104,16335,0,96.429,0,normal
1780598918.2519011,16.550108700001147,862556,0.047119,-0.035645,1.056152,1.832061,2.480916,-1.19084,1.057804,3.305978,16339,27447,11106,16339,0,96.429,6,normal
1780598918.2823918,16.580599399996572,862587,0.044922,-0.01123,1.058838,0.923664,3.671756,-0.78626,1.05985,3.86693,16343,27453,11108,16343,0,96.429,0,normal
1780598918.3148263,16.613033800007543,862618,0.049316,-0.025146,1.058594,2.083969,2.977099,-0.534351,1.06004,3.673088,16345,27458,11111,16345,1,103.943,14,normal
1780598918.3453245,16.64353200000187,862650,0.028076,-0.005859,1.053955,1.305344,2.221374,-0.816794,1.054345,2.702883,16350,27465,11113,16350,0,103.943,1,normal
1780598918.3767853,16.674992800006294,862681,0.028564,-0.048584,1.062988,1.122137,2.351145,-0.946565,1.064481,2.771834,16351,27467,11114,16351,0,103.943,6,normal
1780598918.407383,16.705590600002324,862712,0.054932,-0.052979,1.043701,2.358779,3.099237,-0.770992,1.046488,3.970332,16354,27472,11116,16354,1,103.943,14,normal
1780598918.4372377,16.73544530000072,862743,0.028564,-0.009277,1.047607,0.862595,2.0,-0.977099,1.048038,2.387215,16359,27479,11118,16359,0,103.943,0,normal
1780598918.4692698,16.76747730000352,862773,0.041748,-0.060791,1.044678,1.503817,2.748092,-0.78626,1.047277,3.229811,16361,27483,11120,16361,0,103.943,0,normal
1780598918.4998448,16.798052400001325,862805,0.050781,-0.00708,1.056885,2.679389,3.610687,-0.709924,1.058128,4.551942,16365,27489,11122,16365,0,103.943,5,normal
1780598918.5317314,16.8299388000014,862836,0.046875,-0.027832,1.059814,0.381679,2.633588,-1.10687,1.061216,2.882122,16369,27495,11124,16369,0,103.943,0,normal
1780598918.5629144,16.861121800000547,862867,0.039551,-0.036133,1.044189,2.114504,2.847328,-0.656489,1.045563,3.606852,16371,27500,11127,16371,1,103.943,14,normal
1780598918.593757,16.89196439999796,862898,0.036133,-0.046387,1.051025,1.740458,2.541985,-0.89313,1.052669,3.207579,16375,27505,11128,16375,0,107.143,5,normal
1780598918.6258929,16.924100300006103,862929,0.038574,-0.013672,1.059814,1.320611,3.458015,-0.580153,1.060604,3.746793,16379,27511,11130,16379,0,107.143,0,normal
1780598918.6559012,16.95410859999538,862961,0.04541,-0.055908,1.052246,1.748092,2.496183,-1.015267,1.054708,3.21209,16381,27516,11133,16381,1,107.143,14,normal
1780598918.6876216,16.985829099998227,862992,0.050293,-0.014893,1.052978,1.328244,2.694656,-0.198473,1.054284,3.01078,16386,27523,11135,16386,0,107.143,1,normal
1780598918.7190292,17.017236600004253,863022,0.035156,-0.037354,1.064209,1.389313,2.129771,-0.78626,1.065444,2.661638,16388,27527,11137,16388,0,107.143,0,normal
1780598918.7499807,17.04818830000295,863053,0.039795,-0.016602,1.051514,2.328244,2.748092,-0.80916,1.052397,3.69154,16390,27532,11140,16390,1,107.143,14,normal
1780598918.7814224,17.079629800005932,863085,0.033447,-0.026611,1.047363,0.847328,2.465649,-0.938931,1.048235,2.771098,16395,27539,11142,16395,0,107.143,1,normal
1780598918.8107574,17.108964900005958,863116,0.041016,-0.0354,1.057861,1.862595,2.717557,-1.29771,1.059248,3.540964,16397,27543,11144,16397,0,107.143,0,normal
1780598918.8425946,17.14080219999596,863147,0.043213,-0.006592,1.055664,2.396947,3.122137,-0.694656,1.056569,3.996954,16401,27549,11146,16401,0,107.143,5,normal
1780598918.8728626,17.171070199998212,863178,0.057861,-0.005371,1.062744,1.068702,3.045802,-1.137405,1.064332,3.422386,16405,27555,11148,16405,0,107.143,1,normal
1780598918.9170456,17.215253100002883,863209,0.066406,-0.030762,1.058106,1.938931,2.946565,-0.763359,1.060633,3.608936,16407,27560,11151,16407,1,107.143,14,normal
1780598918.936608,17.234815700008767,863241,0.0354,-0.01416,1.047119,1.442748,2.587786,-0.725191,1.047813,3.050256,16412,27567,11153,16412,0,107.143,0,normal
1780598918.9682026,17.2664100999973,863272,0.06543,-0.015625,1.065186,1.160305,2.725191,-0.870229,1.067308,3.087114,16414,27571,11155,16414,0,107.143,1,normal
1780598918.9987147,17.296922299996368,863303,0.046143,-0.029785,1.050537,2.175573,2.175573,-1.099237,1.051972,3.267193,16416,27576,11158,16416,1,107.143,14,normal
1780598919.0297647,17.32797220000066,863334,0.058105,0.005127,1.058594,1.389313,2.679389,-0.587786,1.0602,3.074868,16420,27581,11159,16420,0,107.143,5,normal
1780598919.0604775,17.35868489999848,863365,0.041992,-0.058105,1.052978,1.374046,2.282443,-1.0,1.055416,2.845619,16422,27585,11161,16422,0,107.143,1,normal
1780598919.0911076,17.3893151999946,863395,0.056885,-0.029297,1.05249,2.580153,2.412214,-0.80916,1.054433,3.623631,16425,27590,11163,16425,1,107.143,14,normal
1780598919.1222408,17.42044820000592,863426,0.041992,-0.02002,1.046143,0.832061,2.709924,-0.946565,1.047176,2.988645,16430,27597,11165,16430,0,107.143,0,normal
1780598919.1523252,17.450532600007136,863457,0.042969,-0.0354,1.057861,1.969466,2.419847,-0.89313,1.059325,3.245325,16432,27601,11167,16432,0,96.774,0,normal
1780598919.1835515,17.48175910000282,863488,0.047852,-0.002686,1.049805,2.442748,3.351145,-0.78626,1.050898,4.220828,16436,27607,11169,16436,0,96.774,6,normal
1780598919.2136045,17.511811899996246,863519,0.039307,-0.03125,1.035644,0.839695,3.19084,-0.778626,1.036861,3.390104,16440,27613,11171,16440,0,96.774,1,normal
1780598919.2432225,17.54142999999749,863549,0.027588,-0.034912,1.045898,1.80916,2.70229,-0.664122,1.046844,3.31911,16442,27617,11173,16442,0,96.774,1,normal
1780598919.2747884,17.572996000002604,863579,0.062744,-0.012939,1.06543,2.114504,2.603053,-0.709924,1.067354,3.427974,16446,27623,11175,16446,0,96.774,6,normal
1780598919.30618,17.604387500003213,863610,0.043457,-0.040283,1.05957,0.694656,2.778626,-0.862595,1.061226,2.991217,16450,27629,11177,16450,0,96.774,1,normal
1780598919.3373942,17.6356017000071,863641,0.047852,-0.025879,1.054932,2.19084,3.206107,-0.526718,1.056333,3.918716,16452,27634,11180,16452,1,96.774,13,normal
1780598919.368417,17.666624500008766,863672,0.036621,-0.04248,1.056885,1.183206,1.91603,-1.175572,1.058372,2.5403,16457,27641,11182,16457,0,96.774,0,normal
1780598919.3993018,17.697509200006607,863703,0.061523,-0.010986,1.069336,1.19084,3.259542,-0.572519,1.071161,3.517171,16459,27645,11184,16459,0,96.774,1,normal
1780598919.429663,17.727870400005486,863734,0.039307,-0.041016,1.041992,2.129771,2.534351,-0.526718,1.04354,3.352058,16461,27650,11187,16461,1,104.693,14,normal
1780598919.4617023,17.759909800006426,863765,0.033936,-0.01416,1.058594,1.541985,2.312977,-0.519084,1.059232,2.827902,16466,27657,11189,16466,0,104.693,0,normal
1780598919.4918435,17.790051100004348,863796,0.034912,-0.055176,1.049561,1.152672,2.122137,-0.900763,1.05159,2.577498,16468,27661,11191,16468,0,104.693,1,normal
1780598919.5242324,17.82243980000203,863827,0.065186,-0.031738,1.054443,2.282443,2.312977,-0.961832,1.056933,3.388883,16471,27666,11193,16471,1,104.693,14,normal
1780598919.5545564,17.85276399999566,863858,0.038574,-0.02832,1.044189,0.778626,2.587786,-0.687023,1.045285,2.78835,16476,27673,11195,16476,0,104.693,0,normal
1780598919.5849748,17.88318240000808,863889,0.023438,-0.039551,1.040039,1.671756,1.847328,-0.862595,1.041055,2.636562,16478,27677,11197,16478,0,104.693,1,normal
1780598919.615646,17.91385349999473,863920,0.045898,-0.005127,1.054688,2.641221,3.312977,-0.870229,1.055698,4.32541,16482,27683,11199,16482,0,104.693,6,normal
1780598919.6467013,17.944908899997245,863951,0.036865,-0.025391,1.04834,0.465649,2.923664,-1.122137,1.049295,3.166044,16486,27689,11201,16486,0,104.693,0,normal
1780598919.678106,17.97631349999574,863982,0.060791,-0.047119,1.050781,2.320611,2.435115,-0.885496,1.053592,3.478379,16488,27694,11204,16488,1,104.693,14,normal
1780598919.709094,18.007301499994355,864013,0.044678,-0.037598,1.04541,1.503817,2.870229,-0.70229,1.04704,3.315553,16490,27698,11206,16490,1,103.943,3,normal
1780598919.7404904,18.038698000003933,864045,0.039795,-0.016113,1.063721,1.259542,3.083969,-0.671756,1.064587,3.398318,16493,27703,11208,16493,0,103.943,0,normal
1780598919.772891,18.071098500004155,864076,0.055176,-0.04248,1.048828,2.343511,2.687023,-0.961832,1.051137,3.692866,16495,27708,11211,16495,1,103.943,13,normal
1780598919.8029373,18.101144900007057,864108,0.057129,-0.009766,1.053711,0.618321,2.78626,-1.10687,1.055304,3.061164,16500,27715,11213,16500,0,103.943,0,normal
1780598919.8334868,18.131694199997582,864138,0.029541,-0.052002,1.047852,1.473282,2.465649,-0.885496,1.049557,3.005676,16502,27719,11215,16502,0,103.943,0,normal
1780598919.8644953,18.162702700006776,864169,0.04126,-0.005127,1.053955,2.541985,3.519084,-0.824427,1.054775,4.418746,16505,27724,11217,16505,1,103.943,13,normal
1780598919.8940763,18.19228390000353,864199,0.054688,-0.003174,1.065918,1.175572,2.076336,-0.900763,1.067325,2.550395,16510,27731,11219,16510,0,103.943,0,normal
1780598919.9239438,18.222151299996767,864229,0.043945,-0.058838,1.048584,1.152672,2.19084,-0.496183,1.051152,2.524803,16512,27735,11221,16512,0,103.943,0,normal
1780598919.9550416,18.253249200002756,864260,0.0625,-0.015625,1.055664,2.641221,2.793893,-0.824427,1.057628,3.93212,16515,27740,11223,16515,1,103.943,13,normal
1780598919.98586,18.284067600005073,864290,0.041748,0.01709,1.049561,1.129771,2.458015,-0.946565,1.05053,2.866044,16520,27747,11225,16520,0,108.303,0,normal
1780598920.0174391,18.315646600007312,864321,0.035645,-0.056641,1.050781,1.656489,2.763359,-0.877863,1.05291,3.339274,16522,27751,11227,16522,0,108.303,0,normal
1780598920.0476196,18.345827099998132,864352,0.020996,-0.001709,1.049072,2.198473,3.099237,-0.671756,1.049284,3.858732,16526,27757,11229,16526,0,108.303,6,normal
1780598920.079711,18.377918400001363,864383,0.03833,-0.031494,1.043457,0.465649,2.977099,-0.916031,1.044636,3.149454,16530,27763,11231,16530,0,108.303,0,normal
1780598920.1097608,18.407968400002574,864414,0.031982,-0.039551,1.045898,2.541985,3.038168,-0.557252,1.047134,4.000335,16532,27768,11234,16532,1,108.303,14,normal
1780598920.1412268,18.439434200001415,864445,0.038086,-0.03418,1.049561,2.068702,2.763359,-0.946565,1.050807,3.579339,16536,27773,11235,16536,0,108.303,6,normal
1780598920.1721232,18.470330800002557,864476,0.025391,-0.010742,1.061279,0.89313,3.687023,-0.610687,1.061637,3.842494,16540,27779,11237,16540,0,108.303,0,normal
1780598920.2023828,18.500590299998294,864507,0.017578,-0.037354,1.052978,2.007634,2.557252,-0.725191,1.053788,3.331071,16542,27784,11240,16542,1,108.303,14,normal
1780598920.2344398,18.532647400003043,864538,0.024658,-0.015381,1.049561,1.251908,2.435115,-0.694656,1.049963,2.82482,16547,27791,11242,16547,0,108.303,1,normal
1780598920.2648833,18.5630908000021,864569,0.017578,-0.041748,1.052246,1.40458,2.931298,-0.870229,1.053221,3.364915,16549,27795,11244,16549,0,103.943,0,normal
1780598920.295902,18.59410960000241,864600,0.045654,-0.040527,1.05542,2.351145,4.0,-0.396947,1.057184,4.656764,16552,27800,11246,16552,1,103.943,14,normal
1780598920.3254056,18.62361310000415,864630,0.059814,-0.014648,1.048828,1.48855,2.526718,-0.503817,1.050634,2.975552,16557,27807,11248,16557,0,103.943,0,normal
1780598920.3563006,18.6545080000069,864661,0.036865,-0.046631,1.055908,1.358779,2.992366,-0.717557,1.05758,3.36384,16558,27809,11249,16558,0,103.943,6,normal
1780598920.3873806,18.685588199994527,864691,0.056396,-0.030029,1.052002,2.473282,2.480916,-0.778626,1.05394,3.588639,16561,27814,11251,16561,1,103.943,14,normal
1780598920.4181995,18.71640710000065,864722,0.042969,0.01709,1.053711,0.763359,2.687023,-0.732824,1.054725,2.887878,16566,27821,11253,16566,0,103.943,0,normal
1780598920.4492083,18.747415799996816,864753,0.030518,-0.051025,1.058838,1.618321,2.183206,-1.137405,1.060506,2.946021,16568,27825,11255,16568,0,103.943,0,normal
1780598920.4789336,18.777141200000187,864784,0.050537,-0.005615,1.058594,2.946565,2.778626,-0.694656,1.059814,4.109204,16572,27831,11257,16572,0,103.943,5,normal
1780598920.5113509,18.809558299995842,864815,0.041992,-0.020752,1.056641,0.320611,2.633588,-0.816794,1.057678,2.77592,16575,27835,11258,16575,0,103.943,6,normal
1780598920.5428588,18.841066399996635,864846,0.045654,-0.038086,1.056152,2.21374,2.862595,-0.580153,1.057824,3.664925,16577,27839,11260,16577,0,101.083,0,normal
1780598920.5734928,18.871700300005614,864877,0.040039,-0.033447,1.049561,1.923664,2.832061,-0.862595,1.050856,3.530598,16582,27845,11261,16582,0,101.083,5,normal
1780598920.6031287,18.901336099996115,864908,0.054443,-0.002686,1.060303,1.015267,3.435115,-0.824427,1.061703,3.675658,16586,27851,11263,16586,0,101.083,0,normal
1780598920.6357214,18.933929000006174,864939,0.040039,-0.041992,1.045898,1.832061,2.900763,-0.145038,1.047507,3.433935,16588,27856,11266,16588,1,101.083,14,normal
1780598920.665741,18.963948500007973,864970,0.038574,-0.017578,1.043701,1.526718,2.458015,-0.549618,1.044562,2.945299,16594,27863,11267,16594,0,101.083,0,normal
1780598920.6967118,18.994919400007348,865001,0.047119,-0.050537,1.048096,1.061069,2.832061,-1.053435,1.050371,3.202524,16596,27867,11269,16596,0,101.083,0,normal
1780598920.7272086,19.025416200005566,865032,0.059082,-0.046631,1.055908,2.145038,3.51145,-0.732824,1.058587,4.179534,16598,27872,11272,16598,1,101.083,14,normal
1780598920.7578685,19.056076100008795,865063,0.048096,-0.000732,1.053467,1.206107,2.381679,-0.755725,1.054564,2.774565,16601,27877,11274,16601,0,101.083,1,normal
1780598920.7964318,19.09463930000493,865099,0.028564,-0.047363,1.059326,1.496183,2.145038,-1.122137,1.060769,2.845864,16603,27882,11277,16603,1,102.767,17,normal
1780598920.8267996,19.125007099995855,865131,0.029053,0.004639,1.050781,1.48855,2.870229,-0.70229,1.051193,3.308656,16608,27889,11279,16608,0,102.767,0,normal
1780598920.8571837,19.155391299995244,865162,0.031738,-0.05249,1.046631,1.396947,2.267176,-0.900763,1.048427,2.811213,16610,27893,11281,16610,0,102.767,1,normal
1780598920.8881204,19.186327999996138,865193,0.060547,-0.010986,1.056641,2.923664,3.274809,-0.51145,1.058431,4.419702,16613,27898,11283,16613,1,102.767,14,normal
1780598920.9193704,19.217577999996138,865224,0.022949,-0.02417,1.047119,0.48855,2.78626,-1.290076,1.047649,3.109054,16618,27905,11285,16618,0,102.767,0,normal
1780598920.964193,19.26240069999767,865255,0.026123,-0.035156,1.046631,1.778626,2.687023,-0.770992,1.047547,3.313311,16620,27909,11287,16620,0,102.767,1,normal
1780598920.9825392,19.28074669999478,865286,0.04541,-0.029297,1.059814,1.91603,2.885496,-0.977099,1.061191,3.598886,16625,27915,11288,16625,0,102.767,6,normal
1780598921.013917,19.312124500007485,865317,0.068359,-0.015137,1.052978,0.793893,3.19084,-1.015267,1.055304,3.441292,16628,27919,11289,16628,0,102.767,5,normal
1780598921.0449226,19.343130000008387,865348,0.041992,-0.041748,1.046631,2.10687,2.931298,-0.335878,1.048304,3.625496,16630,27924,11292,16630,1,102.767,14,normal
1780598921.0765808,19.374788400004036,865380,0.035156,-0.007568,1.049805,1.328244,2.206107,-0.312977,1.05042,2.59405,16636,27931,11293,16636,0,117.438,0,normal
1780598921.1059759,19.4041833000083,865410,0.064453,-0.013428,1.071289,1.145038,3.091603,-0.961832,1.07331,3.434275,16638,27935,11295,16638,0,117.438,0,normal
1780598921.13785,19.43605750000279,865441,0.033447,-0.045898,1.048828,1.770992,3.19084,-0.78626,1.050365,3.733106,16640,27940,11298,16640,1,117.438,13,normal
1780598921.1677985,19.466006100003142,865472,0.036377,0.005127,1.057617,1.458015,2.633588,-0.496183,1.058255,3.050867,16644,27945,11299,16644,0,117.438,6,normal
1780598921.1988454,19.49705289999838,865503,0.016602,-0.051758,1.053711,1.450382,2.274809,-1.10687,1.055112,2.91608,16646,27949,11301,16646,0,117.438,0,normal
1780598921.2306397,19.528847299996414,865534,0.040527,0.001709,1.049072,2.526718,2.854962,-0.389313,1.049856,3.83232,16649,27954,11303,16649,1,117.438,13,normal
1780598921.2614295,19.559636999998474,865565,0.028809,-0.02417,1.049316,0.801527,2.625954,-1.312977,1.04999,3.043352,16654,27961,11305,16654,0,117.438,0,normal
1780598921.2932987,19.59150629999931,865596,0.022217,-0.027588,1.052978,1.923664,2.099237,-1.091603,1.053574,3.049406,16656,27965,11307,16656,0,117.438,0,normal
1780598921.3236413,19.621848800001317,865627,0.051514,-0.021729,1.057861,2.274809,3.030534,-0.389313,1.059338,3.80926,16661,27971,11308,16661,0,117.438,5,normal
1780598921.35363,19.65183750000142,865658,0.062012,-0.032959,1.049805,0.70229,3.366412,-1.175572,1.052151,3.634269,16665,27977,11310,16665,0,104.317,0,normal
1780598921.3856342,19.683841699996265,865689,0.064941,-0.027344,1.05249,2.114504,2.824427,-0.687023,1.054846,3.594512,16667,27982,11313,16667,1,104.317,14,normal
1780598921.4165967,19.714804200004437,865720,0.018555,-0.032471,1.045898,1.328244,2.641221,-0.877863,1.046567,3.083979,16672,27989,11315,16672,0,104.317,1,normal
1780598921.4460402,19.744247599999653,865751,0.067627,-0.014893,1.071777,1.114504,3.389313,-0.740458,1.074012,3.643877,16674,27993,11317,16674,0,104.317,0,normal
1780598921.4788222,19.777029799995944,865782,0.019531,-0.054688,1.037109,1.801527,2.832061,-0.48855,1.038734,3.391865,16676,27998,11320,16676,1,104.317,14,normal
1780598921.5091698,19.80737730000692,865813,0.033691,-0.004883,1.051514,1.450382,2.419847,-0.465649,1.052065,2.859387,16681,28005,11322,16681,0,104.317,0,normal
1780598921.5397372,19.8379447000043,865844,0.019287,-0.050537,1.053467,1.473282,2.305344,-0.648855,1.054855,2.811794,16683,28009,11324,16683,0,104.317,0,normal
1780598921.57046,19.86866770000779,865875,0.027832,-0.003418,1.05249,2.519084,3.206107,-0.236641,1.052864,4.084226,16686,28014,11326,16686,1,104.317,14,normal
1780598921.602783,19.900990599999204,865906,0.027344,-0.022949,1.049072,0.671756,2.633588,-1.274809,1.049679,3.002029,16691,28021,11328,16691,0,104.317,1,normal
1780598921.6336434,19.93185100000119,865937,0.028809,-0.030273,1.050781,1.732824,2.160305,-0.78626,1.051612,2.878854,16693,28025,11330,16693,0,100.358,0,normal
1780598921.663917,19.962124700003187,865968,0.040283,-0.00293,1.058106,2.160305,3.984733,-0.480916,1.058876,4.558102,16698,28031,11331,16698,0,100.358,6,normal
1780598921.6940084,19.992215899997973,865999,0.03833,-0.00708,1.052978,0.89313,2.824427,-0.854962,1.0537,3.083185,16702,28037,11333,16702,0,100.358,1,normal
1780598921.726368,20.024575500006904,866030,0.060547,-0.036377,1.048584,2.648855,2.633588,-0.587786,1.05096,3.781231,16704,28042,11336,16704,1,100.358,14,normal
1780598921.7567077,20.054915200002142,866061,0.03125,-0.032715,1.054443,1.671756,2.122137,-0.80916,1.055414,2.820102,16709,28049,11338,16709,0,100.358,0,normal
1780598921.7874274,20.085634899995057,866092,0.06543,-0.006348,1.071045,1.114504,3.648855,-0.763359,1.07306,3.890884,16711,28053,11340,16711,0,100.358,1,normal
1780598921.8178766,20.116084099994623,866122,0.048828,-0.041992,1.046875,1.938931,2.969466,-0.526718,1.048854,3.585333,16713,28058,11343,16713,1,100.358,14,normal
1780598921.8489306,20.14713820000179,866153,0.049561,-0.015869,1.037109,1.221374,2.740458,-0.496183,1.038414,3.041062,16717,28063,11344,16717,0,100.358,0,normal
1780598921.880189,20.178396400006022,866184,0.064453,-0.022217,1.059082,0.916031,3.274809,-0.847328,1.061274,3.50449,16719,28067,11346,16719,0,100.358,1,normal
1780598921.9115462,20.20975379999436,866215,0.019043,-0.049072,1.04126,1.908397,2.473282,-0.59542,1.042589,3.180193,16721,28072,11349,16721,1,100.719,14,normal
1780598921.942389,20.240596600007848,866246,0.064209,0.000244,1.057617,1.519084,2.938931,-0.450382,1.059564,3.338828,16726,28079,11351,16726,0,100.719,0,normal
1780598921.972717,20.270924500000547,866276,0.043213,-0.056152,1.049072,1.320611,2.419847,-0.854962,1.051462,2.886284,16728,28083,11353,16728,0,100.719,1,normal
1780598922.004886,20.303093499998795,866308,0.060791,-0.001953,1.050049,2.541985,3.526718,-0.633588,1.051809,4.393274,16731,28087,11354,16731,0,100.719,6,normal
1780598922.0343573,20.33256490000349,866339,0.047119,-0.026123,1.04541,0.549618,2.198473,-0.992366,1.046798,2.473895,16735,28093,11356,16735,0,100.719,0,normal
1780598922.0671425,20.36535000000731,866370,0.039307,-0.030273,1.060303,1.885496,1.885496,-1.167939,1.061463,2.91106,16737,28097,11358,16737,0,100.719,1,normal
1780598922.097253,20.39546070000506,866401,0.05542,-0.034424,1.061768,2.374046,2.931298,-1.038168,1.06377,3.912338,16742,28103,11359,16742,0,100.719,6,normal
1780598922.1276402,20.425847699996666,866432,0.054199,-0.008057,1.050049,1.290076,3.541985,-1.007634,1.051477,3.901958,16746,28109,11361,16746,0,100.719,0,normal
1780598922.1595283,20.457735699994373,866463,0.073975,-0.039062,1.05542,2.137405,2.419847,-0.48855,1.05873,3.265401,16748,28114,11364,16748,1,100.719,14,normal
1780598922.1905243,20.48873189999722,866494,0.037598,-0.032471,1.054443,1.633588,2.351145,-0.610687,1.055613,2.927359,16753,28121,11366,16753,0,114.695,0,normal
1780598922.2204049,20.518612300002133,866525,0.059814,-0.009521,1.062012,1.19084,3.51145,-0.70229,1.063737,3.773804,16754,28123,11367,16754,0,114.695,6,normal
1780598922.2521403,20.55034770000202,866556,0.029785,-0.047607,1.044922,1.770992,2.832061,-0.648855,1.04643,3.402646,16756,28128,11370,16756,1,114.695,14,normal
1780598922.283247,20.58145450000302,866587,0.062988,-0.007324,1.0625,1.824428,2.778626,-0.564886,1.064391,3.371705,16761,28135,11372,16761,0,114.695,0,normal
1780598922.312725,20.610932700001285,866617,0.020752,-0.042725,1.061523,0.824427,2.641221,-0.755725,1.062586,2.868249,16763,28139,11374,16763,0,114.695,0,normal
1780598922.3437455,20.641952899997705,866648,0.027588,-0.047607,1.043457,2.389313,3.091603,-0.763359,1.044907,3.981148,16766,28144,11376,16766,1,114.695,14,normal
1780598922.375368,20.673575699998764,866679,0.046875,0.002197,1.058106,0.801527,2.671756,-0.931298,1.059146,2.940755,16771,28151,11378,16771,0,114.695,0,normal
1780598922.4061644,20.704371900006663,866710,0.0354,-0.048584,1.058594,1.419847,2.366412,-0.610687,1.060299,2.826449,16773,28155,11380,16773,0,114.695,0,normal
1780598922.4368618,20.735069200003636,866741,0.039062,0.002441,1.04834,3.236641,3.061069,-0.847328,1.04907,4.53475,16777,28161,11382,16777,0,114.695,5,normal
1780598922.466703,20.7649104000011,866771,0.059814,-0.01709,1.051514,0.633588,2.290076,-1.08397,1.053352,2.61168,16781,28167,11384,16781,0,101.083,0,normal
1780598922.4963567,20.794564199997694,866801,0.055664,-0.058594,1.051514,1.48855,2.465649,-0.78626,1.054615,2.985533,16783,28171,11386,16783,0,101.083,0,normal
1780598922.5277495,20.825957000008202,866832,0.048828,0.001953,1.061279,2.793893,3.557252,-0.671756,1.062404,4.57287,16787,28177,11388,16787,0,101.083,5,normal
1780598922.5587258,20.85693330000504,866862,0.04541,-0.013184,1.058106,0.641221,2.320611,-0.816794,1.059162,2.542352,16791,28183,11390,16791,0,101.083,0,normal
1780598922.5892675,20.887474999995902,866893,0.020508,-0.016846,1.05127,1.977099,2.480916,-1.091603,1.051604,3.354916,16793,28187,11392,16793,0,101.083,0,normal
1780598922.6199038,20.918111399994814,866924,0.037109,-0.024414,1.049316,2.236641,2.267176,-0.80916,1.050256,3.285938,16796,28193,11395,16796,0,101.083,5,normal
1780598922.65056,20.94876739999745,866956,0.05835,0.004639,1.06543,1.0,3.167939,-0.877863,1.067036,3.436056,16799,28197,11396,16799,0,101.083,6,normal
1780598922.6815343,20.979741700008162,866986,0.049072,-0.04126,1.049805,2.419847,2.740458,-0.412214,1.051761,3.679088,16801,28202,11399,16801,1,101.083,14,normal
1780598922.7133303,21.01153790000535,867017,0.019043,-0.036621,1.041016,1.541985,2.29771,-0.59542,1.041834,2.830497,16806,28209,11401,16806,0,101.083,0,normal
1780598922.7431753,21.041382700001122,867048,0.047607,-0.012695,1.061768,1.21374,3.938931,-0.931298,1.06291,4.225596,16808,28213,11403,16808,0,97.473,1,normal
1780598922.7750082,21.073215700002038,867079,0.036377,-0.041504,1.046631,1.885496,2.78626,-0.755725,1.048085,3.448109,16810,28218,11406,16810,1,97.473,14,normal
1780598922.8058264,21.104033900002833,867110,0.031738,-0.008545,1.048828,1.366412,2.351145,-0.458015,1.049343,2.75767,16814,28223,11407,16814,0,97.473,5,normal
1780598922.8365312,21.134738599997945,867140,0.04541,-0.033691,1.057861,1.007634,2.534351,-0.908397,1.059371,2.874621,16816,28227,11409,16816,0,97.473,1,normal
1780598922.8679593,21.16616670000076,867171,0.046387,-0.053467,1.050049,2.19084,3.21374,-0.793893,1.052432,3.969656,16818,28232,11412,16818,1,97.473,14,normal
1780598922.8970554,21.19526279999991,867202,0.059326,0.000732,1.050293,1.748092,2.618321,-0.816794,1.051967,3.252473,16823,28239,11414,16823,0,97.473,1,normal
1780598922.9284053,21.22661290000542,867233,0.047607,-0.058838,1.053467,1.10687,2.259542,-0.78626,1.056182,2.636076,16825,28243,11416,16825,0,97.473,0,normal
1780598922.9591746,21.257382199997664,867264,0.060059,0.000977,1.05957,2.854962,3.167939,-0.709924,1.061272,4.323267,16829,28249,11418,16829,0,97.473,6,normal
1780598922.9895701,21.287777699995786,867295,0.056885,-0.026611,1.044434,0.496183,2.534351,-1.435114,1.04632,2.954435,16833,28255,11420,16833,0,97.473,1,normal
1780598923.0210793,21.319286800004193,867325,0.028564,-0.052002,1.04541,2.068702,2.236641,-0.816794,1.047092,3.154242,16835,28259,11422,16835,0,97.473,0,normal
1780598923.0528643,21.35107190000417,867356,0.052734,-0.015137,1.060059,2.343511,2.854962,-0.496183,1.061477,3.726802,16838,28263,11423,16838,0,97.473,6,normal
1780598923.083107,21.38131450000219,867387,0.043701,-0.024902,1.05249,0.832061,2.801527,-1.091603,1.053691,3.119692,16842,28269,11425,16842,0,97.473,1,normal
1780598923.114727,21.412934599997243,867418,0.031494,-0.031494,1.059326,2.48855,2.740458,-0.725191,1.060262,3.77212,16844,28274,11428,16844,1,97.473,14,normal
1780598923.1450696,21.44327720000001,867449,0.042725,-0.039551,1.050537,1.412214,2.458015,-0.961832,1.052149,2.993544,16848,28280,11430,16848,1,97.473,3,normal
1780598923.175208,21.473415500004194,867480,0.056152,-0.00415,1.074707,1.480916,3.251908,-0.770992,1.076181,3.655468,16851,28285,11432,16851,0,97.473,1,normal
1780598923.2073364,21.505543999999645,867511,0.042725,-0.041016,1.04248,2.083969,3.015267,-0.763359,1.044161,3.743993,16853,28290,11435,16853,1,97.473,13,normal
1780598923.2374551,21.535662700000103,867542,0.056885,-0.006592,1.055176,1.755725,2.442748,-0.541985,1.056729,3.056687,16858,28297,11437,16858,0,97.473,0,normal
1780598923.269189,21.567396300000837,867573,0.030762,-0.057617,1.049072,1.10687,2.465649,-0.870229,1.051104,2.839346,16860,28301,11439,16860,0,97.473,1,normal
1780598923.29957,21.59777770000801,867604,0.05249,-0.019775,1.046143,2.381679,3.770992,-0.549618,1.047645,4.493869,16863,28306,11441,16863,1,100.358,14,normal
1780598923.3290718,21.62727919999452,867635,0.058105,0.000977,1.04248,1.0,3.0,-0.633588,1.044099,3.225125,16868,28313,11443,16868,0,100.358,0,normal
1780598923.359807,21.658014500004356,867664,0.038086,-0.04126,1.064941,1.137405,2.038168,-0.763359,1.066421,2.455715,16870,28317,11445,16870,0,100.358,1,normal
1780598923.3892987,21.687506300004316,867695,0.057617,-0.017578,1.053955,2.70229,2.29771,-0.80916,1.055675,3.638212,16873,28322,11447,16873,1,100.358,14,normal
1780598923.419858,21.718065599998226,867725,0.039795,0.005615,1.044189,1.442748,2.641221,-1.08397,1.044962,3.198838,16878,28329,11449,16878,0,100.358,0,normal
1780598923.4519868,21.75019419999444,867756,0.02002,-0.066406,1.047119,1.19084,2.40458,-0.625954,1.049414,2.755344,16880,28333,11451,16880,0,100.358,1,normal
1780598923.4819071,21.780114699999103,867786,0.039795,-0.004883,1.052978,2.450382,3.320611,-0.847328,1.053741,4.212932,16882,28336,11452,16882,1,100.358,16,normal
1780598923.5126097,21.81081730000733,867817,0.035889,-0.010986,1.047852,0.59542,2.923664,-0.679389,1.048524,3.06005,16887,28343,11454,16887,0,100.358,0,normal
1780598923.5424428,21.840650400001323,867847,0.043213,-0.062256,1.0625,1.259542,2.541985,-0.328244,1.065199,2.85585,16889,28347,11456,16889,0,100.358,1,normal
1780598923.5737486,21.871956200004206,867877,0.065186,-0.010742,1.052978,2.679389,3.496183,-0.748092,1.055049,4.467892,16892,28352,11458,16892,1,106.227,14,normal
1780598923.604759,21.902966499998,867909,0.051758,-0.023438,1.058838,0.51145,2.671756,-1.328244,1.060361,3.027225,16897,28359,11460,16897,0,106.227,0,normal
1780598923.635619,21.93382649999694,867940,0.040283,-0.027344,1.057861,2.022901,2.938931,-0.419847,1.058981,3.592452,16899,28363,11462,16899,0,106.227,1,normal
1780598923.6661973,21.96440490000532,867971,0.05957,-0.030762,1.059082,1.977099,2.824427,-0.847328,1.061202,3.55025,16904,28369,11463,16904,0,106.227,6,normal
1780598923.697853,21.996060699995724,868002,0.051758,-0.000244,1.060303,1.022901,3.267176,-1.137405,1.061565,3.607555,16908,28375,11465,16908,0,106.227,0,normal
1780598923.729768,22.027975599994534,868033,0.049316,-0.049072,1.04541,2.007634,2.473282,-0.557252,1.047723,3.233922,16910,28380,11468,16910,1,106.227,14,normal
1780598923.7583473,22.056554800001322,868064,0.043213,-0.03125,1.051514,1.70229,2.328244,-0.931298,1.052865,3.030813,16915,28387,11470,16915,0,106.227,0,normal
1780598923.7905965,22.088803999999072,868094,0.036133,-0.001709,1.067627,1.137405,3.694656,-0.748092,1.06824,3.937488,16917,28391,11472,16917,0,106.227,0,normal
1780598923.8208475,22.119055000002845,868125,0.035889,-0.039795,1.049072,1.900763,3.007634,-0.679389,1.05044,3.6222,16919,28396,11475,16919,1,106.227,13,normal
1780598923.8516126,22.149820000006002,868156,0.047363,-0.000732,1.053955,1.572519,2.572519,-0.664122,1.055019,3.08735,16925,28403,11476,16925,0,118.28,0,normal
1780598923.8817208,22.179928199999267,868186,0.044922,-0.010986,1.061523,1.137405,2.618321,-1.091603,1.06253,3.056287,16927,28407,11478,16927,0,118.28,0,normal
1780598923.9134297,22.21163730000262,868217,0.042969,-0.050293,1.044189,1.977099,2.679389,-0.534351,1.046282,3.372474,16929,28412,11481,16929,1,118.28,13,normal
1780598923.943854,22.242061700002523,868248,0.034668,0.006836,1.047852,1.427481,2.480916,-0.572519,1.048447,2.918976,16934,28419,11483,16934,0,118.28,0,normal
1780598923.9742947,22.272502200008603,868279,0.023682,-0.051514,1.050781,1.198473,2.251908,-1.091603,1.05231,2.774712,16936,28423,11485,16936,0,118.28,0,normal
1780598924.005942,22.304149700008566,868310,0.048828,-0.008057,1.055176,2.816794,3.312977,-0.526718,1.056336,4.380362,16939,28428,11487,16939,1,118.28,13,normal
1780598924.037512,22.33571959999972,868341,0.03833,-0.024414,1.051514,0.679389,2.870229,-0.694656,1.052495,3.030236,16944,28435,11489,16944,0,118.28,0,normal
1780598924.084798,22.383005600000615,868372,0.028076,-0.018555,1.05127,1.900763,2.870229,-0.931298,1.051808,3.566291,16946,28439,11491,16946,0,118.28,0,normal
1780598924.0994947,22.39770220000355,868403,0.036621,-0.029785,1.049805,2.083969,3.473282,-0.633588,1.050865,4.099762,16950,28445,11493,16950,0,118.28,6,normal
1780598924.1301289,22.428336400000262,868435,0.036133,0.001953,1.057373,0.969466,3.458015,-0.687023,1.057992,3.656464,16953,28449,11494,16953,0,100.358,6,normal
1780598924.1620638,22.460271300005843,868466,0.03125,-0.045654,1.040039,2.21374,2.580153,-0.832061,1.04151,3.500023,16955,28454,11497,16955,1,100.358,14,normal
1780598924.1928482,22.49105579999741,868497,0.040039,0.00293,1.052002,1.51145,2.450382,-0.916031,1.052768,3.021252,16960,28461,11499,16960,0,100.358,1,normal
1780598924.2233565,22.521563899994362,868528,0.036621,-0.025391,1.062256,1.038168,2.778626,-0.740458,1.06319,3.057259,16962,28465,11501,16962,0,100.358,0,normal
1780598924.2543743,22.552581900003133,868559,0.033447,-0.059082,1.041504,2.549618,2.59542,-0.572519,1.043714,3.683006,16964,28470,11504,16964,1,100.358,14,normal
1780598924.2849953,22.583202900001197,868590,0.05835,0.006836,1.043945,1.061069,3.160305,-0.40458,1.045597,3.358137,16968,28475,11505,16968,0,100.358,6,normal
1780598924.3172328,22.615440299996408,868621,0.040039,-0.065186,1.045654,1.312977,2.641221,-0.664122,1.048449,3.023412,16970,28479,11507,16970,0,100.358,0,normal
1780598924.347482,22.645689400000265,868652,0.059326,-0.005859,1.056396,3.19084,2.80916,-0.625954,1.058077,4.297052,16974,28485,11509,16974,0,100.358,5,normal
1780598924.3786414,22.676848999995855,868683,0.05957,-0.033691,1.055176,0.40458,3.053435,-1.267176,1.057393,3.330598,16978,28491,11511,16978,0,100.358,0,normal
1780598924.4098272,22.708034700001008,868714,0.032227,-0.038818,1.050049,2.229008,3.221374,-0.671756,1.05126,3.974542,16980,28495,11513,16980,0,96.774,0,normal
1780598924.4410748,22.739282399998046,868745,0.037109,-0.030518,1.052246,1.832061,2.587786,-0.969466,1.053342,3.315562,16985,28501,11514,16985,0,96.774,5,normal
1780598924.4709797,22.76918730000034,868776,0.037109,-0.001953,1.060303,0.78626,3.526718,-1.030534,1.060954,3.757385,16989,28507,11516,16989,0,96.774,1,normal
1780598924.5027974,22.80100500000117,868807,0.035156,-0.04126,1.051758,2.236641,2.519084,-0.770992,1.053154,3.455832,16991,28512,11519,16991,1,96.774,14,normal
1780598924.5334308,22.83163830000558,868838,0.043213,-0.014893,1.053223,1.717557,2.480916,-0.748092,1.054214,3.108792,16994,28517,11521,16994,0,96.774,0,normal
1780598924.563658,22.86186560000351,868869,0.038574,-0.004639,1.060059,0.847328,3.21374,-0.671756,1.06077,3.390774,16996,28521,11523,16996,0,96.774,1,normal
1780598924.5949507,22.893158200007747,868899,0.023193,-0.050537,1.042236,1.877863,2.916031,-0.541985,1.043719,3.510463,16998,28526,11526,16998,1,96.774,14,normal
1780598924.625829,22.92403650000051,868930,0.025879,-0.005615,1.044189,1.381679,2.320611,-0.587786,1.044525,2.764012,17003,28533,11528,17003,0,96.774,1,normal
1780598924.6565208,22.954728400000022,868961,0.017822,-0.051514,1.053955,1.312977,2.290076,-0.610687,1.055364,2.709483,17005,28537,11530,17005,0,96.774,1,normal
1780598924.6873658,22.985573300000397,868992,0.034912,-0.002441,1.05542,2.847328,3.053435,-0.709924,1.056,4.234942,17008,28542,11532,17008,1,100.719,14,normal
1780598924.716687,23.014894599997206,869022,0.045654,0.007813,1.054688,1.221374,2.206107,-0.847328,1.055704,2.660193,17013,28549,11534,17013,0,100.719,0,normal
1780598924.7473004,23.045507999995607,869052,0.008301,-0.045898,1.052978,1.08397,2.694656,-0.854962,1.054011,3.027726,17015,28553,11536,17015,0,100.719,1,normal
1780598924.7786317,23.076839300003485,869083,0.036133,-0.025146,1.042969,2.725191,3.450382,-0.664122,1.043897,4.446668,17017,28558,11539,17017,1,100.719,14,normal
1780598924.8093472,23.10755460000655,869114,0.03125,0.015625,1.045654,0.862595,2.389313,-1.114504,1.046238,2.773988,17022,28565,11541,17022,0,100.719,0,normal
1780598924.8404176,23.13862510000763,869144,0.041016,-0.063721,1.041016,1.496183,2.259542,-1.068702,1.04377,2.913112,17024,28569,11543,17024,0,100.719,1,normal
1780598924.8706422,23.168849800000316,869175,0.053467,-0.010742,1.054932,3.045802,3.320611,-0.40458,1.05634,4.524052,17027,28574,11545,17027,1,100.719,14,normal
1780598924.9016469,23.199854399994365,869206,0.054688,-0.026855,1.05127,0.465649,2.862595,-1.068702,1.053034,3.090858,17032,28581,11547,17032,0,100.719,0,normal
1780598924.9326954,23.23090300000331,869237,0.0354,-0.03125,1.051025,2.10687,2.908397,-0.763359,1.052086,3.671565,17034,28585,11549,17034,0,100.719,1,normal
1780598924.9648283,23.2630358000024,869268,0.036865,-0.028564,1.058106,2.175573,3.198473,-0.473282,1.059133,3.897094,17037,28589,11550,17037,0,105.072,6,normal
1780598924.9979289,23.296136400007526,869299,0.061768,-0.003418,1.0625,0.847328,3.435115,-1.045802,1.064299,3.689401,17041,28595,11552,17041,0,105.072,0,normal
1780598925.0243454,23.322552900004666,869329,0.037109,-0.031738,1.042236,2.40458,2.748092,-0.679389,1.04338,3.71424,17043,28600,11555,17043,1,105.072,13,normal
1780598925.0563767,23.354584200002137,869360,0.044678,-0.04248,1.056152,1.564886,2.351145,-0.862595,1.05795,2.953104,17047,28605,11556,17047,0,105.072,6,normal
1780598925.0876105,23.385817999995197,869391,0.056152,-0.013672,1.062744,0.885496,3.152672,-0.770992,1.064314,3.364204,17051,28611,11558,17051,0,105.072,0,normal
1780598925.1183426,23.41655019999598,869422,0.028564,-0.044189,1.041504,2.061069,2.587786,-0.603053,1.042832,3.362784,17052,28614,11560,17052,1,105.072,17,normal
1780598925.1496844,23.44789189999574,869453,0.052002,-0.013916,1.052978,1.496183,2.259542,-0.51145,1.054354,2.757839,17058,28621,11561,17058,0,105.072,1,normal
1780598925.1813393,23.47954670000763,869485,0.026611,-0.055664,1.057861,1.145038,2.572519,-0.778626,1.059659,2.921511,17060,28625,11563,17060,0,105.072,0,normal
1780598925.2113898,23.50959739999962,869516,0.043701,0.003662,1.053711,2.557252,3.541985,-0.496183,1.054623,4.396748,17063,28630,11565,17063,1,105.072,14,normal
1780598925.2411897,23.539397300002747,869546,0.043701,0.006836,1.04126,0.755725,3.145038,-0.977099,1.042199,3.378921,17068,28637,11567,17068,0,111.511,0,normal
1780598925.2728076,23.5710151999956,869577,0.049561,-0.050781,1.052978,1.59542,2.610687,-0.938931,1.055367,3.200413,17070,28641,11569,17070,0,111.511,0,normal
1780598925.3039272,23.60213460000523,869608,0.06958,-0.008545,1.064209,2.992366,3.465649,-0.458015,1.066515,4.601604,17074,28647,11571,17074,0,111.511,5,normal
1780598925.3343794,23.632587000000058,869639,0.035645,-0.016846,1.042969,-0.007634,2.763359,-1.328244,1.043714,3.066014,17077,28651,11572,17077,0,111.511,6,normal
1780598925.3661659,23.664373299994622,869670,0.064941,-0.04126,1.059326,2.114504,3.083969,-0.725191,1.062116,3.808923,17079,28655,11574,17079,0,111.511,0,normal
1780598925.397339,23.69554660000722,869701,0.048828,-0.037109,1.056885,2.083969,2.519084,-0.740458,1.058663,3.352162,17084,28661,11575,17084,0,111.511,5,normal
1780598925.427124,23.725331499997992,869732,0.067383,0.000244,1.05249,0.557252,3.450382,-0.961832,1.054645,3.625022,17088,28667,11577,17088,0,111.511,0,normal
1780598925.4587302,23.75693780000438,869763,0.040039,-0.034668,1.037842,2.083969,2.29771,-0.305344,1.039192,3.116991,17090,28672,11580,17090,1,111.511,14,normal
1780598925.4897647,23.7879721000063,869794,0.053711,-0.012451,1.048096,1.633588,2.198473,-0.778626,1.049545,2.847482,17096,28679,11581,17096,0,111.511,0,normal
1780598925.5207858,23.818993299995782,869825,0.060059,-0.033936,1.056885,0.770992,3.320611,-0.732824,1.059134,3.48682,17098,28683,11583,17098,0,107.527,0,normal
1780598925.5521572,23.85036470000341,869856,0.048096,-0.014893,1.059326,2.633588,2.251908,-0.839695,1.060522,3.565384,17100,28688,11586,17100,1,107.527,14,normal
1780598925.5821943,23.880401800008258,869887,0.049316,0.008057,1.053955,1.221374,2.259542,-0.587786,1.055139,2.634915,17105,28695,11588,17105,0,107.527,1,normal
1780598925.613547,23.911754600005224,869918,0.052734,-0.062988,1.050049,1.267176,2.091603,-0.824427,1.053257,2.58074,17107,28699,11590,17107,0,107.527,0,normal
1780598925.645206,23.94341340000392,869949,0.059082,-0.011475,1.05127,2.992366,3.885496,-0.557252,1.052991,4.935774,17111,28705,11592,17111,0,107.527,6,normal
1780598925.676579,23.97478649999539,869981,0.045654,-0.022217,1.049561,0.664122,2.70229,-1.08397,1.050788,2.986372,17115,28711,11594,17115,0,107.527,1,normal
1780598925.7080374,24.00624479999533,870012,0.042969,-0.024414,1.048584,2.305344,2.832061,-0.236641,1.049748,3.659396,17117,28716,11597,17117,1,107.527,14,normal
1780598925.7392547,24.03746219999448,870043,0.026123,-0.037354,1.058594,1.412214,2.519084,-0.717557,1.059575,2.975739,17122,28723,11599,17122,0,107.527,0,normal
1780598925.7691748,24.06738239999686,870074,0.044678,-0.00708,1.062744,0.938931,3.145038,-0.977099,1.063706,3.424556,17123,28725,11600,17123,0,107.527,5,normal
1780598925.8010068,24.099214400004712,870105,0.041504,-0.049072,1.04126,2.122137,2.465649,-0.557252,1.043241,3.300518,17125,28730,11603,17125,1,96.429,13,normal
1780598925.8321877,24.130395200001658,870136,0.036621,-0.01123,1.056641,1.603053,2.480916,-0.343511,1.057335,2.973672,17130,28737,11605,17130,0,96.429,0,normal
1780598925.8624637,24.16067130000738,870167,0.035156,-0.047607,1.058838,1.244275,2.641221,-0.839695,1.06049,3.037986,17132,28741,11607,17132,0,96.429,0,normal
1780598925.8940585,24.1922659999982,870198,0.060059,-0.049316,1.054688,2.801527,2.89313,-0.816794,1.057547,4.109246,17135,28746,11609,17135,1,96.429,13,normal
1780598925.9256413,24.22384890000103,870229,0.0271,-0.010742,1.045898,0.877863,2.51145,-0.709924,1.046305,2.753546,17139,28751,11610,17139,0,96.429,6,normal
1780598925.962741,24.26094849999936,870260,0.03418,-0.054443,1.05127,1.709924,2.496183,-1.290076,1.053233,3.289235,17141,28755,11612,17141,0,96.429,0,normal
1780598925.9864476,24.2846550999966,870291,0.051758,-0.004639,1.060059,3.007634,3.251908,-0.091603,1.061332,4.43048,17145,28761,11614,17145,0,96.429,6,normal
1780598926.0178967,24.316104199999245,870322,0.047363,-0.025146,1.050049,0.656489,2.732824,-1.412214,1.051417,3.145418,17149,28767,11616,17149,0,96.429,0,normal
1780598926.0488508,24.3470582000009,870353,0.055176,-0.032715,1.05835,2.320611,3.022901,-0.435114,1.060292,3.835686,17151,28771,11618,17151,0,96.429,0,normal
1780598926.0804558,24.378663399998914,870384,0.031006,-0.039062,1.051025,1.992366,2.725191,-0.534351,1.052208,3.417853,17156,28777,11619,17156,0,111.111,6,normal
1780598926.1111987,24.40940610000689,870415,0.018799,-0.002686,1.068359,0.916031,3.160305,-0.908397,1.068528,3.413477,17160,28783,11621,17160,0,111.111,0,normal
1780598926.1416464,24.439853899995796,870446,0.008057,-0.045898,1.034424,2.053435,2.679389,-0.465649,1.035473,3.407719,17162,28788,11624,17162,1,111.111,14,normal
1780598926.1733758,24.471583399994415,870477,0.021729,0.001953,1.050293,1.458015,2.748092,-0.770992,1.05052,3.205034,17167,28795,11626,17167,0,111.111,1,normal
1780598926.2032857,24.501493300005677,870508,0.035156,-0.029541,1.0625,0.992366,3.198473,-1.022901,1.063492,3.501621,17169,28799,11628,17169,0,111.111,0,normal
1780598926.2338548,24.53206230000069,870538,0.02832,-0.05127,1.040772,1.954198,2.351145,-0.900763,1.042418,3.187185,17171,28804,11631,17171,1,111.111,14,normal
1780598926.2655108,24.563718300007167,870569,0.059082,-0.000732,1.057129,1.603053,2.343511,-0.541985,1.058779,2.890601,17176,28811,11633,17176,0,111.111,1,normal
1780598926.2963853,24.59459269999934,870600,0.061035,-0.05835,1.04834,0.923664,2.908397,-0.854962,1.051735,3.169052,17178,28815,11635,17178,0,111.111,0,normal
1780598926.3265958,24.624803200000315,870631,0.050537,-0.007324,1.05127,2.503817,2.877863,-0.51145,1.052509,3.848737,17181,28820,11637,17181,1,111.111,14,normal
1780598926.363077,24.661284500005422,870667,0.049805,-0.023926,1.050049,1.030534,2.328244,-1.0,1.051502,2.735456,17186,28827,11639,17186,0,106.007,1,normal
1780598926.3935986,24.691806000002543,870698,0.058594,-0.052002,1.049316,2.022901,3.0,-0.89313,1.052237,3.726904,17188,28832,11642,17188,1,106.007,14,normal
1780598926.4241235,24.72233099999721,870728,0.023682,-0.003174,1.050781,1.496183,2.549618,-0.396947,1.051053,2.982731,17194,28839,11643,17194,0,106.007,0,normal
1780598926.4550493,24.75325680000242,870759,0.0271,-0.046143,1.058594,1.129771,2.832061,-0.664122,1.059945,3.120578,17196,28843,11645,17196,0,106.007,1,normal
1780598926.4860983,24.784305699999095,870790,0.040771,-0.005859,1.056152,2.862595,3.465649,-0.740458,1.056955,4.555596,17199,28848,11647,17199,1,106.007,14,normal
1780598926.515932,24.81413949999842,870821,0.025879,0.0,1.050293,0.78626,2.389313,-1.0,1.050612,2.706847,17204,28855,11649,17204,0,106.007,0,normal
1780598926.5470943,24.845301900000777,870850,0.02417,-0.053711,1.047363,1.389313,2.824427,-0.618321,1.049018,3.207788,17206,28859,11651,17206,0,106.007,0,normal
1780598926.577693,24.87590060000366,870881,0.060303,-0.002441,1.051758,2.671756,2.89313,-0.503817,1.053488,3.970178,17209,28864,11653,17209,1,106.007,13,normal
1780598926.6071756,24.905383000004804,870912,0.053955,-0.013184,1.04248,0.679389,2.832061,-0.824427,1.043959,3.02685,17214,28871,11655,17214,0,106.007,0,normal
1780598926.639507,24.937714600004256,870943,0.022705,-0.049316,1.046143,1.717557,2.664122,-1.053435,1.04755,3.340251,17216,28875,11657,17216,0,108.696,0,normal
1780598926.6695752,24.96778269999777,870974,0.050293,0.000977,1.056885,3.053435,2.908397,-0.458015,1.058081,4.2417,17220,28881,11659,17220,0,108.696,6,normal
1780598926.7014685,24.99967610000749,871005,0.04541,-0.030518,1.058106,0.603053,2.862595,-0.801527,1.059519,3.033244,17224,28887,11661,17224,0,108.696,0,normal
1780598926.7319877,25.03019520000089,871036,0.05957,-0.037354,1.057129,2.374046,2.526718,-0.427481,1.059465,3.493299,17226,28892,11664,17226,1,108.696,14,normal
1780598926.7636788,25.06188639999891,871067,0.034912,-0.031738,1.055908,1.748092,2.732824,-0.78626,1.056962,3.338017,17228,28895,11665,17228,0,108.696,6,normal
1780598926.794621,25.092828399996506,871098,0.052002,-0.013916,1.06665,0.748092,3.564885,-0.862595,1.068008,3.743277,17232,28901,11667,17232,0,108.696,0,normal
1780598926.8257687,25.12397620000411,871129,0.024414,-0.040527,1.037598,2.083969,3.007634,-0.59542,1.038676,3.707198,17234,28906,11670,17234,1,108.696,14,normal
1780598926.8558338,25.154041300003882,871160,0.024414,-0.001465,1.04541,1.267176,2.480916,-0.656489,1.045696,2.862107,17239,28913,11672,17239,0,108.696,1,normal
1780598926.888072,25.186279500005185,871191,0.016846,-0.020264,1.055176,0.793893,2.320611,-0.916031,1.055505,2.618131,17241,28917,11674,17241,0,108.696,0,normal
1780598926.9187098,25.216917199999443,871222,0.053223,-0.023926,1.043213,2.396947,3.183206,-0.687023,1.044844,4.043532,17243,28922,11677,17243,1,96.774,14,normal
1780598926.9484923,25.246699900002568,871253,0.056396,0.006348,1.051025,1.045802,2.755725,-0.78626,1.052556,3.050562,17248,28929,11679,17248,0,96.774,1,normal
1780598926.9927459,25.29095330000564,871284,0.037354,-0.061035,1.051025,1.343511,2.519084,-0.80916,1.053458,2.967414,17250,28933,11681,17250,0,96.774,0,normal
1780598927.0107787,25.308986200005165,871315,0.040771,-0.007813,1.043945,3.030534,3.244275,-0.603053,1.04477,4.480305,17254,28939,11683,17254,0,96.774,6,normal
1780598927.042219,25.340426499999012,871346,0.042236,-0.028076,1.053711,0.496183,2.748092,-0.954198,1.054931,2.951051,17258,28945,11685,17258,0,96.774,1,normal
1780598927.073383,25.371590700000525,871377,0.026367,-0.041504,1.048096,1.938931,3.129771,-0.916031,1.049248,3.793947,17260,28949,11687,17260,0,96.774,0,normal
1780598927.1053245,25.40353199999663,871408,0.026611,-0.033936,1.054932,2.053435,2.916031,-0.580153,1.055813,3.613365,17265,28955,11688,17265,0,96.774,6,normal
1780598927.13432,25.432527500001015,871439,0.050537,-0.003418,1.05542,0.687023,3.534351,-1.053435,1.056635,3.751448,17268,28959,11689,17268,0,96.774,5,normal
1780598927.1663585,25.464566099995864,871470,0.034424,-0.04126,1.039307,2.160305,2.839695,-0.282443,1.040695,3.579184,17270,28964,11692,17270,1,96.774,13,normal
1780598927.1972735,25.495481000005384,871501,0.032471,-0.022949,1.047607,1.557252,2.328244,-0.916031,1.048362,2.94701,17275,28971,11694,17275,0,114.695,0,normal
1780598927.2274005,25.525608099997044,871533,0.03125,-0.053711,1.0625,1.29771,2.419847,-0.80916,1.064316,2.862595,17277,28975,11696,17277,0,114.695,1,normal
1780598927.2581496,25.556357199995546,871562,0.028076,-0.044678,1.044678,2.381679,2.40458,-0.80916,1.04601,3.479819,17279,28980,11699,17279,1,114.695,13,normal
1780598927.2891498,25.587357399999746,871593,0.022705,-0.000488,1.057373,1.473282,2.78626,-0.282443,1.057617,3.164424,17285,28987,11700,17285,0,114.695,0,normal
1780598927.3206484,25.61885600000096,871624,0.033203,-0.040527,1.062988,1.335878,2.687023,-0.89313,1.064279,3.130869,17287,28991,11702,17287,0,114.695,0,normal
1780598927.3509617,25.64916909999738,871655,0.05835,-0.052246,1.050049,2.59542,3.656489,-0.847328,1.052966,4.56334,17290,28996,11704,17290,1,114.695,14,normal
1780598927.3807945,25.679002000004402,871686,0.028809,-0.003906,1.054199,1.068702,2.396947,-0.824427,1.0546,2.750847,17295,29003,11706,17295,0,114.695,0,normal
1780598927.4128616,25.711069099997985,871716,0.050293,-0.052979,1.050049,1.19084,2.755725,-0.709924,1.052587,3.08482,17297,29007,11708,17297,0,114.695,0,normal
1780598927.4416032,25.739810700004455,871747,0.056641,-0.001465,1.050537,2.862595,2.70229,-0.618321,1.052064,3.984864,17300,29012,11710,17300,1,114.695,14,normal
1780598927.4728458,25.771053400007077,871777,0.037842,-0.002686,1.050293,0.763359,2.78626,-0.824427,1.050978,3.00427,17305,29019,11712,17305,0,108.696,0,normal
1780598927.504323,25.80253060000541,871808,0.043701,-0.045898,1.060303,1.496183,2.137405,-1.122137,1.062195,2.840115,17307,29023,11714,17307,0,108.696,0,normal
1780598927.5356834,25.833890800000518,871839,0.039307,0.0,1.057373,2.770992,3.740458,-0.435114,1.058103,4.675334,17311,29029,11716,17311,0,108.696,5,normal
1780598927.56484,25.86304769999697,871869,0.04541,-0.019287,1.043701,0.877863,2.526718,-0.916031,1.044867,2.827376,17315,29035,11718,17315,0,108.696,0,normal
1780598927.5974302,25.89563780000026,871900,0.028076,-0.029541,1.051025,1.862595,2.068702,-0.969466,1.051815,2.947652,17317,29039,11720,17317,0,108.696,0,normal
1780598927.6278517,25.926059300007182,871931,0.059082,-0.037598,1.062256,2.083969,2.870229,-0.832061,1.064562,3.643277,17322,29045,11721,17322,0,108.696,5,normal
1780598927.6599157,25.958123200005502,871963,0.046143,0.007324,1.058106,0.610687,3.633588,-0.801527,1.059136,3.770722,17326,29051,11723,17326,0,108.696,0,normal
1780598927.690445,25.98865250000381,871994,0.049072,-0.043213,1.054932,2.114504,2.679389,-0.80916,1.056956,3.507848,17328,29056,11726,17328,1,108.696,14,normal
1780598927.721355,26.019562500005122,872025,0.022949,-0.002441,1.050537,1.603053,2.633588,-0.755725,1.050791,3.17438,17332,29061,11727,17332,0,108.696,5,normal
1780598927.7525885,26.0507959999959,872056,0.022461,-0.034668,1.055664,0.709924,2.839695,-0.931298,1.056472,3.071673,17334,29065,11729,17334,0,103.943,1,normal
1780598927.7839048,26.082112300005974,872087,0.040771,-0.061035,1.053467,2.427481,3.305344,-0.526718,1.056021,4.134658,17336,29070,11732,17336,1,103.943,14,normal
1780598927.8147326,26.11294010000711,872118,0.040039,-0.008545,1.055176,1.664122,2.496183,-0.572519,1.05597,3.054179,17341,29077,11734,17341,0,103.943,0,normal
1780598927.8457172,26.143924799995148,872149,0.033203,-0.063965,1.057617,1.160305,2.229008,-1.061069,1.06007,2.727756,17343,29081,11736,17343,0,103.943,1,normal
1780598927.8762782,26.17448570000124,872180,0.0271,-0.001953,1.053955,2.961832,3.244275,-0.503817,1.054305,4.421719,17347,29087,11738,17347,0,103.943,6,normal
1780598927.9074519,26.20565930000157,872211,0.026367,-0.018555,1.038086,0.51145,2.381679,-1.175572,1.038586,2.704801,17351,29093,11740,17351,0,103.943,0,normal
1780598927.9382236,26.2364310999983,872242,0.031982,-0.035889,1.048096,1.961832,3.076336,-0.603053,1.049198,3.698148,17353,29097,11742,17353,0,103.943,1,normal
1780598927.9796302,26.277837800007546,872273,0.031006,-0.030762,1.050537,2.114504,3.045802,-0.709924,1.051445,3.775186,17358,29103,11743,17358,0,103.943,6,normal
1780598928.001629,26.299836599995615,872305,0.057617,-0.004639,1.055908,0.839695,4.038168,-0.557252,1.057489,4.162021,17362,29109,11745,17362,0,103.943,0,normal
1780598928.0332932,26.331500800006324,872336,0.026123,-0.042725,1.045654,2.145038,2.633588,-0.59542,1.046853,3.448405,17364,29114,11748,17364,1,107.143,14,normal
1780598928.0644193,26.362626800008,872367,0.05249,-0.001953,1.054688,1.389313,2.206107,-0.648855,1.055995,2.686654,17369,29121,11750,17369,0,107.143,0,normal
1780598928.0956047,26.393812099995557,872398,0.039795,-0.047852,1.054932,1.045802,2.381679,-0.984733,1.056766,2.78133,17371,29125,11752,17371,0,107.143,0,normal
1780598928.1267407,26.424948300002143,872429,0.062256,-0.050293,1.051514,2.770992,2.343511,-0.801527,1.054555,3.71657,17373,29128,11753,17373,1,107.143,17,normal
1780598928.1578624,26.45606989999942,872461,0.052734,-0.005371,1.053955,0.625954,2.610687,-0.694656,1.055287,2.773094,17378,29135,11755,17378,0,107.143,0,normal
1780598928.1891277,26.487335099998745,872492,0.040283,-0.034424,1.055664,1.748092,2.664122,-0.725191,1.056993,3.267916,17380,29139,11757,17380,0,107.143,0,normal
1780598928.2191494,26.517356900003506,872523,0.06665,-0.020508,1.062256,2.10687,3.038168,-0.236641,1.064542,3.704776,17383,29145,11760,17383,0,107.143,5,normal
1780598928.2501173,26.54832489999535,872554,0.052002,-0.031738,1.060791,1.015267,2.80916,-0.984733,1.062539,3.145131,17387,29151,11762,17387,0,107.143,1,normal
1780598928.2816856,26.579893000001903,872585,0.046875,-0.0271,1.046875,2.236641,2.78626,-0.870229,1.048274,3.677378,17389,29156,11765,17389,1,107.143,14,normal
1780598928.3139446,26.612152200003038,872616,0.042725,-0.038818,1.052978,1.656489,2.580153,-0.854962,1.05456,3.183096,17393,29162,11767,17393,0,103.571,3,normal
1780598928.3435242,26.641731800002162,872647,0.062256,-0.009277,1.066406,1.229008,3.450382,-0.778626,1.068262,3.744576,17396,29167,11769,17396,0,103.571,1,normal
1780598928.3748903,26.673097799997777,872678,0.036621,-0.044678,1.04126,2.137405,2.366412,-0.70229,1.042861,3.265213,17398,29172,11772,17398,1,103.571,14,normal
1780598928.4050372,26.703244699994684,872709,0.036865,-0.009521,1.060303,1.618321,2.48855,-0.251908,1.060986,2.979144,17403,29179,11774,17403,0,103.571,0,normal
1780598928.4361393,26.73434680000355,872740,0.041504,-0.046143,1.058594,1.045802,2.427481,-0.679389,1.060411,2.72909,17405,29183,11776,17405,0,103.571,0,normal
1780598928.468039,26.766246600003797,872771,0.071533,-0.045166,1.052002,2.40458,3.145038,-0.503817,1.055398,3.990877,17408,29188,11778,17408,1,103.571,13,normal
1780598928.4992151,26.79742270000861,872802,0.049072,-0.010498,1.054443,1.114504,2.664122,-0.80916,1.055637,2.999068,17413,29195,11780,17413,0,103.571,0,normal
1780598928.5302005,26.828408000001218,872833,0.050537,-0.053223,1.053467,1.778626,2.396947,-0.793893,1.05602,3.088548,17415,29199,11782,17415,0,103.571,0,normal
1780598928.559294,26.857501499995124,872864,0.05249,-0.008545,1.053467,2.832061,3.282443,-0.916031,1.054808,4.43104,17419,29205,11784,17419,0,103.571,5,normal
1780598928.5914066,26.88961399999971,872894,0.038574,-0.024658,1.043701,0.709924,2.244275,-1.076336,1.044705,2.588293,17423,29211,11786,17423,0,107.914,0,normal
1780598928.6236012,26.921808700004476,872926,0.059082,-0.035156,1.054688,2.015267,3.183206,-0.748092,1.056926,3.84106,17425,29215,11788,17425,0,107.914,0,normal
1780598928.65314,26.951347700000042,872957,0.058838,-0.0354,1.055664,1.732824,2.923664,-0.419847,1.057895,3.424436,17430,29221,11789,17430,0,107.914,5,normal
1780598928.684103,26.98231059999671,872988,0.069336,0.000244,1.05957,0.984733,3.48855,-0.946565,1.061836,3.74642,17434,29227,11791,17434,0,107.914,1,normal
1780598928.715563,27.01377059999504,873019,0.040283,-0.049316,1.04248,2.114504,2.580153,-0.374046,1.044423,3.356818,17435,29230,11793,17435,1,107.914,17,normal
1780598928.746272,27.044479600008344,873050,0.039551,-0.025391,1.046631,1.496183,2.381679,-0.664122,1.047686,2.889986,17440,29237,11795,17440,0,107.914,0,normal
1780598928.77675,27.07495769999514,873081,0.05957,-0.023193,1.068359,0.824427,3.59542,-0.946565,1.07027,3.808242,17442,29241,11797,17442,0,107.914,1,normal
1780598928.8088164,27.107023999997182,873111,0.022461,-0.041748,1.048096,2.030534,2.503817,-0.900763,1.049167,3.347169,17444,29246,11800,17444,1,107.914,14,normal
1780598928.8384995,27.13670699999784,873142,0.033691,-0.009521,1.050781,1.183206,2.618321,-0.519084,1.051364,2.919765,17449,29253,11802,17449,0,107.914,0,normal
1780598928.870137,27.16834459999518,873173,0.014404,-0.046631,1.050293,0.755725,2.984733,-0.931298,1.051426,3.216686,17450,29255,11803,17450,0,96.774,5,normal
1780598928.9007928,27.199000299995532,873204,0.04834,-0.040283,1.052978,2.801527,2.793893,-0.549618,1.054857,3.994555,17453,29260,11805,17453,1,96.774,13,normal
1780598928.9320178,27.230225399995106,873235,0.034668,-0.002686,1.038574,0.847328,2.221374,-0.923664,1.039156,2.550612,17458,29267,11807,17458,0,96.774,0,normal
1780598928.9618945,27.260102000000188,873266,0.024902,-0.043701,1.046143,1.633588,2.335878,-0.664122,1.047351,2.926772,17460,29271,11809,17460,0,96.774,0,normal
1780598929.0011003,27.299307900000713,873297,0.029297,0.000244,1.053467,3.015267,2.854962,-0.534351,1.053874,4.186666,17464,29277,11811,17464,0,96.774,5,normal
1780598929.0245376,27.322744999997667,873328,0.023926,-0.022705,1.052246,0.687023,2.465649,-1.122137,1.052763,2.794748,17467,29281,11812,17467,0,96.774,6,normal
1780598929.0554948,27.353702299995348,873359,0.041016,-0.029541,1.055664,2.267176,2.740458,-0.847328,1.056873,3.65625,17469,29285,11814,17469,0,96.774,0,normal
1780598929.0870492,27.385256699999445,873390,0.044189,-0.037354,1.052246,2.274809,3.099237,-0.671756,1.053836,3.902727,17474,29291,11815,17474,0,96.774,5,normal
1780598929.1170273,27.415234700005385,873421,0.044189,0.007813,1.064209,0.748092,3.076336,-0.984733,1.065155,3.315597,17478,29297,11817,17478,0,96.774,0,normal
1780598929.1465619,27.444769499998074,873451,0.053711,-0.036621,1.056396,2.40458,2.465649,-0.572519,1.058395,3.491304,17480,29302,11820,17480,1,107.914,14,normal
1780598929.178176,27.476383400004124,873482,0.043945,-0.041748,1.047607,1.694656,2.351145,-0.396947,1.049359,2.925288,17484,29308,11822,17484,0,107.914,4,normal
1780598929.209491,27.507698600005824,873513,0.06958,-0.016357,1.0625,1.267176,3.526718,-0.870229,1.064902,3.847177,17487,29313,11824,17487,0,107.914,1,normal
1780598929.2409441,27.539151699995273,873544,0.0271,-0.055908,1.034424,1.91603,2.618321,-0.633588,1.036288,3.305784,17489,29318,11827,17489,1,107.914,14,normal
1780598929.2717495,27.569956999999704,873575,0.052979,-0.022949,1.052246,1.198473,2.358779,-0.603053,1.053829,2.713642,17494,29325,11829,17494,0,107.914,0,normal
1780598929.3021986,27.60040619999927,873606,0.036377,-0.062256,1.056152,1.160305,2.389313,-0.946565,1.058611,2.819771,17496,29329,11831,17496,0,107.914,1,normal
1780598929.3343184,27.632525900000473,873637,0.05835,-0.034668,1.057861,2.687023,3.450382,-0.748092,1.060036,4.436764,17499,29334,11833,17499,1,107.914,13,normal
1780598929.3650637,27.663271199999144,873668,0.059326,-0.014648,1.048096,0.450382,2.19084,-1.038168,1.049876,2.46585,17504,29341,11835,17504,0,107.914,0,normal
1780598929.395295,27.69350249999843,873699,0.026855,-0.040283,1.062988,1.419847,2.045802,-1.29771,1.06409,2.808082,17506,29345,11837,17506,0,107.914,0,normal
1780598929.4277978,27.726005300006364,873730,0.038818,-0.010498,1.05249,2.832061,3.320611,-0.389313,1.053258,4.38162,17509,29349,11838,17509,0,103.943,5,normal
1780598929.4573696,27.75557700000354,873761,0.02832,-0.021729,1.047119,0.389313,2.389313,-1.366412,1.047727,2.779832,17513,29355,11840,17513,0,103.943,0,normal
1780598929.4892116,27.78741910000099,873792,0.061279,-0.034912,1.065674,2.122137,2.480916,-0.236641,1.068005,3.273287,17515,29359,11842,17515,0,103.943,0,normal
1780598929.519855,27.818062599995756,873823,0.058105,-0.037842,1.052978,2.015267,2.549618,-0.748092,1.055259,3.334891,17520,29365,11843,17520,0,103.943,5,normal
1780598929.5499017,27.848109300000942,873854,0.061035,0.0,1.0625,0.89313,3.610687,-0.816794,1.064252,3.808135,17524,29371,11845,17524,0,103.943,0,normal
1780598929.580999,27.8792065000016,873884,0.049316,-0.034424,1.06543,2.419847,2.229008,-0.748092,1.067126,3.373986,17526,29376,11848,17526,1,103.943,14,normal
1780598929.611319,27.909526500006905,873915,0.026123,-0.033936,1.04834,1.572519,2.549618,-0.748092,1.049214,3.087557,17531,29383,11850,17531,0,103.943,0,normal
1780598929.6418307,27.940038200002164,873946,0.040283,-0.006592,1.063477,1.465649,3.236641,-0.694656,1.06426,3.620293,17533,29387,11852,17533,0,103.943,1,normal
1780598929.6741188,27.97232630000508,873977,0.023193,-0.044678,1.041992,2.076336,2.801527,-0.51145,1.043207,3.524387,17535,29392,11855,17535,1,103.943,14,normal
1780598929.704393,28.002600399995572,874008,0.030273,-0.007568,1.047852,1.343511,2.351145,-0.312977,1.048316,2.72596,17540,29399,11857,17540,0,111.511,0,normal
1780598929.7352173,28.03342479999992,874039,0.02417,-0.049072,1.060303,1.030534,2.519084,-0.671756,1.061713,2.803398,17542,29403,11859,17542,0,111.511,1,normal
1780598929.765956,28.064163500006543,874070,0.043213,-0.025391,1.04834,2.679389,3.160305,-0.885496,1.049537,4.236834,17545,29408,11861,17545,1,111.511,14,normal
1780598929.7971637,28.095371300005354,874101,0.045654,-0.016846,1.030762,0.946565,2.854962,-0.412214,1.03191,3.035904,17550,29415,11863,17550,0,111.511,0,normal
1780598929.8282676,28.12647509999806,874132,0.02417,-0.033447,1.043213,1.954198,1.954198,-0.816794,1.044029,2.881828,17552,29419,11865,17552,0,111.511,0,normal
1780598929.8586173,28.156824799996684,874163,0.041748,-0.00708,1.059326,2.954198,2.625954,-0.687023,1.060172,4.011848,17556,29425,11867,17556,0,111.511,6,normal
1780598929.8971815,28.195389100001194,874194,0.033691,-0.02417,1.053223,0.610687,2.916031,-0.923664,1.054038,3.119187,17560,29431,11869,17560,0,111.511,0,normal
1780598929.9212763,28.21948390000034,874225,0.045166,-0.03418,1.052734,1.969466,3.19084,-0.496183,1.054257,3.782387,17562,29436,11872,17562,1,111.511,14,normal
1780598929.9525776,28.250785199998063,874256,0.039795,-0.039307,1.053223,1.725191,2.70229,-0.641221,1.054707,3.269529,17566,29441,11873,17566,1,111.511,6,normal
1780598929.9827178,28.280925200000638,874287,0.053955,0.004395,1.061279,1.053435,3.053435,-0.839695,1.062659,3.337406,17570,29447,11875,17570,0,107.527,0,normal
1780598930.0146296,28.31283720000647,874318,0.057373,-0.039795,1.049561,2.183206,2.603053,-0.51145,1.05188,3.435674,17571,29450,11877,17571,1,107.527,17,normal
1780598930.045913,28.34412059999886,874349,0.016846,-0.009521,1.041504,1.328244,2.70229,-0.40458,1.041684,3.038139,17576,29457,11879,17576,0,107.527,1,normal
1780598930.0767863,28.374993899997207,874380,0.047119,-0.023682,1.054443,1.053435,3.030534,-0.763359,1.055761,3.297966,17578,29461,11881,17578,0,107.527,0,normal
1780598930.1072054,28.405412899999646,874411,0.066162,-0.069824,1.056641,2.198473,3.465649,-0.450382,1.06101,4.128783,17580,29466,11884,17580,1,107.527,14,normal
1780598930.1382058,28.43641330000537,874441,0.064697,-0.019531,1.062988,1.473282,2.412214,-0.40458,1.065134,2.85535,17585,29473,11886,17585,0,107.527,1,normal
1780598930.169135,28.467342600008124,874472,0.039307,-0.047119,1.057373,1.221374,2.923664,-0.679389,1.059152,3.240546,17586,29475,11887,17586,0,107.527,5,normal
1780598930.1997738,28.497981299995445,874503,0.052979,-0.025146,1.062744,2.580153,2.816794,-0.59542,1.064361,3.866011,17589,29480,11889,17589,1,107.527,14,normal
1780598930.2317734,28.529980799998157,874534,0.04541,0.01416,1.050537,0.656489,2.618321,-0.648855,1.051613,2.776255,17594,29487,11891,17594,0,107.527,0,normal
1780598930.2611074,28.55931490000512,874565,0.043457,-0.036133,1.056885,1.648855,2.778626,-0.900763,1.058395,3.35423,17596,29491,11893,17596,0,93.525,1,normal
1780598930.2928655,28.591073100003996,874596,0.053223,-0.005371,1.062988,2.458015,3.572519,-0.480916,1.064333,4.363028,17600,29497,11895,17600,0,93.525,6,normal
1780598930.323098,28.621305499997106,874627,0.035645,-0.031006,1.047363,0.229008,2.885496,-1.022901,1.048428,3.069993,17604,29503,11897,17604,0,93.525,0,normal
1780598930.354183,28.65239040000597,874658,0.080566,-0.034424,1.048584,2.251908,2.778626,-0.526718,1.052238,3.615147,17606,29508,11900,17606,1,93.525,14,normal
1780598930.385685,28.68389250000473,874689,0.050293,-0.03833,1.054932,2.0,2.412214,-0.717557,1.056825,3.214602,17610,29513,11901,17610,0,93.525,6,normal
1780598930.4147103,28.71291790000396,874719,0.036133,-0.009277,1.056885,1.045802,3.091603,-1.145038,1.057543,3.458731,17614,29519,11903,17614,0,93.525,0,normal
1780598930.4466062,28.74481370000285,874750,0.057129,-0.042725,1.0625,2.137405,2.328244,-0.580153,1.064892,3.213378,17616,29524,11906,17616,1,93.525,14,normal
1780598930.4782944,28.776502000007895,874781,0.015137,-0.023682,1.063477,1.572519,2.015267,-0.679389,1.063848,2.644936,17622,29531,11907,17622,0,93.525,1,normal
1780598930.5091379,28.80734549999761,874812,0.043457,-0.010498,1.057861,1.229008,3.061069,-1.007634,1.058806,3.449047,17624,29535,11909,17624,0,93.525,0,normal
1780598930.5389175,28.837125100006233,874843,0.005615,-0.045898,1.034668,1.854962,2.206107,-0.709924,1.035701,2.968465,17626,29540,11912,17626,1,107.914,14,normal
1780598930.5712245,28.869432000006782,874874,0.023682,-0.000488,1.047119,1.687023,2.496183,-0.534351,1.047387,3.059822,17631,29547,11914,17631,0,107.914,1,normal
1780598930.6015072,28.899714800005313,874905,0.02124,-0.051514,1.050537,1.419847,2.755725,-0.473282,1.052014,3.135918,17633,29551,11916,17633,0,107.914,0,normal
1780598930.6335378,28.93174519999593,874936,0.049805,-0.017334,1.064941,2.717557,2.763359,-0.412214,1.066246,3.897588,17636,29556,11918,17636,1,107.914,14,normal
1780598930.6630745,28.96128200000385,874967,0.057129,0.001953,1.053223,0.679389,2.267176,-0.80916,1.054773,2.501279,17641,29563,11920,17641,0,107.914,1,normal
1780598930.6943238,28.992531199997757,874998,0.031494,-0.035156,1.056152,1.839695,1.946565,-0.923664,1.057206,2.833151,17643,29567,11922,17643,0,107.914,1,normal
1780598930.7263384,29.024546000000555,875029,0.043213,-0.005127,1.067139,2.053435,3.541985,-0.450382,1.068026,4.118871,17646,29571,11923,17646,0,107.914,6,normal
1780598930.7567916,29.054998999999953,875060,0.030029,-0.021973,1.052734,0.618321,3.022901,-1.221374,1.053392,3.318434,17650,29577,11925,17650,0,107.914,0,normal
1780598930.788476,29.086683600005927,875091,0.05835,-0.033691,1.054199,2.152672,2.908397,-0.664122,1.05635,3.678835,17652,29582,11928,17652,1,107.914,14,normal
1780598930.8201275,29.118335000006482,875122,0.037354,-0.035645,1.057617,1.679389,2.938931,-0.870229,1.058877,3.494991,17656,29588,11930,17656,0,107.527,3,normal
1780598930.8511443,29.149351800006116,875154,0.026123,-0.006348,1.056396,1.267176,2.977099,-0.992366,1.056738,3.384323,17659,29593,11932,17659,0,107.527,0,normal
1780598930.8813465,29.179553900001338,875185,0.009033,-0.050293,1.028076,1.717557,2.610687,-0.969466,1.029345,3.271934,17661,29598,11935,17661,1,107.527,14,normal
1780598930.9108233,29.209030800004257,875215,0.031494,0.001465,1.047119,1.519084,1.89313,-0.732824,1.047594,2.535466,17666,29605,11937,17666,0,107.527,1,normal
1780598930.9420018,29.240209399999003,875246,0.033203,-0.043945,1.058106,0.717557,2.335878,-0.656489,1.059538,2.530255,17668,29609,11939,17668,0,107.527,0,normal
1780598930.9866276,29.284834999998566,875277,0.05835,-0.070068,1.055908,1.923664,2.770992,-0.938931,1.059838,3.501496,17670,29614,11942,17670,1,107.527,14,normal
1780598931.0043018,29.302509300003294,875308,0.041748,0.009033,1.05835,1.328244,2.229008,-0.717557,1.059211,2.692136,17675,29621,11944,17675,0,107.527,1,normal
1780598931.034987,29.333194499995443,875339,0.046875,-0.062744,1.065918,0.801527,2.083969,-0.633588,1.068791,2.32095,17677,29625,11946,17677,0,107.527,1,normal
1780598931.066073,29.36428039999737,875370,0.060791,-0.007324,1.0625,3.015267,3.053435,-0.549618,1.064263,4.326359,17681,29631,11948,17681,0,107.527,6,normal
1780598931.0969236,29.395131199999014,875400,0.035889,0.01001,1.049316,0.587786,2.671756,-0.770992,1.049978,2.842218,17685,29637,11950,17685,0,104.317,0,normal
1780598931.1286714,29.42687900000601,875431,0.034912,-0.038818,1.054443,2.007634,2.366412,-0.541985,1.055735,3.150277,17687,29641,11952,17687,0,104.317,1,normal
1780598931.1583095,29.45651689999795,875462,0.053955,-0.003662,1.053711,2.496183,3.625954,-0.778626,1.055098,4.470429,17691,29647,11954,17691,0,104.317,6,normal
1780598931.1903987,29.488606200000504,875493,0.025146,-0.025391,1.057861,0.152672,3.19084,-0.770992,1.058465,3.286213,17695,29653,11956,17695,0,104.317,0,normal
1780598931.2201784,29.518385899995337,875524,0.052979,-0.043457,1.051025,2.282443,2.916031,-0.603053,1.053257,3.75186,17697,29658,11959,17697,1,104.317,14,normal
1780598931.2523108,29.550518200005172,875555,0.041016,-0.044678,1.054932,1.954198,2.648855,-0.557252,1.056674,3.338541,17701,29663,11960,17701,0,104.317,6,normal
1780598931.2831807,29.581388300008257,875586,0.04541,0.003906,1.070068,0.854962,3.022901,-1.022901,1.071039,3.303818,17705,29669,11962,17705,0,104.317,0,normal
1780598931.3134978,29.61170530000527,875617,0.037842,-0.038818,1.05127,2.0,2.198473,-0.656489,1.052666,3.043725,17707,29674,11965,17707,1,104.317,14,normal
1780598931.3445234,29.642730999999912,875648,0.036133,-0.004639,1.049316,1.366412,2.496183,-0.664122,1.049949,2.922169,17712,29681,11967,17712,0,104.317,1,normal
1780598931.3756363,29.673843800002942,875679,0.011475,-0.032227,1.061523,0.648855,2.496183,-0.885496,1.062074,2.726912,17714,29685,11969,17714,0,103.943,0,normal
1780598931.406624,29.704831700000796,875710,0.043457,-0.068115,1.042236,2.458015,2.709924,-0.732824,1.045363,3.731294,17716,29690,11972,17716,1,103.943,14,normal
1780598931.438208,29.73641559999669,875741,0.026123,-0.010742,1.051514,1.458015,2.587786,-0.465649,1.051893,3.006539,17721,29697,11974,17721,0,103.943,0,normal
1780598931.4697075,29.767915100004757,875772,0.025146,-0.058594,1.043701,1.137405,2.458015,-0.80916,1.045647,2.826706,17722,29699,11975,17722,0,103.943,5,normal
1780598931.4989583,29.797165800002404,875803,0.036377,-0.005859,1.044189,2.564885,3.259542,-0.328244,1.044839,4.160648,17725,29704,11977,17725,1,103.943,14,normal
1780598931.5310435,29.82925100000284,875834,0.04126,-0.020264,1.055176,0.687023,2.587786,-0.78626,1.056177,2.790491,17730,29711,11979,17730,0,103.943,0,normal
1780598931.5616663,29.859873699999298,875865,0.023682,-0.04126,1.048828,1.572519,2.694656,-1.145038,1.049906,3.323417,17732,29715,11981,17732,0,103.943,1,normal
1780598931.593835,29.892042699997546,875896,0.021973,-0.036133,1.053711,1.91603,2.740458,-0.473282,1.054559,3.37717,17737,29721,11982,17737,0,103.943,6,normal
1780598931.6238194,29.92202690000704,875928,0.056641,0.006348,1.061035,0.946565,3.076336,-0.870229,1.062565,3.334236,17740,29725,11983,17740,0,103.943,6,normal
1780598931.655597,29.95380450000812,875958,0.046631,-0.036377,1.057129,2.19084,2.89313,-0.51145,1.058782,3.664909,17742,29730,11986,17742,1,100.358,14,normal
1780598931.68664,29.984847600004287,875989,0.024658,-0.026123,1.049561,1.816794,2.114504,-0.679389,1.050175,2.869396,17747,29737,11988,17747,0,100.358,1,normal
1780598931.718671,30.016878599999472,876021,0.030273,-0.033691,1.05835,0.755725,2.274809,-0.770992,1.059318,2.517996,17749,29741,11990,17749,0,100.358,0,normal
1780598931.7492418,30.04744940000819,876052,0.037842,-0.060303,1.037109,2.427481,2.633588,-0.992366,1.03955,3.716617,17751,29746,11993,17751,1,100.358,14,normal
1780598931.7795947,30.077802100000554,876083,0.057861,0.001465,1.040283,0.946565,2.29771,-0.59542,1.041892,2.555383,17755,29751,11994,17755,0,100.358,5,normal
1780598931.8102922,30.10849969999981,876113,0.02417,-0.052734,1.056885,1.099237,2.358779,-0.862595,1.058476,2.741574,17757,29755,11996,17757,0,100.358,0,normal
1780598931.8410938,30.13930120000441,876144,0.052734,-0.018799,1.056641,2.770992,3.343511,-0.496183,1.058123,4.370774,17760,29760,11998,17760,1,100.358,14,normal
1780598931.8723617,30.170569199995953,876176,0.029297,-0.013184,1.048096,0.648855,2.801527,-1.030534,1.048588,3.054761,17765,29767,12000,17765,0,100.358,0,normal
1780598931.9036155,30.201822999995784,876207,0.038818,-0.037354,1.057373,1.80916,2.656489,-0.80916,1.058744,3.314322,17767,29771,12002,17767,0,100.358,1,normal
1780598931.9412262,30.239433700000518,876244,0.0354,-0.039551,1.053711,2.206107,2.656489,-0.435114,1.055047,3.480397,17774,29779,12003,17774,0,111.888,0,normal
1780598931.9711733,30.269380900004762,876275,0.026855,-0.035156,1.052978,1.618321,2.89313,-0.992366,1.053907,3.46034,17776,29783,12005,17776,0,111.888,0,normal
1780598932.002998,30.301205700001447,876306,0.041992,-0.041504,1.058838,2.045802,2.251908,-0.694656,1.060483,3.120728,17779,29789,12008,17779,0,111.888,5,normal
1780598932.033102,30.331309600005625,876337,0.04541,-0.014404,1.049072,0.763359,2.641221,-0.740458,1.050153,2.847287,17783,29795,12010,17783,0,111.888,0,normal
1780598932.066504,30.364711500005797,876368,0.048584,-0.034668,1.058838,2.328244,2.206107,-0.725191,1.060519,3.288393,17785,29800,12013,17785,1,111.888,14,normal
1780598932.1023905,30.40059810000821,876399,0.021484,-0.04126,1.049561,1.824428,1.923664,-0.679389,1.050591,2.736894,17790,29807,12015,17790,0,111.888,0,normal
1780598932.126973,30.425180499994894,876430,0.052002,-0.020264,1.062988,1.167939,3.129771,-1.015267,1.064452,3.491463,17792,29811,12017,17792,0,111.888,1,normal
1780598932.1579993,30.45620680000866,876461,0.043457,-0.044922,1.052246,1.885496,2.519084,-0.320611,1.054101,3.162858,17794,29816,12020,17794,1,111.888,14,normal
1780598932.188276,30.486483500004397,876492,0.041016,-0.005127,1.051514,1.778626,2.549618,-0.625954,1.052326,3.171101,17798,29821,12021,17798,0,111.888,0,normal
1780598932.2204177,30.518625299999258,876523,0.02124,-0.032471,1.056885,1.320611,2.465649,-1.152672,1.057597,3.025242,17800,29825,12023,17800,0,93.19,1,normal
1780598932.2506676,30.548875100008445,876554,0.05542,-0.027344,1.056396,2.557252,3.419847,-0.908397,1.058202,4.365785,17803,29830,12025,17803,1,93.19,13,normal
1780598932.2816687,30.579876300005708,876585,0.047363,0.005127,1.050049,0.580153,2.648855,-0.740458,1.051129,2.810923,17808,29837,12027,17808,0,93.19,0,normal
1780598932.3126953,30.61090270000568,876616,0.03833,-0.057617,1.050293,1.770992,2.450382,-0.854962,1.05257,3.141934,17810,29841,12029,17810,0,93.19,0,normal
1780598932.3442125,30.64242010000453,876647,0.063232,-0.006348,1.060791,2.732824,4.160306,-0.732824,1.062693,5.031252,17814,29847,12031,17814,0,93.19,6,normal
1780598932.3752353,30.673442900006194,876678,0.043945,-0.030273,1.052246,0.320611,2.946565,-1.183206,1.053598,3.191397,17818,29853,12033,17818,0,93.19,0,normal
1780598932.4062781,30.704485700000077,876709,0.030762,-0.045898,1.056152,1.992366,2.671756,-0.503817,1.057597,3.370702,17820,29857,12035,17820,0,93.19,0,normal
1780598932.436552,30.734759500002838,876740,0.025146,-0.044434,1.050049,2.076336,2.679389,-0.916031,1.051289,3.511326,17825,29863,12036,17825,0,93.19,5,normal
1780598932.4668906,30.76509800000349,876771,0.056885,-0.00708,1.057617,0.885496,3.480916,-0.80916,1.05917,3.681796,17829,29869,12038,17829,0,93.19,0,normal
1780598932.4982471,30.79645460000029,876801,0.036865,-0.025879,1.048096,1.984733,2.442748,-0.564886,1.049063,3.197699,17831,29874,12041,17831,1,111.511,14,normal
1780598932.529959,30.82816649999586,876832,0.027588,-0.036621,1.047119,1.519084,2.496183,-0.549618,1.048122,2.973319,17836,29881,12043,17836,0,111.511,1,normal
1780598932.5592842,30.857491700007813,876863,0.029297,-0.006348,1.058838,1.21374,3.10687,-0.900763,1.059262,3.455023,17838,29885,12045,17838,0,111.511,1,normal
1780598932.5914345,30.889641999994637,876894,0.026123,-0.041748,1.039551,2.198473,2.473282,-0.717557,1.040717,3.386045,17840,29890,12048,17840,1,111.511,14,normal
1780598932.6219153,30.920122900002752,876925,0.034912,-0.002197,1.052246,1.442748,2.725191,-0.236641,1.052827,3.092602,17845,29897,12050,17845,0,111.511,0,normal
1780598932.6521318,30.95033940000576,876956,0.041504,-0.047607,1.060547,1.312977,2.335878,-0.824427,1.062426,2.803554,17847,29901,12052,17847,0,111.511,1,normal
1780598932.6841435,30.982350999998744,876987,0.046875,-0.006348,1.048096,2.312977,2.900763,-0.740458,1.049163,3.783196,17850,29906,12054,17850,1,111.511,14,normal
1780598932.7145052,31.01271260000067,877018,0.040527,0.000244,1.052246,0.580153,2.442748,-0.59542,1.053026,2.580333,17855,29913,12056,17855,0,111.511,0,normal
1780598932.7445462,31.04275380000763,877049,0.036377,-0.053467,1.0625,1.679389,2.763359,-1.099237,1.064466,3.41538,17857,29917,12058,17857,0,111.511,1,normal
1780598932.7754226,31.07363009999972,877079,0.0625,-0.010986,1.056885,2.534351,3.580153,-0.465649,1.058788,4.411038,17859,29920,12059,17859,1,100.719,15,normal
1780598932.8071356,31.105343100003665,877110,0.042725,-0.027832,1.045166,0.709924,2.664122,-0.931298,1.046409,2.91013,17864,29927,12061,17864,0,100.719,0,normal
1780598932.836948,31.13515550000011,877141,0.044434,-0.03125,1.053223,1.793893,3.061069,-0.709924,1.054623,3.618313,17866,29931,12063,17866,0,100.719,0,normal
1780598932.8675597,31.16576720000012,877171,0.041748,-0.003662,1.056641,2.732824,4.007634,-0.183206,1.057471,4.854176,17870,29937,12065,17870,0,100.719,5,normal
1780598932.8996427,31.197850299999118,877202,0.032227,-0.0354,1.048828,0.351145,2.900763,-1.114504,1.04992,3.127275,17874,29943,12067,17874,0,100.719,0,normal
1780598932.931848,31.230055599997286,877233,0.042969,-0.041992,1.060059,1.877863,2.587786,-0.572519,1.06176,3.248197,17875,29945,12068,17875,0,100.719,5,normal
1780598932.9614034,31.259610900000553,877264,0.032227,-0.04126,1.058594,1.885496,2.572519,-0.847328,1.059888,3.300139,17880,29951,12069,17880,0,100.719,5,normal
1780598932.992019,31.290226400000392,877295,0.040771,-0.00293,1.063965,1.068702,3.068702,-0.854962,1.06475,3.360062,17884,29957,12071,17884,0,100.719,0,normal
1780598933.0234604,31.321668000004138,877326,0.033691,-0.043945,1.046631,2.198473,2.320611,-0.51145,1.048095,3.237298,17886,29962,12074,17886,1,100.719,14,normal
1780598933.0545928,31.35280039999634,877357,0.018799,-0.015625,1.044189,1.458015,2.465649,-0.419847,1.044475,2.895083,17891,29969,12076,17891,0,115.108,1,normal
1780598933.0853453,31.38355290000618,877389,0.021973,-0.045654,1.047852,1.381679,2.435115,-0.931298,1.049076,2.950616,17892,29971,12077,17892,0,115.108,5,normal
1780598933.1168032,31.415010700002313,877420,0.058105,-0.011475,1.045654,2.564885,3.740458,-0.557252,1.04733,4.569485,17895,29976,12079,17895,1,115.108,14,normal
1780598933.1483018,31.446509400004288,877451,0.041748,-0.009033,1.04834,0.740458,2.862595,-0.717557,1.04921,3.042634,17900,29983,12081,17900,0,115.108,0,normal
1780598933.1791053,31.477312800008804,877482,0.029785,-0.041016,1.055176,1.732824,2.816794,-0.59542,1.056393,3.360288,17902,29987,12083,17902,0,115.108,1,normal
1780598933.2098877,31.508095199998934,877513,0.055664,-0.022217,1.061035,2.381679,3.129771,-0.748092,1.062726,4.003436,17906,29993,12085,17906,0,115.108,6,normal
1780598933.2413363,31.539543799997773,877544,0.052979,-0.037354,1.05835,0.526718,2.832061,-0.832061,1.060333,2.998387,17910,29999,12087,17910,0,115.108,0,normal
1780598933.2721274,31.570334999996703,877575,0.048584,-0.030518,1.062012,1.923664,3.091603,-0.435114,1.06356,3.667126,17912,30004,12090,17912,1,115.108,14,normal
1780598933.3029416,31.601149199996144,877606,0.036377,-0.036377,1.059082,1.923664,2.603053,-0.793893,1.060331,3.332662,17916,30009,12091,17916,0,115.108,6,normal
1780598933.3326948,31.63090240000747,877637,0.064209,-0.003662,1.052734,1.251908,3.198473,-1.167939,1.054697,3.62789,17918,30013,12093,17918,0,96.429,0,normal
1780598933.3654425,31.663650100002997,877668,0.041992,-0.039795,1.042725,2.022901,2.839695,-0.641221,1.044328,3.545019,17920,30018,12096,17920,1,96.429,14,normal
1780598933.394474,31.692681500004255,877699,0.015625,-0.006836,1.046631,1.351145,2.59542,-0.816794,1.04677,3.037918,17925,30025,12098,17925,0,96.429,1,normal
1780598933.427007,31.725214499994763,877729,0.06665,-0.016113,1.057129,1.343511,3.038168,-0.961832,1.05935,3.458412,17927,30029,12100,17927,0,96.429,0,normal
1780598933.4570818,31.755289199994877,877760,0.023193,-0.051758,1.042725,1.824428,2.381679,-0.793893,1.044266,3.103417,17929,30034,12103,17929,1,96.429,14,normal
1780598933.48826,31.78646750000189,877791,0.046875,-0.015137,1.054443,1.603053,3.007634,-0.557252,1.055593,3.453429,17934,30041,12105,17934,0,96.429,1,normal
1780598933.519291,31.817498500007787,877822,0.026611,-0.052979,1.061035,1.251908,2.435115,-1.061069,1.06269,2.936482,17936,30045,12107,17936,0,96.429,0,normal
1780598933.5500283,31.84823580000375,877853,0.033936,-0.005859,1.059326,2.977099,3.19084,-0.519084,1.059886,4.394772,17939,30050,12109,17939,1,96.429,14,normal
1780598933.5805695,31.87877710000612,877884,0.03125,-0.01123,1.044434,0.816794,2.312977,-1.022901,1.044961,2.657695,17944,30057,12111,17944,0,96.429,1,normal
1780598933.6108785,31.909086100000422,877914,0.053711,-0.05957,1.066162,1.274809,2.251908,-0.717557,1.069175,2.685352,17946,30061,12113,17946,0,101.083,0,normal
1780598933.6426947,31.94090230000438,877945,0.047852,-0.009033,1.058838,3.022901,3.534351,-0.351145,1.059957,4.663997,17950,30067,12115,17950,0,101.083,6,normal
1780598933.672255,31.970462600002065,877976,0.046631,-0.026855,1.047363,0.419847,2.541985,-1.068702,1.048745,2.78928,17954,30073,12117,17954,0,101.083,0,normal
1780598933.7036002,32.00180769999861,878007,0.034668,-0.030762,1.038574,1.541985,2.633588,-0.748092,1.039608,3.142156,17956,30077,12119,17956,0,101.083,1,normal
1780598933.7353818,32.0335894000018,878038,0.042725,-0.042969,1.049316,2.007634,2.641221,-0.473282,1.051064,3.351215,17961,30083,12120,17961,0,101.083,6,normal
1780598933.7675676,32.065775199997006,878070,0.044189,-0.026367,1.060791,0.969466,2.946565,-1.015267,1.062038,3.263874,17965,30089,12122,17965,0,101.083,0,normal
1780598933.7977655,32.0959731000039,878101,0.025879,-0.03833,1.041748,1.648855,2.137405,-0.70229,1.042774,2.789343,17967,30094,12125,17967,1,101.083,14,normal
1780598933.8288958,32.12710339999467,878132,0.037598,-0.018799,1.052734,1.221374,2.335878,-0.312977,1.053573,2.654437,17973,30101,12126,17973,0,101.083,0,normal
1780598933.8602033,32.15841089999594,878163,0.043945,-0.020752,1.070557,1.053435,2.152672,-0.954198,1.071659,2.579577,17975,30105,12128,17975,0,101.083,0,normal
1780598933.892366,32.190573500003666,878194,0.04834,-0.044434,1.05542,2.587786,2.732824,-0.633588,1.05746,3.816595,17977,30110,12131,17977,1,110.714,14,normal
1780598933.92337,32.221577300006174,878226,0.024658,-0.008545,1.04834,0.603053,2.503817,-0.755725,1.048665,2.684007,17980,30115,12133,17980,0,110.714,1,normal
1780598933.9555526,32.25376010000764,878257,0.021973,-0.039551,1.049805,1.664122,2.908397,-1.0,1.050779,3.496866,17982,30119,12135,17982,0,110.714,0,normal
1780598933.9834893,32.28169689999777,878287,0.048584,-0.002441,1.061279,2.954198,3.19084,-0.274809,1.062394,4.357094,17986,30125,12137,17986,0,110.714,6,normal
1780598934.0145597,32.312767199997324,878318,0.052002,-0.032471,1.047852,0.526718,2.458015,-1.022901,1.049644,2.713963,17990,30131,12139,17990,0,110.714,0,normal
1780598934.0467181,32.34492560000217,878349,0.036377,-0.033447,1.045654,1.748092,2.770992,-0.709924,1.046821,3.352344,17992,30135,12141,17992,0,110.714,1,normal
1780598934.0760074,32.37421500000346,878380,0.053955,-0.03125,1.064453,2.030534,2.969466,-0.442748,1.066278,3.624476,17995,30139,12142,17995,0,110.714,6,normal
1780598934.1076126,32.40582010000071,878411,0.070068,0.000732,1.068604,0.900763,3.160305,-0.931298,1.070898,3.415585,17999,30145,12144,17999,0,110.714,0,normal
1780598934.138757,32.436964499996975,878442,0.054199,-0.029785,1.05957,2.061069,2.221374,-0.717557,1.061374,3.114064,18001,30150,12147,18001,1,110.714,14,normal
1780598934.171039,32.46924669999862,878473,0.03418,-0.03833,1.052978,1.587786,2.351145,-0.541985,1.05423,2.888373,18007,30157,12148,18007,0,107.527,0,normal
1780598934.2014954,32.499703000008594,878505,0.019775,-0.036865,1.046875,0.778626,2.137405,-1.068702,1.047711,2.513341,18009,30161,12150,18009,0,107.527,0,normal
1780598934.2331092,32.53131669999857,878536,0.039795,-0.050293,1.050293,2.145038,2.21374,-1.282443,1.052249,3.338637,18010,30164,12152,18010,1,107.527,17,normal
1780598934.263436,32.561643599998206,878567,0.047852,-0.000488,1.042725,1.564886,2.618321,-0.328244,1.043822,3.067933,18015,30171,12154,18015,0,107.527,0,normal
1780598934.2952943,32.59350190000259,878598,0.050293,-0.055664,1.046387,1.198473,2.160305,-0.770992,1.049072,2.587989,18017,30175,12156,18017,0,107.527,1,normal
1780598934.3263109,32.62451829999918,878629,0.048828,-0.011963,1.057129,2.839695,3.129771,-0.412214,1.058324,4.246086,18020,30180,12158,18020,1,107.527,14,normal
1780598934.3580158,32.65622330000042,878660,0.050781,-0.031006,1.046143,0.763359,2.396947,-1.259542,1.047833,2.813275,18025,30187,12160,18025,0,107.527,0,normal
1780598934.3881102,32.68631770000502,878691,0.035645,-0.04126,1.054199,1.51145,2.419847,-0.679389,1.055608,2.932868,18026,30189,12161,18026,0,107.527,6,normal
1780598934.4201162,32.71832369999902,878722,0.038574,-0.033691,1.055176,1.946565,2.740458,-0.557252,1.056418,3.407309,18031,30195,12162,18031,0,107.527,5,normal
1780598934.4503736,32.74858120000863,878753,0.0625,-0.011963,1.067871,0.992366,3.122137,-0.824427,1.069765,3.378197,18035,30201,12164,18035,0,100.0,0,normal
1780598934.4815366,32.779744200001005,878784,0.060791,-0.033691,1.054688,2.137405,2.717557,-0.992366,1.056975,3.597,18037,30206,12167,18037,1,100.0,14,normal
1780598934.512677,32.810884499995154,878815,0.04248,-0.03833,1.050537,1.564886,1.969466,-0.832061,1.052094,2.649526,18042,30213,12169,18042,0,100.0,0,normal
1780598934.543046,32.84125349999522,878846,0.046387,-0.01123,1.063965,1.442748,3.061069,-0.923664,1.065035,3.507822,18043,30215,12170,18043,0,100.0,5,normal
1780598934.5743952,32.87260279999464,878877,0.026611,-0.047852,1.041992,2.122137,2.48855,-0.78626,1.04343,3.363711,18045,30220,12173,18045,1,100.0,13,normal
1780598934.6041608,32.90236829999776,878908,0.030518,-0.015625,1.049072,1.503817,2.122137,-0.877863,1.049632,2.7451,18051,30227,12174,18051,0,100.0,1,normal
1780598934.635323,32.9335304999986,878939,0.026123,-0.023193,1.058106,0.587786,2.541985,-0.992366,1.058682,2.79141,18053,30231,12176,18053,0,100.0,0,normal
1780598934.6667895,32.96499710000353,878970,0.03833,-0.031006,1.049316,2.183206,2.793893,-0.526718,1.050474,3.584642,18055,30236,12179,18055,1,100.0,14,normal
1780598934.6979494,32.99615690000064,879001,0.032959,0.007568,1.048584,1.503817,3.038168,-0.435114,1.049129,3.417785,18059,30241,12180,18059,0,100.0,5,normal
1780598934.7286677,33.02687529999821,879031,0.035645,-0.045898,1.055908,1.335878,1.977099,-1.183206,1.057506,2.663356,18061,30245,12182,18061,0,93.525,0,normal
1780598934.7586799,33.05688730000111,879062,0.041016,-0.003906,1.053467,2.381679,3.48855,-0.282443,1.054272,4.233456,18064,30250,12184,18064,1,93.525,14,normal
1780598934.790217,33.08842440000444,879093,0.040771,-0.007813,1.052246,1.129771,2.419847,-0.870229,1.053065,2.808797,18069,30257,12186,18069,0,93.525,1,normal
1780598934.8208666,33.11907410000276,879124,0.050049,-0.049316,1.057373,1.59542,2.740458,-0.541985,1.059705,3.217021,18071,30261,12188,18071,0,93.525,1,normal
1780598934.8523555,33.150562900002114,879155,0.039551,-0.022217,1.050781,2.473282,3.877863,-0.770992,1.05176,4.663622,18075,30267,12190,18075,0,93.525,6,normal
1780598934.8829951,33.18120259999705,879186,0.049561,-0.03833,1.055908,0.496183,2.900763,-0.908397,1.057765,3.079904,18079,30273,12192,18079,0,93.525,0,normal
1780598934.9133325,33.21153990000312,879217,0.049805,-0.046875,1.055908,2.038168,2.465649,-0.740458,1.058121,3.28357,18081,30277,12194,18081,1,93.525,0,normal
1780598934.9448547,33.24306219999562,879248,0.063232,-0.04248,1.060303,2.030534,3.053435,-0.519084,1.063036,3.70351,18086,30283,12195,18086,0,93.525,5,normal
1780598934.9849732,33.28318060000311,879279,0.061279,-0.005371,1.06958,0.801527,3.648855,-0.946565,1.071348,3.853903,18090,30289,12197,18090,0,93.525,0,normal
1780598935.006835,33.30504259999725,879310,0.045654,-0.038574,1.051758,2.160305,2.419847,-0.59542,1.053455,3.298045,18092,30294,12200,18092,1,111.111,14,normal
1780598935.0383046,33.33651209999516,879341,0.039062,-0.022217,1.054932,1.51145,2.480916,-0.770992,1.055888,3.005637,18097,30301,12202,18097,0,111.111,0,normal
1780598935.069099,33.367306500003906,879372,0.049561,-0.013184,1.06665,0.854962,3.076336,-1.099237,1.067883,3.376851,18099,30305,12204,18099,0,111.111,1,normal
1780598935.1011276,33.39933509999537,879403,0.056885,-0.061035,1.041016,1.587786,2.541985,-0.641221,1.044354,3.06495,18101,30310,12207,18101,1,111.111,13,normal
1780598935.131578,33.42978550000407,879434,0.052979,-0.010498,1.049316,1.923664,2.534351,-0.503817,1.050705,3.221374,18106,30317,12209,18106,0,111.111,0,normal
1780598935.16188,33.46008750000328,879465,0.032471,-0.050781,1.04541,1.458015,2.480916,-0.625954,1.047146,2.944923,18108,30321,12211,18108,0,111.111,0,normal
1780598935.193195,33.49140270000498,879496,0.056396,-0.008301,1.05957,2.687023,3.48855,-0.473282,1.061102,4.428777,18111,30326,12213,18111,1,111.111,14,normal
1780598935.2239704,33.522177899998496,879527,0.061768,-0.02124,1.055176,0.564886,2.793893,-0.862595,1.057196,2.978088,18116,30333,12215,18116,0,111.111,1,normal
1780598935.2558026,33.55401020000863,879558,0.027344,-0.034912,1.047607,1.946565,2.251908,-0.80916,1.048546,3.084631,18118,30337,12217,18118,0,111.111,0,normal
1780598935.2865832,33.58479069999885,879589,0.040039,-0.013916,1.057617,2.038168,4.053436,-0.320611,1.058466,4.548324,18121,30343,12220,18121,0,103.943,6,normal
1780598935.3166552,33.61486270000751,879620,0.050049,-0.005371,1.052978,1.045802,3.465649,-1.0,1.054181,3.755586,18125,30349,12222,18125,0,103.943,1,normal
1780598935.34763,33.645837500007474,879650,0.028564,-0.040283,1.054199,1.656489,2.80916,-0.549618,1.055355,3.307176,18127,30353,12224,18127,0,103.943,1,normal
1780598935.378919,33.677126299997326,879681,0.042236,-0.036377,1.059326,2.282443,2.755725,-0.824427,1.060792,3.671954,18132,30359,12225,18132,0,103.943,6,normal
1780598935.409589,33.707796600006986,879712,0.04126,0.00415,1.053467,1.122137,3.007634,-0.862595,1.054283,3.324022,18135,30363,12226,18135,0,103.943,6,normal
1780598935.440787,33.73899450000317,879743,0.038086,-0.022705,1.054199,2.19084,2.259542,-0.572519,1.055131,3.19892,18137,30368,12229,18137,1,103.943,14,normal
1780598935.472008,33.77021539999987,879774,0.031006,-0.034424,1.064453,1.671756,2.290076,-0.412214,1.065461,2.865159,18143,30375,12230,18143,0,103.943,1,normal
1780598935.504099,33.80230650000158,879806,0.022217,-0.016602,1.061523,1.022901,2.10687,-1.038168,1.061886,2.561839,18145,30379,12232,18145,0,103.943,0,normal
1780598935.5341506,33.83235820000118,879837,0.04834,-0.029541,1.047119,2.221374,3.206107,-0.618321,1.04865,3.94917,18147,30384,12235,18147,1,103.943,14,normal
1780598935.5643728,33.862580400003935,879867,0.038574,-0.020996,1.058838,1.480916,1.977099,-0.687023,1.059748,2.563988,18151,30389,12236,18151,0,107.914,5,normal
1780598935.5953393,33.89354679999815,879898,0.040283,-0.048584,1.048584,1.274809,2.290076,-1.129771,1.050482,2.854114,18153,30393,12238,18153,0,107.914,1,normal
1780598935.6257613,33.92396880000888,879929,0.045898,-0.00415,1.04541,2.526718,3.122137,-0.900763,1.046425,4.116238,18156,30398,12240,18156,1,107.914,14,normal
1780598935.6578772,33.9560846999957,879960,0.064209,-0.019531,1.046143,1.022901,2.572519,-0.908397,1.048293,2.913652,18161,30405,12242,18161,0,107.914,0,normal
1780598935.6867478,33.98495539999567,879991,0.048584,-0.051514,1.060791,1.70229,2.007634,-1.015267,1.063152,2.821197,18163,30409,12244,18163,0,107.914,0,normal
1780598935.7190735,34.01728100000764,880021,0.041992,-0.004395,1.051514,2.916031,3.519084,-0.59542,1.052361,4.608874,18166,30414,12246,18166,1,107.914,13,normal
1780598935.7493074,34.04751489999762,880052,0.030762,-0.026123,1.037842,0.923664,2.251908,-0.938931,1.038626,2.6088,18171,30421,12248,18171,0,107.914,0,normal
1780598935.780391,34.07859859999735,880083,0.016602,-0.030029,1.048096,1.824428,2.885496,-0.862595,1.048657,3.521178,18173,30425,12250,18173,0,107.914,0,normal
1780598935.8121705,34.11037799999758,880114,0.037842,-0.026367,1.052002,2.236641,3.656489,-0.366412,1.053012,4.301945,18177,30431,12252,18177,0,107.914,5,normal
1780598935.8428314,34.141038900008425,880145,0.038086,-0.034424,1.046387,0.885496,3.641221,-0.89313,1.047645,3.852308,18181,30437,12254,18181,0,107.914,1,normal
1780598935.8732827,34.17149019999488,880176,0.036621,-0.023682,1.050537,2.51145,2.862595,-0.679389,1.051442,3.868256,18183,30442,12257,18183,1,107.914,14,normal
1780598935.904069,34.20227650000015,880207,0.022217,-0.030029,1.046143,1.564886,2.847328,-0.503817,1.046809,3.287853,18187,30448,12259,18187,1,107.914,3,normal
1780598935.9351838,34.2333912000031,880238,0.059082,-0.019287,1.071777,0.954198,3.412214,-0.656489,1.073578,3.603425,18190,30453,12261,18190,0,107.914,1,normal
1780598935.9661906,34.26439820000087,880269,0.025146,-0.039551,1.051025,1.656489,2.259542,-0.78626,1.05207,2.909929,18192,30458,12264,18192,1,107.914,14,normal
1780598935.9968064,34.29501400000299,880300,0.03125,-0.00708,1.053955,1.358779,2.274809,-0.374046,1.054442,2.675994,18198,30465,12265,18198,0,107.914,1,normal
1780598936.0281188,34.32632629999716,880330,0.05835,-0.020996,1.056152,1.129771,3.137405,-0.954198,1.057971,3.468456,18200,30469,12267,18200,0,107.914,0,normal
1780598936.0580165,34.3562241000036,880361,0.035156,-0.040039,1.039795,1.816794,2.80916,-0.824427,1.041159,3.445548,18202,30474,12270,18202,1,107.914,14,normal
1780598936.0884938,34.386701299998094,880392,0.047363,-0.006104,1.058838,1.70229,2.480916,-0.694656,1.059914,3.087926,18207,30481,12272,18207,0,107.914,1,normal
1780598936.1189764,34.41718380000384,880422,0.019043,-0.03833,1.058106,0.839695,2.259542,-1.21374,1.058971,2.698848,18209,30485,12274,18209,0,101.083,0,normal
1780598936.1508796,34.449087200002396,880453,0.039307,-0.062256,1.049072,2.351145,2.908397,-0.389313,1.051653,3.760082,18211,30490,12277,18211,1,101.083,14,normal
1780598936.181374,34.47958149999613,880484,0.036377,-0.002686,1.057373,1.900763,2.229008,-0.648855,1.058002,3.000398,18216,30497,12279,18216,0,101.083,0,normal
1780598936.2121704,34.51037780000479,880515,0.029785,-0.052979,1.050293,1.328244,2.290076,-0.648855,1.05205,2.725747,18218,30501,12281,18218,0,101.083,1,normal
1780598936.2409918,34.53919930000848,880545,0.045654,-0.029541,1.052002,2.618321,2.389313,-1.0,1.053406,3.68299,18221,30506,12283,18221,1,101.083,14,normal
1780598936.27195,34.57015749999846,880575,0.043457,0.012451,1.039062,1.458015,2.770992,-0.778626,1.040045,3.226525,18226,30513,12285,18226,0,101.083,0,normal
1780598936.302874,34.60108150000451,880606,0.033691,-0.050781,1.056396,1.328244,2.725191,-0.770992,1.058153,3.128151,18228,30517,12287,18228,0,101.083,0,normal
1780598936.3336349,34.63184240000555,880637,0.030518,-0.006348,1.052734,2.641221,2.938931,-0.396947,1.053196,3.971264,18231,30522,12289,18231,1,101.083,14,normal
1780598936.3649514,34.66315900000336,880668,0.033691,-0.017578,1.041748,0.70229,2.717557,-0.954198,1.042441,2.964595,18236,30529,12291,18236,0,101.083,0,normal
1780598936.396771,34.69497840000258,880699,0.035156,-0.04248,1.057129,1.664122,2.19084,-0.89313,1.058566,2.892536,18238,30533,12293,18238,0,104.693,0,normal
1780598936.4272702,34.725477700005285,880730,0.043945,-0.039795,1.050049,2.183206,3.022901,-0.419847,1.051721,3.752411,18242,30539,12295,18242,0,104.693,6,normal
1780598936.4588292,34.757036700000754,880761,0.03418,-0.02124,1.045654,1.068702,3.251908,-0.778626,1.046428,3.510454,18246,30545,12297,18246,0,104.693,1,normal
1780598936.4898088,34.78801630000817,880792,0.055664,-0.031006,1.057861,2.335878,2.633588,-0.70229,1.059778,3.589613,18248,30550,12300,18248,1,104.693,14,normal
1780598936.5209155,34.81912309999461,880823,0.019775,-0.041504,1.042725,1.503817,2.328244,-0.725191,1.043738,2.864976,18252,30556,12302,18252,0,104.693,3,normal
1780598936.552897,34.85110460000578,880855,0.035645,-0.018311,1.05835,1.198473,2.763359,-0.748092,1.059108,3.103568,18255,30561,12304,18255,0,104.693,0,normal
1780598936.5835595,34.881767099999706,880886,0.029541,-0.049561,1.049316,1.648855,2.732824,-0.450382,1.050901,3.223336,18257,30566,12307,18257,1,104.693,14,normal
1780598936.6142974,34.912504799998715,880917,0.046387,-0.005859,1.047363,1.557252,2.366412,-0.557252,1.048406,2.887122,18262,30573,12309,18262,0,104.693,0,normal
1780598936.6456225,34.94382990000304,880948,0.032471,-0.044189,1.047363,1.320611,2.816794,-0.732824,1.048798,3.19615,18263,30575,12310,18263,0,104.693,6,normal
1780598936.676561,34.97476870000537,880979,0.027344,-0.000977,1.054199,2.641221,3.129771,-0.78626,1.054554,4.170098,18266,30580,12312,18266,1,100.0,14,normal
1780598936.7070994,35.005306899998686,881010,0.023682,-0.005127,1.044678,0.641221,2.580153,-0.778626,1.044959,2.770309,18271,30587,12314,18271,0,100.0,1,normal
1780598936.7384372,35.03664479999861,881041,0.021973,-0.030273,1.049561,1.732824,2.374046,-0.824427,1.050227,3.052614,18273,30591,12316,18273,0,100.0,0,normal
1780598936.7688217,35.067029199999524,881072,0.053467,-0.025879,1.056885,2.053435,3.832061,-0.48855,1.058553,4.374924,18277,30597,12318,18277,0,100.0,6,normal
1780598936.801078,35.09928569999465,881103,0.026123,-0.032959,1.043701,1.022901,2.687023,-0.717557,1.044548,2.963327,18280,30601,12319,18280,0,100.0,6,normal
1780598936.8302238,35.12843130000692,881134,0.045898,-0.041504,1.04541,2.282443,2.740458,-0.458015,1.04724,3.595752,18282,30606,12322,18282,1,100.0,14,normal
1780598936.861987,35.16019470000174,881164,0.053955,-0.034668,1.053955,2.145038,3.229008,-0.564886,1.055904,3.917496,18286,30611,12323,18286,0,100.0,6,normal
1780598936.9047372,35.20294469999499,881195,0.074463,-0.005127,1.060059,0.984733,3.664122,-0.923664,1.062683,3.904951,18290,30617,12325,18290,0,100.0,0,normal
1780598936.9227996,35.2210070000001,881225,0.031738,-0.04541,1.046631,2.10687,3.427481,-0.725191,1.048096,4.088084,18292,30621,12327,18292,0,100.0,0,normal
1780598936.9540884,35.25229600000603,881256,0.040039,-0.0271,1.044922,1.900763,2.877863,-0.763359,1.04604,3.53238,18297,30627,12328,18297,0,111.913,5,normal
1780598936.9842212,35.28242879999743,881287,0.037354,0.004639,1.064209,1.030534,3.389313,-0.854962,1.064874,3.644229,18299,30631,12330,18299,0,111.913,0,normal
1780598937.0145233,35.312730899997405,881318,0.032715,-0.03125,1.04541,1.870229,3.068702,-0.419847,1.046389,3.618143,18301,30636,12333,18301,1,111.913,14,normal
1780598937.04628,35.34448749999865,881349,0.019287,-0.029053,1.056641,1.458015,2.946565,-0.442748,1.057216,3.31724,18307,30643,12334,18307,0,111.913,0,normal
1780598937.07732,35.37552770000184,881380,0.031494,-0.035889,1.060791,1.305344,2.755725,-0.862595,1.061865,3.168914,18309,30647,12336,18309,0,111.913,1,normal
1780598937.108127,35.40633470000466,881411,0.034912,-0.065186,1.044922,1.687023,2.801527,-0.931298,1.047535,3.400282,18311,30652,12339,18311,1,111.913,13,normal
1780598937.1399693,35.43817680000211,881442,0.046143,-0.012451,1.063965,1.412214,2.664122,-0.526718,1.065038,3.060936,18314,30657,12341,18314,0,111.913,0,normal
1780598937.1710029,35.4692103999987,881473,0.024658,-0.044922,1.054932,1.458015,2.564885,-1.167939,1.056176,3.173094,18316,30661,12343,18316,0,111.913,0,normal
1780598937.2017756,35.49998300000152,881504,0.030029,-0.012939,1.046875,2.633588,2.648855,-0.862595,1.047386,3.833574,18319,30666,12345,18319,1,111.913,14,normal
1780598937.2321665,35.53037399999448,881535,0.032959,-0.014648,1.047363,0.923664,1.91603,-1.099237,1.047984,2.394295,18324,30673,12347,18324,0,96.774,1,normal
1780598937.263865,35.56207250000443,881566,0.046875,-0.048096,1.055176,1.549618,2.984733,-0.717557,1.057311,3.438726,18326,30677,12349,18326,0,96.774,0,normal
1780598937.2944043,35.59261190000689,881597,0.043213,-0.036621,1.052002,2.137405,2.946565,-0.854962,1.053526,3.739212,18329,30681,12350,18329,0,96.774,6,normal
1780598937.3256824,35.623890000002575,881628,0.056396,-0.037842,1.057373,0.847328,2.977099,-0.740458,1.059552,3.182666,18333,30687,12352,18333,0,96.774,0,normal
1780598937.3553448,35.653552300005686,881659,0.05127,-0.04126,1.049072,2.122137,2.763359,-1.0,1.051134,3.624861,18335,30692,12355,18335,1,96.774,14,normal
1780598937.387383,35.68559049999749,881689,0.048584,-0.0271,1.052246,2.312977,3.267176,-0.51145,1.053716,4.035577,18339,30697,12356,18339,0,96.774,6,normal
1780598937.4172513,35.71545879999758,881720,0.049072,0.017334,1.056641,1.198473,3.099237,-0.992366,1.057922,3.46791,18343,30703,12358,18343,0,96.774,0,normal
1780598937.4493308,35.74753829999827,881751,0.043457,-0.02002,1.055664,1.89313,2.48855,-0.687023,1.056748,3.201378,18345,30708,12361,18345,1,96.774,14,normal
1780598937.4799724,35.77818000000843,881782,0.021729,-0.036377,1.044922,1.580153,2.450382,-0.557252,1.045781,2.968465,18350,30715,12363,18350,0,96.774,1,normal
1780598937.51569,35.813897500003804,881818,0.042236,-0.020996,1.061035,1.229008,3.816794,-0.541985,1.062083,4.046248,18352,30720,12366,18352,1,98.94,14,normal
1780598937.547251,35.84545860000071,881850,0.037598,-0.030029,1.050293,1.610687,2.603053,-0.847328,1.051395,3.176187,18356,30726,12368,18356,1,98.94,3,normal
1780598937.5775278,35.87573519999569,881881,0.052979,-0.006348,1.061768,1.351145,3.175573,-0.770992,1.063107,3.53614,18359,30731,12370,18359,0,98.94,1,normal
1780598937.6100945,35.90830199999618,881912,0.011963,-0.025879,1.039062,1.648855,2.679389,-0.847328,1.039454,3.258192,18361,30736,12373,18361,1,98.94,13,normal
1780598937.6405833,35.93879090000701,881943,0.040039,-0.018555,1.057861,1.427481,2.534351,-0.374046,1.058781,2.932669,18367,30743,12374,18367,0,98.94,0,normal
1780598937.671651,35.969858500000555,881974,0.02832,-0.040771,1.05957,1.244275,2.351145,-0.900763,1.060733,2.808466,18369,30747,12376,18369,0,98.94,0,normal
1780598937.702729,36.000936600001296,882005,0.028809,-0.060059,1.053467,2.229008,2.969466,-0.778626,1.055571,3.79374,18371,30752,12379,18371,1,98.94,14,normal
1780598937.7339768,36.032184399999096,882036,0.047852,0.012939,1.052978,1.076336,2.328244,-0.618321,1.054145,2.638473,18376,30759,12381,18376,0,98.94,0,normal
1780598937.7650077,36.06321520000347,882067,0.04248,-0.050781,1.054688,1.381679,2.534351,-0.717557,1.056764,2.974368,18378,30763,12383,18378,0,98.94,0,normal
1780598937.7950842,36.0932918000035,882098,0.020264,-0.002197,1.050049,2.59542,3.587786,-0.694656,1.050247,4.482294,18382,30769,12385,18382,0,107.143,6,normal
1780598937.8255768,36.12378429999808,882128,0.03418,-0.025879,1.056641,0.832061,2.625954,-0.931298,1.05751,2.907796,18385,30773,12386,18385,0,107.143,5,normal
1780598937.8557515,36.15395900000294,882159,0.043457,-0.0354,1.050049,1.603053,2.549618,-0.870229,1.051544,3.134905,18387,30777,12388,18387,0,107.143,1,normal
1780598937.8884845,36.18669210000371,882190,0.047852,-0.011475,1.054443,2.541985,3.320611,-0.450382,1.055591,4.206065,18391,30783,12390,18391,0,107.143,6,normal
1780598937.919747,36.21795459999703,882222,0.026855,-0.012207,1.047363,1.580153,2.847328,-0.839695,1.047779,3.362922,18395,30789,12392,18395,0,107.143,0,normal
1780598937.9504433,36.248650699999416,882253,0.030029,-0.023682,1.043945,1.977099,2.473282,-0.541985,1.044646,3.212444,18397,30794,12395,18397,1,107.143,14,normal
1780598937.98109,36.27929770000628,882284,0.012939,-0.027588,1.04541,1.381679,2.549618,-0.641221,1.045854,2.969976,18401,30799,12396,18401,0,107.143,6,normal
1780598938.012235,36.31044250000559,882315,0.039062,-0.010742,1.060059,1.29771,3.465649,-0.862595,1.060832,3.799848,18403,30803,12398,18403,0,107.143,0,normal
1780598938.0435994,36.341806800002814,882345,0.050537,-0.019775,1.049805,2.015267,2.305344,-0.480916,1.051206,3.099547,18405,30808,12401,18405,1,107.143,14,normal
1780598938.0738018,36.37200920000032,882376,0.038574,-0.029785,1.050781,1.458015,2.496183,-0.625954,1.051911,2.957796,18410,30815,12403,18410,0,100.719,0,normal
1780598938.1049333,36.40314080000098,882407,0.054199,-0.031738,1.065918,1.015267,2.633588,-0.946565,1.067767,2.977002,18412,30819,12405,18412,0,100.719,1,normal
1780598938.135969,36.43417649999901,882438,0.057129,-0.056152,1.049072,1.610687,3.099237,-0.954198,1.052126,3.620784,18414,30824,12408,18414,1,100.719,14,normal
1780598938.167344,36.46555150000495,882469,0.058594,0.004395,1.056641,1.557252,2.259542,-0.70229,1.058273,2.832627,18419,30831,12410,18419,0,100.719,0,normal
1780598938.1970365,36.49524400000519,882500,0.040771,-0.045654,1.063232,1.557252,2.076336,-0.717557,1.064993,2.692785,18421,30835,12412,18421,0,100.719,0,normal
1780598938.2273338,36.52554129999771,882531,0.050293,-0.003174,1.045166,2.519084,2.80916,-0.641221,1.04638,3.827314,18424,30840,12414,18424,1,100.719,14,normal
1780598938.2581153,36.55632279999554,882561,0.039062,0.004883,1.050781,1.381679,3.152672,-0.664122,1.051518,3.505629,18429,30847,12416,18429,0,100.719,0,normal
1780598938.2886643,36.586871799998335,882592,0.036865,-0.049805,1.058838,1.671756,1.931298,-0.78626,1.060649,2.672617,18431,30851,12418,18431,0,100.719,0,normal
1780598938.319821,36.618028400000185,882623,0.029053,-0.005371,1.052978,3.045802,2.59542,-0.633588,1.053393,4.051487,18435,30857,12420,18435,0,100.719,6,normal
1780598938.349544,36.647751500000595,882653,0.04834,0.000732,1.053711,0.954198,2.328244,-0.923664,1.054819,2.680368,18439,30863,12422,18439,0,104.693,0,normal
1780598938.3820708,36.68027840000286,882684,0.041016,-0.037598,1.052978,1.419847,2.557252,-0.839695,1.054448,3.043122,18441,30867,12424,18441,0,104.693,1,normal
1780598938.4131942,36.71140169999853,882715,0.046875,-0.017822,1.057373,2.694656,2.648855,-0.648855,1.058562,3.833878,18445,30873,12426,18445,0,104.693,6,normal
1780598938.444784,36.742991499995696,882747,0.050293,-0.015869,1.039551,1.206107,3.435115,-1.015267,1.040888,3.779613,18449,30879,12428,18449,0,104.693,0,normal
1780598938.4751441,36.77335170000151,882778,0.057617,-0.034668,1.049805,1.824428,2.732824,-0.412214,1.051956,3.311614,18451,30884,12431,18451,1,104.693,14,normal
1780598938.5061486,36.80435600000783,882809,0.02124,-0.026611,1.05127,1.320611,2.503817,-0.717557,1.051821,2.920274,18456,30891,12433,18456,0,104.693,1,normal
1780598938.5373049,36.835512300007395,882840,0.065186,-0.020996,1.061279,1.48855,3.519084,-1.076336,1.063487,3.969664,18458,30895,12435,18458,0,104.693,0,normal
1780598938.5683527,36.86656019999646,882871,0.039795,-0.051514,1.049805,1.679389,2.358779,-0.763359,1.051821,2.994479,18460,30900,12438,18460,1,104.693,14,normal
1780598938.599577,36.89778450000449,882902,0.030762,-0.010742,1.058106,1.526718,1.832061,-0.51145,1.058607,2.439036,18465,30907,12440,18465,0,104.693,0,normal
1780598938.63045,36.928657500000554,882933,0.027344,-0.047363,1.053223,1.19084,2.198473,-0.832061,1.054642,2.635092,18467,30911,12442,18467,0,100.0,1,normal
1780598938.6612608,36.95946840000397,882964,0.054443,-0.028809,1.053467,2.236641,2.816794,-0.717557,1.055266,3.667667,18470,30916,12444,18470,1,100.0,14,normal
1780598938.6915355,36.98974289999751,882995,0.050049,0.009766,1.057861,0.793893,2.78626,-0.832061,1.05909,3.014272,18475,30923,12446,18475,0,100.0,0,normal
1780598938.7233894,37.02159699999902,883026,0.051514,-0.040283,1.063232,1.725191,2.335878,-0.671756,1.065242,2.980581,18477,30927,12448,18477,0,100.0,0,normal
1780598938.7540045,37.05221199999505,883057,0.040039,-0.016357,1.058594,2.694656,3.48855,-0.748092,1.059477,4.471106,18481,30933,12450,18481,0,100.0,5,normal
1780598938.7868524,37.08505989999685,883088,0.048096,-0.030029,1.042236,0.183206,2.419847,-1.183206,1.043778,2.699852,18485,30939,12452,18485,0,100.0,0,normal
1780598938.8162692,37.11447660000704,883119,0.059082,-0.037354,1.054932,1.671756,3.122137,-0.267176,1.057245,3.551604,18487,30943,12454,18487,1,100.0,0,normal
1780598938.8479202,37.14612780000607,883150,0.05542,-0.044189,1.055664,1.832061,2.480916,-0.748092,1.058041,3.173489,18492,30949,12455,18492,0,100.0,6,normal
1780598938.8770738,37.1752814000065,883181,0.046875,0.003174,1.056152,1.198473,3.473282,-0.847328,1.057197,3.770676,18496,30955,12457,18496,0,100.0,1,normal
1780598938.9089959,37.20720340000116,883211,0.043457,-0.032227,1.055664,2.259542,2.496183,-0.687023,1.05705,3.436344,18498,30960,12460,18498,1,111.511,14,normal
1780598938.9406903,37.23889779999445,883242,0.025879,-0.040039,1.044922,1.465649,3.015267,-0.618321,1.046009,3.409147,18502,30966,12462,18502,1,111.511,3,normal
1780598938.977268,37.27547560000676,883273,0.034424,-0.008545,1.05249,1.19084,3.007634,-0.816794,1.053088,3.336332,18505,30971,12464,18505,0,111.511,0,normal
1780598939.0012858,37.299493400001666,883304,0.025146,-0.030762,1.048096,2.0,2.51145,-1.007634,1.048848,3.364923,18507,30976,12467,18507,1,111.511,14,normal
1780598939.032622,37.3308296000032,883335,0.043213,-0.019531,1.053467,1.366412,2.274809,-0.778626,1.054534,2.765519,18512,30983,12469,18512,0,111.511,1,normal
1780598939.063505,37.361712500001886,883366,0.02002,-0.045166,1.044434,0.770992,2.167939,-1.007634,1.045601,2.511914,18514,30987,12471,18514,0,111.511,0,normal
1780598939.0948696,37.39307720000215,883397,0.044678,-0.043945,1.050781,2.366412,2.129771,-0.923664,1.052648,3.314964,18516,30992,12474,18516,1,111.511,14,normal
1780598939.1253982,37.42360560000816,883428,0.049316,-0.001465,1.05957,1.335878,2.251908,-0.793893,1.060718,2.736042,18521,30999,12476,18521,0,111.511,1,normal
1780598939.1564112,37.45461879999493,883459,0.046143,-0.056641,1.061279,1.442748,2.145038,-0.923664,1.063791,2.745153,18523,31003,12478,18523,0,111.511,1,normal
1780598939.1880343,37.48624189999828,883490,0.055908,-0.006348,1.055176,2.931298,3.038168,-0.480916,1.056675,4.249029,18527,31009,12480,18527,0,103.943,6,normal
1780598939.219445,37.517652599999565,883521,0.057373,-0.030273,1.050049,0.625954,2.305344,-1.114504,1.052051,2.63601,18530,31013,12481,18530,0,103.943,6,normal
1780598939.250241,37.54844850000518,883552,0.056641,-0.032959,1.058838,1.969466,2.465649,-0.824427,1.060864,3.26158,18532,31017,12483,18532,0,103.943,1,normal
1780598939.2802694,37.57847700000275,883583,0.05835,-0.038818,1.054199,2.145038,3.221374,-0.587786,1.056526,3.914579,18536,31023,12485,18536,0,103.943,6,normal
1780598939.312239,37.610446399994544,883614,0.060303,-0.015137,1.05127,1.160305,3.022901,-1.015267,1.053106,3.393376,18540,31029,12487,18540,0,103.943,0,normal
1780598939.3421993,37.6404068999982,883645,0.073242,-0.033691,1.043213,2.381679,2.717557,-0.748092,1.046323,3.690143,18542,31034,12490,18542,1,103.943,14,normal
1780598939.374679,37.67288670000562,883676,0.053467,-0.036621,1.05127,1.572519,2.519084,-0.854962,1.053265,3.090236,18546,31039,12491,18546,0,103.943,5,normal
1780598939.4052594,37.7034668999986,883707,0.068604,-0.022217,1.077393,1.526718,3.251908,-0.916031,1.079803,3.70741,18548,31043,12493,18548,0,103.943,1,normal
1780598939.435692,37.7338996000035,883738,0.037109,-0.03833,1.049072,1.885496,2.358779,-0.908397,1.050428,3.15343,18550,31048,12496,18550,1,103.943,14,normal
1780598939.467318,37.76552559999982,883769,0.041992,-0.011719,1.051025,1.442748,2.435115,-0.396947,1.051929,2.858124,18555,31055,12498,18555,0,100.358,1,normal
1780598939.4984016,37.796609199998784,883801,0.032959,-0.050049,1.061279,1.358779,2.389313,-0.625954,1.06297,2.819027,18557,31059,12500,18557,0,100.358,0,normal
1780598939.5294244,37.82763200000045,883832,0.052734,-0.004395,1.055664,2.465649,3.221374,-0.679389,1.05699,4.11318,18560,31064,12502,18560,1,100.358,14,normal
1780598939.560776,37.85898360000283,883863,0.061279,-0.02002,1.055908,0.816794,2.618321,-0.778626,1.057874,2.851143,18563,31069,12504,18563,0,100.358,0,normal
1780598939.5915666,37.88977419999719,883894,0.037354,-0.030273,1.056641,2.068702,2.725191,-0.748092,1.057734,3.502261,18565,31073,12506,18565,0,100.358,0,normal
1780598939.6232724,37.92148000000452,883925,0.040527,-0.031494,1.057617,1.992366,3.114504,-0.885496,1.058862,3.80181,18568,31079,12509,18568,0,100.358,6,normal
1780598939.6538808,37.952088400008506,883957,0.041504,0.000732,1.052734,1.061069,3.343511,-0.442748,1.053552,3.53567,18572,31085,12511,18572,0,100.358,1,normal
1780598939.68576,37.98396759999741,883988,0.046387,-0.023682,1.044922,2.152672,2.480916,-0.80916,1.046219,3.382851,18574,31090,12514,18574,1,100.358,14,normal
1780598939.7169766,38.01518410000426,884019,0.027344,-0.019531,1.043701,1.770992,2.748092,-0.78626,1.044242,3.362533,18577,31095,12516,18577,0,88.0,0,normal
1780598939.747756,38.04596350000065,884050,0.037598,-0.012451,1.06543,1.496183,2.770992,-0.862595,1.066166,3.265124,18579,31099,12518,18579,0,88.0,0,normal
1780598939.7789361,38.07714370000758,884081,0.040283,-0.050781,1.058106,1.580153,2.664122,-0.824427,1.060089,3.205325,18581,31104,12521,18581,1,88.0,14,normal
1780598939.8100152,38.108222800001386,884112,0.046875,-0.016846,1.047119,1.603053,2.320611,-0.618321,1.048303,2.887444,18586,31111,12523,18586,0,88.0,0,normal
1780598939.8403807,38.13858810000238,884143,0.013184,-0.037109,1.050537,1.351145,2.687023,-0.992366,1.051275,3.167092,18588,31115,12525,18588,0,88.0,0,normal
1780598939.8703918,38.16859939999995,884174,0.040771,-0.003174,1.050049,2.633588,2.938931,-0.541985,1.050845,3.983322,18590,31118,12526,18590,1,88.0,17,normal
1780598939.9034145,38.201622000007774,884205,0.056152,-0.009277,1.058106,0.793893,2.412214,-0.557252,1.059635,2.599918,18595,31125,12528,18595,0,88.0,1,normal
1780598939.9320424,38.23024980000628,884235,0.060303,-0.049316,1.060059,1.381679,2.709924,-0.70229,1.062917,3.121848,18597,31129,12530,18597,0,88.0,0,normal
1780598939.9636793,38.26188679999905,884266,0.054932,-0.000732,1.053467,2.770992,3.664122,-0.290076,1.054898,4.603079,18601,31135,12532,18601,0,88.0,6,normal
1780598939.994015,38.29222240000672,884297,0.048096,-0.028809,1.05127,0.770992,2.534351,-0.954198,1.052763,2.815646,18605,31141,12534,18605,0,100.719,0,normal
1780598940.0245926,38.32280019999598,884328,0.02002,-0.023682,1.056885,1.419847,3.29771,-0.564886,1.05734,3.63455,18607,31145,12536,18607,0,100.719,1,normal
1780598940.0566783,38.35488590000023,884359,0.041992,-0.037354,1.056396,1.89313,3.045802,-0.59542,1.05789,3.635295,18611,31151,12538,18611,0,100.719,6,normal
1780598940.0868175,38.38502509999671,884390,0.038574,-0.002686,1.045166,1.435114,3.290076,-0.709924,1.045881,3.658982,18615,31157,12540,18615,0,100.719,0,normal
1780598940.1165328,38.414740299995174,884420,0.049561,-0.050049,1.051025,2.206107,3.0,-0.763359,1.053383,3.801266,18617,31162,12543,18617,1,100.719,14,normal
1780598940.148612,38.44681950000813,884451,0.034912,-0.034668,1.050537,1.778626,2.534351,-0.70229,1.051689,3.174848,18621,31167,12544,18621,0,100.719,5,normal
1780598940.178914,38.477121700008865,884482,0.050781,-0.017822,1.073486,1.061069,2.801527,-0.89313,1.074834,3.126036,18625,31173,12546,18625,0,100.719,0,normal
1780598940.211182,38.50938970000425,884513,0.029785,-0.035889,1.044922,1.854962,2.198473,-0.656489,1.045962,2.950448,18627,31178,12549,18627,1,100.719,14,normal
1780598940.2413206,38.5395281999954,884544,0.047363,-0.027344,1.058106,1.900763,2.175573,-0.610687,1.059518,2.952788,18632,31185,12551,18632,0,100.719,0,normal
1780598940.2730813,38.57128889999876,884575,0.028564,-0.043213,1.061523,1.206107,2.122137,-1.038168,1.062787,2.652537,18634,31189,12553,18634,0,104.317,1,normal
1780598940.3044965,38.60270400000445,884606,0.042969,-0.055664,1.042969,2.137405,2.236641,-0.778626,1.045337,3.190191,18636,31194,12556,18636,1,104.317,14,normal
1780598940.333622,38.6318295999954,884637,0.049561,-0.009766,1.056641,1.435114,2.183206,-0.832061,1.057847,2.741946,18641,31201,12558,18641,0,104.317,0,normal
1780598940.3641074,38.66231480000715,884667,0.026367,-0.037598,1.05127,1.091603,2.160305,-0.763359,1.052272,2.537958,18643,31205,12560,18643,0,104.317,1,normal
1780598940.39606,38.69426750000275,884698,0.046387,-0.016357,1.049805,2.51145,3.450382,-0.862595,1.050956,4.353916,18646,31210,12562,18646,1,104.317,13,normal
1780598940.426182,38.72438949999923,884729,0.037842,-0.003418,1.05127,0.969466,2.70229,-0.603053,1.051956,2.933583,18649,31215,12564,18649,0,104.317,0,normal
1780598940.4572985,38.75550600000133,884759,0.030518,-0.050293,1.063721,1.137405,2.748092,-1.053435,1.065346,3.155222,18651,31219,12566,18651,0,104.317,0,normal
1780598940.4874878,38.78569530000095,884790,0.038818,-0.01001,1.048096,2.473282,3.21374,-0.480916,1.048862,4.08369,18654,31224,12568,18654,1,104.317,14,normal
1780598940.5182188,38.81642630000715,884821,0.037598,-0.023193,1.053711,0.671756,2.732824,-1.061069,1.054636,3.007566,18659,31231,12570,18659,0,104.317,0,normal
1780598940.549843,38.84805050000432,884852,0.050293,-0.038574,1.060303,1.755725,3.045802,-0.923664,1.062195,3.634919,18661,31235,12572,18661,0,97.473,0,normal
1780598940.5812628,38.8794704000029,884883,0.021484,-0.027344,1.049561,2.229008,2.854962,-0.725191,1.050136,3.693939,18665,31241,12574,18665,0,97.473,6,normal
1780598940.6119668,38.910174300006474,884915,0.039062,0.003662,1.05127,1.183206,3.343511,-0.824427,1.052001,3.641254,18669,31247,12576,18669,0,97.473,1,normal
1780598940.6436296,38.94183710000652,884946,0.031006,-0.033691,1.039795,2.038168,2.305344,-0.442748,1.040802,3.10882,18671,31252,12579,18671,1,97.473,14,normal
1780598940.6740704,38.972277799999574,884977,0.037109,-0.00708,1.050781,1.946565,2.343511,-0.694656,1.05146,3.124693,18676,31259,12581,18676,0,97.473,0,normal
1780598940.705123,39.00333039999532,885008,0.036377,-0.027344,1.055908,1.167939,2.832061,-0.969466,1.056888,3.213178,18678,31263,12583,18678,0,97.473,0,normal
1780598940.7363741,39.03458160000446,885039,0.025635,-0.053711,1.051514,1.908397,2.770992,-0.709924,1.053197,3.438658,18680,31268,12586,18680,1,97.473,14,normal
1780598940.76694,39.06514770000649,885070,0.033936,-0.003906,1.047363,1.503817,2.992366,-0.396947,1.04792,3.37243,18685,31275,12588,18685,0,97.473,0,normal
1780598940.7983415,39.09654899999441,885101,0.029297,-0.037598,1.055176,1.251908,2.442748,-0.961832,1.056252,2.908507,18687,31279,12590,18687,0,97.473,0,normal
1780598940.8294833,39.127690900000744,885132,0.039062,-0.00708,1.05127,2.435115,3.229008,-0.358779,1.052019,4.060172,18690,31284,12592,18690,1,103.571,14,normal
1780598940.8600078,39.15821520000463,885163,0.033447,-0.02002,1.04126,0.862595,2.80916,-1.045802,1.041989,3.119159,18695,31291,12594,18695,0,103.571,1,normal
1780598940.8915992,39.18980670000019,885194,0.046143,-0.043945,1.062256,1.885496,2.755725,-0.770992,1.064165,3.426886,18697,31295,12596,18697,0,103.571,0,normal
1780598940.9228048,39.22101239999756,885225,0.026123,-0.026123,1.057129,2.175573,2.816794,-0.687023,1.057774,3.624837,18701,31301,12598,18701,0,103.571,6,normal
1780598940.9536123,39.25181980000343,885256,0.043945,-0.02832,1.056396,0.916031,2.534351,-0.992366,1.057689,2.871731,18705,31307,12600,18705,0,103.571,0,normal
1780598940.984296,39.28250359999947,885287,0.057129,-0.033203,1.057129,2.29771,2.969466,-0.381679,1.059192,3.773974,18707,31312,12603,18707,1,103.571,13,normal
1780598941.024936,39.323143600006006,885318,0.048828,-0.035645,1.060303,1.603053,2.587786,-1.10687,1.062025,3.239071,18711,31317,12604,18711,0,103.571,6,normal
1780598941.0466087,39.344816299999366,885349,0.047119,-0.014648,1.050293,1.396947,3.343511,-0.648855,1.051451,3.681242,18715,31323,12606,18715,0,103.571,0,normal
1780598941.0778482,39.3760556000052,885380,0.036133,-0.034912,1.05249,2.045802,2.587786,-0.694656,1.053689,3.371126,18717,31328,12609,18717,1,103.571,14,normal
1780598941.109256,39.40746349999972,885411,0.058838,-0.017822,1.041992,1.664122,2.694656,-0.419847,1.043804,3.1948,18722,31335,12611,18722,0,114.695,1,normal
1780598941.1404352,39.438642699999036,885442,0.024902,-0.043213,1.046875,1.389313,2.007634,-0.977099,1.048062,2.629735,18724,31339,12613,18724,0,114.695,0,normal
1780598941.1706126,39.46882019999612,885473,0.057129,-0.046875,1.056641,2.229008,2.381679,-0.839695,1.059222,3.368376,18726,31344,12616,18726,1,114.695,14,normal
1780598941.2024581,39.5006657000049,885504,0.052002,-0.001953,1.04126,1.641221,2.450382,-0.862595,1.042559,3.072792,18731,31351,12618,18731,0,114.695,1,normal
1780598941.232082,39.53028950000589,885535,0.039795,-0.043701,1.049316,1.633588,2.442748,-0.671756,1.05098,3.014446,18733,31355,12620,18733,0,114.695,1,normal
1780598941.2637749,39.56198240000231,885566,0.052002,-0.003906,1.056396,2.458015,3.419847,-0.40458,1.057683,4.230943,18736,31360,12622,18736,1,114.695,13,normal
1780598941.294586,39.59279350000725,885597,0.072021,-0.03833,1.057617,0.679389,2.709924,-0.633588,1.060759,2.864732,18741,31367,12624,18741,0,114.695,0,normal
1780598941.3256881,39.62389560000156,885628,0.036377,-0.031006,1.071289,1.923664,2.732824,-0.557252,1.072355,3.388118,18742,31369,12625,18742,0,114.695,6,normal
1780598941.3564143,39.654621900001075,885659,0.053467,-0.04126,1.061768,2.221374,2.625954,-0.496183,1.063913,3.475102,18746,31375,12627,18746,0,114.695,5,normal
1780598941.387024,39.685231399998884,885690,0.05542,-0.001221,1.050537,1.305344,2.89313,-0.832061,1.051999,3.281226,18750,31381,12629,18750,0,100.358,0,normal
1780598941.4188547,39.71706229999836,885721,0.066895,-0.029785,1.048096,2.175573,3.29771,-0.480916,1.050651,3.97986,18752,31386,12632,18752,1,100.358,14,normal
1780598941.4499156,39.74812309999834,885752,0.029785,-0.032715,1.044678,1.679389,2.664122,-0.847328,1.045614,3.261267,18757,31393,12634,18757,0,100.358,0,normal
1780598941.4805918,39.77879920000851,885783,0.058594,-0.017334,1.060547,1.358779,3.183206,-0.717557,1.062306,3.534681,18758,31395,12635,18758,0,100.358,5,normal
1780598941.512281,39.81048850000661,885814,0.027344,-0.044434,1.038574,1.679389,2.618321,-0.496183,1.039884,3.149944,18760,31400,12638,18760,1,100.358,14,normal
1780598941.543522,39.84172939999553,885845,0.057617,-0.012695,1.049316,1.870229,2.557252,-0.496183,1.050974,3.206788,18765,31407,12640,18765,0,100.358,1,normal
1780598941.57486,39.87306759999774,885877,0.049316,-0.054443,1.05542,1.435114,2.603053,-1.282443,1.057973,3.237298,18767,31411,12642,18767,0,100.358,0,normal
1780598941.6048932,39.90310070000123,885908,0.046143,-0.004883,1.043457,2.526718,2.78626,-0.870229,1.044488,3.860679,18770,31416,12644,18770,1,100.358,14,normal
1780598941.6370113,39.93521870000404,885939,0.055908,-0.031006,1.054688,0.29771,2.778626,-0.954198,1.056623,2.952946,18774,31421,12645,18774,0,100.358,6,normal
1780598941.668309,39.96651660000498,885970,0.040283,-0.030762,1.063721,1.755725,2.618321,-0.900763,1.064928,3.27865,18776,31425,12647,18776,0,92.857,0,normal
1780598941.6995451,39.997752700001,886001,0.049316,-0.036865,1.060547,2.068702,2.977099,-0.648855,1.062333,3.682888,18780,31431,12649,18780,0,92.857,5,normal
1780598941.7309315,40.02913910000643,886033,0.03833,0.018799,1.049561,1.10687,3.038168,-1.022901,1.050428,3.391453,18784,31437,12651,18784,0,92.857,1,normal
1780598941.7619438,40.06015130000014,886064,0.047607,-0.023926,1.048584,1.954198,2.679389,-0.717557,1.049937,3.393068,18786,31442,12654,18786,1,92.857,15,normal
1780598941.794173,40.092380500005675,886096,0.028076,-0.014648,1.042725,1.59542,2.534351,-0.763359,1.043205,3.090472,18798,31455,12655,18798,0,92.857,0,normal
1780598941.8250544,40.12326190000749,886127,0.031738,-0.047363,1.041748,1.045802,2.80916,-1.19084,1.043307,3.225396,18800,31459,12657,18800,0,92.857,0,normal
1780598941.8550694,40.15327690000413,886158,0.044922,-0.029297,1.047607,2.709924,2.992366,-0.763359,1.048979,4.108608,18803,31464,12659,18803,1,92.857,13,normal
1780598941.886565,40.18477249999705,886189,0.037842,-0.026123,1.048096,0.732824,2.534351,-0.694656,1.049104,2.728097,18808,31471,12661,18808,0,92.857,0,normal
1780598941.9177318,40.21593930000381,886220,0.03125,-0.04126,1.053955,1.618321,2.526718,-1.007634,1.055225,3.165216,18810,31475,12663,18810,0,136.0,0,normal
1780598941.9585261,40.25673370000732,886250,0.043945,0.000732,1.05542,2.59542,2.770992,-0.664122,1.056335,3.854304,18813,31480,12665,18813,1,136.0,14,normal
1780598941.9764802,40.27468780000345,886280,0.053223,0.006348,1.047607,1.145038,2.274809,-0.748092,1.048978,2.654338,18818,31487,12667,18818,0,136.0,1,normal
1780598942.0079832,40.30619079999451,886310,0.038574,-0.057861,1.052978,1.343511,2.961832,-0.625954,1.055272,3.311992,18820,31491,12669,18820,0,136.0,0,normal
1780598942.038646,40.33685340000375,886341,0.036865,0.005371,1.056641,2.251908,3.030534,-0.679389,1.057297,3.836248,18823,31496,12671,18823,1,136.0,14,normal
1780598942.0699217,40.368129299997236,886372,0.026123,-0.014404,1.05542,0.961832,2.19084,-0.51145,1.055841,2.446729,18828,31503,12673,18828,0,136.0,1,normal
1780598942.1001318,40.398339200008195,886403,0.044678,-0.050049,1.060547,1.816794,2.122137,-0.916031,1.062667,2.939952,18830,31507,12675,18830,0,136.0,1,normal
1780598942.1312664,40.42947390000336,886434,0.037842,-0.024414,1.049561,2.19084,3.801527,-0.687023,1.050526,4.441102,18834,31513,12677,18834,0,136.0,6,normal
1780598942.1628196,40.46102709999832,886465,0.041504,-0.029297,1.062744,0.725191,2.946565,-0.946565,1.063958,3.1787,18838,31519,12679,18838,0,136.0,0,normal
1780598942.1937544,40.491961899999296,886496,0.055176,-0.050049,1.054932,1.961832,3.259542,-0.534351,1.057558,3.841735,18840,31524,12682,18840,1,108.696,14,normal
1780598942.2249246,40.52313210000284,886527,0.03125,-0.032471,1.034912,1.625954,2.648855,-0.541985,1.035893,3.154981,18844,31529,12683,18844,0,108.696,5,normal
1780598942.2541683,40.552375900006155,886558,0.046875,-0.000977,1.060303,1.0,3.274809,-0.519084,1.061339,3.46321,18848,31535,12685,18848,0,108.696,0,normal
1780598942.2860289,40.58423639999819,886588,0.057373,-0.02832,1.049561,2.083969,3.21374,-0.648855,1.051509,3.884851,18850,31540,12688,18850,1,108.696,14,normal
1780598942.3164058,40.6146133000002,886619,0.021973,-0.033203,1.05542,1.519084,2.343511,-0.412214,1.056171,2.823045,18855,31547,12690,18855,0,108.696,0,normal
1780598942.348604,40.64681140000175,886650,0.053711,-0.027344,1.070068,1.10687,3.053435,-1.076336,1.071764,3.421568,18856,31549,12691,18856,0,108.696,5,normal
1780598942.3789766,40.67718420000165,886681,0.035645,-0.037598,1.042725,1.801527,2.564885,-0.900763,1.044011,3.261213,18858,31554,12694,18858,1,108.696,14,normal
1780598942.4107838,40.70899129999452,886712,0.027344,-0.008057,1.055176,1.534351,2.244275,-0.679389,1.055561,2.802244,18863,31561,12696,18863,0,108.696,0,normal
1780598942.4406817,40.73888910000096,886743,0.011963,-0.037842,1.054199,0.885496,3.030534,-0.793893,1.054946,3.255535,18865,31565,12698,18865,0,108.696,0,normal
1780598942.4720588,40.77026639999531,886774,0.046387,-0.014404,1.046143,2.343511,2.824427,-0.816794,1.047269,3.759865,18868,31570,12700,18868,1,100.719,14,normal
1780598942.5036092,40.80181659999653,886805,0.035156,0.014404,1.052978,0.832061,2.847328,-0.870229,1.053664,3.091424,18872,31575,12701,18872,0,100.719,6,normal
1780598942.5345201,40.832727600005455,886836,0.040527,-0.045898,1.043945,1.473282,2.541985,-1.015267,1.045739,3.108539,18874,31579,12703,18874,0,100.719,0,normal
1780598942.564482,40.86268950000522,886867,0.031982,-0.009766,1.049561,2.709924,3.259542,-0.740458,1.050093,4.30309,18878,31585,12705,18878,0,100.719,6,normal
1780598942.5959616,40.89416920000804,886898,0.036133,-0.037354,1.053223,0.580153,2.916031,-0.78626,1.054504,3.075389,18882,31591,12707,18882,0,100.719,1,normal
1780598942.6272233,40.9254307999945,886929,0.021729,-0.036133,1.057861,1.648855,3.21374,-0.671756,1.058701,3.673977,18884,31595,12709,18884,0,100.719,0,normal
1780598942.6578248,40.95603220000339,886960,0.036621,-0.044189,1.058838,2.129771,2.89313,-0.679389,1.060392,3.656186,18889,31601,12710,18889,0,100.719,6,normal
1780598942.6894271,40.9876346999954,886991,0.037109,0.017578,1.058106,1.206107,3.381679,-0.908397,1.058902,3.703462,18893,31607,12712,18893,0,100.719,0,normal
1780598942.719799,41.01800650000223,887022,0.045898,-0.023438,1.04834,1.984733,2.877863,-0.671756,1.049606,3.559847,18895,31612,12715,18895,1,100.719,14,normal
1780598942.7517219,41.04992940000375,887053,0.031982,-0.029785,1.050293,1.419847,2.053435,-0.854962,1.051202,2.638848,18900,31619,12717,18900,0,114.695,0,normal
1780598942.7811127,41.07932030000666,887084,0.066162,-0.013672,1.050293,1.19084,2.740458,-1.053435,1.052464,3.16827,18902,31623,12719,18902,0,114.695,0,normal
1780598942.8116136,41.10982120000699,887114,0.040527,-0.031738,1.043945,1.938931,2.641221,-0.587786,1.045214,3.328813,18904,31628,12722,18904,1,114.695,14,normal
1780598942.8440871,41.142294699995546,887145,0.041504,-0.024658,1.051514,1.473282,2.305344,-0.580153,1.052621,2.796739,18909,31635,12724,18909,0,114.695,1,normal
1780598942.8751233,41.17333079999662,887177,0.034912,-0.046631,1.049072,1.503817,2.152672,-0.938931,1.050688,2.788737,18911,31639,12726,18911,0,114.695,0,normal
1780598942.9058669,41.2040743999969,887208,0.040283,-0.002197,1.051025,2.343511,3.022901,-0.687023,1.051799,3.886126,18914,31644,12728,18914,1,114.695,14,normal
1780598942.954957,41.253164599998854,887239,0.040527,-0.006836,1.051025,0.603053,2.557252,-0.900763,1.051829,2.777514,18919,31651,12730,18919,0,114.695,1,normal
1780598942.9681957,41.26640330000373,887270,0.060303,-0.032959,1.066894,1.885496,2.534351,-0.862595,1.069106,3.274462,18921,31655,12732,18921,0,114.695,1,normal
1780598942.9991887,41.29739609999524,887301,0.036133,-0.020264,1.054443,2.541985,2.885496,-0.664122,1.055257,3.902414,18925,31661,12734,18925,0,114.695,6,normal
1780598943.030658,41.3288656000077,887333,0.030029,0.008057,1.053711,1.526718,3.114504,-1.229008,1.05417,3.679872,18929,31667,12736,18929,0,103.571,0,normal
1780598943.0625327,41.36074020000524,887364,0.052246,-0.021484,1.043945,2.259542,2.396947,-0.641221,1.045473,3.355898,18931,31672,12739,18931,1,103.571,14,normal
1780598943.0982308,41.39643839999917,887401,0.033936,-0.03418,1.049561,1.580153,2.030534,-0.709924,1.050665,2.669072,18937,31679,12740,18937,0,103.571,0,normal
1780598943.1308455,41.42905299999984,887432,0.070312,-0.028076,1.046631,2.091603,2.671756,-0.641221,1.049366,3.45315,18939,31684,12743,18939,1,103.571,14,normal
1780598943.163019,41.46122650000325,887464,0.037598,-0.022461,1.053711,1.648855,2.236641,-0.816794,1.054621,2.89628,18944,31691,12745,18944,0,103.571,0,normal
1780598943.1935716,41.49177920000511,887495,0.051025,-0.031006,1.067139,1.129771,2.381679,-0.671756,1.068808,2.7203,18946,31695,12747,18946,0,103.571,0,normal
1780598943.224945,41.523152499998105,887526,0.055908,-0.056641,1.051025,1.534351,2.755725,-1.061069,1.054034,3.32778,18948,31700,12750,18948,1,103.571,13,normal
1780598943.2539804,41.55218790000072,887557,0.050781,-0.012207,1.060791,1.778626,1.954198,-0.732824,1.062076,2.742159,18953,31707,12752,18953,0,103.571,0,normal
1780598943.287036,41.585243399997125,887588,0.030029,-0.055664,1.047852,1.610687,2.320611,-0.931298,1.049759,2.974368,18955,31711,12754,18955,0,101.961,0,normal
1780598943.3167703,41.61497779999627,887619,0.043701,-0.007324,1.04834,2.320611,3.137405,-0.351145,1.049276,3.918143,18958,31716,12756,18958,1,101.961,14,normal
1780598943.3474505,41.64565800000855,887650,0.035889,-0.029785,1.05249,0.679389,2.816794,-0.618321,1.053523,2.962806,18963,31723,12758,18963,0,101.961,1,normal
1780598943.3790464,41.67725390000851,887681,0.052246,-0.042236,1.051025,2.061069,2.343511,-0.854962,1.05317,3.235894,18965,31727,12760,18965,0,101.961,0,normal
1780598943.4095097,41.707717199999024,887712,0.044678,-0.010498,1.057129,1.969466,3.587786,-0.679389,1.058125,4.148804,18969,31733,12762,18969,0,101.961,6,normal
1780598943.4406993,41.73890690000553,887743,0.032959,-0.034424,1.046387,0.961832,2.832061,-0.938931,1.047471,3.13485,18971,31737,12764,18971,0,101.961,1,normal
1780598943.4721806,41.77038810000522,887774,0.072266,-0.036377,1.057617,2.236641,3.137405,-0.40458,1.060707,3.874217,18973,31742,12767,18973,1,101.961,13,normal
1780598943.5028837,41.80109110000194,887805,0.035889,-0.031738,1.047607,1.305344,2.236641,-0.687023,1.048702,2.67927,18977,31748,12769,18977,1,101.961,3,normal
1780598943.5346613,41.83286870000302,887837,0.057373,-0.019531,1.06665,1.694656,2.938931,-0.70229,1.068371,3.464446,18980,31753,12771,18980,0,101.961,0,normal
1780598943.5658193,41.86402680000174,887868,0.051025,-0.067627,1.061035,1.51145,2.458015,-0.801527,1.064412,2.99479,18982,31758,12774,18982,1,96.429,14,normal
1780598943.5971737,41.895381199996336,887899,0.033691,-0.013672,1.05542,1.633588,2.770992,-0.526718,1.056046,3.259515,18985,31763,12776,18985,0,96.429,1,normal
1780598943.628211,41.92641850000655,887930,0.033447,-0.056396,1.054932,1.160305,2.21374,-0.931298,1.056967,2.667259,18987,31767,12778,18987,0,96.429,0,normal
1780598943.65827,41.95647730000201,887961,0.031006,-0.006592,1.050049,2.549618,2.641221,-0.725191,1.050527,3.741992,18990,31772,12780,18990,1,96.429,14,normal
1780598943.6902897,41.988497300000745,887992,0.040771,-0.019287,1.048584,0.725191,1.862595,-1.022901,1.049554,2.245326,18995,31779,12782,18995,0,96.429,1,normal
1780598943.7203531,42.018560600001365,888023,0.039795,-0.036133,1.038818,1.709924,2.183206,-0.984733,1.040208,2.942775,18997,31783,12784,18997,0,96.429,1,normal
1780598943.7514215,42.04962890000024,888054,0.052002,-0.005615,1.053955,2.221374,3.053435,-0.664122,1.055252,3.833931,19000,31787,12785,19000,0,96.429,6,normal
1780598943.7827477,42.080955299999914,888085,0.064697,-0.04126,1.067139,0.801527,2.717557,-1.030534,1.069894,3.01489,19004,31793,12787,19004,0,96.429,0,normal
1780598943.8138516,42.11205910000717,888116,0.05835,-0.045654,1.054199,2.290076,2.633588,-0.70229,1.056799,3.559978,19006,31797,12789,19006,0,96.429,0,normal
1780598943.845878,42.144085499996436,888147,0.046387,-0.036621,1.050781,1.709924,2.526718,-0.793893,1.052442,3.152524,19011,31803,12790,19011,0,103.943,5,normal
1780598943.87524,42.173447599998326,888178,0.047852,0.005615,1.062744,1.08397,3.763359,-0.648855,1.063836,3.969745,19015,31809,12792,19015,0,103.943,0,normal
1780598943.9063654,42.204572999995435,888209,0.043457,-0.036377,1.045166,1.778626,2.725191,-0.618321,1.046701,3.312476,19016,31812,12794,19016,1,103.943,17,normal
1780598943.9389799,42.23718739999458,888240,0.025391,-0.019043,1.049805,1.442748,2.389313,-0.70229,1.050284,2.878116,19021,31819,12796,19021,0,103.943,0,normal
1780598943.968847,42.267054500000086,888271,0.033447,-0.020752,1.057617,1.038168,2.931298,-0.923664,1.058349,3.243988,19023,31823,12798,19023,0,103.943,1,normal
1780598943.9986632,42.29687069999636,888302,0.053467,-0.050537,1.044922,1.618321,3.007634,-0.778626,1.047509,3.50301,19025,31828,12801,19025,1,103.943,13,normal
1780598944.0302098,42.328417400000035,888333,0.04126,-0.005127,1.05249,1.877863,2.427481,-0.587786,1.053311,3.124824,19030,31835,12803,19030,0,103.943,0,normal
1780598944.062132,42.36033949999546,888364,0.023193,-0.041504,1.048828,1.48855,2.29771,-0.946565,1.049905,2.896763,19032,31839,12805,19032,0,103.943,0,normal
1780598944.0931334,42.39134099999501,888395,0.04248,0.00293,1.057129,2.206107,3.221374,-0.541985,1.057986,3.941815,19035,31844,12807,19035,1,103.943,14,normal
1780598944.124733,42.422940400007064,888426,0.017334,-0.0271,1.047852,0.587786,2.740458,-0.916031,1.048345,2.94868,19040,31851,12809,19040,0,103.943,0,normal
1780598944.1552634,42.45347100000072,888457,0.020264,-0.029053,1.05835,1.862595,2.427481,-1.053435,1.058942,3.235993,19042,31855,12811,19042,0,103.943,0,normal
1780598944.1871345,42.48534210000071,888488,0.059082,-0.043213,1.064697,2.160305,3.374046,-0.450382,1.06721,4.031618,19046,31861,12813,19046,0,103.943,6,normal
1780598944.2177718,42.51597940000647,888520,0.046875,-0.00708,1.057373,1.335878,3.412214,-0.755725,1.058435,3.74151,19050,31867,12815,19050,0,103.943,1,normal
1780598944.2476757,42.54588320000039,888551,0.054932,-0.041992,1.043213,2.0,2.534351,-0.458015,1.045502,3.260784,19052,31872,12818,19052,1,103.943,14,normal
1780598944.2797248,42.57793240000319,888582,0.018799,-0.0271,1.044678,1.580153,2.40458,-0.816794,1.045198,2.990993,19057,31879,12820,19057,0,103.943,0,normal
1780598944.3102803,42.60848789999727,888613,0.056152,-0.014893,1.056152,1.305344,2.961832,-0.923664,1.057749,3.365936,19059,31883,12822,19059,0,103.943,0,normal
1780598944.3422785,42.64048610000464,888644,0.053223,-0.069824,1.052246,1.396947,2.633588,-0.671756,1.055902,3.055896,19061,31888,12825,19061,1,103.943,14,normal
1780598944.3728552,42.67106269999931,888675,0.030273,-0.012695,1.055176,1.671756,2.045802,-0.625954,1.055686,2.715122,19066,31895,12827,19066,0,103.943,0,normal
1780598944.4026062,42.70081379999465,888706,0.016602,-0.046631,1.042725,1.099237,2.496183,-0.992366,1.043899,2.90242,19068,31899,12829,19068,0,100.0,0,normal
1780598944.4343848,42.73259230000258,888736,0.049561,-0.019775,1.050049,2.137405,3.099237,-0.717557,1.051404,3.832578,19070,31904,12832,19070,1,100.0,14,normal
1780598944.4655256,42.763733100000536,888767,0.039062,0.010742,1.054443,1.419847,2.122137,-0.656489,1.055221,2.636363,19075,31911,12834,19075,0,100.0,1,normal
1780598944.4956763,42.793883899998036,888798,0.034668,-0.044434,1.05957,1.396947,2.038168,-1.114504,1.061068,2.710666,19077,31915,12836,19077,0,100.0,1,normal
1780598944.5263622,42.824569600008545,888829,0.052979,-0.00415,1.049561,2.526718,2.679389,-0.824427,1.050905,3.774004,19080,31920,12838,19080,1,100.0,14,normal
1780598944.5583189,42.85652640000626,888860,0.029297,-0.028564,1.037354,0.870229,2.709924,-1.10687,1.03816,3.053874,19085,31927,12840,19085,0,100.0,0,normal
1780598944.5879905,42.88619810000819,888891,0.034668,-0.034424,1.053711,1.687023,2.427481,-1.0,1.054843,3.12069,19087,31931,12842,19087,0,100.0,0,normal
1780598944.6184404,42.91664789999777,888921,0.035645,-0.002441,1.055176,2.709924,3.320611,-0.961832,1.05578,4.392637,19091,31937,12844,19091,0,100.0,6,normal
1780598944.6504724,42.94868000000133,888952,0.019043,-0.021484,1.042236,0.564886,2.679389,-0.824427,1.042632,2.859703,19095,31943,12846,19095,0,100.0,0,normal
1780598944.6818595,42.98006689999602,888983,0.060303,-0.034668,1.062012,2.122137,2.587786,-0.801527,1.064287,3.4413,19097,31947,12848,19097,0,104.693,0,normal
1780598944.7129667,43.011174300001585,889014,0.046143,-0.031982,1.057617,1.854962,2.854962,-0.648855,1.059106,3.465935,19102,31953,12849,19102,0,104.693,5,normal
1780598944.7432368,43.04144420000375,889045,0.040527,0.014404,1.05835,1.160305,3.534351,-0.854962,1.059223,3.816924,19106,31959,12851,19106,0,104.693,1,normal
1780598944.7752893,43.07349680000334,889076,0.037109,-0.038818,1.035889,1.969466,2.641221,-0.145038,1.03728,3.29786,19107,31962,12853,19107,1,104.693,17,normal
1780598944.8067558,43.10496340000827,889108,0.057617,-0.016113,1.050293,1.175572,2.274809,-0.801527,1.051996,2.683127,19113,31969,12854,19113,0,104.693,0,normal
1780598944.8376513,43.13585869999952,889139,0.044678,-0.05249,1.051514,1.244275,2.931298,-1.076336,1.053771,3.361432,19115,31973,12856,19115,0,104.693,1,normal
1780598944.8680758,43.1662834000017,889170,0.054688,-0.039307,1.047852,2.312977,2.755725,-0.954198,1.050014,3.722147,19118,31978,12858,19118,1,104.693,13,normal
1780598944.899837,43.19804450000811,889201,0.058105,-0.015869,1.050049,0.725191,2.259542,-0.625954,1.051775,2.454231,19123,31985,12860,19123,0,104.693,0,normal
1780598944.9300458,43.22825329999614,889232,0.042725,-0.045898,1.053711,1.671756,2.198473,-0.763359,1.055575,2.865444,19124,31987,12861,19124,0,104.693,6,normal
1780598944.9668636,43.26507120000315,889263,0.044189,-0.002197,1.056641,2.717557,3.427481,-0.70229,1.057566,4.430119,19128,31993,12863,19128,0,110.714,5,normal
1780598944.9918952,43.290102800005116,889294,0.023193,-0.019043,1.046143,0.59542,2.916031,-1.007634,1.046573,3.142146,19132,31999,12865,19132,0,110.714,1,normal
1780598945.0236218,43.32182929999544,889325,0.044678,-0.039307,1.058594,1.694656,3.419847,-0.687023,1.060265,3.878043,19134,32003,12867,19134,0,110.714,0,normal
1780598945.0554037,43.35361120000016,889357,0.040039,-0.033691,1.051758,1.885496,2.641221,-0.732824,1.053059,3.326887,19140,32011,12869,19140,0,110.714,0,normal
1780598945.086672,43.38487950000854,889389,0.039551,-0.022217,1.063721,0.931298,3.343511,-0.763359,1.064688,3.553744,19142,32015,12871,19142,0,110.714,1,normal
1780598945.1181185,43.41632600000594,889420,0.04126,-0.054932,1.04834,1.51145,3.251908,-0.251908,1.050588,3.594836,19144,32020,12874,19144,1,110.714,13,normal
1780598945.1483717,43.44657929999812,889451,0.026367,0.002197,1.04834,1.503817,2.916031,-0.496183,1.048674,3.318267,19149,32027,12876,19149,0,110.714,0,normal
1780598945.1794658,43.477673200002755,889482,0.026367,-0.049561,1.044678,1.51145,2.435115,-0.618321,1.046185,2.931994,19151,32031,12878,19151,0,110.714,0,normal
1780598945.2113512,43.50955869999598,889513,0.049072,-0.007813,1.059814,2.412214,2.687023,-0.618321,1.060979,3.663494,19154,32036,12880,19154,1,104.0,14,normal
1780598945.2413766,43.53958409999905,889544,0.030518,-0.031494,1.041748,0.694656,2.427481,-1.022901,1.042671,2.72425,19159,32043,12882,19159,0,104.0,1,normal
1780598945.2733176,43.57152500000666,889575,0.033691,-0.032471,1.058838,1.870229,2.320611,-0.679389,1.059871,3.056887,19161,32047,12884,19161,0,104.0,0,normal
1780598945.302819,43.60102650000772,889606,0.034668,-0.000732,1.062012,2.183206,3.19084,-0.664122,1.062578,3.92287,19165,32053,12886,19165,0,104.0,6,normal
1780598945.3344307,43.63263819999702,889637,0.055664,-0.03125,1.051514,0.755725,2.732824,-0.679389,1.05345,2.915651,19169,32059,12888,19169,0,104.0,0,normal
1780598945.3659902,43.664197799997055,889667,0.042236,-0.037354,1.051514,1.938931,3.114504,-0.687023,1.053024,3.732504,19171,32063,12890,19171,0,104.0,1,normal
1780598945.3967009,43.69490840000799,889698,0.062256,-0.0354,1.050781,2.10687,2.870229,-0.839695,1.053219,3.658169,19176,32069,12891,19176,0,104.0,6,normal
1780598945.426709,43.72491639999498,889729,0.04126,-0.01123,1.045898,1.229008,3.618321,-0.969466,1.046772,3.942406,19180,32075,12893,19180,0,104.0,0,normal
1780598945.4576244,43.75583189999452,889760,0.060303,-0.033203,1.055176,1.854962,3.053435,-0.496183,1.057419,3.607014,19182,32080,12896,19182,1,104.0,14,normal
1780598945.4886916,43.786899200000335,889791,0.036377,-0.028809,1.043213,1.671756,2.40458,-0.557252,1.044244,2.981158,19187,32087,12898,19187,0,118.705,1,normal
1780598945.5206995,43.8189071000088,889822,0.04248,-0.013672,1.066162,1.366412,3.435115,-0.687023,1.067096,3.760199,19189,32091,12900,19189,0,118.705,0,normal
1780598945.552065,43.85027229999832,889853,0.058594,-0.064697,1.057373,1.458015,2.51145,-0.839695,1.06097,3.022958,19191,32096,12903,19191,1,118.705,14,normal
1780598945.581805,43.880012599998736,889884,0.043701,-0.008301,1.055664,1.305344,2.755725,-0.229008,1.056601,3.05784,19196,32103,12905,19196,0,118.705,1,normal
1780598945.6122913,43.91049880000355,889914,0.037109,-0.031494,1.060059,1.08397,3.206107,-1.160305,1.061175,3.577767,19198,32107,12907,19198,0,118.705,1,normal
1780598945.6444428,43.94265019999875,889945,0.05127,-0.06958,1.051025,2.007634,2.755725,-0.778626,1.054573,3.497266,19200,32112,12910,19200,1,118.705,14,normal
1780598945.6742852,43.972492800006876,889976,0.0354,0.010498,1.049805,1.274809,2.572519,-0.984733,1.050454,3.035242,19205,32119,12912,19205,0,118.705,0,normal
1780598945.7051392,44.00334680000378,890007,0.029785,-0.041992,1.058838,1.244275,2.541985,-0.870229,1.060089,2.960947,19207,32123,12914,19207,0,118.705,0,normal
1780598945.7345243,44.03273180000542,890038,0.047363,-0.000977,1.053711,2.473282,2.679389,-0.824427,1.054775,3.73844,19210,32128,12916,19210,1,118.705,14,normal
1780598945.766327,44.06453440000769,890068,0.042969,-0.022461,1.05957,0.770992,1.961832,-0.862595,1.060679,2.277561,19215,32135,12918,19215,0,101.083,0,normal
1780598945.7975595,44.095767100006924,890100,0.027344,-0.036865,1.050781,1.832061,2.10687,-0.916031,1.051783,2.938445,19217,32139,12920,19217,0,101.083,0,normal
1780598945.8288572,44.12706480000634,890131,0.05127,-0.032471,1.062256,1.931298,2.648855,-0.801527,1.063988,3.374728,19221,32145,12922,19221,0,101.083,5,normal
1780598945.8602772,44.15848480000568,890162,0.046631,-0.034424,1.056152,1.198473,2.755725,-0.885496,1.057742,3.132804,19225,32151,12924,19225,0,101.083,1,normal
1780598945.8902,44.18840749999799,890193,0.034912,-0.046875,1.051514,2.29771,3.015267,-0.503817,1.053137,3.824283,19227,32156,12927,19227,1,101.083,14,normal
1780598945.9216478,44.21985530000529,890224,0.040527,-0.044678,1.05127,1.603053,2.198473,-0.610687,1.052999,2.788549,19231,32161,12928,19231,0,101.083,6,normal
1780598945.952519,44.25072640000144,890255,0.054443,-0.007568,1.054688,1.549618,3.534351,-0.717557,1.056119,3.925283,19235,32167,12930,19235,0,101.083,0,normal
1780598945.9844599,44.28266739999526,890286,0.027832,-0.041016,1.049316,1.78626,2.412214,-0.480916,1.050486,3.039865,19237,32172,12933,19237,1,101.083,14,normal
1780598946.0160277,44.31423519999953,890317,0.053711,-0.023438,1.061279,1.496183,1.954198,-0.366412,1.062896,2.488315,19241,32177,12934,19241,0,101.083,1,normal
1780598946.047501,44.34570849999727,890349,0.028076,-0.046387,1.046631,1.412214,2.618321,-0.450382,1.048034,3.008786,19243,32181,12936,19243,0,99.644,0,normal
1780598946.0781806,44.37638810000499,890380,0.053711,-0.006592,1.061035,2.656489,2.610687,-0.938931,1.062414,3.841121,19246,32186,12938,19246,1,99.644,14,normal
1780598946.1099143,44.408121800006484,890411,0.047607,-0.003174,1.058594,0.557252,2.412214,-0.847328,1.059668,2.616729,19251,32193,12940,19251,0,99.644,1,normal
1780598946.1399312,44.4381388000038,890442,0.037354,-0.033447,1.059082,1.793893,1.725191,-0.923664,1.060268,2.654711,19253,32197,12942,19253,0,99.644,0,normal
1780598946.171498,44.469705700001214,890473,0.052979,-0.028564,1.061523,2.183206,3.007634,-0.603053,1.063228,3.765093,19256,32201,12943,19256,0,99.644,6,normal
1780598946.2021956,44.50040309999895,890504,0.040527,-0.036865,1.056885,0.801527,2.19084,-1.122137,1.058304,2.588709,19260,32207,12945,19260,0,99.644,0,normal
1780598946.2337525,44.53196000000753,890535,0.026123,-0.046875,1.041748,2.091603,3.053435,-0.51145,1.043129,3.736288,19262,32212,12948,19262,1,99.644,14,normal
1780598946.2647414,44.56294899999921,890566,0.041992,-0.032959,1.057373,1.473282,2.236641,-0.709924,1.05872,2.770761,19266,32217,12949,19266,0,99.644,6,normal
1780598946.2959864,44.59419390000403,890597,0.04834,0.00293,1.067139,1.19084,2.89313,-0.671756,1.068237,3.19993,19270,32223,12951,19270,0,99.644,0,normal
1780598946.3254485,44.62365599999612,890628,0.060547,-0.033936,1.052002,2.076336,2.442748,-0.832061,1.054289,3.312177,19271,32226,12953,19271,1,100.358,17,normal
1780598946.3587098,44.65691730000253,890659,0.056396,-0.015869,1.056885,1.358779,2.458015,-0.770992,1.058507,2.912481,19276,32233,12955,19276,0,100.358,1,normal
1780598946.3895483,44.68775589999859,890691,0.016602,-0.050293,1.052246,1.389313,2.549618,-0.977099,1.053578,3.063571,19278,32237,12957,19278,0,100.358,0,normal
1780598946.4209702,44.71917769999709,890722,0.053711,-0.025146,1.067627,2.603053,3.282443,-0.59542,1.069273,4.231412,19281,32242,12959,19281,1,100.358,14,normal
1780598946.452217,44.75042460000259,890754,0.034912,-0.024414,1.054199,0.458015,2.862595,-0.816794,1.05506,3.011874,19286,32249,12961,19286,0,100.358,0,normal
1780598946.4841332,44.782340799996746,890785,0.02002,-0.029541,1.041504,1.78626,2.145038,-0.847328,1.042115,2.917169,19287,32251,12962,19287,0,100.358,5,normal
1780598946.5142355,44.81244310000329,890816,0.037354,-0.036865,1.068115,2.236641,3.396947,-0.534351,1.069404,4.102114,19292,32257,12963,19292,0,100.358,6,normal
1780598946.5440001,44.8422075999988,890847,0.051025,0.021484,1.062256,1.557252,3.137405,-1.0,1.063698,3.642574,19296,32263,12965,19296,0,100.358,0,normal
1780598946.5758939,44.87410149999778,890878,0.062256,-0.022217,1.057617,2.083969,2.80916,-0.335878,1.059681,3.513848,19298,32268,12968,19298,1,108.0,14,normal
1780598946.6081145,44.90632199999527,890909,0.011963,-0.032471,1.033691,1.40458,2.862595,-0.59542,1.03427,3.243736,19303,32275,12970,19303,0,108.0,0,normal
1780598946.6380262,44.93623380000645,890940,0.044922,-0.010254,1.056396,1.603053,3.549618,-0.740458,1.057401,3.964574,19304,32277,12971,19304,0,108.0,5,normal
1780598946.669542,44.967749600007664,890971,0.035889,-0.022705,1.040283,1.961832,2.687023,-0.862595,1.04115,3.436997,19306,32282,12974,19306,1,108.0,14,normal
1780598946.7007697,44.99897719999717,891002,0.04248,-0.019287,1.049561,1.427481,2.679389,-0.145038,1.050597,3.039386,19311,32289,12976,19311,0,108.0,0,normal
1780598946.7311347,45.02934219999588,891033,0.037354,-0.059326,1.054688,1.114504,1.832061,-0.580153,1.057015,2.221518,19313,32293,12978,19313,0,108.0,0,normal
1780598946.7625737,45.06078119999438,891064,0.061279,-0.053711,1.052002,2.473282,3.51145,-0.679389,1.055153,4.348446,19316,32298,12980,19316,1,108.0,14,normal
1780598946.792911,45.09111850000045,891095,0.034912,0.001465,1.053467,0.725191,2.763359,-0.648855,1.054046,2.929687,19321,32305,12982,19321,0,108.0,0,normal
1780598946.824388,45.12259549999726,891126,0.05127,-0.050537,1.067139,1.687023,2.381679,-0.748092,1.069564,3.012986,19323,32309,12984,19323,0,108.0,0,normal
1780598946.8545127,45.15272030000051,891157,0.053711,-0.003906,1.053223,2.748092,3.580153,-0.427481,1.054599,4.533458,19327,32315,12986,19327,0,103.943,6,normal
1780598946.8874965,45.18570390000241,891188,0.021729,-0.028809,1.047607,0.48855,2.48855,-1.198473,1.048229,2.804978,19331,32321,12988,19331,0,103.943,1,normal
1780598946.9176073,45.21581480000168,891219,0.032715,-0.0354,1.053711,1.870229,2.244275,-1.137405,1.054813,3.134998,19333,32325,12990,19333,0,103.943,1,normal
1780598946.9481075,45.246314999996684,891250,0.054932,-0.05127,1.05542,1.832061,2.603053,-0.832061,1.058091,3.290085,19338,32331,12991,19338,0,103.943,6,normal
1780598946.9790921,45.277299699999276,891282,0.054688,-0.000732,1.065918,1.198473,3.587786,-0.847328,1.06732,3.876405,19342,32337,12993,19342,0,103.943,0,normal
1780598947.0109413,45.30914880000637,891313,0.020752,-0.033447,1.040039,2.167939,2.48855,-0.610687,1.040784,3.356453,19344,32342,12996,19344,1,103.943,14,normal
1780598947.0504227,45.34863010000845,891344,0.032959,-0.017334,1.051758,1.450382,2.412214,-0.648855,1.052417,2.888494,19349,32349,12998,19349,0,103.943,1,normal
1780598947.0737634,45.37197079999896,891376,0.009033,-0.059326,1.049561,1.129771,2.290076,-0.656489,1.051275,2.636628,19351,32353,13000,19351,0,103.943,0,normal
1780598947.1046796,45.40288700000383,891407,0.05835,-0.005859,1.058106,2.770992,3.099237,-0.725191,1.059729,4.220138,19354,32358,13002,19354,1,108.0,14,normal
1780598947.136014,45.43422140000621,891438,0.045898,-0.013428,1.051514,0.763359,2.694656,-0.717557,1.0526,2.891155,19359,32365,13004,19359,0,108.0,0,normal
1780598947.1666746,45.46488210000098,891469,0.033691,-0.036133,1.063965,1.709924,2.122137,-0.709924,1.065111,2.816256,19361,32369,13006,19361,0,108.0,1,normal
1780598947.1985817,45.4967891999986,891500,0.045898,-0.019775,1.055664,2.854962,2.847328,-0.618321,1.056846,4.079265,19365,32375,13008,19365,0,108.0,6,normal
1780598947.2287905,45.52699810000195,891531,0.027832,-0.027832,1.048584,0.610687,2.847328,-0.877863,1.049322,3.041522,19369,32381,13010,19369,0,108.0,0,normal
1780598947.2599003,45.558107899996685,891562,0.032715,-0.034668,1.045166,1.679389,2.908397,-0.603053,1.046252,3.412154,19371,32385,13012,19371,0,108.0,0,normal
1780598947.29117,45.58937750000041,891593,0.032471,-0.038086,1.053711,1.793893,2.862595,-0.770992,1.054899,3.465102,19376,32391,13013,19376,0,108.0,5,normal
1780598947.3217616,45.61996910000744,891624,0.046143,-0.00708,1.054688,1.40458,3.061069,-0.748092,1.05572,3.450019,19380,32397,13015,19380,0,108.0,1,normal
1780598947.3525937,45.65080129999842,891655,0.043945,-0.034424,1.052002,1.717557,2.610687,-0.854962,1.053482,3.239853,19382,32402,13018,19382,1,108.0,15,normal
1780598947.3839011,45.682108699998935,891686,0.032715,-0.033203,1.051514,1.526718,2.389313,-0.870229,1.052546,2.965971,19388,32409,13019,19388,0,121.864,0,normal
1780598947.415779,45.71398660000705,891718,0.019775,-0.038086,1.059082,0.740458,2.519084,-0.694656,1.059951,2.715992,19390,32413,13021,19390,0,121.864,0,normal
1780598947.44664,45.74484759999905,891749,0.046387,-0.024902,1.047363,2.21374,3.381679,-0.923664,1.048686,4.146029,19392,32418,13024,19392,1,121.864,14,normal
1780598947.4782207,45.77642819999892,891780,0.0354,0.016113,1.047607,0.938931,3.083969,-0.641221,1.048329,3.286887,19397,32425,13026,19397,0,121.864,0,normal
1780598947.5092015,45.80740910000168,891811,0.034424,-0.057373,1.068115,1.412214,2.358779,-0.671756,1.070209,2.830096,19399,32429,13028,19399,0,121.864,0,normal
1780598947.5396535,45.83786100000725,891842,0.046143,-0.007568,1.055176,2.725191,3.938931,-0.877863,1.056211,4.869547,19403,32435,13030,19403,0,121.864,6,normal
1780598947.5707972,45.86900479999895,891873,0.026123,-0.025146,1.039062,0.442748,2.89313,-1.160305,1.039695,3.148418,19407,32441,13032,19407,0,121.864,1,normal
1780598947.603073,45.901280499994755,891904,0.0271,-0.020264,1.063477,1.687023,2.648855,-0.992366,1.064015,3.29352,19409,32445,13034,19409,0,121.864,1,normal
1780598947.6344848,45.93269220000366,891935,0.025879,-0.03418,1.050293,1.938931,2.755725,-0.526718,1.051168,3.410412,19414,32451,13035,19414,0,121.864,6,normal
1780598947.665703,45.96391049999511,891967,0.065186,-0.011719,1.057861,1.381679,3.351145,-0.984733,1.059932,3.756183,19418,32457,13037,19418,0,106.762,0,normal
1780598947.6975644,45.99577199999476,891998,0.040039,-0.035156,1.043945,1.755725,2.78626,-0.763359,1.045304,3.380611,19420,32462,13040,19420,1,106.762,14,normal
1780598947.7287621,46.02696960000321,892030,0.057617,-0.010742,1.056885,1.793893,2.427481,-0.625954,1.058509,3.082618,19425,32469,13042,19425,0,106.762,1,normal
1780598947.7587233,46.05693069999688,892061,0.037109,-0.066895,1.060303,1.29771,2.664122,-1.099237,1.063059,3.160683,19427,32473,13044,19427,0,106.762,1,normal
1780598947.7904072,46.08861459999753,892091,0.029541,-0.046875,1.041016,2.137405,2.770992,-0.641221,1.042489,3.557817,19429,32478,13047,19429,1,106.762,14,normal
1780598947.8211336,46.119341199999326,892123,0.055908,0.002686,1.055664,0.748092,3.175573,-0.206107,1.057147,3.269003,19434,32485,13049,19434,0,106.762,0,normal
1780598947.852802,46.15100959999836,892154,0.037109,-0.054199,1.057373,1.465649,2.366412,-0.954198,1.059411,2.942538,19436,32489,13051,19436,0,106.762,0,normal
1780598947.8829517,46.18115930000204,892185,0.057861,-0.003418,1.065186,2.709924,3.687023,-0.541985,1.066761,4.607773,19440,32495,13053,19440,0,106.762,5,normal
1780598947.913981,46.21218840000802,892216,0.041016,-0.021729,1.047119,0.358779,3.19084,-0.763359,1.048147,3.300439,19444,32501,13055,19444,0,106.762,0,normal
1780598947.944663,46.242870500005665,892247,0.02832,-0.027344,1.053711,2.068702,2.70229,-0.671756,1.054446,3.468884,19446,32505,13057,19446,0,100.0,0,normal
1780598947.974945,46.273152499998105,892277,0.030273,-0.031006,1.045166,2.030534,2.618321,-0.541985,1.046064,3.357442,19450,32511,13059,19450,0,100.0,6,normal
1780598948.0065968,46.30480440000247,892308,0.041992,-0.016846,1.061523,0.870229,2.625954,-0.854962,1.062487,2.895496,19454,32517,13061,19454,0,100.0,1,normal
1780598948.0372398,46.33544740000798,892339,0.049316,-0.037354,1.065186,2.21374,2.068702,-0.656489,1.066981,3.100186,19456,32522,13064,19456,1,100.0,14,normal
1780598948.069403,46.367610400004196,892370,0.015137,-0.04126,1.04248,1.267176,2.450382,-0.969466,1.043406,2.924033,19460,32528,13066,19460,0,100.0,3,normal
1780598948.0994658,46.39767330000177,892401,0.050537,-0.013184,1.05957,1.251908,3.374046,-0.954198,1.060857,3.723165,19463,32533,13068,19463,0,100.0,0,normal
1780598948.1310055,46.4292129999958,892432,0.044189,-0.038818,1.040527,2.229008,2.641221,-1.061069,1.042188,3.6153,19465,32538,13071,19465,1,100.0,14,normal
1780598948.1619694,46.46017690000008,892463,0.043457,-0.017822,1.053467,1.450382,2.007634,-0.832061,1.054513,2.612762,19470,32545,13073,19470,0,100.0,1,normal
1780598948.1922941,46.490501599997515,892494,0.056885,-0.02417,1.064941,1.007634,2.450382,-0.770992,1.066734,2.75937,19472,32549,13075,19472,0,100.0,0,normal
1780598948.2234278,46.521635299999616,892525,0.049805,-0.049316,1.052978,1.824428,2.801527,-0.946565,1.055309,3.474633,19474,32554,13078,19474,1,100.719,14,normal
1780598948.252368,46.550575500004925,892556,0.053955,-0.004639,1.056396,1.274809,2.59542,-0.671756,1.057784,2.968602,19479,32561,13080,19479,0,100.719,0,normal
1780598948.282989,46.58119660000375,892586,0.021729,-0.046631,1.05127,1.152672,2.59542,-0.664122,1.052528,2.91649,19481,32565,13082,19481,0,100.719,0,normal
1780598948.3136015,46.61180899999454,892616,0.037109,-0.050049,1.037598,1.832061,2.59542,-0.923664,1.039467,3.308445,19483,32570,13085,19483,1,100.719,14,normal
1780598948.3447027,46.64291019999655,892646,0.044434,-0.007568,1.046875,1.320611,2.862595,-0.541985,1.047845,3.198783,19489,32577,13086,19489,0,100.719,0,normal
1780598948.37489,46.673097599996254,892677,0.029053,-0.044678,1.052246,0.969466,2.793893,-1.038168,1.053595,3.134246,19491,32581,13088,19491,0,100.719,0,normal
1780598948.4069357,46.70514330000151,892708,0.053955,-0.019043,1.046875,2.19084,3.656489,-1.175572,1.048437,4.421726,19493,32586,13091,19493,1,100.719,14,normal
1780598948.437128,46.73533550000866,892739,0.043213,0.009277,1.063232,0.984733,2.526718,-0.732824,1.064151,2.809098,19498,32593,13093,19498,0,100.719,1,normal
1780598948.468114,46.7663215000066,892770,0.027588,-0.058105,1.062744,1.564886,2.320611,-0.717557,1.064689,2.889462,19499,32595,13094,19499,0,100.719,5,normal
1780598948.4998674,46.79807489999803,892801,0.042969,-0.013428,1.047119,3.045802,3.290076,-0.21374,1.048086,4.488562,19503,32601,13096,19503,0,105.072,6,normal
1780598948.532001,46.83020860000397,892833,0.053467,-0.013672,1.056885,0.541985,3.251908,-1.10687,1.058325,3.477616,19507,32607,13098,19507,0,105.072,0,normal
1780598948.5622184,46.86042589999852,892864,0.060547,-0.037354,1.052978,2.068702,2.587786,-0.549618,1.055379,3.35831,19509,32612,13101,19509,1,105.072,14,normal
1780598948.5920184,46.890225800001645,892895,0.04126,-0.040771,1.046631,2.0,2.572519,-0.938931,1.048237,3.391083,19513,32617,13102,19513,0,105.072,5,normal
1780598948.623376,46.92158350000682,892925,0.043945,-0.033203,1.05835,0.908397,3.145038,-0.931298,1.059782,3.403493,19516,32621,13103,19516,0,105.072,6,normal
1780598948.6536543,46.95186190000095,892956,0.043457,-0.023193,1.041992,2.29771,2.236641,-0.78626,1.043156,3.301551,19518,32626,13106,19518,1,105.072,14,normal
1780598948.6923392,46.990546700006234,892993,0.027344,-0.050049,1.047852,1.458015,2.435115,-0.450382,1.049402,2.873749,19524,32633,13107,19524,0,105.072,0,normal
1780598948.72306,47.021267300006,893024,0.03125,-0.03418,1.052734,2.022901,2.885496,-0.709924,1.053753,3.594747,19526,32638,13110,19526,1,105.072,14,normal
1780598948.753018,47.05122540000593,893055,0.035156,-0.033203,1.052734,1.70229,2.48855,-0.969466,1.053844,3.167102,19530,32643,13111,19530,0,106.299,6,normal
1780598948.783899,47.082106500005466,893086,0.036377,-0.004639,1.058838,1.053435,3.625954,-0.801527,1.059473,3.860015,19533,32647,13112,19533,0,106.299,6,normal
1780598948.8163953,47.11460280000756,893117,0.026123,-0.036133,1.04248,2.083969,2.51145,-0.664122,1.043434,3.330371,19535,32652,13115,19535,1,106.299,14,normal
1780598948.8463488,47.14455640000233,893148,0.029785,-0.02124,1.056152,1.335878,2.435115,-0.396947,1.056786,2.805694,19541,32659,13116,19541,0,106.299,0,normal
1780598948.8771021,47.17530960000295,893179,0.025879,-0.050293,1.047119,1.320611,1.839695,-1.091603,1.048646,2.513978,19543,32663,13118,19543,0,106.299,1,normal
1780598948.9089446,47.20715210000344,893210,0.047363,-0.054688,1.049561,2.091603,2.580153,-0.839695,1.052051,3.425942,19545,32668,13121,19545,1,106.299,14,normal
1780598948.9380152,47.23622279999836,893241,0.032471,-0.005371,1.053467,1.801527,2.580153,-0.442748,1.053981,3.177847,19550,32675,13123,19550,0,106.299,0,normal
1780598948.970641,47.26884839999548,893272,0.035156,-0.053223,1.063477,1.450382,1.847328,-0.89313,1.065388,2.51275,19552,32679,13125,19552,0,106.299,0,normal
1780598949.0014434,47.29965090000769,893303,0.043701,-0.010742,1.051025,2.984733,3.549618,-0.427481,1.051988,4.657377,19555,32684,13127,19555,1,106.299,13,normal
1780598949.0329425,47.33114999999816,893334,0.047607,-0.029297,1.058106,0.557252,2.816794,-0.78626,1.059581,2.97709,19560,32691,13129,19560,0,107.527,0,normal
1780598949.0632136,47.361421199995675,893365,0.0271,-0.026611,1.062744,1.816794,2.206107,-1.022901,1.063423,3.035453,19562,32695,13131,19562,0,107.527,0,normal
1780598949.0957115,47.3939190999954,893397,0.027832,-0.036377,1.053711,2.251908,2.778626,-0.801527,1.054706,3.665283,19566,32701,13133,19566,0,107.527,5,normal
1780598949.1250784,47.42328600000474,893428,0.036865,0.006104,1.058106,1.045802,3.59542,-0.770992,1.058765,3.82298,19570,32707,13135,19570,0,107.527,1,normal
1780598949.1572142,47.455421699996805,893458,0.062012,-0.045166,1.051514,2.21374,3.175573,-0.21374,1.054308,3.876931,19572,32712,13138,19572,1,107.527,14,normal
1780598949.1875653,47.48577280000609,893489,0.0271,-0.038818,1.049072,1.618321,2.305344,-0.732824,1.05014,2.91043,19576,32717,13139,19576,1,107.527,6,normal
1780598949.217904,47.516111599994474,893520,0.056152,-0.02124,1.070068,0.946565,3.022901,-0.877863,1.071751,3.287028,19580,32723,13141,19580,0,107.527,0,normal
1780598949.250116,47.548323700000765,893551,0.020996,-0.038086,1.046387,1.89313,2.80916,-0.801527,1.04729,3.481058,19582,32728,13144,19582,1,107.527,14,normal
1780598949.280328,47.57853559999785,893582,0.041504,-0.01123,1.054443,1.305344,2.229008,-0.748092,1.05532,2.689245,19587,32735,13146,19587,0,107.527,1,normal
1780598949.3117926,47.61000010000134,893613,0.033691,-0.049805,1.055908,1.167939,2.183206,-0.78626,1.057619,2.597821,19589,32739,13148,19589,0,103.943,0,normal
1780598949.3426557,47.64086319999478,893644,0.056396,-0.054688,1.053223,2.541985,2.068702,-0.671756,1.056148,3.345515,19591,32744,13151,19591,1,103.943,14,normal
1780598949.37317,47.671377399994526,893675,0.04541,0.00293,1.053711,1.343511,2.396947,-0.946565,1.054693,2.906262,19596,32751,13153,19596,0,103.943,1,normal
1780598949.4039721,47.70217970000522,893706,0.055176,-0.05542,1.060059,1.137405,2.389313,-0.633588,1.062939,2.721018,19598,32755,13155,19598,0,103.943,0,normal
1780598949.436569,47.73477660000208,893737,0.063232,-0.01123,1.057129,2.740458,2.847328,-0.59542,1.059078,3.996488,19602,32761,13157,19602,0,103.943,6,normal
1780598949.465784,47.763991700005135,893768,0.03418,-0.028809,1.049561,0.549618,2.824427,-0.717557,1.050512,2.965528,19606,32767,13159,19606,0,103.943,0,normal
1780598949.4969025,47.79511010000715,893799,0.025391,-0.032959,1.057617,1.923664,2.59542,-0.465649,1.058435,3.263972,19608,32771,13161,19608,0,103.943,1,normal
1780598949.5284853,47.82669289999467,893829,0.047852,-0.012695,1.056641,2.358779,3.641221,-0.80916,1.0578,4.413284,19612,32777,13163,19612,0,103.943,6,normal
1780598949.558064,47.85627160000149,893860,0.032959,-0.019531,1.049072,0.778626,2.954198,-0.923664,1.049772,3.191661,19616,32783,13165,19616,0,103.943,0,normal
1780598949.5897942,47.88800170000468,893891,0.054688,-0.044434,1.04541,2.305344,3.48855,-0.274809,1.047782,4.190478,19618,32788,13168,19618,1,104.317,14,normal
1780598949.621802,47.920009699999355,893923,0.039795,-0.028564,1.050049,1.465649,2.954198,-0.694656,1.051191,3.370158,19623,32795,13170,19623,0,104.317,1,normal
1780598949.6523802,47.95058770000469,893954,0.019775,-0.008301,1.060547,1.320611,3.183206,-0.778626,1.060764,3.533139,19625,32799,13172,19625,0,104.317,0,normal
1780598949.6824317,47.98063930000353,893984,0.047852,-0.036133,1.044189,1.946565,2.038168,-0.412214,1.04591,2.848362,19627,32804,13175,19627,1,104.317,14,normal
1780598949.7144446,48.01265210000565,894015,0.04541,-0.041748,1.044678,1.923664,2.48855,-0.419847,1.046497,3.173269,19630,32809,13177,19630,0,104.317,0,normal
1780598949.7457242,48.04393169999821,894047,0.016357,-0.054688,1.05127,1.320611,2.366412,-0.854962,1.052818,2.841633,19632,32813,13179,19632,0,104.317,1,normal
1780598949.777578,48.0757855999982,894078,0.028564,-0.015869,1.049805,2.572519,3.435115,-0.778626,1.050313,4.361665,19635,32818,13181,19635,1,104.317,13,normal
1780598949.8071754,48.10538290000113,894109,0.043945,-0.025879,1.056885,0.664122,2.198473,-0.885496,1.058114,2.461391,19640,32825,13183,19640,0,104.317,0,normal
1780598949.8374655,48.1356730999978,894140,0.02832,-0.027344,1.053955,1.717557,1.992366,-0.961832,1.05469,2.80083,19642,32829,13185,19642,0,104.317,0,normal
1780598949.8677688,48.16597620000539,894170,0.057373,-0.007813,1.051758,2.381679,3.183206,-0.641221,1.05335,4.026954,19644,32832,13186,19644,1,93.19,17,normal
1780598949.8969731,48.19518070000049,894200,0.031006,0.008301,1.042725,1.198473,3.175573,-0.381679,1.043218,3.415594,19649,32839,13188,19649,0,93.19,0,normal
1780598949.9279094,48.22611699999834,894230,0.036621,-0.055176,1.066406,1.29771,2.435115,-1.091603,1.06846,2.967395,19651,32843,13190,19651,0,93.19,0,normal
1780598949.958428,48.25663540000096,894260,0.059814,-0.047363,1.057617,2.282443,2.175573,-0.946565,1.060366,3.29221,19653,32848,13193,19653,1,93.19,14,normal
1780598949.9893503,48.28755779999483,894291,0.041016,0.001709,1.046143,1.458015,2.473282,-0.618321,1.046948,2.936878,19658,32855,13195,19658,0,93.19,0,normal
1780598950.019834,48.31804159999592,894321,0.034424,-0.060791,1.049316,1.343511,2.801527,-0.824427,1.051639,3.214538,19659,32857,13196,19659,0,93.19,5,normal
1780598950.0498672,48.348074599998654,894352,0.058594,-0.043701,1.058838,2.381679,2.656489,-0.458015,1.061358,3.597097,19662,32862,13198,19662,1,93.19,14,normal
1780598950.0822515,48.38045900000725,894383,0.043945,-0.016113,1.055908,0.938931,2.587786,-0.51145,1.056945,2.799966,19667,32869,13200,19667,0,93.19,0,normal
1780598950.1123717,48.41057930000534,894414,0.042969,-0.049805,1.050781,1.824428,2.450382,-0.832061,1.052838,3.166265,19669,32873,13202,19669,0,93.19,0,normal
1780598950.1431096,48.44131720000587,894445,0.059082,0.003906,1.053467,2.763359,3.656489,-0.503817,1.055129,4.610845,19673,32879,13204,19673,0,105.455,6,normal
1780598950.174266,48.47247370000696,894476,0.0354,-0.027832,1.062012,0.931298,2.709924,-1.229008,1.062966,3.117926,19676,32883,13205,19676,0,105.455,6,normal
1780598950.2052238,48.50343130000692,894507,0.050537,-0.046631,1.051758,1.900763,2.732824,-0.70229,1.054003,3.402123,19678,32887,13207,19678,0,105.455,0,normal
1780598950.2374184,48.53562599999714,894538,0.051514,-0.043213,1.063232,1.854962,3.099237,-0.641221,1.065356,3.668422,19683,32893,13208,19683,0,105.455,5,normal
1780598950.2669132,48.56512080000539,894569,0.044678,-0.001465,1.062012,1.412214,3.778626,-0.923664,1.062952,4.138299,19687,32899,13210,19687,0,105.455,1,normal
1780598950.2993445,48.597552100007306,894600,0.045654,-0.032227,1.044922,2.175573,2.824427,-0.664122,1.046415,3.626509,19689,32904,13213,19689,1,105.455,14,normal
1780598950.330388,48.62859570000728,894632,0.023438,-0.019775,1.045166,1.633588,2.541985,-0.900763,1.045616,3.153041,19702,32918,13214,19702,0,105.455,0,normal
1780598950.3616028,48.659810400000424,894663,0.044678,-0.04834,1.047363,0.969466,2.770992,-0.763359,1.04943,3.033311,19704,32922,13216,19704,0,105.455,0,normal
1780598950.3921402,48.69034760000068,894694,0.039307,-0.010254,1.054199,2.534351,2.458015,-0.832061,1.054982,3.627272,19707,32927,13218,19707,1,105.455,14,normal
1780598950.4244974,48.722704800005886,894725,0.024414,0.010742,1.056396,1.038168,2.366412,-0.603053,1.056733,2.653558,19712,32934,13220,19712,0,139.286,0,normal
1780598950.4545143,48.7527218000032,894756,0.044189,-0.054443,1.05835,1.70229,2.19084,-0.847328,1.06067,2.900954,19714,32938,13222,19714,0,139.286,0,normal
1780598950.4857154,48.78392289999465,894787,0.057617,-0.001465,1.056152,2.854962,3.931298,-0.312977,1.057724,4.868662,19718,32944,13224,19718,0,139.286,6,normal
1780598950.5168407,48.81504820000555,894818,0.032471,-0.023926,1.05249,0.458015,2.587786,-0.969466,1.053263,2.801121,19722,32950,13226,19722,0,139.286,1,normal
1780598950.5477254,48.84593300000415,894849,0.043945,-0.04126,1.04834,1.648855,3.374046,-0.526718,1.050071,3.792142,19724,32954,13228,19724,0,139.286,0,normal
1780598950.5792274,48.87743490000139,894880,0.054688,-0.036621,1.052978,1.89313,2.931298,-0.435114,1.055033,3.5165,19729,32960,13229,19729,0,139.286,6,normal
1780598950.610377,48.908584599994356,894911,0.043457,0.016602,1.058106,1.358779,3.007634,-0.679389,1.059128,3.369527,19733,32966,13231,19733,0,139.286,0,normal
1780598950.6403682,48.938575799998944,894942,0.053711,-0.030029,1.052246,1.938931,2.206107,-0.671756,1.054044,3.012908,19735,32971,13234,19735,1,139.286,14,normal
1780598950.6717365,48.96994409999752,894973,0.034668,-0.037598,1.055908,1.427481,2.122137,-1.068702,1.057146,2.771875,19741,32978,13235,19741,0,139.286,1,normal
1780598950.701966,49.00017359999765,895004,0.055176,-0.013428,1.072022,1.503817,3.0,-0.877863,1.073524,3.468733,19743,32982,13237,19743,0,111.111,0,normal
1780598950.7330656,49.03127320000203,895034,0.028076,-0.032227,1.046143,1.870229,2.389313,-0.442748,1.047015,3.066366,19745,32987,13240,19745,1,111.111,14,normal
1780598950.7641985,49.06240599999728,895065,0.022461,-0.013184,1.048096,1.580153,2.061069,-0.687023,1.048419,2.686427,19750,32994,13242,19750,0,111.111,1,normal
1780598950.7953506,49.09355800000776,895097,0.038086,-0.047363,1.049805,1.290076,2.816794,-0.572519,1.051563,3.15062,19752,32998,13244,19752,0,111.111,0,normal
1780598950.8264425,49.124649899997166,895128,0.056885,-0.000244,1.052002,2.343511,2.992366,-0.572519,1.053539,3.843706,19755,33003,13246,19755,1,111.111,14,normal
1780598950.856337,49.15454450000834,895159,0.05127,-0.008057,1.044922,0.938931,3.099237,-0.755725,1.04621,3.325354,19760,33010,13248,19760,0,111.111,0,normal
1780598950.8887308,49.186938400001964,895190,0.052734,-0.039551,1.046143,2.015267,2.916031,-0.946565,1.048217,3.668858,19762,33014,13250,19762,0,111.111,0,normal
1780598950.920419,49.218626600006246,895221,0.068604,-0.020508,1.064209,2.534351,3.328244,-0.80916,1.066615,4.260855,19766,33020,13252,19766,0,111.111,6,normal
1780598950.9510803,49.249287900005584,895253,0.053955,-0.002441,1.054932,1.381679,3.290076,-0.778626,1.056313,3.652383,19770,33026,13254,19770,0,111.111,0,normal
1780598950.98297,49.28117750000092,895284,0.072754,-0.030029,1.057129,2.473282,2.419847,-0.160305,1.060055,3.463883,19772,33031,13257,19772,1,103.571,14,normal
1780598951.0132284,49.311436000003596,895315,0.048584,-0.044434,1.049072,1.503817,2.427481,-0.862595,1.051136,2.982985,19777,33038,13259,19777,0,103.571,0,normal
1780598951.0442846,49.34249219999765,895346,0.027832,-0.016846,1.064453,1.442748,2.580153,-0.885496,1.06495,3.085906,19778,33040,13260,19778,0,103.571,5,normal
1780598951.0762763,49.374483799998416,895377,0.031982,-0.050537,1.044189,1.755725,2.366412,-1.045802,1.045901,3.126688,19780,33045,13263,19780,1,103.571,14,normal
1780598951.1076236,49.40583119999792,895408,0.043457,-0.011963,1.060791,1.274809,2.236641,-0.839695,1.061748,2.707912,19785,33052,13265,19785,0,103.571,0,normal
1780598951.138923,49.437130499994964,895440,0.040771,-0.052979,1.063721,1.465649,2.603053,-1.099237,1.065819,3.183133,19787,33056,13267,19787,0,103.571,0,normal
1780598951.1692793,49.46748680000019,895471,0.038574,0.002197,1.046631,2.366412,3.312977,-0.717557,1.047344,4.13408,19790,33061,13269,19790,1,103.571,13,normal
1780598951.2011027,49.499310300001525,895502,0.032227,-0.018066,1.043701,0.824427,2.389313,-1.030534,1.044355,2.72956,19794,33066,13270,19794,0,103.571,6,normal
1780598951.2323909,49.53059829999984,895533,0.037354,-0.028809,1.055176,1.633588,3.061069,-0.900763,1.05623,3.584707,19796,33070,13272,19796,0,103.571,0,normal
1780598951.262409,49.56061640000553,895564,0.034912,-0.0354,1.053711,2.053435,2.763359,-0.648855,1.054883,3.503393,19800,33076,13274,19800,0,100.0,6,normal
1780598951.292971,49.59117840000545,895595,0.043945,-0.016602,1.053467,0.954198,3.122137,-0.877863,1.054514,3.380662,19804,33082,13276,19804,0,100.0,1,normal
1780598951.3255491,49.623756600005436,895626,0.072998,-0.047607,1.058838,2.022901,2.961832,-0.412214,1.062418,3.610332,19806,33087,13279,19806,1,100.0,14,normal
1780598951.355508,49.65371559999767,895657,0.033691,-0.036621,1.048096,1.51145,2.778626,-0.763359,1.049276,3.253915,19811,33094,13281,19811,0,100.0,0,normal
1780598951.3861053,49.68431290000444,895688,0.043213,-0.008789,1.075439,1.396947,2.961832,-0.694656,1.076343,3.347605,19813,33098,13283,19813,0,100.0,0,normal
1780598951.4171267,49.71533410000848,895718,0.047852,-0.024658,1.049316,2.038168,2.580153,-0.396947,1.050696,3.311931,19815,33103,13286,19815,1,100.0,14,normal
1780598951.447779,49.74598649999825,895749,0.043457,-0.042725,1.052002,1.282443,3.061069,-0.503817,1.053766,3.356878,19820,33110,13288,19820,0,100.0,0,normal
1780598951.4785805,49.77678790000209,895780,0.037354,-0.007324,1.052978,1.450382,3.068702,-0.824427,1.053666,3.492882,19822,33114,13290,19822,0,100.0,0,normal
1780598951.509406,49.80761360000179,895811,0.041016,-0.056396,1.049072,1.48855,2.916031,-0.78626,1.051387,3.367079,19824,33119,13293,19824,1,100.0,14,normal
1780598951.541571,49.83977839999716,895842,0.027832,-0.013916,1.038818,1.450382,2.549618,-0.648855,1.039284,3.004192,19829,33126,13295,19829,0,104.317,1,normal
1780598951.5711374,49.869344899998396,895873,0.021973,-0.060547,1.047852,1.312977,2.564885,-0.480916,1.049829,2.921271,19831,33130,13297,19831,0,104.317,0,normal
1780598951.602608,49.90081550000468,895904,0.051025,0.000977,1.056396,2.129771,3.427481,-0.59542,1.057628,4.07898,19834,33135,13299,19834,1,104.317,14,normal
1780598951.6330624,49.93126990000019,895935,0.041016,-0.009033,1.050781,0.793893,2.908397,-0.832061,1.05162,3.127517,19839,33142,13301,19839,0,104.317,0,normal
1780598951.6652195,49.9634270999959,895966,0.034912,-0.038574,1.054199,1.923664,2.549618,-0.458015,1.055482,3.22658,19841,33146,13303,19841,0,104.317,1,normal
1780598951.6953645,49.99357190000592,895997,0.053711,-0.017822,1.060303,3.160305,3.007634,-0.51145,1.061812,4.392604,19845,33152,13305,19845,0,104.317,6,normal
1780598951.7263536,50.02456109999912,896028,0.035156,-0.031738,1.045654,0.381679,2.916031,-0.916031,1.046726,3.080264,19849,33158,13307,19849,0,104.317,0,normal
1780598951.757255,50.05546260000847,896059,0.031006,-0.044922,1.044434,1.770992,2.801527,-0.442748,1.045859,3.343799,19851,33162,13309,19851,0,104.317,0,normal
1780598951.7888315,50.0870389000047,896090,0.033691,-0.04126,1.053955,1.900763,2.694656,-1.030534,1.0553,3.454862,19856,33168,13310,19856,0,104.317,5,normal
1780598951.8191197,50.117327300002216,896121,0.044922,0.000488,1.057373,1.007634,3.557252,-0.70229,1.058327,3.76332,19860,33174,13312,19860,0,111.111,0,normal
1780598951.8505785,50.1487860000052,896152,0.021729,-0.0271,1.041992,2.122137,2.137405,-0.473282,1.042571,3.048928,19862,33179,13315,19862,1,111.111,14,normal
1780598951.8807278,50.17893520000507,896183,0.023193,-0.02832,1.051514,1.870229,2.465649,-1.0,1.052151,3.252258,19867,33186,13317,19867,0,111.111,0,normal
1780598951.912213,50.2104207000084,896214,0.052979,-0.022217,1.070068,0.839695,2.656489,-1.21374,1.071609,3.038945,19869,33190,13319,19869,0,111.111,0,normal
1780598951.9443214,50.242528800008586,896245,0.046143,-0.050537,1.049316,1.984733,2.236641,-0.854962,1.051546,3.110094,19871,33195,13322,19871,1,111.111,13,normal
1780598951.9751997,50.27340730000287,896276,0.04126,-0.009033,1.051758,1.473282,2.70229,-0.572519,1.052606,3.130608,19876,33202,13324,19876,0,111.111,0,normal
1780598952.0033734,50.30158100000699,896306,0.025879,-0.032715,1.055908,1.0,2.40458,-0.992366,1.056732,2.786898,19878,33206,13326,19878,0,111.111,0,normal
1780598952.0351846,50.33339210000122,896336,0.033691,-0.063721,1.037354,1.366412,2.458015,-0.854962,1.039855,2.939367,19880,33211,13329,19880,1,111.111,14,normal
1780598952.065646,50.36385350000637,896367,0.030273,-0.015381,1.049316,1.610687,2.557252,-0.40458,1.049866,3.049186,19885,33218,13331,19885,0,111.111,1,normal
1780598952.097454,50.3956615000061,896398,0.031738,-0.055908,1.047607,1.236641,2.534351,-1.198473,1.049578,3.064075,19887,33222,13333,19887,0,97.473,0,normal
1780598952.1272588,50.42546640000364,896429,0.032471,0.000244,1.045898,2.610687,3.496183,-0.641221,1.046402,4.410232,19889,33225,13334,19889,1,97.473,16,normal
1780598952.158457,50.456664600002114,896460,0.034424,-0.021484,1.046143,0.740458,2.083969,-0.748092,1.046929,2.334705,19894,33232,13336,19894,0,97.473,0,normal
1780598952.1892984,50.48750580000342,896491,0.04541,-0.027344,1.060059,1.877863,3.091603,-0.954198,1.061383,3.740972,19896,33236,13338,19896,0,97.473,1,normal
1780598952.220105,50.51831250000396,896522,0.05835,-0.007568,1.060303,2.656489,3.343511,-0.679389,1.061934,4.324068,19900,33242,13340,19900,0,97.473,6,normal
1780598952.2518055,50.5500131000008,896553,0.034912,-0.023438,1.053467,0.541985,2.549618,-1.198473,1.054306,2.868909,19904,33248,13342,19904,0,97.473,0,normal
1780598952.2832353,50.58144280000124,896584,0.050049,-0.040771,1.057129,1.770992,2.473282,-0.328244,1.059098,3.059622,19905,33250,13343,19905,0,97.473,5,normal
1780598952.3138957,50.61210329999449,896615,0.056885,-0.039795,1.050537,1.458015,3.122137,-0.89313,1.052828,3.559667,19910,33256,13344,19910,0,97.473,5,normal
1780598952.34389,50.642097400006605,896646,0.063721,-0.004639,1.063721,1.29771,2.992366,-0.78626,1.065638,3.355072,19914,33262,13346,19914,0,97.473,1,normal
1780598952.374946,50.67315360000066,896676,0.055908,-0.023682,1.057861,2.160305,2.954198,-0.717557,1.059602,3.72949,19916,33267,13349,19916,1,104.317,14,normal
1780598952.405792,50.70399950000865,896707,0.030518,-0.043701,1.049316,1.603053,3.061069,-0.977099,1.050669,3.590912,19920,33273,13351,19920,1,104.317,3,normal
1780598952.4360433,50.73425069999939,896738,0.045898,-0.003906,1.062988,1.099237,3.610687,-0.541985,1.063986,3.813021,19922,33276,13352,19922,0,104.317,5,normal
1780598952.46701,50.76521759999741,896768,0.061279,-0.032227,1.061523,1.854962,2.305344,-0.648855,1.063779,3.029275,19924,33281,13355,19924,1,104.317,14,normal
1780598952.4985309,50.79673850000836,896799,0.022949,-0.022705,1.050049,1.732824,2.206107,-0.59542,1.050545,2.867771,19929,33288,13357,19929,0,104.317,1,normal
1780598952.5301037,50.82831110000552,896831,0.026123,-0.046631,1.056396,0.969466,3.183206,-0.549618,1.057748,3.372646,19931,33292,13359,19931,0,104.317,0,normal
1780598952.5608675,50.8590750000003,896862,0.05835,-0.059814,1.048828,2.244275,2.778626,-0.664122,1.052152,3.632986,19933,33297,13362,19933,1,104.317,14,normal
1780598952.5917838,50.88999120000517,896893,0.039062,0.005615,1.050049,1.328244,2.908397,-0.633588,1.05079,3.259515,19937,33302,13363,19937,0,104.317,5,normal
1780598952.6222467,50.920454300008714,896924,0.03125,-0.05957,1.048584,1.526718,2.290076,-0.816794,1.05074,2.87097,19939,33306,13365,19939,0,104.317,0,normal
1780598952.6532648,50.95147230000293,896954,0.037109,-0.004883,1.056396,2.610687,2.526718,-0.778626,1.057059,3.715676,19942,33311,13367,19942,1,93.525,14,normal
1780598952.6826446,50.98085210000863,896985,0.052734,0.005371,1.049316,0.717557,2.48855,-0.877863,1.050654,2.734668,19947,33318,13369,19947,0,93.525,0,normal
1780598952.715287,51.01349450000271,897016,0.050049,-0.037354,1.059814,2.068702,2.19084,-0.862595,1.061653,3.134227,19949,33322,13371,19949,0,93.525,1,normal
1780598952.7447846,51.042992100003175,897047,0.053955,-0.013184,1.063477,2.59542,3.053435,-0.870229,1.064926,4.10085,19953,33328,13373,19953,0,93.525,6,normal
1780598952.7764099,51.07461749999493,897078,0.02832,-0.030762,1.04834,0.59542,2.923664,-1.19084,1.049173,3.212544,19955,33332,13375,19955,0,93.525,0,normal
1780598952.8077471,51.105954600003315,897109,0.059326,-0.03418,1.058594,1.984733,3.366412,-0.526718,1.060806,3.943264,19957,33336,13377,19957,0,93.525,0,normal
1780598952.83869,51.13689750000776,897140,0.046143,-0.051025,1.055908,1.748092,2.740458,-0.687023,1.058147,3.322338,19962,33342,13378,19962,0,93.525,5,normal
1780598952.8691576,51.167365100001916,897171,0.043457,0.010498,1.063232,1.145038,3.625954,-0.59542,1.064172,3.84879,19966,33348,13380,19966,0,93.525,1,normal
1780598952.90015,51.198357700006454,897202,0.036377,-0.040771,1.049805,1.954198,2.183206,-0.51145,1.051226,2.974367,19968,33353,13383,19968,1,93.525,14,normal
1780598952.9326844,51.2308919000061,897233,0.0271,-0.01416,1.052734,1.374046,2.885496,-0.656489,1.053178,3.262678,19972,33358,13384,19972,0,107.527,0,normal
1780598952.9640284,51.26223580000806,897264,0.018066,-0.019531,1.061768,1.236641,2.725191,-1.076336,1.062101,3.180322,19974,33362,13386,19974,0,107.527,0,normal
1780598952.9984682,51.29667569999583,897295,0.024658,-0.051758,1.036865,1.664122,3.045802,-0.389313,1.038449,3.492531,19976,33367,13389,19976,1,107.527,13,normal
1780598953.0253625,51.32356990000699,897326,0.053467,0.000488,1.053467,1.274809,2.793893,-0.396947,1.054823,3.096537,19981,33374,13391,19981,0,107.527,0,normal
1780598953.0563312,51.35453870000492,897357,0.017578,-0.051514,1.046143,1.290076,2.442748,-0.59542,1.047558,2.825923,19983,33378,13393,19983,0,107.527,0,normal
1780598953.0863674,51.38457490000292,897388,0.04248,-0.006104,1.046143,2.320611,3.114504,-0.648855,1.047022,3.937814,19985,33381,13394,19985,1,107.527,16,normal
1780598953.116631,51.41483850000077,897419,0.037109,0.00708,1.053223,0.656489,2.450382,-0.816794,1.0539,2.665052,19990,33388,13396,19990,0,107.527,1,normal
1780598953.1473508,51.44555839999521,897449,0.046631,-0.059326,1.060791,1.572519,2.030534,-1.007634,1.063471,2.758842,19992,33392,13398,19992,0,107.527,1,normal
1780598953.1784945,51.47670199999993,897480,0.039551,-0.005615,1.048828,2.923664,2.900763,-0.603053,1.049589,4.162441,19996,33398,13400,19996,0,107.527,6,normal
1780598953.210054,51.50826149999921,897511,0.03833,-0.018311,1.04126,0.900763,2.633588,-1.053435,1.042126,2.976052,20000,33404,13402,20000,0,100.719,0,normal
1780598953.2405171,51.53872470000351,897542,0.056885,-0.03418,1.049805,1.923664,2.961832,-0.923664,1.0519,3.650492,20001,33406,13403,20001,0,100.719,5,normal
1780598953.2718608,51.57006840000395,897573,0.077393,-0.04126,1.053711,2.465649,2.862595,-0.419847,1.057355,3.801335,20006,33412,13404,20006,0,100.719,5,normal
1780598953.3006158,51.598823299995274,897604,0.062012,0.01123,1.061279,1.335878,3.0,-1.0,1.063149,3.432866,20010,33418,13406,20010,0,100.719,0,normal
1780598953.3322089,51.630416500003776,897634,0.033936,-0.032471,1.057373,2.145038,3.053435,-0.984733,1.058416,3.85932,20012,33422,13408,20012,0,100.719,0,normal
1780598953.3637967,51.6620041999995,897665,0.049561,-0.041504,1.056396,2.40458,3.145038,-0.587786,1.058372,4.002344,20017,33428,13409,20017,0,100.719,6,normal
1780598953.3946826,51.69289010000648,897696,0.045166,0.016602,1.062988,1.229008,3.534351,-0.725191,1.064077,3.811561,20020,33432,13410,20020,0,100.719,5,normal
1780598953.4246137,51.722821200004546,897727,0.04541,-0.018311,1.050049,1.984733,2.59542,-0.358779,1.05119,3.286958,20022,33437,13413,20022,1,100.719,14,normal
1780598953.45712,51.75532739999471,897758,0.04541,-0.044434,1.042725,1.40458,2.068702,-0.900763,1.044658,2.657772,20027,33444,13415,20027,0,100.719,0,normal
1780598953.487235,51.78544259999762,897789,0.045654,-0.02832,1.058838,1.503817,3.038168,-1.007634,1.0602,3.53656,20029,33448,13417,20029,0,104.317,0,normal
1780598953.5181758,51.81638329999987,897819,0.024414,-0.032471,1.043945,1.770992,2.229008,-0.732824,1.044735,2.939714,20031,33453,13420,20031,1,104.317,14,normal
1780598953.5490665,51.84727399999974,897850,0.01709,-0.017578,1.048584,1.519084,1.885496,-0.59542,1.048871,2.493439,20036,33460,13422,20036,0,104.317,1,normal
1780598953.57976,51.87796769999841,897881,0.028809,-0.061768,1.052734,1.320611,2.473282,-1.068702,1.054938,3.000544,20038,33464,13424,20038,0,104.317,1,normal
1780598953.6099887,51.908196100004716,897912,0.052002,-0.054688,1.048584,1.91603,3.519084,-0.70229,1.051296,4.067965,20040,33469,13427,20040,1,104.317,14,normal
1780598953.6406069,51.93881439999677,897943,0.028076,-0.005371,1.053955,1.496183,2.70229,-0.557252,1.054343,3.138704,20045,33476,13429,20045,0,104.317,0,normal
1780598953.671981,51.97018869999738,897973,0.046143,-0.040527,1.056641,1.122137,2.541985,-0.633588,1.058424,2.849967,20047,33480,13431,20047,0,104.317,0,normal
1780598953.7029393,52.00114690000191,898004,0.054932,-0.018066,1.048096,2.435115,3.366412,-1.030534,1.04969,4.280714,20050,33485,13433,20050,1,104.317,14,normal
1780598953.7327032,52.030910800007405,898035,0.054443,0.009521,1.059326,1.007634,3.068702,-0.664122,1.060767,3.297471,20055,33492,13435,20055,0,104.317,0,normal
1780598953.7650518,52.063259300004574,898066,0.062012,-0.058105,1.057373,1.396947,2.366412,-0.526718,1.060782,2.797999,20057,33496,13437,20057,0,101.083,0,normal
1780598953.7943113,52.09251889999723,898097,0.032471,-0.005859,1.061523,2.694656,2.59542,-0.793893,1.062036,3.82461,20061,33502,13439,20061,0,101.083,6,normal
1780598953.8262587,52.12446619999537,898127,0.043213,-0.01709,1.046875,0.946565,2.267176,-1.412214,1.047906,2.833799,20065,33508,13441,20065,0,101.083,1,normal
1780598953.8570979,52.15530549999676,898159,0.033936,-0.026367,1.055908,1.664122,2.946565,-0.267176,1.056782,3.394544,20067,33512,13443,20067,0,101.083,1,normal
1780598953.8894522,52.187659700008226,898190,0.062256,-0.048096,1.059814,2.351145,2.847328,-0.770992,1.06273,3.772213,20072,33518,13444,20072,0,101.083,6,normal
1780598953.9194167,52.21762409999792,898222,0.04834,-0.002686,1.066894,1.51145,3.122137,-0.656489,1.067992,3.530326,20076,33524,13446,20076,0,101.083,0,normal
1780598953.9521294,52.25033700000495,898253,0.026367,-0.034424,1.041504,1.908397,2.099237,-0.70229,1.042406,2.922668,20078,33529,13449,20078,1,101.083,14,normal
1780598953.9820774,52.28028500000073,898284,0.040039,-0.016846,1.052978,1.450382,2.748092,-0.679389,1.053874,3.180752,20084,33536,13450,20084,0,101.083,0,normal
1780598954.01287,52.31107759999577,898315,0.031494,-0.053223,1.051514,1.198473,2.687023,-0.977099,1.053331,3.100186,20086,33540,13452,20086,0,101.083,0,normal
1780598954.0447066,52.342914100008784,898346,0.06543,-0.052979,1.060303,2.045802,2.381679,-0.923664,1.06364,3.272744,20088,33545,13455,20088,1,110.714,14,normal
1780598954.0749497,52.37315719999606,898377,0.055664,-0.00293,1.060791,1.80916,2.625954,-0.335878,1.062254,3.20648,20093,33552,13457,20093,0,110.714,0,normal
1780598954.1062999,52.40450730000157,898408,0.035889,-0.056152,1.05542,1.274809,2.503817,-0.679389,1.057522,2.890641,20095,33556,13459,20095,0,110.714,1,normal
1780598954.1369696,52.43517710000742,898439,0.044922,-0.001221,1.067871,2.343511,3.564885,-0.717557,1.068816,4.326123,20098,33561,13461,20098,1,110.714,13,normal
1780598954.1690655,52.467273100002785,898470,0.046631,-0.025879,1.050537,0.885496,2.48855,-1.015267,1.05189,2.829797,20103,33568,13463,20103,0,110.714,0,normal
1780598954.1992762,52.49748370000452,898501,0.037354,-0.032227,1.05127,1.679389,2.610687,-1.160305,1.052426,3.313962,20105,33572,13465,20105,0,110.714,0,normal
1780598954.230889,52.52909660000296,898532,0.055908,-0.043213,1.053223,2.099237,2.78626,-0.633588,1.05559,3.545627,20110,33578,13466,20110,0,110.714,6,normal
1780598954.2670205,52.565228000006755,898569,0.050049,0.007813,1.060303,1.442748,2.900763,-0.946565,1.061512,3.375194,20114,33584,13468,20114,0,110.714,1,normal
1780598954.2981799,52.59638750000158,898600,0.052979,-0.012939,1.057373,2.312977,3.129771,-0.725191,1.058778,3.958691,20118,33590,13470,20118,0,118.11,6,normal
1780598954.3291016,52.62730910000391,898631,0.043457,-0.031494,1.050537,0.80916,2.816794,-0.969466,1.051907,3.086897,20122,33596,13472,20122,0,118.11,0,normal
1780598954.3610103,52.65921779999917,898662,0.064209,-0.03418,1.059082,2.137405,2.839695,-0.534351,1.061577,3.594148,20124,33600,13474,20124,1,118.11,0,normal
1780598954.3909278,52.6891353999963,898693,0.061523,-0.043457,1.060303,2.167939,2.29771,-0.832061,1.062975,3.266765,20129,33606,13475,20129,0,118.11,5,normal
1780598954.4229262,52.72113370000443,898724,0.06543,0.011475,1.066162,1.274809,3.320611,-0.847328,1.068229,3.656441,20133,33612,13477,20133,0,118.11,1,normal
1780598954.4533122,52.75151970000297,898755,0.034424,-0.030518,1.042236,1.977099,2.076336,-0.473282,1.043251,2.905871,20135,33617,13480,20135,1,118.11,14,normal
1780598954.4847195,52.78292710000824,898786,0.046631,-0.014648,1.060303,1.633588,2.687023,-0.587786,1.061429,3.199093,20140,33624,13482,20140,0,118.11,0,normal
1780598954.515246,52.813453499999014,898818,0.041748,-0.052734,1.057617,1.053435,2.40458,-0.740458,1.059754,2.727638,20142,33628,13484,20142,0,118.11,0,normal
1780598954.5463445,52.84455209999578,898848,0.023193,-0.045898,1.035644,1.778626,2.374046,-0.763359,1.036921,3.063058,20144,33633,13487,20144,1,118.11,14,normal
1780598954.577012,52.87521959999867,898879,0.060059,-0.006836,1.05957,1.748092,2.732824,-0.564886,1.061293,3.292909,20149,33640,13489,20149,0,111.111,0,normal
1780598954.608569,52.90677640000649,898910,0.032227,-0.060791,1.056885,1.229008,2.618321,-0.725191,1.059122,2.98194,20151,33644,13491,20151,0,111.111,0,normal
1780598954.6394768,52.937684200005606,898941,0.040527,-0.00708,1.03833,2.435115,2.625954,-0.572519,1.039145,3.626734,20154,33649,13493,20154,1,111.111,14,normal
1780598954.670284,52.96849149999616,898972,0.03833,-0.023193,1.05542,0.832061,2.679389,-0.969466,1.05637,2.968386,20159,33656,13495,20159,0,111.111,1,normal
1780598954.7007084,52.998915899996064,899003,0.036377,-0.030273,1.055664,1.70229,2.763359,-0.816794,1.056724,3.346804,20161,33660,13497,20161,0,111.111,1,normal
1780598954.7318842,53.030091799999354,899033,0.030029,-0.008057,1.056641,2.885496,3.122137,-0.801527,1.057098,4.326231,20165,33666,13499,20165,0,111.111,6,normal
1780598954.7626922,53.06089969999448,899064,0.04834,-0.027832,1.050049,0.763359,2.51145,-1.19084,1.051529,2.882394,20167,33670,13501,20167,0,111.111,0,normal
1780598954.7942398,53.092447200004244,899095,0.028564,-0.026123,1.046631,1.854962,2.198473,-0.89313,1.047346,3.011951,20169,33674,13503,20169,0,111.111,0,normal
1780598954.8240967,53.12230410000484,899126,0.047852,-0.039795,1.05542,2.030534,3.0,-0.839695,1.057253,3.718623,20173,33680,13505,20173,0,111.111,5,normal
1780598954.855372,53.15357940000831,899157,0.054932,-0.036133,1.064697,1.030534,2.885496,-1.122137,1.066726,3.263017,20177,33686,13507,20177,0,100.719,0,normal
1780598954.8858771,53.18408459999773,899188,0.06665,-0.022461,1.054688,2.114504,2.450382,-0.70229,1.05703,3.311904,20179,33691,13510,20179,1,100.719,14,normal
1780598954.9184294,53.21663690000423,899219,0.040771,-0.042236,1.054443,1.854962,2.603053,-0.778626,1.056076,3.289837,20181,33695,13512,20181,1,100.719,3,normal
1780598954.9521265,53.25033409999742,899250,0.054688,0.000977,1.063965,1.236641,3.320611,-0.900763,1.06537,3.656106,20184,33700,13514,20184,0,100.719,0,normal
1780598954.979033,53.27724060000037,899281,0.025146,-0.030518,1.041992,1.778626,2.389313,-0.854962,1.042742,3.098917,20186,33705,13517,20186,1,100.719,13,normal
1780598955.010638,53.30884559999686,899312,0.045166,-0.015381,1.055664,1.374046,2.389313,-0.671756,1.056742,2.836913,20192,33712,13518,20192,0,100.719,1,normal
1780598955.0421546,53.340362100003404,899344,0.022461,-0.054688,1.051025,1.305344,2.587786,-1.030534,1.052687,3.076128,20194,33716,13520,20194,0,100.719,0,normal
1780598955.0731494,53.37135699999635,899375,0.055908,-0.009766,1.064941,2.679389,3.183206,-0.290076,1.066453,4.17086,20196,33719,13521,20196,1,100.719,16,normal
1780598955.1039338,53.40214140000171,899405,0.050781,-0.007324,1.048584,1.21374,2.473282,-0.427481,1.049838,2.788016,20201,33726,13523,20201,0,100.719,1,normal
1780598955.133873,53.432080600003246,899436,0.041504,-0.057373,1.053467,1.221374,2.641221,-0.671756,1.055844,2.98648,20203,33730,13525,20203,0,93.19,1,normal
1780598955.1651056,53.46331310000096,899467,0.040283,-0.000732,1.045898,2.633588,3.305344,-0.427481,1.046674,4.247802,20206,33735,13527,20206,1,93.19,14,normal
1780598955.195927,53.49413449999702,899498,0.02832,-0.025635,1.043701,0.412214,2.694656,-0.862595,1.0444,2.859224,20211,33742,13529,20211,0,93.19,0,normal
1780598955.2266924,53.52490000000398,899528,0.068604,-0.051514,1.060059,1.473282,2.473282,-1.08397,1.063524,3.076146,20213,33746,13531,20213,0,93.19,0,normal
1780598955.2578292,53.556036800000584,899559,0.040039,-0.01001,1.052978,2.755725,2.625954,-0.717557,1.053787,3.87357,20217,33752,13533,20217,0,93.19,5,normal
1780598955.2884333,53.58664080000017,899590,0.045898,-0.037598,1.057129,0.717557,2.717557,-0.877863,1.058793,2.944596,20221,33758,13535,20221,0,93.19,0,normal
1780598955.319584,53.61779150000075,899621,0.026367,-0.033203,1.037354,2.099237,3.167939,-0.442748,1.03822,3.82605,20223,33762,13537,20223,0,93.19,0,normal
1780598955.3495843,53.64779180000187,899652,0.036377,-0.043457,1.05127,1.969466,2.419847,-0.908397,1.052796,3.24956,20227,33768,13539,20227,0,93.19,6,normal
1780598955.3803,53.67850760000874,899682,0.043457,-0.021729,1.062012,1.19084,3.114504,-0.938931,1.063122,3.464076,20231,33774,13541,20231,0,93.19,1,normal
1780598955.4120524,53.71026000000711,899713,0.037842,-0.036865,1.056152,2.21374,3.358779,-0.625954,1.057473,4.0711,20233,33779,13544,20233,1,108.303,14,normal
1780598955.4440713,53.74227869999595,899745,0.033203,-0.033936,1.052246,1.496183,2.679389,-0.587786,1.053317,3.124609,20238,33786,13546,20238,0,108.303,0,normal
1780598955.4744778,53.772685400006594,899776,0.05249,-0.023438,1.068115,1.923664,2.763359,-1.068702,1.069661,3.532529,20240,33790,13548,20240,0,108.303,0,normal
1780598955.505125,53.80333249999967,899807,0.048828,-0.057373,1.046631,1.519084,2.793893,-0.48855,1.049339,3.217474,20242,33795,13551,20242,1,108.303,14,normal
1780598955.5371668,53.83537430000433,899838,0.036377,-0.012939,1.041748,1.541985,2.564885,-0.366412,1.042463,3.015064,20247,33802,13553,20247,0,108.303,1,normal
1780598955.5677829,53.86599030000798,899869,0.053467,-0.058594,1.057861,1.320611,3.030534,-0.610687,1.060831,3.361709,20249,33806,13555,20249,0,108.303,0,normal
1780598955.5982327,53.896440199998324,899900,0.044189,0.000244,1.050293,2.541985,3.374046,-0.534351,1.051222,4.258098,20252,33811,13557,20252,1,108.303,14,normal
1780598955.6295402,53.92774780000036,899931,0.049561,-0.015869,1.038818,0.839695,2.763359,-0.725191,1.040121,2.977774,20257,33818,13559,20257,0,108.303,1,normal
1780598955.6603072,53.95851460000267,899962,0.039795,-0.047607,1.050781,1.671756,2.633588,-0.389313,1.052612,3.143583,20259,33822,13561,20259,0,108.303,1,normal
1780598955.6918929,53.99010039999848,899993,0.051758,-0.02124,1.061523,2.48855,3.061069,-0.48855,1.062997,3.975136,20263,33828,13563,20263,0,107.143,6,normal
1780598955.7229202,54.02112770000531,900024,0.023926,-0.025635,1.049316,0.854962,3.015267,-1.152672,1.049902,3.339378,20267,33834,13565,20267,0,107.143,0,normal
1780598955.7539046,54.052112100005616,900055,0.020752,-0.032471,1.056396,1.89313,3.061069,-0.519084,1.057099,3.636417,20269,33839,13568,20269,1,107.143,14,normal
1780598955.7847116,54.08291919999465,900086,0.047607,-0.037354,1.054932,1.969466,2.900763,-1.099237,1.056666,3.674445,20273,33844,13569,20273,0,107.143,5,normal
1780598955.8140612,54.11226870000246,900117,0.047607,0.004395,1.061768,1.183206,3.40458,-0.938931,1.062843,3.724612,20277,33850,13571,20277,0,107.143,0,normal
1780598955.845807,54.14401469999575,900147,0.057373,-0.039551,1.049316,2.022901,2.717557,-1.160305,1.051628,3.580999,20279,33855,13574,20279,1,107.143,14,normal
1780598955.8769436,54.17515120000462,900178,0.03833,-0.044678,1.048096,1.648855,2.534351,-0.954198,1.049748,3.170513,20284,33862,13576,20284,0,107.143,0,normal
1780598955.9074273,54.20563490000495,900209,0.035156,-0.01123,1.056152,1.183206,3.40458,-0.557252,1.056797,3.647146,20286,33866,13578,20286,0,107.143,1,normal
1780598955.9386728,54.23688039999979,900240,0.019043,-0.04541,1.047119,1.748092,2.343511,-0.839695,1.048276,3.041867,20288,33871,13581,20288,1,107.143,13,normal
1780598955.9707768,54.26898419999634,900271,0.024658,-0.01123,1.047852,1.236641,2.122137,-0.748092,1.048202,2.567565,20293,33878,13583,20293,0,107.914,1,normal
1780598956.0017211,54.29992869999842,900303,0.037842,-0.064209,1.052246,1.19084,2.694656,-0.78626,1.054882,3.049176,20295,33882,13585,20295,0,107.914,0,normal
1780598956.0324767,54.330684200002,900334,0.036133,-0.000488,1.054443,2.603053,3.51145,-0.541985,1.055062,4.404534,20298,33887,13587,20298,1,107.914,14,normal
1780598956.0637825,54.36198990000412,900365,0.041016,-0.022949,1.052246,0.832061,2.877863,-0.847328,1.053295,3.11326,20303,33894,13589,20303,0,107.914,1,normal
1780598956.0943663,54.39257389999693,900396,0.054932,-0.039551,1.056152,1.80916,2.564885,-0.740458,1.058319,3.224899,20305,33898,13591,20305,0,107.914,0,normal
1780598956.1263728,54.42458030000853,900427,0.041016,-0.033203,1.061279,2.068702,2.496183,-0.801527,1.06259,3.339596,20309,33904,13593,20309,0,107.914,6,normal
1780598956.1572633,54.45547080000688,900459,0.044922,0.009033,1.065186,1.19084,3.083969,-1.175572,1.066171,3.508694,20313,33910,13595,20313,0,107.914,0,normal
1780598956.1885984,54.4868060000008,900490,0.043945,-0.022949,1.048828,2.358779,2.160305,-0.526718,1.049999,3.241634,20315,33915,13598,20315,1,107.914,14,normal
1780598956.2205434,54.51875099999597,900521,0.04126,-0.011475,1.050537,1.801527,2.312977,-0.854962,1.05141,3.053903,20321,33922,13599,20321,0,112.0,0,normal
1780598956.2526019,54.55080939999607,900553,0.04541,-0.058594,1.053223,1.229008,2.900763,-0.709924,1.055828,3.229378,20323,33926,13601,20323,0,112.0,0,normal
1780598956.2827828,54.58099040000525,900584,0.058105,-0.03833,1.052246,2.519084,2.984733,-0.732824,1.054546,3.973845,20325,33931,13604,20325,1,112.0,14,normal
1780598956.312852,54.61105950000638,900615,0.039551,-0.000244,1.044434,1.389313,3.122137,-0.519084,1.045182,3.456498,20328,33936,13606,20328,0,112.0,1,normal
1780598956.3437617,54.64196930000617,900645,0.032227,-0.059326,1.060303,1.244275,2.419847,-0.931298,1.06245,2.875969,20330,33940,13608,20330,0,112.0,0,normal
1780598956.3748913,54.67309890000615,900676,0.045654,-0.007324,1.052734,2.366412,3.312977,-0.40458,1.053749,4.091382,20333,33945,13610,20333,1,112.0,14,normal
1780598956.4051225,54.703330000003916,900707,0.03833,-0.008057,1.05542,0.633588,2.908397,-0.870229,1.056146,3.10121,20338,33952,13612,20338,0,112.0,0,normal
1780598956.4370508,54.73525840000366,900738,0.048828,-0.051758,1.055176,1.679389,2.427481,-1.129771,1.057572,3.1606,20340,33956,13614,20340,0,112.0,0,normal
1780598956.46761,54.76581749999605,900769,0.041748,-0.008789,1.058594,2.717557,3.557252,-0.442748,1.059453,4.498354,20343,33960,13615,20343,0,112.0,6,normal
1780598956.498144,54.796351400000276,900800,0.053223,-0.036865,1.056641,0.351145,2.274809,-0.916031,1.058622,2.477331,20347,33966,13617,20347,0,93.19,0,normal
1780598956.5304742,54.82868180000514,900831,0.047363,-0.04126,1.054199,1.931298,2.625954,-1.122137,1.056069,3.447425,20349,33970,13619,20349,0,93.19,0,normal
1780598956.5602489,54.858456300004036,900862,0.02124,-0.040771,1.04834,1.687023,2.564885,-0.916031,1.049347,3.203716,20354,33976,13620,20354,0,93.19,5,normal
1780598956.5915754,54.88978300000599,900893,0.053711,-0.000732,1.067383,0.877863,3.473282,-0.862595,1.068734,3.684889,20358,33982,13622,20358,0,93.19,1,normal
1780598956.622895,54.92110249999678,900924,0.047119,-0.040527,1.054932,2.19084,2.259542,-0.801527,1.056761,3.247731,20359,33985,13624,20359,1,93.19,17,normal
1780598956.6532073,54.95141490000242,900955,0.044922,-0.041504,1.046875,1.91603,1.984733,-0.824427,1.04866,2.879239,20364,33992,13626,20364,0,93.19,0,normal
1780598956.6852193,54.98342689999845,900986,0.044678,-0.028564,1.066162,1.358779,2.648855,-1.10687,1.06748,3.176141,20366,33996,13628,20366,0,93.19,0,normal
1780598956.7155697,55.0137773000024,901017,0.038574,-0.061523,1.051025,1.396947,2.717557,-0.832061,1.053531,3.166844,20368,34001,13631,20368,1,93.19,14,normal
1780598956.7469785,55.045186000003014,901048,0.055176,-0.007568,1.044678,1.541985,2.679389,-0.396947,1.046161,3.116795,20373,34008,13633,20373,0,93.19,0,normal
1780598956.7776313,55.0758388999966,901079,0.023682,-0.057861,1.047852,1.351145,2.59542,-0.59542,1.049715,2.986021,20374,34010,13634,20374,0,96.774,6,normal
1780598956.8082917,55.10649920000287,901110,0.052979,-0.009766,1.060547,2.251908,2.580153,-0.625954,1.061914,3.481393,20377,34015,13636,20377,1,96.774,14,normal
1780598956.8399568,55.13816420000512,901141,0.037109,-0.023926,1.047607,0.709924,2.977099,-0.572519,1.048538,3.113662,20382,34022,13638,20382,0,96.774,1,normal
1780598956.8714964,55.16970389999915,901172,0.035645,-0.039307,1.059814,2.007634,3.083969,-0.969466,1.061142,3.805433,20384,34026,13640,20384,0,96.774,1,normal
1780598956.902473,55.20068059999903,901203,0.067383,-0.029297,1.066406,2.206107,3.435115,-0.625954,1.068935,4.130223,20388,34032,13642,20388,0,96.774,6,normal
1780598956.9337611,55.231968599997344,901235,0.052002,0.000977,1.062012,1.274809,3.229008,-0.961832,1.063284,3.602326,20391,34036,13643,20391,0,96.774,6,normal
1780598956.9646873,55.2628948000056,901266,0.051758,-0.023682,1.057373,2.19084,1.778626,-1.038168,1.058904,3.006839,20393,34041,13646,20393,1,96.774,14,normal
1780598956.9952426,55.29344999999739,901297,0.0354,-0.053467,1.049316,1.435114,2.045802,-1.0,1.051274,2.691627,20399,34048,13647,20399,0,96.774,1,normal
1780598957.0255778,55.32378520000202,901327,0.045898,-0.009277,1.063965,1.091603,2.740458,-1.015267,1.064995,3.119691,20401,34052,13649,20401,0,96.774,0,normal
1780598957.0570054,55.35521290000179,901358,0.030518,-0.041992,1.041016,2.152672,2.175573,-0.610687,1.042309,3.120906,20403,34057,13652,20403,1,103.943,14,normal
1780598957.0883782,55.38658580000629,901389,0.016602,-0.018066,1.045166,1.992366,2.885496,-0.748092,1.045454,3.585422,20414,34069,13653,20414,0,103.943,0,normal
1780598957.120453,55.41866029999801,901421,0.025879,-0.050781,1.053223,1.656489,2.221374,-0.89313,1.054764,2.91138,20416,34073,13655,20416,0,103.943,1,normal
1780598957.1505084,55.44871599999897,901452,0.05957,-0.013672,1.05542,2.267176,3.282443,-0.656489,1.057188,4.042956,20419,34078,13657,20419,1,103.943,14,normal
1780598957.1826153,55.48082290000457,901483,0.037842,-0.008057,1.046387,0.870229,2.465649,-0.442748,1.047102,2.651933,20424,34085,13659,20424,0,103.943,0,normal
1780598957.2128959,55.51110329999938,901514,0.030518,-0.061523,1.046875,1.305344,2.458015,-0.656489,1.049125,2.8595,20426,34089,13661,20426,0,103.943,0,normal
1780598957.2446837,55.542891300006886,901545,0.057373,-0.015381,1.056396,2.824427,3.419847,-0.664122,1.058065,4.484842,20430,34095,13663,20430,0,103.943,5,normal
1780598957.275537,55.57374459999846,901577,0.044678,-0.002686,1.070801,1.21374,3.022901,-0.824427,1.071736,3.360175,20434,34101,13665,20434,0,103.943,0,normal
1780598957.3071232,55.60533069999656,901608,0.058838,-0.035645,1.059814,1.91603,1.816794,-0.503817,1.062045,2.688074,20436,34106,13668,20436,1,132.0,14,normal
1780598957.337736,55.63594330000342,901639,0.020996,-0.033691,1.055664,1.519084,2.122137,-1.030534,1.05641,2.805902,20441,34113,13670,20441,0,132.0,0,normal
1780598957.3687198,55.66692740000144,901670,0.045898,-0.014648,1.067627,1.40458,3.083969,-0.740458,1.068713,3.468716,20443,34117,13672,20443,0,132.0,1,normal
1780598957.3999255,55.69813289999729,901701,0.027832,-0.047363,1.034424,1.763359,2.229008,-0.969466,1.035882,3.002961,20445,34122,13675,20445,1,132.0,13,normal
1780598957.4305644,55.72877190000145,901732,0.04248,-0.01709,1.049561,1.618321,2.007634,-0.519084,1.050559,2.6304,20451,34129,13676,20451,0,132.0,1,normal
1780598957.4620798,55.76028719999886,901763,0.046143,-0.062256,1.055908,1.236641,2.496183,-1.038168,1.058748,2.972878,20453,34133,13678,20453,0,132.0,0,normal
1780598957.4933586,55.7915662000014,901794,0.05835,-0.030029,1.059814,2.320611,3.038168,-1.099237,1.061844,3.977942,20455,34138,13681,20455,1,132.0,14,normal
1780598957.5229545,55.82116200000746,901825,0.053955,0.008545,1.058594,1.519084,2.282443,-0.839695,1.060002,2.867446,20460,34145,13683,20460,0,132.0,0,normal
1780598957.5533705,55.85157810000237,901855,0.028564,-0.055176,1.066406,1.290076,2.557252,-1.099237,1.068215,3.067924,20462,34149,13685,20462,0,132.0,0,normal
1780598957.5853894,55.88359690000652,901886,0.035156,0.001465,1.045898,2.557252,2.618321,-0.763359,1.04649,3.738697,20465,34154,13687,20465,1,104.317,14,normal
1780598957.615471,55.91367829999945,901917,0.030518,-0.015625,1.042725,0.931298,2.938931,-0.679389,1.043288,3.156929,20470,34161,13689,20470,0,104.317,1,normal
1780598957.6478713,55.94607869999891,901948,0.028076,-0.030029,1.049561,1.984733,2.366412,-0.801527,1.050365,3.190849,20472,34165,13691,20472,0,104.317,1,normal
1780598957.6772895,55.975496900005965,901979,0.059814,-0.003418,1.054443,2.526718,3.671756,-0.587786,1.056144,4.49573,20476,34171,13693,20476,0,104.317,6,normal
1780598957.707871,56.00607859999582,902009,0.048828,-0.038574,1.053223,0.587786,2.694656,-0.770992,1.055059,2.863755,20480,34177,13695,20480,0,104.317,0,normal
1780598957.7383995,56.036607100002584,902040,0.046631,-0.018799,1.065918,1.648855,3.328244,-0.732824,1.067103,3.78589,20482,34181,13697,20482,0,104.317,0,normal
1780598957.7690213,56.06722890000674,902070,0.046387,0.000244,1.062744,2.717557,3.221374,-0.633588,1.063756,4.261901,20486,34187,13699,20486,0,104.317,5,normal
1780598957.8007636,56.0989711000002,902101,0.029053,-0.03418,1.047119,0.671756,2.885496,-0.778626,1.04808,3.063266,20490,34193,13701,20490,0,104.317,0,normal
1780598957.831344,56.12955130000773,902132,0.047607,-0.036621,1.050781,1.908397,3.007634,-0.725191,1.052496,3.635071,20492,34197,13703,20492,0,104.317,0,normal
1780598957.862589,56.160796299998765,902163,0.036621,-0.038818,1.055176,1.961832,2.847328,-0.687023,1.056524,3.525346,20497,34203,13704,20497,0,115.523,6,normal
1780598957.8926764,56.19088379999448,902194,0.056885,-0.009521,1.057861,1.335878,3.251908,-0.229008,1.059432,3.523056,20501,34209,13706,20501,0,115.523,1,normal
1780598957.9236598,56.22186740000325,902225,0.029297,-0.034912,1.038574,1.938931,1.969466,-0.763359,1.039574,2.867223,20503,34214,13709,20503,1,115.523,14,normal
1780598957.9553077,56.253515200005495,902256,0.033447,-0.033447,1.061523,1.549618,2.335878,-0.793893,1.062577,2.913402,20507,34219,13710,20507,0,115.523,6,normal
1780598957.9866,56.284807400006684,902287,0.046387,-0.012939,1.068604,1.282443,2.450382,-1.038168,1.069688,2.95412,20509,34223,13712,20509,0,115.523,0,normal
1780598958.029755,56.32796260000032,902318,0.030273,-0.058105,1.044922,1.374046,2.358779,-1.198473,1.046974,2.981305,20511,34228,13715,20511,1,115.523,14,normal
1780598958.0471344,56.34534189999977,902349,0.047852,-0.009033,1.048828,1.442748,2.633588,-0.725191,1.049958,3.089209,20516,34235,13717,20516,0,115.523,1,normal
1780598958.0804682,56.37867570000526,902380,0.031494,-0.060059,1.049805,1.259542,2.480916,-0.89313,1.051993,2.922169,20518,34239,13719,20518,0,115.523,0,normal
1780598958.1094532,56.40766070000245,902411,0.049561,-0.022461,1.043945,2.290076,3.312977,-0.618321,1.045362,4.074628,20521,34244,13721,20521,1,115.523,14,normal
1780598958.1410363,56.439243700006045,902442,0.043945,-0.02417,1.041504,1.076336,2.519084,-0.839695,1.042711,2.8652,20524,34249,13723,20524,0,96.774,1,normal
1780598958.1727653,56.47097270000086,902473,0.041748,-0.029785,1.051514,1.641221,2.503817,-0.709924,1.052763,3.0768,20526,34253,13725,20526,0,96.774,1,normal
1780598958.2029564,56.501164000001154,902504,0.056885,-0.004883,1.060059,2.381679,3.435115,-0.740458,1.061595,4.245078,20530,34259,13727,20530,0,96.774,6,normal
1780598958.2342653,56.53247289999854,902535,0.0354,-0.037354,1.053223,0.839695,2.687023,-0.801527,1.054479,2.92705,20534,34265,13729,20534,0,96.774,0,normal
1780598958.2659874,56.564194799997495,902566,0.057617,-0.042725,1.064453,2.305344,2.984733,-0.541985,1.066867,3.810116,20536,34270,13732,20536,1,96.774,14,normal
1780598958.295584,56.59379159999662,902597,0.054443,-0.046387,1.065918,1.587786,2.519084,-0.458015,1.068315,3.012744,20540,34275,13733,20540,0,96.774,5,normal
1780598958.3264832,56.62469080000301,902628,0.044189,0.005859,1.0625,1.015267,3.526718,-0.572519,1.063435,3.714335,20544,34281,13735,20544,0,96.774,0,normal
1780598958.3585768,56.65678430000844,902658,0.041016,-0.021973,1.043945,2.068702,2.80916,-0.480916,1.044982,3.521674,20546,34286,13738,20546,1,96.774,14,normal
1780598958.3879917,56.68619930000568,902689,0.020996,-0.039551,1.043701,1.374046,2.21374,-0.977099,1.044661,2.782691,20551,34293,13740,20551,0,96.774,0,normal
1780598958.4199371,56.71814460000314,902720,0.052002,-0.012451,1.058594,1.435114,3.641221,-0.717557,1.059943,3.979062,20553,34297,13742,20553,0,104.317,1,normal
1780598958.449881,56.748088699998334,902751,0.030518,-0.037842,1.044678,2.0,2.198473,-0.877863,1.045808,3.09902,20555,34302,13745,20555,1,104.317,14,normal
1780598958.481484,56.77969140000641,902782,0.026123,-0.016113,1.049805,1.442748,2.381679,-0.89313,1.050253,2.924312,20561,34309,13746,20561,0,104.317,0,normal
1780598958.5112965,56.80950410000514,902813,0.022949,-0.050781,1.050781,1.244275,2.480916,-0.78626,1.052258,2.884678,20563,34313,13748,20563,0,104.317,0,normal
1780598958.5426779,56.84088530000008,902844,0.052734,-0.041504,1.046143,2.259542,2.755725,-0.564886,1.048293,3.608136,20565,34318,13751,20565,1,104.317,13,normal
1780598958.5734715,56.871679000003496,902875,0.032471,-0.013184,1.047852,1.0,2.778626,-0.694656,1.048437,3.033696,20570,34325,13753,20570,0,104.317,0,normal
1780598958.6040835,56.90229110000655,902905,0.051514,-0.052734,1.05249,1.526718,2.656489,-0.59542,1.055069,3.12127,20572,34329,13755,20572,0,104.317,0,normal
1780598958.6354725,56.933680000001914,902936,0.057861,0.000732,1.044678,2.526718,2.816794,-0.801527,1.046279,3.867955,20575,34334,13757,20575,1,104.317,14,normal
1780598958.665548,56.96375560000888,902967,0.051025,-0.018066,1.056152,0.900763,2.946565,-0.961832,1.057538,3.227808,20580,34341,13759,20580,0,104.317,1,normal
1780598958.698184,56.99639159999788,902998,0.040527,-0.018799,1.053467,1.793893,3.007634,-0.465649,1.054414,3.532809,20582,34345,13761,20582,0,104.317,0,normal
1780598958.7290907,57.027298100001644,903030,0.05127,-0.035889,1.054199,1.923664,2.648855,-0.824427,1.056055,3.375884,20586,34351,13763,20586,0,104.317,6,normal
1780598958.7606337,57.05884120000701,903061,0.071777,-0.009521,1.064453,0.954198,3.343511,-0.885496,1.066913,3.587989,20590,34357,13765,20590,0,104.317,0,normal
1780598958.790892,57.0890994000074,903092,0.071045,-0.026123,1.059082,2.320611,2.633588,-0.671756,1.061784,3.573832,20592,34362,13768,20592,1,104.317,14,normal
1780598958.8231916,57.12139909999678,903123,0.033936,-0.023193,1.057129,1.396947,2.534351,-0.618321,1.057928,2.959175,20597,34369,13770,20597,0,104.317,0,normal
1780598958.854426,57.1526334000082,903155,0.012451,-0.045654,1.056152,1.236641,2.274809,-0.977099,1.057212,2.767446,20599,34373,13772,20599,0,104.317,0,normal
1780598958.8850977,57.18330530000094,903186,0.043701,-0.050049,1.053955,1.992366,3.541985,-0.755725,1.056047,4.133558,20601,34378,13775,20601,1,104.317,14,normal
1780598958.9147367,57.21294420000049,903217,0.03125,-0.000488,1.052978,1.282443,2.793893,-0.442748,1.053442,3.105885,20606,34385,13777,20606,0,104.317,1,normal
1780598958.945841,57.24404849999701,903247,0.044189,-0.05957,1.054932,1.755725,2.282443,-1.183206,1.057536,3.113212,20608,34389,13779,20608,0,104.317,0,normal
1780598958.9764054,57.27461300000141,903278,0.047363,-0.001465,1.043213,2.503817,3.251908,-0.938931,1.044288,4.210178,20611,34394,13781,20611,1,103.571,14,normal
1780598959.0078907,57.306098300003214,903309,0.052979,-0.002441,1.051025,0.78626,2.89313,-1.068702,1.052363,3.182849,20616,34401,13783,20616,0,103.571,0,normal
1780598959.0425158,57.34072330000345,903340,0.0354,-0.054932,1.050293,1.877863,2.450382,-0.664122,1.052324,3.157815,20617,34403,13784,20617,0,103.571,5,normal
1780598959.0702384,57.36844580000616,903371,0.061035,-0.009033,1.055664,2.282443,3.854962,-0.603053,1.057466,4.520393,20621,34409,13786,20621,0,103.571,6,normal
1780598959.1012712,57.399478599996655,903402,0.036133,-0.029541,1.057861,0.526718,2.870229,-1.152672,1.05889,3.137562,20625,34415,13788,20625,0,103.571,0,normal
1780598959.1326356,57.43084319999616,903433,0.034912,-0.03125,1.050781,2.251908,3.267176,-0.473282,1.051825,3.996189,20627,34420,13791,20627,1,103.571,14,normal
1780598959.1638646,57.46207209999557,903464,0.050781,-0.041016,1.048096,1.89313,2.946565,-0.89313,1.050126,3.614397,20631,34425,13792,20631,0,103.571,5,normal
1780598959.1936653,57.491872900005546,903495,0.046143,0.015625,1.053711,1.290076,3.267176,-0.580153,1.054836,3.56024,20634,34429,13793,20634,0,103.571,6,normal
1780598959.2261744,57.52438180000172,903526,0.031006,-0.032715,1.044189,2.022901,3.282443,-0.435114,1.045162,3.880191,20636,34434,13796,20636,1,103.571,14,normal
1780598959.2569776,57.555185100005474,903558,0.04541,-0.009766,1.051514,1.496183,1.885496,-0.59542,1.052539,2.479553,20641,34441,13798,20641,0,107.143,0,normal
1780598959.2888322,57.58703969999624,903589,0.040771,-0.051025,1.051758,1.412214,2.480916,-0.824427,1.053784,2.971359,20643,34445,13800,20643,0,107.143,1,normal
1780598959.3182852,57.61649280000711,903620,0.060791,-0.02832,1.050049,2.450382,2.59542,-0.885496,1.052188,3.677591,20646,34450,13802,20646,1,107.143,13,normal
1780598959.3511071,57.64931459999934,903651,0.049805,0.00708,1.047363,1.068702,2.534351,-0.832061,1.048571,2.873567,20650,34455,13803,20650,0,107.143,6,normal
1780598959.3805227,57.678730200001155,903682,0.037842,-0.057373,1.050537,1.984733,2.183206,-0.984733,1.052783,3.110507,20652,34459,13805,20652,0,107.143,0,normal
1780598959.4120848,57.710292300005676,903713,0.064941,-0.001709,1.056152,2.51145,3.587786,-0.832061,1.058148,4.457793,20656,34465,13807,20656,0,107.143,5,normal
1780598959.4432533,57.741460799996275,903744,0.044189,-0.029297,1.057129,0.442748,3.030534,-0.839695,1.058458,3.175728,20660,34471,13809,20660,0,107.143,0,normal
1780598959.4746656,57.772873199995956,903775,0.025391,-0.022217,1.051758,2.21374,2.847328,-0.519084,1.052299,3.643813,20662,34475,13811,20662,0,107.143,0,normal
1780598959.505497,57.80370449999464,903806,0.064209,-0.046875,1.06543,1.931298,3.022901,-0.580153,1.068392,3.633788,20667,34481,13812,20667,0,107.143,6,normal
1780598959.5352454,57.83345289999852,903837,0.050293,0.010742,1.062012,1.29771,3.717557,-0.755725,1.063256,4.009414,20669,34485,13814,20669,0,100.358,1,normal
1780598959.5667055,57.864912999997614,903867,0.057861,-0.036377,1.061523,2.068702,2.900763,-0.381679,1.063721,3.583244,20671,34490,13817,20671,1,100.358,14,normal
1780598959.5985634,57.89677099999972,903899,0.016602,-0.0354,1.044434,1.572519,2.687023,-0.748092,1.045165,3.20196,20676,34497,13819,20676,0,100.358,0,normal
1780598959.6292348,57.9274424000032,903930,0.043701,-0.017822,1.057129,1.374046,2.977099,-0.824427,1.058182,3.380947,20678,34501,13821,20678,0,100.358,0,normal
1780598959.661077,57.95928450000065,903961,0.024658,-0.040039,1.046875,1.503817,2.648855,-0.709924,1.04793,3.127601,20680,34506,13824,20680,1,100.358,14,normal
1780598959.6919777,57.99018530000467,903992,0.034668,-0.019043,1.051025,1.59542,2.610687,-0.59542,1.051769,3.116982,20683,34511,13826,20683,0,100.358,0,normal
1780598959.7222674,58.02047499999753,904023,0.045166,-0.058838,1.052246,1.183206,2.618321,-0.656489,1.054857,2.947297,20685,34515,13828,20685,0,100.358,0,normal
1780598959.754381,58.05258839999442,904054,0.040283,0.006348,1.046631,2.564885,2.862595,-1.175572,1.047425,4.019336,20688,34520,13830,20688,1,100.358,14,normal
1780598959.7843006,58.082508100007544,904085,0.034668,-0.010254,1.048828,0.732824,2.778626,-0.732824,1.049451,2.965607,20693,34527,13832,20693,0,100.358,1,normal
1780598959.8157105,58.11391800000274,904116,0.029297,-0.04541,1.053467,1.984733,2.549618,-1.030534,1.054852,3.391418,20695,34531,13834,20695,0,93.19,1,normal
1780598959.8524957,58.15070320000814,904153,0.041504,-0.019287,1.054199,2.167939,2.961832,-0.427481,1.055192,3.695287,20701,34539,13836,20701,0,93.19,0,normal
1780598959.8828535,58.18106109999644,904184,0.050537,-0.04248,1.045166,1.793893,2.480916,-0.847328,1.047249,3.176628,20703,34543,13838,20703,0,93.19,0,normal
1780598959.9152586,58.213466200002586,904215,0.04126,0.007324,1.051758,2.679389,3.59542,-0.671756,1.052592,4.53403,20707,34549,13840,20707,0,93.19,5,normal
1780598959.943909,58.24211649999779,904244,0.050537,-0.018066,1.054199,0.778626,2.633588,-0.580153,1.055564,2.806888,20711,34555,13842,20711,0,93.19,0,normal
1780598959.9737608,58.27196830000321,904275,0.045898,-0.054199,1.05957,1.458015,2.152672,-0.824427,1.061948,2.727542,20713,34559,13844,20713,0,93.19,0,normal
1780598960.0041347,58.30234209999617,904306,0.052979,0.0,1.062256,2.923664,2.961832,-0.946565,1.063576,4.268049,20717,34565,13846,20717,0,93.19,6,normal
1780598960.0342677,58.33247530000517,904336,0.039307,-0.001465,1.041504,1.045802,2.427481,-0.931298,1.042246,2.802442,20721,34571,13848,20721,0,93.19,1,normal
1780598960.065266,58.36347330000717,904367,0.005371,-0.016602,1.045166,2.076336,2.351145,-0.816794,1.045312,3.241328,20723,34575,13850,20723,0,111.554,1,normal
1780598960.095796,58.39400359999854,904397,0.064209,0.005615,1.054443,2.549618,3.374046,-0.603053,1.056411,4.271816,20727,34581,13852,20727,0,111.554,6,normal
1780598960.1269789,58.425186399996164,904428,0.061768,-0.030518,1.06543,0.900763,2.793893,-1.030534,1.067655,3.111144,20731,34587,13854,20731,0,111.554,0,normal
1780598960.1589592,58.457166599997436,904459,0.018311,-0.016846,1.049805,1.854962,3.045802,-0.679389,1.0501,3.630339,20733,34591,13856,20733,0,111.554,0,normal
1780598960.1902041,58.48841160000302,904490,0.067627,-0.04834,1.058106,1.465649,3.053435,-1.122137,1.061366,3.568023,20738,34597,13857,20738,0,111.554,7,normal
1780598960.2210486,58.51925610000035,904522,0.064697,-0.001709,1.069092,1.251908,3.694656,-0.908397,1.071049,4.005364,20741,34601,13858,20741,0,111.554,6,normal
1780598960.2526712,58.550878800000646,904553,0.039795,-0.036377,1.047119,2.022901,2.961832,-0.465649,1.048506,3.616823,20743,34606,13861,20743,1,111.554,14,normal
1780598960.2839863,58.58219380000082,904584,0.031494,-0.012939,1.043945,1.259542,2.198473,-0.755725,1.0445,2.644022,20748,34613,13863,20748,0,111.554,1,normal
1780598960.3157716,58.613979100002325,904616,0.016846,-0.052734,1.05835,1.320611,2.839695,-0.755725,1.059796,3.221646,20750,34617,13865,20750,0,111.554,1,normal
1780598960.3461788,58.644386400002986,904647,0.028564,-0.019531,1.042236,2.755725,3.0,-0.78626,1.042811,4.148762,20753,34622,13867,20753,1,107.143,14,normal
1780598960.377339,58.67554630000086,904678,0.032715,0.002686,1.040527,0.78626,2.396947,-0.541985,1.041045,2.580175,20758,34629,13869,20758,0,107.143,0,normal
1780598960.4085183,58.70672580000246,904709,0.016602,-0.019531,1.049316,1.847328,2.251908,-0.778626,1.049629,3.014958,20760,34633,13871,20760,0,107.143,1,normal
1780598960.4394479,58.73765550000826,904740,0.041504,-0.006592,1.050537,2.923664,3.068702,-0.564886,1.051377,4.275961,20764,34639,13873,20764,0,107.143,6,normal
1780598960.470944,58.76915150000423,904771,0.032959,-0.028564,1.043213,0.458015,3.045802,-0.755725,1.044124,3.171404,20768,34645,13875,20768,0,107.143,0,normal
1780598960.5024629,58.80067029999918,904802,0.052246,-0.039062,1.047363,2.236641,3.19084,-0.564886,1.049393,3.9374,20770,34650,13878,20770,1,107.143,14,normal
1780598960.5329719,58.83117930000299,904834,0.031982,-0.040527,1.048828,1.396947,2.465649,-0.854962,1.050098,2.960041,20775,34657,13880,20775,0,107.143,1,normal
1780598960.56438,58.86258739999903,904865,0.035645,-0.014893,1.0625,1.450382,3.381679,-0.885496,1.063202,3.784636,20777,34661,13882,20777,0,107.143,1,normal
1780598960.596128,58.89433540000755,904895,0.040039,-0.032959,1.048828,2.045802,2.351145,-0.656489,1.050109,3.18499,20779,34666,13885,20779,1,107.143,14,normal
1780598960.6249285,58.92313599999761,904926,0.039062,-0.037842,1.046875,1.419847,2.519084,-0.832061,1.048287,3.008999,20784,34673,13887,20784,0,111.111,0,normal
1780598960.655394,58.9536017000064,904957,0.022705,-0.025635,1.063721,1.175572,3.0,-0.557252,1.064272,3.269939,20786,34677,13889,20786,0,111.111,1,normal
1780598960.6866233,58.98483090000809,904987,0.041748,-0.041016,1.043701,1.954198,2.748092,-0.564886,1.045341,3.419064,20788,34682,13892,20788,1,111.111,13,normal
1780598960.7174735,59.015681000004406,905018,0.049072,-0.015381,1.04834,1.442748,2.374046,-0.572519,1.0496,2.83644,20793,34689,13894,20793,0,111.111,0,normal
1780598960.749589,59.04779650000273,905050,0.033203,-0.059326,1.044189,1.603053,2.496183,-0.938931,1.0464,3.11164,20795,34693,13896,20795,0,111.111,0,normal
1780598960.7792315,59.077439000000595,905081,0.050049,-0.009277,1.047363,2.458015,3.541985,-0.496183,1.048599,4.33978,20798,34698,13898,20798,1,111.111,14,normal
1780598960.8104894,59.1086970000033,905112,0.054688,-0.026611,1.053711,0.641221,2.145038,-1.0,1.055465,2.45201,20803,34705,13900,20803,0,111.111,0,normal
1780598960.8417134,59.13992090000829,905142,0.025146,-0.05127,1.051758,1.80916,2.274809,-0.755725,1.053307,3.003155,20805,34709,13902,20805,0,111.111,0,normal
1780598960.8715024,59.16970990000118,905173,0.053223,-0.005371,1.054443,2.328244,3.770992,-0.572519,1.055799,4.468656,20809,34715,13904,20809,0,111.111,5,normal
1780598960.9032187,59.20142630000191,905204,0.029297,-0.025879,1.043701,0.435114,2.992366,-0.954198,1.044433,3.170816,20813,34721,13906,20813,0,104.317,1,normal
1780598960.9338408,59.23204820000683,905235,0.027588,-0.022217,1.049316,1.900763,2.763359,-0.793893,1.049914,3.446639,20815,34725,13908,20815,0,104.317,0,normal
1780598960.9648366,59.26304420000815,905266,0.056152,-0.041748,1.053467,2.045802,3.221374,-0.625954,1.055788,3.867088,20820,34731,13909,20820,0,104.317,6,normal
1780598960.9962163,59.29442390000622,905297,0.053223,0.004395,1.054199,1.175572,3.778626,-0.763359,1.055551,4.030224,20822,34735,13911,20822,0,104.317,1,normal
1780598961.0422456,59.34045309999783,905327,0.047607,-0.037354,1.056396,2.48855,2.671756,-0.396947,1.058128,3.6727,20824,34740,13914,20824,1,104.317,13,normal
1780598961.0579123,59.356119899995974,905358,0.042725,-0.046387,1.057373,1.580153,2.832061,-0.78626,1.059252,3.337013,20828,34745,13915,20828,0,104.317,6,normal
1780598961.088798,59.38700560000143,905389,0.041016,-0.013428,1.06543,1.183206,3.694656,-0.839695,1.066303,3.969326,20832,34751,13917,20832,0,104.317,0,normal
1780598961.119806,59.418013600006816,905420,0.030029,-0.045166,1.042725,1.679389,2.40458,-0.732824,1.044134,3.023142,20834,34756,13920,20834,1,104.317,14,normal
1780598961.151015,59.44922260000021,905451,0.03418,-0.01709,1.061523,1.396947,2.10687,-0.618321,1.062211,2.602438,20837,34761,13922,20837,0,104.317,0,normal
1780598961.1816437,59.47985119999794,905482,0.052246,-0.037842,1.063477,0.977099,2.580153,-1.007634,1.065431,2.937216,20839,34765,13924,20839,0,93.525,0,normal
1780598961.2128017,59.5110091999959,905513,0.043213,-0.031006,1.057129,2.045802,3.137405,-0.992366,1.058466,3.874713,20841,34770,13927,20841,1,93.525,14,normal
1780598961.2422833,59.54049090000626,905544,0.046143,0.008545,1.060547,1.335878,2.152672,-0.564886,1.061585,2.5957,20846,34777,13929,20846,0,93.525,1,normal
1780598961.2745996,59.572807000004104,905575,0.052002,-0.056885,1.047363,1.290076,1.847328,-1.030534,1.050195,2.477684,20848,34781,13931,20848,0,93.525,0,normal
1780598961.3051689,59.6033763000014,905606,0.050781,-0.010742,1.056885,2.816794,2.59542,-0.89313,1.058158,3.932965,20851,34785,13932,20851,0,93.525,6,normal
1780598961.336672,59.63487959999475,905637,0.053711,-0.039551,1.051758,0.687023,3.053435,-0.992366,1.053871,3.28333,20855,34791,13934,20855,0,93.525,1,normal
1780598961.3677847,59.665992299997015,905668,0.042236,-0.027588,1.051514,1.877863,2.351145,-0.48855,1.052723,3.048431,20857,34795,13936,20857,0,93.525,1,normal
1780598961.3985426,59.69675020000432,905699,0.036377,-0.044189,1.051025,1.732824,2.801527,-0.870229,1.052583,3.40713,20862,34801,13937,20862,0,93.525,6,normal
1780598961.4295037,59.727711100000306,905730,0.063965,0.01001,1.060547,1.198473,3.022901,-0.870229,1.062521,3.366239,20866,34807,13939,20866,0,93.525,0,normal
1780598961.4606588,59.75886640000681,905761,0.058594,-0.033691,1.056641,2.083969,2.694656,-0.541985,1.0588,3.449326,20868,34812,13942,20868,1,103.943,14,normal
1780598961.491812,59.7900193999958,905792,0.035645,-0.043945,1.049072,1.694656,1.938931,-0.778626,1.050597,2.690274,20873,34819,13944,20873,0,103.943,0,normal
1780598961.523201,59.821408600008,905823,0.047119,-0.013428,1.061035,1.374046,3.572519,-0.89313,1.062166,3.930468,20875,34823,13946,20875,0,103.943,0,normal
1780598961.5534313,59.85163889999967,905854,0.040771,-0.069092,1.049561,1.412214,2.770992,-0.816794,1.052622,3.215571,20877,34828,13949,20877,1,103.943,14,normal
1780598961.5849414,59.88314890000038,905885,0.060303,-0.022705,1.059082,1.503817,2.160305,-1.076336,1.06104,2.843744,20882,34835,13951,20882,0,103.943,1,normal
1780598961.6158965,59.91410399999586,905916,0.014404,-0.046143,1.051025,1.564886,2.396947,-0.824427,1.052136,2.978909,20884,34839,13953,20884,0,103.943,0,normal
1780598961.6460164,59.944223900005454,905947,0.041504,-0.006104,1.056641,2.610687,2.351145,-0.694656,1.057473,3.581357,20887,34844,13955,20887,1,103.943,14,normal
1780598961.6782088,59.97641630000726,905978,0.042725,-0.020508,1.055908,0.671756,1.931298,-1.312977,1.056971,2.430036,20891,34849,13956,20891,0,103.943,5,normal
1780598961.7078655,60.00607289999607,906009,0.037598,-0.033447,1.060547,1.870229,2.709924,-1.015267,1.06174,3.445608,20893,34853,13958,20893,0,103.943,1,normal
1780598961.7396219,60.037829499997315,906040,0.027344,-0.004639,1.056396,2.366412,3.335878,-0.89313,1.05676,4.186367,20897,34859,13960,20897,0,103.943,6,normal
1780598961.7704828,60.068690400003106,906071,0.050781,-0.031006,1.051758,0.51145,3.351145,-0.908397,1.053439,3.50955,20901,34865,13962,20901,0,103.943,0,normal
1780598961.8019512,60.10015880000719,906102,0.05249,-0.036865,1.058106,2.267176,2.961832,-0.59542,1.060048,3.777176,20903,34870,13965,20903,1,103.943,14,normal
1780598961.8336208,60.13182840000081,906134,0.027832,-0.036377,1.050781,1.320611,2.267176,-0.931298,1.051779,2.784136,20908,34877,13967,20908,0,103.943,1,normal
1780598961.8650982,60.16330569999991,906165,0.054688,-0.015381,1.067627,1.274809,2.625954,-0.977099,1.069137,3.07823,20910,34881,13969,20910,0,103.943,0,normal
1780598961.8943584,60.192565899997135,906196,0.041992,-0.065918,1.049805,1.526718,2.251908,-0.801527,1.05271,2.836266,20912,34886,13972,20912,1,103.943,14,normal
1780598961.9257977,60.22400519999792,906227,0.060791,-0.01709,1.056641,1.541985,2.541985,-0.70229,1.058526,3.054933,20917,34893,13974,20917,0,103.943,1,normal
1780598961.957505,60.25571250000212,906258,0.032471,-0.055908,1.061035,1.519084,2.381679,-0.801527,1.063003,2.936402,20919,34897,13976,20919,0,103.943,0,normal
1780598961.9888825,60.28708999999799,906289,0.039795,-0.00708,1.057129,2.427481,2.251908,-0.671756,1.057901,3.378611,20922,34902,13978,20922,1,103.943,14,normal
1780598962.0230389,60.32124629999453,906320,0.046387,-0.029053,1.052734,0.541985,2.259542,-1.122137,1.054156,2.580401,20927,34909,13980,20927,0,107.143,1,normal
1780598962.0510862,60.34929379999812,906351,0.049316,-0.036133,1.062256,1.954198,2.541985,-1.122137,1.064014,3.397024,20929,34913,13982,20929,0,107.143,1,normal
1780598962.0824473,60.38065479999932,906382,0.056641,-0.037598,1.061523,2.038168,3.10687,-0.687023,1.063698,3.778726,20933,34919,13984,20933,0,107.143,6,normal
1780598962.1120486,60.41025610000361,906413,0.052246,-0.032471,1.058838,0.541985,2.916031,-1.198473,1.060623,3.198956,20937,34925,13986,20937,0,107.143,0,normal
1780598962.1446795,60.44288709999819,906444,0.065674,-0.037354,1.050537,2.022901,2.725191,-0.885496,1.05325,3.507548,20939,34930,13989,20939,1,107.143,14,normal
1780598962.175697,60.473904700003914,906476,0.021729,-0.032471,1.051758,1.419847,2.671756,-0.839695,1.052483,3.139958,20944,34937,13991,20944,0,107.143,0,normal
1780598962.2071028,60.50531029999547,906507,0.06543,-0.011963,1.062256,1.549618,2.847328,-0.824427,1.064336,3.344888,20946,34941,13993,20946,0,107.143,0,normal
1780598962.237259,60.535466500004986,906538,0.040527,-0.059814,1.040283,1.671756,2.603053,-0.450382,1.042789,3.126259,20948,34946,13996,20948,1,107.143,14,normal
1780598962.2697852,60.56799260000116,906569,0.043945,-0.013428,1.05835,1.557252,1.969466,-0.603053,1.059347,2.582151,20952,34951,13997,20952,0,107.143,5,normal
1780598962.2998593,60.59806669999671,906600,0.039551,-0.059082,1.053467,1.534351,2.206107,-0.916031,1.055863,2.839058,20954,34955,13999,20954,0,96.429,0,normal
1780598962.3282778,60.62648530000297,906631,0.03125,-0.00708,1.046875,2.29771,2.778626,-0.725191,1.047365,3.67779,20957,34960,14001,20957,1,96.429,14,normal
1780598962.3596144,60.65782200000831,906660,0.036377,-0.014404,1.052246,1.557252,2.320611,-0.671756,1.052973,2.874287,20962,34967,14003,20962,0,96.429,1,normal
1780598962.3907137,60.688921299995854,906691,0.019775,-0.044922,1.055664,1.732824,2.564885,-0.748092,1.056804,3.184487,20964,34971,14005,20964,0,96.429,0,normal
1780598962.420783,60.718990599998506,906722,0.030762,-0.00415,1.050781,2.450382,2.778626,-0.832061,1.05124,3.797033,20967,34976,14007,20967,1,96.429,14,normal
1780598962.452009,60.75021640000341,906753,0.029541,-0.017334,1.040772,0.648855,2.236641,-0.793893,1.041335,2.460456,20970,34981,14009,20970,0,96.429,0,normal
1780598962.48362,60.78182740000193,906784,0.049316,-0.039307,1.052246,1.954198,2.580153,-0.694656,1.054134,3.310382,20972,34985,14011,20972,0,96.429,1,normal
1780598962.514418,60.81262549999519,906815,0.037354,-0.00415,1.049561,2.229008,2.435115,-0.801527,1.050233,3.397161,20976,34991,14013,20976,0,96.429,6,normal
1780598962.5453715,60.843579100008355,906846,0.025879,-0.029785,1.046387,0.458015,2.824427,-1.183206,1.04713,3.096312,20980,34997,14015,20980,0,96.429,0,normal
1780598962.5768917,60.8750990999979,906877,0.042236,-0.03833,1.05249,2.389313,2.984733,-0.717557,1.054034,3.89003,20982,35002,14018,20982,1,101.083,14,normal
1780598962.608161,60.90636860000086,906908,0.060791,-0.045654,1.05957,1.793893,2.854962,-0.877863,1.062294,3.484179,20986,35007,14019,20986,0,101.083,5,normal
1780598962.638881,60.93708859999606,906939,0.039307,-0.000488,1.068359,1.625954,3.938931,-0.465649,1.069082,4.286693,20990,35013,14021,20990,0,101.083,0,normal
1780598962.6698222,60.96802970000135,906970,0.023438,-0.032227,1.0354,2.274809,2.48855,-0.748092,1.036167,3.453589,20992,35018,14024,20992,1,101.083,14,normal
1780598962.7016683,60.999875900000916,907001,0.027588,-0.023682,1.047119,1.267176,2.229008,-0.694656,1.04775,2.656456,20997,35025,14026,20997,0,101.083,1,normal
1780598962.7318816,61.03008920000866,907033,0.004395,-0.054199,1.052734,1.267176,2.580153,-0.778626,1.054138,2.978117,20999,35029,14028,20999,0,101.083,1,normal
1780598962.7640126,61.062220100007835,907064,0.046875,-0.03418,1.054199,2.251908,2.824427,-0.664122,1.055794,3.672811,21002,35034,14030,21002,1,101.083,14,normal
1780598962.7941575,61.092365000004065,907095,0.034424,-0.012451,1.03418,0.770992,2.29771,-0.778626,1.034827,2.545616,21007,35041,14032,21007,0,101.083,0,normal
1780598962.8257365,61.123944100007066,907126,0.038574,-0.03125,1.046875,1.854962,2.633588,-0.824427,1.048052,3.325109,21008,35043,14033,21008,0,101.083,5,normal
1780598962.8566706,61.15487820000271,907157,0.027832,0.003662,1.046387,2.450382,3.763359,-1.10687,1.046763,4.625192,21012,35049,14035,21012,0,107.143,6,normal
1780598962.8882134,61.186421000005794,907188,0.019775,-0.033691,1.045166,0.282443,2.473282,-1.251908,1.045896,2.786427,21016,35055,14037,21016,0,107.143,0,normal
1780598962.9191847,61.21739220000745,907219,0.033691,-0.02832,1.05127,2.48855,2.351145,-0.725191,1.05219,3.499523,21018,35060,14040,21018,1,107.143,14,normal
1780598962.9493523,61.24755970000115,907250,0.048096,-0.040527,1.056152,1.89313,2.832061,-0.694656,1.058023,3.476645,21022,35065,14041,21022,0,107.143,6,normal
1780598962.9797487,61.277956200006884,907281,0.055664,-0.00708,1.064697,1.847328,3.259542,-0.305344,1.066175,3.759052,21026,35071,14043,21026,0,107.143,0,normal
1780598963.0104976,61.30870510000386,907312,0.008545,-0.029785,1.046387,1.938931,2.076336,-0.618321,1.046845,2.907395,21028,35076,14046,21028,1,107.143,14,normal
1780598963.0426497,61.34085720000439,907343,0.019043,-0.016846,1.048096,1.152672,2.328244,-0.625954,1.048404,2.672301,21033,35083,14048,21033,0,107.143,1,normal
1780598963.0861022,61.38430980000703,907374,0.037598,-0.016602,1.065918,1.137405,2.641221,-0.89313,1.06671,3.011216,21035,35087,14050,21035,0,107.143,0,normal
1780598963.1039693,61.40217679999478,907404,0.05835,-0.056152,1.053711,1.770992,2.694656,-0.977099,1.056818,3.369319,21037,35092,14053,21037,1,107.143,14,normal
1780598963.1346722,61.43287980000605,907435,0.054443,-0.024658,1.054688,1.564886,2.305344,-0.526718,1.05638,2.835649,21042,35099,14055,21042,0,107.914,0,normal
1780598963.164652,61.46285959999659,907466,0.027832,-0.068115,1.050537,1.29771,2.778626,-0.725191,1.053111,3.151304,21044,35103,14057,21044,0,107.914,1,normal
1780598963.1953378,61.4935453000071,907496,0.038086,-0.051025,1.04834,1.885496,2.770992,-0.816794,1.050272,3.449731,21046,35108,14060,21046,1,107.914,14,normal
1780598963.2264528,61.52466039999854,907527,0.0271,0.00415,1.053467,1.343511,2.618321,-0.641221,1.053824,3.011942,21051,35115,14062,21051,0,107.914,0,normal
1780598963.2568095,61.55501710000681,907558,0.021484,-0.054688,1.056396,1.541985,2.442748,-0.725191,1.058029,2.978361,21053,35119,14064,21053,0,107.914,0,normal
1780598963.2882407,61.58644830000412,907589,0.035645,-0.008057,1.044678,2.145038,3.129771,-0.51145,1.045317,3.828608,21056,35124,14066,21056,1,107.914,13,normal
1780598963.3190536,61.617261200008215,907620,0.061768,-0.015869,1.049561,0.419847,2.572519,-1.061069,1.051496,2.814248,21061,35131,14068,21061,0,107.914,0,normal
1780598963.3503797,61.64858720000484,907651,0.008789,-0.020264,1.044922,2.137405,2.366412,-0.687023,1.045155,3.261963,21063,35135,14070,21063,0,107.914,0,normal
1780598963.3824956,61.68070310000621,907682,0.0354,-0.028564,1.05542,1.839695,3.183206,-0.679389,1.0564,3.73883,21067,35141,14072,21067,0,107.914,5,normal
1780598963.4125962,61.710803800000576,907713,0.034424,-0.037354,1.048828,1.076336,3.160305,-0.885496,1.050058,3.454002,21070,35145,14073,21070,0,100.719,6,normal
1780598963.4436436,61.74185120000038,907744,0.04541,-0.02417,1.044189,1.91603,2.465649,-0.519084,1.045456,3.165446,21072,35150,14076,21072,1,100.719,14,normal
1780598963.4761438,61.77435140000307,907775,0.023926,-0.042236,1.04126,1.633588,2.679389,-0.633588,1.042391,3.201432,21078,35157,14077,21078,0,100.719,0,normal
1780598963.5065665,61.80477400000382,907807,0.049072,-0.011719,1.067871,1.305344,2.717557,-0.862595,1.069062,3.135779,21080,35161,14079,21080,0,100.719,1,normal
1780598963.536418,61.83462550000695,907838,0.03833,-0.049561,1.043701,1.847328,2.908397,-0.80916,1.04558,3.539228,21082,35166,14082,21082,1,100.719,14,normal
1780598963.567408,61.865615700007766,907868,0.028809,-0.011719,1.048828,1.732824,1.80916,-1.129771,1.049289,2.748113,21086,35171,14083,21086,0,100.719,6,normal
1780598963.5986624,61.89686989999609,907899,0.018066,-0.053467,1.051514,0.984733,2.610687,-0.916031,1.053027,2.93675,21088,35175,14085,21088,0,100.719,0,normal
1780598963.6292627,61.92747029999737,907930,0.05835,-0.050537,1.045654,2.305344,3.068702,-0.580153,1.0485,3.881768,21091,35180,14087,21091,1,100.719,13,normal
1780598963.660206,61.9584135000041,907961,0.050781,-0.009033,1.039551,0.885496,2.679389,-1.114504,1.04083,3.034032,21096,35187,14089,21096,0,100.719,0,normal
1780598963.6914499,61.98965750000207,907992,0.051025,-0.042969,1.048828,1.328244,2.305344,-0.908397,1.050947,2.81141,21098,35191,14091,21098,0,100.358,0,normal
1780598963.723271,62.0214782999974,908023,0.054932,-0.003418,1.047119,2.198473,3.343511,-0.587786,1.048565,4.044483,21102,35197,14093,21102,0,100.358,5,normal
1780598963.75428,62.05248769999889,908054,0.047852,-0.031982,1.050781,0.618321,2.458015,-1.076336,1.052356,2.753662,21104,35201,14095,21104,0,100.358,0,normal
1780598963.7850587,62.08326630000374,908085,0.033691,-0.039307,1.044189,2.099237,2.343511,-0.465649,1.045472,3.180514,21106,35205,14097,21106,0,100.358,0,normal
1780598963.816159,62.1143665999989,908116,0.041992,-0.042969,1.053467,2.160305,2.419847,-0.687023,1.055179,3.315808,21111,35211,14098,21111,0,100.358,5,normal
1780598963.8468866,62.145094200008316,908148,0.043457,0.000732,1.068848,1.801527,3.206107,-0.473282,1.069731,3.707913,21115,35217,14100,21115,0,100.358,1,normal
1780598963.8789666,62.17717419999826,908179,0.04248,-0.041992,1.056641,1.610687,2.671756,-0.770992,1.058328,3.213568,21117,35222,14103,21117,1,100.358,14,normal
1780598963.9093912,62.207598599998164,908210,0.024658,-0.01416,1.048584,1.366412,2.259542,-0.748092,1.048969,2.744495,21122,35229,14105,21122,0,100.358,0,normal
1780598963.9405813,62.23878889999469,908241,0.017578,-0.053711,1.055908,1.221374,2.198473,-0.854962,1.057419,2.656313,21124,35233,14107,21124,0,100.358,1,normal
1780598963.9713652,62.26957269999548,908272,0.049805,-0.043457,1.044678,2.358779,3.633588,-0.366412,1.046767,4.347534,21127,35238,14109,21127,1,103.571,13,normal
1780598964.0017283,62.299935700008064,908303,0.041748,-0.008789,1.04541,0.740458,2.587786,-0.969466,1.04628,2.860906,21132,35245,14111,21132,0,103.571,0,normal
1780598964.0337343,62.331941900003585,908334,0.030762,-0.047852,1.046631,1.633588,2.564885,-0.526718,1.048176,3.086208,21134,35249,14113,21134,0,103.571,0,normal
1780598964.0638175,62.3620249999949,908365,0.049072,-0.008789,1.05835,2.244275,3.572519,-0.618321,1.059523,4.264034,21138,35255,14115,21138,0,103.571,5,normal
1780598964.0954037,62.39361120000831,908396,0.045654,-0.031006,1.059326,0.740458,2.694656,-1.320611,1.060763,3.090868,21142,35261,14117,21142,0,103.571,0,normal
1780598964.1266596,62.42486719999579,908427,0.026367,-0.037598,1.047607,2.259542,2.503817,-0.59542,1.048613,3.424785,21143,35263,14118,21143,0,103.571,5,normal
1780598964.1577864,62.455993800002034,908458,0.026123,-0.037598,1.052002,1.694656,2.770992,-1.091603,1.052998,3.426639,21148,35269,14119,21148,0,103.571,5,normal
1780598964.1888707,62.48707820000709,908489,0.052734,-0.004883,1.065186,1.419847,2.832061,-0.778626,1.066501,3.26233,21152,35275,14121,21152,0,103.571,1,normal
1780598964.2201633,62.518370799996774,908520,0.016113,-0.0354,1.04834,2.015267,2.374046,-0.603053,1.049061,3.171919,21154,35280,14124,21154,1,103.571,14,normal
1780598964.2503555,62.54856290000316,908551,0.026123,-0.020752,1.052246,1.221374,2.381679,-1.0,1.052775,2.857298,21160,35287,14125,21160,0,118.28,0,normal
1780598964.280403,62.57861050000065,908581,0.044922,-0.00415,1.059814,1.473282,3.458015,-0.625954,1.060774,3.810545,21162,35291,14127,21162,0,118.28,0,normal
1780598964.312383,62.61059039999964,908612,0.026855,-0.040039,1.045654,1.900763,2.534351,-0.801527,1.046765,3.267764,21164,35296,14130,21164,1,118.28,13,normal
1780598964.3423536,62.64056100000744,908643,0.049805,-0.015381,1.053711,1.358779,2.526718,-0.51145,1.055,2.914132,21170,35303,14131,21170,0,118.28,1,normal
1780598964.3745222,62.6727297000034,908675,0.027588,-0.05249,1.043213,1.51145,2.244275,-0.862595,1.044897,2.839951,21172,35307,14133,21172,0,118.28,0,normal
1780598964.4054527,62.70366020000074,908706,0.053711,-0.011475,1.051758,2.305344,2.900763,-0.778626,1.053191,3.786198,21175,35312,14135,21175,1,118.28,14,normal
1780598964.4377563,62.735963800005266,908737,0.039551,-0.03418,1.049561,0.610687,2.763359,-0.656489,1.050862,2.90518,21180,35319,14137,21180,0,118.28,0,normal
1780598964.4684417,62.7666492999997,908768,0.045166,-0.026855,1.056152,1.854962,2.603053,-0.908397,1.057459,3.322944,21182,35323,14139,21182,0,118.28,0,normal
1780598964.4991207,62.797328200002084,908799,0.053955,-0.020508,1.06543,2.045802,2.763359,-0.549618,1.066992,3.481887,21186,35329,14141,21186,0,118.28,5,normal
1780598964.5293279,62.8275355000078,908830,0.043945,-0.034912,1.063477,1.061069,2.916031,-1.160305,1.064957,3.312916,21190,35335,14143,21190,0,107.527,1,normal
1780598964.560919,62.85912660000031,908861,0.050781,-0.028076,1.052734,2.038168,2.740458,-0.320611,1.054332,3.43031,21192,35340,14146,21192,1,107.527,14,normal
1780598964.5917025,62.889910099998815,908893,0.027832,-0.01123,1.046387,1.40458,2.59542,-0.412214,1.046817,2.97976,21198,35347,14147,21198,0,107.527,0,normal
1780598964.6222858,62.92049340000085,908923,0.056152,-0.004883,1.056885,1.633588,2.992366,-0.816794,1.058387,3.505712,21200,35351,14149,21200,0,107.527,1,normal
1780598964.6543481,62.95255570000154,908954,0.037598,-0.043213,1.05127,1.770992,2.519084,-0.954198,1.052829,3.22377,21202,35356,14152,21202,1,107.527,14,normal
1780598964.6844943,62.98270180000691,908985,0.042236,-0.00708,1.054199,1.748092,2.389313,-0.969466,1.055069,3.115205,21208,35363,14153,21208,0,107.527,0,normal
1780598964.7168093,63.015016799996374,909016,0.040527,-0.063721,1.051758,1.099237,2.068702,-0.862595,1.054465,2.496382,21209,35365,14154,21209,0,107.527,5,normal
1780598964.7468824,63.04508999999962,909047,0.055908,-0.050293,1.049316,2.320611,2.610687,-0.877863,1.052008,3.601606,21212,35370,14156,21212,1,107.527,14,normal
1780598964.7780104,63.07621780000045,909078,0.045654,-0.024414,1.053223,0.580153,2.450382,-0.648855,1.054494,2.600377,21217,35377,14158,21217,0,107.527,0,normal
1780598964.810277,63.108484399999725,909110,0.030029,-0.028809,1.051514,1.725191,2.778626,-0.610687,1.052337,3.327159,21219,35381,14160,21219,0,103.571,0,normal
1780598964.8403382,63.13854580000043,909141,0.031982,-0.016357,1.061523,1.732824,2.854962,-0.969466,1.062131,3.47755,21223,35387,14162,21223,0,103.571,5,normal
1780598964.8720713,63.170278899997356,909172,0.040527,-0.032715,1.056885,1.061069,2.900763,-0.969466,1.058167,3.237307,21226,35391,14163,21226,0,103.571,5,normal
1780598964.9038274,63.202034900008584,909203,0.032227,-0.022949,1.053955,2.114504,2.51145,-0.755725,1.054697,3.368921,21228,35396,14166,21228,1,103.571,14,normal
1780598964.9423034,63.24051089999557,909235,0.036621,-0.007568,1.051025,1.625954,2.320611,-0.755725,1.05169,2.93259,21233,35403,14168,21233,0,103.571,0,normal
1780598964.9666255,63.264832900007605,909266,0.033447,-0.017822,1.06543,1.061069,3.167939,-0.862595,1.066104,3.450474,21235,35407,14170,21235,0,103.571,1,normal
1780598964.996085,63.29429249999521,909297,0.061523,-0.038086,1.049316,1.89313,3.236641,-1.0,1.051808,3.880694,21237,35412,14173,21237,1,103.571,14,normal
1780598965.027591,63.32579840000835,909328,0.043457,0.002686,1.048096,1.687023,2.534351,-0.374046,1.049,3.067392,21242,35419,14175,21242,0,103.571,0,normal
1780598965.058339,63.3565466,909359,0.025635,-0.055908,1.041016,1.519084,2.801527,-0.824427,1.042831,3.291785,21244,35423,14177,21244,0,103.571,1,normal
1780598965.089228,63.38743550000072,909390,0.036377,-0.000977,1.051758,2.160305,3.290076,-0.175573,1.052387,3.939841,21247,35428,14179,21247,1,100.0,13,normal
1780598965.1195016,63.41770920000272,909421,0.047363,-0.033936,1.044189,0.870229,2.534351,-1.0,1.045814,2.860111,21252,35435,14181,21252,0,100.0,0,normal
1780598965.1500292,63.44823680000263,909451,0.044922,-0.050537,1.056152,1.732824,2.145038,-0.717557,1.058315,2.849344,21254,35439,14183,21254,0,100.0,0,normal
1780598965.1808774,63.47908489999827,909482,0.057373,-0.001221,1.050537,2.458015,3.015267,-0.503817,1.052103,3.922691,21258,35445,14185,21258,0,100.0,5,normal
1780598965.211816,63.5100237000006,909513,0.054199,-0.032471,1.063721,0.534351,2.625954,-1.053435,1.065595,2.879391,21262,35451,14187,21262,0,100.0,0,normal
1780598965.243458,63.54166550000082,909544,0.036377,-0.031738,1.062256,1.755725,2.946565,-0.396947,1.063352,3.45288,21264,35455,14189,21264,0,100.0,0,normal
1780598965.2739928,63.57220029999735,909575,0.033203,-0.040771,1.065186,1.641221,2.183206,-0.625954,1.066483,2.802109,21267,35459,14190,21267,0,100.0,5,normal
1780598965.3052106,63.603418200000306,909606,0.048584,0.000977,1.067139,1.320611,3.40458,-0.793893,1.068244,3.737037,21271,35465,14192,21271,0,100.0,0,normal
1780598965.3361208,63.63432830000238,909636,0.036377,-0.03418,1.051514,2.320611,2.557252,-0.282443,1.052698,3.464758,21273,35470,14195,21273,1,100.0,14,normal
1780598965.367729,63.665936500008684,909667,0.034424,-0.037354,1.052002,1.633588,2.343511,-1.206107,1.053228,3.100862,21278,35477,14197,21278,0,111.913,0,normal
1780598965.3979173,63.69612469999993,909698,0.047852,-0.016846,1.065918,1.480916,3.312977,-0.80916,1.067124,3.71802,21280,35481,14199,21280,0,111.913,1,normal
1780598965.4346082,63.73281570000108,909734,0.015137,-0.034668,1.04126,1.832061,2.396947,-0.908397,1.041947,3.150712,21283,35487,14202,21283,0,111.913,8,normal
1780598965.4655588,63.76376620000519,909766,0.047852,-0.010254,1.067139,1.458015,3.045802,-0.816794,1.06826,3.474172,21287,35493,14204,21287,0,111.913,0,normal
1780598965.4973423,63.79554989999451,909797,0.03833,-0.03833,1.04541,1.946565,2.351145,-0.641221,1.046815,3.119,21289,35498,14207,21289,1,111.913,14,normal
1780598965.5285878,63.82679530000314,909828,0.036865,-0.009033,1.050293,1.725191,2.396947,-0.671756,1.050979,3.028678,21295,35505,14208,21295,0,111.913,0,normal
1780598965.5592558,63.85746329999529,909859,0.036133,-0.049316,1.061768,1.366412,2.045802,-1.137405,1.063526,2.710364,21297,35509,14210,21297,0,111.913,0,normal
1780598965.5906518,63.8888592000003,909890,0.049805,-0.036377,1.045654,2.099237,3.427481,-0.89313,1.047472,4.117293,21300,35514,14212,21300,1,111.913,14,normal
1780598965.6202173,63.91842479999468,909921,0.049805,0.003662,1.052734,1.305344,2.725191,-0.839695,1.053918,3.136188,21305,35521,14214,21305,0,106.299,0,normal
1780598965.6509445,63.94915190000029,909952,0.034668,-0.057373,1.053955,1.534351,2.48855,-0.931298,1.056085,3.068294,21307,35525,14216,21307,0,106.299,0,normal
1780598965.682197,63.98040470000706,909983,0.059326,-0.008545,1.062744,2.717557,2.78626,-0.48855,1.064433,3.922632,21311,35531,14218,21311,0,106.299,6,normal
1780598965.7143512,64.01255860000674,910014,0.046143,-0.03418,1.05835,0.335878,2.641221,-1.022901,1.059906,2.852226,21313,35535,14220,21313,0,106.299,1,normal
1780598965.744832,64.0430395000003,910045,0.043945,-0.033936,1.054932,2.175573,2.625954,-0.923664,1.056392,3.532974,21315,35539,14222,21315,0,106.299,0,normal
1780598965.7756672,64.07387480000034,910076,0.034424,-0.039062,1.067627,1.755725,2.740458,-1.099237,1.068896,3.435259,21320,35545,14223,21320,0,106.299,6,normal
1780598965.806643,64.10485060000792,910107,0.052002,0.002197,1.068604,1.21374,2.839695,-0.778626,1.06987,3.184853,21324,35551,14225,21324,0,106.299,1,normal
1780598965.8381815,64.1363890000066,910138,0.045654,-0.037354,1.039062,1.877863,2.290076,-0.396947,1.040736,2.98804,21326,35556,14228,21326,1,106.299,14,normal
1780598965.8696706,64.16787810000824,910169,0.047852,-0.012939,1.061523,1.48855,2.175573,-0.847328,1.06268,2.76891,21329,35561,14230,21329,0,106.299,0,normal
1780598965.901025,64.1992326000036,910201,0.027344,-0.052979,1.059326,1.145038,2.29771,-1.198473,1.061002,2.833182,21331,35565,14232,21331,0,92.857,0,normal
1780598965.9321637,64.23037119999935,910231,0.049072,-0.064697,1.044434,1.473282,2.48855,-1.061069,1.047586,3.080472,21333,35570,14235,21333,1,92.857,13,normal
1780598965.9606128,64.25882020000427,910262,0.05127,-0.011475,1.050537,1.557252,2.969466,-0.70229,1.05185,3.42578,21338,35577,14237,21338,0,92.857,0,normal
1780598965.9937332,64.29194060000009,910293,0.020264,-0.060791,1.041016,1.618321,2.358779,-0.824427,1.042986,2.976992,21340,35581,14239,21340,0,92.857,0,normal
1780598966.038016,64.33622369999648,910324,0.056885,-0.009277,1.050049,2.358779,3.59542,-0.641221,1.051629,4.347648,21343,35586,14241,21343,1,92.857,14,normal
1780598966.052821,64.35102840000764,910354,0.024658,0.007568,1.052002,1.091603,2.442748,-0.770992,1.052318,2.784429,21348,35593,14243,21348,0,92.857,0,normal
1780598966.0842464,64.38245380000444,910384,0.039795,-0.057373,1.059814,1.274809,2.122137,-0.89313,1.062112,2.631784,21350,35597,14245,21350,0,92.857,0,normal
1780598966.1140354,64.41224289999809,910415,0.054199,-0.006592,1.060547,2.618321,2.740458,-0.526718,1.061951,3.826636,21353,35602,14247,21353,1,92.857,14,normal
1780598966.146122,64.44432949999464,910446,0.052734,-0.036865,1.056152,0.664122,2.732824,-0.938931,1.05811,2.964959,21358,35609,14249,21358,0,92.857,0,normal
1780598966.1768181,64.47502559999702,910477,0.048828,-0.033447,1.05957,1.870229,2.458015,-0.961832,1.061222,3.234921,21360,35613,14251,21360,0,105.072,0,normal
1780598966.2089303,64.50713779999933,910508,0.043945,-0.034668,1.058838,1.877863,2.923664,-0.656489,1.060316,3.536263,21364,35619,14253,21364,0,105.072,5,normal
1780598966.2378335,64.53604110000015,910539,0.053467,-0.006592,1.054688,1.114504,2.832061,-0.458015,1.056062,3.077737,21368,35625,14255,21368,0,105.072,1,normal
1780598966.269082,64.56728970000404,910570,0.070801,-0.033691,1.067627,2.496183,2.89313,-0.427481,1.070502,3.84498,21370,35630,14258,21370,1,105.072,14,normal
1780598966.3014154,64.59962290000112,910601,0.043457,-0.037109,1.047119,1.496183,2.229008,-0.778626,1.048677,2.795228,21374,35636,14260,21374,0,105.072,4,normal
1780598966.3323448,64.63055220000388,910632,0.049316,-0.016846,1.064941,1.343511,3.21374,-0.671756,1.066216,3.54745,21377,35641,14262,21377,0,105.072,1,normal
1780598966.3632045,64.66141200000129,910663,0.038086,-0.044434,1.050049,1.70229,2.572519,-0.969466,1.051678,3.233498,21379,35646,14265,21379,1,105.072,14,normal
1780598966.3935244,64.6917320000066,910694,0.067627,-0.014404,1.05542,1.496183,2.519084,-0.618321,1.057682,2.99444,21385,35653,14266,21385,0,105.072,0,normal
1780598966.4251707,64.72337829999742,910725,0.033936,-0.049561,1.061035,1.526718,2.633588,-0.923664,1.062734,3.181164,21387,35657,14268,21387,0,105.072,1,normal
1780598966.4561653,64.75437290000264,910756,0.058105,-0.008789,1.05127,2.236641,3.625954,-0.89313,1.052911,4.352906,21390,35662,14270,21390,1,107.527,14,normal
1780598966.485977,64.78418440000678,910787,0.049561,-0.012451,1.043945,0.923664,2.427481,-0.801527,1.045195,2.718136,21395,35669,14272,21395,0,107.527,0,normal
1780598966.517584,64.81579170000623,910818,0.047119,-0.051758,1.053223,1.816794,2.549618,-0.770992,1.055546,3.22424,21397,35673,14274,21397,0,107.527,0,normal
1780598966.5493126,64.84751999999571,910849,0.053711,-0.014893,1.054443,2.534351,3.618321,-0.587786,1.055915,4.456532,21401,35679,14276,21401,0,107.527,6,normal
1780598966.5793605,64.877568099997,910880,0.052002,-0.039307,1.060303,0.450382,2.641221,-0.969466,1.062305,2.849343,21405,35685,14278,21405,0,107.527,0,normal
1780598966.6104195,64.90862699999707,910911,0.068604,-0.046875,1.063232,2.320611,2.900763,-0.59542,1.066474,3.762205,21407,35690,14281,21407,1,107.527,14,normal
1780598966.641908,64.94011540000793,910942,0.055664,-0.039062,1.055908,1.694656,2.717557,-0.977099,1.058096,3.348388,21411,35695,14282,21411,0,107.527,5,normal
1780598966.6729023,64.97110979999707,910973,0.057129,-0.007324,1.073486,1.442748,3.412214,-0.618321,1.07503,3.755935,21414,35699,14283,21414,0,107.527,6,normal
1780598966.7044904,65.0026979999966,911004,0.037109,-0.035645,1.044434,2.229008,2.206107,-0.70229,1.0457,3.213813,21416,35704,14286,21416,1,107.527,14,normal
1780598966.735021,65.0332286000048,911035,0.043701,-0.019531,1.05127,1.358779,2.526718,-0.679389,1.052359,2.948246,21421,35711,14288,21421,0,111.111,1,normal
1780598966.765229,65.0634366000013,911066,0.026367,-0.013916,1.063721,1.29771,2.236641,-1.137405,1.064138,2.824943,21423,35715,14290,21423,0,111.111,0,normal
1780598966.7963467,65.09455429999798,911097,0.061768,-0.040527,1.049072,2.221374,2.389313,-0.526718,1.05167,3.304656,21425,35720,14293,21425,1,111.111,14,normal
1780598966.826808,65.12501560000237,911128,0.059082,0.003662,1.046387,1.221374,3.206107,-0.671756,1.04806,3.496016,21430,35727,14295,21430,0,111.111,1,normal
1780598966.8744204,65.17262800000026,911159,0.060059,-0.061035,1.051514,1.48855,2.229008,-0.89313,1.054994,2.825232,21432,35731,14297,21432,0,111.111,0,normal
1780598966.8898227,65.18803020000632,911190,0.058105,0.002197,1.05835,2.984733,2.755725,-0.412214,1.059946,4.083206,21436,35737,14299,21436,0,111.111,6,normal
1780598966.9222238,65.22043139999732,911221,0.056641,-0.03833,1.060547,0.503817,2.48855,-0.870229,1.06275,2.684029,21440,35743,14301,21440,0,111.111,1,normal
1780598966.9515958,65.24980320000031,911252,0.043457,-0.024658,1.057861,2.038168,2.442748,-0.763359,1.059041,3.271676,21442,35747,14303,21442,0,111.111,1,normal
1780598966.9830363,65.28124369999568,911283,0.057373,-0.047852,1.05835,2.045802,2.946565,-0.70229,1.060983,3.655238,21446,35753,14305,21446,0,111.111,6,normal
1780598967.0134945,65.31170190000557,911314,0.058594,0.011475,1.073486,0.877863,3.427481,-0.847328,1.075145,3.638163,21450,35759,14307,21450,0,103.943,0,normal
1780598967.0447564,65.34296399999585,911345,0.050049,-0.031738,1.05127,1.946565,2.603053,-0.099237,1.052939,3.251899,21452,35764,14310,21452,1,103.943,14,normal
1780598967.0772736,65.37548109999625,911377,0.044434,-0.011475,1.047607,1.40458,2.839695,-0.618321,1.048612,3.227852,21456,35769,14311,21456,0,103.943,0,normal
1780598967.1077037,65.4059111999959,911408,0.04541,-0.031494,1.061768,1.091603,2.89313,-0.885496,1.063205,3.216504,21458,35773,14313,21458,0,103.943,0,normal
1780598967.1391182,65.43732579999778,911439,0.045166,-0.029297,1.053955,2.374046,3.221374,-0.80916,1.055329,4.082657,21461,35778,14315,21461,1,103.943,14,normal
1780598967.1713338,65.46954140000162,911470,0.058105,0.005371,1.05249,0.954198,2.709924,-0.908397,1.054107,3.013199,21466,35785,14317,21466,0,103.943,0,normal
1780598967.2009969,65.4992043999955,911501,0.064453,-0.05835,1.050781,1.938931,2.534351,-0.854962,1.054372,3.303536,21468,35789,14319,21468,0,103.943,0,normal
1780598967.2312024,65.52940990000207,911532,0.038818,0.000244,1.052246,2.503817,3.137405,-0.664122,1.052962,4.068596,21472,35795,14321,21472,0,103.943,5,normal
1780598967.2630439,65.56125130000873,911563,0.056152,-0.040039,1.05127,0.534351,3.099237,-1.015267,1.053529,3.30478,21476,35801,14323,21476,0,103.943,1,normal
1780598967.2945285,65.59273610000673,911594,0.04248,-0.04126,1.052734,2.152672,3.198473,-0.610687,1.054399,3.903481,21478,35805,14325,21478,1,100.0,0,normal
1780598967.325116,65.62332349999633,911625,0.061523,-0.040527,1.061035,1.732824,2.908397,-0.557252,1.06359,3.431032,21483,35811,14326,21483,0,100.0,5,normal
1780598967.355102,65.65330960000574,911656,0.049316,0.005371,1.065674,1.068702,3.114504,-0.847328,1.066828,3.400033,21487,35817,14328,21487,0,100.0,1,normal
1780598967.3865736,65.68478100000357,911687,0.041992,-0.032959,1.049561,1.78626,2.389313,-0.290076,1.050917,2.99728,21489,35822,14331,21489,1,100.0,14,normal
1780598967.4175193,65.71572690000175,911718,0.046387,-0.025635,1.048828,1.244275,2.465649,-0.816794,1.050166,2.880069,21494,35829,14333,21494,0,100.0,0,normal
1780598967.4487169,65.7469243999949,911749,0.022217,-0.047119,1.053223,1.099237,2.229008,-1.076336,1.05451,2.708375,21496,35833,14335,21496,0,100.0,1,normal
1780598967.4796116,65.77781919999688,911780,0.047607,-0.061523,1.050781,1.885496,2.335878,-0.984733,1.053657,3.159291,21498,35838,14338,21498,1,100.0,14,normal
1780598967.510695,65.80890260000888,911811,0.068115,-0.007568,1.049316,1.381679,2.717557,-0.80916,1.051552,3.154187,21501,35843,14340,21501,0,100.0,0,normal
1780598967.541015,65.8392223999981,911841,0.019287,-0.05249,1.054443,1.122137,2.763359,-1.038168,1.055925,3.158028,21503,35847,14342,21503,0,100.0,1,normal
1780598967.5717232,65.86993070000608,911872,0.051758,-0.010254,1.054688,2.534351,2.519084,-0.587786,1.056007,3.621355,21506,35852,14344,21506,1,100.719,13,normal
1780598967.6019142,65.90012160000333,911903,0.046875,0.002686,1.042969,0.740458,2.51145,-0.633588,1.044025,2.693899,21511,35859,14346,21511,0,100.719,0,normal
1780598967.633784,65.93199150000873,911934,0.035645,-0.047852,1.049561,1.839695,2.763359,-0.748092,1.051255,3.402979,21513,35863,14348,21513,0,100.719,0,normal
1780598967.6648302,65.96303780000017,911965,0.0625,-0.021973,1.067139,2.351145,2.839695,-0.59542,1.069193,3.734471,21517,35869,14350,21517,0,100.719,6,normal
1780598967.696572,65.99477970000589,911996,0.055176,-0.036621,1.053467,0.572519,2.80916,-0.908397,1.055546,3.007382,21521,35875,14352,21521,0,100.719,0,normal
1780598967.7272134,66.02542079999694,912027,0.040771,-0.035156,1.052246,2.198473,3.007634,-0.442748,1.053622,3.751689,21523,35880,14355,21523,1,100.719,14,normal
1780598967.7581804,66.05638799999724,912058,0.054443,-0.04541,1.055176,1.236641,2.717557,-0.931298,1.057555,3.127573,21527,35886,14357,21527,1,100.719,3,normal
1780598967.7889392,66.08714679999684,912090,0.035889,-0.020264,1.068115,1.48855,2.89313,-0.916031,1.06891,3.380102,21530,35891,14359,21530,0,100.719,0,normal
1780598967.820834,66.11904150000191,912120,0.032715,-0.037109,1.038574,2.229008,2.618321,-0.51145,1.039752,3.476444,21532,35896,14362,21532,1,100.719,14,normal
1780598967.851362,66.14956940000411,912151,0.022217,-0.012939,1.052002,1.435114,2.427481,-0.59542,1.052316,2.882142,21537,35903,14364,21537,0,111.111,0,normal
1780598967.8818707,66.18007820000639,912182,0.026611,-0.020508,1.070068,1.099237,2.396947,-1.183206,1.070596,2.890268,21539,35907,14366,21539,0,111.111,0,normal
1780598967.9128137,66.21102129999781,912213,0.052979,-0.026855,1.052002,2.473282,2.061069,-0.862595,1.053677,3.333047,21542,35912,14368,21542,1,111.111,14,normal
1780598967.944528,66.2427355999971,912244,0.057373,0.016113,1.055664,1.152672,2.358779,-0.793893,1.057345,2.742764,21547,35919,14370,21547,0,111.111,0,normal
1780598967.9788628,66.27707029999874,912275,0.032471,-0.046875,1.056885,1.687023,2.534351,-0.816794,1.058422,3.152164,21549,35923,14372,21549,0,111.111,0,normal
1780598968.0054853,66.30369270000665,912306,0.059326,-0.00708,1.063232,2.862595,3.29771,-0.633588,1.06491,4.41257,21553,35929,14374,21553,0,111.111,5,normal
1780598968.0366855,66.33489300000656,912336,0.015137,-0.018066,1.050781,0.862595,2.221374,-0.931298,1.051046,2.558493,21557,35935,14376,21557,0,111.111,0,normal
1780598968.0662537,66.36446130000695,912367,0.033691,-0.030029,1.056885,2.076336,2.473282,-0.908397,1.057848,3.354621,21559,35939,14378,21559,0,111.111,0,normal
1780598968.0978792,66.39608659999794,912398,0.042236,-0.039307,1.053711,1.763359,3.29771,-0.618321,1.055289,3.790336,21563,35945,14380,21563,0,111.111,5,normal
1780598968.1284747,66.42668230000709,912429,0.056396,-0.006348,1.049805,1.129771,3.038168,-0.412214,1.051338,3.267532,21567,35951,14382,21567,0,107.914,0,normal
1780598968.1613436,66.45955120000872,912460,0.041504,-0.0271,1.046387,2.137405,3.091603,-0.458015,1.04756,3.786329,21568,35954,14384,21568,1,107.914,17,normal
1780598968.1911068,66.48931420000736,912491,0.026611,-0.018799,1.045654,1.129771,2.312977,-0.709924,1.046162,2.67025,21574,35961,14385,21574,0,107.914,0,normal
1780598968.2226512,66.52085879999504,912523,0.046387,-0.05835,1.0625,1.137405,2.816794,-0.580153,1.065112,3.092668,21576,35965,14387,21576,0,107.914,0,normal
1780598968.2552307,66.55343820000417,912553,0.013184,-0.041992,1.039062,1.534351,2.870229,-0.664122,1.039994,3.321672,21578,35970,14390,21578,1,107.914,14,normal
1780598968.2837093,66.58191680000164,912584,0.027832,-0.012939,1.050293,1.473282,2.48855,-0.557252,1.050741,2.945161,21583,35977,14392,21583,0,107.914,1,normal
1780598968.31411,66.61231759999646,912615,0.015137,-0.054443,1.063232,1.335878,3.183206,-0.748092,1.064733,3.532281,21585,35981,14394,21585,0,107.914,1,normal
1780598968.3460436,66.64425120000669,912646,0.04126,-0.003906,1.053711,2.51145,3.221374,-0.687023,1.054526,4.142056,21588,35986,14396,21588,1,107.914,14,normal
1780598968.3773665,66.67557400000806,912677,0.026367,-0.005127,1.030762,0.908397,2.099237,-0.801527,1.031112,2.423721,21593,35993,14398,21593,0,107.914,1,normal
1780598968.4073157,66.70552319999842,912708,0.027344,-0.032471,1.057129,1.732824,2.221374,-0.977099,1.057981,2.98193,21595,35997,14400,21595,0,100.358,0,normal
1780598968.4382463,66.73645369999576,912739,0.03418,-0.006348,1.047363,1.885496,3.305344,-0.435114,1.04794,3.830107,21599,36003,14402,21599,0,100.358,6,normal
1780598968.4689798,66.76718740000797,912769,0.039551,-0.040039,1.051758,0.206107,2.862595,-1.259542,1.053262,3.134227,21603,36009,14404,21603,0,100.358,1,normal
1780598968.5008464,66.7990540000028,912800,0.051514,-0.032471,1.056152,1.80916,2.496183,-0.534351,1.057906,3.128821,21605,36013,14406,21605,0,100.358,0,normal
1780598968.530739,66.82894649999798,912831,0.061279,-0.044434,1.061035,2.076336,2.664122,-0.633588,1.063732,3.43659,21610,36019,14407,21610,0,100.358,6,normal
1780598968.5620313,66.8602389000007,912861,0.046143,-0.016113,1.065186,1.091603,2.625954,-0.923664,1.066306,2.990048,21614,36025,14409,21614,0,100.358,1,normal
1780598968.593234,66.89144170000509,912893,0.048096,-0.04248,1.049072,1.671756,2.366412,-0.824427,1.051033,3.012367,21616,36030,14412,21616,1,100.358,13,normal
1780598968.6240957,66.92230310000014,912924,0.03418,-0.034668,1.048584,1.038168,2.458015,-0.51145,1.049714,2.716839,21621,36037,14414,21621,0,100.358,0,normal
1780598968.6551137,66.95332119999512,912955,0.069824,-0.01416,1.064453,1.068702,3.068702,-0.839695,1.066835,3.35621,21623,36041,14416,21623,0,100.358,1,normal
1780598968.686921,66.98512850000407,912986,0.047852,-0.064697,1.050049,1.847328,2.19084,-0.610687,1.053128,2.930075,21625,36046,14419,21625,1,107.914,13,normal
1780598968.7180803,67.01628769999661,913017,0.043945,-0.010254,1.054688,1.549618,2.343511,-0.709924,1.055652,2.897819,21630,36053,14421,21630,0,107.914,0,normal
1780598968.7474906,67.04569810000248,913048,0.048096,-0.067871,1.04248,1.358779,2.328244,-0.70229,1.045794,2.785716,21632,36057,14423,21632,0,107.914,0,normal
1780598968.779258,67.07746549999865,913079,0.029785,0.00415,1.050049,2.503817,2.603053,-0.641221,1.050479,3.668262,21635,36062,14425,21635,1,107.914,13,normal
1780598968.810594,67.10880159999942,913110,0.038574,-0.028809,1.043457,0.572519,2.40458,-1.21374,1.044567,2.753716,21639,36067,14426,21639,0,107.914,6,normal
1780598968.8402643,67.13847180000448,913141,0.038574,-0.026123,1.054443,2.076336,2.282443,-0.671756,1.055472,3.157843,21641,36071,14428,21641,0,107.914,0,normal
1780598968.872282,67.17048960000102,913172,0.042725,-0.045166,1.059814,1.832061,3.10687,-0.564886,1.061636,3.650779,21645,36077,14430,21645,0,107.914,6,normal
1780598968.9034224,67.20162979999441,913204,0.040771,0.000488,1.05835,1.076336,3.145038,-0.938931,1.059135,3.45418,21649,36083,14432,21649,0,107.914,0,normal
1780598968.9491594,67.24736700000358,913235,0.014648,-0.033691,1.03418,2.091603,2.412214,-0.78626,1.034832,3.288128,21651,36088,14435,21651,1,107.914,14,normal
1780598968.9664738,67.26468130000285,913266,0.030518,-0.019287,1.052734,1.152672,2.366412,-0.862595,1.053353,2.769951,21656,36095,14437,21656,0,110.714,0,normal
1780598968.9974165,67.29562400000577,913298,0.022949,-0.049805,1.062744,1.435114,1.992366,-0.839695,1.064158,2.595027,21658,36099,14439,21658,0,110.714,0,normal
1780598969.0279703,67.32617780000146,913329,0.05127,-0.007324,1.051758,2.282443,3.274809,-0.496183,1.053032,4.022452,21661,36104,14441,21661,1,110.714,14,normal
1780598969.0594487,67.35765629999514,913360,0.052734,-0.02002,1.049316,0.648855,2.251908,-0.89313,1.050831,2.507944,21666,36111,14443,21666,0,110.714,1,normal
1780598969.0909097,67.38911720000033,913391,0.024414,-0.031006,1.048828,1.954198,2.503817,-0.954198,1.04957,3.316396,21668,36115,14445,21668,0,110.714,0,normal
1780598969.1214786,67.41968609999458,913422,0.058105,-0.031494,1.057373,1.954198,3.40458,-0.992366,1.059437,4.049055,21673,36121,14446,21673,0,110.714,6,normal
1780598969.152313,67.45052060000307,913453,0.069092,-0.017822,1.049561,0.954198,3.206107,-0.572519,1.051983,3.393729,21677,36127,14448,21677,0,110.714,1,normal
1780598969.183196,67.48140350000176,913484,0.064941,-0.041992,1.061279,2.40458,2.946565,-0.282443,1.064093,3.813663,21679,36132,14451,21679,1,110.714,14,normal
1780598969.2151124,67.51331989999744,913515,0.04248,-0.033203,1.044678,1.320611,3.007634,-0.396947,1.046068,3.308692,21684,36139,14453,21684,0,110.714,0,normal
1780598969.2452595,67.54346709999663,913546,0.060791,-0.007568,1.070801,1.755725,3.29771,-0.557252,1.072552,3.7773,21686,36143,14455,21686,0,107.143,1,normal
1780598969.275376,67.57358369999565,913576,0.023438,-0.033691,1.040039,2.29771,2.51145,-0.450382,1.040848,3.433613,21688,36148,14458,21688,1,107.143,14,normal
1780598969.3080416,67.60624910000479,913607,0.019775,-0.02124,1.060547,1.374046,2.473282,-0.709924,1.060944,2.91704,21694,36155,14459,21694,0,107.143,0,normal
1780598969.3375838,67.63579139999638,913638,0.033691,-0.045166,1.060791,1.259542,2.671756,-1.152672,1.062286,3.170706,21696,36159,14461,21696,0,107.143,1,normal
1780598969.3689787,67.66718620000756,913669,0.040527,-0.05249,1.041992,2.045802,3.022901,-0.671756,1.0441,3.7114,21698,36164,14464,21698,1,107.143,14,normal
1780598969.3996441,67.69785159999446,913700,0.029053,0.005859,1.043457,1.419847,2.618321,-0.610687,1.043878,3.040478,21703,36171,14466,21703,0,107.143,0,normal
1780598969.4310122,67.72921960000531,913731,0.024902,-0.052979,1.047607,1.603053,2.328244,-0.839695,1.049242,2.948828,21705,36175,14468,21705,0,107.143,1,normal
1780598969.4612706,67.75947800000722,913762,0.040283,0.007324,1.062988,2.343511,3.442748,-0.412214,1.063776,4.18503,21708,36180,14470,21708,1,107.143,13,normal
1780598969.4925053,67.7907128000079,913793,0.020996,-0.029053,1.044434,0.770992,2.633588,-0.961832,1.045048,2.907806,21711,36185,14472,21711,0,107.143,0,normal
1780598969.5239468,67.82215429999633,913824,0.027832,-0.023926,1.053467,2.022901,2.251908,-0.694656,1.054106,3.105764,21713,36189,14474,21713,0,97.122,0,normal
1780598969.5559492,67.85415670000657,913855,0.044189,-0.037109,1.047607,1.80916,2.870229,-0.900763,1.049195,3.510363,21718,36195,14475,21718,0,97.122,6,normal
1780598969.5872467,67.8854541000037,913887,0.066162,-0.011475,1.064453,1.068702,3.648855,-0.664122,1.066569,3.859705,21722,36201,14477,21722,0,97.122,0,normal
1780598969.617671,67.9158785000036,913918,0.044678,-0.031494,1.050293,1.977099,2.877863,-0.48855,1.051714,3.525577,21724,36206,14480,21724,1,97.122,14,normal
1780598969.6485057,67.94671329999983,913949,0.044922,-0.013428,1.057617,1.29771,2.496183,-0.664122,1.058656,2.890682,21727,36211,14482,21727,0,97.122,1,normal
1780598969.6793413,67.97754880000139,913980,0.044434,-0.030273,1.064697,1.145038,2.656489,-0.969466,1.066054,3.050886,21729,36215,14484,21729,0,97.122,0,normal
1780598969.7109225,68.00913010000659,914011,0.065674,-0.034912,1.051758,2.290076,2.564885,-0.732824,1.054384,3.515696,21731,36220,14487,21731,1,97.122,14,normal
1780598969.7407103,68.03891780000413,914042,0.050293,0.008789,1.052002,0.938931,2.732824,-0.717557,1.05324,2.977383,21736,36227,14489,21736,0,97.122,0,normal
1780598969.7716699,68.06987750000553,914072,0.032715,-0.059082,1.058594,1.419847,2.557252,-0.793893,1.060746,3.030804,21738,36231,14491,21738,0,97.122,0,normal
1780598969.8028977,68.10110529999656,914103,0.042236,-0.004395,1.051758,2.687023,2.572519,-0.740458,1.052615,3.792918,21741,36236,14493,21741,1,100.358,14,normal
1780598969.8347726,68.13298009999562,914134,0.032715,-0.020996,1.041016,0.610687,2.21374,-0.908397,1.041741,2.469569,21746,36243,14495,21746,0,100.358,1,normal
1780598969.864946,68.16315340000438,914165,0.029053,-0.02832,1.061523,2.137405,2.687023,-0.870229,1.062298,3.542018,21747,36245,14496,21747,0,100.358,6,normal
1780598969.8962088,68.19441630000074,914196,0.043945,-0.037109,1.053711,2.259542,3.351145,-0.641221,1.05528,4.092294,21751,36251,14498,21751,0,100.358,6,normal
1780598969.9277942,68.22600170000806,914228,0.05835,0.005371,1.067139,1.038168,3.732824,-0.885496,1.068746,3.974402,21755,36257,14500,21755,0,100.358,1,normal
1780598969.9587874,68.25699500000337,914259,0.049072,-0.035889,1.050781,1.977099,3.053435,-0.633588,1.052538,3.6924,21757,36262,14503,21757,1,100.358,14,normal
1780598969.990741,68.28894850000506,914290,0.032959,-0.022705,1.049072,1.496183,2.977099,-0.419847,1.049835,3.358266,21762,36269,14505,21762,0,100.358,0,normal
1780598970.0207818,68.31898920000822,914321,0.039062,-0.008789,1.068115,1.198473,2.549618,-0.70229,1.068865,2.903464,21764,36273,14507,21764,0,100.358,1,normal
1780598970.052924,68.35113150000689,914352,0.054443,-0.054199,1.038818,1.78626,2.549618,-0.778626,1.041655,3.208977,21766,36278,14510,21766,1,100.358,14,normal
1780598970.0825138,68.38072129999637,914383,0.054932,0.00415,1.05542,1.458015,2.763359,-0.748092,1.056857,3.212725,21771,36285,14512,21771,0,107.143,0,normal
1780598970.114153,68.41236050000589,914414,0.018555,-0.05127,1.038086,1.503817,2.320611,-0.709924,1.039517,2.854942,21773,36289,14514,21773,0,107.143,0,normal
1780598970.145016,68.44322349999857,914445,0.048096,0.007813,1.055176,2.755725,2.923664,-0.877863,1.0563,4.112478,21776,36294,14516,21776,1,107.143,13,normal
1780598970.1758761,68.47408359999827,914476,0.049805,-0.036377,1.04248,0.648855,2.664122,-0.862595,1.044303,2.874479,21781,36301,14518,21781,0,107.143,0,normal
1780598970.2068315,68.50503889999527,914507,0.031494,-0.029053,1.060059,2.282443,2.229008,-0.984733,1.060924,3.33882,21783,36305,14520,21783,0,107.143,0,normal
1780598970.2385495,68.53675690000819,914538,0.037598,-0.012451,1.047363,2.206107,3.091603,-0.717557,1.048112,3.865204,21787,36311,14522,21787,0,107.143,6,normal
1780598970.2680123,68.56621990000713,914569,0.056152,-0.003662,1.056885,0.946565,3.48855,-0.916031,1.058382,3.728951,21791,36317,14524,21791,0,107.143,0,normal
1780598970.2997432,68.59795060000033,914600,0.070801,-0.024414,1.062988,1.900763,3.099237,-0.694656,1.065623,3.701448,21792,36320,14526,21792,1,107.143,17,normal
1780598970.3309395,68.62914710000041,914631,0.026855,-0.029297,1.049072,1.59542,2.10687,-0.832061,1.049825,2.770666,21797,36327,14528,21797,0,107.143,1,normal
1780598970.3632858,68.66149329999462,914663,0.060547,-0.024658,1.076172,0.709924,2.694656,-0.80916,1.078156,2.901707,21799,36331,14530,21799,0,100.0,0,normal
1780598970.393748,68.69195560000662,914694,0.061279,-0.047852,1.060547,2.183206,3.442748,-0.656489,1.063393,4.12915,21801,36336,14533,21801,1,100.0,14,normal
1780598970.4239256,68.7221331000037,914725,0.051514,0.003174,1.049805,1.351145,2.351145,-1.08397,1.051073,2.920354,21806,36343,14535,21806,0,100.0,1,normal
1780598970.454685,68.75289250000787,914755,0.01416,-0.056396,1.051025,1.221374,2.526718,-0.839695,1.052633,2.929359,21807,36345,14536,21807,0,100.0,5,normal
1780598970.4845414,68.78274890000466,914786,0.056152,-0.005371,1.059082,2.236641,2.923664,-0.732824,1.060583,3.753319,21810,36350,14538,21810,1,100.0,14,normal
1780598970.514742,68.81294950000301,914816,0.025879,0.012451,1.053955,1.29771,2.160305,-0.633588,1.054346,2.598539,21815,36357,14540,21815,0,100.0,1,normal
1780598970.5465393,68.84474689999479,914846,0.025146,-0.053467,1.066406,1.274809,2.564885,-0.717557,1.068042,2.952738,21817,36361,14542,21817,0,100.0,1,normal
1780598970.577314,68.87552139999752,914877,0.050537,-0.008789,1.050049,2.572519,3.351145,-0.870229,1.051301,4.31339,21820,36366,14544,21820,1,100.0,14,normal
1780598970.6085246,68.9067320000031,914908,0.047607,-0.020508,1.053711,0.671756,2.068702,-0.969466,1.054985,2.381312,21825,36373,14546,21825,0,100.0,0,normal
1780598970.6389737,68.93718130000343,914939,0.055908,-0.040527,1.050537,2.21374,2.068702,-0.870229,1.052804,3.152376,21827,36377,14548,21827,0,101.449,1,normal
1780598970.6701288,68.96833640000841,914970,0.045898,-0.001953,1.053223,2.427481,3.389313,-0.618321,1.054224,4.21455,21831,36383,14550,21831,0,101.449,6,normal
1780598970.700527,68.99873439999647,915001,0.030273,-0.037354,1.049805,0.587786,2.587786,-1.351145,1.050905,2.977872,21833,36387,14552,21833,0,101.449,0,normal
1780598970.7319999,69.03020750000724,915032,0.056641,-0.042236,1.049561,2.51145,2.59542,-0.641221,1.051936,3.668072,21835,36392,14555,21835,1,101.449,14,normal
1780598970.7617903,69.05999769999471,915062,0.046143,-0.031738,1.0625,1.847328,3.206107,-0.305344,1.063975,3.712813,21838,36397,14557,21838,0,101.449,6,normal
1780598970.7935264,69.09173400000145,915093,0.043701,-0.013672,1.053955,1.198473,3.099237,-0.984733,1.054949,3.465733,21842,36403,14559,21842,0,101.449,0,normal
1780598970.8244104,69.12261790000775,915124,0.056152,-0.032227,1.056396,2.335878,2.717557,-0.610687,1.058379,3.635159,21844,36408,14562,21844,1,101.449,14,normal
1780598970.8547907,69.15299820000655,915155,0.003418,-0.027344,1.036133,1.19084,2.282443,-0.832061,1.036499,2.705544,21847,36413,14564,21847,0,101.449,1,normal
1780598970.8871584,69.18536600000516,915186,0.048584,-0.012939,1.060791,1.427481,3.51145,-0.923664,1.061982,3.901428,21849,36417,14566,21849,0,101.449,0,normal
1780598970.9169798,69.21518719999585,915217,0.030029,-0.038574,1.040527,1.70229,2.656489,-0.748092,1.041675,3.242586,21851,36422,14569,21851,1,86.331,14,normal
1780598970.9479456,69.24615300000005,915247,0.046387,-0.015381,1.051025,1.40458,2.763359,-0.541985,1.052161,3.146863,21856,36429,14571,21856,0,86.331,0,normal
1780598970.9787197,69.2769272000005,915278,0.071777,-0.037842,1.074951,1.007634,2.687023,-0.89313,1.078009,3.005511,21858,36433,14573,21858,0,86.331,1,normal
1780598971.0153627,69.31357019999996,915315,0.039551,-0.05835,1.052978,1.755725,3.114504,-0.450382,1.055335,3.603547,21862,36441,14577,21862,0,86.331,1,normal
1780598971.046736,69.3449435000075,915346,0.064209,-0.010254,1.06958,1.137405,2.770992,-1.061069,1.071555,3.177728,21864,36445,14579,21864,0,86.331,0,normal
1780598971.0777519,69.37595940000028,915377,0.031738,-0.059814,1.046387,1.564886,2.335878,-0.740458,1.048575,2.907485,21866,36450,14582,21866,1,86.331,14,normal
1780598971.1077678,69.40597530000377,915408,0.052002,-0.003174,1.052734,1.671756,2.725191,-0.389313,1.054023,3.220714,21871,36457,14584,21871,0,86.331,0,normal
1780598971.1378977,69.4361052000022,915438,0.045898,-0.038574,1.061035,1.030534,2.748092,-0.740458,1.062728,3.026927,21873,36461,14586,21873,0,86.331,0,normal
1780598971.1700547,69.46826219999639,915469,0.070312,-0.032959,1.052978,2.229008,2.59542,-0.763359,1.055838,3.505338,21875,36466,14589,21875,1,95.238,14,normal
1780598971.1996458,69.49785329999577,915500,0.053467,0.010498,1.052246,1.007634,3.389313,-0.152672,1.053656,3.53922,21880,36473,14591,21880,0,95.238,1,normal
1780598971.2315712,69.52977870000177,915531,0.039551,-0.054932,1.053955,1.572519,2.839695,-0.557252,1.056126,3.293511,21882,36477,14593,21882,0,95.238,0,normal
1780598971.2621593,69.5603667999967,915562,0.050049,-0.002686,1.059814,2.832061,3.526718,-0.603053,1.060999,4.563111,21886,36483,14595,21886,0,95.238,6,normal
1780598971.2937846,69.59199210000224,915593,0.04541,-0.028809,1.057129,0.633588,2.175573,-0.946565,1.058496,2.455715,21890,36489,14597,21890,0,95.238,1,normal
1780598971.3244514,69.6226588999998,915624,0.023193,-0.022461,1.054443,1.832061,2.572519,-0.717557,1.054938,3.238702,21892,36493,14599,21892,0,95.238,1,normal
1780598971.354916,69.65312360000098,915655,0.04126,-0.029785,1.05127,2.160305,2.839695,-0.656489,1.0525,3.627914,21897,36499,14600,21897,0,95.238,6,normal
1780598971.3868484,69.68505600000208,915686,0.059814,0.01416,1.054199,1.290076,3.847328,-0.549618,1.05599,4.094913,21901,36505,14602,21901,0,95.238,0,normal
1780598971.4172635,69.71547100000316,915717,0.05542,-0.035645,1.049316,2.259542,3.305344,-0.519084,1.051383,4.03736,21903,36510,14605,21903,1,95.238,14,normal
1780598971.448487,69.74669460000587,915748,0.019531,-0.020996,1.050049,1.564886,2.870229,-0.847328,1.05044,3.377136,21907,36515,14606,21907,0,114.695,1,normal
1780598971.480832,69.77903970000625,915780,0.050537,-0.035889,1.060791,1.129771,2.061069,-0.793893,1.0626,2.480857,21909,36519,14608,21909,0,114.695,0,normal
1780598971.5113194,69.80952690000413,915811,0.067871,-0.029297,1.050049,2.160305,3.19084,-0.946565,1.052648,3.967916,21912,36524,14610,21912,1,114.695,14,normal
1780598971.5413504,69.83955790000618,915842,0.061035,-0.002197,1.047607,1.259542,2.625954,-0.534351,1.049386,2.961016,21917,36531,14612,21917,0,114.695,1,normal
1780598971.573556,69.87176340000588,915873,0.055176,-0.060303,1.060791,1.305344,1.961832,-0.938931,1.063935,2.536592,21919,36535,14614,21919,0,114.695,0,normal
1780598971.6028967,69.90110430000641,915904,0.054443,0.002686,1.066406,2.931298,3.870229,-0.473282,1.067798,4.87803,21922,36539,14615,21922,0,114.695,6,normal
1780598971.6357117,69.93391910000355,915934,0.040283,-0.02002,1.042236,0.603053,2.847328,-0.740458,1.043207,3.003203,21926,36545,14617,21926,0,114.695,1,normal
1780598971.6656525,69.96386010000424,915965,0.023926,-0.02124,1.055176,1.992366,2.442748,-0.572519,1.055661,3.203798,21928,36549,14619,21928,0,114.695,1,normal
1780598971.6960452,69.99425269999483,915996,0.03833,0.003174,1.059082,2.015267,3.442748,-0.961832,1.05978,4.103528,21932,36555,14621,21932,0,114.695,6,normal
1780598971.7269506,70.02515820000554,916027,0.033203,-0.0354,1.049805,0.648855,2.625954,-0.885496,1.050926,2.846182,21936,36561,14623,21936,0,103.943,0,normal
1780598971.758142,70.05634949999512,916058,0.044434,-0.037109,1.044189,2.343511,2.641221,-0.778626,1.045793,3.615848,21938,36566,14626,21938,1,103.943,13,normal
1780598971.7905586,70.08876600000076,916089,0.017578,-0.028809,1.050049,1.465649,2.641221,-0.748092,1.050591,3.111883,21942,36572,14628,21942,1,103.943,3,normal
1780598971.8203998,70.11860729999898,916121,0.046387,-0.009521,1.060791,1.374046,3.29771,-0.587786,1.061847,3.620551,21945,36577,14630,21945,0,103.943,0,normal
1780598971.8526893,70.15089689999877,916151,0.034668,-0.034912,1.045898,2.114504,2.442748,-0.687023,1.047055,3.303051,21947,36582,14633,21947,1,103.943,14,normal
1780598971.8899677,70.18817520000448,916182,0.029785,-0.001465,1.049316,1.679389,2.328244,-0.40458,1.04974,2.899096,21952,36589,14635,21952,0,103.943,1,normal
1780598971.913321,70.21152850000362,916213,0.032715,-0.040771,1.070557,1.099237,2.51145,-0.885496,1.071832,2.880939,21954,36593,14637,21954,0,103.943,0,normal
1780598971.9450815,70.24328910000622,916244,0.041016,-0.028076,1.050049,2.541985,3.045802,-0.770992,1.051224,4.041414,21956,36598,14640,21956,1,103.943,14,normal
1780598971.976334,70.27454169999692,916276,0.054443,-0.023193,1.056396,0.450382,2.694656,-0.89313,1.058053,2.874317,21960,36603,14641,21960,0,103.943,5,normal
1780598972.0070302,70.3052377999993,916307,0.028564,-0.022705,1.056396,1.908397,2.129771,-0.396947,1.057026,2.887122,21962,36607,14643,21962,0,92.857,0,normal
1780598972.040359,70.33856659999583,916338,0.05542,-0.033936,1.058106,2.099237,2.900763,-0.534351,1.060099,3.620325,21965,36613,14646,21965,0,92.857,6,normal
1780598972.0698376,70.36804509999638,916370,0.052246,0.011719,1.063965,1.061069,3.549618,-1.137405,1.065311,3.87548,21969,36619,14648,21969,0,92.857,1,normal
1780598972.100063,70.3982704999944,916400,0.041504,-0.032471,1.038818,2.480916,2.80916,-0.870229,1.040154,3.847548,21971,36624,14651,21971,1,92.857,13,normal
1780598972.1313715,70.42957910000405,916431,0.019287,-0.027344,1.047852,1.435114,2.557252,-0.717557,1.048386,3.018937,21975,36629,14652,21975,1,92.857,6,normal
1780598972.1616678,70.45987530000275,916462,0.039307,0.009277,1.056641,1.557252,3.396947,-0.755725,1.057412,3.812532,21979,36635,14654,21979,0,92.857,0,normal
1780598972.193121,70.49132840000675,916493,0.05127,-0.040527,1.05127,2.114504,2.969466,-1.045802,1.053299,3.792434,21981,36640,14657,21981,1,92.857,14,normal
1780598972.2238455,70.52205310000863,916524,0.036377,0.001465,1.055664,1.480916,2.816794,-0.396947,1.056292,3.207025,21987,36647,14658,21987,0,92.857,0,normal
1780598972.2549393,70.5531467999972,916555,0.024902,-0.036133,1.067383,1.167939,1.900763,-1.320611,1.068284,2.592488,21989,36651,14660,21989,0,92.857,0,normal
1780598972.2865958,70.58480340000824,916586,0.054443,-0.025635,1.045898,2.343511,3.557252,-0.603053,1.047628,4.302297,21991,36656,14663,21991,1,103.943,14,normal
1780598972.3174622,70.6156697999977,916617,0.04126,0.004395,1.050049,0.717557,3.335878,-0.862595,1.050868,3.519523,21996,36663,14665,21996,0,103.943,1,normal
1780598972.3479438,70.64615119999507,916648,0.037354,-0.053467,1.050781,1.70229,2.442748,-0.832061,1.052804,3.091462,21998,36667,14667,21998,0,103.943,0,normal
1780598972.3789835,70.67719089999446,916678,0.066162,-0.028076,1.057861,2.389313,2.801527,-0.961832,1.0603,3.805587,22001,36672,14669,22001,1,103.943,14,normal
1780598972.4091315,70.70733910000126,916709,0.045166,-0.039551,1.047119,0.458015,2.572519,-0.946565,1.048839,2.77914,22006,36679,14671,22006,0,103.943,1,normal
1780598972.4400797,70.73828720000165,916740,0.043457,-0.032959,1.067139,1.91603,2.59542,-0.648855,1.068532,3.290652,22008,36683,14673,22008,0,103.943,0,normal
1780598972.4699392,70.76814680000825,916770,0.049316,-0.001953,1.050781,2.671756,3.679389,-0.328244,1.05194,4.55894,22012,36689,14675,22012,0,103.943,6,normal
1780598972.50106,70.79926749999868,916801,0.020508,-0.027344,1.054199,0.625954,2.427481,-0.992366,1.054753,2.696159,22016,36695,14677,22016,0,103.943,1,normal
1780598972.5334616,70.83166900000651,916832,0.041504,-0.03418,1.056885,2.007634,2.89313,-0.938931,1.058252,3.644501,22018,36699,14679,22018,0,103.943,1,normal
1780598972.5643423,70.86254980000376,916863,0.044922,-0.038818,1.058106,1.900763,2.763359,-0.763359,1.05977,3.439734,22023,36705,14680,22023,0,115.523,6,normal
1780598972.5956287,70.8938363000052,916895,0.050293,-0.004395,1.068604,1.374046,2.885496,-0.748092,1.069795,3.282336,22025,36709,14682,22025,0,115.523,0,normal
1780598972.6265693,70.92477690000669,916926,0.043213,-0.045654,1.035156,2.068702,1.977099,-0.717557,1.037063,2.950142,22027,36714,14685,22027,1,115.523,14,normal
1780598972.6575704,70.95577780000167,916957,0.052246,-0.00708,1.050293,1.389313,2.21374,-0.694656,1.051616,2.704327,22032,36721,14687,22032,0,115.523,0,normal
1780598972.6888232,70.98703069999465,916988,0.043701,-0.05249,1.055908,1.053435,2.839695,-0.877863,1.058115,3.153448,22034,36725,14689,22034,0,115.523,0,normal
1780598972.7196999,71.01790730000357,917019,0.046143,-0.05835,1.040527,2.221374,2.923664,-0.740458,1.043183,3.745743,22036,36730,14692,22036,1,115.523,14,normal
1780598972.7498753,71.04808279999997,917050,0.053711,-0.003174,1.058106,0.916031,3.10687,-0.51145,1.059473,3.279228,22039,36735,14694,22039,0,115.523,1,normal
1780598972.782192,71.08039960000315,917081,0.057373,-0.06958,1.063477,1.48855,2.419847,-0.679389,1.067294,2.921132,22041,36739,14696,22041,0,115.523,0,normal
1780598972.8128653,71.11107270000502,917112,0.062988,-0.009033,1.056641,2.870229,2.916031,-0.625954,1.058555,4.139235,22045,36745,14698,22045,0,115.523,6,normal
1780598972.8431857,71.14139309999882,917143,0.048828,-0.037109,1.056152,0.358779,2.328244,-1.167939,1.057932,2.629358,22049,36751,14700,22049,0,92.857,1,normal
1780598972.8745644,71.17277190000459,917174,0.042969,-0.036133,1.061035,2.099237,2.900763,-1.045802,1.062519,3.730271,22051,36755,14702,22051,0,92.857,1,normal
1780598972.9065695,71.20477690000553,917205,0.04248,-0.032959,1.061035,1.732824,2.763359,-0.557252,1.062396,3.308982,22056,36761,14703,22056,0,92.857,6,normal
1780598972.9356585,71.23386599999503,917236,0.029541,-0.005615,1.054443,1.099237,3.282443,-0.916031,1.054872,3.580763,22060,36767,14705,22060,0,92.857,0,normal
1780598972.9666996,71.26490720000584,917267,0.053955,-0.029053,1.045654,1.625954,2.480916,-0.496183,1.047448,3.007469,22062,36772,14708,22062,1,92.857,14,normal
1780598973.012243,71.31045059999451,917298,0.0354,-0.020996,1.053223,1.694656,2.030534,-1.030534,1.054026,2.838474,22068,36779,14709,22068,0,92.857,0,normal
1780598973.030138,71.32834550000553,917330,0.033447,-0.052246,1.052246,1.19084,2.061069,-1.053435,1.054073,2.603042,22070,36783,14711,22070,0,92.857,0,normal
1780598973.0607219,71.35892929999682,917361,0.068848,-0.054443,1.053955,2.473282,2.908397,-0.961832,1.057604,3.937133,22073,36788,14713,22073,1,92.857,14,normal
1780598973.091507,71.38971450000827,917392,0.038818,-0.009766,1.049561,1.19084,2.549618,-0.59542,1.050324,2.876313,22078,36795,14715,22078,0,92.857,0,normal
1780598973.1247308,71.42293830000563,917423,0.050781,-0.059814,1.055176,1.671756,2.51145,-0.954198,1.058089,3.164276,22079,36797,14716,22079,0,107.143,6,normal
1780598973.1543999,71.45260740000231,917454,0.05835,-0.004395,1.05957,3.083969,3.099237,-0.580153,1.061185,4.410523,22083,36803,14718,22083,0,107.143,6,normal
1780598973.185184,71.48339160000614,917485,0.05249,-0.042236,1.057861,0.396947,2.40458,-1.175572,1.060005,2.705835,22087,36809,14720,22087,0,107.143,1,normal
1780598973.2166147,71.51482219999889,917515,0.04126,-0.020996,1.057861,1.709924,2.824427,-0.671756,1.058874,3.369345,22089,36813,14722,22089,0,107.143,0,normal
1780598973.247845,71.5460524999944,917547,0.041748,-0.04126,1.061035,1.961832,2.312977,-0.717557,1.062658,3.116655,22093,36819,14724,22093,0,107.143,6,normal
1780598973.2769966,71.57520419999491,917578,0.046875,0.000977,1.061035,1.221374,2.923664,-1.259542,1.06207,3.409694,22097,36825,14726,22097,0,107.143,1,normal
1780598973.308583,71.60679059999529,917608,0.06665,-0.027344,1.042725,2.251908,2.954198,-0.40458,1.04521,3.736585,22099,36830,14729,22099,1,107.143,14,normal
1780598973.3390756,71.63728320000519,917639,0.037842,-0.040527,1.052734,1.465649,2.473282,-0.671756,1.054194,2.952373,22103,36836,14731,22103,1,107.143,3,normal
1780598973.3696146,71.6678222000046,917670,0.033936,-0.00708,1.0625,1.435114,3.10687,-0.778626,1.063065,3.509766,22106,36841,14733,22106,0,107.143,1,normal
1780598973.4009387,71.6991463000013,917700,0.019043,-0.034668,1.042725,1.931298,2.656489,-0.610687,1.043475,3.340626,22108,36846,14736,22108,1,104.693,13,normal
1780598973.4315498,71.72975739999674,917732,0.045898,-0.01123,1.053223,1.08397,2.29771,-0.442748,1.054282,2.578854,22114,36853,14737,22114,0,104.693,0,normal
1780598973.463471,71.7616784999991,917763,0.026367,-0.054443,1.053711,1.183206,2.755725,-0.816794,1.055446,3.108239,22116,36857,14739,22116,0,104.693,0,normal
1780598973.494386,71.79259340000863,917794,0.043213,-0.043701,1.046631,2.442748,3.038168,-1.038168,1.048434,4.034262,22119,36862,14741,22119,1,104.693,13,normal
1780598973.5246224,71.82283000000461,917825,0.035156,-0.017334,1.055176,0.816794,2.778626,-0.633588,1.055904,2.964684,22124,36869,14743,22124,0,104.693,0,normal
1780598973.5561447,71.85435229999712,917856,0.041016,-0.044678,1.046631,1.282443,2.152672,-0.885496,1.048387,2.657585,22125,36871,14744,22125,0,104.693,6,normal
1780598973.5861084,71.88431589999527,917887,0.046631,0.002441,1.050049,3.0,3.259542,-0.618321,1.051087,4.472912,22129,36877,14746,22129,0,104.693,5,normal
1780598973.617724,71.91593139999895,917917,0.046631,-0.021973,1.044189,0.870229,2.641221,-0.839695,1.045461,2.904899,22133,36883,14748,22133,0,104.693,0,normal
1780598973.6484084,71.94661590000032,917948,0.025879,-0.029541,1.053955,1.923664,2.70229,-0.78626,1.054686,3.408968,22135,36887,14750,22135,0,104.693,0,normal
1780598973.6810088,71.9792163999955,917979,0.041748,-0.028809,1.057373,1.984733,3.366412,-0.59542,1.058589,3.953027,22139,36893,14752,22139,0,111.111,5,normal
1780598973.7120492,72.01025669999945,918011,0.022461,0.017578,1.064697,0.931298,3.465649,-0.427481,1.065079,3.61397,22142,36897,14753,22142,0,111.111,5,normal
1780598973.7422683,72.04047590000846,918042,0.043213,-0.03125,1.052246,2.129771,2.496183,-0.664122,1.053596,3.347822,22144,36902,14756,22144,1,111.111,14,normal
1780598973.7743795,72.07258700000239,918073,0.042236,-0.010742,1.061523,1.51145,2.633588,-0.816794,1.062418,3.144427,22149,36909,14758,22149,0,111.111,0,normal
1780598973.8047445,72.10295190000033,918104,0.034424,-0.031494,1.055176,1.305344,2.725191,-0.847328,1.056207,3.13824,22151,36913,14760,22151,0,111.111,1,normal
1780598973.835582,72.13378950000333,918135,0.029297,-0.059082,1.041504,2.038168,2.824427,-0.725191,1.04359,3.557727,22153,36918,14763,22153,1,111.111,14,normal
1780598973.8666089,72.16481630000635,918166,0.027832,-0.007813,1.045654,1.534351,3.030534,-0.80916,1.046054,3.491864,22158,36925,14765,22158,0,111.111,0,normal
1780598973.8967247,72.19493220000004,918197,0.041748,-0.064697,1.043701,1.396947,2.610687,-0.816794,1.046538,3.07153,22160,36929,14767,22160,0,111.111,1,normal
1780598973.9279807,72.22618820000207,918228,0.032471,-0.003662,1.048828,2.435115,3.732824,-0.282443,1.049337,4.465818,22163,36934,14769,22163,1,111.111,13,normal
1780598973.9588253,72.25703280000016,918259,0.037354,-0.027832,1.051758,0.633588,2.435115,-0.900763,1.052789,2.672563,22168,36941,14771,22168,0,103.571,0,normal
1780598973.9905522,72.28875980000885,918290,0.032471,-0.036133,1.044434,1.91603,2.748092,-0.59542,1.045563,3.402603,22170,36945,14773,22170,0,103.571,0,normal
1780598974.0217352,72.319942800008,918321,0.030518,-0.035156,1.056396,1.839695,2.946565,-0.656489,1.057422,3.535208,22175,36951,14774,22175,0,103.571,6,normal
1780598974.0518353,72.35004279999703,918352,0.038818,-0.002197,1.058594,1.419847,2.908397,-0.862595,1.059308,3.349449,22179,36957,14776,22179,0,103.571,0,normal
1780598974.0829237,72.38113120000344,918383,0.055908,-0.032959,1.056152,2.198473,2.839695,-0.587786,1.058144,3.639044,22181,36962,14779,22181,1,103.571,14,normal
1780598974.1146348,72.41284230000747,918414,0.028076,-0.026367,1.053223,1.641221,2.305344,-0.458015,1.053927,2.866704,22184,36967,14781,22184,0,103.571,1,normal
1780598974.146022,72.44422950000444,918446,0.043701,-0.042969,1.071777,1.068702,2.541985,-1.122137,1.073528,2.97708,22186,36971,14783,22186,0,103.571,0,normal
1780598974.178072,72.47627949999878,918477,0.054932,-0.023193,1.058106,2.541985,2.389313,-0.931298,1.059784,3.610792,22188,36976,14786,22188,1,103.571,14,normal
1780598974.2077382,72.50594560000172,918508,0.028076,0.001953,1.042969,1.435114,2.541985,-0.381679,1.043348,2.943963,22193,36983,14788,22193,0,103.571,1,normal
1780598974.2388656,72.53707320000103,918539,0.047852,-0.058105,1.054932,1.335878,2.503817,-0.610687,1.057614,2.902862,22195,36987,14790,22195,0,96.429,1,normal
1780598974.2706606,72.56886810000287,918570,0.04834,-0.010254,1.048584,2.541985,3.908397,-0.793893,1.049748,4.729431,22199,36993,14792,22199,0,96.429,6,normal
1780598974.3015332,72.59974069999589,918601,0.034668,-0.037109,1.050049,0.480916,2.862595,-1.122137,1.051276,3.112061,22203,36999,14794,22203,0,96.429,1,normal
1780598974.3334513,72.63165890000528,918632,0.052002,-0.046387,1.050537,1.564886,3.358779,-0.656489,1.052846,3.763142,22205,37003,14796,22205,0,96.429,1,normal
1780598974.363785,72.66199259999848,918663,0.042236,-0.035889,1.058594,1.778626,2.534351,-1.053435,1.060044,3.2705,22210,37009,14797,22210,0,96.429,6,normal
1780598974.3939674,72.69217480000225,918694,0.048584,0.002197,1.059326,1.08397,3.229008,-0.572519,1.060442,3.453876,22214,37015,14799,22214,0,96.429,0,normal
1780598974.4262338,72.72444130000076,918725,0.046875,-0.02832,1.054688,2.251908,2.267176,-0.709924,1.056108,3.273403,22216,37020,14802,22216,1,96.429,14,normal
1780598974.4560852,72.7542928000039,918756,0.041992,-0.021484,1.056641,1.381679,2.59542,-0.89313,1.057693,3.072934,22221,37027,14804,22221,0,96.429,1,normal
1780598974.4877584,72.78596589999506,918787,0.020508,-0.010498,1.062744,1.099237,2.80916,-0.977099,1.062994,3.170872,22223,37031,14806,22223,0,96.429,0,normal
1780598974.5197163,72.81792390000192,918818,0.0271,-0.042969,1.034668,1.664122,2.679389,-0.610687,1.035914,3.212688,22225,37036,14809,22225,1,107.527,14,normal
1780598974.549404,72.8476115000085,918849,0.046875,0.007568,1.050293,1.412214,2.885496,-0.679389,1.051366,3.283596,22228,37041,14811,22228,0,107.527,0,normal
1780598974.5810554,72.87926299999526,918880,0.040283,-0.056152,1.057617,1.442748,2.664122,-1.030534,1.059873,3.200167,22230,37045,14813,22230,0,107.527,0,normal
1780598974.6110828,72.90929039999901,918911,0.039062,-0.002441,1.05249,2.557252,2.961832,-0.450382,1.053218,3.938887,22233,37050,14815,22233,1,107.527,14,normal
1780598974.643143,72.94135039999674,918942,0.031982,-0.011963,1.052246,0.679389,2.526718,-0.89313,1.0528,2.764698,22238,37057,14817,22238,0,107.527,0,normal
1780598974.6736357,72.97184320000815,918973,0.030762,-0.029297,1.053955,2.022901,2.847328,-0.778626,1.054811,3.5785,22240,37061,14819,22240,0,107.527,0,normal
1780598974.7048123,73.00301970000146,919004,0.04248,-0.016846,1.056641,1.961832,3.053435,-0.770992,1.057628,3.710348,22243,37065,14820,22243,0,107.527,6,normal
1780598974.736211,73.03441860000021,919036,0.06543,-0.006592,1.064209,0.946565,3.328244,-0.458015,1.066239,3.490412,22247,37071,14822,22247,0,107.527,1,normal
1780598974.7677426,73.06595020000532,919067,0.024902,-0.032471,1.050537,2.114504,2.244275,-0.519084,1.051334,3.126875,22249,37076,14825,22249,1,107.527,14,normal
1780598974.7983804,73.09658800000034,919098,0.0354,-0.025879,1.050293,1.389313,2.137405,-1.015267,1.051208,2.743986,22254,37083,14827,22254,0,103.571,0,normal
1780598974.830363,73.12857050000457,919130,0.026611,-0.063721,1.053467,1.427481,2.259542,-1.145038,1.055728,2.907636,22256,37087,14829,22256,0,103.571,1,normal
1780598974.861347,73.15955450000183,919161,0.046387,0.00293,1.052246,2.526718,2.625954,-0.969466,1.053272,3.770915,22259,37092,14831,22259,1,103.571,13,normal
1780598974.8932333,73.19144080000115,919192,0.033203,-0.013428,1.049316,0.763359,2.473282,-1.061069,1.049928,2.797447,22264,37099,14833,22264,0,103.571,0,normal
1780598974.9234688,73.22167630000331,919223,0.0271,-0.04126,1.044922,2.183206,2.282443,-0.931298,1.046087,3.292909,22266,37103,14835,22266,0,103.571,1,normal
1780598974.9542372,73.25244480000401,919254,0.041504,-0.002197,1.052734,2.770992,2.89313,-0.618321,1.053554,4.053507,22270,37109,14837,22270,0,103.571,5,normal
1780598974.9859679,73.28417549999722,919285,0.03833,-0.033447,1.051514,0.282443,3.19084,-0.916031,1.052743,3.331718,22274,37115,14839,22274,0,103.571,0,normal
1780598975.0161567,73.31436430000758,919316,0.040771,-0.037842,1.051758,2.152672,2.992366,-0.145038,1.053228,3.689077,22276,37120,14842,22276,1,103.571,14,normal
1780598975.0476754,73.34588290000102,919347,0.034912,-0.037354,1.053467,1.847328,2.480916,-0.709924,1.054707,3.173572,22280,37125,14843,22280,0,103.571,5,normal
1780598975.0783587,73.37656610000704,919378,0.028076,-0.004883,1.052978,1.183206,2.938931,-0.664122,1.053364,3.237028,22283,37129,14844,22283,0,103.571,6,normal
1780598975.1095293,73.40773679999984,919409,0.025391,-0.03418,1.051758,1.992366,2.549618,-0.648855,1.052619,3.300165,22285,37134,14847,22285,1,103.571,14,normal
1780598975.140852,73.4390596000012,919440,0.010498,-0.01123,1.041016,1.671756,2.450382,-0.610687,1.041129,3.028544,22290,37141,14849,22290,0,103.571,1,normal
1780598975.1720555,73.47026309999637,919472,0.028809,-0.054932,1.053955,1.435114,2.229008,-0.816794,1.055779,2.774019,22292,37145,14851,22292,0,103.571,1,normal
1780598975.204072,73.50227959999756,919503,0.061523,0.001221,1.06543,2.664122,3.290076,-0.603053,1.067205,4.276192,22295,37150,14853,22295,1,103.571,14,normal
1780598975.2349129,73.53312029999506,919534,0.047119,-0.015869,1.044678,0.89313,2.587786,-1.038168,1.04586,2.927817,22300,37157,14855,22300,0,103.571,1,normal
1780598975.265439,73.56364659999963,919565,0.023926,-0.031006,1.052978,1.946565,2.328244,-1.015267,1.053706,3.200094,22302,37161,14857,22302,0,103.571,1,normal
1780598975.2977345,73.59594199999992,919596,0.062012,-0.03418,1.061523,2.366412,2.923664,-0.473282,1.063882,3.791004,22306,37167,14859,22306,0,103.571,6,normal
1780598975.3286462,73.62685369999963,919628,0.056152,0.018311,1.070557,1.412214,2.961832,-0.885496,1.072185,3.398662,22310,37173,14861,22310,0,108.0,0,normal
1780598975.3591251,73.65733270000783,919659,0.053955,-0.030762,1.045898,2.038168,2.534351,-0.656489,1.047741,3.317837,22312,37178,14864,22312,1,108.0,14,normal
1780598975.3912485,73.68945590000658,919690,0.014893,-0.016113,1.054688,1.59542,1.923664,-0.687023,1.054916,2.591881,22318,37185,14865,22318,0,108.0,0,normal
1780598975.4222708,73.72047840000596,919721,0.03418,-0.026367,1.067871,1.328244,2.717557,-1.129771,1.068743,3.22889,22320,37189,14867,22320,0,108.0,0,normal
1780598975.4521797,73.75038720000884,919752,0.050049,-0.064697,1.04541,1.641221,2.687023,-0.946565,1.048605,3.287808,22322,37194,14870,22322,1,108.0,14,normal
1780598975.4847457,73.78295320000325,919783,0.063232,-0.021484,1.055664,1.625954,2.641221,-0.442748,1.057774,3.133018,22327,37201,14872,22327,0,108.0,1,normal
1780598975.5149188,73.81312639999669,919814,0.04541,-0.05835,1.05835,1.160305,2.564885,-1.045802,1.060929,3.003106,22328,37203,14873,22328,0,108.0,6,normal
1780598975.5454946,73.84370209999906,919845,0.052246,-0.004395,1.051758,2.671756,2.564885,-0.717557,1.053064,3.772506,22331,37208,14875,22331,1,108.0,14,normal
1780598975.5765994,73.87480700000015,919876,0.056641,-0.016113,1.046143,0.961832,2.603053,-0.908397,1.047799,2.919964,22336,37215,14877,22336,0,108.0,1,normal
1780598975.6072128,73.90542019999702,919907,0.046631,-0.026855,1.054199,1.89313,2.961832,-1.022901,1.055572,3.660972,22338,37219,14879,22338,0,100.358,0,normal
1780598975.6392481,73.93745569999737,919938,0.049561,-0.032715,1.061768,1.847328,3.167939,-0.374046,1.063427,3.68624,22341,37225,14882,22341,0,100.358,6,normal
1780598975.6715398,73.9697473999986,919970,0.031006,0.023682,1.053711,1.435114,2.992366,-0.954198,1.054433,3.453159,22344,37229,14883,22344,0,100.358,5,normal
1780598975.7024786,74.00068610000017,920001,0.040771,-0.030029,1.046631,1.931298,2.396947,-0.603053,1.047855,3.136708,22346,37234,14886,22346,1,100.358,13,normal
1780598975.7327986,74.03100620000623,920032,0.016602,0.0,1.047852,1.335878,2.541985,-0.40458,1.047983,2.89999,22351,37241,14888,22351,0,100.358,0,normal
1780598975.7625735,74.06078090000665,920063,0.013916,-0.027344,1.0625,1.389313,2.374046,-1.076336,1.062943,2.953774,22353,37245,14890,22353,0,100.358,1,normal
1780598975.7944517,74.09265920000325,920094,0.043701,-0.067139,1.042236,1.687023,2.916031,-0.862595,1.04531,3.47755,22355,37250,14893,22355,1,100.358,13,normal
1780598975.82616,74.12436739999976,920125,0.046875,-0.018799,1.04834,1.587786,2.526718,-0.442748,1.049556,3.016852,22360,37257,14895,22360,0,100.358,0,normal
1780598975.8567781,74.15498570000636,920156,0.046875,-0.05835,1.055176,1.503817,2.977099,-0.763359,1.057827,3.421594,22362,37261,14897,22362,0,100.358,0,normal
1780598975.8879523,74.18615989999671,920187,0.031006,0.000977,1.046143,2.80916,2.603053,-0.549618,1.046602,3.869024,22365,37266,14899,22365,1,96.429,13,normal
1780598975.9284058,74.22661330000847,920218,0.04126,-0.017334,1.058106,0.21374,2.610687,-1.076336,1.059052,2.831938,22370,37273,14901,22370,0,96.429,0,normal
1780598975.950204,74.2484112999955,920249,0.036865,-0.022705,1.051514,1.801527,2.732824,-0.900763,1.052405,3.394879,22372,37277,14903,22372,0,96.429,0,normal
1780598975.9800138,74.27822140000353,920280,0.032471,-0.033447,1.062744,2.053435,3.290076,-0.625954,1.063766,3.928488,22377,37283,14904,22377,0,96.429,5,normal
1780598976.0113528,74.30956039999728,920311,0.041748,-0.01416,1.048828,1.152672,3.152672,-0.977099,1.049754,3.4961,22381,37289,14906,22381,0,96.429,0,normal
1780598976.0417283,74.33993580000242,920341,0.038574,-0.042969,1.044922,1.900763,3.175573,-0.061069,1.046516,3.701472,22383,37293,14908,22383,0,96.429,0,normal
1780598976.072513,74.37072069999704,920372,0.05127,-0.032227,1.058106,1.832061,2.740458,-0.572519,1.059837,3.345794,22386,37297,14909,22386,0,96.429,5,normal
1780598976.1021867,74.40039409999736,920403,0.070312,0.005371,1.067871,1.122137,4.10687,-0.687023,1.070197,4.31249,22390,37303,14911,22390,0,96.429,1,normal
1780598976.1325688,74.43077629999607,920433,0.05127,-0.037354,1.058838,2.465649,2.59542,-0.320611,1.060736,3.59422,22392,37308,14914,22392,1,96.429,14,normal
1780598976.164786,74.4629935999983,920464,0.03125,-0.036133,1.05249,1.557252,2.694656,-0.870229,1.053574,3.231641,22397,37315,14916,22397,0,115.523,0,normal
1780598976.1954732,74.49368070000492,920495,0.034912,-0.006592,1.058838,1.145038,3.290076,-0.908397,1.059434,3.600125,22399,37319,14918,22399,0,115.523,1,normal
1780598976.2266366,74.52484410000034,920526,0.025391,-0.039062,1.04541,1.969466,2.557252,-0.778626,1.046448,3.32033,22401,37324,14921,22401,1,115.523,13,normal
1780598976.256552,74.55475939999451,920556,0.03833,-0.025635,1.048096,1.557252,2.015267,-0.977099,1.04911,2.72783,22407,37331,14922,22407,0,115.523,0,normal
1780598976.2873564,74.58556400000816,920587,0.044922,-0.012695,1.065674,1.343511,2.854962,-0.900763,1.066696,3.281342,22409,37335,14924,22409,0,115.523,1,normal
1780598976.3183289,74.6165364000044,920618,0.062012,-0.068359,1.056396,1.931298,2.061069,-1.015267,1.060421,3.001447,22411,37340,14927,22411,1,115.523,13,normal
1780598976.3490531,74.64726060000248,920649,0.052734,-0.010498,1.048584,1.229008,2.580153,-0.618321,1.049962,2.924033,22416,37347,14929,22416,0,115.523,0,normal
1780598976.3799415,74.67814910000016,920680,0.026855,-0.0625,1.056641,1.473282,2.290076,-0.839695,1.058828,2.849578,22418,37351,14931,22418,0,115.523,0,normal
1780598976.4107082,74.70891560000018,920711,0.05542,-0.001221,1.056152,2.381679,3.389313,-0.671756,1.057606,4.196558,22421,37356,14933,22421,1,115.523,13,normal
1780598976.443557,74.7417645999958,920742,0.04126,-0.020508,1.052734,0.442748,2.519084,-1.198473,1.053742,2.824562,22426,37363,14935,22426,0,104.317,0,normal
1780598976.4730399,74.77124729999923,920773,0.044678,-0.023926,1.059326,2.030534,2.877863,-0.969466,1.060538,3.653084,22428,37367,14937,22428,0,104.317,0,normal
1780598976.504749,74.80295660000411,920804,0.046143,-0.043457,1.049561,1.885496,2.687023,-0.70229,1.051473,3.356844,22431,37371,14938,22431,0,104.317,5,normal
1780598976.5360034,74.83421080000699,920836,0.039795,0.007568,1.065918,1.244275,3.396947,-0.954198,1.066688,3.741385,22435,37377,14940,22435,0,104.317,0,normal
1780598976.568068,74.8662755999976,920867,0.029785,-0.035156,1.049316,2.274809,2.526718,-0.480916,1.050328,3.433706,22437,37382,14943,22437,1,104.317,14,normal
1780598976.6045256,74.90273299999535,920904,0.036621,-0.017822,1.049805,1.366412,1.885496,-0.732824,1.050594,2.441149,22442,37389,14945,22442,0,104.317,0,normal
1780598976.6366203,74.93482779999613,920935,0.031006,-0.035156,1.04834,1.885496,2.267176,-0.48855,1.049387,2.988957,22444,37394,14948,22444,1,104.317,14,normal
1780598976.6681817,74.96638909999456,920967,0.048828,-0.00415,1.050049,1.358779,2.229008,-0.503817,1.051192,2.658681,22448,37399,14949,22448,0,104.317,0,normal
1780598976.6991222,74.99732969999604,920998,0.043945,-0.056885,1.056641,1.045802,2.19084,-0.870229,1.059083,2.57891,22450,37403,14951,22450,0,93.75,0,normal
1780598976.7291205,75.02732799999649,921029,0.058594,-0.050781,1.05127,2.305344,3.40458,-1.10687,1.054125,4.258044,22453,37408,14953,22453,1,93.75,13,normal
1780598976.7586255,75.05683309999586,921059,0.049316,-0.008057,1.053955,1.427481,2.824427,-0.419847,1.055139,3.192391,22458,37415,14955,22458,0,93.75,0,normal
1780598976.7908914,75.08909900000435,921090,0.02124,-0.052979,1.054199,1.099237,2.778626,-0.709924,1.055743,3.071331,22460,37419,14957,22460,0,93.75,0,normal
1780598976.8218484,75.12005599999975,921121,0.025879,-0.012207,1.052246,2.496183,3.618321,-0.534351,1.052635,4.428172,22463,37424,14959,22463,1,93.75,14,normal
1780598976.851964,75.15017150000494,921152,0.027832,-0.02417,1.038574,0.770992,2.40458,-1.091603,1.039228,2.751006,22468,37431,14961,22468,0,93.75,0,normal
1780598976.8827112,75.18091860000277,921182,0.03418,-0.054199,1.044922,1.725191,2.061069,-0.923664,1.046885,2.842084,22470,37435,14963,22470,0,93.75,0,normal
1780598976.9127114,75.21091900000465,921213,0.050293,-0.001465,1.060303,3.045802,2.664122,-0.389313,1.061496,4.065221,22474,37441,14965,22474,0,93.75,5,normal
1780598976.9447868,75.2429942000017,921244,0.04126,-0.033691,1.051025,0.343511,2.114504,-0.946565,1.052374,2.342032,22478,37447,14967,22478,0,93.75,1,normal
1780598976.97582,75.27402759999677,921275,0.037842,-0.043213,1.05127,1.778626,2.900763,-0.732824,1.052838,3.480656,22480,37451,14969,22480,0,108.303,0,normal
1780598977.0075507,75.30575820000377,921306,0.050049,-0.037842,1.051025,2.206107,2.89313,-0.580153,1.052897,3.684248,22485,37457,14970,22485,0,108.303,5,normal
1780598977.036935,75.33514260000084,921337,0.059082,0.000244,1.062988,1.320611,3.175573,-0.954198,1.064629,3.569141,22488,37461,14971,22488,0,108.303,5,normal
1780598977.0680957,75.36630310000328,921368,0.034424,-0.038086,1.053467,2.0,2.122137,-0.816794,1.054717,3.028303,22490,37466,14974,22490,1,108.303,14,normal
1780598977.0993848,75.39759229999618,921399,0.029785,-0.02002,1.041748,1.694656,2.496183,-0.717557,1.042366,3.101238,22496,37473,14975,22496,0,108.303,0,normal
1780598977.1308987,75.42910629999824,921430,0.054199,-0.032959,1.068359,1.038168,2.656489,-1.061069,1.070241,3.043122,22498,37477,14977,22498,0,108.303,1,normal
1780598977.1614895,75.45969689999765,921461,0.045166,-0.055176,1.047119,1.694656,2.312977,-0.870229,1.049544,2.996502,22500,37482,14980,22500,1,108.303,13,normal
1780598977.1923563,75.49056390000624,921492,0.055908,-0.003662,1.05127,1.679389,1.870229,-0.832061,1.052761,2.647722,22505,37489,14982,22505,0,108.303,0,normal
1780598977.2237403,75.52194790000794,921523,0.040039,-0.055908,1.052734,1.198473,2.114504,-1.030534,1.054978,2.639974,22507,37493,14984,22507,0,108.303,0,normal
1780598977.2550457,75.55325320000702,921554,0.032227,-0.002197,1.049072,2.473282,2.603053,-0.70229,1.049569,3.658719,22510,37498,14986,22510,1,107.527,14,normal
1780598977.2859087,75.5841161999997,921585,0.0354,-0.037598,1.041748,0.564886,2.236641,-1.206107,1.043027,2.603143,22515,37505,14988,22515,0,107.527,0,normal
1780598977.3171618,75.61536930000875,921616,0.036621,-0.025146,1.059326,1.687023,2.687023,-0.946565,1.060257,3.31091,22517,37509,14990,22517,0,107.527,0,normal
1780598977.3483958,75.64660330000333,921647,0.070801,-0.035889,1.0625,2.229008,2.89313,-0.458015,1.065461,3.680822,22521,37515,14992,22521,0,107.527,5,normal
1780598977.3787935,75.67700100000366,921678,0.051758,-0.038818,1.052734,0.877863,2.885496,-0.778626,1.05472,3.114962,22525,37521,14994,22525,0,107.527,0,normal
1780598977.4106314,75.70883899999899,921709,0.049072,-0.030518,1.048828,2.267176,2.687023,-0.419847,1.050419,3.540685,22527,37526,14997,22527,1,107.527,14,normal
1780598977.440767,75.7389744999964,921740,0.045654,-0.043945,1.049805,1.236641,2.412214,-0.732824,1.051715,2.80804,22532,37533,14999,22532,0,107.527,0,normal
1780598977.471365,75.76957250000851,921771,0.053955,-0.00708,1.06665,1.496183,3.625954,-0.732824,1.068038,3.990381,22534,37537,15001,22534,0,107.527,1,normal
1780598977.503001,75.80120850000822,921802,0.030518,-0.042236,1.053711,1.938931,2.450382,-0.755725,1.054998,3.214801,22536,37542,15004,22536,1,107.527,14,normal
1780598977.5339139,75.8321214000025,921833,0.049316,-0.024658,1.056885,1.412214,1.862595,-0.442748,1.058322,2.378999,22541,37549,15006,22541,0,111.111,0,normal
1780598977.5646772,75.86288480000803,921864,0.037842,-0.060303,1.060791,1.351145,2.687023,-0.709924,1.063177,3.090255,22543,37553,15008,22543,0,111.111,1,normal
1780598977.5943017,75.89250919999904,921895,0.057129,-0.039062,1.052002,2.412214,2.19084,-1.0,1.054276,3.4086,22546,37558,15010,22546,1,111.111,14,normal
1780598977.6254754,75.92368300000089,921925,0.041016,0.008789,1.053955,1.458015,2.633588,-0.603053,1.054789,3.07006,22550,37563,15011,22550,0,111.111,6,normal
1780598977.6572278,75.9554352999985,921956,0.023438,-0.041992,1.053467,1.557252,2.282443,-1.045802,1.054564,2.954366,22552,37567,15013,22552,0,111.111,0,normal
1780598977.6877618,75.98596930000349,921987,0.030029,-0.001465,1.053467,2.312977,3.51145,-0.59542,1.053896,4.246724,22555,37572,15015,22555,1,111.111,13,normal
1780598977.7182777,76.01648530000239,922018,0.04126,-0.017334,1.036133,0.824427,2.274809,-1.244275,1.037099,2.720782,22560,37579,15017,22560,0,111.111,0,normal
1780598977.7505684,76.04877579999447,922049,0.031738,-0.020996,1.042725,2.129771,2.900763,-0.763359,1.043419,3.678732,22562,37583,15019,22562,0,111.111,0,normal
1780598977.7815168,76.0797242999979,922080,0.040527,-0.027588,1.051025,2.48855,3.167939,-0.51145,1.052168,4.060825,22566,37589,15021,22566,0,111.111,5,normal
1780598977.8119526,76.11015999999654,922111,0.032959,-0.033691,1.054932,1.007634,3.282443,-0.587786,1.055984,3.483568,22568,37593,15023,22568,0,97.122,0,normal
1780598977.8424227,76.14063019999594,922142,0.032959,-0.016602,1.057129,2.351145,2.778626,-0.465649,1.057773,3.669533,22570,37598,15026,22570,1,97.122,14,normal
1780598977.8733406,76.1715480999992,922173,0.016113,-0.032227,1.053711,1.625954,2.458015,-0.961832,1.054327,3.100111,22575,37605,15028,22575,0,97.122,0,normal
1780598977.9045246,76.20273210000596,922204,0.050049,-0.001465,1.065186,1.412214,3.450382,-0.992366,1.066362,3.858014,22577,37609,15030,22577,0,97.122,1,normal
1780598977.9353638,76.23357120000583,922234,0.054932,-0.029053,1.05127,2.10687,2.442748,-0.725191,1.053104,3.306331,22579,37614,15033,22579,1,97.122,14,normal
1780598977.9817212,76.27992869999434,922265,0.037598,-0.019043,1.056885,1.587786,1.908397,-0.755725,1.057725,2.595027,22584,37621,15035,22584,0,97.122,0,normal
1780598977.997617,76.29582450000453,922297,0.031006,-0.057373,1.053955,1.061069,3.022901,-0.816794,1.055971,3.306198,22586,37625,15037,22586,0,97.122,0,normal
1780598978.0286956,76.32690309999452,922328,0.071289,-0.0354,1.053955,2.412214,3.480916,-0.717557,1.056956,4.295398,22589,37630,15039,22589,1,97.122,13,normal
1780598978.0601504,76.35835799999768,922359,0.041504,-0.014404,1.049072,0.885496,2.671756,-0.557252,1.049992,2.869305,22594,37637,15041,22594,0,97.122,0,normal
1780598978.09132,76.38952749999589,922390,0.032715,-0.039795,1.054443,1.396947,2.335878,-0.732824,1.055701,2.818655,22596,37641,15043,22596,0,100.358,0,normal
1780598978.1216395,76.41984699999739,922421,0.035156,0.003418,1.062256,2.885496,2.473282,-0.541985,1.062843,3.838875,22600,37647,15045,22600,0,100.358,5,normal
1780598978.1530488,76.45125620000181,922452,0.033203,-0.025146,1.048096,0.564886,2.679389,-1.305344,1.048923,3.033504,22604,37653,15047,22604,0,100.358,0,normal
1780598978.18463,76.48283740000625,922483,0.041016,-0.035645,1.062988,1.992366,2.801527,-0.503817,1.064376,3.474465,22606,37657,15049,22606,0,100.358,0,normal
1780598978.2138493,76.51205679999839,922514,0.058838,-0.036133,1.05249,1.832061,3.0,-0.793893,1.054753,3.603708,22611,37663,15050,22611,0,100.358,5,normal
1780598978.243981,76.54218849999597,922544,0.039307,-0.040527,1.042969,1.183206,3.0,-1.030534,1.044496,3.385554,22615,37669,15052,22615,0,100.358,1,normal
1780598978.2753932,76.57360079999489,922574,0.033936,-0.033203,1.055908,1.832061,2.778626,-0.824427,1.056975,3.428832,22617,37673,15054,22617,0,100.358,0,normal
1780598978.3066595,76.60486700000183,922605,0.045166,-0.04126,1.053955,2.244275,2.89313,-0.847328,1.055729,3.758315,22622,37679,15055,22622,0,100.358,6,normal
1780598978.3377137,76.63592129999597,922636,0.047119,0.011719,1.060547,1.007634,3.770992,-0.80916,1.061658,3.986282,22626,37685,15057,22626,0,100.358,1,normal
1780598978.3689418,76.66714920000231,922668,0.015625,-0.025879,1.036133,2.29771,2.503817,-0.908397,1.036574,3.517635,22628,37690,15060,22628,1,115.108,14,normal
1780598978.4007707,76.69897830000264,922699,0.05957,-0.022217,1.056152,1.633588,2.770992,-0.312977,1.058064,3.231867,22634,37697,15061,22634,0,115.108,0,normal
1780598978.4312215,76.72942899999907,922730,0.022217,-0.050049,1.060059,1.160305,2.778626,-0.816794,1.061472,3.119972,22636,37701,15063,22636,0,115.108,0,normal
1780598978.4621634,76.76037099999667,922761,0.052246,-0.039062,1.051758,2.068702,3.48855,-0.732824,1.053779,4.121473,22639,37706,15065,22639,1,115.108,13,normal
1780598978.4927645,76.79097200000251,922792,0.052246,-0.012451,1.047363,0.908397,2.145038,-1.08397,1.048739,2.569312,22644,37713,15067,22644,0,115.108,0,normal
1780598978.5247278,76.82293540000683,922824,0.034668,-0.018555,1.059326,1.832061,2.748092,-0.687023,1.060056,3.373493,22646,37717,15069,22646,0,115.108,0,normal
1780598978.5555992,76.85380680000526,922855,0.053711,-0.033691,1.054688,1.832061,2.679389,-0.526718,1.056592,3.288313,22650,37723,15071,22650,0,115.108,5,normal
1780598978.587809,76.88601660000859,922887,0.048096,0.01001,1.050293,1.061069,3.564885,-0.725191,1.051441,3.789482,22654,37729,15073,22654,0,115.108,0,normal
1780598978.6191158,76.91732330000377,922918,0.019043,-0.040039,1.035889,2.175573,2.763359,-0.549618,1.036837,3.559684,22656,37734,15076,22656,1,112.0,14,normal
1780598978.6485302,76.94673769999645,922949,0.028076,-0.003662,1.047607,1.557252,2.427481,-0.870229,1.04799,3.012473,22661,37741,15078,22661,0,112.0,1,normal
1780598978.6799066,76.97811409999849,922979,0.067139,-0.008545,1.072754,1.625954,3.496183,-1.061069,1.074887,3.999111,22663,37745,15080,22663,0,112.0,0,normal
1780598978.709946,77.00815340000554,923009,0.025391,-0.023193,1.059082,1.854962,2.664122,-0.931298,1.05964,3.377239,22665,37750,15083,22665,1,112.0,14,normal
1780598978.739661,77.03786840000248,923040,0.03125,-0.006836,1.059814,1.374046,2.557252,-0.633588,1.060297,2.971359,22670,37757,15085,22670,0,112.0,0,normal
1780598978.771045,77.06925250000495,923070,0.045654,-0.00708,1.059082,1.435114,3.374046,-0.870229,1.060089,3.768426,22672,37761,15087,22672,0,112.0,1,normal
1780598978.800925,77.09913250000682,923100,0.04126,-0.029053,1.045654,1.900763,2.503817,-0.343511,1.046871,3.162278,22674,37766,15090,22674,1,112.0,14,normal
1780598978.8315136,77.12972120000632,923131,0.034424,-0.011475,1.050537,1.496183,2.022901,-0.755725,1.051164,2.62713,22679,37773,15092,22679,0,112.0,0,normal
1780598978.863209,77.16141660000721,923162,0.048584,-0.040771,1.070557,1.328244,2.519084,-0.954198,1.072434,3.003417,22681,37777,15094,22681,0,112.0,0,normal
1780598978.894413,77.1926206000062,923193,0.053223,-0.062256,1.053467,1.671756,3.076336,-0.839695,1.056646,3.600514,22683,37782,15097,22683,1,98.182,13,normal
1780598978.9254103,77.2236178000021,923224,0.029053,-0.010742,1.054932,1.381679,3.129771,-0.641221,1.055386,3.480757,22687,37787,15098,22687,0,98.182,6,normal
1780598978.955366,77.25357349999831,923255,0.04248,-0.058838,1.065918,1.244275,2.076336,-0.984733,1.068386,2.613253,22689,37791,15100,22689,0,98.182,0,normal
1780598978.986532,77.28473959999974,923286,0.044434,-0.008545,1.049072,2.549618,3.381679,-0.259542,1.050048,4.243073,22692,37796,15102,22692,1,98.182,14,normal
1780598979.0169759,77.3151835000026,923317,0.042236,-0.020508,1.04541,0.465649,2.381679,-1.015267,1.046464,2.630588,22697,37803,15104,22697,0,98.182,0,normal
1780598979.0487134,77.34692100000393,923348,0.019775,-0.026611,1.050049,1.908397,2.534351,-0.900763,1.050572,3.297922,22699,37807,15106,22699,0,98.182,0,normal
1780598979.081186,77.37939360000018,923379,0.049072,-0.039795,1.054199,1.977099,3.251908,-0.648855,1.056091,3.860679,22702,37813,15109,22702,0,98.182,5,normal
1780598979.1105688,77.40877639999962,923410,0.049072,-0.019043,1.051758,0.961832,3.183206,-0.801527,1.053074,3.42058,22704,37817,15111,22704,0,98.182,0,normal
1780598979.1414394,77.43964700000652,923440,0.023193,-0.033936,1.059082,2.145038,2.549618,-0.549618,1.059879,3.376954,22706,37821,15113,22706,0,98.182,0,normal
1780598979.1710186,77.4692262000026,923471,0.040771,-0.0354,1.05249,2.030534,3.0,-0.641221,1.053874,3.67889,22711,37827,15114,22711,0,100.719,5,normal
1780598979.2024703,77.50067779999517,923501,0.062988,-0.016113,1.063232,1.137405,3.198473,-1.015267,1.065218,3.543259,22715,37833,15116,22715,0,100.719,1,normal
1780598979.2321713,77.53037870000117,923532,0.066406,-0.035156,1.05542,2.29771,2.885496,-0.473282,1.058091,3.718811,22717,37838,15119,22717,1,100.719,14,normal
1780598979.2650833,77.56329079999705,923563,0.04834,-0.038818,1.051025,1.816794,2.374046,-0.641221,1.052852,3.05745,22721,37844,15121,22721,1,100.719,3,normal
1780598979.2947035,77.59291089999897,923594,0.062988,-0.015381,1.058106,1.603053,3.389313,-0.564886,1.06009,3.791612,22724,37849,15123,22724,0,100.719,1,normal
1780598979.3263075,77.62451500000316,923625,0.030762,-0.047363,1.036621,1.992366,2.519084,-0.816794,1.038158,3.313979,22726,37854,15126,22726,1,100.719,13,normal
1780598979.3568587,77.65506620000815,923656,0.041748,-0.010742,1.050537,1.21374,2.671756,-0.496183,1.051421,2.976179,22732,37861,15127,22732,0,100.719,1,normal
1780598979.3887675,77.68697500000417,923688,0.043457,-0.058594,1.054443,1.351145,2.381679,-0.648855,1.056964,2.814072,22734,37865,15129,22734,0,100.719,0,normal
1780598979.4200735,77.71828109999478,923719,0.043701,-0.00708,1.047363,2.946565,2.740458,-0.923664,1.048298,4.128621,22737,37870,15131,22737,1,100.719,14,normal
1780598979.4514616,77.74966909999785,923750,0.046875,-0.020752,1.05542,0.564886,2.519084,-0.916031,1.056664,2.739342,22742,37877,15133,22742,0,111.111,0,normal
1780598979.4819078,77.78011530000367,923781,0.044434,-0.023438,1.060547,1.885496,2.152672,-0.862595,1.061736,2.98884,22743,37879,15134,22743,0,111.111,6,normal
1780598979.5149477,77.81315509999695,923812,0.040283,-0.043945,1.051758,2.21374,3.083969,-0.557252,1.053446,3.836932,22746,37885,15137,22746,0,111.111,5,normal
1780598979.5444665,77.84267399999953,923844,0.037842,0.018555,1.063477,1.48855,3.022901,-0.854962,1.064311,3.476301,22750,37891,15139,22750,0,111.111,1,normal
1780598979.5763729,77.87458050000714,923875,0.029785,-0.030273,1.04248,1.862595,2.778626,-0.526718,1.043345,3.386363,22752,37896,15142,22752,1,111.111,14,normal
1780598979.606817,77.90502459999698,923906,0.033447,-0.003662,1.053955,1.396947,2.473282,-0.618321,1.054492,2.907044,22757,37903,15144,22757,0,111.111,0,normal
1780598979.637138,77.93534549999458,923937,0.013916,-0.04541,1.0625,0.847328,2.885496,-0.664122,1.063561,3.079791,22759,37907,15146,22759,0,111.111,1,normal
1780598979.668241,77.96644849999575,923968,0.044434,-0.063721,1.040772,2.0,2.381679,-0.725191,1.043666,3.193477,22761,37912,15149,22761,1,111.111,14,normal
1780598979.699102,77.9973095000023,923998,0.054932,-0.014648,1.052246,1.412214,2.671756,-0.458015,1.053781,3.056535,22767,37919,15150,22767,0,111.111,0,normal
1780598979.73036,78.02856760000577,924029,0.050781,-0.054443,1.05957,1.328244,2.015267,-1.053435,1.062183,2.633488,22769,37923,15152,22769,0,96.774,1,normal
1780598979.7600527,78.05826020000677,924060,0.055908,-0.005127,1.053223,2.496183,3.679389,-0.656489,1.054718,4.49442,22772,37928,15154,22772,1,96.774,13,normal
1780598979.7911022,78.08930980000878,924090,0.039307,-0.009033,1.050049,1.832061,2.969466,-0.778626,1.050823,3.574973,22777,37935,15156,22777,0,96.774,0,normal
1780598979.8224666,78.12067420000676,924121,0.030029,-0.054932,1.04834,1.160305,2.480916,-0.717557,1.050208,2.831279,22779,37939,15158,22779,0,96.774,0,normal
1780598979.8520508,78.15025819999573,924152,0.05249,0.000732,1.061279,2.534351,3.206107,-0.496183,1.062577,4.116826,22782,37944,15160,22782,1,96.774,14,normal
1780598979.8841698,78.18237740000768,924183,0.041748,-0.020264,1.047363,0.763359,2.549618,-0.938931,1.048391,2.822209,22787,37951,15162,22787,0,96.774,0,normal
1780598979.914574,78.21278139999777,924214,0.026123,-0.026367,1.056396,1.717557,2.740458,-0.725191,1.057048,3.314516,22789,37955,15164,22789,0,96.774,0,normal
1780598979.94619,78.24439770000754,924245,0.047607,-0.039062,1.062012,2.0,2.862595,-0.580153,1.063796,3.539919,22793,37961,15166,22793,0,96.774,5,normal
1780598979.977194,78.27540169999702,924276,0.056641,-0.005371,1.059326,1.183206,3.19084,-0.717557,1.060853,3.477977,22797,37967,15168,22797,0,96.774,0,normal
1780598980.0090199,78.30722740000056,924307,0.057617,-0.025391,1.053223,2.083969,2.916031,-0.610687,1.055103,3.635808,22799,37972,15171,22799,1,107.914,14,normal
1780598980.04056,78.33876759999839,924339,0.044678,-0.011719,1.055908,1.541985,2.694656,-0.648855,1.056918,3.171735,22805,37979,15172,22805,0,107.914,0,normal
1780598980.0714142,78.36962169999606,924370,0.044434,-0.052734,1.05957,0.908397,2.725191,-1.091603,1.061812,3.073019,22806,37981,15173,22806,0,107.914,5,normal
1780598980.1024163,78.40062380000018,924401,0.066895,-0.060791,1.05249,2.442748,2.458015,-0.641221,1.056364,3.524205,22808,37986,15176,22808,1,107.914,14,normal
1780598980.132594,78.43080159999954,924432,0.054932,-0.003662,1.051514,1.351145,2.282443,-0.854962,1.052954,2.786772,22813,37993,15178,22813,0,107.914,0,normal
1780598980.164661,78.46286840000539,924463,0.043213,-0.058838,1.057373,1.366412,2.908397,-0.931298,1.05989,3.34562,22815,37997,15180,22815,0,107.914,1,normal
1780598980.194679,78.49288659999729,924494,0.059082,-0.004639,1.056152,2.793893,2.900763,-0.748092,1.057814,4.096329,22818,38002,15182,22818,1,107.914,13,normal
1780598980.2253966,78.52360410000256,924525,0.055908,-0.030518,1.044922,0.549618,2.564885,-1.007634,1.046861,2.80999,22822,38007,15183,22822,0,107.914,6,normal
1780598980.257793,78.5560003999999,924556,0.033936,-0.018799,1.057129,1.992366,2.664122,-1.381679,1.05784,3.602236,22824,38011,15185,22824,0,107.914,0,normal
1780598980.2877796,78.58598720000009,924587,0.050293,-0.020752,1.061279,1.938931,2.78626,-0.541985,1.062673,3.437506,22828,38017,15187,22828,0,103.571,6,normal
1780598980.319062,78.6172693999979,924618,0.058105,-0.00708,1.056152,1.832061,3.099237,-0.717557,1.057773,3.67105,22832,38023,15189,22832,0,103.571,0,normal
1780598980.350279,78.64848659999552,924649,0.064941,-0.027344,1.057373,2.068702,2.923664,-0.549618,1.059718,3.623454,22834,38028,15192,22834,1,103.571,14,normal
1780598980.3813124,78.67951990000438,924680,0.037598,-0.034424,1.050537,1.679389,2.396947,-1.015267,1.051773,3.097817,22838,38033,15193,22838,0,103.571,5,normal
1780598980.412026,78.7102334999945,924711,0.051758,-0.012207,1.060791,1.770992,3.351145,-0.916031,1.062123,3.899449,22840,38037,15195,22840,0,103.571,0,normal
1780598980.4435513,78.74175889999606,924742,0.042969,-0.044189,1.038574,1.694656,2.885496,-0.610687,1.040402,3.401601,22842,38042,15198,22842,1,103.571,14,normal
1780598980.4737577,78.77196529999492,924773,0.043457,-0.001953,1.049561,1.40458,2.282443,-0.732824,1.050462,2.778385,22847,38049,15200,22847,0,103.571,0,normal
1780598980.504021,78.80222840000351,924804,0.018311,-0.050781,1.038818,1.335878,3.0,-0.748092,1.04022,3.368117,22849,38053,15202,22849,0,103.571,1,normal
1780598980.5361555,78.83436310000252,924834,0.050537,-0.052002,1.05835,2.053435,2.618321,-0.725191,1.060831,3.405598,22851,38058,15205,22851,1,103.571,14,normal
1780598980.565633,78.86384059999546,924865,0.033203,-0.005615,1.052246,1.366412,3.061069,-0.900763,1.052785,3.471109,22856,38065,15207,22856,0,100.719,0,normal
1780598980.5968351,78.89504260000831,924896,0.045654,-0.066406,1.064209,1.152672,2.587786,-0.717557,1.067256,2.922358,22858,38069,15209,22858,0,100.719,0,normal
1780598980.6274228,78.92563040000095,924927,0.049561,-0.009277,1.052734,2.473282,3.343511,-0.396947,1.053941,4.17777,22861,38074,15211,22861,1,100.719,13,normal
1780598980.6595085,78.95771600000444,924958,0.037109,-0.02417,1.054443,0.610687,2.358779,-1.274809,1.055373,2.749894,22866,38081,15213,22866,0,100.719,0,normal
1780598980.6899033,78.98811069999647,924989,0.032227,-0.02124,1.05127,1.564886,2.603053,-0.603053,1.051978,3.096518,22868,38085,15215,22868,0,100.719,0,normal
1780598980.720511,79.01871859999665,925020,0.062988,-0.020264,1.0625,2.061069,3.335878,-0.618321,1.064558,3.969686,22872,38091,15217,22872,0,100.719,5,normal
1780598980.7512112,79.04941880000115,925051,0.038086,-0.00708,1.051025,1.267176,3.251908,-1.038168,1.051739,3.641214,22876,38097,15219,22876,0,100.719,0,normal
1780598980.7830899,79.0812975000008,925082,0.041992,-0.032471,1.050537,2.267176,3.045802,-0.709924,1.051877,3.862769,22877,38100,15221,22877,1,100.719,17,normal
1780598980.814515,79.11272269999608,925113,0.038574,-0.043701,1.055176,1.572519,2.450382,-1.030534,1.056785,3.088558,22882,38107,15223,22882,0,100.719,0,normal
1780598980.8452618,79.14346930000465,925145,0.030029,-0.012695,1.056396,1.320611,2.40458,-1.007634,1.056899,2.922558,22884,38111,15225,22884,0,100.0,1,normal
1780598980.8758223,79.17402990000846,925175,0.024902,-0.039551,1.041504,1.694656,1.832061,-0.938931,1.042552,2.66644,22886,38116,15228,22886,1,100.0,14,normal
1780598980.9064906,79.2046982000029,925206,0.044434,-0.003662,1.057129,1.519084,2.244275,-0.854962,1.058069,2.841715,22892,38123,15229,22892,0,100.0,0,normal
1780598980.9393334,79.23754099999496,925237,0.036377,-0.054688,1.062744,1.038168,2.137405,-1.129771,1.064772,2.631097,22894,38127,15231,22894,0,100.0,1,normal
1780598980.9736567,79.27186409999558,925268,0.043945,-0.006104,1.04834,2.671756,2.992366,-0.59542,1.049278,4.055498,22897,38132,15233,22897,1,100.0,13,normal
1780598981.0009606,79.2991680999985,925299,0.050049,-0.012207,1.052978,0.793893,2.435115,-0.770992,1.054238,2.674786,22902,38139,15235,22902,0,100.0,0,normal
1780598981.031431,79.32963860000018,925330,0.048584,-0.056396,1.052978,1.885496,2.122137,-0.748092,1.055606,2.935678,22904,38143,15237,22904,0,100.0,0,normal
1780598981.0618305,79.3600379999989,925361,0.050049,-0.001709,1.065674,2.78626,3.114504,-0.748092,1.06685,4.245352,22908,38149,15239,22908,0,100.0,5,normal
1780598981.0930293,79.39123680000193,925392,0.046631,-0.039551,1.053955,0.412214,2.343511,-1.244275,1.055727,2.685179,22912,38155,15241,22912,0,100.0,0,normal
1780598981.1243024,79.42251000000397,925423,0.051758,-0.04541,1.060059,1.946565,2.458015,-0.549618,1.062292,3.183242,22914,38159,15243,22914,0,107.914,0,normal
1780598981.1558614,79.45406889999867,925454,0.038086,-0.039795,1.055908,1.725191,2.549618,-0.984733,1.057344,3.23211,22919,38165,15244,22919,0,107.914,5,normal
1780598981.1862767,79.4844843000028,925485,0.04541,-0.00415,1.059082,1.160305,3.198473,-0.694656,1.060063,3.47262,22923,38171,15246,22923,0,107.914,0,normal
1780598981.2175229,79.51573040000221,925516,0.043701,-0.042725,1.046143,2.114504,2.045802,-0.931298,1.047926,3.086057,22925,38176,15249,22925,1,107.914,14,normal
1780598981.248215,79.54642250000325,925548,0.038818,0.000488,1.059326,1.770992,2.854962,-0.381679,1.060037,3.381257,22930,38183,15251,22930,0,107.914,0,normal
1780598981.2797933,79.57800080000015,925579,0.030518,-0.050537,1.060303,1.175572,2.389313,-1.152672,1.061945,2.901627,22932,38187,15253,22932,0,107.914,1,normal
1780598981.3111558,79.60936329999822,925610,0.040527,-0.002686,1.046875,2.480916,3.725191,-0.541985,1.047663,4.508408,22935,38192,15255,22935,1,107.914,14,normal
1780598981.342786,79.64099369999894,925641,0.031982,-0.01001,1.050049,0.908397,2.641221,-0.473282,1.050584,2.832884,22940,38199,15257,22940,0,107.914,0,normal
1780598981.3738906,79.67209809999622,925672,0.046875,-0.059082,1.055664,1.587786,3.045802,-0.748092,1.058355,3.51534,22942,38203,15259,22942,0,107.914,0,normal
1780598981.405469,79.70367650000844,925703,0.044922,-0.012451,1.05835,2.503817,2.671756,-0.763359,1.059376,3.740333,22946,38209,15261,22946,0,114.286,6,normal
1780598981.4366045,79.73481199999515,925735,0.041992,-0.011475,1.055664,1.48855,3.175573,-0.832061,1.056561,3.604493,22950,38215,15263,22950,0,114.286,0,normal
1780598981.467779,79.76598650000233,925766,0.046875,-0.027588,1.059814,1.938931,2.709924,-0.48855,1.061209,3.367762,22952,38220,15266,22952,1,114.286,14,normal
1780598981.4998553,79.79806280000776,925798,0.037598,-0.020264,1.044678,1.549618,2.580153,-0.648855,1.04555,3.078883,22957,38227,15268,22957,0,114.286,1,normal
1780598981.5304368,79.82864419999532,925829,0.03418,-0.045654,1.055908,1.167939,2.748092,-1.274809,1.057447,3.246726,22958,38229,15269,22958,0,114.286,6,normal
1780598981.5619807,79.8601883000083,925860,0.056396,-0.045898,1.052002,2.21374,3.503817,-0.603053,1.054512,4.188204,22960,38234,15272,22960,1,114.286,14,normal
1780598981.5922039,79.8904113000026,925891,0.06543,0.001465,1.052002,1.175572,3.038168,-0.656489,1.054036,3.323163,22965,38241,15274,22965,0,114.286,1,normal
1780598981.6218464,79.92005400000198,925922,0.049316,-0.053467,1.058838,1.587786,2.465649,-0.78626,1.061333,3.03623,22967,38245,15276,22967,0,114.286,0,normal
1780598981.6543744,79.95258189999731,925953,0.060059,-0.000977,1.058838,2.679389,3.816794,-0.396947,1.06054,4.680236,22971,38251,15278,22971,0,100.0,6,normal
1780598981.6841252,79.98233270000492,925983,0.020752,-0.012451,1.042969,0.862595,2.885496,-0.923664,1.04325,3.150129,22974,38255,15279,22974,0,100.0,5,normal
1780598981.7149096,80.01311699999496,926014,0.028809,-0.043701,1.051025,1.740458,2.625954,-0.778626,1.052328,3.245164,22976,38259,15281,22976,0,100.0,1,normal
1780598981.745958,80.04416560000391,926045,0.031982,0.005127,1.061523,2.29771,3.389313,-0.343511,1.062017,4.109126,22980,38265,15283,22980,0,100.0,6,normal
1780598981.7753613,80.07356879999861,926075,0.037109,-0.032715,1.050049,0.870229,2.946565,-0.938931,1.051214,3.212652,22984,38271,15285,22984,0,100.0,0,normal
1780598981.8074844,80.1056918999966,926106,0.039795,-0.025879,1.053955,1.541985,2.465649,-0.793893,1.055023,3.014532,22986,38275,15287,22986,0,100.0,0,normal
1780598981.8382847,80.13649230000738,926137,0.030762,-0.033691,1.054932,2.137405,2.89313,-0.801527,1.055918,3.68526,22990,38281,15289,22990,0,100.0,6,normal
1780598981.8696702,80.16787760000443,926168,0.03833,0.008789,1.063721,1.541985,3.076336,-0.572519,1.064447,3.488458,22994,38287,15291,22994,0,100.0,0,normal
1780598981.8994024,80.1976100000029,926199,0.050537,-0.026855,1.053223,1.969466,2.320611,-0.717557,1.054776,3.127126,22996,38292,15294,22996,1,100.0,14,normal
1780598981.9318063,80.23001379999914,926230,0.028076,-0.038574,1.045898,1.59542,1.671756,-0.656489,1.046986,2.402313,23001,38299,15296,23001,0,108.303,1,normal
1780598981.9621902,80.26039769999625,926261,0.060791,-0.01709,1.05542,1.480916,2.732824,-0.931298,1.057307,3.244805,23003,38303,15298,23003,0,108.303,0,normal
1780598981.993231,80.291438500004,926292,0.0271,-0.054199,1.051514,1.381679,2.236641,-0.801527,1.053258,2.748463,23005,38308,15301,23005,1,108.303,14,normal
1780598982.0244312,80.32263880000392,926323,0.054932,-0.020264,1.051514,1.648855,2.19084,-0.335878,1.053142,2.762484,23010,38315,15303,23010,0,108.303,1,normal
1780598982.0551543,80.35336190000817,926354,0.049072,-0.060059,1.065186,1.076336,2.557252,-0.992366,1.068005,2.946664,23012,38319,15305,23012,0,108.303,0,normal
1780598982.0858548,80.38406229999964,926385,0.033691,-0.006592,1.05249,2.59542,3.183206,-0.816794,1.05305,4.18762,23014,38322,15306,23014,1,108.303,16,normal
1780598982.1154995,80.41370710000047,926415,0.050781,0.000977,1.052246,1.381679,2.816794,-0.450382,1.053471,3.169576,23019,38329,15308,23019,0,108.303,1,normal
1780598982.1478505,80.44605810000212,926446,0.04248,-0.05542,1.054688,1.160305,2.267176,-0.832061,1.056996,2.679314,23021,38333,15310,23021,0,108.303,1,normal
1780598982.1847684,80.48297589999856,926483,0.051514,-0.015137,1.058838,2.618321,3.885496,-0.29771,1.060198,4.694818,23027,38341,15312,23027,0,102.767,0,normal
1780598982.2164364,80.51464389999455,926515,0.024414,-0.026611,1.044678,1.526718,3.015267,-0.442748,1.045302,3.408626,23029,38345,15314,23029,0,102.767,0,normal
1780598982.2475877,80.5457951999997,926546,0.04126,-0.001953,1.056885,2.854962,3.083969,-0.641221,1.057692,4.251216,23033,38351,15316,23033,0,102.767,6,normal
1780598982.278343,80.57655050000176,926577,0.043213,-0.025879,1.043701,0.816794,2.587786,-1.038168,1.044916,2.90544,23037,38357,15318,23037,0,102.767,0,normal
1780598982.307806,80.6060135000007,926607,0.043701,-0.032471,1.057129,1.625954,2.572519,-0.534351,1.05853,3.08984,23039,38361,15320,23039,0,102.767,0,normal
1780598982.339077,80.6372846000013,926638,0.051758,-0.040039,1.063965,2.0,3.137405,-0.603053,1.065975,3.769215,23043,38367,15322,23043,0,102.767,5,normal
1780598982.3704157,80.66862320000655,926669,0.05835,-0.016113,1.068359,1.206107,2.931298,-0.549618,1.070073,3.21703,23047,38373,15324,23047,0,102.767,0,normal
1780598982.4024582,80.70066560000123,926700,0.051758,-0.0354,1.05542,2.022901,2.51145,-0.648855,1.057281,3.289456,23049,38378,15327,23049,1,102.767,14,normal
1780598982.4336135,80.7318210999947,926732,0.01709,-0.002686,1.050049,1.931298,2.038168,-0.687023,1.050191,2.890682,23055,38385,15328,23055,0,102.767,0,normal
1780598982.4642289,80.76243650000833,926763,0.022217,-0.025635,1.067627,1.091603,2.091603,-1.206107,1.068166,2.649735,23057,38389,15330,23057,0,107.143,1,normal
1780598982.4956098,80.79381730000023,926794,0.045654,-0.060303,1.040527,1.946565,3.10687,-1.007634,1.043273,3.802247,23059,38394,15333,23059,1,107.143,14,normal
1780598982.525864,80.82407129999774,926825,0.057617,-0.014404,1.050781,1.526718,2.664122,-0.801527,1.052458,3.173462,23064,38401,15335,23064,0,107.143,1,normal
1780598982.5575204,80.855727999995,926856,0.049316,-0.057861,1.045654,1.167939,2.290076,-0.603053,1.048414,2.640493,23066,38405,15337,23066,0,107.143,1,normal
1780598982.5890007,80.88720830000238,926887,0.045898,-0.005371,1.054443,2.725191,3.572519,-0.381679,1.055455,4.509461,23070,38411,15339,23070,0,107.143,6,normal
1780598982.6193433,80.91755090000515,926918,0.051514,-0.032227,1.050293,0.778626,2.21374,-0.854962,1.052049,2.497572,23074,38417,15341,23074,0,107.143,0,normal
1780598982.6502528,80.9484603000019,926949,0.036621,-0.03418,1.04834,1.427481,3.114504,-0.839695,1.049536,3.527453,23076,38421,15343,23076,0,107.143,0,normal
1780598982.681512,80.97971959999995,926980,0.038574,-0.029785,1.05957,2.007634,2.839695,-0.946565,1.06069,3.604226,23079,38425,15344,23079,0,107.143,6,normal
1780598982.712551,81.01075860000856,927011,0.063232,-0.010742,1.068359,1.137405,3.305344,-0.656489,1.070283,3.556678,23083,38431,15346,23083,0,107.143,0,normal
1780598982.742826,81.04103340000438,927042,0.025391,-0.03125,1.041992,1.770992,2.167939,-0.366412,1.04277,2.82323,23085,38436,15349,23085,1,100.358,14,normal
1780598982.7746518,81.07285929999489,927073,0.024658,-0.019531,1.059082,1.572519,2.183206,-0.717557,1.059549,2.784618,23090,38443,15351,23090,0,100.358,1,normal
1780598982.8042884,81.10249590000603,927104,0.054443,-0.012695,1.056641,1.480916,2.740458,-0.832061,1.058118,3.224213,23092,38447,15353,23092,0,100.358,0,normal
1780598982.836641,81.13484870000684,927135,0.028564,-0.045898,1.046631,1.603053,2.198473,-0.824427,1.048026,2.843017,23093,38450,15355,23093,1,100.358,17,normal
1780598982.866622,81.16482960000576,927166,0.034424,-0.010498,1.050537,1.717557,2.480916,-0.59542,1.051153,3.075626,23098,38457,15357,23098,0,100.358,1,normal
1780598982.8989415,81.19714910000039,927197,0.034668,-0.058594,1.039307,1.229008,2.900763,-1.183206,1.041534,3.365244,23100,38461,15359,23100,0,100.358,0,normal
1780598982.93505,81.23325750000367,927228,0.049805,-0.013916,1.056152,2.229008,2.679389,-0.694656,1.057418,3.553892,23103,38466,15361,23103,1,100.358,14,normal
1780598982.9612675,81.25947509999969,927260,0.031006,-0.026367,1.044922,0.732824,2.748092,-0.564886,1.045714,2.899678,23108,38473,15363,23108,0,100.358,1,normal
1780598982.9918177,81.29002529999707,927291,0.045654,-0.04126,1.049805,1.709924,3.366412,-0.351145,1.051607,3.79208,23110,38477,15365,23110,0,100.358,1,normal
1780598983.022353,81.32056049999665,927322,0.035645,-0.036377,1.055664,1.832061,2.969466,-0.572519,1.056892,3.53581,23115,38483,15366,23115,0,107.143,6,normal
1780598983.0534613,81.35166879999451,927353,0.04834,0.000977,1.057129,1.320611,3.366412,-0.847328,1.058234,3.714123,23119,38489,15368,23119,0,107.143,0,normal
1780598983.0852563,81.38346389999788,927384,0.050293,-0.030762,1.051025,1.778626,2.328244,-0.725191,1.052678,3.0183,23121,38494,15371,23121,1,107.143,14,normal
1780598983.1156068,81.41381420000107,927415,0.015137,-0.012695,1.053711,1.877863,2.251908,-0.748092,1.053896,3.02607,23127,38501,15372,23127,0,107.143,0,normal
1780598983.1477966,81.44600419999915,927446,0.037842,-0.019531,1.057861,1.251908,2.916031,-1.076336,1.058718,3.350971,23129,38505,15374,23129,0,107.143,0,normal
1780598983.1784418,81.47664920000534,927477,0.026123,-0.044434,1.042725,1.328244,2.656489,-0.709924,1.043998,3.053712,23131,38510,15377,23131,1,107.143,14,normal
1780598983.2086425,81.50685010000598,927508,0.031982,0.000244,1.053223,1.381679,3.099237,-0.396947,1.053708,3.416412,23135,38515,15378,23135,0,107.143,6,normal
1780598983.240143,81.5383506000071,927539,0.020508,-0.056152,1.045654,1.229008,2.290076,-0.839695,1.047362,2.731299,23137,38519,15380,23137,0,107.143,0,normal
1780598983.2703142,81.56852179999987,927570,0.038086,-0.006592,1.049805,2.267176,3.137405,-0.587786,1.050516,3.915212,23140,38524,15382,23140,1,107.143,14,normal
1780598983.30177,81.59997759999533,927601,0.047363,-0.005371,1.049805,0.656489,2.664122,-0.923664,1.050886,2.895113,23145,38531,15384,23145,0,107.527,1,normal
1780598983.333437,81.63164459999825,927632,0.029053,-0.02832,1.056641,1.969466,2.870229,-0.51145,1.057419,3.518322,23147,38535,15386,23147,0,107.527,0,normal
1780598983.3645828,81.66279040000518,927663,0.040283,-0.009277,1.055176,2.053435,3.206107,-0.793893,1.055985,3.889214,23150,38541,15389,23150,0,107.527,6,normal
1780598983.3944755,81.69268310000189,927694,0.038086,-0.030273,1.05957,0.900763,2.89313,-0.870229,1.060687,3.152598,23154,38547,15391,23154,0,107.527,1,normal
1780598983.426015,81.72422250000818,927725,0.032959,-0.01709,1.051758,2.290076,2.671756,-0.458015,1.052413,3.548592,23156,38552,15394,23156,1,107.527,13,normal
1780598983.4571223,81.7553298999992,927756,0.032959,-0.03418,1.05249,1.580153,2.21374,-0.618321,1.053561,2.789238,23161,38559,15396,23161,0,107.527,0,normal
1780598983.4895546,81.78776210000797,927788,0.034668,-0.017334,1.056641,1.40458,2.465649,-1.175572,1.057351,3.071521,23163,38563,15398,23163,0,107.527,0,normal
1780598983.5204785,81.81868609999947,927819,0.021973,-0.040039,1.0354,1.725191,2.335878,-0.274809,1.036407,2.91687,23165,38568,15401,23165,1,107.527,14,normal
1780598983.5503364,81.84854380000615,927850,0.047852,-0.001953,1.053955,1.687023,2.465649,-0.618321,1.055043,3.050867,23170,38575,15403,23170,0,107.527,0,normal
1780598983.5823162,81.88052360000438,927881,0.029297,-0.054199,1.047363,1.366412,2.519084,-1.129771,1.049174,3.080462,23172,38579,15405,23172,0,96.429,0,normal
1780598983.6123493,81.91055689999484,927912,0.033447,-0.005859,1.049316,2.450382,3.19084,-0.557252,1.049866,4.061571,23175,38584,15407,23175,1,96.429,14,normal
1780598983.6439388,81.94214640000428,927943,0.05249,-0.032959,1.052734,0.916031,2.923664,-0.916031,1.054557,3.197817,23180,38591,15409,23180,0,96.429,0,normal
1780598983.6754117,81.97361919999821,927974,0.0354,-0.014893,1.052978,1.618321,2.755725,-0.832061,1.053679,3.302318,23182,38595,15411,23182,0,96.429,0,normal
1780598983.7072382,82.00544570000784,928005,0.039795,-0.016602,1.05127,2.091603,2.885496,-0.557252,1.052154,3.607135,23185,38601,15414,23185,0,96.429,5,normal
1780598983.7380133,82.03622090000135,928037,0.06543,-0.000732,1.061768,1.305344,3.465649,-0.641221,1.063782,3.758432,23189,38607,15416,23189,0,96.429,1,normal
1780598983.7686818,82.06688939999731,928068,0.0354,-0.029297,1.041992,2.091603,2.396947,-0.847328,1.043005,3.29213,23191,38612,15419,23191,1,96.429,14,normal
1780598983.8005097,82.09871720000228,928099,0.0354,-0.02124,1.051025,1.526718,2.129771,-0.78626,1.051836,2.735872,23195,38617,15420,23195,0,96.429,6,normal
1780598983.8313568,82.12956440000562,928130,0.041748,-0.014648,1.067139,1.587786,2.29771,-1.137405,1.068055,3.015663,23197,38621,15422,23197,0,96.429,0,normal
1780598983.8616762,82.15988380000636,928160,0.028564,-0.041016,1.04126,1.923664,2.625954,-0.816794,1.042459,3.35608,23199,38626,15425,23199,1,96.774,13,normal
1780598983.8919604,82.19016790000023,928191,0.037109,-0.005615,1.052246,1.572519,2.167939,-0.755725,1.052915,2.782786,23204,38633,15427,23204,0,96.774,1,normal
1780598983.922491,82.22069859999465,928222,0.01416,-0.054932,1.041748,0.847328,2.427481,-1.045802,1.043291,2.775668,23206,38637,15429,23206,0,96.774,0,normal
1780598983.955186,82.25339330000861,928253,0.038086,-0.046875,1.040283,2.549618,2.435115,-0.877863,1.042035,3.633315,23208,38642,15432,23208,1,96.774,14,normal
1780598983.9845028,82.28271020000102,928284,0.029785,-0.005127,1.045654,1.030534,2.80916,-0.862595,1.046091,3.114074,23211,38647,15434,23211,0,96.774,0,normal
1780598984.01692,82.31512769999972,928315,0.02417,-0.047363,1.053955,1.534351,2.282443,-0.954198,1.055296,2.91106,23213,38651,15436,23213,0,96.774,0,normal
1780598984.0471294,82.34533690000535,928346,0.045654,-0.002441,1.053467,2.839695,2.725191,-0.603053,1.054458,3.981734,23217,38657,15438,23217,0,96.774,6,normal
1780598984.076938,82.37514550000196,928377,0.039062,-0.02002,1.050781,0.725191,3.0,-1.038168,1.051698,3.256332,23221,38663,15440,23221,0,96.774,1,normal
1780598984.108498,82.40670550000505,928407,0.038818,-0.027588,1.056885,1.870229,2.267176,-0.832061,1.057957,3.054532,23223,38667,15442,23223,0,96.774,0,normal
1780598984.139296,82.43750359999831,928438,0.054443,-0.016113,1.060791,2.076336,2.816794,-0.748092,1.062309,3.578427,23226,38671,15443,23226,0,97.122,6,normal
1780598984.17031,82.46851760000573,928469,0.049805,-0.0354,1.049805,1.053435,2.877863,-0.770992,1.051581,3.160103,23230,38677,15445,23230,0,97.122,1,normal
1780598984.200962,82.49916960000701,928500,0.05542,-0.03418,1.058106,2.053435,2.717557,-0.740458,1.060107,3.485684,23232,38682,15448,23232,1,97.122,13,normal
1780598984.2324808,82.5306883000012,928531,0.043701,-0.041992,1.061768,1.305344,2.503817,-0.687023,1.063496,2.906032,23237,38689,15450,23237,0,97.122,0,normal
1780598984.2637246,82.56193199999689,928563,0.035156,-0.015137,1.068604,1.229008,2.687023,-1.183206,1.069289,3.182849,23239,38693,15452,23239,0,97.122,0,normal
1780598984.2948701,82.59307770000305,928594,0.035156,-0.053223,1.051025,1.549618,2.534351,-0.938931,1.052959,3.11542,23241,38698,15455,23241,1,97.122,13,normal
1780598984.3246815,82.62288910000643,928625,0.030273,-0.003906,1.057129,1.572519,2.70229,-0.755725,1.05757,3.216568,23246,38705,15457,23246,0,97.122,0,normal
1780598984.3556645,82.65387199999532,928655,0.027344,-0.050537,1.057861,1.229008,2.19084,-0.793893,1.059421,2.634484,23248,38709,15459,23248,0,97.122,0,normal
1780598984.3869698,82.6851772999944,928686,0.040771,-0.052246,1.052246,2.068702,3.152672,-0.938931,1.054331,3.885931,23251,38714,15461,23251,1,97.122,14,normal
1780598984.417177,82.7153846000001,928717,0.032227,-0.008545,1.037354,1.343511,2.480916,-0.916031,1.037889,2.966324,23256,38721,15463,23256,0,107.527,0,normal
1780598984.44915,82.747357500004,928748,0.043457,-0.049316,1.041504,1.366412,2.229008,-0.725191,1.043576,2.713201,23258,38725,15465,23258,0,107.527,0,normal
1780598984.4796343,82.77784189999511,928779,0.051758,-0.003174,1.053955,2.641221,3.442748,-0.824427,1.05523,4.416814,23262,38731,15467,23262,0,107.527,5,normal
1780598984.510882,82.80908950000594,928810,0.032959,-0.031982,1.04541,0.763359,2.625954,-1.236641,1.046418,3.001272,23265,38735,15468,23265,0,107.527,5,normal
1780598984.5418649,82.84007239999482,928841,0.067627,-0.048828,1.05835,1.870229,2.625954,-0.48855,1.061631,3.260686,23267,38739,15470,23267,0,107.527,0,normal
1780598984.5734277,82.87163510000391,928872,0.04834,-0.047607,1.060547,1.931298,2.977099,-0.748092,1.062715,3.626661,23272,38745,15471,23272,0,107.527,5,normal
1780598984.6042175,82.90242510000826,928903,0.051758,0.000732,1.052734,1.282443,3.099237,-0.770992,1.054006,3.441563,23276,38751,15473,23276,0,107.527,1,normal
1780598984.6352375,82.93344490000163,928934,0.039551,-0.021729,1.043945,2.030534,2.282443,-0.633588,1.04492,3.119944,23278,38756,15476,23278,1,107.527,15,normal
1780598984.6663218,82.96452930000669,928965,0.040283,-0.017822,1.039307,1.442748,2.358779,-0.419847,1.04024,2.796718,23283,38763,15478,23283,0,107.527,0,normal
1780598984.6979754,82.99618280000868,928997,0.036377,-0.052002,1.056152,0.969466,2.541985,-1.061069,1.058057,2.920174,23285,38767,15480,23285,0,103.571,0,normal
1780598984.7291434,83.027350999997,929028,0.04834,-0.049805,1.051514,2.374046,3.068702,-0.48855,1.053802,3.910461,23288,38772,15482,23288,1,103.571,14,normal
1780598984.7603908,83.05859830000554,929059,0.049316,-0.016602,1.049316,0.977099,2.633588,-0.549618,1.050606,2.86227,23293,38779,15484,23293,0,103.571,0,normal
1780598984.790755,83.08896249999816,929090,0.0354,-0.043701,1.059326,1.664122,2.259542,-1.10687,1.060818,3.01662,23295,38783,15486,23295,0,103.571,0,normal
1780598984.8218777,83.12008520000381,929121,0.056396,0.000488,1.063965,2.465649,3.21374,-0.748092,1.065458,4.119125,23299,38789,15488,23299,0,103.571,5,normal
1780598984.8531084,83.15131590000237,929152,0.047363,-0.037842,1.05542,0.557252,2.496183,-1.175572,1.05716,2.814859,23303,38795,15490,23303,0,103.571,0,normal
1780598984.8841984,83.18240590000642,929183,0.053955,-0.044678,1.058594,1.603053,3.259542,-0.427481,1.060909,3.657476,23305,38799,15492,23305,0,103.571,0,normal
1780598984.9153178,83.21352520000073,929214,0.054688,-0.043701,1.058106,1.900763,2.961832,-0.541985,1.060419,3.560772,23310,38805,15493,23310,0,103.571,5,normal
1780598984.9463918,83.24459940000088,929245,0.05957,-0.009033,1.06543,1.068702,3.396947,-0.89313,1.067132,3.671383,23314,38811,15495,23314,0,103.571,1,normal
1780598984.9865925,83.28480000000854,929276,0.034912,-0.036377,1.045898,1.564886,2.099237,-0.427481,1.047113,2.652998,23316,38816,15498,23316,1,111.111,14,normal
1780598985.0086737,83.30688109999755,929307,0.041748,-0.015381,1.048828,1.694656,2.305344,-0.801527,1.049771,2.971349,23322,38823,15499,23322,0,111.111,0,normal
1780598985.0391533,83.33736079999653,929338,0.039062,-0.018555,1.054688,1.358779,3.015267,-1.015267,1.055574,3.459607,23324,38827,15501,23324,0,111.111,0,normal
1780598985.0698268,83.36803440000222,929369,0.029297,-0.04126,1.04541,1.496183,2.145038,-0.877863,1.046634,2.758694,23326,38832,15504,23326,1,111.111,13,normal
1780598985.1014652,83.39967280000565,929400,0.053223,-0.01123,1.049805,1.396947,2.175573,-0.450382,1.051213,2.62439,23331,38839,15506,23331,0,111.111,0,normal
1780598985.1316125,83.4298201000056,929431,0.031982,-0.060791,1.053223,1.412214,2.083969,-0.992366,1.05546,2.705932,23333,38843,15508,23333,0,111.111,0,normal
1780598985.1636014,83.46180900000036,929462,0.039795,-0.006348,1.050049,2.549618,2.389313,-1.068702,1.050822,3.65397,23336,38848,15510,23336,1,111.111,14,normal
1780598985.194763,83.4929703999951,929493,0.05542,-0.033691,1.056396,0.89313,2.541985,-0.847328,1.058386,2.824417,23341,38855,15512,23341,0,111.111,1,normal
1780598985.2250714,83.52327900000091,929524,0.030518,-0.022461,1.051514,1.679389,2.48855,-1.007634,1.052196,3.166789,23343,38859,15514,23343,0,111.111,0,normal
1780598985.2556517,83.55385920000845,929555,0.043213,-0.019287,1.053711,2.221374,4.114504,-0.328244,1.054773,4.687364,23347,38865,15516,23347,0,111.111,6,normal
1780598985.2870784,83.58528600000136,929586,0.021973,-0.021973,1.038086,1.022901,2.824427,-1.045802,1.038551,3.180789,23349,38869,15518,23349,0,111.111,1,normal
1780598985.3181574,83.6163649999944,929617,0.052246,-0.031982,1.052734,2.206107,2.748092,-0.099237,1.054515,3.525445,23351,38874,15521,23351,1,111.111,13,normal
1780598985.350243,83.64845049999713,929649,0.029785,-0.022461,1.057617,1.549618,2.549618,-0.885496,1.058275,3.11223,23356,38881,15523,23356,0,111.111,0,normal
1780598985.3808188,83.67902630000026,929680,0.063477,-0.018555,1.058594,1.480916,2.641221,-1.053435,1.060658,3.206071,23358,38885,15525,23358,0,111.111,0,normal
1780598985.4118078,83.71001520000573,929711,0.036133,-0.044678,1.045898,1.625954,1.89313,-1.167939,1.047476,2.755313,23360,38890,15528,23360,1,111.111,14,normal
1780598985.4424696,83.74067700000887,929742,0.046631,-0.009766,1.056152,1.51145,2.221374,-0.564886,1.057226,2.745556,23363,38895,15530,23363,0,111.111,0,normal
1780598985.474188,83.77239559999725,929773,0.029297,-0.060303,1.054443,1.29771,2.458015,-1.068702,1.056572,2.977921,23365,38899,15532,23365,0,111.111,0,normal
1780598985.504877,83.80308460000379,929804,0.039795,-0.006104,1.049805,2.183206,3.038168,-0.916031,1.050576,3.851748,23368,38904,15534,23368,1,111.111,14,normal
1780598985.5358968,83.8341042999964,929835,0.045654,-0.031006,1.056396,0.89313,2.282443,-0.938931,1.057837,2.624656,23373,38911,15536,23373,0,92.857,0,normal
1780598985.5675898,83.86579720000736,929866,0.038574,-0.037598,1.05957,1.633588,2.587786,-0.969466,1.060939,3.210157,23375,38915,15538,23375,0,92.857,0,normal
1780598985.5979831,83.89619070000481,929897,0.039307,-0.035889,1.056641,2.206107,3.335878,-0.725191,1.05798,4.06459,23378,38919,15539,23378,0,92.857,6,normal
1780598985.6293292,83.9275367000082,929928,0.038086,-0.022461,1.046143,0.824427,3.167939,-0.870229,1.047077,3.387154,23382,38925,15541,23382,0,92.857,1,normal
1780598985.6602087,83.95841629999632,929959,0.061768,-0.034668,1.054688,2.206107,2.732824,-0.412214,1.057063,3.536263,23384,38930,15544,23384,1,92.857,13,normal
1780598985.6917636,83.98997110000346,929990,0.042236,-0.035889,1.049316,1.534351,2.847328,-0.80916,1.050779,3.334104,23388,38935,15545,23388,0,92.857,6,normal
1780598985.7214148,84.01962239999557,930021,0.040527,-0.000244,1.063965,1.175572,3.740458,-0.687023,1.064736,3.980578,23392,38941,15547,23392,0,92.857,0,normal
1780598985.75285,84.05105760000879,930052,0.034912,-0.044189,1.045166,1.969466,2.259542,-0.839695,1.046682,3.112782,23394,38946,15550,23394,1,92.857,14,normal
1780598985.7838168,84.08202430000529,930083,0.041748,-0.017578,1.057373,1.374046,2.442748,-0.381679,1.058343,2.828551,23399,38953,15552,23399,0,92.857,0,normal
1780598985.8152921,84.11349970000447,930114,0.026855,-0.030518,1.059814,1.305344,2.236641,-0.839695,1.060594,2.72242,23401,38957,15554,23401,0,100.358,0,normal
1780598985.846688,84.14489559999492,930145,0.053467,-0.022461,1.060791,2.19084,3.259542,-0.648855,1.062375,3.980629,23404,38962,15556,23404,1,100.358,14,normal
1780598985.8813708,84.17957839999872,930176,0.040039,0.005859,1.050537,1.030534,2.091603,-0.374046,1.051316,2.361507,23409,38969,15558,23409,0,100.358,1,normal
1780598985.9078786,84.20608620000712,930207,0.035156,-0.05542,1.062988,1.526718,2.229008,-0.961832,1.065012,2.867832,23411,38973,15560,23411,0,100.358,0,normal
1780598985.9393485,84.23755600000732,930238,0.060547,-0.014893,1.050293,2.549618,2.664122,-0.664122,1.052142,3.746886,23415,38979,15562,23415,0,100.358,6,normal
1780598985.9706416,84.2688491000008,930270,0.05957,-0.000244,1.074707,0.816794,2.465649,-1.038168,1.076357,2.797207,23419,38985,15564,23419,0,100.358,1,normal
1780598986.0021856,84.30039319999923,930301,0.052979,-0.038086,1.040527,2.618321,2.496183,-0.381679,1.042571,3.637611,23421,38990,15567,23421,1,100.358,13,normal
1780598986.0341887,84.33239630000025,930333,0.015625,-0.0271,1.036377,1.633588,2.137405,-0.870229,1.036849,2.827438,23426,38997,15569,23426,0,100.358,0,normal
1780598986.064755,84.36296260000381,930364,0.04834,-0.016846,1.07373,1.366412,2.954198,-1.08397,1.07495,3.43065,23428,39001,15571,23428,0,108.0,0,normal
1780598986.09522,84.39342750000651,930394,0.037598,-0.039307,1.045654,1.839695,2.381679,-0.748092,1.047068,3.10105,23430,39006,15574,23430,1,108.0,14,normal
1780598986.1261785,84.42438609999954,930425,0.040771,-0.021973,1.065674,1.48855,2.534351,-0.526718,1.06668,2.985992,23434,39011,15575,23434,0,108.0,6,normal
1780598986.1574335,84.45564100000774,930456,0.039307,-0.03833,1.055908,1.21374,2.152672,-1.099237,1.057335,2.704715,23436,39015,15577,23436,0,108.0,0,normal
1780598986.1880796,84.48628720000852,930487,0.034668,-0.074219,1.047363,1.938931,3.19084,-1.015267,1.050562,3.869326,23438,39020,15580,23438,1,108.0,14,normal
1780598986.218632,84.5168396000081,930518,0.038086,0.006592,1.054932,0.931298,2.305344,-0.78626,1.055639,2.607706,23443,39027,15582,23443,0,108.0,1,normal
1780598986.2495894,84.54779690000578,930549,0.047119,-0.053711,1.049805,1.381679,2.251908,-0.969466,1.052233,2.814248,23445,39031,15584,23445,0,108.0,0,normal
1780598986.280859,84.57906649999495,930580,0.030029,-0.00708,1.053467,2.793893,2.458015,-1.045802,1.053918,3.865408,23448,39036,15586,23448,0,108.0,14,normal
1780598986.3125877,84.61079520000203,930611,0.04541,-0.037842,1.054199,0.664122,2.664122,-1.450382,1.055855,3.105191,23451,39041,15588,23451,0,108.0,0,normal
1780598986.3435767,84.6417841000075,930642,0.030273,-0.022461,1.044922,2.030534,2.396947,-0.732824,1.045602,3.225749,23453,39045,15590,23453,0,89.928,1,normal
1780598986.3741858,84.67239340000378,930673,0.047607,-0.041016,1.052246,2.251908,2.603053,-0.648855,1.054121,3.502569,23458,39051,15591,23458,0,89.928,6,normal
1780598986.405786,84.70399360000738,930705,0.043457,-0.020996,1.060059,1.076336,2.977099,-0.458015,1.061157,3.198655,23462,39057,15593,23462,0,89.928,0,normal
1780598986.4372764,84.73548380000284,930736,0.030518,-0.032227,1.054443,1.572519,2.221374,-0.70229,1.055377,2.810788,23464,39062,15596,23464,1,89.928,14,normal
1780598986.4684587,84.76666609999666,930767,0.02832,-0.020264,1.061035,1.030534,2.21374,-0.770992,1.061606,2.560679,23469,39069,15598,23469,0,89.928,1,normal
1780598986.4997811,84.7979886999965,930799,0.020508,-0.050049,1.054688,1.389313,2.59542,-0.755725,1.056073,3.039328,23471,39073,15600,23471,0,89.928,0,normal
1780598986.5306573,84.82886490000237,930829,0.057129,-0.03833,1.056152,1.938931,3.175573,-0.770992,1.058391,3.799756,23473,39078,15603,23473,1,89.928,14,normal
1780598986.5606723,84.85887989999901,930860,0.049805,0.003662,1.0625,1.59542,2.099237,-1.10687,1.063673,2.859602,23478,39085,15605,23478,0,89.928,1,normal
1780598986.591676,84.8898835,930890,0.013428,-0.047119,1.046143,1.259542,2.320611,-0.679389,1.047289,2.726399,23480,39089,15607,23480,0,89.928,1,normal
1780598986.622254,84.92046130000381,930921,0.03833,0.001465,1.052002,2.381679,2.335878,-0.725191,1.052701,3.413887,23483,39094,15609,23483,1,107.527,14,normal
1780598986.652732,84.95093930000439,930952,0.043213,-0.017822,1.050781,0.854962,2.816794,-0.610687,1.05182,3.006364,23488,39101,15611,23488,0,107.527,0,normal
1780598986.6836386,84.98184609999589,930983,0.037842,-0.032959,1.062744,1.641221,2.557252,-0.839695,1.063928,3.152496,23490,39105,15613,23490,0,107.527,1,normal
1780598986.7145717,85.01277929999924,931014,0.031006,-0.003906,1.055176,2.465649,3.694656,-0.694656,1.055638,4.495827,23494,39111,15615,23494,0,107.527,6,normal
1780598986.7463875,85.04459510000015,931045,0.036377,-0.034668,1.054688,0.549618,2.89313,-0.755725,1.055884,3.040296,23498,39117,15617,23498,0,107.527,0,normal
1780598986.777257,85.07546439999714,931076,0.039062,-0.040039,1.056885,2.053435,3.022901,-0.618321,1.058364,3.706325,23500,39121,15619,23500,1,107.527,0,normal
1780598986.8078034,85.10601079999469,931107,0.044922,-0.039062,1.049805,1.778626,3.007634,-0.312977,1.051491,3.50818,23505,39127,15620,23505,0,107.527,5,normal
1780598986.8387187,85.13692620000802,931138,0.060547,0.008301,1.050049,1.267176,3.366412,-0.618321,1.051826,3.649765,23509,39133,15622,23509,0,107.527,0,normal
1780598986.8702395,85.16844690000289,931169,0.019531,-0.031738,1.04126,1.679389,2.099237,-0.473282,1.041926,2.729678,23511,39138,15625,23511,1,107.527,14,normal
1780598986.9022799,85.2004872999969,931200,0.013916,-0.018066,1.050537,1.305344,2.610687,-0.709924,1.050785,3.003931,23516,39145,15627,23516,0,118.28,1,normal
1780598986.9337206,85.23192819999531,931232,0.014404,-0.053223,1.04541,1.435114,2.290076,-0.641221,1.046863,2.777619,23518,39149,15629,23518,0,118.28,0,normal
1780598986.9640877,85.2622951999947,931263,0.052979,-0.005127,1.052246,2.305344,3.053435,-0.969466,1.053591,3.94689,23521,39154,15631,23521,1,118.28,14,normal
1780598986.9947484,85.29295580000326,931294,0.056396,-0.018555,1.052246,0.80916,2.458015,-0.503817,1.05392,2.636363,23526,39161,15633,23526,0,118.28,0,normal
1780598987.0253272,85.32353470000089,931325,0.052002,-0.032227,1.055664,1.984733,2.29771,-0.778626,1.057435,3.134469,23528,39165,15635,23528,0,118.28,1,normal
1780598987.056173,85.35438050000812,931355,0.042236,-0.004883,1.05249,2.618321,3.290076,-0.78626,1.053349,4.277664,23530,39168,15636,23530,1,118.28,15,normal
1780598987.0853755,85.38358300000255,931385,0.057861,-0.009521,1.03833,0.687023,2.59542,-1.068702,1.039985,2.889694,23535,39175,15638,23535,0,118.28,0,normal
1780598987.116716,85.41492350000772,931415,0.021729,-0.036133,1.050049,1.396947,2.519084,-0.541985,1.050895,2.931039,23537,39179,15640,23537,0,118.28,0,normal
1780598987.1466198,85.44482720000087,931446,0.03418,-0.008301,1.043213,2.076336,3.366412,-0.80916,1.043806,4.037158,23540,39184,15642,23540,1,118.28,14,normal
1780598987.178863,85.47707059999811,931476,0.046143,-0.013184,1.057617,0.931298,2.541985,-0.664122,1.058705,2.787483,23545,39191,15644,23545,0,105.072,0,normal
1780598987.209933,85.50814049999462,931508,0.023926,-0.019287,1.05249,1.648855,2.557252,-0.778626,1.052939,3.140783,23546,39193,15645,23546,0,105.072,6,normal
1780598987.242253,85.54046069999458,931539,0.040771,-0.031982,1.047852,2.114504,3.709924,-0.320611,1.049132,4.282225,23550,39199,15647,23550,0,105.072,5,normal
1780598987.272937,85.57114450000518,931571,0.061768,0.014404,1.071533,1.427481,3.335878,-1.030534,1.073409,3.771974,23554,39205,15649,23554,0,105.072,1,normal
1780598987.3038676,85.60207520000404,931602,0.041504,-0.027832,1.049805,2.21374,2.923664,-0.374046,1.050993,3.68624,23556,39210,15652,23556,1,105.072,14,normal
1780598987.3347502,85.63295780000044,931633,0.033203,-0.01416,1.050537,1.610687,2.122137,-0.717557,1.051157,2.759106,23561,39217,15654,23561,0,105.072,0,normal
1780598987.3673687,85.6655763000017,931665,0.028564,-0.057617,1.056152,1.343511,2.10687,-0.984733,1.058108,2.685819,23562,39219,15655,23562,0,105.072,5,normal
1780598987.3979373,85.69614490000822,931696,0.062744,-0.042969,1.053711,2.328244,3.160305,-0.633588,1.056452,3.97614,23565,39224,15657,23565,1,105.072,13,normal
1780598987.428309,85.72651649999898,931727,0.043457,-0.013184,1.036865,1.0,2.473282,-0.541985,1.037859,2.722292,23570,39231,15659,23570,0,99.602,0,normal
1780598987.4581797,85.75638730000355,931757,0.037109,-0.057129,1.049561,1.198473,2.419847,-0.587786,1.051769,2.763601,23572,39235,15661,23572,0,99.602,0,normal
1780598987.4885318,85.78673930000514,931788,0.046387,-0.000732,1.047852,2.458015,3.351145,-0.931298,1.048878,4.259029,23575,39240,15663,23575,1,99.602,14,normal
1780598987.521336,85.81954369999585,931819,0.036865,-0.010986,1.050537,0.648855,2.618321,-0.770992,1.051241,2.805538,23579,39245,15664,23579,0,99.602,6,normal
1780598987.5520618,85.85026940000535,931850,0.027344,-0.017578,1.057129,1.854962,2.763359,-1.007634,1.057628,3.477407,23581,39249,15666,23581,0,99.602,0,normal
1780598987.583552,85.88175939999928,931881,0.046387,-0.022705,1.053223,1.961832,3.305344,-0.557252,1.054488,3.883891,23585,39255,15668,23585,0,99.602,5,normal
1780598987.6144407,85.9126483,931913,0.052979,-0.002441,1.062744,1.526718,3.045802,-0.908397,1.064066,3.52604,23589,39261,15670,23589,0,99.602,1,normal
1780598987.6458967,85.94410429999698,931944,0.032471,-0.023926,1.043457,2.053435,2.633588,-0.694656,1.044236,3.411001,23591,39266,15673,23591,1,99.602,14,normal
1780598987.6772327,85.97544029999699,931975,0.043457,-0.016846,1.053955,1.381679,2.022901,-0.839695,1.054985,2.589644,23596,39273,15675,23596,0,99.602,0,normal
1780598987.7083032,86.0065106999973,932007,0.009766,-0.048096,1.048584,1.167939,2.549618,-0.969466,1.049732,2.967238,23598,39277,15677,23598,0,100.0,0,normal
1780598987.7390869,86.03729429999657,932037,0.046875,-0.045166,1.045654,1.48855,2.633588,-0.801527,1.047678,3.129538,23600,39282,15680,23600,1,100.0,13,normal
1780598987.7758303,86.07403770000383,932073,0.050537,-0.012939,1.044434,1.687023,2.282443,-0.587786,1.045736,2.898462,23605,39289,15682,23605,0,100.0,0,normal
1780598987.8065217,86.10472909999953,932105,0.03833,-0.040527,1.044678,1.587786,2.114504,-0.938931,1.046166,2.806026,23607,39294,15685,23607,1,100.0,14,normal
1780598987.83878,86.13698740000837,932136,0.043945,-0.014404,1.060547,1.496183,2.458015,-0.374046,1.061555,2.901778,23612,39301,15687,23612,0,100.0,1,normal
1780598987.8679898,86.16619720000017,932167,0.022217,-0.048828,1.047119,1.51145,2.541985,-1.053435,1.048492,3.13941,23614,39305,15689,23614,0,100.0,0,normal
1780598987.8994875,86.19769489999453,932198,0.048584,0.000977,1.049316,2.587786,3.381679,-0.923664,1.050441,4.35724,23617,39310,15691,23617,1,100.0,14,normal
1780598987.9312363,86.22944389999611,932229,0.063477,-0.007568,1.056152,0.763359,2.221374,-0.977099,1.058085,2.544001,23620,39315,15693,23620,0,100.0,0,normal
1780598987.9604528,86.25866039999528,932259,0.005615,-0.048828,1.038086,1.519084,2.763359,-0.763359,1.039249,3.244455,23622,39319,15695,23622,0,95.238,1,normal
1780598987.9913428,86.28955040000437,932289,0.037842,-0.002686,1.045166,2.206107,3.320611,-0.679389,1.045854,4.044124,23625,39324,15697,23625,1,95.238,14,normal
1780598988.02111,86.31931760000589,932320,0.049072,-0.007813,1.056396,0.847328,2.244275,-0.656489,1.057564,2.487109,23630,39331,15699,23630,0,95.238,0,normal
1780598988.0537071,86.35191470000427,932351,0.059814,-0.053711,1.064453,1.748092,2.625954,-1.183206,1.067484,3.369189,23632,39335,15701,23632,0,95.238,1,normal
1780598988.084095,86.38230260000273,932382,0.037842,-0.018555,1.060059,2.557252,3.755725,-0.48855,1.060896,4.569868,23635,39339,15702,23635,0,95.238,5,normal
1780598988.1151152,86.41332259999763,932413,0.022461,-0.030029,1.047607,0.633588,2.618321,-1.183206,1.048278,2.94228,23639,39345,15704,23639,0,95.238,0,normal
1780598988.1460164,86.44422380000469,932444,0.042236,-0.042236,1.045166,2.022901,3.114504,-0.549618,1.046871,3.754243,23641,39350,15707,23641,1,95.238,14,normal
1780598988.1773808,86.4755884000042,932475,0.05127,-0.046387,1.05542,1.854962,2.78626,-0.763359,1.057682,3.433197,23645,39355,15708,23645,0,95.238,5,normal
1780598988.2066264,86.5048339000059,932506,0.049561,-0.00708,1.06543,1.160305,3.458015,-0.755725,1.066605,3.724956,23649,39361,15710,23649,0,95.238,1,normal
1780598988.2383692,86.5365768000047,932537,0.022217,-0.033936,1.041992,2.099237,2.366412,-0.458015,1.042781,3.196323,23651,39366,15713,23651,1,104.317,14,normal
1780598988.2702775,86.5684850999969,932569,0.026367,-0.008301,1.055176,1.580153,2.366412,-0.717557,1.055538,2.934566,23656,39373,15715,23656,0,104.317,0,normal
1780598988.3019993,86.6002068999951,932600,0.034668,-0.054932,1.05542,1.290076,2.221374,-0.770992,1.057417,2.68202,23658,39377,15717,23658,0,104.317,1,normal
1780598988.3333542,86.63156180000806,932631,0.046875,-0.00415,1.050537,2.145038,2.923664,-0.801527,1.051591,3.713683,23661,39382,15719,23661,1,104.317,13,normal
1780598988.36366,86.6618676000071,932662,0.037598,-0.001221,1.057373,1.251908,2.442748,-0.709924,1.058042,2.835187,23666,39389,15721,23666,0,104.317,0,normal
1780598988.3949108,86.69311839999864,932693,0.034912,-0.051758,1.060547,1.977099,2.29771,-0.572519,1.062383,3.084829,23668,39393,15723,23668,0,104.317,0,normal
1780598988.426155,86.72436259999813,932724,0.046875,-0.010498,1.059082,2.557252,2.824427,-0.412214,1.060171,3.832342,23672,39399,15725,23672,0,104.317,6,normal
1780598988.4582672,86.75647469999967,932755,0.029541,-0.024414,1.052734,0.465649,3.061069,-0.587786,1.053432,3.151581,23676,39405,15727,23676,0,104.317,0,normal
1780598988.4872973,86.78550470000482,932786,0.028564,-0.03833,1.04541,1.938931,3.145038,-0.603053,1.046502,3.74358,23678,39410,15730,23678,1,104.317,14,normal
1780598988.5192065,86.81741410000541,932817,0.039062,-0.039551,1.049561,2.160305,2.78626,-1.061069,1.051032,3.681851,23682,39415,15731,23682,0,110.714,5,normal
1780598988.5488977,86.84710519999499,932848,0.037842,-0.007568,1.061768,1.114504,3.374046,-0.618321,1.062469,3.606747,23686,39421,15733,23686,0,110.714,1,normal
1780598988.580572,86.87877949999529,932879,0.018799,-0.03125,1.043457,1.648855,2.687023,-0.694656,1.044094,3.228214,23688,39426,15736,23688,1,110.714,14,normal
1780598988.6119425,86.91014999999607,932910,0.02417,-0.025146,1.04834,1.801527,2.366412,-0.70229,1.04892,3.055915,23693,39433,15738,23693,0,110.714,0,normal
1780598988.6441038,86.94231139999465,932942,0.02002,-0.042969,1.049316,1.343511,2.618321,-0.641221,1.050387,3.011942,23695,39437,15740,23695,0,110.714,1,normal
1780598988.6744695,86.97267689999717,932973,0.050781,-0.005127,1.050781,2.099237,3.198473,-0.450382,1.05202,3.852255,23697,39440,15741,23697,1,110.714,16,normal
1780598988.7049136,87.00312120000308,933004,0.040527,0.003906,1.05127,0.938931,2.977099,-0.732824,1.052058,3.206516,23702,39447,15743,23702,0,110.714,0,normal
1780598988.7368095,87.03501690000121,933035,0.026855,-0.055664,1.053467,1.496183,2.458015,-0.984733,1.055278,3.041398,23704,39451,15745,23704,0,110.714,0,normal
1780598988.767042,87.06524949999584,933066,0.0625,-0.019531,1.0625,2.221374,2.923664,-0.274809,1.064516,3.682096,23708,39457,15747,23708,0,110.714,6,normal
1780598988.7984095,87.09661710000364,933096,0.043213,-0.023438,1.054688,0.961832,2.625954,-0.931298,1.055832,2.947553,23712,39463,15749,23712,0,107.527,0,normal
1780598988.8290546,87.12726199999452,933127,0.040283,-0.033936,1.055664,1.748092,2.961832,-0.473282,1.056977,3.471638,23713,39465,15750,23713,0,107.527,6,normal
1780598988.8608112,87.15901879999728,933158,0.028809,-0.034424,1.057617,1.671756,2.931298,-0.664122,1.058569,3.439234,23716,39471,15753,23716,0,107.527,5,normal
1780598988.8910291,87.18923659999564,933190,0.050537,-0.000244,1.060547,1.496183,3.496183,-0.541985,1.06175,3.841303,23720,39477,15755,23720,0,107.527,0,normal
1780598988.9225073,87.22071480000159,933221,0.024658,-0.030518,1.039062,1.900763,2.396947,-0.70229,1.039803,3.138704,23722,39482,15758,23722,1,107.527,14,normal
1780598988.9609244,87.2591320000065,933252,0.030762,-0.025391,1.048828,1.725191,2.099237,-0.572519,1.049586,2.776843,23727,39489,15760,23727,0,107.527,0,normal
1780598988.9863956,87.28460300000734,933284,0.034424,-0.059326,1.05835,1.282443,2.763359,-0.793893,1.06057,3.148186,23728,39491,15761,23728,0,107.527,5,normal
1780598989.0168946,87.31510200000776,933315,0.048096,-0.010498,1.044922,2.351145,3.320611,-0.908397,1.046081,4.168876,23731,39496,15763,23731,1,107.527,14,normal
1780598989.0477436,87.3459509999957,933346,0.051025,-0.001221,1.053467,0.694656,2.801527,-0.816794,1.054702,2.999709,23736,39503,15765,23736,0,96.0,0,normal
1780598989.0780175,87.37622510000074,933377,0.029541,-0.061523,1.054688,1.732824,2.335878,-0.664122,1.056893,2.983298,23738,39507,15767,23738,0,96.0,0,normal
1780598989.110225,87.4084326000011,933408,0.070557,-0.010742,1.067871,2.656489,2.839695,-0.564886,1.070253,3.929363,23742,39513,15769,23742,0,96.0,5,normal
1780598989.1404777,87.43868520000251,933439,0.044189,-0.024902,1.043945,0.656489,2.625954,-0.778626,1.045177,2.816535,23745,39517,15770,23745,0,96.0,6,normal
1780598989.1707592,87.46896680000646,933470,0.046875,-0.035889,1.05127,2.122137,2.70229,-0.801527,1.052926,3.528212,23747,39521,15772,23747,0,96.0,0,normal
1780598989.2010565,87.49926389999746,933500,0.030029,-0.039307,1.052978,2.068702,3.0,-0.541985,1.05414,3.684193,23750,39527,15775,23750,0,96.0,5,normal
1780598989.2323804,87.53058790000796,933531,0.035645,-0.005127,1.055664,1.381679,3.251908,-0.824427,1.056278,3.628171,23754,39533,15777,23754,0,96.0,0,normal
1780598989.2630713,87.56127890000062,933561,0.041016,-0.04248,1.053711,2.045802,2.603053,-0.854962,1.055364,3.419379,23756,39537,15779,23756,0,96.0,0,normal
1780598989.2936015,87.59180910000578,933592,0.030029,-0.040283,1.052734,1.755725,2.450382,-0.656489,1.053933,3.085112,23761,39543,15780,23761,0,96.0,5,normal
1780598989.325142,87.62334940000437,933623,0.061768,-0.00415,1.061768,1.328244,3.366412,-0.885496,1.063571,3.72573,23765,39549,15782,23765,0,104.693,1,normal
1780598989.3554292,87.6536366000073,933654,0.03833,-0.040771,1.045654,1.70229,2.954198,-0.80916,1.047151,3.504258,23767,39554,15785,23767,1,104.693,14,normal
1780598989.3877394,87.68594690000464,933685,0.042236,-0.024902,1.053467,1.641221,2.267176,-0.938931,1.054607,2.952166,23773,39561,15786,23773,0,104.693,0,normal
1780598989.4176981,87.71590559999458,933716,0.053223,-0.014893,1.056396,1.541985,2.923664,-0.755725,1.057841,3.390671,23775,39565,15788,23775,0,104.693,1,normal
1780598989.449488,87.74769550000201,933747,0.054199,-0.056885,1.040527,1.389313,2.343511,-0.725191,1.04349,2.819244,23777,39570,15791,23777,1,104.693,13,normal
1780598989.480147,87.77835439999762,933778,0.047607,-0.015625,1.061279,1.641221,2.732824,-0.870229,1.062461,3.304427,23782,39577,15793,23782,0,104.693,0,normal
1780598989.5112505,87.8094579000026,933809,0.017822,-0.055908,1.04834,1.343511,2.122137,-0.603053,1.049981,2.583053,23784,39581,15795,23784,0,104.693,0,normal
1780598989.5419931,87.84020059999602,933840,0.052002,-0.008545,1.058594,2.320611,2.877863,-0.572519,1.059905,3.741003,23787,39586,15797,23787,1,104.693,14,normal
1780598989.571885,87.87009270000271,933871,0.046143,-0.032471,1.0625,0.717557,2.793893,-0.969466,1.063997,3.043122,23792,39593,15799,23792,0,104.693,0,normal
1780598989.602408,87.90061539999442,933901,0.031982,-0.05249,1.045166,1.580153,2.580153,-0.954198,1.046972,3.17247,23794,39597,15801,23794,0,104.317,0,normal
1780598989.632871,87.9310783999972,933932,0.038086,-0.003418,1.061035,2.59542,2.763359,-0.603053,1.061724,3.838754,23798,39603,15803,23798,0,104.317,5,normal
1780598989.6643121,87.96251969999867,933962,0.066162,-0.029297,1.057373,0.969466,2.709924,-0.839695,1.059846,2.998106,23802,39609,15805,23802,0,104.317,1,normal
1780598989.6944077,87.99261529999785,933993,0.061768,-0.03833,1.06543,1.91603,2.664122,-0.587786,1.067907,3.333798,23804,39613,15807,23804,0,104.317,0,normal
1780598989.7259514,88.02415890000702,934024,0.070557,-0.01001,1.061035,1.824428,3.137405,-0.656489,1.063426,3.6882,23808,39619,15809,23808,0,104.317,6,normal
1780598989.7577393,88.05594689999998,934056,0.026611,0.006836,1.062744,1.229008,3.061069,-0.984733,1.063099,3.442427,23812,39625,15811,23812,0,104.317,0,normal
1780598989.7886012,88.08680879999883,934087,0.031738,-0.028076,1.053955,1.770992,2.442748,-0.694656,1.054806,3.096123,23814,39630,15814,23814,1,104.317,14,normal
1780598989.8205707,88.11877830000594,934118,0.035889,-0.034668,1.043213,1.80916,2.198473,-0.78626,1.044405,2.953735,23820,39637,15815,23820,0,104.317,1,normal
1780598989.8516252,88.14983270000084,934150,0.029785,-0.027832,1.055176,1.473282,2.229008,-1.068702,1.055963,2.877701,23822,39641,15817,23822,0,104.317,0,normal
1780598989.8839545,88.1821620999981,934181,0.052246,-0.027344,1.053955,2.396947,2.541985,-0.931298,1.055603,3.615848,23825,39646,15819,23825,1,110.714,14,normal
1780598989.9176438,88.21585140000388,934212,0.021729,0.007813,1.04126,0.885496,2.419847,-0.748092,1.041516,2.683171,23830,39653,15821,23830,0,110.714,0,normal
1780598989.945188,88.2433955000015,934243,0.021484,-0.052734,1.044922,1.312977,2.625954,-0.618321,1.046472,3.000311,23832,39657,15823,23832,0,110.714,0,normal
1780598989.9750664,88.2732740000065,934274,0.040039,-0.007568,1.063965,2.503817,3.229008,-0.412214,1.064745,4.106764,23836,39663,15825,23836,0,110.714,6,normal
1780598990.0070465,88.30525390000548,934305,0.036621,-0.031738,1.038818,0.557252,2.832061,-0.854962,1.039948,3.010326,23840,39669,15827,23840,0,110.714,1,normal
1780598990.0385869,88.33679430000484,934336,0.026367,-0.02832,1.047363,1.854962,2.908397,-0.687023,1.048078,3.517337,23842,39673,15829,23842,0,110.714,1,normal
1780598990.0694938,88.36770139999862,934367,0.023438,-0.033203,1.048584,2.129771,2.679389,-0.931298,1.049371,3.547163,23847,39679,15830,23847,0,110.714,6,normal
1780598990.0995572,88.3977648,934398,0.040527,0.013672,1.061279,1.694656,3.076336,-1.08397,1.062141,3.67569,23851,39685,15832,23851,0,110.714,0,normal
1780598990.131202,88.42940960000851,934429,0.033203,-0.016357,1.051025,1.816794,2.763359,-0.312977,1.051677,3.321874,23853,39690,15835,23853,1,110.714,14,normal
1780598990.161835,88.46004239999456,934460,0.027344,-0.040039,1.046875,1.580153,2.312977,-0.862595,1.047997,2.93101,23859,39697,15836,23859,0,121.864,1,normal
1780598990.192484,88.49069150000287,934492,0.028076,-0.021973,1.053467,1.236641,2.70229,-0.885496,1.05407,3.100928,23861,39701,15838,23861,0,121.864,0,normal
1780598990.2248178,88.52302530000452,934523,0.052002,-0.034912,1.046387,2.251908,2.343511,-0.335878,1.04826,3.267408,23863,39706,15841,23863,1,121.864,14,normal
1780598990.256248,88.55445540000801,934554,0.037109,0.000732,1.049805,1.572519,2.900763,-0.603053,1.050461,3.354239,23868,39713,15843,23868,0,121.864,1,normal
1780598990.286504,88.58471150000696,934585,0.023926,-0.054199,1.047607,1.419847,2.366412,-0.946565,1.049281,2.917509,23869,39715,15844,23869,0,121.864,5,normal
1780598990.318723,88.61693060000835,934616,0.054932,-0.005127,1.055664,2.625954,3.732824,-0.687023,1.057105,4.615367,23873,39721,15846,23873,0,121.864,6,normal
1780598990.3487906,88.64699819999805,934647,0.041504,-0.039795,1.042725,0.870229,2.89313,-0.541985,1.044309,3.069405,23877,39727,15848,23877,0,121.864,0,normal
1780598990.380115,88.67832249999628,934678,0.02832,-0.024414,1.049561,1.717557,2.931298,-0.725191,1.050226,3.473962,23879,39731,15850,23879,0,121.864,1,normal
1780598990.411282,88.70948970000609,934709,0.03833,-0.02832,1.059814,1.91603,2.526718,-0.557252,1.060885,3.219628,23884,39737,15851,23884,0,121.864,6,normal
1780598990.4408143,88.73902180000732,934740,0.05127,0.005859,1.052978,1.351145,3.48855,-0.801527,1.054242,3.825966,23887,39741,15852,23887,0,100.0,6,normal
1780598990.4731174,88.77132490000804,934771,0.035889,-0.02002,1.042725,2.160305,2.549618,-0.442748,1.043534,3.370979,23889,39746,15855,23889,1,100.0,14,normal
1780598990.5042696,88.80247720000625,934802,0.023926,-0.035889,1.049805,1.633588,2.694656,-0.748092,1.05069,3.238738,23894,39753,15857,23894,0,100.0,1,normal
1780598990.5352309,88.83343840000452,934833,0.02832,-0.022217,1.066162,1.412214,3.091603,-0.938931,1.06677,3.52618,23896,39757,15859,23896,0,100.0,0,normal
1780598990.565257,88.86346459999913,934864,0.030273,-0.04541,1.039795,1.664122,2.412214,-0.648855,1.041226,3.001515,23898,39762,15862,23898,1,100.0,14,normal
1780598990.5963554,88.89456290000817,934895,0.040771,-0.008789,1.055908,1.763359,2.961832,-0.442748,1.056732,3.475329,23902,39767,15863,23902,0,100.0,5,normal
1780598990.6271346,88.9253422000038,934926,0.024658,-0.05249,1.050049,1.694656,2.709924,-0.725191,1.051649,3.277415,23904,39771,15865,23904,0,100.0,1,normal
1780598990.6602557,88.95846310000343,934957,0.041504,-0.000977,1.045654,2.480916,2.977099,-0.78626,1.046478,3.954272,23907,39776,15867,23907,1,100.0,14,normal
1780598990.6886785,88.98688599999878,934987,0.062012,0.005371,1.046875,1.603053,2.541985,-0.717557,1.048724,3.089718,23912,39783,15869,23912,0,100.0,0,normal
1780598990.7195075,89.0177149999945,935018,0.048096,-0.044922,1.05127,1.412214,2.29771,-0.671756,1.053327,2.779402,23914,39787,15871,23914,0,97.122,1,normal
1780598990.7504213,89.04862869999488,935049,0.049072,-0.002441,1.060303,2.748092,3.099237,-0.274809,1.06144,4.15124,23917,39792,15873,23917,1,97.122,13,normal
1780598990.78139,89.0795974000066,935080,0.049072,-0.035156,1.046631,0.916031,2.587786,-1.030534,1.04837,2.932192,23920,39797,15875,23920,0,97.122,0,normal
1780598990.812444,89.11065149999922,935111,0.05127,-0.023926,1.064453,1.641221,2.931298,-0.664122,1.065956,3.424496,23922,39801,15877,23922,0,97.122,0,normal
1780598990.8427303,89.14093789999606,935142,0.057373,-0.022949,1.057617,2.061069,3.40458,-0.29771,1.059421,3.990965,23925,39807,15880,23925,0,97.122,5,normal
1780598990.8738565,89.17206409999926,935173,0.055176,0.005127,1.054688,1.335878,3.351145,-0.625954,1.056142,3.661497,23929,39813,15882,23929,0,97.122,0,normal
1780598990.9260838,89.22429130000819,935204,0.067383,-0.022461,1.051514,2.290076,2.625954,-0.534351,1.05391,3.524999,23931,39818,15885,23931,1,97.122,14,normal
1780598990.9363027,89.2345101999963,935235,0.044922,-0.036865,1.055664,1.625954,2.40458,-1.091603,1.057262,3.101182,23936,39825,15887,23936,0,97.122,1,normal
1780598990.9673717,89.2655792000005,935266,0.046875,-0.006592,1.072022,1.603053,3.328244,-1.007634,1.073066,3.82914,23938,39829,15889,23938,0,97.122,1,normal
1780598990.9971633,89.29537069999787,935296,0.025635,-0.031006,1.033447,1.832061,2.610687,-0.755725,1.03423,3.27769,23939,39832,15891,23939,1,89.928,17,normal
1780598991.0287874,89.3269949999958,935327,0.015381,-0.015625,1.047852,1.412214,2.366412,-0.969466,1.048081,2.921321,23945,39839,15892,23945,0,89.928,0,normal
1780598991.0595024,89.35770999999659,935358,0.039551,-0.020508,1.063965,1.328244,3.007634,-0.824427,1.064897,3.389657,23947,39843,15894,23947,0,89.928,0,normal
1780598991.0906775,89.38888510000834,935389,0.042969,-0.054443,1.046143,1.610687,2.557252,-0.748092,1.048439,3.113437,23949,39848,15897,23949,1,89.928,13,normal
1780598991.1220229,89.42023050000716,935420,0.041992,-0.006104,1.053711,1.549618,2.977099,-0.473282,1.054565,3.389459,23954,39855,15899,23954,0,89.928,0,normal
1780598991.1525517,89.45075910000014,935451,0.03418,-0.052979,1.050537,1.633588,2.977099,-0.770992,1.052427,3.482263,23955,39857,15900,23955,0,89.928,6,normal
1780598991.1831577,89.48136530000193,935482,0.037842,0.000977,1.040527,2.396947,2.854962,-0.694656,1.041216,3.791927,23958,39862,15902,23958,1,89.928,14,normal
1780598991.213604,89.51181160000851,935513,0.030273,-0.030762,1.052246,0.625954,2.251908,-0.610687,1.053131,2.41575,23963,39869,15904,23963,0,89.928,1,normal
1780598991.245375,89.54358240000147,935543,0.063232,-0.06543,1.053223,1.465649,2.206107,-1.114504,1.057146,2.873526,23965,39873,15906,23965,0,89.928,0,normal
1780598991.2751484,89.5733559000073,935574,0.043701,0.001465,1.051514,2.770992,2.900763,-0.526718,1.052422,4.046018,23969,39879,15908,23969,0,107.914,6,normal
1780598991.3075461,89.60575360000075,935605,0.029053,-0.0354,1.043945,0.351145,2.954198,-0.954198,1.044949,3.124274,23972,39883,15909,23972,0,107.914,6,normal
1780598991.3375268,89.63573429999815,935636,0.041504,-0.044189,1.053223,1.587786,2.832061,-0.496183,1.054966,3.284484,23974,39887,15911,23974,0,107.914,1,normal
1780598991.3704782,89.66868560000148,935667,0.049072,-0.040771,1.057617,1.671756,2.763359,-0.916031,1.05954,3.357087,23979,39893,15912,23979,0,107.914,7,normal
1780598991.3998625,89.69807009999931,935699,0.064941,0.008545,1.072754,1.221374,3.412214,-0.312977,1.074752,3.637707,23983,39899,15914,23983,0,107.914,0,normal
1780598991.432494,89.73070139999618,935730,0.028809,-0.042969,1.036621,1.732824,2.473282,-0.732824,1.037911,3.107545,23985,39904,15917,23985,1,107.914,14,normal
1780598991.4625626,89.76077000000805,935761,0.033203,-0.01123,1.058594,1.465649,2.358779,-0.59542,1.059174,2.840156,23991,39911,15918,23991,0,107.914,0,normal
1780598991.4940178,89.7922252999997,935792,0.035645,-0.028809,1.061035,1.259542,1.664122,-1.007634,1.062024,2.317558,23993,39915,15920,23993,0,107.914,0,normal
1780598991.524854,89.82306150000659,935823,0.044189,-0.029297,1.05957,2.229008,2.969466,-0.931298,1.060896,3.827991,23995,39920,15923,23995,1,107.914,14,normal
1780598991.5558734,89.85408089999692,935854,0.05127,-0.001709,1.059082,1.51145,2.610687,-0.916031,1.060324,3.152662,24000,39927,15925,24000,0,110.714,0,normal
1780598991.586952,89.88515950000146,935885,0.056885,-0.059326,1.046143,1.427481,2.21374,-1.076336,1.049366,2.845496,24002,39931,15927,24002,0,110.714,1,normal
1780598991.6163683,89.9145758000086,935916,0.050781,0.0,1.05249,2.503817,3.007634,-0.129771,1.053714,3.915584,24005,39936,15929,24005,1,110.714,13,normal
1780598991.648344,89.94655150000472,935946,0.029785,-0.020996,1.040527,0.961832,2.328244,-0.435114,1.041165,2.556397,24010,39943,15931,24010,0,110.714,0,normal
1780598991.6787555,89.97696300000825,935977,0.037842,-0.040039,1.054443,1.923664,2.580153,-0.78626,1.055882,3.312986,24012,39947,15933,24012,0,110.714,0,normal
1780598991.7093363,90.00754370000504,936008,0.042725,0.000244,1.0625,2.564885,3.641221,-0.671756,1.063359,4.504263,24016,39953,15935,24016,0,110.714,5,normal
