host_epoch_s,host_elapsed_s,time_ms,ax,ay,az,gx,gy,gz,acc_mag,gyro_mag,pulse_count,edge_count,rise_count,fall_count,state,pulse_rate_hz,last_edge_dt_ms,label
1780599113.5664494,0.02601640000648331,250,0.053467,-0.031982,1.054688,1.419847,3.10687,-1.022901,1.056526,3.565801,18,30,12,18,0,72.0,1,damping
1780599113.5973973,0.05696430000534747,281,0.054199,-0.043213,1.057373,1.610687,3.053435,-0.740458,1.059643,3.53073,19,33,14,19,1,72.0,16,damping
1780599113.6281219,0.08768900000723079,312,0.029053,-0.025391,1.042236,1.763359,2.549618,-1.396947,1.04295,3.400213,21,36,15,21,0,72.0,6,damping
1780599113.6583374,0.11790440000186209,343,0.048584,-0.035889,1.06665,1.778626,2.679389,-0.755725,1.068359,3.303598,22,38,16,22,0,72.0,6,damping
1780599113.6896021,0.14916919999814127,374,0.035156,-0.029541,1.052734,1.78626,2.48855,-0.969466,1.053735,3.213015,24,43,19,24,1,72.0,13,damping
1780599113.7205567,0.18012390000512823,405,0.056641,-0.015381,1.052246,1.351145,2.496183,-1.022901,1.053882,3.017093,27,48,21,27,0,72.0,1,damping
1780599113.7513804,0.2109474000026239,436,0.031494,-0.033447,1.066162,1.885496,2.587786,-1.206107,1.067151,3.421466,28,50,22,28,0,72.0,7,damping
1780599113.783301,0.24286820000270382,467,0.035156,-0.036377,1.050293,2.687023,2.885496,-1.21374,1.051511,4.125451,29,53,24,29,1,72.0,16,damping
1780599113.819383,0.2789500000071712,498,0.034912,-0.0271,1.050537,2.221374,3.305344,-1.0,1.051466,4.106068,31,56,25,31,0,72.0,6,damping
1780599113.8441975,0.3037647000019206,528,0.02002,-0.032471,1.058594,1.40458,2.496183,-1.21374,1.059281,3.110778,33,60,27,33,0,53.957,1,damping
1780599113.8756166,0.33518360000743996,559,0.051514,-0.026611,1.05542,1.870229,2.80916,-0.862595,1.057011,3.483276,34,63,29,34,1,53.957,16,damping
1780599113.906684,0.36625089999870397,590,0.055664,-0.012207,1.061768,0.603053,3.381679,-0.816794,1.063296,3.530804,38,68,30,38,0,53.957,7,damping
1780599113.9378188,0.39738589999615215,621,0.048828,-0.024902,1.05835,1.923664,3.145038,-0.671756,1.059768,3.7474,39,70,31,39,0,53.957,7,damping
1780599113.9674225,0.42698960000416264,652,0.057861,-0.027588,1.058594,2.091603,3.618321,-0.625954,1.060533,4.225976,41,73,32,41,1,53.957,14,damping
1780599113.9989817,0.4585488000011537,683,0.054688,-0.037598,1.052978,1.351145,3.305344,-0.847328,1.055068,3.669994,44,78,34,44,0,53.957,1,damping
1780599114.0307755,0.49034250000840984,714,0.051758,-0.052734,1.049805,1.587786,3.946565,-0.564886,1.052402,4.291333,45,80,35,45,0,53.957,6,damping
1780599114.0610285,0.5205954999983078,745,0.067627,-0.033203,1.066162,1.335878,3.167939,-0.977099,1.068821,3.574231,50,86,36,50,0,53.957,7,damping
1780599114.093146,0.5527130999980727,777,0.034912,-0.029297,1.067383,1.80916,2.954198,-1.076336,1.068355,3.627513,51,88,37,51,0,53.957,6,damping
1780599114.123934,0.5835012000025017,808,0.039307,-0.026855,1.053223,2.419847,2.610687,-1.305344,1.054298,3.791473,52,91,39,52,1,67.857,16,damping
1780599114.1554642,0.6150312000099802,839,0.028809,-0.01001,1.057617,1.862595,2.496183,-1.099237,1.058057,3.302804,55,96,41,55,0,67.857,1,damping
1780599114.1863413,0.6459084000089206,870,0.037354,-0.01709,1.057617,1.519084,2.160305,-1.48855,1.058415,3.031553,56,98,42,56,0,67.857,7,damping
1780599114.2175438,0.6771107999957167,901,0.056152,-0.039551,1.052246,1.419847,2.984733,-0.984733,1.054485,3.448811,58,103,45,58,1,67.857,14,damping
1780599114.247972,0.7075391999969725,932,0.059082,-0.031982,1.05127,1.51145,2.977099,-0.832061,1.053414,3.440919,60,106,46,60,0,67.857,6,damping
1780599114.2800314,0.7395985000039218,963,0.06665,-0.04126,1.057617,1.389313,2.732824,-0.770992,1.060518,3.161163,61,108,47,61,0,67.857,7,damping
1780599114.3100731,0.7696402000001399,994,0.060303,-0.031982,1.063232,1.167939,3.496183,-1.0,1.065421,3.819343,63,111,48,63,1,67.857,15,damping
1780599114.3417547,0.8013216999970609,1025,0.051025,-0.027344,1.041748,1.717557,3.061069,-1.045802,1.043355,3.662492,67,116,49,67,0,67.857,7,damping
1780599114.3724797,0.8320467000012286,1056,0.056152,-0.026855,1.060791,1.503817,3.328244,-0.992366,1.062616,3.784636,69,120,51,69,0,67.857,0,damping
1780599114.4034061,0.8629730999964522,1087,0.060791,-0.032227,1.057861,1.664122,3.610687,-0.847328,1.060096,4.065013,72,124,52,72,0,71.685,7,damping
1780599114.4346178,0.8941848999966169,1118,0.048096,-0.026855,1.049072,1.351145,3.526718,-0.984733,1.050517,3.902952,73,126,53,73,0,71.685,7,damping
1780599114.4653225,0.92488950000552,1149,0.037109,-0.041016,1.055176,1.687023,3.824427,-0.847328,1.056624,4.265004,74,129,55,74,1,71.685,16,damping
1780599114.4974227,0.9569898000045214,1180,0.043457,-0.0271,1.064697,1.625954,2.946565,-0.748092,1.065928,3.447552,78,134,56,78,0,71.685,7,damping
1780599114.5264122,0.9859792000061134,1211,0.024902,-0.03125,1.057861,1.045802,3.312977,-1.038168,1.058616,3.625922,80,138,58,80,0,71.685,0,damping
1780599114.5560043,1.0155712999985553,1241,0.049561,-0.022949,1.049316,1.29771,2.534351,-1.091603,1.050737,3.049358,81,141,60,81,1,71.685,16,damping
1780599114.5905147,1.0500818000000436,1272,0.025146,-0.02124,1.049805,1.48855,2.679389,-1.030534,1.050321,3.233714,83,144,61,83,0,71.685,7,damping
1780599114.6188107,1.0783778000040911,1303,0.050537,-0.029785,1.065186,1.877863,2.824427,-1.0,1.0668,3.536065,84,146,62,84,0,71.685,7,damping
1780599114.6490486,1.108615600009216,1333,0.027588,-0.017578,1.060303,1.480916,2.916031,-1.412214,1.060807,3.5624,86,151,65,86,1,71.685,14,damping
1780599114.6798403,1.1394072999974014,1363,0.057617,-0.034912,1.05957,1.526718,2.877863,-0.740458,1.06171,3.340844,90,157,67,90,0,65.217,2,damping
1780599114.7109404,1.1705074000055902,1394,0.044678,-0.039062,1.064209,1.664122,3.229008,-0.564886,1.065862,3.67626,92,160,68,92,0,65.217,7,damping
1780599114.7407887,1.2003556999989087,1425,0.038818,-0.029785,1.055176,2.068702,2.687023,-1.08397,1.05631,3.560142,93,163,70,93,1,65.217,16,damping
1780599114.7719333,1.2315004999982193,1456,0.04126,-0.013916,1.057129,2.045802,2.603053,-1.137405,1.058025,3.500697,95,166,71,95,0,65.217,7,damping
1780599114.8032877,1.2628548000066075,1487,0.036377,-0.027588,1.055664,1.78626,2.374046,-1.160305,1.056651,3.189534,97,170,73,97,0,65.217,0,damping
1780599114.8338115,1.2933787000074517,1518,0.05542,-0.034912,1.053711,1.320611,2.816794,-1.305344,1.055745,3.373761,98,173,75,98,1,65.217,16,damping
1780599114.865748,1.3253151000099024,1549,0.054199,-0.014648,1.060059,1.435114,3.290076,-0.862595,1.061544,3.691643,102,178,76,102,0,65.217,7,damping
1780599114.8960025,1.3555696999974316,1580,0.024902,-0.0354,1.061279,1.969466,3.435115,-1.145038,1.062161,4.121883,103,180,77,103,0,65.217,7,damping
1780599114.9289281,1.388495100007276,1611,0.049072,-0.044922,1.061768,1.89313,3.251908,-1.175572,1.06385,3.942184,105,183,78,105,1,65.217,15,damping
1780599114.9592035,1.418770600008429,1642,0.053711,-0.038818,1.062012,1.335878,3.526718,-0.969466,1.064077,3.893863,108,188,80,108,0,64.516,0,damping
1780599114.9904122,1.4499792999995407,1673,0.04126,-0.01001,1.063965,1.229008,3.419847,-1.145038,1.064812,3.810109,109,190,81,109,0,64.516,6,damping
1780599115.020745,1.4803119999996852,1704,0.05835,-0.029541,1.060303,1.572519,3.946565,-0.648855,1.062318,4.297581,112,196,84,112,0,64.516,8,damping
1780599115.0517242,1.5112913000048138,1736,0.05835,-0.015869,1.064697,1.656489,3.381679,-0.656489,1.066413,3.822393,113,198,85,113,0,64.516,7,damping
1780599115.084265,1.5438320999965072,1767,0.051514,-0.014404,1.054932,1.305344,2.801527,-1.068702,1.056287,3.27026,114,201,87,114,1,64.516,16,damping
1780599115.1155198,1.575086900003953,1798,0.032959,-0.026367,1.057373,2.137405,2.778626,-1.290076,1.058215,3.735446,118,206,88,118,0,64.516,0,damping
1780599115.1449,1.6044670999981463,1829,0.023682,-0.03125,1.059082,1.969466,3.10687,-0.687023,1.059808,3.742117,119,208,89,119,0,64.516,7,damping
1780599115.1751637,1.6347308999975212,1859,0.019531,-0.021729,1.042725,2.152672,2.40458,-1.030534,1.043134,3.38792,121,213,92,121,1,64.516,13,damping
1780599115.2066603,1.6662272999965353,1890,0.016602,-0.00293,1.051514,1.656489,2.641221,-1.053435,1.051649,3.290856,123,216,93,123,0,64.516,7,damping
1780599115.2378454,1.6974125999986427,1921,0.05249,-0.017822,1.061035,1.40458,2.679389,-0.954198,1.062482,3.172139,124,218,94,124,0,57.348,7,damping
1780599115.268178,1.7277449999965029,1952,0.038086,-0.023193,1.047852,1.259542,2.908397,-0.923664,1.0488,3.301268,125,221,96,125,1,57.348,16,damping
1780599115.2992966,1.7588636000000406,1983,0.035889,-0.00708,1.057861,1.229008,2.625954,-0.938931,1.058494,3.04757,129,226,97,129,0,57.348,7,damping
1780599115.3306143,1.7901813000062248,2014,0.038086,-0.032471,1.058106,1.526718,2.618321,-0.870229,1.059288,3.153374,131,230,99,131,0,57.348,0,damping
1780599115.3622782,1.821845200000098,2045,0.021729,0.010254,0.946777,2.015267,3.374046,-0.977099,0.947082,4.049718,133,233,100,133,1,57.348,15,damping
1780599115.3922303,1.8517972999979975,2076,0.058594,-0.034424,1.079834,2.160305,2.816794,-1.053435,1.08197,3.702833,135,236,101,135,0,57.348,7,damping
1780599115.4228375,1.8824045000073966,2107,0.052246,-0.006104,0.969727,1.801527,3.076336,-0.877863,0.971152,3.67151,136,238,102,136,0,57.348,7,damping
1780599115.4532163,1.9127834000100847,2137,0.028076,-0.034668,1.04126,1.931298,2.954198,-1.290076,1.042215,3.757858,139,243,104,139,1,57.348,14,damping
1780599115.4849443,1.9445112999965204,2168,0.046143,-0.030273,1.050049,1.59542,3.290076,-0.709924,1.051498,3.724776,142,248,106,142,0,57.348,0,damping
1780599115.5156367,1.9752038000005996,2199,0.023682,-0.030273,1.04834,1.183206,3.580153,-0.648855,1.049044,3.826027,143,250,107,143,0,68.345,6,damping
1780599115.5475433,2.0071103000082076,2230,0.048096,-0.033447,1.052734,1.78626,3.381679,-0.824427,1.054363,3.912309,146,254,108,146,0,68.345,7,damping
1780599115.5788403,2.0384074000030523,2262,0.056152,-0.034424,1.054443,0.709924,3.465649,-0.48855,1.056498,3.57119,147,256,109,147,0,68.345,7,damping
1780599115.609611,2.069178200006718,2293,0.018799,-0.033447,1.051514,0.992366,2.900763,-0.732824,1.052213,3.152182,149,261,112,149,1,68.345,14,damping
1780599115.6413288,2.1008958000020357,2325,0.020264,-0.013672,1.053955,1.343511,2.503817,-0.870229,1.054238,2.97177,159,273,114,159,0,68.345,0,damping
1780599115.672528,2.1320951000088826,2356,0.047363,-0.036865,1.056396,1.832061,2.167939,-0.954198,1.0581,2.994478,160,275,115,160,0,68.345,7,damping
1780599115.712559,2.172126000004937,2387,0.061523,-0.016357,1.066406,2.70229,3.091603,-1.122137,1.068305,4.256709,161,278,117,161,1,68.345,16,damping
1780599115.7353473,2.194914300009259,2418,0.052734,-0.005371,1.051758,1.610687,2.618321,-0.992366,1.053093,3.23028,163,281,118,163,0,68.345,7,damping
1780599115.765208,2.2247750000096858,2449,0.043701,-0.029785,1.054932,1.687023,3.312977,-0.824427,1.056256,3.808089,165,285,120,165,0,88.0,0,damping
1780599115.7963052,2.255872299996554,2480,0.036133,-0.037598,1.054199,2.541985,2.916031,-1.129771,1.055488,4.03005,167,288,121,167,1,88.0,14,damping
1780599115.8276227,2.2871897000004537,2511,0.049316,-0.030029,1.061279,1.816794,3.160305,-0.725191,1.062849,3.716742,171,293,122,171,0,88.0,7,damping
1780599115.8589041,2.3184712000074796,2542,0.0271,-0.028564,1.059326,1.48855,3.129771,-1.099237,1.060058,3.635872,172,295,123,172,1,88.0,6,damping
1780599115.8906035,2.350170600009733,2573,0.040527,-0.023926,1.05835,1.78626,3.358779,-0.717557,1.059395,3.871306,175,299,124,175,0,88.0,7,damping
1780599115.9203901,2.3799571999988984,2604,0.057373,-0.011475,1.06665,1.801527,3.328244,-0.664122,1.068254,3.842365,176,301,125,176,0,88.0,7,damping
1780599115.9512239,2.410791000002064,2635,0.044434,-0.009521,1.049805,1.641221,3.0,-1.236641,1.050788,3.636329,177,304,127,177,1,88.0,16,damping
1780599115.9806774,2.4402444000006653,2665,0.065674,-0.025635,1.057373,2.450382,3.389313,-0.961832,1.059721,4.291496,181,309,128,181,0,88.0,7,damping
1780599116.0120952,2.4716622999985702,2696,0.062256,-0.017578,1.059082,0.778626,3.167939,-0.854962,1.061056,3.372396,182,311,129,182,0,88.0,7,damping
1780599116.0433993,2.5029664000030607,2727,0.030518,-0.02832,1.052978,-0.282443,2.839695,-0.564886,1.053801,2.909078,183,314,131,183,1,64.748,16,damping
1780599116.074503,2.5340700000087963,2758,0.04126,-0.030029,1.058106,-0.366412,2.931298,-1.038168,1.059335,3.131223,187,319,132,187,0,64.748,0,damping
1780599116.1048832,2.5644502000068314,2789,0.046631,-0.023926,1.064209,1.687023,2.89313,-1.122137,1.065499,3.532059,189,323,134,189,0,64.748,0,damping
1780599116.136211,2.595778100003372,2820,0.032715,-0.0354,1.055908,2.610687,3.305344,-1.381679,1.057008,4.432834,191,328,137,191,1,64.748,13,damping
1780599116.1678581,2.6274253000010503,2851,0.053711,-0.010742,1.056152,3.816794,3.022901,-0.954198,1.057572,4.961486,193,331,138,193,0,64.748,7,damping
1780599116.1991878,2.658754800009774,2882,0.029053,-0.035889,1.059326,2.877863,2.984733,-0.89313,1.060332,4.241274,194,333,139,194,0,64.748,7,damping
1780599116.228526,2.6880932000058237,2913,0.048096,-0.007568,1.054932,2.366412,3.374046,-1.091603,1.056055,4.263296,195,336,141,195,1,64.748,15,damping
1780599116.260025,2.7195920000085607,2944,0.066895,-0.041016,1.058594,0.770992,3.267176,-0.992366,1.061498,3.500522,199,341,142,199,0,64.748,7,damping
1780599116.2917833,2.7513503000081982,2975,0.046631,-0.022949,1.058838,1.450382,3.114504,-1.053435,1.060113,3.593531,201,345,144,201,0,64.748,1,damping
1780599116.323935,2.7835021000064444,3006,0.039062,-0.019043,1.053467,2.290076,3.541985,-0.664122,1.054363,4.269797,204,349,145,204,0,75.269,7,damping
1780599116.354276,2.8138430999970296,3038,0.047119,-0.019043,1.061035,1.618321,2.458015,-1.244275,1.062252,3.195156,205,351,146,205,0,75.269,6,damping
1780599116.3862495,2.845816700006253,3069,0.049561,-0.019043,1.064941,1.458015,2.557252,-1.167939,1.066264,3.166927,206,354,148,206,1,75.269,16,damping
1780599116.417265,2.8768321000097785,3100,0.035156,-0.03125,1.055908,2.198473,2.770992,-0.755725,1.056955,3.617016,210,359,149,210,0,75.269,7,damping
1780599116.4473898,2.906956999999238,3131,0.046143,-0.028564,1.065918,1.923664,3.396947,-1.152672,1.067298,4.070428,212,363,151,212,0,75.269,0,damping
1780599116.4792402,2.9388072000001557,3162,0.020752,-0.024658,1.045898,2.251908,2.633588,-1.412214,1.046395,3.741821,213,366,153,213,1,75.269,16,damping
1780599116.508821,2.9683880000084173,3193,0.055908,-0.027588,1.05542,1.053435,3.198473,-1.022901,1.05726,3.519415,215,369,154,215,0,75.269,7,damping
1780599116.5412488,3.000815799998236,3224,0.022949,-0.041748,1.059082,1.343511,3.137405,-0.839695,1.060153,3.514743,216,371,155,216,0,75.269,7,damping
1780599116.5715795,3.031146599998465,3255,0.040527,-0.007568,1.054688,2.244275,3.259542,-1.022901,1.055493,4.087506,218,376,158,218,1,75.269,14,damping
1780599116.6025016,3.0620686000038404,3286,0.060303,-0.034424,1.057373,0.396947,3.59542,-0.816794,1.05965,3.708337,221,381,160,221,0,60.714,0,damping
1780599116.6325147,3.0920817000005627,3316,0.0271,-0.028564,1.057373,1.946565,2.984733,-0.89313,1.058106,3.673612,222,383,161,222,0,60.714,6,damping
1780599116.6641023,3.123669399996288,3347,0.048584,-0.011719,1.055664,1.236641,2.984733,-0.931298,1.056846,3.362325,224,386,162,224,1,60.714,15,damping
1780599116.6940136,3.153580600002897,3378,0.038086,-0.030029,1.059326,1.740458,2.916031,-1.030534,1.060436,3.548863,226,389,163,226,0,60.714,7,damping
1780599116.725952,3.1855190000060247,3409,0.030518,-0.017334,1.053955,2.664122,3.145038,-1.068702,1.054539,4.258044,228,393,165,228,0,60.714,0,damping
1780599116.7580051,3.21757210000942,3440,0.044434,-0.015625,1.052978,1.21374,3.396947,-1.10687,1.054031,3.773271,231,397,166,231,0,60.714,7,damping
1780599116.78842,3.247987099995953,3471,0.037354,-0.011963,1.050781,2.030534,2.938931,-1.145038,1.051513,3.7512,234,401,167,234,0,60.714,7,damping
1780599116.8220286,3.2815956999984337,3503,0.026611,-0.019287,1.052002,0.824427,3.40458,-0.763359,1.052515,3.585187,235,404,169,235,1,60.714,17,damping
1780599116.8507242,3.310291200003121,3534,0.025635,-0.031006,1.055176,2.129771,2.610687,-1.129771,1.055942,3.553589,237,407,170,237,0,60.714,7,damping
1780599116.8812602,3.3408273000095505,3565,0.052979,-0.023926,1.062012,2.236641,2.656489,-1.076336,1.063601,3.635656,239,411,172,239,0,64.516,0,damping
1780599116.912685,3.3722520000010263,3596,0.030762,-0.035645,1.034912,0.633588,2.954198,-1.099237,1.035982,3.215127,240,414,174,240,1,64.516,16,damping
1780599116.9451141,3.4046813000022667,3627,0.04248,-0.02832,1.050781,1.244275,2.931298,-1.145038,1.052021,3.384056,244,419,175,244,0,64.516,7,damping
1780599116.9733465,3.432913600001484,3658,0.038086,-0.037598,1.060303,1.10687,2.832061,-1.0,1.061652,3.200895,245,421,176,245,0,64.516,7,damping
1780599117.0044549,3.4640220000001136,3688,0.064697,-0.023438,1.048096,2.908397,2.48855,-0.977099,1.050352,3.95049,246,424,178,246,1,64.516,16,damping
1780599117.0349252,3.494492199999513,3719,0.045898,-0.011963,1.058594,2.778626,3.503817,-0.694656,1.059656,4.525488,249,429,180,249,0,64.516,0,damping
1780599117.0667324,3.526299500008463,3750,0.020508,-0.029541,1.047119,1.961832,3.221374,-0.80916,1.047736,3.857561,250,431,181,250,0,64.516,7,damping
1780599117.0971787,3.556745800000499,3781,0.032471,-0.010986,1.060791,0.832061,3.671756,-1.160305,1.061345,3.939597,252,436,184,252,1,64.516,13,damping
1780599117.1282206,3.5877877000020817,3812,0.041016,-0.008301,1.05957,0.885496,3.374046,-0.89313,1.060396,3.600829,254,439,185,254,0,64.516,7,damping
1780599117.159868,3.6194350000005215,3843,0.031006,-0.013672,1.051758,1.549618,2.801527,-1.145038,1.052304,3.400144,255,441,186,255,0,57.554,7,damping
1780599117.191499,3.651066100006574,3874,0.040283,-0.013916,1.056396,2.083969,2.961832,-0.877863,1.057256,3.726395,258,445,187,258,0,57.554,7,damping
1780599117.2230136,3.682580799999414,3906,0.040283,-0.011719,1.05127,1.343511,2.992366,-0.961832,1.052106,3.418245,261,449,188,261,0,57.554,6,damping
1780599117.2528327,3.712399700001697,3937,0.036133,-0.021484,1.035889,0.816794,2.778626,-0.541985,1.036741,2.946466,263,454,191,263,1,57.554,13,damping
1780599117.2841992,3.74376630000188,3968,0.037354,-0.017334,1.060059,1.290076,2.984733,-0.839695,1.060858,3.358276,265,457,192,265,0,57.554,7,damping
1780599117.3149636,3.774530599999707,3999,0.031738,-0.030518,1.067139,1.923664,3.343511,-0.862595,1.068047,3.952673,266,459,193,266,0,57.554,7,damping
1780599117.346894,3.8064610000001267,4030,0.020264,-0.0354,1.043701,2.244275,3.030534,-1.038168,1.044498,3.911355,267,462,195,267,1,57.554,16,damping
1780599117.3779347,3.837501700007124,4061,0.044434,-0.026611,1.064209,2.015267,3.419847,-0.709924,1.065469,4.032449,271,467,196,271,0,57.554,7,damping
1780599117.408766,3.8683331000065664,4092,0.020508,-0.034912,1.048096,1.961832,3.244275,-0.862595,1.048878,3.88821,273,471,198,273,0,57.554,1,damping
1780599117.4393878,3.89895489999617,4123,0.036621,-0.01001,1.05127,1.885496,3.519084,-0.900763,1.051955,4.092728,274,474,200,274,1,67.857,16,damping
1780599117.4711952,3.930762300005881,4154,0.052246,-0.030273,1.054199,1.236641,3.396947,-0.984733,1.055927,3.746762,276,477,201,276,0,67.857,6,damping
1780599117.502343,3.9619100999989314,4185,0.035889,-0.020264,1.061279,1.717557,3.351145,-1.129771,1.062079,3.931483,277,479,202,277,0,67.857,6,damping
1780599117.5328078,3.9923749000008684,4216,0.050537,-0.021973,1.062012,2.015267,2.900763,-0.732824,1.06344,3.60732,281,485,204,281,0,67.857,7,damping
1780599117.5629334,4.022500400009449,4247,0.026611,-0.022705,1.055664,1.366412,3.0,-0.732824,1.056244,3.376998,283,489,206,283,0,67.857,0,damping
1780599117.5937307,4.0532976999966195,4277,0.046875,-0.032471,1.065674,1.572519,3.244275,-0.740458,1.067198,3.680545,284,491,207,284,0,67.857,5,damping
1780599117.6248665,4.084433600000921,4308,0.053467,-0.022461,1.061523,1.305344,2.847328,-0.717557,1.063106,3.213423,287,495,208,287,0,67.857,7,damping
1780599117.6565046,4.116071800002828,4340,0.047852,-0.01416,1.058106,1.145038,3.381679,-0.587786,1.059282,3.618337,288,497,209,288,0,67.857,7,damping
1780599117.6885452,4.148112299997592,4371,0.053223,-0.014404,1.058838,1.419847,2.450382,-0.89313,1.060272,2.969515,290,502,212,290,1,67.857,14,damping
1780599117.718256,4.177823000005446,4402,0.030762,-0.016113,1.065918,1.80916,2.419847,-1.007634,1.066484,3.184972,294,507,213,294,0,71.685,0,damping
1780599117.7496617,4.209228799998527,4433,0.046143,-0.010742,1.066894,1.839695,2.687023,-0.80916,1.067946,3.355489,295,509,214,295,0,71.685,7,damping
1780599117.780994,4.240560999998706,4464,0.049316,-0.032227,1.054199,1.755725,3.534351,-1.114504,1.055844,4.100772,296,512,216,296,1,71.685,16,damping
1780599117.811395,4.270961900008842,4495,0.04834,-0.006592,1.05542,2.030534,3.236641,-0.671756,1.056547,3.879455,298,515,217,298,0,71.685,6,damping
1780599117.8420515,4.301618600002257,4526,0.048584,-0.033447,1.055176,1.89313,2.70229,-0.900763,1.056823,3.420188,300,519,219,300,0,71.685,0,damping
1780599117.8743842,4.333951300010085,4557,0.060547,-0.026367,1.058838,1.435114,3.389313,-0.748092,1.060895,3.75588,301,522,221,301,1,71.685,16,damping
1780599117.9055789,4.365145999996457,4588,0.03833,-0.030518,1.057617,0.824427,2.977099,-0.78626,1.058752,3.187633,303,525,222,303,0,71.685,7,damping
1780599117.9349065,4.394473599997582,4619,0.040771,0.002441,1.067383,2.007634,2.961832,-0.854962,1.068164,3.678859,304,527,223,304,0,71.685,6,damping
1780599117.9657583,4.425325500007602,4649,0.047119,-0.031738,1.048828,2.267176,2.938931,-1.038168,1.050366,3.854244,307,531,224,307,0,71.685,7,damping
1780599117.9967391,4.456306200008839,4680,0.027588,-0.028809,1.055664,1.160305,2.923664,-0.984733,1.056417,3.296031,309,535,226,309,0,53.957,1,damping
1780599118.0284648,4.4880318000068655,4711,0.034424,-0.035889,1.061523,1.427481,3.206107,-1.030534,1.062688,3.657708,310,538,228,310,1,53.957,16,damping
1780599118.0585282,4.5180953000090085,4742,0.020752,-0.02002,1.047607,1.839695,2.564885,-1.183206,1.048004,3.370918,312,541,229,312,0,53.957,6,damping
1780599118.0896227,4.5491897000028985,4773,0.032227,-0.005371,1.056152,1.671756,3.40458,-0.694656,1.056658,3.855967,313,543,230,313,0,53.957,6,damping
1780599118.1195233,4.579090300001553,4803,0.054443,-0.041016,1.049072,1.480916,3.030534,-0.748092,1.051284,3.454981,314,546,232,314,1,53.957,16,damping
1780599118.15089,4.610457100003259,4834,0.025879,-0.020264,1.044678,1.496183,2.290076,-1.229008,1.045195,2.998912,316,549,233,316,0,53.957,7,damping
1780599118.1813788,4.640945999999531,4865,0.05249,-0.034912,1.071045,1.061069,3.061069,-0.282443,1.072898,3.252043,317,551,234,317,0,53.957,6,damping
1780599118.2128005,4.672367499995744,4896,0.029053,-0.025391,1.043457,1.580153,2.59542,-1.091603,1.04417,3.228728,318,554,236,318,1,53.957,16,damping
1780599118.2441716,4.703738600001088,4927,0.03833,-0.024414,1.055908,1.977099,2.381679,-1.152672,1.056886,3.303024,320,557,237,320,0,53.957,7,damping
1780599118.2758532,4.735420299999532,4958,0.052002,-0.028076,1.060791,1.625954,2.824427,-0.679389,1.062436,3.329067,321,559,238,321,0,43.165,7,damping
1780599118.306234,4.765800900000613,4989,0.050293,-0.034912,1.05249,2.175573,2.572519,-1.274809,1.054269,3.602236,322,562,240,322,1,43.165,17,damping
1780599118.3366358,4.796202900004573,5020,0.043701,-0.019775,1.055908,1.526718,3.656489,-0.862595,1.056997,4.055225,324,565,241,324,0,43.165,7,damping
1780599118.3672132,4.826780200004578,5051,0.058594,-0.035645,1.061279,1.732824,3.358779,-0.961832,1.063493,3.899897,325,567,242,325,0,43.165,7,damping
1780599118.3980503,4.857617300003767,5082,0.050537,-0.035889,1.056641,1.923664,3.40458,-0.526718,1.058457,3.945767,327,570,243,327,1,43.165,15,damping
1780599118.4303613,4.8899283000064315,5113,0.040283,-0.037598,1.051514,0.977099,3.19084,-0.916031,1.052956,3.460534,329,573,244,329,0,43.165,6,damping
1780599118.4613,4.9208669000072405,5144,0.054688,-0.038086,1.057861,1.152672,3.419847,-0.961832,1.059958,3.734853,330,575,245,330,0,43.165,5,damping
1780599118.4927135,4.952280500001507,5175,0.03833,-0.028076,1.064453,1.656489,2.221374,-0.969466,1.065513,2.935698,333,579,246,333,0,43.165,7,damping
1780599118.522677,4.9822439999989,5207,0.054688,-0.018311,1.070557,1.198473,3.427481,-0.793893,1.072109,3.71675,334,581,247,334,0,43.165,7,damping
1780599118.5540235,5.013590600006864,5237,0.038574,-0.025391,1.048584,1.564886,2.732824,-0.977099,1.0496,3.297259,335,584,249,335,1,50.179,17,damping
1780599118.5842226,5.043789600007585,5268,0.030762,-0.025146,1.057861,1.801527,2.061069,-1.40458,1.058607,3.076743,337,587,250,337,0,50.179,6,damping
1780599118.616055,5.075622200005455,5299,0.026855,-0.026367,1.061523,1.793893,3.328244,-0.740458,1.06219,3.852732,338,589,251,338,0,50.179,7,damping
1780599118.6475332,5.1071002000098815,5330,0.027832,-0.026611,1.043701,1.541985,2.801527,-0.656489,1.044411,3.264544,339,592,253,339,1,50.179,16,damping
1780599118.6779442,5.137511200009612,5361,0.039795,-0.031006,1.052246,0.969466,3.48855,-0.671756,1.053455,3.68254,341,595,254,341,0,50.179,6,damping
1780599118.7082195,5.1677865000092424,5392,0.027344,-0.03418,1.053467,1.030534,2.946565,-0.641221,1.054376,3.186756,343,599,256,343,0,50.179,0,damping
1780599118.7411306,5.200697599997511,5423,0.030273,-0.017822,1.049805,1.351145,3.068702,-0.480916,1.050392,3.387301,344,602,258,344,1,50.179,16,damping
1780599118.771396,5.230963100009831,5454,0.046387,-0.008057,1.063721,1.229008,3.770992,-0.473282,1.064762,3.994351,346,605,259,346,0,50.179,6,damping
1780599118.8002117,5.2597787999984575,5484,0.043213,-0.023926,1.050537,2.21374,2.969466,-1.045802,1.051698,3.848646,347,607,260,347,0,50.179,6,damping
1780599118.84296,5.302526900006342,5515,0.058105,-0.034912,1.05957,2.312977,3.572519,-1.053435,1.061736,4.384345,350,612,262,350,1,53.957,13,damping
1780599118.8695862,5.329153400001815,5552,0.044434,-0.034424,1.053223,1.908397,2.885496,-1.038168,1.054721,3.611905,353,617,264,353,0,53.957,1,damping
1780599118.9000375,5.359604600002058,5583,0.051025,-0.023682,1.05249,1.740458,3.618321,-0.717557,1.053992,4.078766,355,620,265,355,1,53.957,16,damping
1780599118.9297273,5.389294399996288,5614,0.047607,-0.036621,1.054443,0.916031,3.251908,-0.847328,1.056153,3.4831,357,623,266,357,0,53.957,7,damping
1780599118.9609587,5.420525900000939,5644,0.054688,-0.039795,1.05835,1.992366,2.885496,-1.076336,1.060508,3.667985,358,625,267,358,0,53.957,7,damping
1780599118.9920194,5.451586399998632,5675,0.053711,-0.036133,1.060059,1.89313,3.480916,-0.877863,1.062033,4.058492,361,630,269,361,1,53.957,14,damping
1780599119.022277,5.481844199995976,5706,0.040283,-0.03418,1.05249,1.129771,3.335878,-1.045802,1.053815,3.673985,364,635,271,364,0,53.957,0,damping
1780599119.0544102,5.513977199996589,5737,0.050293,-0.032715,1.05957,1.572519,2.916031,-0.748092,1.061268,3.396423,365,637,272,365,0,53.957,6,damping
1780599119.085745,5.545312200003536,5768,0.04541,-0.02832,1.061523,1.641221,2.687023,-1.21374,1.062872,3.374443,368,641,273,368,0,71.146,7,damping
1780599119.117086,5.576652900010231,5800,0.061523,-0.026367,1.067383,1.458015,3.229008,-0.900763,1.06948,3.655636,369,643,274,369,0,71.146,6,damping
1780599119.14736,5.606927100001485,5831,0.033936,-0.034424,1.049072,1.625954,2.282443,-0.80916,1.050185,2.91685,371,648,277,371,1,71.146,13,damping
1780599119.1791284,5.638695500005269,5862,0.052979,-0.017822,1.050537,1.48855,3.099237,-1.061069,1.052023,3.598182,374,653,279,374,0,71.146,1,damping
1780599119.2092538,5.668820899998536,5893,0.050293,-0.027588,1.060059,1.80916,2.847328,-0.954198,1.06161,3.505829,375,655,280,375,0,71.146,6,damping
1780599119.2412055,5.700772500000312,5924,0.054688,-0.038574,1.054443,1.824428,2.801527,-0.687023,1.056565,3.413076,376,658,282,376,1,71.146,16,damping
1780599119.2712016,5.730768599998555,5955,0.05542,-0.005371,1.054443,1.259542,3.458015,-0.557252,1.055912,3.72221,378,661,283,378,0,71.146,7,damping
1780599119.3031015,5.762668700001086,5986,0.056396,-0.031738,1.056396,1.557252,2.938931,-0.862595,1.058377,3.436047,380,665,285,380,0,71.146,1,damping
1780599119.3344662,5.794033199999831,6017,0.057373,-0.036865,1.061035,1.748092,3.458015,-0.89313,1.063224,3.976352,382,668,286,382,1,71.146,15,damping
1780599119.3655427,5.825109800003702,6048,0.051758,-0.018066,1.059814,1.007634,2.908397,-1.244275,1.061231,3.319988,384,671,287,384,0,57.143,6,damping
1780599119.3963122,5.85587939999823,6079,0.046631,-0.041748,1.061279,1.282443,3.305344,-1.053435,1.063123,3.698605,385,673,288,385,0,57.143,6,damping
1780599119.4275987,5.887165799998911,6110,0.060059,-0.032471,1.056885,2.122137,2.343511,-1.152672,1.059088,3.36514,388,677,289,388,0,57.143,7,damping
1780599119.4593854,5.91895239999576,6142,0.032715,-0.011963,1.064209,1.969466,2.80916,-1.08397,1.064779,3.597939,390,681,291,390,0,57.143,0,damping
1780599119.4899285,5.949495599998045,6173,0.020508,-0.034668,1.043945,1.755725,2.740458,-1.030534,1.044722,3.413895,391,684,293,391,1,57.143,16,damping
1780599119.5211937,5.980760899998131,6204,0.047852,-0.019043,1.064209,1.954198,3.038168,-1.137405,1.065454,3.787221,393,687,294,393,0,57.143,6,damping
1780599119.5522108,6.011777899999288,6235,0.037842,-0.029541,1.058594,1.557252,3.10687,-0.694656,1.059682,3.544041,394,689,295,394,0,57.143,6,damping
1780599119.58365,6.043217200000072,6266,0.032715,-0.013672,1.060547,1.847328,3.198473,-0.954198,1.06114,3.814885,395,692,297,395,1,57.143,16,damping
1780599119.6146407,6.074207900004694,6297,0.039307,-0.013428,1.05542,0.625954,3.755725,-0.908397,1.056237,3.914394,397,695,298,397,0,57.143,6,damping
1780599119.644768,6.104335099997115,6328,0.053223,-0.026367,1.047852,1.496183,3.045802,-0.793893,1.049534,3.485074,398,697,299,398,0,50.0,6,damping
1780599119.6753213,6.134888500004308,6359,0.050537,-0.012451,1.055908,2.29771,3.335878,-0.763359,1.05719,4.121926,401,701,300,401,0,50.0,7,damping
1780599119.7061393,6.1657064000028186,6389,0.056641,-0.041748,1.058838,1.709924,3.015267,-0.877863,1.061173,3.575796,402,703,301,402,0,50.0,7,damping
1780599119.7375252,6.197092200003681,6420,0.025635,-0.012207,1.068604,2.083969,3.206107,-0.89313,1.068981,3.926796,403,705,302,403,0,50.0,7,damping
1780599119.7665138,6.226081000000704,6451,0.053711,-0.008301,1.064209,1.519084,3.679389,-0.648855,1.065596,4.033179,406,709,303,406,0,50.0,6,damping
1780599119.7968998,6.256466799997725,6481,0.056396,-0.035645,1.059326,1.351145,3.175573,-0.900763,1.061425,3.566683,407,711,304,407,0,50.0,7,damping
1780599119.8282557,6.2878228000045056,6512,0.039551,-0.04541,1.056396,1.824428,3.282443,-0.862595,1.058111,3.853186,408,713,305,408,1,50.0,6,damping
1780599119.8619757,6.321542699995916,6543,0.032471,-0.026123,1.059814,1.641221,2.877863,-0.984733,1.060633,3.456212,413,719,306,413,0,50.0,6,damping
1780599119.896797,6.356364000006579,6574,0.044434,-0.01001,1.061523,1.549618,3.19084,-0.832061,1.0625,3.643501,414,721,307,414,0,50.0,7,damping
1780599119.923208,6.382775100006256,6605,0.014648,-0.029297,1.041748,1.755725,2.251908,-1.229008,1.042263,3.108717,415,724,309,415,1,61.372,16,damping
1780599119.9531052,6.412672400008887,6636,0.02124,-0.007568,1.050537,1.549618,2.625954,-1.08397,1.050779,3.236038,418,729,311,418,0,61.372,1,damping
1780599119.9835567,6.443123799996101,6667,0.037842,-0.016357,1.066162,1.80916,2.167939,-0.877863,1.066959,2.956968,419,731,312,419,0,61.372,6,damping
1780599120.0150821,6.474649299998418,6698,0.033203,-0.019287,1.040527,1.335878,2.687023,-0.992366,1.041236,3.16061,421,736,315,421,1,61.372,13,damping
1780599120.045254,6.504821099995752,6729,0.033447,-0.011719,1.05249,0.740458,3.503817,-0.862595,1.053087,3.683623,423,739,316,423,0,61.372,6,damping
1780599120.077444,6.537011100008385,6760,0.048584,-0.0354,1.057129,1.381679,3.160305,-1.076336,1.058837,3.61318,424,741,317,424,0,61.372,6,damping
1780599120.1084752,6.568042200000491,6791,0.026611,-0.028564,1.059326,2.137405,2.946565,-1.053435,1.060045,3.789521,426,744,318,426,1,61.372,15,damping
1780599120.1406488,6.600215800004662,6823,0.027588,-0.024658,1.062988,1.412214,2.923664,-0.618321,1.063632,3.30522,430,749,319,430,0,61.372,7,damping
1780599120.1715071,6.6310743000067305,6854,0.03418,-0.041992,1.056641,1.328244,3.664122,-0.725191,1.058027,3.964332,432,754,322,432,1,61.372,14,damping
1780599120.2018235,6.661390499997651,6885,0.040039,-0.028076,1.050537,1.70229,2.877863,-0.992366,1.051675,3.48779,434,757,323,434,0,67.857,7,damping
1780599120.2330217,6.692588899997645,6916,0.04126,-0.013672,1.05542,1.938931,3.610687,-0.923664,1.056314,4.201152,435,759,324,435,0,67.857,7,damping
1780599120.2644627,6.724029700009851,6947,0.010986,-0.026855,1.046387,2.244275,2.900763,-0.709924,1.046789,3.735664,436,762,326,436,1,67.857,16,damping
1780599120.2941806,6.753747700000531,6978,0.011963,-0.008545,1.05127,1.755725,2.938931,-1.045802,1.051372,3.579607,440,767,327,440,0,67.857,6,damping
1780599120.3263633,6.785930400001234,7009,0.031494,-0.009033,1.059814,1.832061,2.824427,-0.946565,1.060321,3.497116,441,769,328,441,0,67.857,7,damping
1780599120.3566282,6.816195200008224,7040,0.039795,-0.022705,1.044189,1.580153,3.358779,-1.465649,1.045194,3.99079,442,772,330,442,1,67.857,16,damping
1780599120.3878934,6.84746050000831,7071,0.040771,-0.010986,1.055908,1.870229,3.221374,-0.847328,1.056752,3.820075,444,775,331,444,0,67.857,6,damping
1780599120.4189076,6.878474700002698,7102,0.032715,-0.030518,1.049561,2.618321,3.053435,-1.221374,1.050514,4.203668,445,777,332,445,0,67.857,6,damping
1780599120.449782,6.90934900000866,7133,0.039307,-0.019775,1.058838,2.160305,3.625954,-0.59542,1.059752,4.26251,448,782,334,448,1,67.857,13,damping
1780599120.4811063,6.9406733000068925,7164,0.018555,-0.033936,1.052002,2.099237,2.725191,-1.053435,1.052713,3.597664,450,785,335,450,0,57.348,7,damping
1780599120.5115075,6.971074700006284,7195,0.029541,-0.015625,1.051514,1.396947,3.343511,-0.687023,1.052044,3.688161,451,787,336,451,0,57.348,6,damping
1780599120.5455143,7.0050814999995055,7226,0.046631,-0.019775,1.05835,1.740458,3.229008,-0.549618,1.059561,3.709146,454,791,337,454,0,57.348,7,damping
1780599120.5736427,7.0332097000064095,7257,0.031982,-0.013428,1.05835,1.587786,3.007634,-0.587786,1.058918,3.451437,455,793,338,455,0,57.348,7,damping
1780599120.605334,7.0649011000059545,7288,0.043701,-0.009766,1.049072,1.274809,2.839695,-0.954198,1.050028,3.255687,456,796,340,456,1,57.348,17,damping
1780599120.6352336,7.094800799997756,7319,0.023193,-0.025879,1.052246,1.519084,2.80916,-1.183206,1.05282,3.405727,458,799,341,458,0,57.348,7,damping
1780599120.6673908,7.126958000008017,7350,0.054932,-0.028564,1.068604,1.80916,2.740458,-0.969466,1.070396,3.423892,459,801,342,459,0,57.348,7,damping
1780599120.6983674,7.157934400005615,7381,0.033447,-0.030029,1.052246,1.992366,2.793893,-0.946565,1.053206,3.559684,460,804,344,460,1,57.348,16,damping
1780599120.7300777,7.189644900005078,7412,0.037109,-0.030273,1.053711,1.312977,2.832061,-1.137405,1.054799,3.322374,462,807,345,462,0,57.348,6,damping
1780599120.758896,7.218463199998951,7443,0.040283,-0.037598,1.055664,1.740458,2.267176,-0.900763,1.057101,2.996774,463,809,346,463,0,46.595,7,damping
1780599120.7907765,7.250343499996234,7474,0.050537,-0.018311,1.058838,1.992366,3.007634,-1.19084,1.060201,3.799143,464,812,348,464,1,46.595,16,damping
1780599120.8217843,7.281351300000097,7505,0.04126,-0.032959,1.041504,0.900763,2.961832,-0.648855,1.042842,3.163042,467,817,350,467,0,46.595,0,damping
1780599120.853106,7.312673100008396,7536,0.055908,-0.018311,1.058838,1.610687,3.022901,-1.053435,1.060471,3.583569,468,819,351,468,0,46.595,6,damping
1780599120.8843672,7.343934400007129,7567,0.058105,-0.022949,1.058594,1.587786,3.061069,-0.59542,1.060436,3.49939,471,823,352,471,0,46.595,6,damping
1780599120.9161923,7.375759400005336,7599,0.049316,-0.022217,1.051514,1.51145,3.564885,-0.648855,1.052904,3.926054,472,825,353,472,0,46.595,6,damping
1780599120.9473512,7.406918399996357,7630,0.027344,-0.010986,1.04541,1.274809,2.839695,-0.793893,1.045825,3.212362,474,830,356,474,1,46.595,13,damping
1780599120.9794264,7.4389935000072,7661,0.020752,-0.018311,1.050781,1.206107,2.969466,-1.122137,1.051146,3.395823,477,835,358,477,0,46.595,1,damping
1780599121.0099165,7.469483699998818,7693,0.025146,-0.006104,1.064453,1.465649,2.48855,-1.068702,1.064768,3.07947,478,837,359,478,0,60.0,6,damping
1780599121.0416963,7.501263400001335,7724,0.060059,-0.026367,1.059082,2.229008,2.80916,-1.19084,1.061111,3.778618,479,840,361,479,1,60.0,17,damping
1780599121.071879,7.531445900007384,7755,0.059326,-0.007568,1.061768,1.389313,3.114504,-1.068702,1.063451,3.573856,481,843,362,481,0,60.0,6,damping
1780599121.1012728,7.560839800004032,7785,0.023193,-0.029297,1.04834,0.854962,2.587786,-0.938931,1.049006,2.882566,483,847,364,483,0,60.0,1,damping
1780599121.1330595,7.592626500001643,7816,0.054688,-0.024658,1.072022,1.427481,2.78626,-1.152672,1.073699,3.336105,484,850,366,484,1,60.0,17,damping
1780599121.1643143,7.623881300009089,7847,0.037354,-0.032471,1.067383,0.29771,2.992366,-0.847328,1.06853,3.124236,488,855,367,488,0,60.0,6,damping
1780599121.1952784,7.65484540000034,7878,0.049316,-0.019287,1.072998,2.526718,2.778626,-1.167939,1.074304,3.933084,489,857,368,489,0,60.0,6,damping
1780599121.224759,7.684326200003852,7909,0.049805,-0.023438,1.074707,2.29771,2.938931,-0.923664,1.076116,3.843168,492,861,369,492,0,60.0,7,damping
1780599121.256232,7.715798999997787,7940,0.041748,-0.031494,1.062012,1.816794,3.206107,-0.954198,1.063298,3.80662,494,865,371,494,0,60.0,0,damping
1780599121.2875664,7.747133400000166,7971,0.045654,-0.032471,1.053711,2.007634,3.045802,-0.969466,1.055199,3.774568,495,868,373,495,1,61.151,17,damping
1780599121.3190856,7.778652599998168,8002,0.049072,-0.028564,1.046387,1.442748,2.816794,-1.08397,1.047926,3.345271,497,871,374,497,0,61.151,6,damping
1780599121.3503056,7.809872700003325,8033,0.040283,-0.012451,1.055176,1.480916,3.10687,-1.061069,1.056018,3.601614,498,873,375,498,0,61.151,6,damping
1780599121.3816807,7.841247700009262,8064,0.035889,-0.026367,1.042236,1.91603,2.045802,-1.198473,1.043187,3.048412,499,876,377,499,1,61.151,17,damping
1780599121.4117403,7.8713072999962606,8095,0.052002,-0.016602,1.044434,1.442748,2.48855,-1.167939,1.045859,3.104591,503,881,378,503,0,61.151,0,damping
1780599121.442902,7.902469200009364,8127,0.02002,-0.028809,1.050293,1.969466,2.40458,-1.40458,1.050879,3.410813,504,883,379,504,0,61.151,7,damping
1780599121.4736552,7.93322230000922,8157,0.025879,-0.028076,1.049561,2.145038,2.473282,-1.068702,1.050255,3.443899,505,886,381,505,1,61.151,17,damping
1780599121.5038908,7.963457899997593,8188,0.058105,-0.008057,1.053955,2.381679,2.885496,-1.21374,1.055586,3.933402,507,889,382,507,0,61.151,6,damping
1780599121.5361304,7.995697400008794,8219,0.043213,-0.036621,1.060791,1.641221,2.656489,-0.938931,1.062302,3.260695,508,891,383,508,0,61.151,6,damping
1780599121.5675814,8.027148399996804,8250,0.036865,-0.020508,1.053711,0.648855,3.274809,-0.923664,1.054555,3.463891,510,894,384,510,1,53.763,15,damping
1780599121.5999348,8.059502000003704,8282,0.043457,-0.026367,1.057129,0.59542,3.038168,-0.442748,1.05835,3.127462,512,897,385,512,0,53.763,6,damping
1780599121.6301095,8.089676700008567,8313,0.042725,-0.037598,1.055176,1.763359,2.900763,-1.122137,1.056709,3.57534,513,900,387,513,1,53.763,17,damping
1780599121.6621115,8.121678499999689,8345,0.017578,-0.019531,1.053467,2.564885,3.022901,-1.396947,1.053794,4.203336,515,903,388,515,0,53.763,7,damping
1780599121.6925712,8.15213830000721,8376,0.034424,-0.028809,1.054199,2.206107,2.847328,-0.946565,1.055154,3.724268,516,905,389,516,0,53.763,7,damping
1780599121.7236502,8.183217300000251,8407,0.026123,-0.021973,1.055176,1.770992,2.832061,-1.0,1.055728,3.486687,517,908,391,517,1,53.763,17,damping
1780599121.7546122,8.214179300004616,8437,0.04541,-0.008545,1.052734,1.725191,2.526718,-1.396947,1.053748,3.363338,519,911,392,519,0,53.763,7,damping
1780599121.791013,8.250580000007176,8468,0.063721,-0.01416,1.065918,1.129771,2.59542,-1.08397,1.067915,3.031102,520,913,393,520,0,53.763,7,damping
1780599121.8157463,8.275313300007838,8498,0.031738,-0.023193,1.05835,2.083969,2.564885,-1.061069,1.059079,3.470941,521,916,395,521,1,53.763,16,damping
1780599121.8462133,8.305780399998184,8529,0.032715,-0.024414,1.050537,1.122137,2.916031,-1.007634,1.05133,3.282949,523,919,396,523,0,46.595,6,damping
1780599121.8773122,8.336879199996474,8560,0.015137,-0.029297,1.050293,1.396947,2.778626,-0.908397,1.050811,3.23997,524,921,397,524,0,46.595,7,damping
1780599121.908287,8.367853999996441,8591,0.028809,-0.023438,1.048828,2.89313,3.038168,-1.389313,1.049485,4.419373,525,924,399,525,1,46.595,16,damping
1780599121.9395177,8.399084799995762,8622,0.039795,-0.025879,1.052978,1.40458,2.877863,-1.244275,1.054048,3.435573,527,927,400,527,0,46.595,6,damping
1780599121.97005,8.42961710000236,8653,0.032227,-0.026855,1.058106,2.267176,2.946565,-1.198473,1.058937,3.906234,529,931,402,529,0,46.595,0,damping
1780599122.001774,8.461341200003517,8684,0.026367,-0.0271,1.060547,2.015267,3.496183,-0.763359,1.061221,4.106984,532,935,403,532,0,46.595,7,damping
1780599122.031302,8.490869000001112,8715,0.036865,-0.030273,1.055176,0.885496,3.541985,-0.755725,1.056253,3.728388,533,937,404,533,0,46.595,7,damping
1780599122.063042,8.522609000006923,8746,0.037598,-0.038574,1.053711,1.70229,3.679389,-1.068702,1.055087,4.192591,534,940,406,534,1,46.595,17,damping
1780599122.0935647,8.553131799999392,8777,0.038086,-0.020996,1.048828,1.496183,3.198473,-0.832061,1.049729,3.627826,538,945,407,538,0,46.595,7,damping
1780599122.1244361,8.584003099997062,8808,0.047119,-0.014404,1.069824,1.931298,3.40458,-0.519084,1.070958,3.948484,540,949,409,540,0,60.932,1,damping
1780599122.1558852,8.61545230000047,8838,0.056396,-0.035889,1.05249,1.931298,3.381679,-0.977099,1.054611,4.01502,541,952,411,541,1,60.932,16,damping
1780599122.185305,8.64487210000516,8869,0.041504,-0.024658,1.063477,0.984733,3.221374,-1.076336,1.064572,3.536304,543,955,412,543,0,60.932,6,damping
1780599122.2166939,8.676260899999761,8900,0.053223,-0.037598,1.071045,2.267176,2.923664,-0.938931,1.073025,3.817,544,957,413,544,0,60.932,6,damping
1780599122.2470956,8.706662700002198,8930,0.031738,-0.013184,1.055176,1.358779,2.801527,-0.664122,1.055735,3.183691,546,962,416,546,1,60.932,13,damping
1780599122.279427,8.738994200000889,8962,0.063477,-0.026611,1.065918,0.900763,2.885496,-1.236641,1.068138,3.265998,550,967,417,550,0,60.932,0,damping
1780599122.3097951,8.769362100007129,8993,0.036621,-0.042236,1.060547,1.473282,3.167939,-0.931298,1.062019,3.615759,551,969,418,551,0,60.932,6,damping
1780599122.340541,8.800107999995816,9024,0.04834,-0.025391,1.06543,1.526718,3.175573,-0.900763,1.066828,3.636826,552,972,420,552,1,60.932,16,damping
1780599122.3717747,8.831341700002667,9055,0.05249,-0.036377,1.057129,1.885496,3.229008,-0.89313,1.059056,3.844381,554,975,421,554,0,60.932,7,damping
1780599122.4037192,8.86328630000935,9086,0.058594,-0.026611,1.056396,1.78626,3.114504,-0.847328,1.058355,3.689014,556,979,423,556,0,57.554,0,damping
1780599122.435029,8.894596099999035,9117,0.040527,-0.033936,1.050049,2.732824,3.160305,-0.694656,1.051378,4.235376,559,983,424,559,0,57.554,7,damping
1780599122.4664621,8.926029299997026,9149,0.059082,-0.02124,1.059082,1.381679,3.206107,-0.885496,1.060941,3.601703,562,987,425,562,0,57.554,7,damping
1780599122.4975147,8.957081900007324,9180,0.04541,-0.010986,1.058106,1.282443,3.328244,-0.793893,1.059136,3.654057,563,990,427,563,1,57.554,16,damping
1780599122.52893,8.98849699999846,9211,0.024902,-0.024414,1.05835,1.854962,3.038168,-1.221374,1.058924,3.76339,565,993,428,565,0,57.554,7,damping
1780599122.558927,9.01849420000508,9242,0.058838,-0.031738,1.068115,1.900763,3.076336,-0.763359,1.070205,3.695871,567,997,430,567,0,57.554,1,damping
1780599122.591084,9.050650999997742,9273,0.043457,-0.031982,1.060059,1.282443,2.633588,-0.877863,1.061431,3.057954,568,1000,432,568,1,57.554,16,damping
1780599122.6213734,9.080940400002874,9304,0.042236,-0.028076,1.055176,1.267176,2.778626,-0.931298,1.056394,3.192775,570,1003,433,570,0,57.554,7,damping
1780599122.6521542,9.111721200009924,9335,0.035645,-0.04541,1.060303,1.465649,3.160305,-1.251908,1.061873,3.701747,571,1005,434,571,0,57.554,7,damping
1780599122.683785,9.14335199999914,9366,0.052734,-0.022705,1.05127,2.076336,3.022901,-1.267176,1.052836,3.880056,572,1008,436,572,1,57.143,16,damping
1780599122.7130003,9.172567400004482,9397,0.045898,0.001465,1.060303,1.557252,2.931298,-0.801527,1.061297,3.414672,574,1011,437,574,0,57.143,7,damping
1780599122.7450442,9.204611200009822,9428,0.052002,-0.01709,1.05957,1.21374,3.015267,-0.938931,1.060983,3.383282,575,1013,438,575,0,57.143,7,damping
1780599122.7759519,9.235518900008174,9459,0.050537,-0.028076,1.05835,2.290076,3.122137,-0.847328,1.059927,3.963604,578,1017,439,578,0,57.143,7,damping
1780599122.8085957,9.268162699998356,9490,0.046875,-0.02417,1.060059,1.343511,3.076336,-0.954198,1.06137,3.489894,579,1019,440,579,0,57.143,6,damping
1780599122.8430822,9.302649300007033,9521,0.056641,-0.030518,1.057373,1.366412,3.480916,-0.770992,1.059329,3.818152,580,1022,442,580,1,57.143,16,damping
1780599122.869473,9.329039999996894,9552,0.042725,-0.023438,1.061523,1.801527,2.618321,-0.839695,1.062641,3.287277,582,1025,443,582,0,57.143,7,damping
1780599122.8998132,9.35938019999594,9583,0.058838,-0.02832,1.070068,1.21374,3.183206,-0.916031,1.072059,3.527758,584,1029,445,584,0,57.143,0,damping
1780599122.9311006,9.390667600004235,9614,0.03125,-0.033203,1.046143,2.137405,2.541985,-1.015267,1.047136,3.472888,585,1032,447,585,1,57.143,16,damping
1780599122.9621775,9.421744499995839,9645,0.052979,-0.015869,1.054443,1.48855,3.091603,-1.045802,1.055893,3.587128,589,1037,448,589,0,60.932,7,damping
1780599122.9932601,9.452827200002503,9676,0.051758,-0.044434,1.061523,1.137405,2.679389,-1.053435,1.063713,3.095568,590,1039,449,590,0,60.932,6,damping
1780599123.0245824,9.484149500000058,9707,0.060791,-0.029297,1.057129,1.748092,3.251908,-1.328244,1.05928,3.923642,591,1042,451,591,1,60.932,16,damping
1780599123.0546818,9.514248899999075,9738,0.038086,-0.029053,1.057861,1.496183,2.694656,-0.908397,1.058945,3.213242,594,1047,453,594,0,60.932,0,damping
1780599123.086863,9.546430000002147,9769,0.051025,-0.023438,1.061279,2.305344,2.740458,-1.137405,1.062764,3.757447,595,1049,454,595,0,60.932,6,damping
1780599123.117756,9.57732290000422,9800,0.051514,-0.032959,1.059082,2.641221,2.984733,-0.916031,1.060846,4.089473,599,1055,456,599,0,60.932,7,damping
1780599123.14837,9.607937100008712,9831,0.052246,-0.031982,1.060547,1.526718,3.122137,-1.007634,1.062314,3.618554,600,1057,457,600,0,60.932,7,damping
1780599123.1795928,9.639159800004563,9862,0.059082,-0.036865,1.061523,1.435114,3.541985,-0.816794,1.063805,3.907987,601,1060,459,601,1,60.932,16,damping
1780599123.2117655,9.671332500001881,9893,0.047607,-0.034668,1.055664,1.564886,2.656489,-0.946565,1.057305,3.22518,603,1063,460,603,0,60.932,7,damping
1780599123.2407742,9.700341200004914,9924,0.063965,-0.023438,1.062744,1.725191,3.473282,-0.763359,1.064925,3.952555,606,1067,461,606,0,60.932,7,damping
1780599123.2719417,9.73150870000245,9955,0.021729,-0.032959,1.044678,1.541985,2.732824,-0.740458,1.045423,3.224023,607,1070,463,607,1,60.932,16,damping
1780599123.3033836,9.76295060000848,9986,0.052734,-0.01416,1.058594,1.396947,2.931298,-1.183206,1.060001,3.456001,609,1073,464,609,0,60.932,7,damping
1780599123.3343644,9.793931399995927,10017,0.048828,-0.02002,1.066162,1.305344,2.137405,-0.969466,1.067467,2.68557,610,1075,465,610,0,60.932,7,damping
1780599123.3652287,9.824795799999265,10048,0.056885,-0.037354,1.055664,1.450382,3.145038,-0.862595,1.057855,3.569166,611,1078,467,611,1,60.932,16,damping
1780599123.39557,9.855137200007448,10079,0.039795,-0.00708,1.05835,1.290076,2.793893,-1.038168,1.059121,3.247758,613,1081,468,613,0,60.932,7,damping
1780599123.4276533,9.887220400007209,10110,0.059082,-0.024658,1.059082,1.549618,2.641221,-1.274809,1.061015,3.317002,614,1083,469,614,0,60.932,7,damping
1780599123.4587066,9.918273800009047,10141,0.042969,-0.04126,1.061035,2.259542,3.229008,-0.908397,1.062706,4.044404,616,1086,470,616,1,60.932,15,damping
1780599123.4891722,9.948739200001,10172,0.060059,-0.040039,1.060547,1.480916,2.877863,-1.045802,1.063,3.40131,618,1089,471,618,0,60.932,7,damping
1780599123.5201511,9.979718300004606,10203,0.031738,-0.056396,1.047607,2.091603,2.671756,-1.206107,1.049604,3.60108,619,1092,473,619,1,46.595,16,damping
1780599123.5523365,10.011903599996003,10234,0.059082,-0.032227,1.064941,1.839695,2.709924,-0.923664,1.067066,3.403134,621,1095,474,621,0,46.595,7,damping
1780599123.582486,10.042052899996634,10265,0.048584,-0.034668,1.05835,1.70229,3.549618,-0.603053,1.060031,3.982619,624,1099,475,624,0,46.595,7,damping
1780599123.613713,10.073280199998408,10296,0.033447,-0.032959,1.059326,1.961832,2.48855,-1.015267,1.060366,3.327526,626,1104,478,626,1,46.595,13,damping
1780599123.6434245,10.10299159999704,10327,0.045654,-0.022461,1.062744,1.19084,3.167939,-0.862595,1.063961,3.492565,628,1107,479,628,0,46.595,7,damping
1780599123.6752546,10.134821700004977,10358,0.067139,-0.019531,1.067383,1.557252,2.801527,-1.198473,1.069671,3.421977,629,1109,480,629,0,46.595,6,damping
1780599123.705689,10.165256000007503,10389,0.057373,-0.026855,1.048096,1.40458,3.129771,-1.167939,1.050008,3.623864,630,1112,482,630,1,46.595,16,damping
1780599123.7368677,10.19643470000301,10420,0.054932,-0.023926,1.058106,1.274809,3.129771,-0.931298,1.0598,3.505413,634,1117,483,634,0,46.595,7,damping
1780599123.7679448,10.227511799996137,10451,0.036133,-0.026123,1.063965,1.610687,2.679389,-0.854962,1.064899,3.241049,636,1121,485,636,0,46.595,0,damping
1780599123.799164,10.258731199995964,10482,0.053223,-0.016846,1.047852,2.053435,2.969466,-1.29771,1.049338,3.836454,638,1124,486,638,1,68.1,15,damping
1780599123.8422675,10.301834700003383,10512,0.030518,-0.001221,1.059326,1.152672,3.282443,-1.038168,1.059766,3.630548,640,1127,487,640,0,68.1,7,damping
1780599123.8607957,10.32036280000466,10543,0.039062,-0.025879,1.05835,1.557252,2.89313,-0.78626,1.059386,3.378378,641,1129,488,641,0,68.1,7,damping
1780599123.8910758,10.350642999997945,10574,0.027588,-0.031738,1.060303,2.038168,2.969466,-0.877863,1.061136,3.707088,644,1134,490,644,1,68.1,14,damping
1780599123.9224138,10.38198089999787,10605,0.046143,-0.039307,1.057861,1.08397,2.916031,-1.381679,1.059596,3.404007,647,1139,492,647,0,68.1,0,damping
1780599123.9535878,10.413154900001246,10636,0.018066,-0.031982,1.052246,1.564886,2.664122,-1.221374,1.052887,3.322374,648,1141,493,648,0,68.1,6,damping
1780599123.984769,10.444336100001237,10667,0.051025,-0.026123,1.053467,1.969466,3.526718,-0.725191,1.055025,4.103954,651,1145,494,651,0,68.1,7,damping
1780599124.0157623,10.475329299995792,10698,0.049805,-0.025635,1.057861,1.679389,2.969466,-0.763359,1.059343,3.495825,652,1147,495,652,0,68.1,7,damping
1780599124.0460417,10.50560889999906,10729,0.048828,-0.0354,1.05249,1.664122,3.274809,-0.519084,1.054217,3.709869,654,1152,498,654,1,68.1,14,damping
1780599124.078018,10.537585099998978,10760,0.022217,-0.024902,1.05249,1.534351,2.564885,-1.343511,1.053019,3.276873,656,1156,500,656,0,64.748,3,damping
1780599124.1071312,10.566698399998131,10791,0.051025,-0.040039,1.056152,1.946565,3.40458,-0.664122,1.058142,3.977605,658,1159,501,658,0,64.748,7,damping
1780599124.1396751,10.599242199998116,10822,0.025146,-0.023438,1.051514,1.740458,2.641221,-0.992366,1.052075,3.315122,659,1162,503,659,1,64.748,16,damping
1780599124.170748,10.630315000002156,10853,0.060303,-0.016602,1.059326,1.19084,2.534351,-1.137405,1.061171,3.02237,661,1165,504,661,0,64.748,7,damping
1780599124.2014635,10.661030500006746,10884,0.033691,-0.034912,1.048584,1.198473,2.351145,-1.076336,1.049706,2.850039,663,1169,506,663,0,64.748,0,damping
1780599124.2319365,10.691503599999123,10915,0.057129,-0.024658,1.049316,2.129771,2.572519,-1.29771,1.05116,3.582992,664,1172,508,664,1,64.748,16,damping
1780599124.2630303,10.722597300002235,10945,0.03833,-0.010986,1.05835,1.473282,3.152672,-0.961832,1.0591,3.610405,668,1177,509,668,0,64.748,7,damping
1780599124.2945502,10.754117300006328,10977,0.061279,-0.031982,1.059326,1.603053,2.870229,-0.984733,1.061579,3.431864,669,1179,510,669,0,64.748,7,damping
1780599124.3249323,10.78449950000504,11008,0.041992,-0.032471,1.049561,2.030534,3.099237,-1.045802,1.050902,3.84994,671,1182,511,671,1,64.748,15,damping
1780599124.3564193,10.815986300003715,11039,0.025391,-0.039062,1.059082,1.244275,2.946565,-0.969466,1.060106,3.342204,674,1187,513,674,0,64.516,1,damping
1780599124.3871393,10.846706299998914,11070,0.040039,-0.053467,1.056152,1.618321,3.091603,-1.015267,1.058262,3.634245,675,1189,514,675,0,64.516,6,damping
1780599124.4190407,10.878607799997553,11101,0.051025,-0.020752,1.047363,1.900763,2.664122,-0.885496,1.048811,3.390362,680,1195,515,680,0,64.516,7,damping
1780599124.4491434,10.908710500007146,11132,0.033691,-0.013184,1.051758,1.267176,3.389313,-0.816794,1.05238,3.709492,681,1197,516,681,0,64.516,7,damping
1780599124.4862878,10.945854899997357,11163,0.04248,-0.011963,1.052734,1.442748,3.374046,-0.770992,1.053659,3.749685,682,1200,518,682,1,64.516,16,damping
1780599124.5178862,10.977453200001037,11200,0.059082,-0.012207,1.056885,1.503817,2.908397,-0.832061,1.058605,3.378248,685,1205,520,685,0,64.516,1,damping
1780599124.5488186,11.008385599998292,11231,0.057373,-0.017578,1.054443,1.839695,3.129771,-1.061069,1.056149,3.782302,686,1208,522,686,1,64.516,16,damping
1780599124.5807898,11.040356800003792,11263,0.02832,-0.019775,1.053711,1.816794,2.900763,-1.221374,1.054277,3.634133,690,1213,523,690,0,64.516,7,damping
1780599124.6120365,11.071603500007768,11294,0.022461,-0.016846,1.054932,1.610687,2.366412,-0.732824,1.055305,2.954869,691,1215,524,691,0,66.667,7,damping
1780599124.642168,11.101735000003828,11325,0.035156,-0.030518,1.052734,1.480916,2.793893,-0.885496,1.053763,3.283756,692,1218,526,692,1,66.667,16,damping
1780599124.673244,11.132811100003892,11356,0.049805,-0.026855,1.055176,1.610687,3.045802,-0.824427,1.056692,3.542725,695,1223,528,695,0,66.667,0,damping
1780599124.7039475,11.163514600004419,11387,0.032715,-0.036133,1.058594,1.862595,2.938931,-0.80916,1.059715,3.572299,696,1225,529,696,0,66.667,6,damping
1780599124.7356987,11.195265800008201,11418,0.046875,-0.032227,1.058106,1.412214,2.946565,-1.022901,1.059633,3.423875,699,1230,531,699,1,66.667,13,damping
1780599124.7670896,11.22665660000348,11449,0.055908,-0.038818,1.057861,1.10687,2.48855,-0.610687,1.060049,2.791232,701,1233,532,701,0,66.667,7,damping
1780599124.7971945,11.256761600001482,11480,0.046875,-0.021729,1.05957,1.832061,2.679389,-1.206107,1.060829,3.462696,702,1235,533,702,0,66.667,6,damping
1780599124.8292773,11.288844299997436,11511,0.05249,-0.023193,1.058838,1.954198,2.954198,-0.694656,1.060392,3.609533,705,1239,534,705,0,66.667,6,damping
1780599124.8603997,11.319966900002328,11543,0.043213,-0.013672,1.063232,1.854962,2.694656,-0.954198,1.064198,3.407719,708,1243,535,708,0,66.667,6,damping
1780599124.8906984,11.350265400003991,11574,0.049805,-0.004395,1.052978,1.51145,2.816794,-0.908397,1.054165,3.323251,710,1248,538,710,1,67.857,14,damping
1780599124.9228618,11.382429000004777,11605,0.032715,-0.025146,1.047119,1.832061,2.305344,-1.137405,1.047932,3.156698,712,1251,539,712,0,67.857,7,damping
1780599124.9542913,11.413858500003698,11636,0.054932,-0.038086,1.064697,1.885496,2.709924,-0.610687,1.066793,3.357338,713,1253,540,713,0,67.857,7,damping
1780599124.984044,11.443611199996667,11667,0.037354,-0.042236,1.049316,2.007634,2.0,-1.10687,1.05083,3.042327,714,1256,542,714,1,67.857,17,damping
1780599125.0152347,11.474801700009266,11697,0.050781,-0.022461,1.052002,1.832061,2.770992,-0.816794,1.053466,3.420818,718,1261,543,718,0,67.857,6,damping
1780599125.045924,11.505491100004292,11729,0.030273,-0.023193,1.067383,-0.122137,2.465649,-0.89313,1.068064,2.625266,720,1265,545,720,0,67.857,0,damping
1780599125.0776126,11.537179599996307,11760,0.055664,-0.019531,1.047852,1.671756,3.053435,-0.923664,1.049511,3.601581,721,1268,547,721,1,67.857,17,damping
1780599125.109173,11.568740100003197,11791,0.036133,-0.009277,1.057861,1.412214,3.068702,-0.709924,1.058519,3.451851,723,1271,548,723,0,67.857,6,damping
1780599125.1392891,11.59885629999917,11822,0.024902,-0.022217,1.061035,1.251908,2.694656,-0.923664,1.06156,3.111528,724,1273,549,724,0,67.857,6,damping
1780599125.1708822,11.63044940000691,11853,0.039307,-0.008057,1.047119,1.694656,3.175573,-1.091603,1.047888,3.761345,727,1278,551,727,1,60.932,14,damping
1780599125.201644,11.661210899997968,11884,0.033936,-0.036865,1.057129,1.412214,2.89313,-0.633588,1.058316,3.281156,732,1285,553,732,0,60.932,1,damping
1780599125.232008,11.691575100005139,11915,0.039307,-0.016846,1.051514,1.91603,2.70229,-1.19084,1.052383,3.520177,734,1289,555,734,0,60.932,0,damping
1780599125.2638469,11.723413900006562,11946,0.036621,-0.040039,1.05542,1.290076,3.145038,-0.671756,1.056814,3.465086,738,1295,557,738,0,60.932,6,damping
1780599125.2953694,11.75493650000135,11978,0.04541,-0.016602,1.06958,1.305344,3.030534,-0.671756,1.070672,3.36739,742,1301,559,742,0,60.932,0,damping
1780599125.3263845,11.78595150000183,12009,0.031738,-0.006348,1.046143,1.954198,2.549618,-0.679389,1.046643,3.283446,744,1306,562,744,1,60.932,14,damping
1780599125.3574014,11.816968500002986,12040,0.016357,-0.020508,1.048096,1.526718,2.549618,-0.717557,1.048424,3.057173,748,1312,564,748,0,60.932,4,damping
1780599125.3890336,11.8486006000021,12071,0.053467,-0.029541,1.064453,1.78626,3.045802,-0.984733,1.066204,3.665696,751,1317,566,751,0,60.932,1,damping
1780599125.419879,11.879446000006283,12102,0.031982,-0.039795,1.050781,1.51145,2.641221,-0.763359,1.052021,3.137395,753,1322,569,753,1,60.932,14,damping
1780599125.4497197,11.909286699999939,12133,0.037598,-0.00708,1.049072,0.862595,2.396947,-1.099237,1.04977,2.774481,758,1329,571,758,0,110.714,1,damping
1780599125.4807832,11.940350200005923,12164,0.056641,-0.027344,1.053711,0.946565,2.648855,-0.778626,1.055586,2.918677,760,1333,573,760,0,110.714,0,damping
1780599125.5123634,11.971930400002748,12195,0.030029,-0.023438,1.047607,1.70229,2.725191,-0.687023,1.0483,3.285796,762,1338,576,762,1,110.714,14,damping
1780599125.5444543,12.004021500004455,12226,0.052734,-0.01123,1.054932,1.725191,2.900763,-0.51145,1.056308,3.413545,767,1345,578,767,0,110.714,0,damping
1780599125.575124,12.034691200009547,12257,0.032227,-0.043457,1.050537,2.030534,2.70229,-0.251908,1.051929,3.389528,769,1349,580,769,0,110.714,0,damping
1780599125.606425,12.065992100004223,12288,0.062744,-0.017822,1.05542,3.320611,3.328244,-0.816794,1.057434,4.771878,772,1354,582,772,1,110.714,14,damping
1780599125.6361022,12.095669300004374,12319,0.067871,-0.01001,1.056396,1.59542,2.877863,-0.557252,1.058622,3.337362,777,1361,584,777,0,110.714,0,damping
1780599125.6674964,12.127063499996439,12350,0.044922,-0.04248,1.057129,0.435114,2.824427,-0.435114,1.058935,2.890682,779,1365,586,779,0,110.714,0,damping
1780599125.699665,12.159232100006193,12381,0.034912,-0.025391,1.063477,2.709924,3.419847,-0.419847,1.064352,4.383527,783,1371,588,783,0,110.714,6,damping
1780599125.7298746,12.189441599999554,12413,0.051514,-0.005615,1.048096,0.755725,3.045802,-0.633588,1.049376,3.201478,787,1377,590,787,0,103.571,1,damping
1780599125.7620707,12.221637700000429,12444,0.061035,-0.031738,1.059082,1.908397,2.748092,-0.587786,1.061314,3.396981,789,1382,593,789,1,103.571,14,damping
1780599125.7920923,12.25165950000519,12475,0.044434,-0.036377,1.048828,2.328244,2.175573,-0.557252,1.050399,3.234867,793,1387,594,793,0,103.571,5,damping
1780599125.8227525,12.28231950000918,12506,0.030273,0.006592,1.053223,0.10687,2.847328,-0.78626,1.053678,2.955825,797,1393,596,797,0,103.571,0,damping
1780599125.8701613,12.32972829999926,12537,0.026123,-0.025635,1.041748,1.389313,1.923664,-1.068702,1.042391,2.60246,799,1398,599,799,1,103.571,14,damping
1780599125.8859894,12.345556500004022,12569,0.059082,-0.040283,1.067383,3.938931,2.763359,0.320611,1.069775,4.822253,805,1405,600,805,0,103.571,0,damping
1780599125.9178843,12.377451499996823,12601,0.036865,-0.029297,1.042725,-0.549618,2.335878,-1.48855,1.043787,2.82386,807,1409,602,807,0,103.571,0,damping
1780599125.9490855,12.408652600002824,12631,0.05835,-0.043945,1.049072,3.229008,2.908397,-0.526718,1.051612,4.377522,809,1412,603,809,1,103.571,17,damping
1780599125.9796538,12.439220800006296,12663,0.037842,-0.005371,1.047607,0.740458,2.877863,-0.70229,1.048304,3.053454,814,1419,605,814,0,108.0,1,damping
1780599126.0105436,12.470110599999316,12694,0.049561,-0.049561,1.071045,0.587786,2.70229,-1.274809,1.073336,3.04516,816,1423,607,816,0,108.0,0,damping
1780599126.0418584,12.501425599999493,12724,0.065186,-0.020752,1.062744,3.954198,4.290076,-0.564886,1.064944,5.8617,820,1429,609,820,0,108.0,6,damping
1780599126.0729058,12.532472799997777,12756,0.042236,-0.005127,1.041992,-0.076336,2.725191,-1.099237,1.04286,2.939526,824,1435,611,824,0,108.0,0,damping
1780599126.1054165,12.564983600008418,12787,0.056641,-0.044922,1.060059,1.755725,2.824427,-0.648855,1.062521,3.388358,825,1437,612,825,0,108.0,5,damping
1780599126.1355438,12.5951109000016,12818,0.048096,-0.048096,1.04834,2.335878,2.351145,-1.053435,1.050544,3.477634,830,1443,613,830,0,108.0,5,damping
1780599126.1667206,12.626287799997954,12849,0.031006,0.012939,1.067139,0.717557,3.015267,-0.458015,1.067667,3.13313,834,1449,615,834,0,108.0,1,damping
1780599126.1977978,12.65736480000487,12880,0.047363,-0.019287,1.040772,1.78626,2.954198,-0.312977,1.042027,3.466405,836,1454,618,836,1,108.0,14,damping
1780599126.228992,12.688559000001987,12911,0.029785,-0.015381,1.058838,1.801527,2.885496,-0.519084,1.059368,3.44108,841,1461,620,841,0,108.0,0,damping
1780599126.2600698,12.719636800000444,12942,0.042969,-0.023438,1.055664,2.183206,3.007634,-0.725191,1.056798,3.786575,842,1463,621,842,0,100.358,6,damping
1780599126.2903712,12.749938200009638,12973,0.020508,-0.032715,1.042236,2.053435,2.732824,-0.839695,1.042951,3.519945,844,1468,624,844,1,100.358,14,damping
1780599126.3223722,12.78193930000998,13004,0.032959,-0.020508,1.046875,1.877863,2.885496,-0.59542,1.047594,3.493849,849,1475,626,849,0,100.358,0,damping
1780599126.3535092,12.813076200007345,13036,0.048096,-0.029541,1.04248,2.274809,3.450382,-0.717557,1.044007,4.194613,850,1477,627,850,0,100.358,5,damping
1780599126.3850913,12.844658400004846,13067,0.033203,-0.018555,1.058106,3.374046,3.312977,-0.671756,1.058789,4.776114,852,1480,628,852,1,100.358,15,damping
1780599126.417018,12.876585000005434,13099,0.057129,-0.030762,1.0625,2.587786,3.122137,-0.870229,1.064479,4.14749,855,1485,630,855,0,100.358,0,damping
1780599126.4472902,12.906857299996773,13130,0.047607,-0.041748,1.049805,1.610687,3.633588,-0.610687,1.051712,4.02122,856,1488,632,856,1,100.358,17,damping
1780599126.4785087,12.938075800004299,13161,0.055908,-0.031738,1.066894,2.229008,3.015267,-1.061069,1.06883,3.896945,860,1493,633,860,0,100.358,6,damping
1780599126.5099254,12.969492400006857,13192,0.031982,-0.01001,1.057861,1.687023,3.229008,-0.343511,1.058392,3.659308,861,1495,634,861,0,76.0,6,damping
1780599126.5403965,12.999963599999319,13223,0.04541,-0.023926,1.057861,1.48855,3.091603,-1.061069,1.059106,3.591609,862,1498,636,862,1,76.0,17,damping
1780599126.5703406,13.0299076000083,13254,0.026855,-0.02417,1.055664,1.91603,2.70229,-1.015267,1.056282,3.464724,865,1503,638,865,0,76.0,0,damping
1780599126.601994,13.061561000009533,13284,0.049072,-0.027588,1.066162,1.740458,3.045802,-0.496183,1.067647,3.542922,866,1505,639,866,0,76.0,7,damping
1780599126.6324868,13.092053800006397,13315,0.054443,-0.013184,1.055664,1.572519,2.442748,-1.015267,1.057149,3.077434,868,1510,642,868,1,76.0,13,damping
1780599126.6636543,13.123221400004695,13346,0.039795,-0.019531,1.046875,1.381679,2.870229,-0.89313,1.047813,3.308313,870,1513,643,870,0,76.0,7,damping
1780599126.6941493,13.153716300002998,13377,0.043213,-0.028809,1.068115,1.282443,3.419847,-0.48855,1.069377,3.684928,871,1515,644,871,0,76.0,7,damping
1780599126.7245016,13.184068600006867,13408,0.014648,-0.030273,1.039307,1.648855,3.007634,-0.854962,1.039851,3.534904,872,1518,646,872,1,76.0,16,damping
1780599126.7566411,13.216208199999528,13439,0.047852,-0.018799,1.049072,0.770992,2.977099,-0.679389,1.050331,3.149463,874,1521,647,874,0,76.0,7,damping
1780599126.787413,13.246979999996256,13470,0.014404,-0.028809,1.052002,1.030534,3.244275,-0.839695,1.052495,3.506053,875,1523,648,875,0,50.36,7,damping
1780599126.827528,13.287095000006957,13501,0.049316,-0.030762,1.045654,1.877863,3.40458,-0.78626,1.047268,3.96683,876,1526,650,876,1,50.36,17,damping
1780599126.8485143,13.308081399998628,13531,0.059326,-0.02002,1.057617,1.549618,2.709924,-1.137405,1.059469,3.322453,878,1529,651,878,0,50.36,6,damping
1780599126.880096,13.339663000006112,13562,0.027832,-0.012695,1.052978,1.694656,3.137405,-0.778626,1.053423,3.649853,879,1531,652,879,0,50.36,7,damping
1780599126.9101293,13.369696399997338,13593,0.059814,-0.019287,1.051758,2.274809,2.954198,-1.519084,1.053634,4.026122,880,1534,654,880,1,50.36,16,damping
1780599126.941798,13.401364999997895,13624,0.042969,-0.011719,1.059326,1.175572,3.145038,-1.099237,1.060262,3.532925,882,1537,655,882,0,50.36,7,damping
1780599126.972825,13.432392100003199,13655,0.059326,-0.039307,1.058106,1.91603,3.19084,-1.022901,1.060496,3.859917,883,1539,656,883,0,50.36,7,damping
1780599127.0040796,13.463646700009122,13686,0.053467,-0.035645,1.064209,3.045802,3.206107,-1.320611,1.066147,4.615197,885,1542,657,885,1,50.36,15,damping
1780599127.0347512,13.494318299999577,13717,0.034668,-0.024902,1.055176,1.40458,3.229008,-1.007634,1.056039,3.662603,887,1545,658,887,0,50.36,6,damping
1780599127.0656552,13.52522239999962,13748,0.040039,-0.031006,1.045654,1.320611,3.198473,-0.801527,1.04688,3.551998,888,1547,659,888,0,46.763,6,damping
1780599127.097212,13.556779100006679,13779,0.039062,-0.035156,1.060303,1.328244,3.053435,-0.763359,1.061604,3.416199,891,1551,660,891,0,46.763,7,damping
1780599127.1274424,13.587009499999112,13810,0.033203,-0.009033,1.057129,1.564886,3.091603,-1.19084,1.057689,3.664011,892,1553,661,892,0,46.763,7,damping
1780599127.158895,13.618462099999306,13841,0.050537,-0.009766,1.053223,1.129771,3.061069,-0.732824,1.05448,3.344182,893,1556,663,893,1,46.763,16,damping
1780599127.1890447,13.648611800002982,13872,0.027588,-0.023193,1.054688,1.29771,2.419847,-0.961832,1.055303,2.909439,895,1559,664,895,0,46.763,6,damping
1780599127.2200584,13.679625500008115,13902,0.052734,-0.016602,1.062744,1.931298,2.832061,-0.80916,1.064181,3.522105,896,1561,665,896,0,46.763,7,damping
1780599127.2503026,13.709869700003765,13933,0.04834,-0.009033,1.058838,2.152672,2.496183,-1.305344,1.059979,3.545257,897,1564,667,897,1,46.763,16,damping
1780599127.2817073,13.74127430000226,13964,0.021973,-0.023193,1.054443,1.664122,2.503817,-1.221374,1.054927,3.24502,899,1567,668,899,0,46.763,7,damping
1780599127.3124404,13.772007499996107,13995,0.047363,-0.024658,1.062256,1.748092,2.801527,-0.839695,1.063597,3.407266,900,1569,669,900,0,46.763,7,damping
1780599127.3446937,13.804260799995973,14026,0.040527,-0.030029,1.04541,1.48855,2.839695,-0.931298,1.046626,3.338706,901,1572,671,901,1,46.763,15,damping
1780599127.3742762,13.833843200001866,14057,0.038574,-0.019043,1.05835,1.045802,3.19084,-1.08397,1.059224,3.528477,903,1575,672,903,0,46.763,8,damping
1780599127.4061973,13.865764400004991,14088,0.031494,-0.021729,1.064697,1.450382,2.763359,-0.801527,1.065384,3.222143,905,1579,674,905,0,46.763,0,damping
1780599127.4361155,13.895682600006694,14119,0.033691,-0.02124,1.052734,1.91603,3.21374,-1.167939,1.053487,3.919615,906,1582,676,906,1,46.763,16,damping
1780599127.465421,13.924987999998848,14150,0.039307,-0.009766,1.0625,1.114504,3.0,-0.633588,1.063272,3.262446,908,1585,677,908,0,46.763,7,damping
1780599127.4967713,13.956338400006643,14179,0.028564,-0.024902,1.055176,1.541985,3.198473,-1.259542,1.055856,3.767545,909,1587,678,909,0,46.763,7,damping
1780599127.5266154,13.986182399996324,14210,0.053955,-0.025146,1.055908,2.236641,3.312977,-1.29771,1.057585,4.20267,910,1590,680,910,1,46.763,15,damping
1780599127.5585117,14.018078799999785,14241,0.03833,-0.007813,1.057129,1.526718,3.908397,-0.580153,1.057852,4.235919,914,1595,681,914,0,46.763,7,damping
1780599127.5897038,14.049270800009253,14272,0.039795,-0.025391,1.051025,1.549618,3.160305,-0.717557,1.052085,3.592177,915,1597,682,915,0,46.763,7,damping
1780599127.6210885,14.08065550000174,14303,0.034912,-0.036133,1.053955,1.938931,3.572519,-1.145038,1.055152,4.222968,917,1600,683,917,1,57.762,15,damping
1780599127.6514225,14.110989599997993,14334,0.025879,-0.013428,1.054199,1.099237,3.19084,-0.854962,1.054602,3.481485,919,1603,684,919,0,57.762,7,damping
1780599127.683189,14.1427560000011,14365,0.021729,-0.029053,1.050537,1.305344,2.793893,-1.068702,1.051163,3.263722,920,1605,685,920,0,57.762,6,damping
1780599127.7144403,14.174007299996447,14396,0.036865,-0.02002,1.059082,1.732824,2.900763,-0.70229,1.059913,3.451133,923,1609,686,923,0,57.762,7,damping
1780599127.7441432,14.203710400004638,14427,0.047852,-0.022461,1.054932,1.770992,3.251908,-1.259542,1.056255,3.911236,924,1611,687,924,0,57.762,7,damping
1780599127.7761993,14.23576630000025,14458,0.037842,-0.002686,1.053467,1.183206,2.89313,-1.335878,1.05415,3.399227,925,1614,689,925,1,57.762,16,damping
1780599127.8061311,14.265698100003647,14489,0.02417,-0.022949,1.051514,2.045802,2.229008,-1.320611,1.052042,3.301181,927,1617,690,927,0,57.762,6,damping
1780599127.836774,14.29634129999613,14520,0.049561,-0.029785,1.067139,1.755725,2.839695,-0.671756,1.068704,3.405538,928,1619,691,928,0,57.762,7,damping
1780599127.868048,14.327615100002731,14551,0.039795,-0.031006,1.049316,1.282443,2.679389,-1.137405,1.050528,3.180798,929,1622,693,929,1,57.762,16,damping
1780599127.899602,14.359169000003021,14582,0.05957,-0.023682,1.054688,1.320611,2.755725,-0.78626,1.056634,3.155351,931,1625,694,931,0,50.179,7,damping
1780599127.931336,14.39090290000604,14613,0.038818,-0.027588,1.056641,1.442748,2.824427,-1.427481,1.057713,3.478019,932,1627,695,932,0,50.179,7,damping
1780599127.9615858,14.421152900002198,14644,0.055664,-0.034424,1.057617,2.274809,3.083969,-1.51145,1.05964,4.119478,933,1630,697,933,1,50.179,17,damping
1780599127.992328,14.451895000005607,14675,0.039551,-0.027832,1.051514,1.671756,3.099237,-0.870229,1.052625,3.627304,935,1633,698,935,0,50.179,7,damping
1780599128.0243752,14.483942200007732,14706,0.052734,-0.031006,1.056152,1.900763,3.206107,-0.770992,1.057922,3.806107,936,1635,699,936,0,50.179,7,damping
1780599128.055315,14.514882000003126,14737,0.036377,-0.031494,1.056885,2.290076,3.450382,-0.984733,1.05798,4.256675,938,1638,700,938,1,50.179,15,damping
1780599128.0849936,14.544560599999386,14768,0.040527,-0.031982,1.052246,1.625954,3.129771,-1.08397,1.053512,3.68974,940,1641,701,940,0,50.179,7,damping
1780599128.1151826,14.574749699997483,14799,0.033447,-0.030518,1.054443,1.70229,3.198473,-0.900763,1.055415,3.73355,941,1643,702,941,0,50.179,6,damping
1780599128.1450462,14.604613400006201,14829,0.055176,-0.032227,1.062012,2.396947,3.70229,-0.290076,1.063932,4.420006,943,1646,703,943,1,50.179,15,damping
1780599128.1753387,14.634905800005072,14859,0.040771,-0.013184,1.053955,1.389313,3.435115,-0.946565,1.054826,3.82442,945,1649,704,945,0,50.542,7,damping
1780599128.2063797,14.66594669999904,14889,0.048828,-0.044189,1.05249,1.839695,2.687023,-0.954198,1.054548,3.393385,946,1651,705,946,0,50.542,7,damping
1780599128.2383728,14.697939799996675,14920,0.036621,-0.035156,1.054932,1.671756,3.251908,-0.824427,1.056152,3.748247,948,1654,706,948,1,50.542,15,damping
1780599128.2694001,14.728967100003501,14951,0.05542,-0.037842,1.065674,1.175572,2.725191,-0.770992,1.067785,3.066442,950,1657,707,950,0,50.542,6,damping
1780599128.2983236,14.757890699998825,14982,0.044922,-0.003662,1.062256,1.740458,3.175573,-0.984733,1.063212,3.752753,951,1659,708,951,0,50.542,6,damping
1780599128.3306348,14.790201900003012,15013,0.046143,-0.034424,1.066406,1.519084,2.885496,-0.748092,1.067959,3.345646,954,1663,709,954,0,50.542,6,damping
1780599128.3624759,14.822043000007397,15044,0.039795,-0.021973,1.063477,1.480916,3.061069,-0.885496,1.064448,3.513881,955,1665,710,955,0,50.542,7,damping
1780599128.3921382,14.851705200009746,15075,0.058594,-0.04126,1.056396,1.900763,3.381679,-0.59542,1.058824,3.924688,956,1668,712,956,1,50.542,16,damping
1780599128.4231656,14.882732600002782,15106,0.03125,-0.036865,1.057373,2.038168,2.435115,-1.099237,1.058477,3.360392,958,1671,713,958,0,50.542,7,damping
1780599128.4533231,14.912890200008405,15136,0.030518,-0.03418,1.057861,0.732824,3.450382,-0.977099,1.058853,3.660176,959,1673,714,959,0,50.542,7,damping
1780599128.4838774,14.943444600008661,15167,0.058594,-0.011719,1.052002,1.274809,2.954198,-1.08397,1.053698,3.395205,961,1678,717,961,1,50.542,14,damping
1780599128.5151048,14.974671899995883,15198,0.035156,-0.016846,1.05835,1.610687,2.358779,-1.068702,1.059067,3.049635,963,1681,718,963,0,50.542,6,damping
1780599128.5461087,15.005675699998392,15229,0.040771,-0.026855,1.064453,1.030534,2.961832,-0.961832,1.065572,3.280178,964,1683,719,964,0,50.542,7,damping
1780599128.5776095,15.037176600002567,15260,0.04126,-0.042725,1.055908,2.183206,2.366412,-0.824427,1.057577,3.323548,965,1686,721,965,1,50.542,16,damping
1780599128.609039,15.068606100001489,15291,0.052002,-0.020996,1.049561,1.587786,2.748092,-0.916031,1.051058,3.30336,967,1689,722,967,0,50.542,7,damping
1780599128.6395667,15.099133800002164,15322,0.037598,-0.016602,1.061523,1.366412,3.152672,-0.900763,1.062319,3.552154,969,1693,724,969,0,50.542,0,damping
1780599128.6711485,15.130715699997381,15353,0.063965,-0.023926,1.057861,1.694656,2.778626,-1.045802,1.060064,3.418526,970,1696,726,970,1,50.542,16,damping
1780599128.7012703,15.16083740000613,15384,0.066162,-0.01709,1.053711,1.328244,3.778626,-0.977099,1.055924,4.122738,972,1699,727,972,0,50.542,6,damping
1780599128.7326677,15.19223480000801,15415,0.043701,-0.033447,1.056152,1.717557,3.48855,-0.885496,1.057585,3.987992,973,1701,728,973,0,50.179,6,damping
1780599128.7631721,15.22273920000589,15446,0.055664,-0.032715,1.061035,2.083969,3.381679,-0.648855,1.062998,4.024884,975,1704,729,975,1,50.179,15,damping
1780599128.7946627,15.254229900005157,15477,0.045654,-0.04126,1.059326,1.328244,3.244275,-0.847328,1.061112,3.606594,978,1709,731,978,0,50.179,1,damping
1780599128.8257093,15.285276499998872,15508,0.018311,-0.016113,1.052978,1.89313,2.832061,-1.160305,1.053261,3.598725,979,1711,732,979,0,50.179,7,damping
1780599128.8570347,15.316601700003957,15539,0.04541,-0.012451,1.051514,1.854962,3.259542,-0.832061,1.052567,3.841591,983,1717,734,983,0,50.179,6,damping
1780599128.8874748,15.347041900007753,15570,0.024414,-0.012939,1.058594,1.198473,2.977099,-1.045802,1.058954,3.375375,984,1719,735,984,0,50.179,6,damping
1780599128.9191058,15.378672899998492,15601,0.046387,-0.031738,1.050293,1.618321,3.412214,-0.923664,1.051796,3.887842,985,1722,737,985,1,50.179,17,damping
1780599128.9495583,15.409125300007872,15632,0.033691,-0.031006,1.044678,1.687023,2.984733,-0.954198,1.045681,3.558816,987,1725,738,987,0,50.179,7,damping
1780599128.9807153,15.440282299998216,15663,0.061279,-0.015381,1.060547,1.793893,2.969466,-0.732824,1.062427,3.545816,990,1729,739,990,0,50.179,7,damping
1780599129.0113392,15.47090620000381,15694,0.024414,-0.030518,1.049316,1.480916,2.580153,-1.137405,1.050044,3.184963,992,1734,742,992,1,68.1,14,damping
1780599129.0422964,15.50186340000073,15725,0.036377,-0.011963,1.046387,1.832061,2.80916,-1.091603,1.047087,3.526957,994,1737,743,994,0,68.1,6,damping
1780599129.0734315,15.53299849999894,15756,0.051514,-0.020996,1.064941,1.343511,2.236641,-1.022901,1.066393,2.802483,995,1739,744,995,0,68.1,6,damping
1780599129.1044104,15.563977500001783,15787,0.055908,-0.028564,1.052978,1.549618,2.755725,-0.885496,1.054849,3.283206,996,1742,746,996,1,68.1,16,damping
1780599129.136605,15.59617220000655,15818,0.054199,-0.02832,1.053955,1.351145,2.717557,-0.549618,1.055728,3.084281,1000,1747,747,1000,0,68.1,7,damping
1780599129.166239,15.625805999996373,15849,0.036865,-0.032471,1.059082,2.015267,3.114504,-0.969466,1.060221,3.834227,1002,1751,749,1002,0,68.1,0,damping
1780599129.1979847,15.657551800002693,15880,0.040527,-0.015869,1.053711,1.656489,3.503817,-0.992366,1.054609,4.000685,1003,1754,751,1003,1,68.1,16,damping
1780599129.2292507,15.68881780000811,15911,0.064209,-0.03833,1.057617,0.854962,3.145038,-0.80916,1.060258,3.358119,1005,1757,752,1005,0,68.1,6,damping
1780599129.2592673,15.71883450000314,15942,0.041016,-0.027832,1.054932,1.419847,3.274809,-0.923664,1.056096,3.686936,1006,1759,753,1006,0,68.1,6,damping
1780599129.2913663,15.750933400006033,15973,0.038818,-0.018066,1.061523,2.099237,3.244275,-0.885496,1.062386,3.964368,1009,1764,755,1009,0,60.932,13,damping
1780599129.3213363,15.780903400009265,16004,0.022217,-0.022705,1.066162,1.007634,3.183206,-0.816794,1.066635,3.437336,1012,1769,757,1012,0,60.932,1,damping
1780599129.3531673,15.812734400009504,16035,0.032471,-0.034668,1.059326,0.954198,3.343511,-0.862595,1.06039,3.582406,1013,1772,759,1013,1,60.932,16,damping
1780599129.3851233,15.844690400001127,16067,0.042236,-0.019043,1.052002,1.129771,2.465649,-0.977099,1.053022,2.882799,1015,1775,760,1015,0,60.932,6,damping
1780599129.4167845,15.876351500002784,16098,0.0354,-0.023926,1.060791,1.244275,2.503817,-0.725191,1.061651,2.888464,1016,1777,761,1016,0,60.932,6,damping
1780599129.4469385,15.90650569999707,16129,0.020508,-0.020508,1.053711,1.641221,3.198473,-0.862595,1.05411,3.697014,1018,1782,764,1018,1,60.932,13,damping
1780599129.4775321,15.937099300004775,16159,0.037842,-0.02124,1.045166,1.740458,2.793893,-0.931298,1.046066,3.420869,1021,1787,766,1021,0,60.932,1,damping
1780599129.5074747,15.967041700001573,16190,0.057861,-0.037842,1.068359,2.007634,3.259542,-0.48855,1.070594,3.85926,1022,1789,767,1022,0,60.932,7,damping
1780599129.5376081,15.997175099997548,16220,0.030273,-0.0354,1.052978,1.89313,2.519084,-1.221374,1.054008,3.379568,1023,1792,769,1023,1,60.932,16,damping
1780599129.567458,16.02702500000305,16251,0.043945,-0.01709,1.056396,1.824428,3.061069,-1.0,1.057448,3.701172,1025,1795,770,1025,0,57.554,6,damping
1780599129.5984075,16.057974600000307,16281,0.046387,-0.045898,1.05957,1.519084,3.068702,-0.687023,1.061578,3.492356,1027,1799,772,1027,0,57.554,0,damping
1780599129.6306508,16.090217899996787,16312,0.031006,-0.03833,1.052734,2.045802,2.389313,-1.015267,1.053888,3.305282,1028,1802,774,1028,1,57.554,16,damping
1780599129.660461,16.120028100005584,16343,0.035156,-0.02002,1.052734,1.328244,2.885496,-1.534351,1.053512,3.527684,1032,1807,775,1032,0,57.554,7,damping
1780599129.6925519,16.152118900005007,16374,0.046875,-0.030762,1.053955,1.450382,2.778626,-1.091603,1.055445,3.319031,1033,1809,776,1033,0,57.554,7,damping
1780599129.7213123,16.18087930000911,16405,0.0625,-0.037842,1.056396,1.534351,2.427481,-1.40458,1.05892,3.196833,1034,1812,778,1034,1,57.554,16,damping
1780599129.7523677,16.211934699997073,16435,0.036865,-0.006836,1.054443,1.145038,2.977099,-0.801527,1.05511,3.288872,1037,1817,780,1037,0,57.554,0,damping
1780599129.788901,16.248468200006755,16466,0.019775,-0.038086,1.054443,1.251908,3.053435,-1.022901,1.055316,3.455006,1038,1819,781,1038,0,57.554,6,damping
1780599129.8143635,16.27393049999955,16497,0.037842,-0.02417,1.047363,2.137405,3.015267,-1.022901,1.048325,3.834926,1040,1824,784,1040,1,57.554,13,damping
1780599129.844879,16.304446100009955,16528,0.044434,-0.006836,1.052734,1.541985,3.40458,-0.442748,1.053694,3.76363,1042,1827,785,1042,0,61.372,7,damping
1780599129.8752625,16.334829600004014,16558,0.052979,-0.037109,1.05542,2.038168,2.938931,-1.076336,1.0574,3.734962,1043,1829,786,1043,0,61.372,7,damping
1780599129.907135,16.36670199999935,16589,0.04248,-0.021973,1.061035,1.847328,2.900763,-0.969466,1.062113,3.573082,1045,1832,787,1045,1,61.372,16,damping
1780599129.9373422,16.396909300005063,16620,0.046387,-0.016602,1.066162,0.984733,3.122137,-0.656489,1.0673,3.338925,1049,1837,788,1049,0,61.372,7,damping
1780599129.9688888,16.428455800007214,16651,0.033691,-0.030518,1.050049,1.946565,3.083969,-0.977099,1.051032,3.77554,1051,1841,790,1051,0,61.372,1,damping
1780599130.0001452,16.4597122999985,16682,0.066162,-0.013916,1.065918,1.938931,3.564885,-0.679389,1.06806,4.114539,1054,1845,791,1054,0,61.372,7,damping
1780599130.0307477,16.490314700000454,16713,0.030762,-0.022949,1.054688,1.145038,3.541985,-0.633588,1.055386,3.776003,1055,1847,792,1055,0,61.372,7,damping
1780599130.0682008,16.527767999999924,16744,0.029785,-0.037598,1.054443,2.030534,3.748092,-0.709924,1.055534,4.321488,1056,1850,794,1056,1,61.372,16,damping
1780599130.0992348,16.558801899998798,16781,0.0354,-0.036621,1.060059,1.572519,3.122137,-0.534351,1.061282,3.536395,1060,1855,795,1060,0,71.146,7,damping
1780599130.1291142,16.588681200009887,16812,0.050293,-0.035156,1.053711,1.381679,3.541985,-0.694656,1.055496,3.864873,1062,1859,797,1062,0,71.146,1,damping
1780599130.160899,16.620466100008343,16843,0.042969,-0.02832,1.054443,2.167939,3.305344,-0.870229,1.055698,4.047537,1065,1863,798,1065,0,71.146,7,damping
1780599130.191883,16.651450200006366,16874,0.027344,-0.006836,1.068604,0.770992,3.480916,-0.473282,1.068975,3.596554,1066,1865,799,1066,0,71.146,7,damping
1780599130.2231114,16.68267840000044,16904,0.045654,-0.028564,1.048096,1.587786,2.938931,-0.984733,1.049478,3.48254,1067,1868,801,1067,1,71.146,16,damping
1780599130.254142,16.713709100004053,16936,0.025146,-0.017578,1.050781,2.145038,2.717557,-1.274809,1.051229,3.689369,1071,1873,802,1071,0,71.146,6,damping
1780599130.2843392,16.74390630000562,16967,0.031006,-0.035889,1.059326,2.244275,3.274809,-1.0,1.060387,4.094038,1073,1877,804,1073,0,71.146,1,damping
1780599130.314762,16.77432920000865,16997,0.022949,-0.034424,1.054199,1.091603,2.389313,-1.122137,1.055011,2.856502,1074,1880,806,1074,1,71.146,16,damping
1780599130.3460212,16.805588200004422,17029,0.022705,-0.014404,1.052978,0.900763,3.015267,-0.954198,1.053322,3.28842,1076,1883,807,1076,0,71.146,7,damping
1780599130.3772671,16.836834100002307,17060,0.035889,-0.021729,1.057861,1.061069,2.832061,-0.648855,1.058693,3.093129,1077,1885,808,1077,0,60.932,7,damping
1780599130.407739,16.867305899999337,17091,0.055908,-0.03125,1.052734,2.007634,2.389313,-1.282443,1.054681,3.374028,1079,1890,811,1079,1,60.932,14,damping
1780599130.4392416,16.898808600002667,17121,0.025391,-0.010986,1.053223,1.648855,3.167939,-0.763359,1.053586,3.652024,1089,1902,813,1089,0,60.932,0,damping
1780599130.4704113,16.929978400003165,17153,0.039062,-0.026855,1.047607,1.839695,2.351145,-1.21374,1.048679,3.222658,1090,1904,814,1090,0,60.932,7,damping
1780599130.5027428,16.962309800001094,17184,0.039551,-0.033936,1.053711,1.885496,3.167939,-0.839695,1.054999,3.781008,1092,1907,815,1092,1,60.932,15,damping
1780599130.532668,16.992235099998652,17215,0.055176,-0.038086,1.056885,1.328244,3.083969,-0.938931,1.059009,3.486645,1094,1910,816,1094,0,60.932,7,damping
1780599130.5629122,17.022479200008092,17246,0.051025,-0.025879,1.052978,1.778626,3.389313,-0.969466,1.054532,3.948521,1096,1914,818,1096,0,60.932,0,damping
1780599130.5941784,17.053745600002003,17277,0.066162,-0.020508,1.054932,1.763359,3.076336,-0.679389,1.057203,3.61038,1099,1918,819,1099,0,60.932,6,damping
1780599130.6252878,17.084854800006724,17308,0.030762,-0.019287,1.054199,1.534351,3.160305,-0.900763,1.054824,3.626726,1102,1922,820,1102,0,60.932,7,damping
1780599130.6566963,17.116263500007335,17339,0.04248,-0.010498,1.053711,1.687023,2.832061,-0.770992,1.054619,3.385416,1103,1925,822,1103,1,93.19,16,damping
1780599130.6886814,17.1482485000015,17371,0.033936,-0.01001,1.052978,1.687023,2.977099,-0.717557,1.053573,3.496291,1105,1928,823,1105,0,93.19,7,damping
1780599130.7204688,17.18003590000444,17402,0.05127,-0.016113,1.061523,1.541985,2.923664,-1.022901,1.062883,3.460037,1107,1932,825,1107,0,93.19,0,damping
1780599130.7511706,17.210737800007337,17433,0.042725,-0.032227,1.057373,1.961832,2.725191,-1.030534,1.058726,3.512471,1108,1935,827,1108,1,93.19,16,damping
1780599130.7812743,17.24084130000847,17464,0.05249,-0.023438,1.058106,1.0,2.793893,-1.015267,1.059666,3.136336,1112,1940,828,1112,0,93.19,7,damping
1780599130.8275464,17.287113400001545,17494,0.041016,-0.023193,1.05249,2.083969,2.900763,-1.099237,1.053544,3.737068,1113,1942,829,1113,0,93.19,7,damping
1780599130.8436096,17.303176600005827,17525,0.041016,-0.023438,1.05127,2.290076,2.885496,-1.10687,1.05233,3.846518,1114,1945,831,1114,1,93.19,16,damping
1780599130.8739817,17.333548900001915,17556,0.041504,-0.020508,1.057373,2.10687,2.931298,-0.618321,1.058386,3.662476,1117,1950,833,1117,0,93.19,0,damping
1780599130.9043238,17.363891000000876,17587,0.028076,-0.026367,1.047363,1.587786,2.725191,-0.89313,1.048071,3.27802,1118,1952,834,1118,0,93.19,6,damping
1780599130.9368544,17.396421500001452,17618,0.035156,-0.027344,1.057617,1.694656,3.083969,-0.832061,1.058554,3.615944,1121,1957,836,1121,1,64.516,13,damping
1780599130.9664931,17.426060300000245,17649,0.044922,-0.028809,1.057861,1.007634,2.694656,-0.900763,1.059206,3.01461,1123,1960,837,1123,0,64.516,7,damping
1780599130.9979417,17.457508799998323,17680,0.04126,-0.02832,1.053711,1.961832,3.389313,-1.114504,1.054899,4.071652,1124,1962,838,1124,0,64.516,7,damping
1780599131.0287282,17.48829520000436,17711,0.043213,-0.017334,1.053467,1.870229,3.366412,-1.015267,1.054495,3.982619,1127,1966,839,1127,0,64.516,7,damping
1780599131.0610893,17.52065630001016,17743,0.043213,-0.014893,1.063721,1.824428,2.717557,-0.854962,1.064702,3.382989,1130,1970,840,1130,0,64.516,7,damping
1780599131.0913908,17.550958000007086,17774,0.047852,-0.014404,1.049805,1.51145,3.091603,-0.931298,1.050993,3.565082,1132,1975,843,1132,1,64.516,13,damping
1780599131.1243072,17.583874200005084,17805,0.019287,-0.012451,1.052978,1.335878,2.572519,-0.992366,1.053229,3.063856,1134,1978,844,1134,0,64.516,7,damping
1780599131.1541111,17.613678299996536,17836,0.035889,-0.018799,1.069336,1.778626,2.931298,-0.557252,1.070103,3.473693,1135,1980,845,1135,0,64.516,7,damping
1780599131.1853323,17.644899300008547,17867,0.042969,-0.033936,1.05127,1.557252,2.946565,-0.519084,1.052694,3.37294,1136,1983,847,1136,1,64.516,16,damping
1780599131.2166152,17.67618219999713,17898,0.047607,-0.018066,1.053955,1.312977,2.832061,-0.938931,1.055184,3.259765,1140,1988,848,1140,0,67.857,6,damping
1780599131.2469423,17.70650939999905,17929,0.037598,-0.029053,1.055664,1.045802,3.061069,-0.916031,1.056733,3.361987,1142,1992,850,1142,0,67.857,1,damping
1780599131.278103,17.737670100003015,17960,0.063232,-0.026611,1.064697,1.931298,3.564885,-1.145038,1.066905,4.213007,1143,1995,852,1143,1,67.857,16,damping
1780599131.3087475,17.768314500004635,17991,0.056641,-0.006836,1.053223,1.045802,3.259542,-0.709924,1.054767,3.496042,1145,1998,853,1145,0,67.857,7,damping
1780599131.3402615,17.79982860000746,18022,0.053955,-0.033691,1.052978,1.519084,2.916031,-0.916031,1.054898,3.413204,1146,2000,854,1146,0,67.857,7,damping
1780599131.3708587,17.83042569999816,18053,0.050537,-0.031006,1.055664,2.076336,2.717557,-1.114504,1.057328,3.597,1149,2005,856,1149,1,67.857,14,damping
1780599131.4012625,17.860829500001273,18084,0.044189,-0.041016,1.062988,2.10687,2.839695,-1.29771,1.064697,3.766539,1152,2010,858,1152,0,67.857,0,damping
1780599131.4318225,17.891389700002037,18114,0.031494,-0.020508,1.056396,1.366412,3.396947,-0.641221,1.057065,3.717189,1153,2012,859,1153,0,67.857,6,damping
1780599131.4640555,17.923622600006638,18146,0.050293,-0.033203,1.056641,1.664122,2.694656,-0.725191,1.058358,3.249058,1156,2016,860,1156,0,67.857,7,damping
1780599131.4945085,17.954075500005274,18177,0.032471,-0.017334,1.067627,1.648855,3.625954,-0.877863,1.068261,4.078837,1157,2018,861,1157,0,60.932,7,damping
1780599131.526452,17.98601910000434,18208,0.048584,-0.022949,1.057617,1.351145,2.931298,-0.740458,1.058981,3.311552,1158,2021,863,1158,1,60.932,16,damping
1780599131.5566897,18.016256700007943,18239,0.030273,-0.01709,1.051758,1.580153,2.641221,-1.129771,1.052332,3.278615,1160,2024,864,1160,0,60.932,7,damping
1780599131.5878801,18.04744720000599,18270,0.039307,-0.037598,1.059326,2.076336,3.442748,-0.656489,1.060722,4.073654,1161,2026,865,1161,0,60.932,6,damping
1780599131.6191678,18.07873490000202,18301,0.011963,-0.030518,1.043945,1.59542,2.839695,-1.022901,1.04446,3.414024,1162,2029,867,1162,1,60.932,16,damping
1780599131.649817,18.109384099996532,18332,0.043701,-0.016113,1.05957,1.816794,2.89313,-0.900763,1.060594,3.533032,1164,2032,868,1164,0,60.932,7,damping
1780599131.681576,18.14114320000226,18363,0.027588,-0.020508,1.056152,0.755725,2.839695,-0.916031,1.056712,3.078002,1165,2034,869,1165,0,60.932,7,damping
1780599131.71185,18.17141700000502,18394,0.051758,-0.029297,1.050293,2.068702,2.59542,-0.816794,1.051976,3.418024,1166,2037,871,1166,1,60.932,16,damping
1780599131.742655,18.20222200000717,18425,0.052734,-0.019531,1.058594,2.343511,2.977099,-1.152672,1.060086,3.96028,1168,2040,872,1168,0,60.932,7,damping
1780599131.7726462,18.232213199997204,18456,0.049316,-0.023193,1.053955,2.022901,2.931298,-1.251908,1.055363,3.77517,1169,2042,873,1169,0,43.011,7,damping
1780599131.8045876,18.264154600008624,18486,0.047363,-0.017578,1.061768,1.977099,3.045802,-0.89313,1.062969,3.739453,1170,2045,875,1170,1,43.011,16,damping
1780599131.8349726,18.294539599999553,18517,0.031006,-0.005615,1.047363,0.541985,3.603053,-0.839695,1.047837,3.739094,1172,2048,876,1172,0,43.011,7,damping
1780599131.865631,18.325198100006673,18548,0.033447,-0.018555,1.050781,1.320611,3.076336,-0.793893,1.051477,3.440657,1173,2050,877,1173,0,43.011,7,damping
1780599131.8974922,18.35705930000404,18579,0.035889,-0.025146,1.058838,1.946565,3.312977,-1.160305,1.059744,4.013881,1175,2053,878,1175,1,43.011,15,damping
1780599131.928281,18.387848200000008,18610,0.034668,-0.032227,1.049805,1.221374,3.320611,-0.992366,1.050871,3.674643,1177,2056,879,1177,0,43.011,8,damping
1780599131.95845,18.418017200005124,18641,0.033447,-0.024658,1.057373,1.48855,3.221374,-1.198473,1.058189,3.74558,1178,2058,880,1178,0,43.011,7,damping
1780599131.988618,18.448185000001104,18671,0.044678,-0.010986,1.058594,2.167939,3.160305,-0.694656,1.059593,3.894873,1180,2061,881,1180,0,43.011,14,damping
1780599132.0203462,18.479913200004376,18702,0.054199,-0.022217,1.060547,1.534351,2.984733,-0.832061,1.062163,3.457628,1182,2064,882,1182,0,43.011,7,damping
1780599132.0526574,18.512224400008563,18733,0.040527,-0.044189,1.050049,1.748092,3.587786,-0.862595,1.051759,4.083149,1183,2067,884,1183,1,50.542,16,damping
1780599132.0833187,18.5428857000079,18765,0.041748,-0.026367,1.059326,1.793893,2.206107,-1.206107,1.060476,3.088633,1185,2070,885,1185,0,50.542,8,damping
1780599132.1142654,18.57383249999839,18796,0.044678,-0.029541,1.063477,2.221374,3.122137,-0.564886,1.064824,3.873156,1186,2072,886,1186,0,50.542,7,damping
1780599132.1443543,18.603921400004765,18827,0.019775,-0.036865,1.036865,2.19084,2.694656,-0.870229,1.037709,3.580258,1187,2075,888,1187,1,50.542,16,damping
1780599132.1757386,18.635305700008757,18858,0.05249,-0.012939,1.060059,1.351145,3.305344,-0.854962,1.061436,3.671764,1189,2078,889,1189,0,50.542,7,damping
1780599132.2077348,18.667302000001655,18889,0.041992,-0.027344,1.066162,1.366412,2.633588,-0.900763,1.067339,3.100684,1190,2080,890,1190,0,50.542,7,damping
1780599132.2386212,18.698188199996366,18920,0.068359,-0.017822,1.057373,2.030534,2.923664,-1.274809,1.05973,3.781008,1191,2083,892,1191,1,50.542,15,damping
1780599132.2690225,18.728589599995757,18951,0.054932,-0.005859,1.057373,1.198473,3.572519,-0.625954,1.058815,3.819823,1193,2086,893,1193,0,50.542,7,damping
1780599132.3004127,18.759979700000258,18982,0.04834,-0.031006,1.050049,1.603053,3.694656,-0.618321,1.051618,4.074628,1194,2088,894,1194,0,50.542,7,damping
1780599132.331979,18.791546100008418,19013,0.057129,-0.030273,1.060303,2.236641,3.152672,-1.137405,1.062272,4.029342,1196,2091,895,1196,1,46.429,15,damping
1780599132.3629315,18.82249849999789,19045,0.046143,-0.020996,1.058106,1.51145,3.236641,-0.755725,1.059319,3.651226,1198,2094,896,1198,0,46.429,7,damping
1780599132.3943653,18.853932400001213,19076,0.044434,-0.042236,1.048828,1.938931,3.534351,-0.778626,1.050618,4.10577,1199,2097,898,1199,1,46.429,15,damping
1780599132.4252362,18.8848033999966,19107,0.033203,-0.019287,1.05127,1.755725,2.526718,-1.229008,1.05197,3.313206,1201,2100,899,1201,0,46.429,8,damping
1780599132.4562204,18.915787500009174,19138,0.05835,-0.028076,1.062988,1.480916,3.114504,-0.70229,1.064959,3.51944,1202,2102,900,1202,0,46.429,7,damping
1780599132.4881144,18.947681500008912,19169,0.05127,-0.02002,1.057129,1.450382,2.854962,-0.824427,1.058561,3.306674,1203,2105,902,1203,1,46.429,16,damping
1780599132.5188243,18.978391299999203,19201,0.047607,-0.012207,1.056396,1.519084,2.870229,-1.183206,1.057539,3.456271,1205,2108,903,1205,0,46.429,7,damping
1780599132.5495906,19.009157599997707,19232,0.031738,-0.027344,1.061035,1.671756,2.687023,-0.763359,1.061862,3.255392,1206,2110,904,1206,0,46.429,7,damping
1780599132.5808105,19.04037750000134,19263,0.063721,-0.018311,1.061035,2.244275,2.80916,-1.587786,1.063104,3.930549,1207,2113,906,1207,1,44.0,16,damping
1780599132.6114728,19.071040000009816,19294,0.054932,-0.009277,1.053711,1.625954,3.625954,-0.832061,1.055183,4.06,1210,2118,908,1210,0,44.0,0,damping
1780599132.6411378,19.100705000004382,19324,0.025146,-0.030029,1.053467,1.419847,3.320611,-0.847328,1.054195,3.7095,1211,2120,909,1211,0,44.0,7,damping
1780599132.6727085,19.132275700001628,19355,0.033691,-0.017822,1.047607,1.847328,3.442748,-1.40458,1.0483,4.151865,1212,2123,911,1212,1,44.0,16,damping
1780599132.7029164,19.162483399995835,19386,0.038086,-0.00708,1.065674,0.992366,2.847328,-0.900763,1.066378,3.146974,1214,2126,912,1214,0,44.0,7,damping
1780599132.7330391,19.19260629999917,19416,0.034424,-0.033203,1.062012,2.099237,2.709924,-0.778626,1.063088,3.515215,1215,2128,913,1215,0,44.0,7,damping
1780599132.7653387,19.224905700000818,19447,0.046875,-0.014404,1.04834,2.152672,2.755725,-1.183206,1.049486,3.691611,1216,2131,915,1216,1,44.0,17,damping
1780599132.7962096,19.255776699996204,19478,0.066406,-0.043213,1.068604,1.015267,2.732824,-0.916031,1.071537,3.055848,1220,2136,916,1220,0,44.0,7,damping
1780599132.827045,19.286612099997,19509,0.051514,-0.020508,1.060303,1.778626,2.816794,-1.068702,1.061751,3.498566,1221,2138,917,1221,0,44.0,7,damping
1780599132.8576343,19.317201400001068,19540,0.050049,-0.01709,1.059814,1.992366,3.572519,-0.473282,1.061133,4.117816,1224,2142,918,1224,0,61.372,7,damping
1780599132.8887978,19.34836489999725,19572,0.059082,-0.012451,1.060059,1.656489,3.40458,-0.740458,1.061777,3.857901,1225,2144,919,1225,0,61.372,7,damping
1780599132.9205434,19.380110400001286,19602,0.021973,-0.035889,1.052734,1.694656,3.572519,-0.923664,1.053575,4.06053,1226,2147,921,1226,1,61.372,16,damping
1780599132.952463,19.41202990000602,19634,0.033447,-0.025391,1.059082,1.282443,2.801527,-0.900763,1.059914,3.210076,1230,2152,922,1230,0,61.372,7,damping
1780599132.9833183,19.442885500000557,19665,0.05127,-0.012939,1.068115,1.335878,3.236641,-0.78626,1.069423,3.58868,1232,2156,924,1232,0,61.372,0,damping
1780599133.014055,19.473622200006503,19696,0.012939,-0.026611,1.049805,1.778626,2.618321,-1.267176,1.050222,3.409523,1233,2159,926,1233,1,61.372,16,damping
1780599133.044256,19.50382310000714,19727,0.040283,-0.018066,1.049805,1.618321,2.961832,-0.89313,1.050733,3.491288,1235,2162,927,1235,0,61.372,7,damping
1780599133.0770597,19.53662680000707,19758,0.027588,-0.015625,1.058838,1.824428,2.610687,-1.068702,1.059312,3.359516,1236,2164,928,1236,0,61.372,7,damping
1780599133.107225,19.566792099998565,19789,0.0354,-0.024414,1.054443,1.89313,3.351145,-0.854962,1.05532,3.942724,1238,2169,931,1238,1,61.372,13,damping
1780599133.1393597,19.59892679999757,19820,0.040771,-0.010742,1.049805,1.358779,3.435115,-0.580153,1.050651,3.739368,1241,2174,933,1241,0,60.714,0,damping
1780599133.1692843,19.62885130000359,19851,0.033447,-0.034668,1.05127,2.351145,2.992366,-0.763359,1.052373,3.881347,1242,2176,934,1242,0,60.714,7,damping
1780599133.2004547,19.66002190001018,19882,0.03418,-0.030518,1.054688,1.793893,3.312977,-0.389313,1.055682,3.787537,1244,2179,935,1244,1,60.714,15,damping
1780599133.2309566,19.690523600002052,19913,0.035156,-0.036377,1.053711,0.664122,3.114504,-1.068702,1.054925,3.359065,1246,2182,936,1246,0,60.714,7,damping
1780599133.2633593,19.722926400005235,19945,0.022705,-0.0271,1.060547,1.816794,3.419847,-0.969466,1.061136,3.991987,1248,2186,938,1248,0,60.714,1,damping
1780599133.2945805,19.754147500003455,19976,0.033447,-0.018066,1.057373,2.015267,2.938931,-0.877863,1.058056,3.670049,1251,2190,939,1251,0,60.714,7,damping
1780599133.3263838,19.78595089999726,20008,0.054443,-0.029541,1.057861,1.328244,3.114504,-0.938931,1.059673,3.513682,1254,2194,940,1254,0,60.714,7,damping
1780599133.3558095,19.815376500002458,20039,0.023926,-0.033691,1.052002,1.274809,2.40458,-1.061069,1.052813,2.921132,1255,2197,942,1255,1,60.714,16,damping
1780599133.3876226,19.847189599997364,20070,0.040283,-0.012451,1.054199,1.770992,2.725191,-1.030534,1.055042,3.409557,1257,2200,943,1257,0,64.0,6,damping
1780599133.4183006,19.87786780000897,20101,0.027588,-0.023193,1.058106,1.847328,3.061069,-0.816794,1.058719,3.667413,1259,2204,945,1259,0,64.0,1,damping
1780599133.449948,19.90951510000741,20132,0.055176,-0.030518,1.055176,1.541985,3.389313,-0.70229,1.057058,3.789244,1260,2207,947,1260,1,64.0,16,damping
1780599133.4804997,19.94006680000166,20163,0.035645,-0.026611,1.053467,1.335878,3.664122,-0.70229,1.054405,3.962773,1264,2212,948,1264,0,64.0,7,damping
1780599133.5114207,19.970987900000182,20194,0.032715,-0.035156,1.047363,2.114504,2.839695,-0.900763,1.048464,3.653268,1265,2214,949,1265,0,64.0,7,damping
1780599133.5430427,20.00260980000894,20225,0.060547,-0.023926,1.058594,1.824428,3.427481,-0.923664,1.060594,3.991155,1266,2217,951,1266,1,64.0,16,damping
1780599133.57369,20.033257000002777,20256,0.040771,-0.027344,1.063477,0.885496,3.740458,-0.862595,1.064609,3.939442,1269,2222,953,1269,0,64.0,0,damping
1780599133.605386,20.064953200009768,20287,0.047363,-0.022705,1.059814,1.78626,3.259542,-0.870229,1.061115,3.817412,1270,2224,954,1270,0,64.0,6,damping
1780599133.6370394,20.096606400009478,20318,0.06665,-0.026611,1.061523,2.076336,3.770992,-0.801527,1.063947,4.378812,1273,2229,956,1273,1,64.0,13,damping
1780599133.666565,20.12613190000411,20349,0.020752,-0.018799,1.049805,1.458015,2.770992,-1.053435,1.050178,3.303624,1275,2232,957,1275,0,64.516,7,damping
1780599133.6978996,20.157466600008775,20380,0.052734,-0.045898,1.055908,1.40458,3.160305,-0.709924,1.05822,3.530491,1276,2235,959,1276,1,64.516,16,damping
1780599133.7294765,20.189043599995784,20411,0.040283,-0.025391,1.053467,1.839695,2.381679,-1.160305,1.054542,3.225396,1278,2238,960,1278,0,64.516,7,damping
1780599133.7704709,20.23003790000803,20442,0.043701,-0.00708,1.059082,2.10687,3.335878,-0.862595,1.060007,4.038694,1281,2242,961,1281,0,64.516,6,damping
1780599133.7912557,20.25082280000788,20473,0.036865,-0.006592,1.050781,1.145038,2.80916,-0.969466,1.051448,3.184707,1283,2247,964,1283,1,64.516,14,damping
1780599133.8213134,20.280880500009516,20504,0.050049,-0.026367,1.055664,1.526718,2.664122,-0.908397,1.057179,3.202124,1285,2250,965,1285,0,64.516,7,damping
1780599133.8533754,20.31294240000716,20535,0.040039,-0.029053,1.069092,1.763359,3.641221,-0.725191,1.070236,4.11021,1286,2252,966,1286,0,64.516,7,damping
1780599133.8841043,20.34367139999813,20566,0.048828,-0.029297,1.057861,1.59542,3.076336,-0.900763,1.059393,3.580584,1287,2255,968,1287,1,64.516,16,damping
1780599133.915279,20.374846100006835,20597,0.038574,-0.024414,1.062988,1.625954,3.137405,-0.671756,1.063968,3.596984,1291,2260,969,1291,0,64.516,7,damping
1780599133.9461608,20.405727899997146,20628,0.0354,-0.034912,1.057861,1.473282,3.419847,-0.725191,1.059029,3.793655,1293,2264,971,1293,0,64.516,0,damping
1780599133.975602,20.43516890000319,20659,0.040771,-0.026123,1.043213,1.78626,3.59542,-0.854962,1.044336,4.10472,1294,2267,973,1294,1,64.516,16,damping
1780599134.0073383,20.466905399996904,20689,0.047607,-0.020508,1.054199,1.572519,3.480916,-0.709924,1.055473,3.885046,1296,2270,974,1296,0,64.516,7,damping
1780599134.0372803,20.496847300004447,20720,0.038086,-0.03418,1.048584,2.198473,3.221374,-0.664122,1.049832,3.95621,1297,2272,975,1297,0,64.516,7,damping
1780599134.0690267,20.528593800001545,20751,0.049316,-0.021973,1.063477,1.824428,2.687023,-1.015267,1.064846,3.402851,1298,2275,977,1298,1,64.516,16,damping
1780599134.0992894,20.558856600007857,20782,0.048096,-0.005859,1.060059,1.08397,3.78626,-0.908397,1.061165,4.041774,1300,2278,978,1300,0,64.516,7,damping
1780599134.131495,20.591062100007548,20813,0.040039,-0.02417,1.043457,2.236641,3.366412,-0.625954,1.044505,4.08988,1301,2280,979,1301,0,64.516,6,damping
1780599134.1621032,20.62167030001001,20844,0.046875,-0.015869,1.057861,1.458015,3.862595,-0.740458,1.059018,4.194488,1303,2283,980,1303,1,64.516,15,damping
1780599134.192929,20.652496000009705,20875,0.023682,-0.031006,1.057129,1.198473,3.152672,-0.778626,1.057849,3.461494,1305,2286,981,1305,0,64.516,7,damping
1780599134.2230043,20.682571299999836,20906,0.032471,-0.02417,1.062988,0.954198,3.709924,-0.900763,1.063759,3.93515,1306,2288,982,1306,0,46.763,6,damping
1780599134.2553732,20.714940200006822,20937,0.018311,-0.023682,1.056152,1.473282,2.396947,-0.839695,1.056576,2.936154,1309,2292,983,1309,0,46.763,7,damping
1780599134.2858942,20.745461200000136,20969,0.049805,-0.032471,1.068604,1.725191,3.40458,-0.458015,1.070256,3.844116,1310,2294,984,1310,0,46.763,7,damping
1780599134.3167064,20.776273600000422,20999,0.044678,-0.012695,1.052246,1.549618,3.091603,-0.916031,1.053271,3.57749,1311,2297,986,1311,1,46.763,16,damping
1780599134.3475013,20.80706839999766,21030,0.031494,-0.019287,1.049805,1.381679,2.526718,-0.916031,1.050454,3.021995,1313,2300,987,1313,0,46.763,6,damping
1780599134.378967,20.83853400000953,21061,0.045654,-0.025879,1.061768,1.473282,3.351145,-0.564886,1.063064,3.704029,1314,2302,988,1314,0,46.763,6,damping
1780599134.409626,20.86919310000667,21092,0.045166,-0.035156,1.056641,1.709924,3.564885,-0.801527,1.05819,4.03419,1315,2305,990,1315,1,46.763,16,damping
1780599134.441073,20.900639900006354,21123,0.063232,-0.015869,1.048584,1.801527,2.832061,-0.641221,1.050609,3.417197,1317,2308,991,1317,0,46.763,7,damping
1780599134.4715068,20.931073900006595,21154,0.057129,-0.043457,1.061279,1.572519,3.580153,-0.59542,1.063704,3.955355,1318,2310,992,1318,0,46.763,7,damping
1780599134.5024884,20.962055500000133,21185,0.053467,-0.029541,1.062256,2.038168,3.045802,-0.870229,1.064011,3.76674,1319,2313,994,1319,1,46.595,16,damping
1780599134.5336947,20.993261700001312,21216,0.053223,-0.016357,1.052246,1.641221,3.824427,-0.549618,1.053718,4.197849,1321,2316,995,1321,0,46.595,6,damping
1780599134.564939,21.02450620000309,21247,0.054443,-0.025879,1.055664,1.549618,2.938931,-1.053435,1.057384,3.48545,1322,2318,996,1322,0,46.595,6,damping
1780599134.5961545,21.05572160000156,21278,0.055664,-0.037109,1.06543,2.229008,3.694656,-0.717557,1.067528,4.374226,1324,2321,997,1324,1,46.595,15,damping
1780599134.627083,21.086650099998224,21309,0.026367,-0.035156,1.054932,1.442748,2.854962,-1.183206,1.055847,3.410617,1326,2324,998,1326,0,46.595,7,damping
1780599134.6594048,21.118971800009604,21341,0.053955,-0.027832,1.062744,1.137405,3.656489,-0.954198,1.064477,3.946402,1327,2327,1000,1327,1,46.595,16,damping
1780599134.6914415,21.151008500004536,21373,0.041748,-0.021729,1.054932,1.557252,2.503817,-1.068702,1.055981,3.13628,1331,2332,1001,1331,0,46.595,6,damping
1780599134.7327576,21.19232460000785,21404,0.041992,-0.031982,1.068115,1.610687,2.938931,-0.89313,1.069419,3.46833,1332,2334,1002,1332,0,46.595,6,damping
1780599134.7531748,21.212741900002584,21435,0.043945,-0.033203,1.059082,1.687023,2.89313,-0.923664,1.060513,3.474104,1333,2337,1004,1333,1,56.0,16,damping
1780599134.7836769,21.24324389999674,21466,0.044678,-0.016602,1.054688,1.664122,2.900763,-1.030534,1.055764,3.49939,1335,2340,1005,1335,0,56.0,7,damping
1780599134.8144991,21.274066300000413,21497,0.057129,-0.040771,1.058594,1.832061,2.671756,-0.801527,1.060918,3.33724,1336,2342,1006,1336,0,56.0,7,damping
1780599134.8449557,21.304522699996596,21527,0.025391,-0.019287,1.047607,1.931298,2.885496,-0.969466,1.048092,3.604978,1338,2347,1009,1338,1,56.0,14,damping
1780599134.8752756,21.33484280000266,21558,0.028076,-0.009033,1.052978,0.992366,2.587786,-0.801527,1.053391,2.885112,1340,2350,1010,1340,0,56.0,6,damping
1780599134.9052625,21.364829500002088,21588,0.042969,-0.031738,1.055908,1.618321,3.175573,-0.526718,1.057259,3.602868,1341,2352,1011,1341,0,56.0,6,damping
1780599134.937036,21.39660300000105,21619,0.056152,-0.030518,1.053955,2.015267,2.709924,-0.839695,1.055891,3.479953,1342,2355,1013,1342,1,56.0,16,damping
1780599134.9677656,21.42733259999659,21650,0.057617,-0.028076,1.050293,1.832061,3.076336,-1.076336,1.052247,3.738822,1344,2358,1014,1344,0,56.0,7,damping
1780599134.9991593,21.45872640000016,21681,0.032715,-0.044434,1.053467,1.885496,3.183206,-0.916031,1.054911,3.811432,1346,2362,1016,1346,0,56.0,1,damping
1780599135.0306091,21.490176200008136,21712,0.045166,-0.020752,1.059814,1.679389,3.427481,-0.717557,1.060979,3.883666,1347,2365,1018,1347,1,50.542,16,damping
1780599135.0607903,21.520357300003525,21743,0.048828,-0.017822,1.067383,0.587786,3.625954,-0.832061,1.068648,3.766346,1351,2370,1019,1351,0,50.542,7,damping
1780599135.0923755,21.55194260001008,21774,0.019287,-0.02124,1.060791,1.061069,3.083969,-1.022901,1.061179,3.418049,1352,2372,1020,1352,0,50.542,6,damping
1780599135.1230476,21.582614700004342,21805,0.048096,-0.038086,1.057129,1.900763,3.21374,-0.641221,1.058908,3.788429,1354,2375,1021,1354,1,50.542,15,damping
1780599135.1542318,21.613798899998073,21836,0.016357,-0.013184,1.055908,1.274809,2.78626,-1.007634,1.056117,3.225478,1357,2380,1023,1357,0,50.542,0,damping
1780599135.1844926,21.64405970000371,21867,0.039795,-0.036865,1.061279,1.351145,3.435115,-1.068702,1.062665,3.84288,1358,2382,1024,1358,0,50.542,6,damping
1780599135.2159228,21.67548990000796,21898,0.049561,-0.025146,1.057373,1.412214,2.549618,-0.946565,1.058832,3.064455,1362,2388,1026,1362,0,50.542,7,damping
1780599135.2470224,21.70658939999703,21929,0.040527,-0.015381,1.053955,1.671756,3.160305,-0.80916,1.054846,3.665656,1363,2390,1027,1363,0,50.542,7,damping
1780599135.2782264,21.73779349999677,21960,0.045166,-0.009521,1.046875,2.068702,3.045802,-0.793893,1.047892,3.766524,1364,2393,1029,1364,1,50.542,16,damping
1780599135.3087792,21.768346299999394,21991,0.042969,-0.019531,1.055176,1.923664,2.206107,-1.137405,1.056231,3.140236,1366,2397,1031,1366,1,68.1,3,damping
1780599135.3400435,21.799610600006417,22022,0.056152,-0.029541,1.063477,1.687023,2.694656,-0.732824,1.065368,3.262553,1368,2400,1032,1368,0,68.1,6,damping
1780599135.3703237,21.82989069999894,22053,0.049072,-0.033936,1.054932,1.694656,2.832061,-1.175572,1.056618,3.503484,1370,2405,1035,1370,1,68.1,13,damping
1780599135.4007378,21.860304800007725,22084,0.051514,-0.019775,1.053955,1.854962,3.29771,-0.854962,1.055398,3.879012,1372,2408,1036,1372,0,68.1,7,damping
1780599135.4316945,21.8912616000016,22114,0.043945,-0.028564,1.060547,1.320611,3.053435,-0.908397,1.061841,3.448574,1373,2410,1037,1373,0,68.1,7,damping
1780599135.4619403,21.921507400009432,22145,0.030273,-0.033691,1.047852,1.564886,2.839695,-0.862595,1.04883,3.355116,1374,2413,1039,1374,1,68.1,16,damping
1780599135.4922233,21.951790400009486,22175,0.041992,-0.018555,1.059082,1.946565,2.366412,-1.526718,1.060077,3.423432,1378,2418,1040,1378,0,68.1,7,damping
1780599135.5231957,21.98276280000573,22206,0.042725,-0.009277,1.061768,1.458015,3.022901,-0.549618,1.062667,3.400856,1380,2422,1042,1380,0,68.1,0,damping
1780599135.5546944,22.014261500007706,22237,0.029053,-0.031738,1.05127,2.045802,2.992366,-0.977099,1.05215,3.754236,1381,2425,1044,1381,1,68.1,17,damping
1780599135.5857625,22.04532960000506,22268,0.033936,-0.012451,1.050537,1.534351,3.381679,-0.694656,1.051159,3.777901,1383,2428,1045,1383,0,61.372,6,damping
1780599135.6173313,22.07689830000163,22299,0.041504,-0.040283,1.049561,1.732824,3.19084,-0.763359,1.051153,3.710372,1384,2430,1046,1384,0,61.372,6,damping
1780599135.6476388,22.107205899999826,22330,0.036133,-0.025391,1.056885,2.022901,3.557252,-0.839695,1.057807,4.17747,1386,2435,1049,1386,1,61.372,14,damping
1780599135.6832967,22.142863800007035,22366,0.056885,-0.008789,1.061279,1.374046,2.29771,-0.732824,1.062839,2.775699,1389,2440,1051,1389,0,61.372,0,damping
1780599135.7153554,22.174922400008654,22397,0.041016,-0.022217,1.053711,2.068702,3.022901,-1.061069,1.054743,3.813571,1390,2443,1053,1390,1,61.372,16,damping
1780599135.74722,22.206787100003567,22428,0.041016,-0.016113,1.052978,1.580153,3.007634,-0.923664,1.0539,3.520781,1392,2446,1054,1392,0,61.372,7,damping
1780599135.7766685,22.236235700009274,22459,0.041016,-0.018066,1.05835,1.633588,2.984733,-1.122137,1.059298,3.582797,1393,2448,1055,1393,0,61.372,6,damping
1780599135.8068445,22.266411600008723,22490,0.054443,-0.027344,1.06543,1.618321,3.29771,-0.694656,1.06717,3.738502,1394,2451,1057,1394,1,61.372,17,damping
1780599135.8373287,22.29689579999831,22520,0.036621,-0.028809,1.054199,0.755725,3.534351,-1.022901,1.055228,3.756206,1396,2454,1058,1396,0,51.587,7,damping
1780599135.8688042,22.328371399999014,22551,0.020508,-0.020752,1.048096,1.076336,3.244275,-1.099237,1.048502,3.590562,1397,2456,1059,1397,0,51.587,7,damping
1780599135.899384,22.35895100000198,22582,0.04541,-0.029297,1.052246,2.48855,3.183206,-1.221374,1.053633,4.22107,1398,2459,1061,1398,1,51.587,16,damping
1780599135.930541,22.390108100007637,22613,0.041992,-0.002441,1.061768,1.48855,2.854962,-0.671756,1.0626,3.289049,1400,2462,1062,1400,0,51.587,7,damping
1780599135.9609385,22.420505600006436,22644,0.045898,-0.03125,1.051514,1.519084,3.068702,-0.854962,1.052979,3.529236,1401,2464,1063,1401,0,51.587,7,damping
1780599135.9919612,22.4515284000081,22674,0.038818,-0.017334,1.060303,2.061069,3.305344,-0.969466,1.061155,4.01412,1403,2467,1064,1403,1,51.587,16,damping
1780599136.0235298,22.483096800002386,22706,0.054932,-0.041504,1.059082,1.854962,3.099237,-0.603053,1.061317,3.661943,1405,2470,1065,1405,0,51.587,7,damping
1780599136.0549502,22.514517300005537,22737,0.050049,-0.022949,1.061768,1.320611,3.274809,-0.847328,1.063194,3.631302,1406,2472,1066,1406,0,51.587,6,damping
1780599136.085889,22.54545610000787,22768,0.047119,-0.013184,1.054443,2.053435,2.793893,-0.51145,1.055578,3.504856,1409,2476,1067,1409,0,51.587,7,damping
1780599136.117066,22.57663290000346,22799,0.030762,-0.017334,1.054932,1.19084,3.465649,-0.801527,1.055522,3.751169,1412,2480,1068,1412,0,57.348,7,damping
1780599136.148382,22.60794899999746,22830,0.041748,-0.008545,1.052002,1.946565,2.748092,-1.08397,1.052865,3.537812,1413,2483,1070,1413,1,57.348,16,damping
1780599136.1782992,22.6378662000061,22861,0.029053,-0.014648,1.052246,2.0,2.664122,-1.076336,1.052749,3.500864,1415,2486,1071,1415,0,57.348,7,damping
1780599136.2096438,22.66921100000036,22892,0.035889,-0.017578,1.066894,1.435114,3.251908,-0.519084,1.067643,3.592201,1416,2488,1072,1416,0,57.348,7,damping
1780599136.2405176,22.700084700001753,22923,0.022217,-0.02417,1.049072,2.061069,2.564885,-1.129771,1.049586,3.47894,1417,2491,1074,1417,1,57.348,17,damping
1780599136.2724218,22.731988800005638,22954,0.032227,-0.014404,1.050293,1.450382,2.625954,-1.206107,1.050886,3.233255,1421,2496,1075,1421,0,57.348,6,damping
1780599136.3028026,22.762369700009003,22985,0.021729,-0.00708,1.06665,1.641221,2.885496,-0.916031,1.066895,3.443662,1422,2498,1076,1422,0,57.348,6,damping
1780599136.3344066,22.79397379999864,23016,0.043945,-0.023193,1.054443,1.648855,2.549618,-1.0,1.055614,3.19676,1423,2501,1078,1423,1,57.348,16,damping
1780599136.3650105,22.8245775999967,23047,0.043213,-0.006348,1.056396,2.022901,3.122137,-1.099237,1.057299,3.8792,1425,2504,1079,1425,0,57.348,7,damping
1780599136.3962986,22.855865699995775,23078,0.039307,-0.033936,1.062012,1.450382,2.946565,-0.946565,1.063281,3.41787,1426,2506,1080,1426,0,50.179,7,damping
1780599136.4274864,22.887053400001605,23109,0.056641,-0.02124,1.056396,1.977099,3.564885,-0.984733,1.058127,4.193689,1429,2511,1082,1429,1,50.179,14,damping
1780599136.4587142,22.91828140000871,23140,0.06958,-0.017578,1.063965,1.175572,3.290076,-0.625954,1.066382,3.549421,1432,2516,1084,1432,0,50.179,0,damping
1780599136.488769,22.948336200002814,23171,0.043701,-0.021729,1.061035,1.862595,3.503817,-0.70229,1.062157,4.02979,1433,2518,1085,1433,0,50.179,6,damping
1780599136.5205257,22.98009280000406,23202,0.065918,-0.022217,1.061035,2.145038,3.328244,-0.832061,1.063313,4.046075,1435,2521,1086,1435,1,50.179,15,damping
1780599136.550782,23.01034900000377,23233,0.030273,-0.020508,1.052246,1.320611,3.366412,-0.89313,1.052881,3.724839,1437,2524,1087,1437,0,50.179,7,damping
1780599136.5822878,23.0418548000016,23264,0.02832,-0.017578,1.058106,1.137405,3.526718,-1.221374,1.05863,3.90169,1439,2528,1089,1439,0,50.179,1,damping
1780599136.6129475,23.07251460000407,23295,0.046143,-0.027832,1.054443,1.549618,2.969466,-0.938931,1.055819,3.478597,1442,2532,1090,1442,0,50.179,7,damping
1780599136.643683,23.103250000000116,23326,0.041504,-0.010254,1.056396,1.778626,3.427481,-0.740458,1.057261,3.931846,1445,2536,1091,1445,0,50.179,6,damping
1780599136.6752946,23.134861700003967,23357,0.033447,-0.010498,1.056885,2.015267,2.946565,-1.305344,1.057466,3.800983,1446,2539,1093,1446,1,71.685,17,damping
1780599136.7052186,23.164785600005416,23388,0.027832,-0.020264,1.050293,1.793893,2.778626,-1.290076,1.050857,3.550086,1448,2542,1094,1448,0,71.685,7,damping
1780599136.737722,23.197288900002604,23419,0.026367,-0.02832,1.070557,1.732824,3.282443,-0.709924,1.071256,3.779035,1450,2546,1096,1450,0,71.685,1,damping
1780599136.7686687,23.228235700007644,23450,0.018555,-0.027344,1.04248,1.442748,2.908397,-1.015267,1.043004,3.401626,1451,2549,1098,1451,1,71.685,16,damping
1780599136.811962,23.27152890000434,23481,0.044678,-0.016846,1.058106,1.770992,2.633588,-1.198473,1.059182,3.392424,1455,2554,1099,1455,0,71.685,7,damping
1780599136.829133,23.288700200006133,23512,0.042236,-0.011963,1.057129,1.885496,2.51145,-1.29771,1.05804,3.398019,1456,2556,1100,1456,0,71.685,7,damping
1780599136.859545,23.319111999997403,23542,0.036621,-0.026123,1.050049,2.137405,2.839695,-1.259542,1.051012,3.770784,1457,2559,1102,1457,1,71.685,16,damping
1780599136.891409,23.350976000001538,23573,0.040527,-0.017334,1.053955,1.770992,3.122137,-0.824427,1.054876,3.682911,1460,2564,1104,1460,0,71.685,0,damping
1780599136.9225945,23.38216160000593,23604,0.027832,-0.028564,1.054199,1.40458,3.328244,-0.931298,1.054953,3.730599,1461,2566,1105,1461,0,71.685,7,damping
1780599136.9539056,23.413472700005514,23635,0.036621,-0.017334,1.058106,2.091603,3.045802,-0.931298,1.058881,3.810384,1463,2571,1108,1463,1,61.151,13,damping
1780599136.9832733,23.44284040000639,23666,0.033936,-0.006348,1.051758,1.847328,3.419847,-0.458015,1.052324,3.91379,1465,2574,1109,1465,0,61.151,7,damping
1780599137.0151622,23.474729299996397,23697,0.042969,-0.031982,1.052002,1.641221,2.992366,-0.748092,1.053365,3.493924,1466,2576,1110,1466,0,61.151,7,damping
1780599137.0457497,23.50531670000055,23728,0.057373,-0.039307,1.055908,2.526718,3.648855,-0.763359,1.058196,4.503461,1468,2579,1111,1468,1,61.151,16,damping
1780599137.0766106,23.5361777000071,23759,0.019287,-0.009766,1.051514,1.679389,3.458015,-0.801527,1.051736,3.926916,1472,2584,1112,1472,0,61.151,6,damping
1780599137.1084614,23.568028399997274,23790,0.045898,-0.026123,1.06543,1.381679,2.916031,-0.854962,1.066738,3.338148,1474,2588,1114,1474,0,61.151,1,damping
1780599137.1402292,23.59979629999725,23821,0.023682,-0.019287,1.049561,1.458015,3.450382,-0.549618,1.050005,3.785898,1477,2592,1115,1477,0,61.151,7,damping
1780599137.1710055,23.63057249999838,23852,0.04834,-0.02417,1.058838,1.251908,3.458015,-0.641221,1.060216,3.733137,1478,2594,1116,1478,0,61.151,7,damping
1780599137.2021759,23.661743000004208,23883,0.052734,-0.013916,1.047363,2.091603,3.137405,-0.916031,1.048782,3.880364,1479,2597,1118,1479,1,61.151,16,damping
1780599137.2332528,23.69281989999581,23914,0.045654,-0.025879,1.061279,1.526718,2.977099,-1.19084,1.062576,3.55135,1483,2602,1119,1483,0,71.685,6,damping
1780599137.2629552,23.72252219999791,23945,0.050049,-0.018555,1.068604,1.015267,3.022901,-0.709924,1.069936,3.266908,1485,2606,1121,1485,0,71.685,0,damping
1780599137.2939262,23.75349329999881,23976,0.045898,-0.032959,1.057861,1.427481,2.374046,-1.198473,1.059369,3.0183,1486,2609,1123,1486,1,71.685,16,damping
1780599137.3248432,23.784410300009768,24007,0.039062,-0.014404,1.062744,1.832061,3.038168,-0.671756,1.063559,3.61084,1488,2612,1124,1488,0,71.685,7,damping
1780599137.3556547,23.815221900003962,24038,0.029297,-0.010498,1.063965,1.70229,2.679389,-1.122137,1.06442,3.366914,1489,2614,1125,1489,0,71.685,7,damping
1780599137.3868036,23.84637080000539,24068,0.04126,-0.035645,1.051758,1.847328,2.763359,-1.007634,1.05317,3.473341,1490,2617,1127,1490,1,71.685,17,damping
1780599137.4172754,23.87684260000242,24099,0.042725,-0.026367,1.045898,1.557252,2.732824,-1.068702,1.047103,3.32197,1493,2621,1128,1493,0,71.685,3,damping
1780599137.448886,23.90845299999637,24130,0.049805,-0.038818,1.05249,1.625954,2.526718,-1.221374,1.054383,3.243422,1494,2623,1129,1494,0,71.685,6,damping
1780599137.4800782,23.939645400008885,24161,0.047363,-0.030029,1.053467,1.847328,3.442748,-1.022901,1.054958,4.038745,1495,2626,1131,1495,1,71.685,16,damping
1780599137.511163,23.970730000000913,24192,0.05835,-0.010742,1.065186,1.389313,3.129771,-1.076336,1.066837,3.589451,1497,2629,1132,1497,0,50.36,7,damping
1780599137.5407715,24.000338500001817,24223,0.05249,-0.029053,1.062988,1.251908,2.580153,-1.091603,1.06468,3.06856,1498,2631,1133,1498,0,50.36,7,damping
1780599137.5727537,24.032320700003766,24253,0.038574,-0.013428,1.052246,2.015267,3.366412,-0.862595,1.053038,4.017226,1499,2634,1135,1499,1,50.36,16,damping
1780599137.601758,24.061325000002398,24284,0.051758,-0.012207,1.058838,1.160305,3.29771,-1.08397,1.060172,3.660081,1501,2637,1136,1501,0,50.36,6,damping
1780599137.63243,24.09199709999666,24314,0.062256,-0.042969,1.054443,1.946565,3.022901,-1.053435,1.057153,3.746568,1502,2639,1137,1502,0,50.36,6,damping
1780599137.6634476,24.123014700002386,24345,0.059814,-0.037354,1.058106,1.862595,3.564885,-0.641221,1.060453,4.07294,1504,2642,1138,1504,1,50.36,15,damping
1780599137.6950858,24.154652900004294,24376,0.047852,-0.038818,1.056152,1.206107,3.167939,-0.946565,1.057948,3.519448,1506,2645,1139,1506,0,50.36,7,damping
1780599137.7257893,24.18535640000482,24407,0.033447,-0.017578,1.059814,1.793893,3.343511,-1.175572,1.060488,3.97229,1507,2647,1140,1507,0,50.36,7,damping
1780599137.7570305,24.21659759999602,24438,0.048096,-0.016602,1.064453,2.053435,3.259542,-0.427481,1.065668,3.876074,1510,2651,1141,1510,0,50.36,7,damping
1780599137.7881417,24.24770890000218,24469,0.02832,-0.026123,1.057373,1.59542,3.160305,-0.885496,1.058075,3.649246,1511,2653,1142,1511,0,50.542,6,damping
1780599137.8191988,24.278765800001565,24500,0.057617,-0.012207,1.05542,1.351145,3.458015,-0.572519,1.057062,3.756493,1512,2656,1144,1512,1,50.542,16,damping
1780599137.8513122,24.310879199998453,24532,0.0354,-0.021484,1.051758,1.473282,2.961832,-1.022901,1.052573,3.462562,1514,2659,1145,1514,0,50.542,7,damping
1780599137.881646,24.341213000006974,24563,0.048828,-0.020264,1.05835,1.549618,3.19084,-1.045802,1.059669,3.698172,1515,2661,1146,1515,0,50.542,7,damping
1780599137.9135451,24.37311220000265,24594,0.036377,-0.027832,1.046875,1.763359,2.732824,-1.045802,1.047876,3.416352,1516,2664,1148,1516,1,50.542,16,damping
1780599137.9429302,24.40249720000429,24625,0.032471,-0.010986,1.056885,1.625954,2.977099,-0.870229,1.05744,3.50202,1518,2667,1149,1518,0,50.542,6,damping
1780599137.9731445,24.43271160000586,24656,0.039551,-0.037354,1.048828,1.877863,2.59542,-1.10687,1.050238,3.389356,1519,2669,1150,1519,0,50.542,6,damping
1780599138.0042925,24.463859600000433,24686,0.044189,-0.019287,1.053467,1.977099,3.160305,-1.305344,1.05457,3.949731,1520,2672,1152,1520,1,50.542,16,damping
1780599138.0356112,24.49517829999968,24717,0.057617,-0.023682,1.058594,1.442748,2.977099,-0.946565,1.060425,3.441021,1522,2675,1153,1522,0,50.542,7,damping
1780599138.0674484,24.52701540000271,24748,0.035156,-0.036377,1.05835,1.78626,2.931298,-0.954198,1.059558,3.562826,1523,2677,1154,1523,0,43.011,7,damping
1780599138.0982232,24.55779030000849,24779,0.054199,-0.018311,1.060303,1.961832,3.427481,-0.824427,1.061845,4.034364,1524,2680,1156,1524,1,43.011,16,damping
1780599138.1289268,24.58849380000902,24810,0.052734,-0.024658,1.054443,1.274809,2.89313,-0.946565,1.056049,3.3002,1526,2683,1157,1526,0,43.011,6,damping
1780599138.1599,24.619466999996803,24841,0.052734,-0.025879,1.055664,1.29771,3.122137,-0.89313,1.057297,3.497066,1527,2685,1158,1527,0,43.011,6,damping
1780599138.1913385,24.650905500006047,24872,0.055908,-0.01416,1.058838,2.061069,3.442748,-1.08397,1.060407,4.156382,1530,2689,1159,1530,0,43.011,7,damping
1780599138.222047,24.681614100001752,24903,0.040039,-0.020264,1.058106,1.351145,3.083969,-0.770992,1.059057,3.454112,1531,2691,1160,1531,0,43.011,7,damping
1780599138.2532392,24.712806299998192,24934,0.034912,-0.030518,1.053467,1.10687,3.534351,-0.603053,1.054487,3.752396,1532,2693,1161,1532,0,43.011,6,damping
1780599138.2843318,24.74389880000672,24965,0.039062,-0.022217,1.058106,1.244275,2.679389,-0.954198,1.059059,3.104487,1535,2697,1162,1535,0,43.011,6,damping
1780599138.3146074,24.774174500009394,24996,0.04248,-0.01001,1.061768,1.78626,3.412214,-0.694656,1.062664,3.913627,1537,2701,1164,1537,0,43.011,0,damping
1780599138.3450935,24.804660499998135,25027,0.028564,-0.007324,1.043945,1.458015,2.732824,-1.312977,1.044362,3.36423,1538,2704,1166,1538,1,53.763,16,damping
1780599138.3762271,24.835794099999475,25058,0.014404,-0.01709,1.047852,1.045802,2.755725,-1.045802,1.04809,3.127526,1540,2707,1167,1540,0,53.763,7,damping
1780599138.407923,24.86749000000418,25089,0.020264,-0.010742,1.05957,1.458015,3.061069,-0.877863,1.059818,3.50237,1541,2709,1168,1541,0,53.763,7,damping
1780599138.4384537,24.898020799999358,25120,0.030762,-0.029541,1.053223,2.251908,2.473282,-0.984733,1.054086,3.48682,1542,2712,1170,1542,1,53.763,16,damping
1780599138.4703894,24.92995649999648,25151,0.039307,-0.015381,1.056396,1.396947,3.152672,-1.053435,1.057239,3.605624,1546,2717,1171,1546,0,53.763,1,damping
1780599138.5007837,24.960350699999253,25182,0.037842,-0.016113,1.060791,0.671756,2.541985,-0.923664,1.061588,2.786772,1547,2719,1172,1547,0,53.763,6,damping
1780599138.5321069,24.99167390000366,25213,0.053711,-0.021484,1.058594,1.801527,2.969466,-0.89313,1.060173,3.586211,1549,2724,1175,1549,1,53.763,13,damping
1780599138.5624626,25.022029700005078,25244,0.051025,-0.010254,1.055664,1.59542,2.885496,-0.78626,1.056946,3.38964,1551,2727,1176,1551,0,53.763,7,damping
1780599138.5939205,25.05348750000121,25275,0.055176,-0.033447,1.062256,1.587786,3.473282,-0.984733,1.064214,3.943914,1552,2729,1177,1552,0,53.763,7,damping
1780599138.625076,25.084643199996208,25306,0.058594,-0.025635,1.061768,1.854962,3.412214,-0.923664,1.063692,3.992148,1554,2732,1178,1554,1,57.348,15,damping
1780599138.656618,25.11618520000775,25338,0.042969,-0.023438,1.052734,1.496183,2.938931,-0.564886,1.053872,3.34589,1558,2737,1179,1558,0,57.348,6,damping
1780599138.6887372,25.148304200003622,25369,0.053711,-0.052734,1.051025,1.48855,2.877863,-0.778626,1.053717,3.332286,1560,2742,1182,1560,1,57.348,14,damping
1780599138.71875,25.17831709999882,25400,0.065186,-0.03418,1.06543,1.778626,3.061069,-1.381679,1.067969,3.800354,1562,2745,1183,1562,0,57.348,7,damping
1780599138.749749,25.209316000007675,25431,0.051025,-0.02124,1.06543,1.450382,3.083969,-0.824427,1.066862,3.506302,1563,2747,1184,1563,0,57.348,7,damping
1780599138.781115,25.24068210000405,25462,0.038086,-0.016357,1.051514,1.427481,2.465649,-1.145038,1.05233,3.070544,1564,2750,1186,1564,1,57.348,16,damping
1780599138.811055,25.270622099997126,25493,0.035645,-0.022949,1.04834,1.923664,2.610687,-1.29771,1.049197,3.492882,1568,2755,1187,1568,0,57.348,7,damping
1780599138.843696,25.303263299996615,25524,0.031006,-0.024658,1.058106,1.557252,2.633588,-0.51145,1.058847,3.101999,1570,2759,1189,1570,0,57.348,0,damping
1780599138.8736925,25.33325959999638,25555,0.044678,-0.032959,1.054199,1.51145,2.877863,-0.709924,1.05566,3.327246,1571,2762,1191,1571,1,57.348,17,damping
1780599138.9038303,25.363397299995995,25586,0.047363,-0.019531,1.051758,1.59542,2.816794,-0.877863,1.053005,3.354152,1573,2765,1192,1573,0,67.857,6,damping
1780599138.9353948,25.39496180000424,25617,0.011963,-0.032471,1.047119,2.259542,2.656489,-1.030534,1.047691,3.636546,1574,2767,1193,1574,0,67.857,6,damping
1780599138.9665003,25.4260673999961,25648,0.03833,-0.019531,1.050293,2.633588,3.221374,-1.0,1.051174,4.279373,1576,2772,1196,1576,1,67.857,13,damping
1780599138.99748,25.457047000003513,25678,0.044922,-0.015625,1.057861,1.503817,2.458015,-1.122137,1.05893,3.092328,1579,2777,1198,1579,0,67.857,1,damping
1780599139.0273721,25.486939299997175,25709,0.026611,-0.041992,1.054688,1.076336,2.778626,-1.320611,1.055858,3.259336,1580,2779,1199,1580,0,67.857,7,damping
1780599139.0584605,25.518027600002824,25740,0.043213,-0.029053,1.051758,1.900763,3.114504,-1.229008,1.053046,3.850129,1582,2782,1200,1582,1,67.857,16,damping
1780599139.0891476,25.54871470000944,25771,0.048828,-0.039551,1.053711,1.442748,2.793893,-1.267176,1.055583,3.390147,1584,2785,1201,1584,0,67.857,6,damping
1780599139.1212444,25.580811599997105,25802,0.053223,-0.021484,1.049316,1.274809,3.541985,-0.977099,1.050885,3.889154,1586,2789,1203,1586,0,67.857,1,damping
1780599139.1512306,25.610797600005753,25833,0.034424,-0.022217,1.053467,2.038168,3.236641,-0.70229,1.054263,3.888854,1589,2793,1204,1589,0,67.857,7,damping
1780599139.182015,25.64158199999656,25864,0.044678,-0.024658,1.052002,1.603053,3.496183,-0.80916,1.053239,3.930371,1592,2797,1205,1592,0,68.345,7,damping
1780599139.214132,25.67369920000783,25895,0.040283,-0.042969,1.048828,1.59542,3.801527,-0.824427,1.050481,4.204361,1593,2799,1206,1593,0,68.345,6,damping
1780599139.2444816,25.70404860000417,25926,0.038574,-0.029297,1.053711,2.465649,2.954198,-0.847328,1.054824,3.940137,1596,2803,1207,1596,0,68.345,6,damping
1780599139.276429,25.735995900002308,25958,0.033691,-0.016357,1.05957,1.534351,2.938931,-1.19084,1.060232,3.522733,1598,2807,1209,1598,0,68.345,0,damping
1780599139.3078883,25.767455299996072,25989,0.032227,-0.036133,1.046631,1.496183,3.068702,-0.862595,1.04775,3.521302,1599,2810,1211,1599,1,68.345,16,damping
1780599139.3392825,25.79884950000269,26020,0.040527,-0.011963,1.057373,1.656489,2.549618,-1.007634,1.058217,3.203097,1603,2815,1212,1603,0,68.345,7,damping
1780599139.3692048,25.828771800006507,26051,0.028809,-0.001221,1.061523,1.175572,2.847328,-1.396947,1.061915,3.382412,1604,2817,1213,1604,0,68.345,7,damping
1780599139.4005704,25.860137399999076,26082,0.050049,-0.029541,1.060791,1.580153,2.763359,-0.59542,1.062382,3.23845,1605,2820,1215,1605,1,68.345,16,damping
1780599139.4316134,25.891180599996005,26113,0.032715,-0.008545,1.046875,1.572519,3.442748,-0.778626,1.047421,3.864142,1608,2825,1217,1608,0,68.345,0,damping
1780599139.4628568,25.922423800002434,26144,0.0271,-0.031738,1.051025,1.763359,3.21374,-0.938931,1.051854,3.784066,1609,2827,1218,1609,0,60.714,6,damping
1780599139.493856,25.95342309999978,26175,0.040039,-0.01416,1.058594,1.458015,2.610687,-0.908397,1.059445,3.125169,1612,2832,1220,1612,1,60.714,13,damping
1780599139.5253751,25.984942299997783,26206,0.027832,-0.04541,1.058106,1.473282,2.648855,-1.175572,1.059445,3.250994,1614,2835,1221,1614,0,60.714,7,damping
1780599139.5558105,26.015377500007162,26237,0.053467,-0.011719,1.067627,1.732824,3.51145,-1.08397,1.069029,4.062998,1615,2837,1222,1615,0,60.714,7,damping
1780599139.587583,26.04715009999927,26268,0.052734,-0.019775,1.05542,1.824428,2.870229,-0.938931,1.056922,3.528221,1618,2841,1223,1618,0,60.714,7,damping
1780599139.6188734,26.078440500001307,26300,0.047852,-0.013672,1.056152,1.824428,3.419847,-1.099237,1.057324,4.028922,1619,2843,1224,1619,0,60.714,6,damping
1780599139.64944,26.109007100007148,26331,0.030029,-0.009521,1.050293,1.938931,2.549618,-0.916031,1.050765,3.331534,1620,2846,1226,1620,1,60.714,17,damping
1780599139.680416,26.1399831000017,26362,0.023438,-0.022705,1.05249,1.824428,2.78626,-1.053435,1.052996,3.493065,1622,2849,1227,1622,0,60.714,6,damping
1780599139.7112367,26.17080380000698,26393,0.05542,-0.037598,1.06958,1.450382,3.236641,-0.755725,1.071675,3.626372,1623,2851,1228,1623,0,60.714,7,damping
1780599139.7429783,26.20254539999587,26424,0.035645,-0.03418,1.052002,1.442748,2.931298,-0.740458,1.05316,3.349971,1624,2854,1230,1624,1,53.571,16,damping
1780599139.784644,26.244210899996688,26455,0.046387,-0.012207,1.057129,0.969466,2.938931,-1.183206,1.058217,3.31318,1626,2857,1231,1626,0,53.571,6,damping
1780599139.804548,26.26411519999965,26486,0.05249,-0.022949,1.069092,1.290076,2.641221,-1.015267,1.070626,3.109842,1627,2859,1232,1627,0,53.571,6,damping
1780599139.8365104,26.296077500010142,26517,0.052979,-0.032227,1.05127,2.305344,2.908397,-0.900763,1.053097,3.819,1628,2862,1234,1628,1,53.571,17,damping
1780599139.867185,26.32675210000889,26548,0.057129,-0.010742,1.053223,2.053435,3.045802,-1.145038,1.054826,3.847677,1630,2865,1235,1630,0,53.571,6,damping
1780599139.8978314,26.357398599997396,26579,0.029053,-0.025635,1.050049,1.549618,3.068702,-1.10687,1.050763,3.611566,1631,2867,1236,1631,0,53.571,6,damping
1780599139.92869,26.388257099999464,26610,0.044678,-0.015869,1.056641,1.381679,3.076336,-0.954198,1.057704,3.504765,1633,2870,1237,1633,1,53.571,15,damping
1780599139.959327,26.418894000002183,26641,0.05127,-0.039551,1.061768,1.198473,3.145038,-0.916031,1.06374,3.488082,1635,2873,1238,1635,0,53.571,7,damping
1780599139.990909,26.450476199999684,26672,0.047607,-0.019775,1.052734,1.648855,3.618321,-0.969466,1.053996,4.092778,1636,2875,1239,1636,0,53.571,7,damping
1780599140.021615,26.481182200004696,26703,0.030518,-0.009521,1.047607,1.78626,3.198473,-0.961832,1.048095,3.787622,1639,2879,1240,1639,0,53.763,7,damping
1780599140.0529923,26.51255939999828,26734,0.03418,-0.0271,1.062744,1.603053,3.381679,-0.580153,1.063639,3.787098,1641,2883,1242,1641,0,53.763,0,damping
1780599140.0838666,26.543433600003482,26765,0.041504,-0.021973,1.049561,1.59542,2.732824,-0.938931,1.050611,3.300801,1642,2886,1244,1642,1,53.763,17,damping
1780599140.1174943,26.57706130000588,26797,0.027832,-0.02417,1.05542,1.519084,2.824427,-1.099237,1.056063,3.390181,1644,2889,1245,1644,0,53.763,6,damping
1780599140.1460867,26.605653699996765,26828,0.030762,-0.026611,1.061768,1.137405,3.900763,-0.541985,1.062546,4.099194,1645,2891,1246,1645,0,53.763,7,damping
1780599140.1778107,26.63737779999792,26859,0.032959,-0.025391,1.053467,1.587786,2.717557,-1.08397,1.054288,3.32884,1646,2894,1248,1646,1,53.763,16,damping
1780599140.2097344,26.66930150000553,26890,0.027588,-0.012451,1.054688,1.290076,2.664122,-1.183206,1.055122,3.187761,1649,2899,1250,1649,0,53.763,0,damping
1780599140.2399478,26.699514799998724,26921,0.023438,-0.018311,1.05542,1.419847,2.824427,-1.099237,1.055839,3.346891,1650,2901,1251,1650,0,53.763,6,damping
1780599140.2703886,26.72995570000785,26952,0.046143,-0.031738,1.056152,1.961832,2.923664,-1.076336,1.057636,3.681724,1652,2906,1254,1652,1,53.763,14,damping
1780599140.3018453,26.76141240001016,26983,0.019287,0.000244,1.04834,1.183206,2.992366,-0.778626,1.048517,3.310663,1654,2909,1255,1654,0,53.571,6,damping
1780599140.3330817,26.792648800008465,27014,0.041504,-0.023193,1.053467,1.877863,3.358779,-0.78626,1.054539,3.92759,1655,2911,1256,1655,0,53.571,6,damping
1780599140.3630273,26.822594299999764,27045,0.060059,-0.019287,1.062744,1.992366,2.541985,-1.145038,1.064614,3.426707,1657,2914,1257,1657,1,53.571,15,damping
1780599140.3943424,26.853909600002225,27076,0.042725,-0.033936,1.056885,1.709924,2.503817,-1.137405,1.058292,3.238306,1661,2919,1258,1661,0,53.571,7,damping
1780599140.4254982,26.885065299997223,27107,0.051514,-0.024902,1.064209,1.816794,2.824427,-0.709924,1.065746,3.43251,1663,2923,1260,1663,0,53.571,1,damping
1780599140.456912,26.916479000006802,27138,0.036133,-0.014404,1.054688,2.725191,3.221374,-1.274809,1.055405,4.40784,1666,2927,1261,1666,0,53.571,7,damping
1780599140.4870405,26.946607500009122,27169,0.0271,-0.021973,1.056885,1.267176,3.183206,-1.167939,1.05746,3.619754,1667,2929,1262,1667,0,53.571,6,damping
1780599140.5179274,26.977494500009925,27200,0.048828,-0.030518,1.055908,1.48855,3.603053,-0.603053,1.057477,3.9448,1668,2932,1264,1668,1,53.571,17,damping
1780599140.549932,27.009499000007054,27231,0.044922,-0.025879,1.050293,1.145038,3.083969,-0.564886,1.051572,3.337825,1671,2937,1266,1671,0,53.571,6,damping
1780599140.5805333,27.040100400001393,27262,0.032959,-0.023682,1.051758,1.641221,3.450382,-0.824427,1.052541,3.908762,1673,2941,1268,1673,0,68.1,1,damping
1780599140.6105177,27.070084699997096,27293,0.046387,-0.00708,1.054932,1.725191,3.022901,-0.862595,1.055975,3.585845,1674,2944,1270,1674,1,68.1,16,damping
1780599140.642259,27.101825999998255,27324,0.014893,-0.012451,1.057129,1.450382,3.053435,-1.007634,1.057307,3.527378,1676,2947,1271,1676,0,68.1,7,damping
1780599140.6732652,27.13283240000601,27355,0.041504,-0.012207,1.058594,1.366412,2.625954,-1.053435,1.059477,3.142044,1677,2949,1272,1677,0,68.1,6,damping
1780599140.7047606,27.164327699996647,27386,0.033936,-0.034912,1.05127,1.641221,3.015267,-1.053435,1.052396,3.590984,1679,2954,1275,1679,1,68.1,14,damping
1780599140.7353032,27.194870300008915,27417,0.025635,-0.018799,1.050537,1.290076,3.068702,-1.0,1.051018,3.475806,1687,2964,1277,1687,0,68.1,0,damping
1780599140.7668962,27.226463300001342,27448,0.041504,-0.035156,1.053955,1.419847,2.389313,-1.282443,1.055358,3.060954,1688,2966,1278,1688,0,68.1,6,damping
1780599140.814102,27.273668900001212,27479,0.067871,-0.025879,1.062988,1.671756,4.045802,-0.984733,1.065467,4.486978,1689,2969,1280,1689,1,68.1,16,damping
1780599140.8297594,27.2893264000013,27510,0.049072,-0.011475,1.057373,1.389313,3.458015,-0.51145,1.058573,3.761601,1691,2972,1281,1691,0,68.1,7,damping
1780599140.8607895,27.320356500000344,27541,0.071045,-0.031006,1.053711,1.679389,2.557252,-0.946565,1.056558,3.202479,1693,2976,1283,1693,0,71.685,0,damping
1780599140.892181,27.35174790000019,27572,0.055664,-0.035889,1.059326,2.10687,3.541985,-1.045802,1.061394,4.251854,1695,2979,1284,1695,1,71.685,15,damping
1780599140.9224389,27.382005899999058,27604,0.040283,-0.019043,1.070557,1.206107,2.763359,-0.801527,1.071484,3.119822,1697,2982,1285,1697,0,71.685,6,damping
1780599140.9535277,27.413094800009276,27635,0.04834,-0.029541,1.06665,2.29771,3.396947,-0.923664,1.068154,4.203792,1698,2985,1287,1698,1,71.685,17,damping
1780599140.9849298,27.444496800002526,27666,0.063965,-0.030029,1.058838,2.312977,3.114504,-1.038168,1.061193,4.015942,1700,2988,1288,1700,0,71.685,6,damping
1780599141.0170054,27.476572400002624,27697,0.054443,-0.02002,1.063477,1.450382,2.89313,-0.679389,1.065057,3.306868,1701,2990,1289,1701,0,71.685,6,damping
1780599141.0459566,27.50552360000438,27728,0.056641,-0.016357,1.056641,2.0,2.694656,-1.08397,1.058284,3.526494,1702,2993,1291,1702,1,71.685,16,damping
1780599141.0781393,27.537706400005845,27758,0.029785,-0.01416,1.041504,2.80916,2.251908,-0.877863,1.042026,3.705822,1704,2996,1292,1704,0,71.685,7,damping
1780599141.1083105,27.56787749999785,27789,0.035645,-0.012695,1.062988,2.305344,3.183206,-0.564886,1.063661,3.970706,1705,2998,1293,1705,0,71.685,7,damping
1780599141.1386635,27.59823060000781,27820,0.041504,-0.023438,1.048584,1.748092,2.427481,-1.007634,1.049667,3.156551,1706,3001,1295,1706,1,46.595,16,damping
1780599141.1707594,27.630326600003173,27851,0.027344,-0.01123,1.059814,0.977099,2.877863,-1.10687,1.060227,3.234498,1708,3004,1296,1708,0,46.595,6,damping
1780599141.2024474,27.66201450000517,27882,0.05127,-0.011963,1.06958,1.610687,2.824427,-0.931298,1.070875,3.382162,1709,3006,1297,1709,0,46.595,6,damping
1780599141.2313912,27.690958300008788,27913,0.047852,-0.03418,1.057129,1.832061,2.496183,-1.183206,1.058763,3.314718,1710,3009,1299,1710,1,46.595,16,damping
1780599141.2693229,27.7288899999985,27949,0.050781,-0.026367,1.056396,1.145038,3.312977,-1.015267,1.057945,3.649342,1712,3012,1300,1712,0,46.595,7,damping
1780599141.3004074,27.759974400003557,27981,0.02832,-0.028076,1.046875,1.763359,2.343511,-1.053435,1.047634,3.11628,1713,3015,1302,1713,1,46.595,16,damping
1780599141.3305442,27.79011129999708,28012,0.039307,-0.008545,1.059326,1.435114,2.160305,-1.251908,1.06009,2.879887,1717,3020,1303,1717,0,46.595,7,damping
1780599141.3625093,27.822076399999787,28043,0.05835,-0.012695,1.068359,0.969466,2.694656,-0.992366,1.070027,3.030813,1718,3022,1304,1718,0,46.595,6,damping
1780599141.3923342,27.851901400004863,28074,0.051514,-0.028076,1.05542,1.862595,3.221374,-1.091603,1.057049,3.8779,1719,3025,1306,1719,1,51.181,17,damping
1780599141.4233143,27.88288140000077,28105,0.050049,-0.006104,1.050781,1.610687,3.374046,-0.961832,1.05199,3.860521,1721,3028,1307,1721,0,51.181,6,damping
1780599141.4546611,27.914228199995705,28136,0.026367,-0.027832,1.053467,2.030534,3.206107,-0.854962,1.054164,3.890135,1722,3030,1308,1722,0,51.181,6,damping
1780599141.485209,27.944776100004674,28167,0.032959,-0.016602,1.05127,1.908397,3.519084,-0.916031,1.051917,4.106707,1725,3035,1310,1725,1,51.181,13,damping
1780599141.516515,27.97608210000908,28198,0.043457,-0.039307,1.063232,1.206107,3.045802,-0.656489,1.064846,3.341044,1728,3040,1312,1728,0,51.181,1,damping
1780599141.547876,28.007442900008755,28229,0.039795,-0.014893,1.057617,1.572519,3.007634,-0.740458,1.05847,3.473752,1729,3042,1313,1729,0,51.181,6,damping
1780599141.579977,28.03954420000082,28260,0.040039,-0.023926,1.057861,2.038168,2.671756,-0.969466,1.058889,3.497466,1732,3046,1314,1732,0,51.181,6,damping
1780599141.6112723,28.070839399995748,28292,0.035156,-0.016357,1.058838,1.335878,2.854962,-0.885496,1.059548,3.274062,1733,3048,1315,1733,0,51.181,6,damping
1780599141.6421475,28.1017145000078,28323,0.048096,-0.00708,1.063232,1.435114,2.572519,-0.770992,1.064343,3.044969,1735,3053,1318,1735,1,51.181,14,damping
1780599141.6734807,28.133047800001805,28354,0.031006,-0.020508,1.055908,1.603053,2.80916,-0.847328,1.056562,3.34352,1738,3058,1320,1738,0,67.857,0,damping
1780599141.7050936,28.164660800001002,28386,0.047607,-0.018066,1.05835,1.480916,2.839695,-1.022901,1.059574,3.362039,1739,3060,1321,1739,0,67.857,6,damping
1780599141.7352352,28.194802199999685,28417,0.025635,-0.035156,1.057373,1.78626,2.717557,-1.045802,1.058268,3.416071,1740,3063,1323,1740,1,67.857,16,damping
1780599141.7660286,28.225595600000815,28448,0.053955,-0.027344,1.052002,1.671756,2.801527,-0.877863,1.053739,3.378455,1742,3066,1324,1742,0,67.857,7,damping
1780599141.7975192,28.25708619999932,28479,0.022461,-0.042725,1.057617,1.778626,3.152672,-0.839695,1.058718,3.715903,1744,3070,1326,1744,0,67.857,0,damping
1780599141.8296175,28.289184599998407,28510,0.038086,-0.020996,1.055664,1.694656,3.580153,-0.908397,1.05656,4.063808,1745,3073,1328,1745,1,67.857,17,damping
1780599141.859111,28.31867819999752,28541,0.038818,-0.034668,1.050537,1.038168,2.717557,-0.816794,1.051826,3.021599,1749,3078,1329,1749,0,67.857,6,damping
1780599141.8906744,28.350241499996628,28572,0.03833,-0.017822,1.054932,1.435114,3.068702,-1.129771,1.055778,3.571116,1750,3080,1330,1750,0,67.857,6,damping
1780599141.9220483,28.38161530000798,28603,0.045654,-0.026123,1.059814,2.198473,3.259542,-0.80916,1.061119,4.014055,1753,3084,1331,1753,0,67.857,7,damping
1780599141.9531481,28.412715200000093,28634,0.039551,-0.027832,1.063232,1.236641,2.580153,-0.793893,1.064332,2.969299,1755,3088,1333,1755,0,60.714,0,damping
1780599141.984751,28.444318100009696,28665,0.032715,-0.041504,1.049561,1.480916,3.114504,-0.572519,1.05089,3.495858,1756,3090,1334,1756,0,60.714,6,damping
1780599142.0157816,28.475348799998756,28696,0.027832,-0.020996,1.051025,1.694656,2.51145,-0.885496,1.051603,3.156477,1761,3096,1335,1761,0,60.714,6,damping
1780599142.0459132,28.505480300009367,28727,0.053955,-0.019287,1.060547,1.816794,3.290076,-0.503817,1.062094,3.791988,1762,3098,1336,1762,0,60.714,6,damping
1780599142.0767138,28.536280900007114,28758,0.034912,-0.019775,1.051025,1.679389,2.40458,-1.0,1.051791,3.098766,1763,3101,1338,1763,1,60.714,17,damping
1780599142.107939,28.56750610000745,28788,0.030273,-0.02124,1.047852,1.694656,3.083969,-0.900763,1.048504,3.632369,1765,3104,1339,1765,0,60.714,7,damping
1780599142.1371412,28.59670819999883,28819,0.0271,-0.004395,1.0625,1.267176,3.21374,-0.824427,1.062855,3.551555,1768,3108,1340,1768,0,60.714,7,damping
1780599142.168109,28.62767590000294,28849,0.050537,-0.031982,1.049805,1.687023,2.793893,-0.923664,1.051507,3.391908,1770,3113,1343,1770,1,60.714,14,damping
1780599142.1990976,28.658664600006887,28880,0.033203,-0.021729,1.045898,1.977099,2.320611,-0.78626,1.046651,3.14839,1772,3116,1344,1772,0,60.714,6,damping
1780599142.2291887,28.68875570000091,28910,0.048096,-0.021729,1.056641,1.687023,3.389313,-0.51145,1.057958,3.82035,1773,3118,1345,1773,0,65.217,6,damping
1780599142.2599902,28.719557300006272,28941,0.028076,-0.031738,1.052734,1.091603,2.793893,-0.816794,1.053587,3.108792,1774,3121,1347,1774,1,65.217,16,damping
1780599142.2933507,28.752917799996794,28972,0.038086,-0.014648,1.060547,1.534351,2.862595,-0.80916,1.061332,3.347152,1778,3126,1348,1778,0,65.217,6,damping
1780599142.3211782,28.78074519999791,29003,0.041016,-0.010254,1.061035,2.183206,3.221374,-0.755725,1.061877,3.964184,1780,3130,1350,1780,0,65.217,0,damping
1780599142.3530707,28.81263780000154,29034,0.026611,-0.025146,1.051025,1.801527,2.816794,-0.832061,1.051663,3.445599,1781,3133,1352,1781,1,65.217,17,damping
1780599142.38352,28.843086900000344,29065,0.038574,-0.014893,1.052002,0.977099,3.122137,-1.129771,1.052814,3.461047,1783,3136,1353,1783,0,65.217,7,damping
1780599142.4153926,28.874959599997965,29096,0.021484,-0.035889,1.048096,1.885496,2.656489,-0.946565,1.04893,3.392346,1784,3138,1354,1784,0,65.217,7,damping
1780599142.4462073,28.905774300001212,29127,0.037598,-0.019287,1.055176,1.671756,3.267176,-0.954198,1.056022,3.792057,1786,3143,1357,1786,1,65.217,14,damping
1780599142.4762487,28.935815700009698,29158,0.034912,-0.008057,1.060303,1.015267,3.259542,-0.946565,1.060908,3.542791,1789,3148,1359,1789,0,65.217,0,damping
1780599142.5079634,28.96753059999901,29189,0.043945,-0.013672,1.054688,1.473282,3.465649,-0.572519,1.055691,3.809076,1790,3150,1360,1790,0,60.932,6,damping
1780599142.5391877,28.99875480000628,29220,0.040283,-0.016113,1.056396,1.564886,3.259542,-1.061069,1.057287,3.768202,1793,3154,1361,1793,0,60.932,7,damping
1780599142.569945,29.029512200009776,29251,0.026855,-0.013428,1.063721,1.274809,2.59542,-0.984733,1.064144,3.054675,1794,3156,1362,1794,0,60.932,7,damping
1780599142.601616,29.061182999997982,29282,0.035645,-0.02124,1.053955,1.358779,2.770992,-1.045802,1.054771,3.258585,1796,3161,1365,1796,1,60.932,14,damping
1780599142.6332664,29.092833400005475,29314,0.043945,-0.023438,1.058838,1.08397,2.366412,-0.801527,1.060008,2.72348,1799,3166,1367,1799,0,60.932,1,damping
1780599142.6638074,29.12337450000632,29345,0.041748,-0.026855,1.062256,1.969466,3.251908,-0.839695,1.063415,3.893429,1800,3168,1368,1800,0,60.932,7,damping
1780599142.695329,29.154896000007284,29376,0.025146,-0.024658,1.041504,1.824428,2.80916,-1.290076,1.042099,3.589459,1801,3171,1370,1801,1,60.932,16,damping
1780599142.7259183,29.18548539999756,29407,0.042236,-0.027832,1.053467,1.29771,3.206107,-1.015267,1.05468,3.604711,1803,3174,1371,1803,0,60.932,6,damping
1780599142.7653701,29.224937100007082,29438,0.02417,-0.046875,1.051758,1.732824,3.137405,-0.763359,1.053079,3.66452,1805,3178,1373,1805,0,60.932,0,damping
1780599142.787442,29.247008999998798,29468,0.048828,-0.032471,1.055176,1.89313,2.916031,-1.290076,1.056804,3.708298,1806,3181,1375,1806,1,57.348,16,damping
1780599142.8192344,29.278801499996916,29500,0.04834,-0.007568,1.061768,1.603053,3.175573,-0.839695,1.062894,3.655014,1810,3186,1376,1810,0,57.348,7,damping
1780599142.849454,29.309021000008215,29531,0.036133,-0.014648,1.052246,1.145038,3.229008,-0.717557,1.052968,3.500356,1811,3188,1377,1811,0,57.348,6,damping
1780599142.881324,29.34089110000059,29562,0.047607,-0.023682,1.055176,2.175573,3.396947,-0.763359,1.056515,4.105494,1813,3191,1378,1813,1,57.348,15,damping
1780599142.911524,29.371091100008925,29593,0.033203,-0.022461,1.054199,1.328244,2.687023,-0.946565,1.054961,3.143296,1816,3196,1380,1816,0,57.348,1,damping
1780599142.943544,29.403111100007663,29624,0.037598,-0.036377,1.050293,1.694656,3.030534,-0.656489,1.051595,3.533692,1817,3198,1381,1817,1,57.348,6,damping
1780599142.9737177,29.433284800004913,29655,0.019043,-0.020996,1.045898,1.870229,2.366412,-1.0,1.046282,3.177682,1822,3204,1382,1822,0,57.348,7,damping
1780599143.0050108,29.46457779999764,29686,0.052246,-0.008789,1.050293,1.587786,3.427481,-0.80916,1.051628,3.863086,1823,3206,1383,1823,0,57.348,6,damping
1780599143.0369904,29.496557400008896,29717,0.056885,-0.015625,1.055176,1.389313,2.900763,-0.442748,1.056824,3.246636,1824,3209,1385,1824,1,57.348,16,damping
1780599143.067186,29.526753300000564,29748,0.036865,-0.020752,1.044922,1.473282,3.114504,-0.816794,1.045778,3.540882,1827,3214,1387,1827,0,75.0,1,damping
1780599143.0979729,29.557540000008885,29779,0.041016,-0.017822,1.065186,1.847328,2.954198,-0.847328,1.066124,3.585788,1828,3216,1388,1828,0,75.0,6,damping
1780599143.1293218,29.588888800004497,29810,0.054199,-0.031006,1.055176,1.78626,2.549618,-1.442748,1.057022,3.431151,1830,3221,1391,1830,1,75.0,14,damping
1780599143.1603496,29.61991670000134,29841,0.059082,-0.02124,1.060303,1.641221,3.534351,-0.389313,1.06216,3.916224,1832,3224,1392,1832,0,75.0,7,damping
1780599143.1906483,29.650215400004527,29872,0.041504,-0.035645,1.053711,1.80916,2.877863,-0.854962,1.05513,3.505156,1833,3226,1393,1833,0,75.0,7,damping
1780599143.2219353,29.681502300009015,29903,0.047852,-0.022217,1.0625,2.351145,3.198473,-0.763359,1.063809,4.04238,1835,3229,1394,1835,1,75.0,16,damping
1780599143.2501562,29.7097233000095,29933,0.03125,-0.018066,1.056152,1.564886,3.221374,-0.465649,1.056769,3.611502,1839,3234,1395,1839,0,75.0,6,damping
1780599143.2812574,29.74082449999696,29963,0.024414,-0.037598,1.053467,1.618321,2.374046,-1.030534,1.05442,3.052385,1841,3238,1397,1841,0,75.0,1,damping
1780599143.3133519,29.772919000010006,29994,0.033447,-0.017334,1.052734,1.564886,3.687023,-1.08397,1.053408,4.149457,1842,3241,1399,1842,1,75.0,16,damping
1780599143.3439512,29.803518200002145,30025,0.047363,-0.007324,1.065918,0.847328,2.419847,-0.770992,1.066995,2.677322,1844,3244,1400,1844,0,61.372,6,damping
1780599143.3767374,29.83630439999979,30056,0.044678,-0.015137,1.05835,1.984733,2.877863,-1.015267,1.0594,3.640333,1845,3246,1401,1845,0,61.372,6,damping
1780599143.4051108,29.864677899997332,30087,0.053467,-0.015381,1.061279,2.061069,3.70229,-0.687023,1.062736,4.292663,1848,3251,1403,1848,1,61.372,13,damping
1780599143.436571,29.896137999996427,30117,0.030762,-0.038086,1.056641,1.473282,3.015267,-1.053435,1.057774,3.517403,1851,3256,1405,1851,0,61.372,1,damping
1780599143.4668136,29.92638070000976,30148,0.042725,-0.014404,1.05249,2.137405,3.816794,-0.847328,1.053456,4.455826,1852,3258,1406,1852,0,61.372,6,damping
1780599143.4988985,29.958465600007912,30179,0.036133,-0.023926,1.054932,1.679389,2.694656,-0.648855,1.055821,3.240761,1855,3262,1407,1855,0,61.372,6,damping
1780599143.5289037,29.988470700001926,30210,0.02417,-0.015625,1.056641,1.312977,3.0,-0.78626,1.057032,3.367805,1856,3264,1408,1856,0,61.372,6,damping
1780599143.5594096,30.018976699997438,30240,0.052979,-0.024658,1.069824,1.29771,3.48855,-0.717557,1.071419,3.790636,1858,3268,1410,1858,0,61.372,1,damping
1780599143.5912812,30.050848200000473,30271,0.063477,-0.021973,1.064941,1.572519,2.671756,-0.78626,1.067058,3.198328,1861,3272,1411,1861,0,61.372,7,damping
1780599143.6228619,30.082428900001105,30303,0.037354,-0.026123,1.064697,1.419847,3.091603,-1.053435,1.065672,3.561418,1864,3276,1412,1864,0,71.942,6,damping
1780599143.652956,30.11252300000342,30334,0.029541,-0.033691,1.046631,1.908397,2.732824,-0.877863,1.04759,3.446875,1865,3279,1414,1865,1,71.942,17,damping
1780599143.683821,30.143387999996776,30365,0.039795,-0.014404,1.05542,1.70229,3.068702,-1.091603,1.056268,3.675095,1867,3282,1415,1867,0,71.942,6,damping
1780599143.7148838,30.17445079999743,30396,0.054932,-0.022461,1.060547,1.473282,2.679389,-0.908397,1.062206,3.189808,1869,3286,1417,1869,0,71.942,1,damping
1780599143.7612994,30.220866400006344,30427,0.055664,-0.031982,1.057129,1.763359,3.137405,-0.916031,1.059076,3.713739,1870,3289,1419,1870,1,71.942,16,damping
1780599143.7763672,30.235934199998155,30458,0.067627,-0.025879,1.057861,1.725191,3.755725,-0.671756,1.060337,4.187244,1874,3294,1420,1874,0,71.942,6,damping
1780599143.8069785,30.26654559999588,30489,0.043457,-0.042725,1.054688,1.885496,2.954198,-0.656489,1.056447,3.56558,1875,3296,1421,1875,0,71.942,6,damping
1780599143.8388798,30.298446800006786,30520,0.055176,-0.039795,1.063721,1.541985,3.282443,-0.832061,1.065894,3.720816,1876,3299,1423,1876,1,71.942,17,damping
1780599143.8698394,30.32940650000819,30551,0.056396,-0.033691,1.054932,0.900763,3.534351,-0.931298,1.056975,3.76435,1879,3304,1425,1879,0,71.942,0,damping
1780599143.9011154,30.36068250000244,30582,0.049072,-0.01709,1.05835,1.80916,3.450382,-0.618321,1.059624,3.944682,1880,3306,1426,1880,0,57.348,6,damping
1780599143.9316604,30.391227400003118,30613,0.05835,-0.013672,1.064941,2.068702,3.480916,-0.610687,1.066626,4.095026,1884,3312,1428,1884,0,57.348,7,damping
1780599143.9635825,30.423149499998544,30644,0.03833,-0.015869,1.054199,1.328244,3.221374,-1.030534,1.055015,3.63366,1885,3314,1429,1885,0,57.348,7,damping
1780599143.993989,30.453556000007666,30675,0.033936,-0.037109,1.055176,2.015267,3.022901,-0.70229,1.056373,3.70033,1886,3316,1430,1886,0,57.348,6,damping
1780599144.0258298,30.485396800009767,30706,0.031738,-0.022217,1.053223,1.541985,3.022901,-0.656489,1.053935,3.456389,1889,3320,1431,1889,0,57.348,7,damping
1780599144.0566685,30.51623560000735,30737,0.03833,-0.011963,1.061279,1.610687,3.19084,-0.717557,1.062039,3.645636,1892,3324,1432,1892,0,57.348,7,damping
1780599144.087343,30.546910100005334,30768,0.042725,-0.007568,1.051758,1.748092,2.870229,-0.923664,1.052652,3.485282,1894,3329,1435,1894,1,57.348,14,damping
1780599144.117059,30.576626000009128,30799,0.039062,-0.015625,1.048584,1.778626,2.572519,-0.778626,1.049428,3.222984,1896,3332,1436,1896,0,57.348,6,damping
1780599144.1487596,30.608326700006728,30830,0.046875,-0.019287,1.055908,1.832061,2.763359,-0.969466,1.057124,3.45434,1897,3334,1437,1897,0,57.348,6,damping
1780599144.1808338,30.640400800009957,30861,0.036133,-0.036377,1.050781,1.984733,2.412214,-0.824427,1.052031,3.230731,1898,3337,1439,1898,1,64.516,17,damping
1780599144.2121925,30.671759500008193,30892,0.028809,-0.019531,1.046143,1.801527,2.709924,-1.229008,1.046721,3.478454,1900,3340,1440,1900,0,64.516,6,damping
1780599144.240778,30.700345100005507,30923,0.036865,-0.007324,1.05835,2.145038,3.40458,-0.78626,1.059017,4.100068,1901,3342,1441,1901,0,64.516,6,damping
1780599144.2722454,30.731812400001218,30953,0.046387,-0.034912,1.052002,2.061069,2.549618,-0.931298,1.053603,3.408207,1902,3345,1443,1902,1,64.516,17,damping
1780599144.3019166,30.761483599999337,30984,0.048584,-0.018799,1.055908,1.503817,3.427481,-1.0,1.057192,3.874157,1904,3348,1444,1904,0,64.516,6,damping
1780599144.3327878,30.792354899997008,31014,0.036865,-0.032227,1.053955,1.839695,3.290076,-1.038168,1.055092,3.909843,1905,3350,1445,1905,0,64.516,6,damping
1780599144.3638818,30.823448900002404,31045,0.019043,-0.03418,1.04541,1.694656,2.541985,-0.961832,1.046142,3.202916,1906,3353,1447,1906,1,64.516,17,damping
1780599144.395425,30.854992200009292,31076,0.039062,-0.018311,1.047363,1.694656,3.320611,-1.137405,1.048251,3.897692,1908,3356,1448,1908,0,64.516,7,damping
1780599144.4248252,30.884392200008733,31107,0.020996,-0.019775,1.048584,1.473282,2.59542,-1.076336,1.04898,3.17258,1909,3358,1449,1909,0,64.516,7,damping
1780599144.4583454,30.917912600009004,31137,0.022461,-0.032227,1.04541,1.80916,2.824427,-0.931298,1.046148,3.481058,1910,3361,1451,1910,1,43.478,16,damping
1780599144.4868486,30.946415600003093,31168,0.025635,-0.009521,1.052002,1.526718,3.312977,-0.839695,1.052357,3.74323,1913,3366,1453,1913,0,43.478,1,damping
1780599144.5178256,30.97739270000602,31199,0.02124,-0.030518,1.059326,1.259542,3.167939,-1.0,1.059978,3.552785,1914,3368,1454,1914,0,43.478,7,damping
1780599144.5491471,31.008714299998246,31229,0.043945,-0.037598,1.049561,1.938931,2.541985,-1.068702,1.051153,3.370944,1916,3373,1457,1916,1,43.478,14,damping
1780599144.5792181,31.038785099997767,31260,0.048584,-0.020752,1.063477,1.587786,3.167939,-0.770992,1.064788,3.626476,1918,3376,1458,1918,0,43.478,6,damping
1780599144.610486,31.070053200004622,31291,0.037354,-0.038574,1.055908,1.740458,3.129771,-0.587786,1.057273,3.62907,1919,3378,1459,1919,0,43.478,6,damping
1780599144.6403012,31.099868300007074,31322,0.05542,-0.024414,1.065186,2.030534,3.358779,-1.007634,1.066906,4.052134,1920,3381,1461,1920,1,43.478,17,damping
1780599144.6718585,31.13142570000491,31353,0.041748,-0.008301,1.052002,1.51145,3.648855,-0.740458,1.052863,4.018321,1924,3386,1462,1924,0,43.478,6,damping
1780599144.7025344,31.162101599999005,31384,0.024902,-0.033936,1.049072,1.725191,3.419847,-0.564886,1.049916,3.871787,1925,3388,1463,1925,0,43.478,6,damping
1780599144.7348359,31.19440290000057,31415,0.033691,-0.031494,1.064941,2.10687,3.496183,-0.969466,1.06594,4.195482,1927,3391,1464,1927,1,61.151,16,damping
1780599144.7655146,31.225081800002954,31446,0.033447,-0.036621,1.056396,1.167939,2.931298,-0.580153,1.05756,3.208296,1929,3394,1465,1929,0,61.151,6,damping
1780599144.7968183,31.256385400003637,31477,0.060303,-0.023682,1.05127,1.541985,2.755725,-0.778626,1.053264,3.252383,1930,3396,1466,1930,0,61.151,6,damping
1780599144.826815,31.286381900004926,31508,0.052246,-0.03125,1.061768,1.885496,3.312977,-0.587786,1.063511,3.856994,1932,3399,1467,1932,1,61.151,14,damping
1780599144.8574967,31.317063900001813,31538,0.037598,-0.033691,1.05957,1.175572,3.129771,-0.946565,1.060772,3.474683,1934,3402,1468,1934,0,61.151,7,damping
1780599144.8961315,31.355698700004723,31569,0.044678,-0.014404,1.057373,1.885496,3.557252,-0.763359,1.058414,4.097786,1935,3404,1469,1935,0,61.151,7,damping
1780599144.9189825,31.378549500004738,31600,0.041504,-0.019287,1.064941,1.847328,3.603053,-0.687023,1.065924,4.106898,1938,3408,1470,1938,0,61.151,7,damping
1780599144.9509404,31.410507399996277,31631,0.054199,-0.033203,1.063477,1.229008,3.580153,-0.847328,1.065374,3.878907,1940,3412,1472,1940,0,61.151,1,damping
1780599144.9811652,31.44073230000504,31662,0.037354,-0.038818,1.047852,1.19084,3.160305,-0.503817,1.049235,3.414595,1941,3414,1473,1941,0,61.151,6,damping
1780599145.012866,31.47243300000264,31693,0.059082,-0.031006,1.060059,2.076336,2.801527,-0.954198,1.062156,3.615276,1946,3420,1474,1946,0,68.345,7,damping
1780599145.0423114,31.501878499999293,31724,0.042725,-0.015869,1.062012,1.51145,3.312977,-0.603053,1.062989,3.691066,1947,3422,1475,1947,0,68.345,6,damping
1780599145.0736616,31.533228600004804,31755,0.067871,-0.009277,1.054199,1.862595,3.251908,-1.007634,1.056422,3.880656,1948,3425,1477,1948,1,68.345,17,damping
1780599145.1058373,31.565404499997385,31786,0.037109,-0.016602,1.050781,1.793893,2.961832,-0.839695,1.051567,3.563087,1950,3428,1478,1950,0,68.345,6,damping
1780599145.1363766,31.595943799999077,31817,0.033203,-0.01709,1.056885,1.427481,3.679389,-0.732824,1.057544,4.014055,1953,3432,1479,1953,0,68.345,6,damping
1780599145.1674464,31.627013400007854,31848,0.036865,-0.012451,1.048828,2.137405,2.526718,-0.900763,1.04955,3.429894,1955,3437,1482,1955,1,68.345,14,damping
1780599145.1980739,31.657640899997205,31879,0.022705,-0.008789,1.057373,1.389313,3.068702,-1.030534,1.057653,3.522659,1957,3440,1483,1957,0,68.345,6,damping
1780599145.229428,31.68899510000483,31910,0.036133,-0.01001,1.063965,1.656489,2.274809,-0.526718,1.064625,2.86289,1958,3442,1484,1958,0,68.345,6,damping
1780599145.2608395,31.720406499996898,31941,0.026123,-0.028809,1.043213,1.572519,2.564885,-1.099237,1.043937,3.203088,1959,3445,1486,1959,1,68.345,17,damping
1780599145.2909882,31.75055520000751,31972,0.03833,-0.024658,1.050049,1.778626,2.778626,-1.244275,1.051037,3.525974,1961,3448,1487,1961,0,53.763,6,damping
1780599145.322866,31.78243310000107,32003,0.033691,-0.033447,1.051025,1.442748,2.549618,-0.954198,1.052097,3.081002,1962,3450,1488,1962,0,53.763,6,damping
1780599145.353185,31.812751899997238,32034,0.056396,-0.029053,1.050293,1.664122,2.877863,-0.900763,1.052207,3.444238,1963,3453,1490,1963,1,53.763,17,damping
1780599145.3823333,31.841900300001726,32065,0.050537,-0.005127,1.050537,1.374046,3.40458,-0.717557,1.051764,3.740863,1965,3456,1491,1965,0,53.763,6,damping
1780599145.413539,31.873105999999098,32095,0.018555,-0.041016,1.048096,1.89313,2.679389,-1.145038,1.049062,3.474792,1966,3458,1492,1966,0,53.763,6,damping
1780599145.4454684,31.905035500007216,32126,0.060547,-0.023926,1.056152,1.549618,3.076336,-1.022901,1.058157,3.593256,1967,3461,1494,1967,1,53.763,16,damping
1780599145.4769115,31.93647850000707,32157,0.054932,-0.016846,1.062744,1.358779,3.526718,-1.08397,1.064296,3.931794,1969,3464,1495,1969,0,53.763,7,damping
1780599145.5070758,31.966642900006264,32188,0.055908,-0.030762,1.056396,1.961832,3.114504,-0.78626,1.058322,3.763924,1970,3466,1496,1970,0,53.763,7,damping
1780599145.538607,31.998173900006805,32219,0.05249,-0.046387,1.064697,2.015267,3.442748,-0.335878,1.066999,4.003328,1972,3469,1497,1972,1,53.763,16,damping
1780599145.5692692,32.028836299999966,32250,0.03418,-0.028076,1.050781,1.389313,3.229008,-0.938931,1.051712,3.638444,1975,3474,1499,1975,0,50.36,1,damping
1780599145.6004186,32.05998560000444,32281,0.054688,-0.028809,1.061768,1.648855,3.549618,-0.824427,1.063565,3.999774,1976,3476,1500,1976,0,50.36,7,damping
1780599145.6315293,32.09109650000755,32312,0.052002,-0.008789,1.05957,2.427481,3.427481,-0.755725,1.060882,4.267483,1980,3482,1502,1980,0,50.36,7,damping
1780599145.6618056,32.12137259999872,32343,0.02832,-0.016113,1.055176,1.473282,2.984733,-1.030534,1.055679,3.484422,1981,3484,1503,1981,0,50.36,6,damping
1780599145.692759,32.15232609999657,32374,0.040283,-0.023682,1.0625,1.122137,3.152672,-0.885496,1.063527,3.461594,1982,3486,1504,1982,0,50.36,5,damping
1780599145.7234259,32.182993000009446,32404,0.054688,-0.022705,1.064209,1.541985,3.19084,-0.580153,1.065855,3.591066,1985,3490,1505,1985,0,50.36,6,damping
1780599145.754231,32.21379799999704,32436,0.042969,-0.007813,1.060303,1.748092,3.0,-0.923664,1.061202,3.592907,1988,3494,1506,1988,0,50.36,6,damping
1780599145.7857995,32.2453666000074,32466,0.034668,-0.034912,1.055176,1.992366,3.541985,-0.465649,1.056322,4.090478,1990,3499,1509,1990,1,50.36,14,damping
1780599145.8159177,32.27548490000481,32497,0.027832,-0.027344,1.04834,1.778626,2.885496,-0.633588,1.049066,3.448338,1992,3502,1510,1992,0,50.36,6,damping
1780599145.8488595,32.30842670000857,32528,0.036377,-0.016113,1.061768,1.114504,3.534351,-0.587786,1.062513,3.752232,1993,3504,1511,1993,0,64.748,6,damping
1780599145.8842275,32.343794700005674,32559,0.050293,-0.008789,1.053467,1.366412,2.694656,-1.022901,1.054703,3.189762,1994,3507,1513,1994,1,64.748,17,damping
1780599145.9091866,32.36875360000704,32590,0.039551,-0.025635,1.054443,1.572519,2.435115,-1.305344,1.055496,3.179076,1996,3510,1514,1996,0,64.748,7,damping
1780599145.9395623,32.399129500001436,32621,0.051025,-0.020752,1.068359,1.282443,2.984733,-0.839695,1.069778,3.35535,1997,3512,1515,1997,0,64.748,7,damping
1780599145.970914,32.430480900002294,32652,0.040283,-0.030762,1.055176,1.503817,2.923664,-1.091603,1.056392,3.464228,1998,3515,1517,1998,1,64.748,16,damping
1780599146.0017962,32.46136319999641,32683,0.047363,-0.009766,1.052734,2.061069,2.137405,-1.198473,1.053845,3.202006,2000,3518,1518,2000,0,64.748,7,damping
1780599146.032763,32.492330100008985,32714,0.040283,-0.014648,1.065674,1.51145,3.038168,-0.755725,1.066536,3.476502,2001,3520,1519,2001,0,64.748,7,damping
1780599146.0648975,32.52446460000647,32745,0.042725,-0.026367,1.054199,1.396947,3.068702,-0.946565,1.055394,3.502053,2002,3523,1521,2002,1,64.748,16,damping
1780599146.0944502,32.55401740000525,32776,0.022217,-0.020508,1.048828,2.061069,2.603053,-1.0,1.049264,3.467548,2004,3526,1522,2004,0,64.748,7,damping
1780599146.1242554,32.58382250000432,32806,0.044434,-0.005859,1.058594,1.633588,2.396947,-0.969466,1.059542,3.058402,2005,3528,1523,2005,0,43.165,6,damping
1780599146.156931,32.61649810000381,32837,0.05249,-0.021973,1.054932,1.877863,2.366412,-1.396947,1.056465,3.328323,2006,3531,1525,2006,1,43.165,17,damping
1780599146.1876338,32.647200799998245,32868,0.037842,-0.013428,1.051758,1.053435,3.175573,-0.89313,1.052524,3.462899,2009,3536,1527,2009,0,43.165,0,damping
1780599146.21817,32.677737000005436,32899,0.032227,-0.040039,1.046387,1.648855,2.839695,-1.122137,1.047648,3.470127,2010,3538,1528,2010,0,43.165,6,damping
1780599146.2499933,32.70956040000601,32930,0.039795,-0.031738,1.063965,1.854962,3.0,-1.099237,1.065182,3.694483,2013,3543,1530,2013,1,43.165,14,damping
1780599146.2797077,32.739274799998384,32961,0.04126,-0.025391,1.05835,0.839695,3.244275,-0.824427,1.059458,3.451099,2015,3546,1531,2015,0,43.165,6,damping
1780599146.3110654,32.77063250000356,32992,0.029785,-0.025879,1.048828,1.19084,2.923664,-0.900763,1.04957,3.282878,2016,3548,1532,2016,0,43.165,6,damping
1780599146.3423326,32.80189970000356,33023,0.04248,-0.03833,1.057129,2.366412,3.206107,-0.740458,1.058676,4.053062,2018,3551,1533,2018,1,43.165,16,damping
1780599146.3734562,32.83302320000075,33054,0.028076,-0.019775,1.065186,1.557252,2.664122,-0.587786,1.065739,3.141349,2022,3556,1534,2022,0,43.165,6,damping
1780599146.4044476,32.864014699996915,33085,0.047852,-0.020752,1.067383,1.748092,3.328244,-0.832061,1.068656,3.850371,2023,3558,1535,2023,0,64.516,6,damping
1780599146.434766,32.89433320000535,33116,0.052246,-0.014404,1.063477,1.770992,3.221374,-0.290076,1.064856,3.687521,2026,3562,1536,2026,0,64.516,6,damping
1780599146.4665513,32.92611840000609,33147,0.077637,-0.023438,1.06958,1.48855,3.778626,-0.671756,1.07265,4.116436,2027,3564,1537,2027,0,64.516,6,damping
1780599146.497912,32.957479100005,33178,0.05835,-0.027588,1.062256,2.068702,3.244275,-0.763359,1.064215,3.922699,2028,3567,1539,2028,1,64.516,17,damping
1780599146.5280654,32.98763260000851,33209,0.040527,-0.020508,1.052978,1.900763,3.244275,-1.053435,1.053958,3.904862,2030,3570,1540,2030,0,64.516,7,damping
1780599146.5599394,33.019506500000716,33240,0.038818,-0.008789,1.058594,1.160305,3.832061,-0.59542,1.059342,4.047904,2031,3572,1541,2031,0,64.516,7,damping
1780599146.5909116,33.0504787999962,33271,0.019287,-0.031006,1.04834,1.519084,2.839695,-1.152672,1.048976,3.420546,2032,3575,1543,2032,1,64.516,16,damping
1780599146.6206095,33.08017660000769,33302,0.015137,-0.009766,1.057373,1.450382,2.656489,-1.076336,1.057526,3.212326,2034,3578,1544,2034,0,64.516,7,damping
1780599146.6521394,33.111706600000616,33333,0.047852,-0.032227,1.060303,1.656489,3.152672,-0.80916,1.061871,3.652128,2036,3582,1546,2036,0,64.516,1,damping
1780599146.6831183,33.14268540000194,33364,0.037354,-0.034668,1.048096,2.030534,2.48855,-0.931298,1.049334,3.344139,2037,3585,1548,2037,1,50.179,16,damping
1780599146.7152972,33.17486440000357,33395,0.050049,-0.015869,1.049316,0.854962,2.816794,-1.091603,1.050629,3.139568,2041,3590,1549,2041,0,50.179,6,damping
1780599146.7451763,33.204743399997824,33426,0.03418,-0.024658,1.062012,1.366412,2.427481,-0.816794,1.062848,2.902912,2042,3592,1550,2042,0,50.179,6,damping
1780599146.775992,33.235559000007925,33457,0.030029,-0.024902,1.053223,1.847328,2.938931,-0.984733,1.053945,3.608274,2043,3595,1552,2043,1,50.179,17,damping
1780599146.8070843,33.266651300000376,33488,0.021729,-0.021484,1.058594,1.618321,3.496183,-0.946565,1.059035,3.967146,2046,3600,1554,2046,0,50.179,0,damping
1780599146.843991,33.30355810000037,33525,0.028809,-0.029297,1.048828,1.656489,2.755725,-0.824427,1.049633,3.319285,2047,3603,1556,2047,1,50.179,19,damping
1780599146.875032,33.33459900000889,33556,0.040039,-0.012207,1.055664,1.244275,2.480916,-0.931298,1.056494,2.927538,2051,3608,1557,2051,0,50.179,6,damping
1780599146.9072852,33.36685240000952,33587,0.036621,-0.038574,1.055176,1.603053,2.954198,-0.778626,1.056515,3.45012,2052,3610,1558,2052,0,50.179,6,damping
1780599146.938245,33.397812199997134,33618,0.041504,-0.016846,1.049805,1.931298,3.274809,-0.870229,1.05076,3.900203,2053,3613,1560,2053,1,62.992,17,damping
1780599146.9675531,33.427120200009085,33649,0.028076,-0.006104,1.046631,1.282443,3.389313,-0.572519,1.047025,3.668771,2055,3616,1561,2055,0,62.992,6,damping
1780599146.9997182,33.45928520000598,33680,0.033203,-0.030518,1.054443,1.778626,2.916031,-0.89313,1.055407,3.5305,2056,3618,1562,2056,0,62.992,6,damping
1780599147.0303528,33.48991980000574,33711,0.037598,-0.033936,1.053223,1.587786,2.694656,-0.839695,1.05444,3.238414,2058,3621,1563,2058,1,62.992,15,damping
1780599147.0601544,33.51972150000802,33742,0.052246,-0.034668,1.058838,0.732824,2.59542,-0.748092,1.060693,2.798728,2060,3624,1564,2060,0,62.992,7,damping
1780599147.0912244,33.55079140000453,33772,0.039062,-0.031494,1.046143,1.183206,3.244275,-0.396947,1.047345,3.476041,2061,3626,1565,2061,0,62.992,6,damping
1780599147.122788,33.58235500000592,33803,0.050049,-0.025391,1.059814,2.320611,3.381679,-0.931298,1.061299,4.205746,2063,3629,1566,2063,1,62.992,15,damping
1780599147.1535907,33.613157800005865,33834,0.020996,-0.032471,1.053223,1.167939,2.870229,-0.580153,1.053932,3.152598,2068,3636,1568,2068,0,62.992,1,damping
1780599147.1837165,33.64328350000142,33865,0.036377,-0.003906,1.042725,1.175572,2.877863,-1.137405,1.043366,3.31025,2069,3638,1569,2069,0,62.992,6,damping
1780599147.2157023,33.67526930000167,33896,0.041992,-0.018311,1.058838,1.732824,3.549618,-0.992366,1.059828,4.072746,2072,3642,1570,2072,0,68.345,6,damping
1780599147.2473419,33.70690889999969,33928,0.038086,-0.013184,1.06665,0.847328,3.129771,-0.870229,1.067412,3.357191,2073,3644,1571,2073,0,68.345,6,damping
1780599147.2792256,33.73879270000907,33959,0.033203,-0.013428,1.053711,1.709924,3.251908,-0.977099,1.054319,3.801772,2074,3647,1573,2074,1,68.345,17,damping
1780599147.3096704,33.769237600005,33990,0.03125,-0.026611,1.056152,2.045802,3.091603,-0.877863,1.05695,3.809719,2079,3654,1575,2079,0,68.345,0,damping
1780599147.3403635,33.79993059999833,34021,0.033691,-0.031006,1.060059,1.870229,2.885496,-0.885496,1.061047,3.550767,2080,3656,1576,2080,0,68.345,6,damping
1780599147.3706753,33.830242299998645,34052,0.038574,-0.034424,1.048828,1.633588,2.778626,-0.740458,1.050102,3.307212,2081,3659,1578,2081,1,68.345,17,damping
1780599147.4026048,33.86217180000676,34083,0.041748,-0.016846,1.055176,1.541985,2.748092,-0.717557,1.056136,3.231813,2087,3666,1579,2087,0,68.345,1,damping
1780599147.4338858,33.89345299999695,34115,0.047852,-0.022217,1.067627,1.229008,2.89313,-0.946565,1.06893,3.28278,2089,3670,1581,2089,0,68.345,0,damping
1780599147.4656172,33.925184200008516,34146,0.044678,-0.02002,1.049805,2.061069,2.473282,-1.251908,1.050946,3.454331,2091,3675,1584,2091,1,76.0,14,damping
1780599147.4960904,33.955657400001655,34177,0.046631,-0.009033,1.062256,1.374046,2.503817,-0.717557,1.063317,2.944824,2095,3680,1585,2095,0,76.0,6,damping
1780599147.527872,33.98743920000561,34208,0.02417,-0.04126,1.067627,0.984733,3.038168,-0.877863,1.068697,3.312221,2096,3682,1586,2096,0,76.0,6,damping
1780599147.5583107,34.01787769999646,34239,0.040527,-0.015381,1.053223,2.145038,3.282443,-1.160305,1.054114,4.089246,2098,3685,1587,2098,1,76.0,16,damping
1780599147.5893397,34.04890670000168,34270,0.037598,-0.037598,1.04834,0.946565,3.145038,-0.938931,1.049687,3.415969,2101,3690,1589,2101,0,76.0,0,damping
1780599147.6201217,34.07968880000408,34301,0.040527,-0.018311,1.054443,1.312977,3.030534,-0.839695,1.055381,3.407805,2103,3694,1591,2103,0,76.0,0,damping
1780599147.6511247,34.110691699999734,34332,0.031494,-0.025879,1.060059,2.183206,3.351145,-0.671756,1.060842,4.05559,2106,3698,1592,2106,0,76.0,6,damping
1780599147.6827571,34.14232410000113,34363,0.033447,-0.017334,1.059326,1.694656,2.732824,-0.847328,1.059996,3.32538,2107,3700,1593,2107,0,76.0,6,damping
1780599147.7140293,34.173596499997075,34394,0.030029,-0.033447,1.055908,0.541985,3.267176,-1.007634,1.056864,3.461721,2108,3702,1594,2108,0,76.0,6,damping
1780599147.7449784,34.20454540000355,34425,0.063721,-0.024414,1.066406,1.694656,3.152672,-0.587786,1.068587,3.627216,2112,3708,1596,2112,0,75.269,6,damping
1780599147.7758145,34.23538159999589,34456,0.038818,-0.031006,1.044678,2.229008,3.21374,-0.557252,1.045858,3.950586,2115,3712,1597,2115,0,75.269,6,damping
1780599147.8156493,34.27521629999683,34487,0.065674,-0.030762,1.051514,2.10687,3.473282,-0.70229,1.054012,4.122597,2116,3715,1599,2116,1,75.269,17,damping
1780599147.8367884,34.29635540000163,34518,0.039062,-0.028809,1.048584,1.603053,3.091603,-0.78626,1.049707,3.570153,2118,3718,1600,2118,0,75.269,6,damping
1780599147.8688486,34.32841570000164,34549,0.036133,-0.015869,1.055908,1.671756,3.21374,-0.534351,1.056645,3.661752,2119,3720,1601,2119,0,75.269,6,damping
1780599147.8990016,34.35856870000134,34580,0.057617,-0.014648,1.05127,1.465649,2.877863,-0.648855,1.052949,3.294121,2121,3725,1604,2121,1,75.269,14,damping
1780599147.931118,34.39068520000728,34611,0.018555,-0.013428,1.055908,1.206107,2.740458,-1.076336,1.056156,3.181714,2126,3732,1606,2126,0,75.269,1,damping
1780599147.9615235,34.42109070000879,34642,0.041504,-0.036133,1.062988,1.755725,2.931298,-0.580153,1.064412,3.465783,2128,3736,1608,2128,0,75.269,0,damping
1780599147.9927163,34.452283300008276,34673,0.035156,-0.046875,1.05835,2.251908,2.587786,-0.755725,1.05997,3.51267,2129,3739,1610,2129,1,75.269,17,damping
1780599148.0239637,34.48353080000379,34704,0.025635,-0.011475,1.05542,1.641221,3.167939,-0.763359,1.055794,3.648584,2133,3744,1611,2133,0,75.269,0,damping
1780599148.0548894,34.514456600009,34735,0.033936,-0.022461,1.057617,1.541985,2.824427,-0.862595,1.0584,3.331543,2135,3748,1613,2135,0,75.269,1,damping
1780599148.085913,34.54548000000068,34766,0.0271,-0.032715,1.058594,1.396947,3.419847,-1.007634,1.059446,3.829118,2137,3753,1616,2137,1,75.269,13,damping
1780599148.1169384,34.57650540000759,34797,0.029785,-0.023926,1.058594,0.839695,2.679389,-0.70229,1.059283,2.894378,2142,3760,1618,2142,0,75.269,0,damping
1780599148.1471975,34.60676460000104,34828,0.018311,-0.030029,1.053467,1.21374,3.206107,-0.916031,1.054054,3.548436,2144,3764,1620,2144,0,75.269,0,damping
1780599148.179285,34.63885210000444,34859,0.040771,-0.01001,1.052246,1.648855,3.114504,-1.152672,1.053083,3.707764,2147,3769,1622,2147,1,75.269,14,damping
1780599148.2093863,34.668953500004136,34890,0.056152,-0.011719,1.055908,1.21374,3.19084,-0.824427,1.057465,3.512023,2152,3776,1624,2152,0,75.269,0,damping
1780599148.2402709,34.699838000000454,34921,0.044434,-0.025146,1.05249,1.480916,3.137405,-1.183206,1.053728,3.665569,2154,3780,1626,2154,0,75.269,0,damping
1780599148.2714055,34.73097260000941,34952,0.047852,-0.033447,1.058838,1.587786,2.770992,-1.015267,1.060446,3.351154,2158,3786,1628,2158,0,75.269,6,damping
1780599148.3029559,34.7625229999976,34983,0.043457,-0.043457,1.057617,1.343511,3.061069,-0.801527,1.059401,3.437675,2162,3792,1630,2162,0,103.943,0,damping
1780599148.3343039,34.79387100000167,35014,0.039795,-0.024414,1.060791,1.961832,3.358779,-1.007634,1.061818,4.018147,2164,3796,1632,2164,0,103.943,0,damping
1780599148.3646948,34.824262000009185,35045,0.068115,-0.02832,1.059082,1.70229,2.717557,-0.549618,1.061648,3.253458,2167,3800,1633,2167,0,103.943,6,damping
1780599148.3966327,34.856199800007744,35076,0.036377,-0.027832,1.048096,1.870229,3.083969,-0.603053,1.049096,3.656815,2170,3804,1634,2170,0,103.943,5,damping
1780599148.4269912,34.886558199999854,35107,0.06665,-0.01416,1.07666,2.427481,2.732824,-0.450382,1.078814,3.682911,2172,3809,1637,2172,1,103.943,14,damping
1780599148.457758,34.917325000002165,35138,0.046143,-0.021729,1.04834,1.320611,2.740458,-0.687023,1.04958,3.118673,2176,3814,1638,2176,0,103.943,6,damping
1780599148.4894006,34.948967700009234,35169,0.025146,-0.040283,1.060791,1.274809,3.137405,-0.473282,1.061853,3.419422,2180,3820,1640,2180,0,103.943,0,damping
1780599148.5204122,34.979979199997615,35200,0.03833,-0.025146,1.051758,1.374046,2.78626,-0.633588,1.052756,3.170596,2182,3825,1643,2182,1,103.943,15,damping
1780599148.5513241,35.010891199999605,35232,0.035889,-0.006836,1.057861,1.549618,2.801527,-0.847328,1.058492,3.311772,2187,3832,1645,2187,0,103.943,0,damping
1780599148.5827603,35.04232740000589,35263,0.025146,-0.044922,1.037109,1.725191,3.076336,-0.80916,1.038386,3.618683,2188,3834,1646,2188,0,92.857,6,damping
1780599148.6138976,35.073464600005536,35294,0.046631,-0.030029,1.043701,2.198473,3.427481,-1.068702,1.045174,4.209873,2191,3839,1648,2191,1,92.857,14,damping
1780599148.644145,35.10371209999721,35325,0.0354,-0.009766,1.057129,0.961832,2.961832,-1.549618,1.057767,3.478346,2196,3846,1650,2196,0,92.857,0,damping
1780599148.675701,35.135267899997416,35356,0.044189,-0.034668,1.048828,1.717557,2.931298,-1.0,1.050331,3.54154,2198,3850,1652,2198,0,92.857,0,damping
1780599148.7059665,35.16553359999671,35387,0.02417,-0.017822,1.0625,2.625954,3.083969,-1.137405,1.062924,4.20716,2202,3856,1654,2202,0,92.857,6,damping
1780599148.737828,35.197395099996356,35418,0.037109,-0.042236,1.045166,1.755725,2.618321,-1.312977,1.046677,3.414979,2206,3862,1656,2206,0,92.857,0,damping
1780599148.7683108,35.22787790000439,35449,0.05542,-0.017334,1.055664,2.557252,2.374046,-1.709924,1.05726,3.885804,2208,3866,1658,2208,0,92.857,0,damping
1780599148.80083,35.26039700000547,35480,0.054199,-0.023193,1.055176,2.572519,3.183206,-0.793893,1.056821,4.169044,2212,3872,1660,2212,0,92.857,6,damping
1780599148.8303716,35.28993870000704,35511,0.034912,-0.020508,1.053223,1.908397,3.145038,-1.122137,1.054001,3.846094,2216,3878,1662,2216,0,92.857,0,damping
1780599148.8623686,35.32193570000527,35542,0.032227,-0.044434,1.048828,2.114504,2.717557,-1.236641,1.050263,3.658624,2218,3882,1664,2218,1,107.527,0,damping
1780599148.8925366,35.35210380000353,35573,0.043457,-0.029297,1.051514,1.198473,3.282443,-0.664122,1.052819,3.556941,2223,3888,1665,2223,0,107.527,6,damping
1780599148.9235969,35.38316389999818,35604,0.036377,-0.013916,1.060059,1.030534,2.70229,-0.984733,1.060774,3.055171,2227,3894,1667,2227,0,107.527,0,damping
1780599148.9530647,35.41263170000457,35635,0.055908,-0.019775,1.035644,1.0,2.923664,-0.648855,1.037341,3.157344,2229,3899,1670,2229,1,107.527,14,damping
1780599148.9862385,35.44580549999955,35666,0.050537,-0.033447,1.055176,1.236641,2.236641,-0.854962,1.056915,2.694959,2232,3904,1672,2232,0,107.527,0,damping
1780599149.0169969,35.47656399999687,35698,0.024414,-0.022217,1.066406,0.770992,2.229008,-1.114504,1.066917,2.608644,2234,3908,1674,2234,0,107.527,0,damping
1780599149.0481184,35.507685400007176,35729,0.02002,-0.042969,1.049805,1.648855,2.206107,-1.015267,1.050874,2.93537,2235,3911,1676,2235,1,107.527,17,damping
1780599149.0795677,35.539134699996794,35760,0.055176,-0.019287,1.066894,1.503817,2.671756,-1.21374,1.068494,3.29741,2237,3914,1677,2237,0,107.527,6,damping
1780599149.110676,35.570243100009975,35791,0.05127,-0.028076,1.074707,1.022901,2.19084,-0.977099,1.076296,2.60784,2238,3916,1678,2238,0,107.527,6,damping
1780599149.1414087,35.600975800000015,35822,0.057617,-0.021729,1.066162,2.083969,2.992366,-1.236641,1.067939,3.850515,2240,3921,1681,2240,1,78.571,14,damping
1780599149.1722436,35.63181059999624,35853,0.054443,-0.019287,1.054932,2.381679,3.061069,-1.030534,1.056512,4.013046,2244,3926,1682,2244,0,78.571,6,damping
1780599149.2036006,35.66316779999761,35884,0.037842,-0.036377,1.053467,1.801527,3.343511,-1.129771,1.054774,3.962442,2245,3928,1683,2245,0,78.571,6,damping
1780599149.2333536,35.692920800007414,35915,0.029297,-0.004883,1.050781,2.091603,3.152672,-1.290076,1.051201,3.997304,2247,3931,1684,2247,1,78.571,16,damping
1780599149.2636375,35.723204499998246,35945,0.047607,-0.007813,1.056152,1.977099,3.061069,-1.053435,1.057254,3.793256,2249,3934,1685,2249,0,78.571,6,damping
1780599149.2946622,35.75422940000135,35976,0.062256,-0.021973,1.057617,1.671756,3.129771,-1.412214,1.059676,3.818976,2251,3938,1687,2251,0,78.571,1,damping
1780599149.3265803,35.78614740000921,36007,0.044678,-0.015869,1.054688,1.671756,3.091603,-1.343511,1.055753,3.762685,2254,3943,1689,2254,1,78.571,13,damping
1780599149.3569736,35.81654060000437,36038,0.040283,-0.02124,1.056641,1.351145,2.519084,-1.122137,1.057622,3.070923,2256,3946,1690,2256,0,78.571,6,damping
1780599149.3890388,35.84860579999804,36069,0.031494,-0.025879,1.053955,1.59542,3.137405,-1.160305,1.054743,3.706074,2257,3948,1691,2257,0,78.571,6,damping
1780599149.418359,35.87792610000179,36100,0.043457,-0.018799,1.055664,1.70229,3.122137,-1.0,1.056725,3.693986,2260,3952,1692,2260,0,71.942,6,damping
1780599149.4501507,35.909717800008366,36130,0.033447,-0.049316,1.064209,2.839695,3.053435,-0.961832,1.065876,4.279306,2264,3958,1694,2264,0,71.942,0,damping
1780599149.480618,35.940185100000235,36161,0.032959,-0.025635,1.047852,1.770992,2.801527,-1.251908,1.048683,3.542914,2266,3962,1696,2266,0,71.942,0,damping
1780599149.5111167,35.97068389999913,36192,0.065918,-0.009277,1.055176,1.633588,3.458015,-0.442748,1.057274,3.850001,2271,3968,1697,2271,0,71.942,6,damping
1780599149.543132,36.002699100004975,36223,0.021973,-0.023193,1.053223,1.259542,2.80916,-0.870229,1.053707,3.199238,2275,3974,1699,2275,0,71.942,0,damping
1780599149.5734572,36.03302430000622,36254,0.042236,-0.030273,1.061768,2.251908,3.229008,-0.664122,1.063038,3.992323,2277,3978,1701,2277,0,71.942,0,damping
1780599149.6051438,36.064710799997556,36285,0.027588,-0.026855,1.05127,1.824428,2.167939,-1.045802,1.051974,3.020297,2280,3982,1702,2280,0,71.942,6,damping
1780599149.6363845,36.09595160000026,36316,0.038086,-0.008057,1.059326,1.320611,2.992366,-0.854962,1.060041,3.380714,2283,3986,1703,2283,0,71.942,6,damping
1780599149.666738,36.12630519999948,36347,0.041504,-0.026123,1.052246,1.961832,3.381679,-0.541985,1.053388,3.946934,2285,3991,1706,2285,1,71.942,14,damping
1780599149.697165,36.156732100003865,36378,0.019287,-0.015381,1.051025,1.633588,2.984733,-0.70229,1.051315,3.474256,2287,3994,1707,2287,0,97.122,6,damping
1780599149.7286048,36.188171900008456,36409,0.052734,-0.041504,1.056396,1.564886,2.969466,-0.832061,1.058526,3.458167,2288,3996,1708,2288,0,97.122,6,damping
1780599149.7585692,36.21813639999891,36440,0.046143,-0.045654,1.045654,1.824428,3.0,-0.687023,1.047667,3.577784,2290,4001,1711,2290,1,97.122,13,damping
1780599149.7897592,36.24932630000694,36470,0.032959,-0.014648,1.051514,1.725191,3.167939,-0.80916,1.052132,3.696872,2293,4006,1713,2293,0,97.122,0,damping
1780599149.8211284,36.28069549999782,36502,0.036377,-0.029053,1.068359,1.610687,2.259542,-1.160305,1.069373,3.007682,2294,4008,1714,2294,0,97.122,7,damping
1780599149.8611777,36.32074480000301,36533,0.029053,-0.036865,1.049805,1.412214,2.755725,-0.587786,1.050854,3.151803,2295,4011,1716,2295,1,97.122,16,damping
1780599149.8843267,36.34389370000281,36564,0.031006,-0.026367,1.050537,2.022901,2.442748,-0.755725,1.051325,3.260409,2297,4014,1717,2297,0,97.122,7,damping
1780599149.9148653,36.37443239999993,36595,0.025146,-0.03418,1.05249,1.664122,2.679389,-0.969466,1.053345,3.299741,2299,4018,1719,2299,0,97.122,0,damping
1780599149.946279,36.40584600000875,36626,0.038086,-0.015381,1.047607,1.923664,3.045802,-1.038168,1.048412,3.749024,2300,4021,1721,2300,1,97.122,16,damping
1780599149.9767544,36.43632150000485,36657,0.047363,-0.001221,1.057617,1.709924,3.083969,-0.847328,1.058678,3.626661,2304,4026,1722,2304,0,60.932,7,damping
1780599150.0072348,36.46680190000916,36688,0.0625,-0.041016,1.055664,1.694656,2.633588,-0.923664,1.058308,3.265088,2305,4028,1723,2305,0,60.932,7,damping
1780599150.0377023,36.49726950000331,36718,0.05542,-0.02002,1.057129,2.198473,3.038168,-0.961832,1.05877,3.871546,2307,4031,1724,2307,1,60.932,16,damping
1780599150.0682418,36.52780900000653,36749,0.052246,-0.011963,1.051514,1.122137,3.442748,-0.480916,1.052879,3.652805,2309,4034,1725,2309,0,60.932,7,damping
1780599150.099691,36.55925790000765,36780,0.040771,-0.031738,1.049805,1.587786,2.755725,-0.832061,1.051075,3.287463,2310,4036,1726,2310,0,60.932,7,damping
1780599150.1310096,36.5905766000069,36811,0.049805,-0.018311,1.063965,2.603053,2.977099,-0.70229,1.065287,4.016494,2312,4039,1727,2312,1,60.932,14,damping
1780599150.1613696,36.6209366999974,36842,0.029785,-0.026123,1.049561,1.48855,2.694656,-0.816794,1.050308,3.184981,2314,4042,1728,2314,0,60.932,7,damping
1780599150.1922984,36.65186549999635,36873,0.032715,-0.019775,1.05249,1.412214,3.022901,-1.114504,1.053184,3.517726,2315,4044,1729,2315,0,60.932,6,damping
1780599150.2236998,36.68326689999958,36904,0.049316,-0.012451,1.057861,1.435114,2.725191,-1.122137,1.059083,3.27802,2320,4050,1730,2320,0,60.932,7,damping
1780599150.2547235,36.7142906000081,36935,0.029541,-0.026611,1.061768,1.19084,2.992366,-0.908397,1.062512,3.346273,2321,4052,1731,2321,0,61.151,7,damping
1780599150.2857735,36.74534069999936,36966,0.059326,-0.034424,1.052734,1.687023,2.167939,-1.0,1.054966,2.923355,2322,4055,1733,2322,1,61.151,16,damping
1780599150.3162534,36.7758204999991,36997,0.040039,-0.032715,1.050537,1.473282,2.526718,-1.465649,1.051809,3.271542,2324,4058,1734,2324,0,61.151,7,damping
1780599150.3471076,36.80667459999677,37028,0.029541,-0.008545,1.050049,1.221374,2.625954,-0.877863,1.050499,3.026224,2325,4060,1735,2325,0,61.151,7,damping
1780599150.3781986,36.837765600008424,37059,0.034424,-0.025635,1.044678,1.503817,2.816794,-1.458015,1.045559,3.510214,2327,4065,1738,2327,1,61.151,13,damping
1780599150.4093227,36.868889799996396,37090,0.024414,-0.021729,1.047119,1.282443,2.458015,-1.221374,1.047629,3.029563,2330,4070,1740,2330,0,61.151,1,damping
1780599150.4406428,36.90020980000554,37121,0.044189,-0.044189,1.05835,1.992366,3.152672,-0.908397,1.060193,3.838496,2331,4072,1741,2331,0,61.151,7,damping
1780599150.470812,36.93037909999839,37152,0.040771,-0.040771,1.05127,1.931298,2.694656,-1.152672,1.05285,3.509948,2332,4075,1743,2332,1,61.151,16,damping
1780599150.503019,36.96258619999571,37183,0.034668,-0.022949,1.058594,1.282443,3.10687,-0.80916,1.05941,3.457172,2334,4078,1744,2334,0,61.151,7,damping
1780599150.5339239,36.993491000001086,37214,0.054688,-0.018311,1.065918,1.251908,3.175573,-0.725191,1.067477,3.489619,2336,4082,1746,2336,0,53.763,0,damping
1780599150.5651886,37.024755799997365,37245,0.054932,-0.036377,1.058106,1.977099,2.694656,-1.122137,1.060155,3.525519,2338,4087,1749,2338,1,53.763,14,damping
1780599150.5954707,37.05503780000436,37276,0.06958,-0.018799,1.056641,1.610687,3.19084,-0.648855,1.059096,3.632738,2342,4092,1750,2342,0,53.763,7,damping
1780599150.626645,37.086212100010016,37307,0.031006,-0.04126,1.048096,1.603053,2.954198,-0.824427,1.049366,3.460744,2343,4094,1751,2343,0,53.763,8,damping
1780599150.6570792,37.11664629999723,37338,0.03125,-0.019043,1.041016,2.10687,2.946565,-0.80916,1.041659,3.711588,2344,4097,1753,2344,1,53.763,15,damping
1780599150.6878908,37.14745780000521,37368,0.05957,-0.038818,1.056641,1.625954,2.977099,-0.78626,1.05903,3.482104,2347,4102,1755,2347,0,53.763,0,damping
1780599150.7195606,37.17912770000112,37399,0.0354,-0.039795,1.050781,1.900763,2.618321,-1.198473,1.05213,3.45034,2349,4106,1757,2349,0,53.763,0,damping
1780599150.7497528,37.20931990000827,37430,0.057861,-0.019531,1.054688,1.725191,3.580153,-1.267176,1.056454,4.171272,2350,4109,1759,2350,1,53.763,15,damping
1780599150.7796829,37.23924989999796,37461,0.044678,-0.005859,1.050049,1.091603,3.503817,-0.931298,1.051015,3.786244,2352,4112,1760,2352,0,53.763,8,damping
1780599150.8111734,37.2707403999957,37492,0.036133,-0.039795,1.057861,1.580153,2.816794,-1.030534,1.059226,3.390164,2353,4114,1761,2353,0,61.151,8,damping
1780599150.8422565,37.30182360000617,37523,0.045654,-0.026855,1.055908,2.045802,3.290076,-0.954198,1.057236,3.990038,2356,4119,1763,2356,1,61.151,13,damping
1780599150.8742142,37.33378120000998,37555,0.037109,-0.028564,1.067383,1.496183,3.160305,-1.08397,1.06841,3.660749,2362,4128,1766,2362,0,61.151,0,damping
1780599150.9049013,37.36446840000281,37586,0.023438,-0.03125,1.050781,1.51145,3.267176,-0.503817,1.051507,3.634935,2363,4131,1768,2363,1,61.151,15,damping
1780599150.9365523,37.396119400000316,37617,0.026611,-0.025146,1.052978,1.427481,2.862595,-1.221374,1.053615,3.424019,2365,4134,1769,2365,0,61.151,8,damping
1780599150.9673371,37.42690410000796,37648,0.021973,-0.008301,1.061035,1.328244,2.671756,-1.045802,1.061295,3.161678,2366,4136,1770,2366,0,61.151,7,damping
1780599150.9973376,37.45690459999605,37679,0.054932,-0.03125,1.053223,1.580153,3.129771,-1.10687,1.055117,3.676617,2368,4141,1773,2368,1,61.151,13,damping
1780599151.0300155,37.489582499998505,37710,0.020264,-0.018311,1.054199,1.305344,2.778626,-1.053435,1.054553,3.245675,2373,4148,1775,2373,0,61.151,1,damping
1780599151.0607107,37.52027780000935,37742,0.04248,-0.014648,1.05542,2.267176,2.80916,-0.954198,1.056376,3.733894,2374,4150,1776,2374,0,84.0,7,damping
1780599151.0923893,37.551956499999505,37773,0.02832,-0.031006,1.045898,1.717557,2.80916,-0.862595,1.046741,3.403741,2375,4153,1778,2375,1,84.0,16,damping
1780599151.122805,37.58237210000516,37804,0.044678,-0.025879,1.061279,1.419847,3.419847,-0.656489,1.062534,3.760625,2377,4156,1779,2377,0,84.0,7,damping
1780599151.1546674,37.61423449999711,37835,0.022217,-0.040039,1.060059,1.274809,2.931298,-0.961832,1.061047,3.338078,2379,4160,1781,2379,0,84.0,0,damping
1780599151.1858356,37.64540269999998,37866,0.051758,-0.025391,1.053223,1.89313,3.717557,-1.198473,1.054799,4.340566,2381,4165,1784,2381,1,84.0,14,damping
1780599151.2170475,37.6766146000009,37897,0.062012,-0.010986,1.052978,1.175572,3.358779,-1.068702,1.05486,3.715574,2383,4168,1785,2383,0,84.0,7,damping
1780599151.2475073,37.70707440000842,37928,0.05957,-0.030273,1.057129,1.473282,3.137405,-0.89313,1.059239,3.579323,2384,4170,1786,2384,0,84.0,7,damping
1780599151.2772453,37.736812400005874,37959,0.057129,-0.04126,1.0625,1.89313,3.755725,-0.778626,1.064834,4.277344,2386,4173,1787,2386,1,84.0,15,damping
1780599151.3081899,37.767757000008714,37989,0.038574,-0.003662,1.05127,1.740458,3.198473,-1.038168,1.051983,3.786452,2390,4178,1788,2390,0,84.0,7,damping
1780599151.3393714,37.7989385999972,38019,0.019531,-0.039795,1.049561,1.755725,3.068702,-1.19084,1.050496,3.73063,2391,4180,1789,2391,0,61.372,7,damping
1780599151.3687065,37.828273599996464,38050,0.046875,-0.024658,1.052002,1.793893,3.29771,-1.267176,1.053334,3.962156,2392,4183,1791,2392,1,61.372,15,damping
1780599151.4009156,37.860482700009015,38080,0.038818,-0.01709,1.050293,2.061069,2.931298,-0.778626,1.051149,3.666984,2394,4186,1792,2394,0,61.372,7,damping
1780599151.4310405,37.89060769999924,38111,0.04541,-0.041016,1.047852,1.91603,3.381679,-0.671756,1.049637,3.944386,2395,4188,1793,2395,0,61.372,7,damping
1780599151.4614081,37.92097510000167,38142,0.058838,-0.025635,1.054932,1.671756,3.839695,-1.076336,1.056882,4.323948,2398,4193,1795,2398,1,61.372,13,damping
1780599151.4927673,37.952334500005236,38173,0.052979,-0.032471,1.061279,1.267176,3.206107,-0.885496,1.063097,3.559348,2401,4198,1797,2401,0,61.372,1,damping
1780599151.5232298,37.98279700000421,38204,0.059082,-0.017334,1.065918,1.908397,2.961832,-1.206107,1.067695,3.724127,2402,4200,1798,2402,0,61.372,7,damping
1780599151.5550964,38.01466339999752,38235,0.053467,-0.034424,1.062744,2.450382,3.465649,-0.51145,1.064645,4.275122,2404,4203,1799,2404,1,61.372,14,damping
1780599151.5866783,38.046245300007286,38266,0.055664,-0.019043,1.057861,1.572519,2.862595,-0.847328,1.059496,3.374201,2406,4206,1800,2406,0,61.372,7,damping
1780599151.6168532,38.07642019999912,38297,0.031738,-0.034912,1.052734,1.450382,3.198473,-1.175572,1.053791,3.703486,2408,4211,1803,2408,1,61.151,13,damping
1780599151.6482217,38.10778890000074,38328,0.036865,-0.02002,1.056396,1.305344,3.030534,-1.305344,1.057229,3.548518,2410,4214,1804,2410,0,61.151,7,damping
1780599151.6782753,38.13784229999874,38359,0.037842,-0.0271,1.066162,1.832061,3.167939,-0.625954,1.067178,3.712695,2413,4218,1805,2413,0,61.151,7,damping
1780599151.7095315,38.169098700003815,38390,0.042969,-0.015381,1.053467,1.290076,3.351145,-1.198473,1.054455,3.785606,2414,4221,1807,2414,1,61.151,16,damping
1780599151.7413654,38.20093240001006,38422,0.030029,-0.017822,1.058106,1.503817,3.053435,-1.160305,1.058682,3.596003,2416,4224,1808,2416,0,61.151,8,damping
1780599151.7726035,38.23217070000828,38453,0.025879,-0.02417,1.062012,1.694656,2.992366,-0.732824,1.062602,3.516127,2418,4228,1810,2418,0,61.151,1,damping
1780599151.8041644,38.263731500002905,38484,0.035156,-0.034424,1.054932,2.053435,2.770992,-1.198473,1.056078,3.65121,2420,4233,1813,2420,1,61.151,13,damping
1780599151.8350444,38.294611500008614,38515,0.034424,-0.029297,1.056152,1.267176,3.343511,-0.946565,1.057119,3.698755,2424,4238,1814,2424,0,61.151,8,damping
1780599151.8665059,38.326072900003055,38546,0.04126,-0.033447,1.05249,1.328244,2.496183,-1.442748,1.05383,3.174379,2425,4240,1815,2425,0,61.151,8,damping
1780599151.8975997,38.35716680000769,38577,0.05542,-0.043701,1.050781,1.625954,3.175573,-1.145038,1.053149,3.746879,2426,4243,1817,2426,1,64.286,15,damping
1780599151.9280417,38.38760870000988,38608,0.052002,-0.01001,1.054199,1.89313,3.175573,-0.839695,1.055528,3.791212,2429,4248,1819,2429,0,64.286,0,damping
1780599151.958422,38.41798890000791,38639,0.033447,-0.037109,1.05542,1.78626,3.022901,-1.076336,1.056602,3.672486,2431,4252,1821,2431,0,64.286,0,damping
1780599151.9899652,38.44953220000025,38670,0.044678,-0.020996,1.059814,1.587786,3.343511,-0.916031,1.060964,3.813036,2433,4257,1824,2433,1,64.286,14,damping
1780599152.0210392,38.4806064000004,38701,0.042725,-0.036377,1.057373,1.229008,2.740458,-1.19084,1.058861,3.230893,2435,4260,1825,2435,0,64.286,7,damping
1780599152.052358,38.51192489999812,38732,0.042969,-0.02002,1.063232,1.854962,3.358779,-1.21374,1.064289,4.024356,2436,4262,1826,2436,0,64.286,6,damping
1780599152.083197,38.54276419999951,38763,0.035889,-0.022461,1.057861,1.984733,3.992366,-0.587786,1.058708,4.497071,2438,4267,1829,2438,1,64.286,14,damping
1780599152.11371,38.57327710000391,38794,0.040039,-0.027344,1.05835,1.076336,3.450382,-1.030534,1.05946,3.758408,2443,4274,1831,2443,0,64.286,1,damping
1780599152.1443074,38.60387449999689,38825,0.036377,-0.044678,1.04834,1.770992,3.145038,-0.969466,1.049922,3.737318,2444,4277,1833,2444,1,64.286,15,damping
1780599152.1772048,38.63677189999726,38856,0.031494,-0.028564,1.05835,1.900763,3.19084,-1.167939,1.059203,3.893384,2446,4280,1834,2446,0,71.685,8,damping
1780599152.2084842,38.66805120000208,38888,0.033203,-0.02417,1.060791,1.251908,3.015267,-0.694656,1.061586,3.337912,2447,4282,1835,2447,0,71.685,8,damping
1780599152.2398484,38.69941539999854,38919,0.024414,-0.043701,1.046875,1.778626,2.618321,-1.259542,1.048071,3.406693,2449,4287,1838,2449,1,71.685,13,damping
1780599152.2698596,38.7294266000099,38950,0.023682,-0.015381,1.052246,1.679389,3.061069,-1.259542,1.052625,3.71173,2454,4294,1840,2454,0,71.685,1,damping
1780599152.3012006,38.76076780000585,38981,0.043213,-0.023926,1.064697,1.885496,2.870229,-1.343511,1.065842,3.687592,2455,4296,1841,2455,0,71.685,8,damping
1780599152.3312778,38.7908449999959,39012,0.042969,-0.036865,1.05127,1.633588,3.076336,-1.068702,1.052793,3.643429,2456,4299,1843,2456,1,71.685,15,damping
1780599152.3632793,38.82284649999929,39043,0.046143,-0.024902,1.046143,1.40458,3.541985,-0.877863,1.047456,3.910133,2458,4302,1844,2458,0,71.685,8,damping
1780599152.3934145,38.852981500007445,39074,0.057373,-0.045166,1.049072,1.687023,3.10687,-1.328244,1.05161,3.776628,2460,4306,1846,2460,0,71.685,0,damping
1780599152.430915,38.89048210000328,39111,0.057373,-0.027832,1.056641,2.10687,3.519084,-0.870229,1.058563,4.192869,2465,4314,1849,2465,0,74.51,0,damping
1780599152.4620125,38.921579500005464,39142,0.046875,-0.045166,1.061279,1.458015,2.801527,-1.007634,1.063274,3.31507,2466,4316,1850,2466,0,74.51,7,damping
1780599152.493113,38.95268000000215,39173,0.055176,-0.038086,1.054443,1.480916,3.419847,-1.160305,1.056573,3.903175,2467,4319,1852,2467,1,74.51,15,damping
1780599152.522994,38.98256099999708,39204,0.052246,-0.028809,1.062744,2.0,2.816794,-1.038168,1.064418,3.607232,2469,4322,1853,2469,0,74.51,8,damping
1780599152.5541987,39.01376590000291,39234,0.0354,-0.035156,1.05957,1.717557,3.099237,-1.137405,1.060744,3.721419,2471,4326,1855,2471,0,74.51,0,damping
1780599152.5842817,39.043848800007254,39265,0.029541,-0.023682,1.054443,1.48855,3.435115,-1.19084,1.055123,3.928599,2473,4331,1858,2473,1,74.51,14,damping
1780599152.6160717,39.07563870000013,39296,0.031494,-0.008789,1.050293,1.152672,3.694656,-0.885496,1.050802,3.970295,2477,4336,1859,2477,0,74.51,7,damping
1780599152.6467686,39.106335600008606,39327,0.050537,-0.037842,1.054688,1.679389,3.091603,-1.068702,1.056575,3.677021,2478,4338,1860,2478,0,74.51,7,damping
1780599152.67841,39.1379772000073,39358,0.047119,-0.022949,1.05835,1.824428,3.51145,-0.977099,1.059646,4.075971,2480,4341,1861,2480,1,74.51,14,damping
1780599152.708214,39.16778109999723,39389,0.045654,-0.028809,1.055176,1.572519,2.51145,-1.358779,1.056556,3.259828,2483,4346,1863,2483,0,64.748,1,damping
1780599152.7466118,39.2061790000007,39420,0.047363,-0.025879,1.055908,1.450382,2.961832,-1.007634,1.057287,3.448388,2485,4350,1865,2485,0,64.748,1,damping
1780599152.7709568,39.23052379999717,39451,0.034912,-0.027832,1.061523,1.717557,3.229008,-1.068702,1.062462,3.81033,2489,4356,1867,2489,0,64.748,8,damping
1780599152.8010015,39.260568700003205,39482,0.047852,-0.013184,1.0625,1.458015,2.641221,-1.08397,1.063659,3.205752,2490,4358,1868,2490,0,64.748,7,damping
1780599152.8336656,39.29323270000168,39513,0.052002,-0.032471,1.061035,1.89313,2.572519,-0.832061,1.062805,3.300624,2491,4361,1870,2491,1,64.748,16,damping
1780599152.8654115,39.32497860000876,39545,0.032227,-0.027832,1.052246,1.610687,2.328244,-1.312977,1.053107,3.120728,2495,4366,1871,2495,0,64.748,0,damping
1780599152.8966982,39.35626539999794,39577,0.031494,-0.01416,1.063232,1.305344,2.847328,-1.022901,1.063793,3.295076,2497,4370,1873,2497,0,64.748,1,damping
1780599152.9286242,39.388191200006986,39608,0.037109,-0.029541,1.052734,2.045802,3.274809,-1.137405,1.053802,4.025341,2499,4375,1876,2499,1,64.748,13,damping
1780599152.9588916,39.41845860000467,39639,0.04248,-0.014893,1.048096,1.633588,3.679389,-0.625954,1.049062,4.074105,2501,4378,1877,2501,0,72.0,8,damping
1780599152.9897995,39.449366600005305,39670,0.044189,-0.034668,1.048584,1.603053,3.21374,-1.145038,1.050087,3.769485,2502,4380,1878,2502,0,72.0,7,damping
1780599153.0204551,39.480022200004896,39701,0.03418,-0.032227,1.055908,1.78626,3.259542,-1.091603,1.056953,3.873878,2504,4385,1881,2504,1,72.0,13,damping
1780599153.051805,39.51137200000812,39732,0.043457,-0.032227,1.062256,1.267176,2.885496,-1.343511,1.063633,3.425908,2509,4392,1883,2509,0,72.0,0,damping
1780599153.0818431,39.541410200006794,39763,0.040527,-0.024658,1.055908,1.793893,2.687023,-1.312977,1.056973,3.487414,2510,4394,1884,2510,0,72.0,7,damping
1780599153.1134737,39.57304080000904,39794,0.071045,-0.021729,1.05835,2.10687,3.030534,-1.122137,1.060954,3.85775,2513,4398,1885,2513,0,72.0,8,damping
1780599153.1441824,39.60374960000627,39825,0.049805,-0.018555,1.064941,0.694656,3.206107,-1.244275,1.066267,3.508545,2514,4400,1886,2514,0,72.0,8,damping
1780599153.1750197,39.63458690000698,39856,0.061523,-0.038818,1.061523,1.450382,3.374046,-1.030534,1.064013,3.814419,2516,4405,1889,2516,1,72.0,13,damping
1780599153.2073417,39.66690880000533,39887,0.040283,-0.032471,1.056396,1.480916,2.320611,-1.40458,1.057663,3.0905,2521,4412,1891,2521,0,72.0,0,damping
1780599153.2383494,39.69791640000767,39918,0.046387,-0.043945,1.059082,1.832061,2.664122,-0.877863,1.061008,3.350319,2522,4414,1892,2522,0,75.269,7,damping
1780599153.2697701,39.729337299999315,39949,0.028564,-0.040039,1.049561,1.671756,2.687023,-1.557252,1.050712,3.527023,2523,4417,1894,2523,1,75.269,15,damping
1780599153.2999613,39.75952829999733,39980,0.029541,-0.017578,1.05835,1.465649,3.137405,-1.114504,1.058908,3.637795,2525,4420,1895,2525,0,75.269,8,damping
1780599153.331011,39.79057820000162,40011,0.04541,-0.021729,1.055908,1.557252,2.320611,-1.366412,1.057107,3.110844,2527,4424,1897,2527,0,75.269,1,damping
1780599153.3625073,39.82207439999911,40042,0.056152,-0.040283,1.048096,1.938931,3.053435,-1.435114,1.050372,3.891333,2529,4429,1900,2529,1,75.269,14,damping
1780599153.393037,39.852604200001224,40073,0.044922,-0.03833,1.059082,1.267176,3.290076,-1.015267,1.060727,3.668938,2533,4434,1901,2533,0,75.269,8,damping
1780599153.4235644,39.88313139999809,40104,0.032471,-0.0354,1.058838,1.877863,3.442748,-1.251908,1.059927,4.116571,2534,4436,1902,2534,0,75.269,8,damping
1780599153.455394,39.914961100002984,40135,0.038086,-0.035156,1.060791,2.030534,3.167939,-1.335878,1.062057,3.992928,2535,4439,1904,2535,1,75.269,15,damping
1780599153.4854562,39.94502330000978,40166,0.045654,-0.04126,1.058838,1.519084,3.167939,-0.816794,1.060624,3.607022,2538,4444,1906,2538,0,75.269,1,damping
1780599153.5158825,39.975449500008835,40197,0.03833,-0.02832,1.062988,1.442748,3.694656,-0.740458,1.064056,4.034884,2540,4448,1908,2540,0,64.516,0,damping
1780599153.547892,40.007459200001904,40228,0.049072,-0.030518,1.067139,2.114504,3.381679,-1.129771,1.068702,4.14527,2543,4453,1910,2543,1,64.516,13,damping
1780599153.5774994,40.03706650000822,40258,0.046875,-0.035889,1.068604,1.656489,3.068702,-0.793893,1.070233,3.576472,2545,4456,1911,2545,0,64.516,8,damping
1780599153.6103976,40.06996470000013,40289,0.04834,-0.026611,1.059326,1.465649,3.160305,-1.091603,1.060762,3.650651,2546,4458,1912,2546,0,64.516,7,damping
1780599153.6399624,40.09952940000221,40320,0.04541,-0.033447,1.0625,1.496183,3.167939,-1.007634,1.063996,3.645508,2549,4462,1913,2549,0,64.516,7,damping
1780599153.6715682,40.13113520000479,40351,0.054443,-0.019531,1.064697,1.725191,3.267176,-0.839695,1.066267,3.788906,2553,4468,1915,2553,0,64.516,0,damping
1780599153.702687,40.16225409999606,40382,0.061768,-0.024902,1.055664,1.778626,3.335878,-0.816794,1.057763,3.867654,2555,4473,1918,2555,1,64.516,14,damping
1780599153.7327352,40.19230229999812,40413,0.029053,-0.031006,1.061768,1.80916,3.061069,-1.114504,1.062617,3.726302,2557,4476,1919,2557,0,64.516,8,damping
1780599153.779081,40.23864809999941,40444,0.056641,-0.034668,1.05957,1.435114,2.992366,-0.748092,1.061649,3.401977,2558,4478,1920,2558,0,64.516,8,damping
1780599153.7951798,40.25474679999752,40475,0.019531,-0.035156,1.044189,2.267176,2.832061,-1.580153,1.044964,3.956961,2559,4481,1922,2559,1,68.345,15,damping
1780599153.8262913,40.2858583000052,40506,0.030518,-0.011475,1.066406,-0.175573,3.045802,-0.435114,1.066905,3.08173,2564,4488,1924,2564,0,68.345,0,damping
1780599153.8577096,40.317276800007676,40538,0.04126,-0.040039,1.059082,1.564886,3.21374,-0.763359,1.060641,3.655094,2566,4492,1926,2566,0,68.345,0,damping
1780599153.8881657,40.34773280000081,40569,0.051514,-0.0354,1.058594,1.442748,3.70229,-0.908397,1.060437,4.075986,2567,4495,1928,2567,1,68.345,15,damping
1780599153.9201345,40.37970170000335,40600,0.062744,-0.032715,1.059326,1.21374,3.076336,-1.251908,1.061687,3.53614,2569,4498,1929,2569,0,68.345,8,damping
1780599153.9510977,40.4106649000023,40631,0.054199,-0.03418,1.052734,1.717557,3.40458,-1.061069,1.054683,3.958161,2570,4500,1930,2570,0,68.345,8,damping
1780599153.9824429,40.442009899998084,40662,0.043213,-0.032715,1.054688,2.480916,3.145038,-0.908397,1.056079,4.10748,2573,4505,1932,2573,1,68.345,13,damping
1780599154.0134652,40.4730322999967,40693,0.046143,-0.027832,1.052002,0.648855,2.977099,-1.068702,1.053381,3.228972,2578,4512,1934,2578,0,68.345,1,damping
1780599154.0435023,40.50306930000079,40724,0.032715,-0.044434,1.044434,1.0,3.534351,-1.053435,1.04589,3.821173,2579,4515,1936,2579,1,68.345,15,damping
1780599154.0748525,40.53441950000706,40754,0.025146,-0.022461,1.059814,1.78626,2.671756,-1.061069,1.060351,3.384504,2581,4518,1937,2581,0,78.853,8,damping
1780599154.105976,40.56554320000578,40786,0.044189,-0.022461,1.062256,1.274809,3.030534,-0.824427,1.063412,3.389536,2582,4520,1938,2582,0,78.853,8,damping
1780599154.1375477,40.597114700009115,40817,0.027588,-0.01416,1.051758,1.21374,2.603053,-1.320611,1.052215,3.161181,2584,4525,1941,2584,1,78.853,13,damping
1780599154.1683192,40.62788630000432,40848,0.022461,-0.022705,1.052978,1.427481,2.748092,-1.068702,1.053463,3.275948,2589,4532,1943,2589,0,78.853,0,damping
1780599154.1992,40.65876700000081,40879,0.040039,-0.036865,1.052978,1.91603,3.045802,-1.206107,1.054384,3.795099,2590,4534,1944,2590,0,78.853,8,damping
1780599154.2304225,40.6899895999959,40910,0.038086,-0.035889,1.045654,2.015267,2.793893,-1.076336,1.046963,3.609105,2591,4537,1946,2591,1,78.853,15,damping
1780599154.2606614,40.72022840000864,40941,0.036133,-0.025391,1.05957,0.854962,2.961832,-1.122137,1.06049,3.28064,2593,4540,1947,2593,0,78.853,8,damping
1780599154.2919805,40.75154759999714,40972,0.042236,-0.046143,1.051758,1.633588,2.625954,-1.21374,1.053616,3.32226,2595,4544,1949,2595,0,78.853,1,damping
1780599154.32315,40.782717100009904,41003,0.067383,-0.039551,1.069824,2.0,3.305344,-0.870229,1.072674,3.960126,2597,4549,1952,2597,1,78.853,13,damping
1780599154.3539505,40.81351760000689,41033,0.045898,-0.026855,1.045166,1.709924,3.099237,-0.793893,1.046518,3.627585,2601,4554,1953,2601,0,71.685,8,damping
1780599154.3843722,40.84393920000002,41064,0.023926,-0.036377,1.060791,1.977099,2.89313,-1.206107,1.061684,3.705916,2602,4556,1954,2602,0,71.685,8,damping
1780599154.4157016,40.875268700008746,41095,0.046875,-0.042969,1.05957,1.961832,3.427481,-1.068702,1.061477,4.091276,2603,4559,1956,2603,1,71.685,15,damping
1780599154.4463706,40.90593770000851,41126,0.043213,-0.031006,1.06665,1.381679,2.816794,-1.129771,1.067976,3.334629,2606,4564,1958,2606,0,71.685,1,damping
1780599154.4766881,40.936255100008566,41157,0.040771,-0.020996,1.055176,1.977099,3.099237,-0.969466,1.056172,3.801849,2608,4568,1960,2608,0,71.685,1,damping
1780599154.508276,40.967843000005814,41188,0.049561,-0.020508,1.053223,2.114504,3.641221,-1.236641,1.054588,4.388496,2611,4573,1962,2611,1,71.685,13,damping
1780599154.5391004,40.99866749999637,41219,0.040283,-0.029053,1.065918,1.129771,3.083969,-0.770992,1.067074,3.373674,2613,4576,1963,2613,0,71.685,8,damping
1780599154.5703201,41.029887299999245,41250,0.034912,-0.031006,1.056396,2.10687,3.198473,-0.992366,1.057428,3.956504,2614,4579,1965,2614,1,71.685,15,damping
1780599154.6004524,41.0600196000014,41281,0.030518,-0.031006,1.05127,1.580153,2.992366,-1.015267,1.052169,3.532974,2616,4582,1966,2616,0,71.685,7,damping
1780599154.631586,41.091153100001975,41312,0.043945,-0.013184,1.066894,1.08397,3.358779,-0.778626,1.067881,3.614228,2620,4588,1968,2620,0,68.1,1,damping
1780599154.6639206,41.12348779999593,41343,0.018799,-0.02832,1.053223,1.496183,2.458015,-1.068702,1.053771,3.069614,2622,4593,1971,2622,1,68.1,13,damping
1780599154.6939683,41.153535300007206,41375,0.03125,-0.013184,1.05249,1.389313,2.664122,-1.08397,1.053037,3.194171,2632,4604,1972,2632,0,68.1,0,damping
1780599154.724361,41.18392799999856,41405,0.05127,-0.019287,1.065918,1.412214,3.145038,-1.419847,1.067324,3.728482,2633,4606,1973,2633,0,68.1,8,damping
1780599154.755283,41.21485030000622,41436,0.042236,-0.034668,1.048096,1.580153,3.160305,-0.916031,1.049519,3.65014,2634,4609,1975,2634,1,68.1,15,damping
1780599154.7873461,41.24691309999616,41467,0.052246,-0.027344,1.057861,1.206107,3.198473,-0.916031,1.059504,3.538932,2639,4616,1977,2639,0,68.1,1,damping
1780599154.81825,41.27781710001,41498,0.044189,-0.045654,1.054443,2.053435,3.19084,-1.328244,1.056356,4.020234,2641,4620,1979,2641,0,68.1,1,damping
1780599154.8500888,41.30965589999687,41529,0.049805,-0.026123,1.053711,1.763359,3.465649,-1.51145,1.055211,4.171886,2642,4623,1981,2642,1,68.1,15,damping
1780599154.8791392,41.338706299997284,41560,0.053955,-0.042969,1.055176,1.175572,3.19084,-0.755725,1.057428,3.483468,2644,4626,1982,2644,0,68.1,8,damping
1780599154.9104888,41.37005599999975,41591,0.056396,-0.020264,1.053955,2.007634,2.900763,-0.938931,1.055657,3.650563,2645,4628,1983,2645,0,89.606,8,damping
1780599154.9423268,41.40189380000811,41622,0.061523,-0.026367,1.052246,1.923664,3.557252,-1.122137,1.054373,4.19687,2648,4633,1985,2648,1,89.606,13,damping
1780599154.9732316,41.432798699999694,41653,0.054688,-0.028809,1.064453,0.80916,3.274809,-1.419847,1.066246,3.659929,2653,4640,1987,2653,0,89.606,1,damping
1780599155.0044925,41.46405960000993,41684,0.067871,-0.049072,1.063232,1.862595,3.290076,-1.053435,1.066526,3.92474,2654,4643,1989,2654,1,89.606,15,damping
1780599155.0350196,41.49458670000604,41715,0.040771,-0.031494,1.057617,1.641221,2.633588,-1.259542,1.058871,3.349006,2656,4646,1990,2656,0,89.606,7,damping
1780599155.0665588,41.52612589999626,41746,0.044434,-0.016846,1.058106,1.045802,3.061069,-0.839695,1.059172,3.341995,2657,4648,1991,2657,0,89.606,7,damping
1780599155.0973706,41.55693780000729,41777,0.029785,-0.034668,1.05249,1.335878,3.015267,-1.290076,1.053482,3.541286,2659,4653,1994,2659,1,89.606,13,damping
1780599155.1287708,41.58833779999986,41808,0.036133,-0.01709,1.053955,1.099237,2.923664,-1.091603,1.054713,3.308735,2664,4660,1996,2664,0,89.606,1,damping
1780599155.1597977,41.61936470000364,41839,0.026855,-0.021484,1.058594,1.290076,2.89313,-1.10687,1.059152,3.355542,2666,4664,1998,2666,0,89.606,0,damping
1780599155.1903932,41.649960299997474,41870,0.026367,-0.026123,1.055908,1.465649,3.21374,-1.40458,1.05656,3.801197,2667,4667,2000,2667,1,78.853,14,damping
1780599155.2212172,41.680784199998016,41901,0.040039,-0.018799,1.060303,1.244275,2.641221,-0.839695,1.061225,3.037986,2669,4670,2001,2669,0,78.853,8,damping
1780599155.251523,41.71109019999858,41932,0.029297,-0.033447,1.054688,1.610687,3.015267,-1.312977,1.055624,3.661974,2670,4672,2002,2670,0,78.853,8,damping
1780599155.2835639,41.74313100001018,41963,0.033936,-0.041504,1.047852,1.847328,2.854962,-1.122137,1.049222,3.580869,2672,4677,2005,2672,1,78.853,14,damping
1780599155.314676,41.77424320000864,41994,0.038818,-0.028809,1.057617,1.015267,3.038168,-1.290076,1.058721,3.453336,2677,4684,2007,2677,0,78.853,1,damping
1780599155.34508,41.80464689999644,42025,0.032471,-0.02124,1.051025,1.824428,3.503817,-1.19084,1.051741,4.125938,2678,4686,2008,2678,0,78.853,7,damping
1780599155.375574,41.835141100003966,42056,0.049805,-0.032471,1.060303,1.908397,2.946565,-1.152672,1.061968,3.69498,2681,4690,2009,2681,0,78.853,8,damping
1780599155.4064226,41.86598960000265,42087,0.039795,-0.021484,1.062256,1.389313,3.580153,-0.847328,1.063218,3.932639,2682,4692,2010,2682,0,78.853,8,damping
1780599155.4381585,41.89772560000711,42118,0.044189,-0.025391,1.054688,1.465649,3.335878,-1.251908,1.055918,3.852724,2684,4698,2014,2684,1,78.853,0,damping
1780599155.4693663,41.92893350000668,42149,0.034912,-0.028564,1.0625,1.618321,3.305344,-1.160305,1.063457,3.85883,2689,4705,2016,2689,0,78.853,1,damping
1780599155.5001907,41.959757700009504,42180,0.030029,-0.025879,1.060791,1.587786,3.206107,-0.969466,1.061531,3.706758,2690,4707,2017,2690,0,78.853,8,damping
1780599155.531872,41.991439200006425,42211,0.019043,-0.034424,1.044434,1.458015,2.549618,-0.923664,1.045174,3.078882,2691,4710,2019,2691,1,78.853,15,damping
1780599155.5629835,42.022550599998794,42242,0.033203,-0.010742,1.058106,1.282443,2.877863,-1.351145,1.058681,3.42817,2693,4713,2020,2693,0,78.853,8,damping
1780599155.5931623,42.052729400005774,42273,0.046875,-0.016602,1.064941,1.366412,2.801527,-1.51145,1.066102,3.464118,2695,4717,2022,2695,0,78.853,0,damping
1780599155.6241064,42.083673400004045,42304,0.051758,-0.03418,1.05957,1.931298,2.992366,-1.122137,1.061384,3.734081,2697,4722,2025,2697,1,78.853,13,damping
1780599155.6548886,42.114455700007966,42335,0.04834,-0.014648,1.049805,1.381679,3.114504,-1.244275,1.051019,3.627312,2701,4727,2026,2701,0,78.853,8,damping
1780599155.6853218,42.144888900002115,42366,0.051514,-0.039551,1.0625,1.641221,2.648855,-1.351145,1.064483,3.396415,2702,4729,2027,2702,0,78.853,8,damping
1780599155.7158356,42.17540269999881,42397,0.047607,-0.025635,1.055664,1.59542,3.0,-1.450382,1.057048,3.694452,2703,4732,2029,2703,1,78.853,15,damping
1780599155.7467086,42.20627570000943,42427,0.043457,-0.021729,1.059082,0.923664,2.984733,-1.152672,1.060196,3.330231,2706,4737,2031,2706,0,61.151,1,damping
1780599155.7782016,42.237768699997105,42458,0.031982,-0.028564,1.050781,1.664122,3.053435,-1.335878,1.051656,3.72523,2708,4741,2033,2708,0,61.151,1,damping
1780599155.8089108,42.26847789999738,42489,0.03418,-0.038818,1.052002,2.229008,3.274809,-1.40458,1.053273,4.203058,2710,4746,2036,2710,1,61.151,13,damping
1780599155.8406057,42.30017280000902,42520,0.040039,-0.032227,1.058594,1.763359,2.717557,-1.229008,1.059841,3.464825,2712,4749,2037,2712,0,61.151,8,damping
1780599155.8802896,42.33985659999598,42551,0.044189,-0.044678,1.051514,1.541985,3.694656,-1.48855,1.05339,4.271298,2713,4752,2039,2713,1,61.151,16,damping
1780599155.9027054,42.36227240000153,42582,0.043213,-0.032959,1.055176,1.679389,3.160305,-0.725191,1.056574,3.651545,2715,4755,2040,2715,0,61.151,8,damping
1780599155.9332902,42.3928573000012,42613,0.052246,-0.034912,1.061523,1.442748,3.374046,-0.946565,1.063382,3.789682,2719,4761,2042,2719,0,61.151,1,damping
1780599155.9648938,42.424460800000816,42644,0.032227,-0.019531,1.055664,1.427481,3.122137,-1.312977,1.056336,3.675507,2721,4766,2045,2721,1,61.151,13,damping
1780599155.9957926,42.45535980000568,42676,0.048096,-0.028809,1.064453,1.412214,2.70229,-1.114504,1.065928,3.246358,2731,4777,2046,2731,0,61.151,1,damping
1780599156.0272028,42.4867699000024,42706,0.062012,-0.036621,1.073975,1.793893,3.229008,-1.045802,1.076387,3.839042,2732,4779,2047,2732,0,93.19,8,damping
1780599156.0566525,42.51621960000193,42737,0.032959,-0.030029,1.052002,1.534351,2.931298,-1.145038,1.052946,3.501122,2734,4784,2050,2734,1,93.19,13,damping
1780599156.0888197,42.54838690000179,42768,0.049805,-0.021484,1.06543,1.557252,2.877863,-1.053435,1.06681,3.437565,2740,4791,2051,2740,0,93.19,1,damping
1780599156.1184692,42.578036300008534,42799,0.040039,-0.015137,1.059082,1.549618,3.045802,-1.21374,1.059947,3.626485,2741,4793,2052,2741,0,93.19,8,damping
1780599156.1495643,42.609131400007755,42830,0.023926,-0.031982,1.047852,1.381679,3.022901,-1.183206,1.048612,3.528022,2742,4796,2054,2742,1,93.19,15,damping
1780599156.1812677,42.64083479999681,42861,0.035645,-0.020996,1.058594,1.030534,3.061069,-1.08397,1.059402,3.406924,2744,4799,2055,2744,0,93.19,7,damping
1780599156.2131438,42.67271080000501,42892,0.02124,-0.036621,1.059326,1.709924,2.969466,-1.267176,1.060172,3.653396,2746,4803,2057,2746,0,93.19,0,damping
1780599156.2438314,42.70339850000164,42923,0.045654,-0.022705,1.052002,1.839695,3.503817,-1.068702,1.053237,4.099187,2748,4808,2060,2748,1,93.19,14,damping
1780599156.2740421,42.73360920000414,42954,0.055176,-0.018066,1.054688,1.458015,3.389313,-1.061069,1.056284,3.839156,2752,4813,2061,2752,0,93.19,7,damping
1780599156.3059418,42.765508900003624,42985,0.053223,-0.025146,1.058106,1.641221,2.717557,-1.503817,1.059742,3.51286,2753,4815,2062,2753,0,75.269,7,damping
1780599156.3362386,42.79580560000613,43016,0.044922,-0.03418,1.059326,1.641221,3.030534,-1.312977,1.060829,3.688042,2755,4818,2063,2755,1,75.269,15,damping
1780599156.3671937,42.826760800002376,43047,0.045898,-0.036621,1.05127,1.648855,3.122137,-1.129771,1.052908,3.707135,2758,4823,2065,2758,0,75.269,1,damping
1780599156.3974621,42.85702910000691,43078,0.040283,-0.037354,1.048584,2.015267,3.129771,-1.10687,1.050022,3.883546,2760,4827,2067,2760,0,75.269,1,damping
1780599156.4284532,42.88802030000079,43109,0.039062,-0.015869,1.054199,1.725191,3.564885,-1.0,1.055042,4.08469,2762,4832,2070,2762,1,75.269,13,damping
1780599156.4581468,42.9177139000094,43139,0.049805,-0.037598,1.05835,1.610687,3.664122,-0.854962,1.060188,4.092806,2764,4835,2071,2764,0,75.269,8,damping
1780599156.4898562,42.94942330000049,43170,0.030762,-0.027832,1.057617,1.992366,3.282443,-1.351145,1.05843,4.070571,2765,4837,2072,2765,0,75.269,7,damping
1780599156.5219328,42.9814999000082,43201,0.053223,-0.018799,1.065674,1.816794,3.450382,-0.78626,1.067168,3.977949,2768,4841,2073,2768,0,75.269,8,damping
1780599156.5521047,43.011671700005536,43232,0.04541,-0.02002,1.059082,1.480916,2.816794,-0.801527,1.060244,3.28175,2772,4847,2075,2772,0,75.269,1,damping
1780599156.584453,43.044020200002706,43264,0.045654,-0.027832,1.05835,1.732824,3.419847,-1.21374,1.059699,4.021343,2773,4850,2077,2773,1,71.685,16,damping
1780599156.6177194,43.07728640000278,43297,0.0271,-0.01416,1.047363,1.10687,2.80916,-1.419847,1.04781,3.336542,2783,4861,2078,2783,0,71.685,0,damping
1780599156.6477172,43.107284300000174,43328,0.027588,-0.041504,1.054443,1.541985,2.946565,-1.137405,1.05562,3.514776,2784,4863,2079,2784,0,71.685,8,damping
1780599156.6792624,43.13882950000698,43359,0.053711,-0.036133,1.058838,1.801527,3.671756,-1.351145,1.060815,4.307306,2786,4868,2082,2786,1,71.685,13,damping
1780599156.709461,43.16902800000389,43390,0.049561,-0.03418,1.05249,1.740458,2.862595,-0.877863,1.054211,3.463277,2792,4877,2085,2792,0,71.685,0,damping
1780599156.7396462,43.199213200001395,43421,0.033691,-0.03125,1.057373,1.320611,3.29771,-1.259542,1.058371,3.768999,2793,4879,2086,2793,0,71.685,8,damping
1780599156.7711563,43.23072350000439,43451,0.067871,-0.026367,1.057129,2.389313,3.114504,-1.022901,1.059634,4.05651,2794,4882,2088,2794,1,71.685,15,damping
1780599156.8026736,43.26224060000095,43482,0.036865,-0.023926,1.048096,1.656489,3.099237,-1.122137,1.049017,3.688958,2796,4885,2089,2796,0,71.685,8,damping
1780599156.8322191,43.291786100002355,43513,0.060791,-0.034912,1.05542,1.59542,3.198473,-0.862595,1.057745,3.67691,2798,4889,2091,2798,0,71.685,1,damping
1780599156.8630261,43.32259310000518,43543,0.050049,-0.022705,1.049316,2.061069,3.358779,-1.038168,1.050755,4.075192,2800,4894,2094,2800,1,96.774,14,damping
1780599156.8939106,43.35347780000302,43574,0.057129,-0.013916,1.054688,1.129771,3.59542,-1.396947,1.056325,4.019314,2804,4899,2095,2804,0,96.774,7,damping
1780599156.9249125,43.38447960000485,43605,0.062012,-0.023926,1.049072,1.519084,3.091603,-1.244275,1.051176,3.662492,2805,4901,2096,2805,0,96.774,7,damping
1780599156.9572115,43.41677850000269,43636,0.039307,-0.04248,1.062012,1.91603,3.045802,-1.022901,1.063588,3.74091,2807,4904,2097,2807,1,96.774,15,damping
1780599156.987373,43.44694019999588,43667,0.045166,-0.042725,1.057617,1.236641,2.847328,-1.244275,1.059443,3.344365,2810,4909,2099,2810,0,96.774,0,damping
1780599157.0189726,43.47853980000946,43698,0.039795,-0.027588,1.060791,1.763359,2.748092,-1.114504,1.061896,3.450154,2812,4913,2101,2812,0,96.774,1,damping
1780599157.048416,43.50798300000315,43729,0.051758,-0.026367,1.0625,1.572519,3.435115,-1.282443,1.064087,3.989673,2815,4919,2104,2815,0,96.774,8,damping
1780599157.0798082,43.53937530000985,43760,0.030518,-0.021973,1.055908,1.129771,2.961832,-0.694656,1.056578,3.245209,2816,4921,2105,2816,0,96.774,8,damping
1780599157.110622,43.570189100006246,43791,0.034424,-0.039551,1.050781,1.435114,3.305344,-1.129771,1.052089,3.776405,2817,4924,2107,2817,1,96.774,15,damping
1780599157.1420777,43.60164470000018,43822,0.031494,-0.031494,1.055908,1.740458,3.053435,-0.755725,1.056847,3.594966,2820,4929,2109,2820,0,71.685,0,damping
1780599157.1743283,43.63389550001011,43854,0.040771,-0.021484,1.071533,1.694656,2.954198,-0.885496,1.072524,3.518984,2822,4933,2111,2822,0,71.685,0,damping
1780599157.2044322,43.66399929999898,43885,0.009766,-0.031494,1.052002,1.763359,2.992366,-0.969466,1.052518,3.606044,2824,4938,2114,2824,1,71.685,14,damping
1780599157.235833,43.69540009999764,43915,0.050781,-0.035889,1.060547,1.290076,2.916031,-1.305344,1.062368,3.445498,2830,4945,2115,2830,0,71.685,0,damping
1780599157.2670789,43.72664600001008,43947,0.024414,-0.03418,1.058106,1.328244,2.89313,-1.603053,1.058939,3.564297,2831,4947,2116,2831,0,71.685,7,damping
1780599157.29871,43.75827710000158,43978,0.060059,-0.041016,1.051025,1.587786,3.099237,-1.129771,1.053539,3.660972,2832,4950,2118,2832,1,71.685,16,damping
1780599157.329689,43.789256200005184,44009,0.063477,-0.037109,1.053955,1.343511,3.549618,-0.793893,1.056517,3.877509,2837,4957,2120,2837,0,71.685,0,damping
1780599157.3598852,43.819452399999136,44040,0.045166,-0.040771,1.057373,1.854962,3.198473,-1.267176,1.059122,3.908561,2838,4959,2121,2838,0,71.685,7,damping
1780599157.3907845,43.850351600005524,44071,0.048584,-0.021729,1.060547,1.435114,2.748092,-1.091603,1.061881,3.286816,2839,4962,2123,2839,1,71.685,15,damping
1780599157.4217432,43.88131019999855,44102,0.05835,-0.008057,1.065674,0.732824,3.412214,-1.152672,1.0673,3.675444,2841,4965,2124,2841,0,75.0,8,damping
1780599157.452379,43.91194600000745,44132,0.033691,-0.039062,1.052978,1.923664,3.129771,-1.374046,1.054241,3.922238,2843,4969,2126,2843,0,75.0,1,damping
1780599157.4832444,43.94281140000385,44163,0.024658,-0.027344,1.054199,1.48855,3.229008,-1.412214,1.054842,3.825784,2845,4974,2129,2845,1,75.0,13,damping
1780599157.513883,43.97345010000572,44194,0.052734,-0.023193,1.053711,1.251908,3.251908,-1.030534,1.055285,3.633756,2849,4979,2130,2849,0,75.0,8,damping
1780599157.5450907,44.00465780000377,44225,0.056641,-0.035156,1.055664,1.625954,2.793893,-0.870229,1.057767,3.347666,2850,4981,2131,2850,0,75.0,8,damping
1780599157.575766,44.03533310000785,44256,0.037842,-0.039795,1.054688,2.19084,3.061069,-1.435114,1.056116,4.028582,2852,4984,2132,2852,1,75.0,14,damping
1780599157.6077118,44.067278900009114,44287,0.039307,-0.022705,1.064941,0.923664,3.679389,-1.48855,1.065908,4.075149,2855,4989,2134,2855,0,75.0,1,damping
1780599157.6365893,44.096156300001894,44318,0.038574,-0.03125,1.054199,2.038168,2.908397,-1.396947,1.055368,3.816328,2857,4993,2136,2857,0,75.0,0,damping
1780599157.667826,44.127393100003246,44348,0.053955,-0.038818,1.055664,2.061069,3.396947,-0.839695,1.057754,4.061076,2860,4998,2138,2860,1,75.0,13,damping
1780599157.6989126,44.15847960000974,44379,0.049316,-0.035889,1.062744,1.427481,2.442748,-1.076336,1.064493,3.027081,2862,5001,2139,2862,0,75.812,8,damping
1780599157.7298133,44.18938049999997,44410,0.041016,-0.037354,1.055908,1.778626,3.083969,-1.496183,1.057364,3.861728,2863,5003,2140,2863,1,75.812,7,damping
1780599157.761577,44.22114390000934,44441,0.057861,-0.030518,1.065918,1.78626,3.618321,-1.068702,1.067923,4.174338,2866,5007,2141,2866,0,75.812,7,damping
1780599157.7935226,44.253089600009844,44472,0.030029,-0.028809,1.054199,1.442748,2.816794,-1.099237,1.05502,3.350249,2870,5013,2143,2870,0,75.812,0,damping
1780599157.8235953,44.28316230000928,44503,0.069824,-0.026367,1.061279,2.076336,3.381679,-1.427481,1.0639,4.217182,2872,5018,2146,2872,1,75.812,14,damping
1780599157.854604,44.314171100006206,44534,0.033203,-0.032715,1.049561,2.076336,2.80916,-0.954198,1.050595,3.621194,2874,5021,2147,2874,0,75.812,7,damping
1780599157.885144,44.344711099998676,44565,0.039795,-0.022461,1.057373,1.396947,3.282443,-1.129771,1.05836,3.741961,2875,5023,2148,2875,0,75.812,7,damping
1780599157.9162517,44.37581880000653,44596,0.021729,-0.044922,1.040772,1.625954,2.618321,-1.0,1.041967,3.240267,2877,5028,2151,2877,1,75.812,13,damping
1780599157.948625,44.40819210000336,44627,0.027832,-0.01416,1.05127,1.473282,3.343511,-0.992366,1.051733,3.786082,2882,5035,2153,2882,0,75.812,1,damping
1780599157.9798238,44.43939080000564,44659,0.033936,-0.035156,1.065186,1.015267,3.221374,-1.175572,1.066306,3.57631,2883,5037,2154,2883,0,75.0,8,damping
1780599158.0161536,44.475720700007514,44696,0.041748,-0.037598,1.055176,2.061069,3.671756,-0.938931,1.05667,4.314092,2885,5041,2156,2885,0,75.0,10,damping
1780599158.0466099,44.506176900002174,44727,0.046143,-0.024414,1.071533,1.541985,2.694656,-1.328244,1.072804,3.376851,2886,5043,2157,2886,0,75.0,8,damping
1780599158.077818,44.53738490000251,44758,0.043945,-0.037354,1.058106,1.900763,3.122137,-1.21374,1.059676,3.851468,2888,5048,2160,2888,1,75.0,13,damping
1780599158.1096046,44.56917160000012,44789,0.034424,-0.02124,1.051025,1.183206,2.984733,-1.10687,1.051804,3.39614,2894,5057,2163,2894,0,75.0,1,damping
1780599158.1407166,44.600283599997056,44820,0.047607,-0.036133,1.052246,1.664122,3.038168,-1.335878,1.053942,3.712726,2895,5059,2164,2895,0,75.0,7,damping
1780599158.1717799,44.63134700000228,44851,0.040039,-0.02124,1.055664,1.763359,3.48855,-0.984733,1.056637,4.031019,2896,5062,2166,2896,1,75.0,16,damping
1780599158.2016602,44.66122730000643,44882,0.036377,-0.006592,1.058838,1.465649,3.045802,-1.274809,1.059483,3.612502,2898,5065,2167,2898,0,75.0,7,damping
1780599158.2325406,44.69210759999987,44913,0.055908,-0.031006,1.061523,1.015267,2.824427,-1.29771,1.063447,3.269894,2900,5069,2169,2900,0,66.929,0,damping
1780599158.2630267,44.72259390000545,44943,0.04541,-0.022217,1.056396,1.572519,3.419847,-1.267176,1.057605,3.971638,2902,5074,2172,2902,1,66.929,13,damping
1780599158.2934117,44.75297870000941,44974,0.046631,-0.008545,1.054443,0.534351,2.900763,-1.961832,1.055508,3.542421,2906,5079,2173,2906,0,66.929,8,damping
1780599158.3245258,44.784092900008545,45005,0.044678,-0.038086,1.056641,1.320611,3.29771,-1.320611,1.05827,3.789844,2907,5081,2174,2907,0,66.929,8,damping
1780599158.3557732,44.8153403000033,45035,0.061523,-0.031494,1.052734,2.267176,2.923664,-1.030534,1.055001,3.84056,2908,5084,2176,2908,1,66.929,15,damping
1780599158.3867931,44.846360299998196,45066,0.05542,-0.032471,1.057129,1.40458,3.335878,-1.08397,1.059078,3.778348,2911,5089,2178,2911,0,66.929,1,damping
1780599158.4175692,44.8771362999978,45097,0.054199,-0.036621,1.060303,1.587786,2.938931,-0.954198,1.062318,3.474029,2913,5093,2180,2913,0,66.929,0,damping
1780599158.448121,44.90768810000736,45128,0.044189,-0.034424,1.060547,2.40458,3.374046,-1.08397,1.062025,4.28266,2916,5098,2182,2916,1,66.929,13,damping
1780599158.4794888,44.93905590000213,45159,0.039795,-0.022217,1.062256,1.21374,2.824427,-1.068702,1.063233,3.25464,2918,5101,2183,2918,0,66.929,8,damping
1780599158.5108445,44.97041160000663,45190,0.038818,-0.03833,1.04834,1.351145,3.129771,-1.381679,1.049758,3.678328,2919,5104,2185,2919,1,68.592,15,damping
1780599158.5421023,45.001669500008575,45221,0.042236,-0.026367,1.061768,1.755725,2.694656,-1.114504,1.062934,3.403801,2921,5107,2186,2921,0,68.592,8,damping
1780599158.5716338,45.03120090000448,45252,0.031006,-0.019775,1.057617,1.320611,3.358779,-1.08397,1.058256,3.768341,2925,5113,2188,2925,0,68.592,1,damping
1780599158.603665,45.06323220000195,45283,0.033936,-0.019775,1.047852,1.374046,3.045802,-1.305344,1.048587,3.587315,2927,5118,2191,2927,1,68.592,14,damping
1780599158.6354375,45.09500460000709,45315,0.018311,-0.0271,1.062012,1.40458,2.832061,-1.381679,1.062515,3.449993,2937,5129,2192,2937,0,68.592,0,damping
1780599158.6667683,45.126335299995844,45346,0.042725,-0.026367,1.063965,1.381679,2.977099,-0.824427,1.065149,3.384056,2938,5131,2193,2938,0,68.592,8,damping
1780599158.6971235,45.156690500007244,45377,0.043945,-0.033203,1.050049,1.381679,2.938931,-1.267176,1.051492,3.485984,2940,5136,2196,2940,1,68.592,13,damping
1780599158.729154,45.188721200000145,45408,0.034912,-0.021973,1.060303,1.335878,3.022901,-1.305344,1.061105,3.553367,2945,5143,2198,2945,0,68.592,0,damping
1780599158.7586834,45.218250600009924,45439,0.033203,-0.039551,1.052246,1.381679,3.541985,-1.458015,1.053512,4.071916,2947,5147,2200,2947,0,68.592,0,damping
1780599158.7922852,45.25185220000276,45470,0.05127,-0.043457,1.058106,2.221374,3.51145,-1.206107,1.060238,4.326602,2948,5150,2202,2948,1,103.571,15,damping
1780599158.827598,45.28716510000231,45501,0.045654,-0.007324,1.05249,1.374046,3.259542,-1.358779,1.053505,3.789313,2950,5153,2203,2950,0,103.571,8,damping
1780599158.8520954,45.3116624999966,45532,0.060059,-0.030273,1.057129,1.175572,3.335878,-1.129771,1.059266,3.713009,2951,5155,2204,2951,0,103.571,9,damping
1780599158.8826704,45.342237400007434,45563,0.050293,-0.026367,1.062256,1.80916,3.305344,-1.320611,1.063773,3.99279,2952,5160,2208,2952,1,103.571,13,damping
1780599158.9146996,45.37426670000423,45594,0.046387,-0.023926,1.061035,1.824428,2.335878,-1.343511,1.062318,3.25421,2956,5165,2209,2956,0,103.571,10,damping
1780599158.9447322,45.40429930000391,45625,0.045654,-0.029053,1.054443,1.610687,3.290076,-1.351145,1.055831,3.904422,2957,5167,2210,2957,0,103.571,8,damping
1780599158.975918,45.43548519999604,45656,0.043701,-0.020996,1.062256,1.709924,3.183206,-1.587786,1.063362,3.94686,2959,5170,2211,2959,1,103.571,13,damping
1780599159.007435,45.46700210000563,45687,0.035645,-0.032471,1.056396,1.587786,2.969466,-1.045802,1.057496,3.525974,2961,5173,2212,2961,0,103.571,10,damping
1780599159.0384893,45.49805629999901,45718,0.03833,-0.043457,1.053467,1.48855,2.839695,-1.091603,1.055059,3.386922,2963,5178,2215,2963,1,103.571,13,damping
1780599159.0688114,45.52837840000575,45749,0.021484,-0.031494,1.059814,2.0,2.80916,-1.381679,1.0605,3.714892,2967,5183,2216,2967,0,68.1,9,damping
1780599159.0999532,45.55952019999677,45780,0.032227,-0.037109,1.067627,1.152672,3.396947,-0.80916,1.068758,3.677314,2968,5185,2217,2968,0,68.1,8,damping
1780599159.1308422,45.59040919999825,45811,0.041504,-0.013916,1.053955,1.648855,3.045802,-1.145038,1.054864,3.647841,2969,5188,2219,2969,1,68.1,15,damping
1780599159.1631882,45.62275530000625,45842,0.039551,-0.026123,1.056641,1.603053,2.381679,-1.08397,1.057703,3.06874,2972,5193,2221,2972,0,68.1,1,damping
1780599159.1947138,45.654280800008564,45874,0.057861,-0.029541,1.064209,1.549618,2.969466,-1.198473,1.06619,3.55744,2974,5197,2223,2974,0,68.1,1,damping
1780599159.2246969,45.68426399999589,45905,0.043213,-0.047119,1.048584,1.870229,3.0,-1.396947,1.050531,3.801212,2976,5202,2226,2976,1,68.1,13,damping
1780599159.2555537,45.71512090000033,45936,0.03833,-0.027832,1.053955,1.519084,3.29771,-1.427481,1.055019,3.901308,2986,5213,2227,2986,0,68.1,0,damping
1780599159.2858794,45.74544640000386,45966,0.036133,-0.022705,1.063965,1.625954,3.061069,-0.969466,1.06482,3.599129,2987,5215,2228,2987,0,68.1,8,damping
1780599159.317508,45.777075000005425,45997,0.032227,-0.036621,1.046875,1.534351,2.961832,-1.435114,1.048011,3.631286,2989,5220,2231,2989,1,68.1,13,damping
1780599159.348366,45.80793310000445,46028,0.044922,-0.0271,1.054199,1.664122,2.931298,-1.21374,1.055504,3.582593,2996,5229,2233,2996,0,103.943,0,damping
1780599159.3794265,45.83899360000214,46059,0.043457,-0.043701,1.054443,1.564886,2.931298,-1.549618,1.056243,3.666427,2997,5231,2234,2997,0,103.943,8,damping
1780599159.4105508,45.87011800000619,46090,0.059814,-0.036133,1.052978,1.534351,3.198473,-1.419847,1.055295,3.821051,2998,5234,2236,2998,1,103.943,15,damping
1780599159.4419959,45.901562900005956,46121,0.061035,-0.012451,1.059326,1.427481,3.351145,-1.274809,1.061156,3.859146,3000,5237,2237,3000,0,103.943,8,damping
1780599159.4723866,45.93195369999739,46152,0.052002,-0.038574,1.05957,1.770992,2.946565,-1.320611,1.061547,3.682753,3002,5241,2239,3002,0,103.943,1,damping
1780599159.5033698,45.96293680000235,46183,0.037109,-0.027832,1.056152,2.038168,3.068702,-1.465649,1.05717,3.964743,3004,5246,2242,3004,1,103.943,14,damping
1780599159.5344849,45.994052000009106,46214,0.04126,-0.00708,1.049316,0.938931,3.045802,-1.496183,1.050151,3.520946,3008,5251,2243,3008,0,103.943,8,damping
1780599159.5652068,46.02477390000422,46245,0.02417,-0.025635,1.054688,1.450382,3.007634,-0.687023,1.055276,3.409027,3009,5253,2244,3009,0,103.943,8,damping
1780599159.5978534,46.05742060000193,46277,0.050049,-0.015381,1.064697,1.969466,3.21374,-1.366412,1.065984,4.00924,3011,5256,2245,3011,1,103.943,14,damping
1780599159.6293101,46.08887730000424,46308,0.032227,-0.024414,1.052978,1.251908,3.022901,-1.137405,1.053754,3.463942,3013,5259,2246,3013,0,60.714,10,damping
1780599159.6595504,46.1191175999993,46339,0.049561,-0.040283,1.054443,1.526718,3.282443,-1.183206,1.056376,3.808579,3014,5262,2248,3014,1,60.714,13,damping
1780599159.6910424,46.15060940000694,46370,0.025391,-0.02832,1.049316,1.961832,2.465649,-1.717557,1.050006,3.588622,3015,5264,2249,3015,1,60.714,12,damping
1780599159.7223918,46.18195880000712,46401,0.044434,-0.018555,1.067871,1.465649,2.946565,-0.824427,1.068956,3.392647,3017,5267,2250,3017,0,60.714,9,damping
1780599159.752754,46.212321099999826,46432,0.060547,-0.024414,1.051025,1.59542,3.045802,-1.236641,1.053051,3.653978,3018,5270,2252,3018,1,60.714,14,damping
1780599159.7840548,46.24362190000829,46463,0.037842,-0.04126,1.05127,1.80916,2.908397,-1.648855,1.052759,3.801389,3020,5273,2253,3020,0,60.714,9,damping
1780599159.8151755,46.27474269999948,46495,0.031738,-0.020508,1.062744,1.954198,3.160305,-1.10687,1.063416,3.877058,3022,5277,2255,3022,0,60.714,0,damping
1780599159.8618512,46.3214183000091,46526,0.050537,-0.049561,1.045166,1.618321,3.030534,-1.625954,1.04756,3.800898,3023,5280,2257,3023,1,60.714,14,damping
1780599159.8774385,46.33700569999928,46557,0.051514,-0.039307,1.044434,1.465649,3.274809,-1.0,1.046442,3.724581,3025,5283,2258,3025,0,60.714,9,damping
1780599159.9083989,46.36796590000449,46588,0.058105,-0.049316,1.061035,1.671756,3.198473,-1.045802,1.063769,3.757486,3026,5285,2259,3026,0,46.429,9,damping
1780599159.9386108,46.39817790000234,46619,0.051025,-0.032471,1.060547,1.610687,3.435115,-1.312977,1.06227,4.014752,3027,5288,2261,3027,1,46.429,13,damping
1780599159.9702423,46.42980929999612,46650,0.06543,-0.012451,1.064697,1.152672,3.351145,-1.076336,1.066778,3.70369,3029,5291,2262,3029,0,46.429,10,damping
1780599160.0022757,46.46184270000958,46681,0.049805,-0.033203,1.054443,2.167939,3.099237,-1.557252,1.056141,4.090264,3030,5293,2263,3030,0,46.429,9,damping
1780599160.032495,46.49206200000481,46712,0.036621,-0.02124,1.052734,1.748092,3.641221,-1.381679,1.053585,4.268882,3031,5296,2265,3031,1,46.429,14,damping
1780599160.0637805,46.5233475999994,46743,0.062256,-0.015137,1.052002,1.244275,2.954198,-1.473282,1.053951,3.527899,3033,5299,2266,3033,0,46.429,9,damping
1780599160.0947568,46.554323800010025,46774,0.052979,-0.042969,1.050293,1.816794,3.145038,-1.251908,1.052506,3.841781,3034,5301,2267,3034,0,46.429,9,damping
1780599160.125887,46.58545400000003,46805,0.049805,-0.02832,1.05835,1.923664,3.320611,-1.381679,1.059899,4.078722,3035,5304,2269,3035,1,46.429,13,damping
1780599160.1571417,46.61670880000747,46836,0.038574,-0.039062,1.063232,1.366412,3.091603,-1.465649,1.064649,3.684185,3037,5307,2270,3037,0,46.429,9,damping
1780599160.1873176,46.64688460000616,46867,0.031738,-0.019775,1.065918,1.21374,3.320611,-1.351145,1.066574,3.784866,3038,5310,2272,3038,1,43.011,14,damping
1780599160.2179701,46.67753719999746,46898,0.051025,-0.027344,1.059814,1.748092,3.412214,-1.450382,1.061394,4.099102,3039,5312,2273,3039,1,43.011,13,damping
1780599160.248903,46.70847019999928,46929,0.029541,-0.019043,1.064697,0.969466,3.152672,-1.458015,1.065277,3.606246,3044,5319,2275,3044,0,43.011,0,damping
1780599160.2799523,46.73951929999748,46960,0.042725,-0.040283,1.057129,1.740458,3.244275,-1.267176,1.058758,3.893616,3046,5324,2278,3046,1,43.011,13,damping
1780599160.311776,46.771343100001104,46991,0.054199,-0.038086,1.062744,1.564886,2.664122,-1.152672,1.064807,3.297736,3047,5326,2279,3047,1,43.011,13,damping
1780599160.3432198,46.80278690000705,47022,0.039551,-0.025635,1.056396,1.557252,3.290076,-0.916031,1.057447,3.753498,3049,5329,2280,3049,0,43.011,9,damping
1780599160.3739986,46.83356579999963,47053,0.041504,-0.013672,1.05249,1.076336,2.48855,-1.290076,1.053397,3.002611,3050,5332,2282,3050,1,43.011,14,damping
1780599160.4046211,46.864188100007595,47084,0.047119,-0.031006,1.068848,1.381679,3.038168,-1.389313,1.070335,3.615203,3052,5335,2283,3052,0,43.011,9,damping
1780599160.4354043,46.89497130000382,47115,0.059326,-0.031006,1.070312,1.40458,3.167939,-0.969466,1.072404,3.598409,3053,5337,2284,3053,0,43.011,10,damping
1780599160.4670262,46.926593299998785,47146,0.036865,-0.039551,1.046875,1.473282,2.877863,-1.51145,1.04827,3.568913,3054,5340,2286,3054,1,57.348,15,damping
1780599160.4968235,46.95639069999743,47177,0.028564,-0.019043,1.052734,1.778626,2.709924,-1.435114,1.053294,3.544961,3056,5343,2287,3056,0,57.348,8,damping
1780599160.5286944,46.988261500009685,47208,0.039307,-0.026855,1.06665,1.412214,3.183206,-1.557252,1.067712,3.814732,3057,5345,2288,3057,0,57.348,8,damping
1780599160.5591547,47.01872180000646,47239,0.03833,-0.039062,1.046387,1.847328,3.251908,-1.389313,1.047817,3.989702,3059,5350,2291,3059,1,57.348,13,damping
1780599160.5905554,47.0501224000036,47270,0.041992,-0.029297,1.054443,1.648855,3.251908,-0.992366,1.055686,3.77868,3064,5357,2293,3064,0,57.348,1,damping
1780599160.621407,47.08097419999831,47301,0.033691,-0.037109,1.065918,1.625954,2.725191,-1.114504,1.067096,3.363408,3065,5359,2294,3065,0,57.348,9,damping
1780599160.6533048,47.11287199999788,47332,0.034668,-0.027344,1.047363,1.862595,3.007634,-1.633588,1.048294,3.896631,3066,5362,2296,3066,1,57.348,14,damping
1780599160.6833274,47.14289450000797,47363,0.057861,-0.012207,1.050049,1.618321,3.167939,-1.358779,1.051713,3.808028,3069,5367,2298,3069,0,57.348,1,damping
1780599160.7140691,47.17363610000757,47394,0.065186,-0.037354,1.059082,1.503817,3.396947,-1.21374,1.061744,3.908181,3071,5371,2300,3071,0,57.348,1,damping
1780599160.7548425,47.21440959999745,47425,0.040039,-0.03125,1.05542,2.206107,2.877863,-1.603053,1.056641,3.964692,3074,5378,2304,3074,1,71.685,13,damping
1780599160.7773225,47.236889599997085,47456,0.04834,-0.0354,1.056885,1.503817,2.938931,-1.358779,1.058582,3.570022,3076,5381,2305,3076,0,71.685,8,damping
1780599160.808779,47.26834599999711,47488,0.050293,-0.055664,1.047852,1.458015,2.725191,-1.251908,1.050534,3.334629,3077,5384,2307,3077,1,71.685,15,damping
1780599160.8410256,47.30059270000493,47520,0.034668,-0.034668,1.060791,1.473282,2.664122,-1.458015,1.061923,3.375488,3080,5389,2309,3080,0,71.685,1,damping
1780599160.8725047,47.33207190000394,47552,0.038818,-0.033203,1.059326,1.801527,2.778626,-1.038168,1.060557,3.470454,3082,5393,2311,3082,0,71.685,0,damping
1780599160.9038754,47.363442500005476,47583,0.035645,-0.038086,1.049072,1.442748,3.244275,-1.503817,1.050368,3.855944,3084,5398,2314,3084,1,71.685,13,damping
1780599160.9338377,47.39340470000752,47614,0.045654,-0.021484,1.054688,1.633588,3.152672,-1.312977,1.055894,3.785744,3086,5401,2315,3086,0,71.685,8,damping
1780599160.966127,47.425694000005024,47645,0.020508,-0.041748,1.052734,1.374046,3.038168,-1.435114,1.053761,3.630154,3087,5403,2316,3087,0,71.685,8,damping
1780599160.9963102,47.455877400003374,47676,0.051025,-0.025635,1.047363,1.977099,2.793893,-1.328244,1.048919,3.671375,3088,5406,2318,3088,1,55.777,15,damping
1780599161.028063,47.487630100004026,47707,0.061035,-0.022217,1.049072,1.694656,3.389313,-1.312977,1.051081,4.010388,3093,5413,2320,3093,0,55.777,0,damping
1780599161.0596135,47.51918060000753,47738,0.044434,-0.042236,1.056885,1.862595,2.931298,-1.175572,1.058661,3.66657,3095,5417,2322,3095,0,55.777,1,damping
1780599161.089653,47.54922020000231,47769,0.051514,-0.044678,1.05542,1.694656,3.343511,-1.282443,1.05762,3.961766,3096,5420,2324,3096,1,55.777,15,damping
1780599161.1211028,47.580669900009525,47800,0.048828,-0.0354,1.054443,1.152672,3.160305,-0.954198,1.056167,3.496666,3098,5423,2325,3098,0,55.777,8,damping
1780599161.1532815,47.612848600008874,47832,0.038574,-0.027832,1.061523,1.458015,2.824427,-1.038168,1.062589,3.343799,3100,5428,2328,3100,1,55.777,13,damping
1780599161.1843312,47.64389829999709,47863,0.042969,-0.032959,1.06665,1.847328,3.122137,-1.534351,1.068024,3.938857,3104,5433,2329,3104,0,55.777,8,damping
1780599161.2155287,47.675095900005545,47895,0.04126,-0.025391,1.061523,1.419847,3.236641,-1.091603,1.062628,3.699109,3107,5437,2330,3107,0,55.777,8,damping
1780599161.247192,47.70675900000788,47926,0.041504,-0.01416,1.056885,1.198473,2.648855,-1.541985,1.057794,3.290971,3108,5440,2332,3108,1,80.0,15,damping
1780599161.2793376,47.73890480000409,47958,0.036621,-0.030029,1.054932,1.755725,2.145038,-1.305344,1.055994,3.063932,3118,5451,2333,3118,0,80.0,1,damping
1780599161.3093038,47.76887080000597,47989,0.037109,-0.022461,1.064453,1.687023,2.862595,-1.152672,1.065337,3.51698,3120,5455,2335,3120,0,80.0,1,damping
1780599161.3402784,47.799845500005176,48020,0.049072,-0.040771,1.046387,1.343511,2.748092,-1.236641,1.04833,3.299441,3122,5460,2338,3122,1,80.0,14,damping
1780599161.3714945,47.83106150000822,48050,0.023438,-0.021729,1.046875,1.717557,3.045802,-1.167939,1.047363,3.686596,3129,5468,2339,3129,0,80.0,1,damping
1780599161.401464,47.861031100008404,48081,0.050049,-0.026123,1.061035,1.473282,2.755725,-1.374046,1.062536,3.413588,3130,5470,2340,3130,0,80.0,8,damping
1780599161.4323804,47.89194739999948,48112,0.048828,-0.042969,1.058838,1.694656,3.152672,-1.51145,1.060834,3.885316,3131,5473,2342,3131,1,80.0,15,damping
1780599161.46326,47.922827100002905,48143,0.055176,-0.037109,1.052978,1.625954,3.251908,-1.145038,1.055076,3.81179,3134,5478,2344,3134,0,80.0,0,damping
1780599161.494249,47.953816200009896,48174,0.041992,-0.044922,1.05249,1.847328,2.770992,-1.427481,1.054285,3.623358,3136,5482,2346,3136,0,80.0,0,damping
1780599161.5250182,47.984585199999856,48205,0.048584,-0.037109,1.05542,1.877863,2.503817,-1.412214,1.057189,3.43363,3138,5487,2349,3138,1,107.527,14,damping
1780599161.5556867,48.01525389999733,48236,0.050049,-0.014648,1.050049,1.480916,3.610687,-1.137405,1.051343,4.064955,3140,5490,2350,3140,0,107.527,8,damping
1780599161.5868642,48.046431399998255,48267,0.040527,-0.037109,1.064453,1.259542,3.167939,-1.10687,1.06587,3.584333,3141,5492,2351,3141,0,107.527,8,damping
1780599161.6190548,48.078621900000144,48298,0.034424,-0.022217,1.049072,1.732824,3.580153,-1.038168,1.049872,4.110714,3144,5497,2353,3144,1,107.527,13,damping
1780599161.649524,48.10909100000572,48329,0.039062,-0.033691,1.05127,1.053435,3.396947,-1.229008,1.052534,3.762902,3150,5506,2356,3150,0,107.527,1,damping
1780599161.680541,48.1401082000084,48360,0.036377,-0.022705,1.054199,1.679389,3.083969,-1.412214,1.055071,3.784912,3151,5508,2357,3151,0,107.527,8,damping
1780599161.7266572,48.18622420000611,48391,0.054443,-0.030273,1.058838,1.961832,3.480916,-1.282443,1.060669,4.196453,3153,5511,2358,3153,1,107.527,14,damping
1780599161.7428439,48.20241090000491,48422,0.054688,-0.04126,1.056641,0.839695,2.580153,-1.435114,1.058859,3.0695,3155,5514,2359,3155,0,107.527,8,damping
1780599161.7738516,48.23341880000953,48453,0.051025,-0.050537,1.057861,0.938931,3.129771,-1.290076,1.060296,3.513026,3157,5519,2362,3157,1,107.527,13,damping
1780599161.8047233,48.264290400009486,48484,0.05249,-0.027832,1.058838,2.022901,2.992366,-0.732824,1.060503,3.685568,3161,5524,2363,3161,0,82.437,8,damping
1780599161.8361816,48.295748700009426,48516,0.050537,-0.019531,1.0625,1.91603,3.152672,-1.633588,1.06388,4.03474,3164,5528,2364,3164,0,82.437,8,damping
1780599161.8675053,48.32707250000385,48547,0.038086,-0.036133,1.054932,1.244275,2.557252,-1.770992,1.056237,3.350249,3165,5531,2366,3165,1,82.437,15,damping
1780599161.899551,48.35911790000682,48578,0.032471,-0.037109,1.051758,1.580153,2.526718,-1.641221,1.052913,3.402175,3169,5536,2367,3169,0,82.437,0,damping
1780599161.9298422,48.38940919999732,48609,0.03833,-0.032471,1.058106,1.78626,3.045802,-1.198473,1.059297,3.728803,3171,5540,2369,3171,0,82.437,0,damping
1780599161.9608283,48.42039529999602,48640,0.026611,-0.039551,1.052002,1.580153,3.21374,-1.450382,1.053081,3.863757,3173,5545,2372,3173,1,82.437,14,damping
1780599161.9914331,48.451000300003216,48671,0.031738,-0.015381,1.050049,1.870229,2.954198,-1.320611,1.050641,3.73752,3177,5550,2373,3177,0,82.437,8,damping
1780599162.0230038,48.4825708999997,48702,0.037842,-0.014404,1.060547,1.633588,3.412214,-1.312977,1.06132,4.004463,3178,5552,2374,3178,0,82.437,8,damping
1780599162.052469,48.5120362000016,48733,0.058105,-0.040283,1.052246,1.687023,2.755725,-1.29771,1.054619,3.48197,3179,5555,2376,3179,1,82.437,15,damping
1780599162.0845065,48.544073600001866,48764,0.05249,-0.033447,1.057617,1.519084,2.862595,-1.274809,1.059447,3.482414,3184,5562,2378,3184,0,82.143,0,damping
1780599162.1151567,48.574723800003994,48795,0.040527,-0.044922,1.052734,1.564886,3.030534,-1.030534,1.054472,3.563005,3186,5566,2380,3186,0,82.143,1,damping
1780599162.1464028,48.6059699000034,48826,0.04834,-0.02832,1.054443,1.541985,3.48855,-1.847328,1.055931,4.237962,3187,5569,2382,3187,1,82.143,15,damping
1780599162.1772685,48.636835500001325,48857,0.028076,-0.022217,1.048828,1.587786,3.053435,-1.236641,1.049439,3.657022,3189,5572,2383,3189,0,82.143,8,damping
1780599162.2092495,48.66881660000945,48888,0.057861,-0.033447,1.053223,2.083969,3.244275,-1.435114,1.055341,4.114341,3190,5574,2384,3190,0,82.143,8,damping
1780599162.240305,48.69987189999665,48919,0.034912,-0.031982,1.058838,1.816794,3.526718,-1.664122,1.059896,4.302067,3192,5579,2387,3192,1,82.143,14,damping
1780599162.2700653,48.729632300004596,48950,0.055176,-0.023438,1.060791,1.374046,3.0,-1.381679,1.062484,3.577295,3197,5586,2389,3197,0,82.143,1,damping
1780599162.3003757,48.75994270000956,48980,0.039795,-0.042236,1.053711,1.984733,2.954198,-1.503817,1.055308,3.863666,3198,5588,2390,3198,0,82.143,7,damping
1780599162.331227,48.79079410000122,49011,0.05127,-0.042969,1.055908,1.992366,3.343511,-1.007634,1.058025,4.020438,3199,5591,2392,3199,1,82.143,15,damping
1780599162.3624275,48.821994600002654,49042,0.047852,-0.037354,1.044922,1.40458,2.89313,-1.068702,1.046684,3.388978,3201,5594,2393,3201,0,61.151,7,damping
1780599162.3934398,48.853006899997126,49073,0.045166,-0.033691,1.056152,1.908397,3.427481,-1.335878,1.057654,4.144174,3203,5598,2395,3203,0,61.151,1,damping
1780599162.4252152,48.884782299996004,49104,0.044189,-0.010742,1.062256,2.335878,3.374046,-0.870229,1.063229,4.194974,3206,5603,2397,3206,1,61.151,13,damping
1780599162.4554813,48.91504839999834,49135,0.032471,-0.021729,1.057129,0.961832,2.801527,-1.091603,1.057851,3.156782,3210,5608,2398,3210,0,61.151,7,damping
1780599162.4875548,48.947121899997,49166,0.049072,-0.042725,1.065918,1.557252,3.51145,-1.381679,1.067902,4.0822,3211,5611,2400,3211,1,61.151,15,damping
1780599162.5167665,48.976333700004034,49197,0.044678,-0.035645,1.0625,1.748092,3.0,-1.076336,1.064036,3.635151,3213,5614,2401,3213,0,61.151,8,damping
1780599162.5474033,49.00697040000523,49227,0.026855,-0.02832,1.051514,1.328244,2.687023,-1.251908,1.052238,3.248323,3217,5620,2403,3217,0,61.151,1,damping
1780599162.5787842,49.03835119999712,49258,0.035156,-0.035645,1.050537,1.862595,3.374046,-0.954198,1.051729,3.970383,3220,5627,2407,3220,1,61.151,13,damping
1780599162.6098444,49.069411500007845,49289,0.031006,-0.035156,1.056885,1.80916,2.832061,-0.992366,1.057924,3.504058,3222,5630,2408,3222,0,61.151,8,damping
1780599162.641271,49.10083830000076,49320,0.040039,-0.010742,1.061523,1.10687,3.358779,-1.320611,1.062333,3.774992,3223,5632,2409,3223,0,79.137,8,damping
1780599162.6714156,49.130982700007735,49351,0.051025,-0.021484,1.048828,1.48855,3.045802,-1.526718,1.050288,3.718004,3224,5635,2411,3224,1,79.137,15,damping
1780599162.7026963,49.16226340000867,49382,0.038574,-0.03418,1.05542,1.480916,2.877863,-1.358779,1.056677,3.510197,3229,5642,2413,3229,0,79.137,1,damping
1780599162.7347417,49.19430879999709,49414,0.020752,-0.018555,1.063721,1.793893,2.664122,-1.312977,1.064085,3.469799,3231,5646,2415,3231,0,79.137,1,damping
1780599162.7696557,49.22922280000057,49445,0.044189,-0.033936,1.051025,1.870229,2.618321,-1.564886,1.052501,3.57802,3232,5649,2417,3232,1,79.137,15,damping
1780599162.7963765,49.255943600001046,49476,0.052734,-0.024658,1.053711,1.244275,2.778626,-1.59542,1.055318,3.4372,3234,5652,2418,3234,0,79.137,8,damping
1780599162.8284907,49.288057700003264,49507,0.026855,-0.025146,1.065918,1.129771,2.763359,-1.282443,1.066553,3.249184,3235,5654,2419,3235,0,79.137,8,damping
1780599162.8586686,49.31823560000339,49538,0.048096,-0.029785,1.051758,1.900763,3.091603,-1.244275,1.053278,3.836552,3237,5659,2422,3237,1,79.137,13,damping
1780599162.8910136,49.350580800004536,49569,0.037109,-0.025146,1.05127,1.694656,3.335878,-1.076336,1.052225,3.893384,3242,5666,2424,3242,0,79.137,1,damping
1780599162.920778,49.38034519999928,49600,0.023438,-0.043213,1.053223,1.656489,3.122137,-0.908397,1.054369,3.64923,3243,5668,2425,3243,0,71.429,8,damping
1780599162.9519742,49.411541299996316,49631,0.057861,-0.0354,1.060303,1.641221,3.320611,-1.633588,1.06247,4.048292,3244,5671,2427,3244,1,71.429,15,damping
1780599162.9825258,49.442092900004354,49662,0.051514,-0.014404,1.055176,1.19084,3.29771,-1.59542,1.056531,3.852059,3247,5676,2429,3247,0,71.429,0,damping
1780599163.0117016,49.4712686999992,49692,0.016357,-0.044678,1.05249,1.564886,2.519084,-1.908397,1.053565,3.526561,3249,5680,2431,3249,0,71.429,0,damping
1780599163.0437202,49.50328730000183,49723,0.041748,-0.03418,1.058838,2.053435,3.709924,-1.618321,1.060212,4.538622,3251,5685,2434,3251,1,71.429,13,damping
1780599163.0740511,49.53361830000358,49754,0.057861,-0.033936,1.054688,1.534351,3.122137,-1.442748,1.056818,3.766098,3253,5688,2435,3253,0,71.429,8,damping
1780599163.1056237,49.565190900000744,49785,0.053955,-0.036865,1.056641,1.778626,2.946565,-1.312977,1.058659,3.683702,3254,5690,2436,3254,0,71.429,8,damping
1780599163.1363378,49.5959048000077,49816,0.044434,-0.024658,1.057373,2.29771,3.21374,-1.389313,1.058593,4.187814,3255,5693,2438,3255,1,71.429,15,damping
1780599163.1669888,49.62655600000289,49846,0.046387,-0.03418,1.058594,1.244275,3.427481,-1.145038,1.060161,3.821905,3260,5700,2440,3260,0,71.429,0,damping
1780599163.197284,49.65685100000701,49877,0.034424,-0.036865,1.05835,1.519084,3.022901,-1.381679,1.059551,3.654392,3262,5704,2442,3262,0,68.592,1,damping
1780599163.2278178,49.687384799995925,49908,0.050781,-0.02832,1.052978,1.91603,3.137405,-1.51145,1.054583,3.974791,3263,5707,2444,3263,1,68.592,15,damping
1780599163.2596173,49.71918450000521,49939,0.064697,-0.010742,1.053223,1.458015,2.992366,-1.221374,1.055263,3.545676,3265,5710,2445,3265,0,68.592,8,damping
1780599163.2887871,49.748354199997266,49970,0.0625,-0.030273,1.059326,1.694656,3.022901,-1.229008,1.0616,3.676989,3267,5714,2447,3267,0,68.592,1,damping
1780599163.3201725,49.779739699995844,50000,0.031006,-0.017334,1.057617,1.641221,3.137405,-1.328244,1.058214,3.781686,3269,5719,2450,3269,1,68.592,13,damping
1780599163.351199,49.810765900008846,50031,0.054932,-0.01001,1.061768,1.29771,3.259542,-1.381679,1.063235,3.770637,3273,5724,2451,3273,0,68.592,8,damping
1780599163.3820536,49.84162059999653,50062,0.035156,-0.041992,1.061035,1.648855,2.977099,-1.40458,1.062448,3.681669,3274,5726,2452,3274,0,68.592,8,damping
1780599163.4139078,49.873474899999565,50093,0.052002,-0.041992,1.053223,1.641221,3.503817,-1.885496,1.055341,4.304118,3275,5729,2454,3275,1,68.592,15,damping
1780599163.4442036,49.90377079999598,50124,0.05127,-0.036621,1.051025,1.312977,2.740458,-1.641221,1.052912,3.45364,3278,5734,2456,3278,0,68.592,1,damping
1780599163.4751852,49.93475220000255,50155,0.044189,-0.031738,1.052978,1.671756,3.198473,-1.21374,1.054383,3.807646,3280,5738,2458,3280,0,64.748,1,damping
1780599163.5064936,49.96606069999689,50186,0.044434,-0.020996,1.060303,2.221374,3.358779,-1.442748,1.061441,4.277548,3281,5743,2462,3281,1,64.748,14,damping
1780599163.5354981,49.99506509999628,50217,0.0354,-0.029785,1.05835,1.70229,3.290076,-1.458015,1.05936,3.98098,3283,5746,2463,3283,0,64.748,8,damping
1780599163.5681052,50.027672399999574,50247,0.047852,-0.032227,1.056152,2.122137,3.328244,-1.251908,1.057727,4.141008,3284,5748,2464,3284,0,64.748,8,damping
1780599163.6049879,50.064555000004475,50284,0.033936,-0.03833,1.050781,2.709924,3.374046,-1.259542,1.052028,4.507141,3289,5756,2467,3289,0,64.748,0,damping
1780599163.635272,50.09483909999835,50315,0.013184,-0.03418,1.057373,2.007634,2.984733,-1.526718,1.058008,3.907696,3292,5762,2470,3292,0,64.748,1,damping
1780599163.6663532,50.125920200007386,50346,0.036377,-0.026123,1.047852,1.839695,3.015267,-1.320611,1.048808,3.770985,3293,5765,2472,3293,1,64.748,15,damping
1780599163.697508,50.15707509999629,50377,0.027588,-0.01001,1.05542,1.312977,3.129771,-1.412214,1.055828,3.676102,3295,5768,2473,3295,0,64.748,8,damping
1780599163.7298472,50.18941430000996,50408,0.056152,-0.03418,1.056152,1.664122,3.007634,-1.374046,1.058196,3.701779,3296,5770,2474,3296,0,63.241,8,damping
1780599163.760394,50.21996119999676,50439,0.037598,-0.030029,1.059814,2.099237,3.473282,-1.648855,1.060906,4.380549,3298,5775,2477,3298,1,63.241,13,damping
1780599163.7909446,50.25051169999642,50470,0.060547,-0.040283,1.05957,1.740458,3.381679,-1.175572,1.062063,3.980819,3303,5782,2479,3303,0,63.241,1,damping
1780599163.8276417,50.28720890000113,50501,0.047607,-0.025879,1.055664,1.755725,3.427481,-1.099237,1.057054,4.004812,3304,5784,2480,3304,0,63.241,7,damping
1780599163.8527236,50.312290700007,50532,0.057617,-0.026367,1.060547,1.931298,3.282443,-1.381679,1.062438,4.051343,3306,5787,2481,3306,1,63.241,13,damping
1780599163.8834193,50.34298640000634,50563,0.037354,-0.027344,1.05835,1.625954,2.770992,-1.419847,1.059361,3.512562,3309,5792,2483,3309,0,63.241,0,damping
1780599163.9144194,50.37398659999599,50594,0.03418,-0.0354,1.054443,1.320611,3.015267,-1.305344,1.055591,3.541154,3311,5797,2486,3311,1,63.241,13,damping
1780599163.9458265,50.40539369999897,50625,0.029053,-0.031494,1.056641,1.778626,3.763359,-1.496183,1.057509,4.423228,3316,5804,2488,3316,0,63.241,1,damping
1780599163.9771273,50.436694500007434,50657,0.040771,-0.026855,1.061523,1.496183,3.137405,-1.10687,1.062646,3.647881,3317,5806,2489,3317,0,63.241,8,damping
1780599164.008878,50.46844510000665,50688,0.040527,-0.022461,1.064697,1.412214,3.076336,-1.572519,1.065705,3.732426,3318,5809,2491,3318,1,78.571,14,damping
1780599164.0395267,50.499093799997354,50719,0.04248,-0.029785,1.054932,1.274809,2.610687,-1.694656,1.056207,3.363434,3320,5814,2494,3320,0,78.571,1,damping
1780599164.0713682,50.530935400005546,50751,0.028564,-0.027344,1.060059,1.824428,2.557252,-1.412214,1.060796,3.444186,3322,5818,2496,3322,0,78.571,1,damping
1780599164.1025705,50.56213760000537,50782,0.04541,-0.041748,1.054932,1.671756,2.923664,-1.274809,1.056734,3.601072,3324,5823,2499,3324,1,78.571,13,damping
1780599164.1339102,50.59347720000369,50813,0.060547,-0.030273,1.055176,1.48855,2.900763,-1.030534,1.057345,3.419387,3326,5826,2500,3326,0,78.571,8,damping
1780599164.1643872,50.62395419999666,50844,0.046387,-0.036621,1.064209,1.145038,2.954198,-1.78626,1.065849,3.637186,3327,5828,2501,3327,0,78.571,8,damping
1780599164.1948023,50.65436929999851,50875,0.0625,-0.024658,1.053711,1.89313,3.320611,-1.412214,1.055851,4.074892,3328,5831,2503,3328,1,78.571,15,damping
1780599164.2260396,50.68560680000519,50905,0.048096,-0.025391,1.047363,1.435114,2.938931,-1.374046,1.048774,3.547516,3333,5838,2505,3333,0,78.571,1,damping
1780599164.2563226,50.71588960000372,50936,0.050293,-0.039551,1.063477,1.748092,2.992366,-1.610687,1.0654,3.82157,3335,5842,2507,3335,0,78.571,0,damping
1780599164.2874382,50.747005199998966,50967,0.056641,-0.022217,1.049316,1.572519,3.358779,-1.541985,1.051079,4.016457,3336,5845,2509,3336,1,64.516,15,damping
1780599164.318747,50.77831400001014,50998,0.052246,-0.022949,1.053223,1.473282,3.435115,-1.259542,1.054767,3.944239,3338,5848,2510,3338,0,64.516,8,damping
1780599164.349018,50.808585200007656,51029,0.030762,-0.04248,1.058594,2.328244,3.389313,-1.305344,1.059892,4.314173,3340,5852,2512,3340,0,64.516,1,damping
1780599164.3804793,50.840046400000574,51060,0.040039,-0.021484,1.059814,2.099237,3.022901,-1.610687,1.060788,4.017342,3342,5857,2515,3342,1,64.516,13,damping
1780599164.4113243,50.87089130000095,51091,0.037842,-0.016113,1.053223,1.152672,3.526718,-1.328244,1.054025,3.940891,3346,5862,2516,3346,0,64.516,8,damping
1780599164.442328,50.901895000002696,51122,0.050293,-0.031494,1.05127,1.51145,3.183206,-1.389313,1.052943,3.787806,3347,5864,2517,3347,0,64.516,9,damping
1780599164.473458,50.93302510000649,51153,0.049805,-0.033447,1.056396,1.832061,2.938931,-1.648855,1.058099,3.835686,3348,5867,2519,3348,1,64.516,15,damping
1780599164.504348,50.96391500000027,51184,0.052979,-0.020752,1.060059,1.022901,3.21374,-1.236641,1.061584,3.592177,3351,5872,2521,3351,0,64.516,1,damping
1780599164.5354877,50.9950547000044,51215,0.061523,-0.030762,1.060303,1.89313,3.442748,-1.244275,1.062532,4.121247,3353,5876,2523,3353,0,64.516,1,damping
1780599164.5662074,51.02577449999808,51246,0.042969,-0.031982,1.062988,2.244275,4.061068,-1.335878,1.064337,4.828418,3355,5881,2526,3355,1,68.1,14,damping
1780599164.5972652,51.056832200003555,51277,0.034912,-0.038818,1.058594,1.389313,3.076336,-1.290076,1.05988,3.613631,3357,5884,2527,3357,0,68.1,8,damping
1780599164.6286564,51.08822340000188,51308,0.026123,-0.034424,1.058838,1.358779,3.083969,-1.229008,1.059719,3.587145,3358,5887,2529,3358,1,68.1,15,damping
1780599164.659938,51.11950519999664,51339,0.048828,-0.020264,1.060791,1.78626,3.236641,-0.923664,1.062107,3.810476,3361,5892,2531,3361,0,68.1,8,damping
1780599164.6921954,51.15176249999786,51371,0.03833,-0.021729,1.055664,1.793893,3.442748,-1.022901,1.056583,4.014585,3365,5898,2533,3365,0,68.1,1,damping
1780599164.722322,51.18188910000026,51402,0.029541,-0.01709,1.053955,1.40458,2.587786,-1.557252,1.054507,3.330843,3366,5901,2535,3366,1,68.1,15,damping
1780599164.7541053,51.21367240000109,51434,0.027344,-0.031738,1.064453,1.465649,3.114504,-1.259542,1.065277,3.665338,3377,5913,2536,3377,0,68.1,0,damping
1780599164.7853441,51.244911100002355,51465,0.02417,-0.022461,1.064209,1.755725,3.068702,-1.015267,1.06472,3.678352,3378,5915,2537,3378,0,68.1,8,damping
1780599164.816462,51.276029100001324,51496,0.033691,-0.036377,1.041992,1.656489,3.564885,-1.320611,1.043171,4.146851,3380,5920,2540,3380,1,100.0,13,damping
1780599164.8469899,51.30655700000352,51527,0.044434,-0.025391,1.059814,1.19084,2.816794,-1.59542,1.061049,3.449318,3385,5927,2542,3385,0,100.0,1,damping
1780599164.8782525,51.33781949999684,51558,0.049805,-0.031738,1.063965,1.366412,2.389313,-1.374046,1.065603,3.076346,3386,5929,2543,3386,0,100.0,8,damping
1780599164.9098032,51.36937030000263,51589,0.047363,-0.040771,1.050537,1.900763,2.755725,-1.137405,1.052394,3.53562,3387,5932,2545,3387,1,100.0,14,damping
1780599164.9409204,51.4004874000093,51620,0.035156,-0.02832,1.05542,1.328244,3.206107,-1.259542,1.056385,3.691856,3390,5937,2547,3390,0,100.0,1,damping
1780599164.9716794,51.43124639999587,51651,0.025879,-0.043457,1.05835,1.541985,2.748092,-0.885496,1.059557,3.273198,3392,5941,2549,3392,0,100.0,1,damping
1780599165.0020113,51.461578300004476,51682,0.044189,-0.025879,1.068115,2.328244,3.305344,-1.221374,1.069342,4.223479,3394,5946,2552,3394,1,100.0,13,damping
1780599165.0331507,51.492717800007085,51713,0.05542,-0.020508,1.04126,1.541985,3.312977,-1.251908,1.042935,3.862746,3396,5949,2553,3396,0,100.0,8,damping
1780599165.0646076,51.524174600010156,51744,0.047852,-0.023682,1.062256,1.847328,2.763359,-1.473282,1.063597,3.63584,3397,5951,2554,3397,0,100.0,8,damping
1780599165.0966322,51.556199200000265,51775,0.061768,-0.030762,1.057373,1.610687,2.748092,-1.435114,1.059622,3.49369,3398,5954,2556,3398,1,64.516,15,damping
1780599165.127801,51.58736790000694,51807,0.063477,-0.043213,1.051758,1.549618,2.664122,-1.824428,1.054557,3.581536,3403,5961,2558,3403,0,64.516,0,damping
1780599165.1583433,51.617910500004655,51838,0.04126,-0.036377,1.055908,1.664122,3.10687,-1.167939,1.05734,3.712954,3405,5965,2560,3405,0,64.516,1,damping
1780599165.190213,51.649780100007774,51869,0.05542,-0.026123,1.060303,1.725191,3.435115,-1.328244,1.062071,4.067005,3407,5968,2561,3407,1,64.516,13,damping
1780599165.2218125,51.68137950000528,51901,0.047363,-0.029297,1.055908,1.541985,2.931298,-1.21374,1.057376,3.527519,3409,5971,2562,3409,0,64.516,8,damping
1780599165.2519288,51.71149580000201,51932,0.052246,-0.015625,1.047607,1.70229,3.21374,-1.541985,1.049026,3.950144,3411,5976,2565,3411,1,64.516,13,damping
1780599165.2843611,51.74392809999699,51963,0.045898,-0.037842,1.064941,1.778626,3.236641,-1.282443,1.066602,3.909478,3417,5985,2568,3417,0,64.516,0,damping
1780599165.315367,51.7749341000017,51995,0.057617,-0.026367,1.070801,1.847328,3.114504,-0.992366,1.072674,3.75467,3418,5987,2569,3418,0,64.516,8,damping
1780599165.346919,51.806486100002076,52026,0.030518,-0.039062,1.051025,1.648855,3.236641,-1.374046,1.052194,3.883629,3419,5990,2571,3419,1,83.665,14,damping
1780599165.3768868,51.83645390000311,52057,0.0271,-0.014404,1.058594,1.480916,3.068702,-1.030534,1.059038,3.559782,3421,5993,2572,3421,0,83.665,8,damping
1780599165.408615,51.86818220000714,52088,0.036133,-0.027588,1.058594,1.687023,2.977099,-1.198473,1.059569,3.625673,3423,5997,2574,3423,0,83.665,1,damping
1780599165.439266,51.89883310000005,52119,0.038086,-0.039062,1.052978,1.198473,2.992366,-1.351145,1.054391,3.495166,3425,6002,2577,3425,1,83.665,14,damping
1780599165.4706562,51.93022330000531,52150,0.042725,-0.022949,1.055176,1.503817,2.641221,-1.267176,1.05629,3.292909,3429,6007,2578,3429,0,83.665,8,damping
1780599165.5011191,51.96068610000657,52181,0.050781,-0.0271,1.073975,1.557252,2.938931,-1.19084,1.075516,3.532768,3430,6009,2579,3430,0,83.665,8,damping
1780599165.5326111,51.99217810000118,52212,0.059326,-0.029785,1.055908,2.137405,3.732824,-1.129771,1.057993,4.447343,3431,6012,2581,3431,1,83.665,15,damping
1780599165.563641,52.023208099999465,52243,0.04126,-0.020996,1.053223,1.427481,3.328244,-1.48855,1.05424,3.915442,3436,6019,2583,3436,0,83.665,0,damping
1780599165.5939047,52.05347169999732,52274,0.021973,-0.041748,1.059082,1.91603,3.29771,-1.175572,1.060132,3.990994,3439,6025,2586,3439,0,83.665,0,damping
1780599165.6246355,52.08420250000199,52304,0.052979,-0.0271,1.056152,1.694656,2.732824,-1.251908,1.057828,3.45072,3440,6028,2588,3440,1,75.54,15,damping
1780599165.6550062,52.11457320000045,52335,0.050781,-0.022705,1.059082,1.931298,3.076336,-1.259542,1.060542,3.844502,3442,6031,2589,3442,0,75.54,8,damping
1780599165.6867023,52.14626930000668,52366,0.024902,-0.041016,1.060791,1.587786,3.129771,-1.343511,1.061876,3.757866,3443,6033,2590,3443,0,75.54,8,damping
1780599165.717566,52.17713310000545,52397,0.047119,-0.025879,1.054932,1.877863,3.992366,-1.167939,1.0563,4.563928,3445,6038,2593,3445,1,75.54,13,damping
1780599165.7477503,52.20731730000989,52428,0.039551,-0.00708,1.050049,1.503817,3.145038,-1.167939,1.050817,3.676522,3450,6045,2595,3450,0,75.54,1,damping
1780599165.7794654,52.239032500001485,52459,0.036865,-0.033203,1.058594,1.442748,2.687023,-1.251908,1.059756,3.2968,3451,6047,2596,3451,0,75.54,8,damping
1780599165.8091545,52.268721500004176,52489,0.051758,-0.030762,1.049805,1.78626,3.587786,-1.51145,1.05153,4.283388,3452,6050,2598,3452,1,75.54,15,damping
1780599165.8395717,52.29913880000822,52520,0.046631,-0.007813,1.054199,1.770992,3.374046,-1.183206,1.055259,3.99006,3455,6055,2600,3455,0,75.54,1,damping
1780599165.871285,52.3308520999999,52551,0.025635,-0.032227,1.053467,1.541985,2.793893,-1.305344,1.054271,3.447822,3457,6059,2602,3457,0,75.54,0,damping
1780599165.903119,52.36268610000843,52582,0.044189,-0.025391,1.063232,1.801527,3.51145,-1.618321,1.064453,4.26553,3459,6064,2605,3459,1,68.345,14,damping
1780599165.9336224,52.3931894999987,52613,0.041992,-0.036133,1.050293,1.030534,2.770992,-1.412214,1.051753,3.276392,3461,6067,2606,3461,0,68.345,8,damping
1780599165.964373,52.42394020000938,52644,0.069092,-0.038574,1.066406,1.473282,3.152672,-1.412214,1.069338,3.755562,3462,6069,2607,3462,0,68.345,7,damping
1780599165.9966109,52.45617790000688,52675,0.043945,-0.024414,1.064209,2.328244,3.21374,-1.343511,1.065396,4.189734,3464,6072,2608,3464,1,68.345,14,damping
1780599166.0268657,52.48643289999745,52706,0.044922,-0.033203,1.060547,1.541985,3.610687,-1.305344,1.062017,4.137475,3469,6079,2610,3469,0,68.345,1,damping
1780599166.0573828,52.516949800003204,52737,0.036621,-0.022217,1.071045,1.496183,3.091603,-1.465649,1.071901,3.73426,3471,6083,2612,3471,0,68.345,1,damping
1780599166.089039,52.548606199998176,52768,0.031738,-0.017334,1.05542,1.51145,3.641221,-0.824427,1.056039,4.027736,3473,6086,2613,3473,1,68.345,13,damping
1780599166.1192813,52.5788484000077,52799,0.044189,-0.036621,1.05957,1.435114,2.648855,-1.045802,1.061124,3.188995,3475,6089,2614,3475,0,68.345,8,damping
1780599166.15073,52.61029700000654,52830,0.052979,-0.034668,1.057373,2.083969,3.076336,-1.396947,1.059267,3.969664,3477,6094,2617,3477,1,68.345,14,damping
1780599166.1809056,52.640472600003704,52861,0.045654,-0.031494,1.054688,1.732824,3.0,-1.419847,1.056145,3.744148,3481,6099,2618,3481,0,78.853,8,damping
1780599166.2123559,52.671922900000936,52892,0.040283,-0.024414,1.061768,1.664122,2.59542,-1.603053,1.062812,3.474951,3484,6103,2619,3484,0,78.853,8,damping
1780599166.2440412,52.70360829999845,52923,0.053955,-0.026123,1.053955,2.061069,3.274809,-0.931298,1.055658,3.979911,3485,6106,2621,3485,1,78.853,15,damping
1780599166.2765813,52.736148299998604,52955,0.044189,-0.029541,1.048096,1.48855,2.870229,-1.305344,1.049443,3.48682,3491,6113,2622,3491,0,78.853,0,damping
1780599166.307687,52.76725400000578,52987,0.050781,-0.018311,1.068604,1.679389,2.923664,-1.442748,1.069966,3.667381,3493,6117,2624,3493,0,78.853,1,damping
1780599166.3383253,52.797892300004605,53018,0.036621,-0.042236,1.045654,1.70229,2.89313,-1.206107,1.047148,3.566887,3495,6122,2627,3495,1,78.853,14,damping
1780599166.369464,52.82903090000036,53048,0.037354,-0.021973,1.052246,1.312977,2.916031,-1.48855,1.053138,3.527453,3499,6127,2628,3499,0,78.853,8,damping
1780599166.4004288,52.85999589999847,53080,0.04248,-0.043945,1.056885,1.496183,3.015267,-1.366412,1.058651,3.632834,3500,6129,2629,3500,0,78.853,8,damping
1780599166.4311185,52.89068559999578,53111,0.03833,-0.037354,1.053223,1.48855,3.389313,-1.10687,1.054582,3.863727,3501,6132,2631,3501,1,80.0,15,damping
1780599166.462764,52.922331100009615,53142,0.039062,-0.01416,1.055176,1.801527,3.053435,-1.465649,1.055994,3.836286,3506,6139,2633,3506,0,80.0,1,damping
1780599166.4937615,52.953328500007046,53173,0.041504,-0.041992,1.059082,1.992366,2.801527,-1.137405,1.060726,3.621017,3508,6143,2635,3508,0,80.0,1,damping
1780599166.5249748,52.98454180000408,53204,0.062012,-0.027588,1.061279,2.068702,2.885496,-1.10687,1.063447,3.718976,3509,6146,2637,3509,1,80.0,16,damping
1780599166.5548947,53.01446180000494,53235,0.057129,-0.012695,1.050293,1.587786,3.137405,-1.19084,1.051922,3.712475,3511,6149,2638,3511,0,80.0,7,damping
1780599166.5871713,53.04673850000836,53266,0.060059,-0.04248,1.054688,1.900763,3.236641,-0.885496,1.05725,3.856534,3512,6151,2639,3512,0,80.0,8,damping
1780599166.6174278,53.07699480000883,53297,0.043701,-0.029297,1.057861,1.89313,3.610687,-0.969466,1.059169,4.190568,3514,6156,2642,3514,1,80.0,13,damping
1780599166.6485708,53.10813780000899,53328,0.037842,-0.014893,1.051758,1.19084,2.89313,-1.022901,1.052544,3.291599,3519,6163,2644,3519,0,80.0,1,damping
1780599166.679679,53.13924610000686,53359,0.055664,-0.028076,1.05957,1.557252,2.900763,-1.328244,1.061403,3.550168,3520,6165,2645,3520,0,80.0,8,damping
1780599166.7106786,53.17024570000649,53390,0.050293,-0.029785,1.065186,2.328244,3.312977,-1.10687,1.066788,4.19782,3522,6168,2646,3522,1,75.269,14,damping
1780599166.7417352,53.20130220000283,53421,0.053955,-0.037842,1.055664,1.480916,3.435115,-1.229008,1.057719,3.937459,3524,6171,2647,3524,0,75.269,8,damping
1780599166.7724254,53.23199260000547,53452,0.046143,-0.025391,1.059082,1.587786,2.977099,-1.343511,1.060391,3.631695,3526,6175,2649,3526,0,75.269,1,damping
1780599166.8038695,53.263436599998386,53483,0.041016,-0.019531,1.057129,1.78626,3.557252,-1.160305,1.058104,4.146212,3529,6180,2651,3529,1,75.269,13,damping
1780599166.835149,53.294716200005496,53514,0.025635,-0.025879,1.05542,1.557252,2.526718,-1.10687,1.056048,3.167728,3531,6183,2652,3531,0,75.269,7,damping
1780599166.8662806,53.3258477000054,53545,0.036377,-0.032959,1.057373,1.366412,2.900763,-1.290076,1.058512,3.456271,3532,6186,2654,3532,1,75.269,16,damping
1780599166.8973336,53.35690070000419,53576,0.022949,-0.028809,1.066162,1.480916,3.21374,-1.183206,1.066798,3.731115,3534,6189,2655,3534,0,75.269,7,damping
1780599166.9271147,53.38668180000968,53607,0.047852,-0.019287,1.063477,1.664122,2.839695,-1.29771,1.064727,3.537968,3538,6195,2657,3538,0,75.269,0,damping
1780599166.95904,53.41860699999961,53638,0.049805,-0.041992,1.057861,1.870229,3.351145,-1.251908,1.059865,4.036732,3540,6200,2660,3540,1,75.269,13,damping
1780599166.989706,53.44927300000563,53669,0.022949,-0.032471,1.05957,2.068702,3.030534,-1.221374,1.060316,3.867224,3542,6203,2661,3542,0,71.685,7,damping
1780599167.0202231,53.479790199999115,53700,0.035645,-0.022949,1.066162,1.763359,3.503817,-0.931298,1.067005,4.031561,3543,6205,2662,3543,0,71.685,7,damping
1780599167.0509624,53.510529499995755,53731,0.041992,-0.01709,1.048584,1.793893,2.709924,-1.0,1.049564,3.400256,3544,6208,2664,3544,1,71.685,15,damping
1780599167.08198,53.54154710000148,53761,0.029541,-0.028564,1.064453,1.938931,2.816794,-1.183206,1.065246,3.61853,3548,6214,2666,3548,1,71.685,1,damping
1780599167.1134562,53.57302330000675,53792,0.027588,-0.02417,1.051758,1.671756,3.137405,-0.992366,1.052397,3.690917,3550,6217,2667,3550,0,71.685,8,damping
1780599167.1444151,53.603982300002826,53823,0.043701,-0.012451,1.052002,1.572519,3.061069,-1.450382,1.052983,3.73451,3551,6220,2669,3551,1,71.685,15,damping
1780599167.1756408,53.635207800005446,53854,0.025146,-0.027344,1.054199,1.59542,2.755725,-1.274809,1.054854,3.429945,3553,6223,2670,3553,0,71.685,7,damping
1780599167.2067294,53.66629649999959,53885,0.050293,-0.021484,1.068848,1.687023,2.664122,-1.152672,1.070246,3.357416,3555,6227,2672,3555,0,71.685,0,damping
1780599167.2368393,53.6964064000058,53916,0.062256,-0.021484,1.053711,1.312977,2.687023,-1.229008,1.055767,3.233336,3557,6232,2675,3557,1,71.685,14,damping
1780599167.2681594,53.727726500001154,53947,0.05835,-0.024658,1.062744,1.549618,3.419847,-1.175572,1.06463,3.934291,3561,6237,2676,3561,0,68.345,7,damping
1780599167.2987344,53.75830159999896,53978,0.045654,-0.032227,1.063232,1.641221,2.908397,-1.053435,1.0647,3.501729,3562,6239,2677,3562,0,68.345,7,damping
1780599167.3300219,53.78958890000649,54009,0.020508,-0.034912,1.045166,1.755725,2.877863,-1.259542,1.04595,3.598765,3563,6242,2679,3563,1,68.345,16,damping
1780599167.3622582,53.82182530000864,54040,0.037598,-0.02417,1.050049,1.610687,3.450382,-1.053435,1.051,3.950844,3567,6247,2680,3567,0,68.345,1,damping
1780599167.3924918,53.85205889999634,54072,0.032471,-0.050049,1.054688,1.885496,2.900763,-1.152672,1.056374,3.646666,3569,6251,2682,3569,0,68.345,0,damping
1780599167.42364,53.88320700000622,54103,0.034668,-0.029541,1.058594,1.633588,3.748092,-1.259542,1.059573,4.27823,3570,6254,2684,3570,1,68.345,16,damping
1780599167.4555404,53.91510749999725,54134,0.044434,-0.032715,1.052978,1.938931,3.305344,-0.977099,1.054423,3.954678,3572,6257,2685,3572,0,68.345,7,damping
1780599167.486322,53.94588909999584,54165,0.032227,-0.032471,1.056641,1.534351,2.610687,-0.977099,1.057631,3.181924,3573,6259,2686,3573,0,68.345,8,damping
1780599167.5179732,53.97754020000866,54196,0.054688,-0.026611,1.056885,1.969466,2.908397,-1.236641,1.058633,3.723822,3575,6264,2689,3575,1,68.345,13,damping
1780599167.5485184,54.008085599998594,54227,0.05542,-0.01001,1.060303,0.793893,3.366412,-1.099237,1.061797,3.629231,3580,6271,2691,3580,0,67.857,1,damping
1780599167.5790467,54.03861380000308,54258,0.055908,-0.029053,1.059082,1.564886,3.160305,-0.740458,1.060955,3.603425,3581,6273,2692,3581,0,67.857,8,damping
1780599167.6101305,54.069697600003565,54289,0.04541,-0.037842,1.054443,2.061069,3.580153,-1.236641,1.056099,4.312166,3583,6276,2693,3583,1,67.857,15,damping
1780599167.6413214,54.100888400003896,54320,0.040527,-0.030273,1.053955,1.175572,3.564885,-1.21374,1.055168,3.945066,3585,6279,2694,3585,0,67.857,7,damping
1780599167.6725085,54.13207550000516,54351,0.033691,-0.029785,1.049805,1.435114,3.381679,-1.068702,1.050767,3.82589,3587,6283,2696,3587,0,67.857,0,damping
1780599167.7033198,54.16288679999707,54382,0.044189,-0.016602,1.064453,2.152672,3.099237,-1.221374,1.065499,3.966235,3591,6288,2697,3591,1,67.857,14,damping
1780599167.7337863,54.1933532999974,54413,0.052002,-0.024902,1.05542,1.21374,2.473282,-1.396947,1.056994,3.088972,3593,6291,2698,3593,0,67.857,7,damping
1780599167.7646527,54.224219800002174,54444,0.046875,-0.041016,1.052246,1.442748,3.427481,-1.396947,1.054088,3.972481,3594,6294,2700,3594,1,67.857,16,damping
1780599167.7963834,54.25595050000993,54475,0.04248,-0.033447,1.064453,1.78626,3.091603,-1.587786,1.065825,3.907659,3596,6297,2701,3596,0,67.857,7,damping
1780599167.8278491,54.28741630000877,54507,0.059326,-0.027832,1.061768,1.534351,3.687023,-0.961832,1.063788,4.107736,3600,6303,2703,3600,0,71.429,0,damping
1780599167.8597043,54.319271400003345,54538,0.050537,-0.011963,1.053955,1.091603,2.89313,-1.251908,1.055234,3.336026,3602,6310,2708,3602,1,71.429,14,damping
1780599167.8909037,54.3504707999964,54569,0.05127,-0.023926,1.052978,1.908397,2.984733,-1.244275,1.054497,3.754841,3604,6313,2709,3604,0,71.429,7,damping
1780599167.9228263,54.382393300009426,54600,0.041016,-0.026367,1.068604,1.572519,3.335878,-0.862595,1.069715,3.787475,3605,6315,2710,3605,0,71.429,7,damping
1780599167.9517312,54.41129820000788,54631,0.019043,-0.03125,1.051025,1.458015,2.282443,-1.526718,1.051662,3.109054,3606,6318,2712,3606,1,71.429,16,damping
1780599167.9839246,54.44349180000427,54662,0.039062,-0.022949,1.055664,1.366412,2.992366,-0.908397,1.056636,3.4127,3612,6325,2713,3612,0,71.429,1,damping
1780599168.0152745,54.47484150000673,54694,0.032715,-0.039307,1.054443,1.320611,3.160305,-1.183206,1.055683,3.623744,3614,6329,2715,3614,0,71.429,1,damping
1780599168.0470562,54.506623299996136,54725,0.039551,-0.029785,1.050049,1.687023,2.664122,-1.08397,1.051215,3.334454,3615,6332,2717,3615,1,71.429,16,damping
1780599168.0769393,54.53650650000782,54756,0.05249,-0.031738,1.048096,1.78626,3.351145,-0.900763,1.049889,3.902854,3617,6335,2718,3617,0,71.429,7,damping
1780599168.1082716,54.567838600007235,54787,0.032227,-0.040283,1.061523,1.900763,2.923664,-1.152672,1.062776,3.672787,3619,6339,2720,3619,0,67.857,0,damping
1780599168.1389875,54.59855470000184,54818,0.046143,-0.025391,1.050049,1.618321,3.312977,-1.480916,1.051369,3.973398,3621,6344,2723,3621,1,67.857,14,damping
1780599168.1694412,54.62900840000657,54849,0.037842,-0.007568,1.064209,1.122137,2.877863,-0.961832,1.064908,3.235183,3625,6349,2724,3625,0,67.857,8,damping
1780599168.2019935,54.661560499996995,54880,0.032471,-0.028564,1.058106,1.78626,3.076336,-1.076336,1.058989,3.716593,3626,6351,2725,3626,0,67.857,8,damping
1780599168.231593,54.69115990000137,54911,0.046875,-0.033447,1.059326,1.832061,3.458015,-1.145038,1.06089,4.07743,3628,6354,2726,3628,1,67.857,16,damping
1780599168.2628338,54.722400900005596,54942,0.04541,-0.037109,1.060059,1.206107,3.748092,-1.183206,1.06168,4.111309,3631,6359,2728,3631,0,67.857,0,damping
1780599168.2938643,54.753431400007685,54973,0.04834,-0.031982,1.05542,2.083969,2.89313,-1.267176,1.05701,3.784027,3633,6363,2730,3633,0,67.857,0,damping
1780599168.3253934,54.78496060000907,55004,0.042969,-0.019287,1.060303,2.167939,3.137405,-1.0,1.061348,3.942495,3636,6369,2733,3636,0,67.857,7,damping
1780599168.356049,54.81561620000866,55035,0.053467,-0.025391,1.066406,1.08397,3.068702,-1.328244,1.068048,3.515132,3637,6371,2734,3637,0,67.857,7,damping
1780599168.3876958,54.847262900002534,55066,0.044678,-0.034912,1.05957,1.19084,3.068702,-1.358779,1.061086,3.561083,3638,6374,2736,3638,1,68.1,16,damping
1780599168.4183478,54.87791500000458,55097,0.05249,-0.037354,1.067627,1.458015,3.312977,-1.526718,1.069569,3.928421,3640,6377,2737,3640,0,68.1,7,damping
1780599168.4502075,54.90977450000355,55129,0.060303,-0.029053,1.056396,1.480916,3.328244,-0.938931,1.058515,3.761903,3641,6379,2738,3641,0,68.1,7,damping
1780599168.479586,54.93915299999935,55160,0.056396,-0.015381,1.056885,1.541985,3.29771,-1.549618,1.0585,3.956504,3642,6382,2740,3642,1,68.1,16,damping
1780599168.510656,54.97022309999738,55190,0.024902,-0.024902,1.059082,1.633588,2.465649,-1.450382,1.059667,3.294183,3644,6385,2741,3644,0,68.1,7,damping
1780599168.542778,55.00234520000231,55221,0.048828,-0.019531,1.06543,1.687023,2.992366,-0.946565,1.066727,3.563185,3645,6387,2742,3645,0,68.1,7,damping
1780599168.5727863,55.032353300004615,55252,0.055176,-0.016357,1.05542,1.29771,2.427481,-1.358779,1.056988,3.06969,3647,6392,2745,3647,1,68.1,13,damping
1780599168.603542,55.06310919999669,55283,0.03125,-0.028564,1.058838,1.618321,2.473282,-1.832061,1.059684,3.477432,3650,6397,2747,3650,0,68.1,0,damping
1780599168.6351159,55.09468300000299,55314,0.056396,-0.032959,1.06665,1.274809,3.259542,-0.854962,1.068649,3.602876,3651,6399,2748,3651,0,68.1,7,damping
1780599168.6665237,55.126090699995984,55345,0.0271,-0.037354,1.053711,1.320611,3.030534,-1.022901,1.054721,3.460416,3652,6402,2750,3652,1,50.179,15,damping
1780599168.6975996,55.15716679999605,55376,0.029785,-0.020752,1.049316,1.89313,2.709924,-1.160305,1.049944,3.503418,3654,6405,2751,3654,0,50.179,7,damping
1780599168.7281418,55.18770890000451,55407,0.054443,-0.033203,1.062988,1.938931,2.900763,-0.977099,1.064899,3.623342,3655,6407,2752,3655,0,50.179,6,damping
1780599168.7597966,55.21936370000185,55438,0.042969,-0.036133,1.050293,1.954198,2.671756,-1.40458,1.051792,3.595833,3656,6410,2754,3656,1,50.179,16,damping
1780599168.7900395,55.24960650000139,55469,0.058594,-0.030762,1.05127,1.625954,3.076336,-1.076336,1.05335,3.642261,3658,6413,2755,3658,0,50.179,7,damping
1780599168.8209612,55.28052820000448,55500,0.036377,-0.02002,1.060059,1.160305,2.961832,-1.458015,1.060872,3.499224,3659,6415,2756,3659,0,50.179,7,damping
1780599168.8518631,55.31143030000385,55531,0.05957,-0.036865,1.053223,1.694656,3.145038,-1.091603,1.05555,3.735602,3660,6418,2758,3660,1,50.179,16,damping
1780599168.882788,55.34235500000068,55562,0.050293,-0.032471,1.048828,1.687023,3.541985,-1.045802,1.050535,4.060222,3664,6423,2759,3664,0,50.179,7,damping
1780599168.9130712,55.37263830000302,55593,0.026855,-0.043945,1.054688,2.091603,3.40458,-0.961832,1.055944,4.109877,3666,6427,2761,3666,0,50.179,0,damping
1780599168.9449878,55.40455479999946,55624,0.035889,-0.023438,1.05542,1.969466,3.038168,-1.0,1.05629,3.756229,3667,6430,2763,3667,1,53.763,16,damping
1780599168.976834,55.436401200000546,55655,0.043213,-0.001221,1.062744,1.381679,3.343511,-0.847328,1.063623,3.715652,3669,6433,2764,3669,0,53.763,7,damping
1780599169.0076835,55.46725050000532,55686,0.061523,-0.034668,1.055664,1.725191,2.610687,-1.282443,1.058023,3.381808,3670,6435,2765,3670,0,53.763,7,damping
1780599169.0392,55.498767099998076,55717,0.055176,-0.033203,1.05957,1.900763,3.091603,-1.244275,1.061525,3.836552,3673,6440,2767,3673,1,53.763,14,damping
1780599169.0705423,55.53010930000164,55749,0.03833,-0.021729,1.059814,1.229008,3.183206,-1.351145,1.06073,3.669994,3675,6443,2768,3675,0,53.763,7,damping
1780599169.100868,55.56043500000669,55780,0.048828,-0.043213,1.060547,1.778626,3.076336,-1.877863,1.062549,4.01917,3676,6445,2769,3676,0,53.763,6,damping
1780599169.1318676,55.591434700007085,55811,0.04248,-0.023682,1.065918,1.938931,2.793893,-1.381679,1.067027,3.67074,3679,6449,2770,3679,0,53.763,7,damping
1780599169.1639671,55.623534199999995,55842,0.04126,-0.024902,1.059814,1.358779,3.351145,-1.274809,1.06091,3.834265,3680,6451,2771,3680,0,53.763,7,damping
1780599169.2005458,55.660112900004606,55879,0.056152,-0.026611,1.050293,1.732824,3.641221,-1.40458,1.05213,4.270131,3681,6454,2773,3681,1,54.902,16,damping
1780599169.231065,55.69063219999953,55910,0.038086,-0.028564,1.059814,1.236641,3.206107,-1.038168,1.060883,3.589735,3683,6457,2774,3683,0,54.902,7,damping
1780599169.262708,55.72227500000736,55941,0.051758,-0.049805,1.053711,1.419847,3.312977,-1.419847,1.056156,3.873984,3684,6459,2775,3684,0,54.902,6,damping
1780599169.2935655,55.75313260000257,55972,0.037598,-0.036133,1.054199,1.885496,2.961832,-1.068702,1.055488,3.670105,3687,6463,2776,3687,0,54.902,7,damping
1780599169.3250086,55.78457580000395,56004,0.044189,-0.022461,1.064697,1.534351,2.954198,-1.29771,1.06585,3.572894,3689,6467,2778,3689,0,54.902,1,damping
1780599169.3571007,55.81666789999872,56035,0.036377,-0.037354,1.055664,1.267176,2.908397,-1.442748,1.056951,3.485115,3690,6470,2780,3690,1,54.902,17,damping
1780599169.388455,55.848022000005585,56067,0.042969,-0.018799,1.05249,1.458015,2.625954,-1.206107,1.053535,3.236686,3694,6475,2781,3694,0,54.902,7,damping
1780599169.4200494,55.879616600010195,56099,0.028076,-0.047852,1.059326,1.48855,2.923664,-1.473282,1.060778,3.596408,3695,6477,2782,3695,0,54.902,7,damping
1780599169.451908,55.911475200002315,56130,0.058105,-0.026855,1.058838,1.687023,3.152672,-1.114504,1.060771,3.745331,3696,6480,2784,3696,1,59.761,16,damping
1780599169.4822571,55.9418241000094,56161,0.042236,-0.011475,1.056396,1.412214,3.114504,-1.175572,1.057303,3.616138,3698,6483,2785,3698,0,59.761,7,damping
1780599169.5129738,55.972540800008574,56192,0.058105,-0.041504,1.051025,1.847328,3.419847,-1.045802,1.053448,4.025131,3699,6485,2786,3699,0,59.761,7,damping
1780599169.544149,56.003716100007296,56223,0.034424,-0.027344,1.053955,1.839695,3.129771,-1.328244,1.054871,3.86577,3701,6488,2787,3701,1,59.761,15,damping
1780599169.575661,56.03522790000716,56254,0.036133,-0.013916,1.053711,1.328244,3.19084,-0.748092,1.054422,3.536288,3703,6491,2788,3703,0,59.761,7,damping
1780599169.6061301,56.065697199999704,56285,0.037354,-0.02002,1.05542,1.91603,3.206107,-0.992366,1.05627,3.864594,3704,6493,2789,3704,0,59.761,7,damping
1780599169.6370552,56.09662229999958,56316,0.049805,-0.027344,1.05957,2.312977,3.328244,-1.259542,1.061093,4.244234,3707,6498,2791,3707,1,59.761,13,damping
1780599169.66743,56.12699689999863,56347,0.057617,-0.04126,1.055908,1.229008,3.496183,-1.40458,1.058284,3.963156,3710,6503,2793,3710,0,59.761,1,damping
1780599169.6992486,56.158815700007835,56378,0.043213,-0.040039,1.065674,1.435114,3.145038,-1.412214,1.067301,3.734323,3711,6505,2794,3711,0,59.761,6,damping
1780599169.730777,56.19034410000313,56409,0.05542,-0.032471,1.06543,1.709924,3.061069,-1.251908,1.067364,3.723071,3714,6509,2795,3714,0,64.516,7,damping
1780599169.7628975,56.222464599995874,56441,0.050049,-0.018066,1.062256,1.19084,2.618321,-1.229008,1.063588,3.127964,3715,6511,2796,3715,0,64.516,7,damping
1780599169.79255,56.25211709999712,56472,0.070068,-0.03125,1.05957,1.175572,2.870229,-1.381679,1.062344,3.395471,3717,6516,2799,3717,1,64.516,13,damping
1780599169.8243828,56.28394979999575,56503,0.044922,-0.030273,1.059326,1.587786,2.877863,-1.885496,1.06071,3.789229,3719,6520,2801,3719,1,64.516,3,damping
1780599169.8554347,56.31500180000148,56534,0.052246,-0.037109,1.062988,1.717557,3.083969,-0.984733,1.064918,3.664774,3721,6523,2802,3721,0,64.516,6,damping
1780599169.8853436,56.34491060000437,56565,0.019043,-0.032227,1.057617,1.175572,3.0,-1.633588,1.058279,3.612559,3722,6526,2804,3722,1,64.516,16,damping
1780599169.916133,56.37569990000338,56595,0.050781,-0.035645,1.060791,1.526718,2.946565,-1.580153,1.062604,3.675594,3724,6529,2805,3724,0,64.516,7,damping
1780599169.9471374,56.40670439999667,56626,0.054932,-0.031982,1.068604,1.450382,3.21374,-0.900763,1.070492,3.639108,3725,6531,2806,3725,0,64.516,7,damping
1780599169.9775805,56.43714760000876,56657,0.031494,-0.027832,1.062256,1.534351,2.763359,-1.358779,1.063087,3.440446,3726,6534,2808,3726,1,64.516,16,damping
1780599170.0092883,56.46885540000221,56688,0.030518,-0.022217,1.064697,1.717557,2.740458,-1.114504,1.065366,3.420853,3728,6537,2809,3728,0,50.179,7,damping
1780599170.0402322,56.49979919999896,56719,0.035156,-0.016602,1.072022,1.885496,3.10687,-1.328244,1.072726,3.869363,3729,6539,2810,3729,0,50.179,7,damping
1780599170.0705228,56.53008989999944,56750,0.03125,-0.040771,1.046875,1.458015,3.083969,-1.374046,1.048135,3.677591,3730,6542,2812,3730,1,50.179,16,damping
1780599170.1010172,56.560584300008486,56780,0.05127,-0.023193,1.063721,1.824428,2.80916,-1.305344,1.065208,3.594974,3734,6547,2813,3734,0,50.179,7,damping
1780599170.1328464,56.59241350000957,56811,0.047607,-0.028564,1.071289,1.854962,3.038168,-1.122137,1.072727,3.732364,3736,6551,2815,3736,0,50.179,1,damping
1780599170.1639032,56.623470400008955,56842,0.053955,-0.04126,1.063232,1.419847,2.862595,-1.022901,1.0654,3.355107,3737,6554,2817,3737,1,50.179,16,damping
1780599170.1949356,56.65450260000944,56873,0.030518,-0.022705,1.056641,1.580153,2.862595,-1.366412,1.057325,3.543786,3739,6557,2818,3739,0,50.179,7,damping
1780599170.2252996,56.68486660000053,56904,0.027832,-0.026123,1.060303,1.770992,2.740458,-1.351145,1.06099,3.531588,3740,6559,2819,3740,0,50.179,7,damping
1780599170.2557733,56.71534039999824,56935,0.054199,-0.0354,1.054199,2.007634,2.480916,-0.931298,1.056185,3.324583,3742,6564,2822,3742,1,50.179,13,damping
1780599170.2874916,56.74705859999813,56966,0.052979,-0.016602,1.050049,1.78626,2.877863,-1.122137,1.051515,3.568194,3745,6569,2824,3745,0,61.151,1,damping
1780599170.3185267,56.77809390000766,56997,0.046143,-0.043213,1.053467,2.198473,3.221374,-1.076336,1.055362,4.045866,3746,6571,2825,3746,0,61.151,7,damping
1780599170.3490214,56.80858860000444,57028,0.053955,-0.015137,1.060303,1.816794,2.801527,-1.465649,1.061782,3.646562,3748,6574,2826,3748,1,61.151,15,damping
1780599170.3809783,56.840545400002156,57059,0.054932,-0.030518,1.056152,1.08397,3.244275,-1.19084,1.05802,3.621934,3750,6577,2827,3750,0,61.151,7,damping
1780599170.4113648,56.87093190000451,57090,0.044189,-0.0271,1.058106,1.725191,3.351145,-1.366412,1.059374,4.009182,3751,6579,2828,3751,0,61.151,6,damping
1780599170.441704,56.9012711999967,57121,0.037842,-0.035889,1.05127,1.961832,3.465649,-1.160305,1.052562,4.147989,3753,6582,2829,3753,1,61.151,14,damping
1780599170.4731796,56.93274659999588,57152,0.05542,-0.040527,1.052734,1.496183,2.473282,-1.496183,1.054971,3.254881,3755,6585,2830,3755,0,61.151,7,damping
1780599170.5037086,56.963275600006455,57183,0.0354,-0.030762,1.04834,1.717557,3.061069,-1.534351,1.049388,3.830715,3756,6587,2831,3756,0,61.151,6,damping
1780599170.5351908,56.99475800000073,57214,0.050049,-0.017822,1.060791,1.717557,3.274809,-0.839695,1.062121,3.792026,3759,6591,2832,3759,0,61.151,6,damping
1780599170.5661416,57.0257086000056,57245,0.046875,-0.031738,1.059326,1.343511,2.801527,-1.10687,1.060838,3.298293,3762,6595,2833,3762,0,60.932,6,damping
1780599170.5973997,57.05696689999604,57276,0.057373,-0.038818,1.059082,1.59542,2.984733,-1.198473,1.061345,3.590311,3764,6600,2836,3764,1,60.932,13,damping
1780599170.6291478,57.08871490000456,57307,0.053955,-0.037109,1.074219,2.022901,3.007634,-0.870229,1.076213,3.727638,3766,6603,2837,3766,0,60.932,7,damping
1780599170.6585026,57.11806960000831,57338,0.043457,-0.020508,1.062012,1.389313,3.496183,-1.015267,1.063098,3.896698,3767,6605,2838,3767,0,60.932,6,damping
1780599170.6911142,57.15068130000145,57369,0.046143,-0.018799,1.053955,1.877863,3.412214,-1.152672,1.055132,4.0618,3768,6608,2840,3768,1,60.932,16,damping
1780599170.7332306,57.19279760000063,57401,0.049072,-0.020508,1.057129,1.19084,2.946565,-1.290076,1.058466,3.429962,3774,6615,2841,3774,0,60.932,0,damping
1780599170.7532704,57.212837500002934,57432,0.044922,-0.030029,1.05957,1.969466,2.992366,-1.473282,1.060947,3.87345,3775,6617,2842,3775,0,60.932,7,damping
1780599170.7840722,57.24363930000982,57463,0.022705,-0.035889,1.047607,1.908397,2.778626,-1.48855,1.048468,3.684904,3776,6620,2844,3776,1,60.932,16,damping
1780599170.8151705,57.27473750000354,57494,0.02832,-0.021484,1.05835,1.244275,3.053435,-1.51145,1.058946,3.627143,3778,6623,2845,3778,0,60.932,6,damping
1780599170.8465478,57.306114799997886,57525,0.032959,-0.027344,1.060791,1.160305,2.954198,-1.541985,1.061655,3.528642,3779,6625,2846,3779,0,60.714,7,damping
1780599170.876635,57.33620210000663,57556,0.045166,-0.041748,1.052246,1.969466,2.427481,-1.374046,1.054042,3.414595,3780,6628,2848,3780,1,60.714,16,damping
1780599170.9081764,57.36774339999829,57587,0.047119,-0.011719,1.050781,1.679389,2.89313,-0.862595,1.051902,3.454652,3782,6631,2849,3782,0,60.714,7,damping
1780599170.939212,57.39877919999708,57618,0.044434,-0.05249,1.053711,1.938931,2.778626,-1.381679,1.055953,3.659133,3783,6633,2850,3783,0,60.714,6,damping
1780599170.9700713,57.42963830000372,57649,0.044922,-0.021484,1.057373,2.343511,2.862595,-1.251908,1.058545,3.905608,3784,6636,2852,3784,1,60.714,16,damping
1780599171.0014758,57.461043000002974,57680,0.038818,-0.008057,1.053955,1.122137,3.458015,-1.458015,1.0547,3.916998,3787,6641,2854,3787,0,60.714,0,damping
1780599171.0328088,57.49237590000848,57711,0.037842,-0.036865,1.049072,1.648855,2.954198,-1.251908,1.050402,3.607393,3788,6643,2855,3788,0,60.714,7,damping
1780599171.062765,57.522331900006975,57742,0.033447,-0.0354,1.054688,1.877863,3.40458,-1.351145,1.055811,4.116203,3791,6648,2857,3791,1,60.714,14,damping
1780599171.094365,57.55393200000981,57773,0.053223,-0.03418,1.059082,1.473282,2.671756,-1.145038,1.060969,3.258827,3793,6651,2858,3793,0,60.714,7,damping
1780599171.1255465,57.585113599998294,57804,0.0354,-0.027832,1.048096,1.793893,3.030534,-1.290076,1.049063,3.750532,3794,6653,2859,3794,0,53.763,7,damping
1780599171.1564302,57.61599720000231,57835,0.050049,-0.021484,1.064209,1.70229,3.129771,-1.053435,1.065602,3.715237,3797,6657,2860,3797,0,53.763,7,damping
1780599171.1874194,57.646986400010064,57866,0.03833,-0.036377,1.054443,1.061069,3.877863,-1.0,1.055767,4.142908,3798,6659,2861,3798,0,53.763,7,damping
1780599171.2191486,57.67871580000792,57897,0.059326,-0.048584,1.046143,1.549618,2.961832,-0.946565,1.048949,3.474155,3799,6662,2863,3799,1,53.763,16,damping
1780599171.2491627,57.708729799996945,57928,0.056885,-0.033691,1.064941,1.763359,3.442748,-1.351145,1.066992,4.09726,3801,6665,2864,3801,0,53.763,7,damping
1780599171.2799828,57.739549899997655,57959,0.043457,-0.022461,1.060303,1.389313,3.473282,-1.320611,1.061431,3.967102,3802,6667,2865,3802,0,53.763,7,damping
1780599171.3107996,57.77036660000158,57990,0.050781,-0.04248,1.05957,1.70229,3.450382,-1.412214,1.061637,4.098448,3804,6672,2868,3804,1,53.763,14,damping
1780599171.3432114,57.802778500001295,58021,0.029785,-0.029541,1.05249,2.114504,2.938931,-1.564886,1.053326,3.944276,3806,6676,2870,3806,1,53.763,2,damping
1780599171.3747747,57.8343418000004,58053,0.040283,-0.023926,1.062012,1.80916,2.916031,-1.061069,1.063045,3.591958,3808,6679,2871,3808,0,53.763,7,damping
1780599171.40597,57.865537200006656,58085,0.028076,-0.03418,1.055176,1.603053,3.458015,-1.091603,1.056102,3.96475,3809,6682,2873,3809,1,53.381,16,damping
1780599171.4375274,57.89709460000449,58116,0.043213,-0.025391,1.05127,1.931298,3.427481,-1.061069,1.052464,4.074728,3811,6685,2874,3811,0,53.381,7,damping
1780599171.4687667,57.92833370000881,58147,0.023682,-0.043457,1.057129,1.549618,3.083969,-1.221374,1.058287,3.661139,3813,6689,2876,3813,0,53.381,1,damping
1780599171.5001476,57.95971470000222,58178,0.045654,-0.026855,1.060547,1.694656,3.312977,-1.282443,1.061869,3.936031,3814,6692,2878,3814,1,53.381,16,damping
1780599171.5306308,57.990197799997986,58209,0.041016,-0.014404,1.056641,1.51145,3.015267,-1.351145,1.057534,3.633443,3818,6697,2879,3818,0,53.381,7,damping
1780599171.5618672,58.021434299997054,58240,0.037598,-0.041748,1.058594,1.549618,2.732824,-1.549618,1.060084,3.502994,3819,6699,2880,3819,0,53.381,7,damping
1780599171.592448,58.052015000008396,58271,0.050781,-0.031738,1.058106,1.854962,3.366412,-1.618321,1.059799,4.17044,3821,6702,2881,3821,1,53.381,15,damping
1780599171.6225786,58.082145799999125,58302,0.041748,-0.014893,1.058106,1.08397,2.671756,-1.458015,1.059034,3.230956,3823,6705,2882,3823,0,53.381,7,damping
1780599171.6545212,58.11408840000513,58333,0.039307,-0.025635,1.057373,1.961832,3.183206,-1.167939,1.058414,3.917354,3824,6707,2883,3824,0,53.381,6,damping
1780599171.6855779,58.14514490000147,58364,0.041016,-0.02124,1.050781,2.114504,3.236641,-1.137405,1.051796,4.02997,3826,6710,2884,3826,1,60.932,16,damping
1780599171.7171578,58.17672489999677,58395,0.036865,-0.039551,1.058838,1.412214,2.625954,-1.045802,1.060217,3.159696,3828,6713,2885,3828,0,60.932,6,damping
1780599171.747095,58.20666219999839,58426,0.053223,-0.024414,1.045654,1.656489,3.061069,-1.351145,1.047292,3.733589,3829,6715,2886,3829,0,60.932,6,damping
1780599171.7788131,58.23838009999599,58457,0.05127,-0.03125,1.061035,1.969466,3.152672,-1.175572,1.062733,3.898731,3832,6721,2889,3832,0,60.932,7,damping
1780599171.8169234,58.27649040000688,58488,0.052002,-0.030518,1.053955,1.022901,3.664122,-1.122137,1.055678,3.966271,3834,6725,2891,3834,0,60.932,0,damping
1780599171.8404875,58.300054499995895,58519,0.033447,-0.047852,1.054199,1.534351,3.122137,-0.78626,1.055815,3.566536,3835,6727,2892,3835,1,60.932,5,damping
1780599171.8713078,58.33087489999889,58550,0.036621,-0.027832,1.054932,1.801527,3.419847,-1.099237,1.055934,4.018604,3838,6731,2893,3838,0,60.932,7,damping
1780599171.9028351,58.36240230000112,58581,0.039551,-0.022217,1.064209,1.412214,2.854962,-1.030534,1.065175,3.347709,3839,6733,2894,3839,0,60.932,7,damping
1780599171.9331863,58.392753300009645,58612,0.038818,-0.026123,1.049561,2.022901,3.030534,-1.21374,1.050603,3.840499,3840,6736,2896,3840,1,60.932,16,damping
1780599171.9641542,58.42372130000149,58643,0.057861,-0.03125,1.058594,1.541985,2.755725,-1.099237,1.060634,3.34366,3842,6739,2897,3842,0,57.348,7,damping
1780599171.9953907,58.454957699999795,58674,0.039551,-0.035889,1.067627,1.458015,3.358779,-1.343511,1.068962,3.900285,3843,6741,2898,3843,0,57.348,7,damping
1780599172.0260553,58.48562249999668,58705,0.052246,-0.032959,1.05542,1.381679,3.0,-1.496183,1.057226,3.625962,3844,6744,2900,3844,1,57.348,16,damping
1780599172.0575633,58.51713039999595,58736,0.027344,-0.029785,1.051514,1.648855,3.022901,-1.259542,1.052291,3.666483,3847,6749,2902,3847,0,57.348,1,damping
1780599172.0897398,58.54930690000765,58768,0.043945,-0.019531,1.067139,1.641221,3.244275,-1.335878,1.068222,3.873435,3848,6751,2903,3848,0,57.348,7,damping
1780599172.1204536,58.580020599998534,58799,0.053711,-0.036865,1.051758,1.709924,2.633588,-1.51145,1.053773,3.48484,3850,6756,2906,3850,1,57.348,13,damping
1780599172.1514661,58.61103320000984,58830,0.03833,-0.030762,1.057373,1.580153,2.977099,-1.015267,1.058515,3.520052,3852,6759,2907,3852,0,57.348,7,damping
1780599172.1827292,58.64229620000697,58861,0.025879,-0.040283,1.057129,1.389313,2.931298,-1.351145,1.058213,3.514014,3853,6761,2908,3853,0,57.348,7,damping
1780599172.2138605,58.67342770000687,58892,0.047607,-0.024902,1.053223,2.137405,3.725191,-1.160305,1.054592,4.448804,3854,6764,2910,3854,1,57.348,16,damping
1780599172.2450492,58.70461640000576,58923,0.04248,-0.003418,1.057373,0.80916,2.992366,-1.366412,1.058232,3.387636,3858,6769,2911,3858,0,57.143,7,damping
1780599172.2745357,58.73410280000826,58954,0.047119,-0.043213,1.058594,1.78626,2.969466,-1.137405,1.060523,3.64721,3860,6773,2913,3860,0,57.143,1,damping
1780599172.3071895,58.76675660000183,58985,0.049805,-0.040283,1.056885,2.015267,3.061069,-0.969466,1.058824,3.790951,3861,6776,2915,3861,1,57.143,16,damping
1780599172.3372805,58.79684769999585,59016,0.058105,-0.036377,1.05957,1.251908,2.847328,-1.465649,1.061786,3.438412,3863,6779,2916,3863,0,57.143,7,damping
1780599172.3695903,58.82915740000317,59047,0.043213,-0.029541,1.053955,1.633588,2.954198,-1.603053,1.055254,3.737068,3864,6781,2917,3864,0,57.143,6,damping
1780599172.4000123,58.859579299998586,59078,0.031494,-0.035156,1.052734,2.305344,3.572519,-0.946565,1.053792,4.355856,3866,6784,2918,3866,1,57.143,15,damping
1780599172.4306269,58.890193900006125,59109,0.031494,-0.030273,1.042725,1.496183,3.091603,-1.122137,1.043639,3.613276,3868,6787,2919,3868,0,57.143,6,damping
1780599172.4608111,58.92037829999754,59140,0.034424,-0.019775,1.057617,1.526718,2.984733,-1.328244,1.058362,3.606068,3869,6789,2920,3869,0,57.143,5,damping
1780599172.4937212,58.953288400007295,59171,0.053955,-0.029541,1.055176,1.625954,3.465649,-1.351145,1.056967,4.059562,3872,6793,2921,3872,0,57.143,7,damping
1780599172.5235586,58.983125700004166,59203,0.046631,-0.03125,1.055908,1.572519,3.549618,-1.21374,1.057399,4.06765,3874,6797,2923,3874,0,57.143,0,damping
1780599172.5542154,59.01378239999758,59233,0.044189,-0.045166,1.056396,1.435114,3.244275,-1.221374,1.058284,3.751883,3875,6799,2924,3875,1,57.143,5,damping
1780599172.5862124,59.04577939999581,59264,0.054688,-0.027588,1.068359,2.061069,2.526718,-1.206107,1.070114,3.476636,3880,6805,2925,3880,0,57.143,7,damping
1780599172.6168792,59.076446400009445,59295,0.039062,-0.023926,1.066406,1.679389,3.442748,-1.473282,1.06739,4.104074,3881,6807,2926,3881,0,57.143,7,damping
1780599172.64738,59.10694730000978,59326,0.052246,-0.021484,1.057373,1.70229,3.335878,-1.427481,1.058881,4.007939,3882,6810,2928,3882,1,57.143,16,damping
1780599172.67826,59.13782709999941,59357,0.04541,-0.032471,1.056396,1.709924,2.969466,-1.053435,1.05787,3.58487,3884,6813,2929,3884,0,57.143,7,damping
1780599172.7092073,59.1687743000075,59388,0.057129,-0.029053,1.069092,1.557252,2.824427,-0.870229,1.071011,3.340617,3885,6815,2930,3885,0,57.143,7,damping
1780599172.739502,59.19906910001009,59419,0.057861,-0.028564,1.060303,1.389313,3.152672,-1.19084,1.062264,3.64522,3886,6818,2932,3886,1,57.143,16,damping
1780599172.7711568,59.23072380000667,59450,0.035889,-0.028564,1.061523,1.679389,3.045802,-1.251908,1.062514,3.696557,3888,6821,2933,3888,0,57.143,7,damping
1780599172.802891,59.262458099998184,59481,0.038574,-0.040039,1.057373,1.732824,3.053435,-0.900763,1.058834,3.624572,3889,6823,2934,3889,0,53.957,7,damping
1780599172.833973,59.29354009999952,59512,0.049316,-0.031006,1.057861,1.694656,2.610687,-1.274809,1.059464,3.363434,3891,6828,2937,3891,1,53.957,14,damping
1780599172.8649492,59.324516399996355,59543,0.037109,-0.015381,1.044678,1.541985,2.954198,-1.167939,1.04545,3.531159,3894,6833,2939,3894,0,53.957,0,damping
1780599172.8954127,59.35497970000142,59574,0.049805,-0.020264,1.063232,1.656489,2.717557,-0.946565,1.064591,3.3204,3895,6835,2940,3895,0,53.957,6,damping
1780599172.9250677,59.384634800007916,59604,0.050781,-0.029297,1.063232,1.343511,3.0,-1.137405,1.064848,3.47832,3896,6838,2942,3896,1,53.957,17,damping
1780599172.9568243,59.4163913000084,59635,0.032471,-0.017334,1.057617,2.015267,2.541985,-1.251908,1.058257,3.477106,3898,6841,2943,3898,0,53.957,6,damping
1780599172.9872224,59.44678959999874,59666,0.040527,-0.016113,1.064209,1.862595,3.251908,-0.801527,1.065102,3.832312,3899,6843,2944,3899,0,53.957,6,damping
1780599173.0184848,59.478051900005084,59697,0.026367,-0.038574,1.053223,1.80916,3.305344,-0.549618,1.054259,3.807944,3900,6846,2946,3900,1,53.957,17,damping
1780599173.0499887,59.50955590000376,59728,0.052734,-0.025879,1.059082,1.519084,2.824427,-1.152672,1.06071,3.407882,3902,6849,2947,3902,0,53.957,7,damping
1780599173.0808449,59.54041200000211,59759,0.050049,-0.03833,1.066162,1.40458,2.603053,-1.145038,1.068024,3.171726,3903,6851,2948,3903,0,50.36,7,damping
1780599173.1117647,59.57133180000528,59790,0.04834,-0.043457,1.052002,1.679389,2.625954,-1.335878,1.054008,3.391246,3904,6854,2950,3904,1,50.36,16,damping
1780599173.1428478,59.60241479999968,59821,0.046631,-0.030029,1.063477,1.580153,3.374046,-0.824427,1.064922,3.815855,3908,6859,2951,3908,0,50.36,7,damping
1780599173.173487,59.6330539000046,59852,0.038086,-0.025879,1.058594,1.274809,3.198473,-1.419847,1.059595,3.724424,3910,6863,2953,3910,0,50.36,1,damping
1780599173.2036507,59.66321769999922,59883,0.044922,-0.022217,1.05249,1.656489,3.21374,-1.244275,1.053683,3.82365,3911,6866,2955,3911,1,50.36,16,damping
1780599173.2357728,59.69533980000415,59914,0.057373,-0.020264,1.053467,1.496183,2.78626,-0.984733,1.055222,3.312326,3913,6869,2956,3913,0,50.36,7,damping
1780599173.2662385,59.72580559999915,59945,0.030029,-0.045166,1.048584,1.648855,3.030534,-1.175572,1.049986,3.644836,3914,6871,2957,3914,0,50.36,7,damping
1780599173.2975621,59.7571292000066,59976,0.045166,-0.028809,1.060547,1.664122,2.832061,-1.396947,1.061899,3.5695,3917,6876,2959,3917,1,50.36,13,damping
1780599173.3280022,59.787569300009636,60007,0.040527,-0.023682,1.057617,0.839695,2.938931,-1.08397,1.058658,3.243053,3919,6879,2960,3919,0,50.36,6,damping
1780599173.3597133,59.819280299998354,60038,0.043701,-0.035156,1.054932,1.885496,3.091603,-1.206107,1.056422,3.816779,3920,6881,2961,3920,0,60.932,6,damping
1780599173.3922284,59.85179549999884,60070,0.058838,-0.025879,1.05542,1.938931,3.618321,-1.198473,1.057375,4.276452,3923,6885,2962,3923,0,60.932,7,damping
1780599173.4228528,59.88241980000748,60101,0.032227,-0.030029,1.057861,1.274809,3.427481,-1.343511,1.058778,3.895868,3925,6889,2964,3925,0,60.932,0,damping
1780599173.4531555,59.91272259999823,60132,0.03125,-0.047363,1.053467,1.503817,3.244275,-1.076336,1.054994,3.734338,3926,6891,2965,3926,0,60.932,5,damping
1780599173.4844244,59.943991399995866,60162,0.04541,-0.026123,1.058106,1.816794,2.549618,-1.282443,1.059402,3.383187,3930,6897,2967,3930,0,60.932,7,damping
1780599173.5159678,59.97553500000504,60194,0.045898,-0.018555,1.061523,1.419847,3.496183,-0.916031,1.062677,3.883088,3931,6899,2968,3931,0,60.932,7,damping
1780599173.5471015,60.00666860000638,60225,0.059326,-0.038818,1.053711,2.061069,3.40458,-1.175572,1.056093,4.149836,3932,6902,2970,3932,1,60.932,16,damping
1780599173.5781648,60.03773199999705,60256,0.055176,-0.035889,1.057373,1.59542,2.801527,-1.145038,1.05942,3.421261,3934,6905,2971,3934,0,60.932,7,damping
1780599173.6091692,60.06873640000413,60287,0.061279,-0.030029,1.063721,1.335878,3.603053,-0.801527,1.065907,3.925431,3937,6909,2972,3937,0,60.932,7,damping
1780599173.6405506,60.100117599999066,60319,0.051025,-0.034912,1.047119,1.572519,2.862595,-0.984733,1.048943,3.4113,3938,6912,2974,3938,1,64.057,16,damping
1780599173.6706047,60.13017170000239,60350,0.037598,-0.020752,1.049805,2.091603,2.870229,-1.473282,1.050683,3.844942,3940,6915,2975,3940,0,64.057,7,damping
1780599173.7030804,60.16264750000846,60381,0.053467,-0.029541,1.061035,1.78626,3.145038,-0.816794,1.062792,3.707984,3941,6917,2976,3941,0,64.057,6,damping
1780599173.738179,60.19774600000528,60412,0.012451,-0.02832,1.054688,1.351145,2.694656,-1.244275,1.055141,3.261132,3943,6922,2979,3943,1,64.057,14,damping
1780599173.7643518,60.223918900010176,60443,0.042725,-0.021729,1.053955,1.08397,3.312977,-1.366412,1.055044,3.744047,3947,6927,2980,3947,0,64.057,0,damping
1780599173.7955763,60.25514350000594,60474,0.045166,-0.018311,1.060791,0.931298,3.061069,-1.496183,1.06191,3.532141,3948,6929,2981,3948,0,64.057,7,damping
1780599173.8269928,60.28655990000698,60505,0.037842,-0.033203,1.054199,1.381679,3.450382,-1.320611,1.055401,3.944386,3949,6932,2983,3949,1,64.057,16,damping
1780599173.8577244,60.31729150000319,60536,0.053955,-0.030518,1.053223,1.282443,3.160305,-0.961832,1.055045,3.54363,3951,6935,2984,3951,0,64.057,7,damping
1780599173.889247,60.34881409999798,60567,0.017334,-0.039062,1.05835,1.725191,2.770992,-1.465649,1.059212,3.578101,3953,6939,2986,3953,0,64.057,0,damping
1780599173.920237,60.37980409999727,60598,0.037354,-0.018799,1.057861,1.778626,3.083969,-1.549618,1.058687,3.882743,3954,6942,2988,3954,1,57.348,16,damping
1780599173.9503596,60.40992659999756,60629,0.040283,-0.005371,1.059082,1.51145,3.244275,-0.870229,1.059861,3.683354,3956,6945,2989,3956,0,57.348,7,damping
1780599173.9809868,60.44055379999918,60660,0.051758,-0.039795,1.054199,2.083969,2.885496,-1.419847,1.056219,3.832099,3957,6947,2990,3957,0,57.348,7,damping
1780599174.0127747,60.47234180000669,60691,0.053711,-0.020996,1.064453,1.656489,2.931298,-0.862595,1.066014,3.475706,3959,6950,2991,3959,1,57.348,15,damping
1780599174.0430872,60.50265429999854,60722,0.041748,-0.009521,1.055908,0.70229,3.465649,-1.320611,1.056776,3.774645,3963,6955,2992,3963,0,57.348,6,damping
1780599174.0740457,60.53361280000536,60752,0.035156,-0.044189,1.053955,2.007634,3.152672,-0.961832,1.055467,3.859411,3965,6959,2994,3965,0,57.348,0,damping
1780599174.104681,60.564248000009684,60783,0.058105,-0.022705,1.060791,2.083969,3.343511,-0.977099,1.062624,4.059152,3966,6962,2996,3966,1,57.348,16,damping
1780599174.1353805,60.59494750000886,60814,0.052002,-0.02417,1.061523,1.29771,3.122137,-1.458015,1.063071,3.682065,3968,6965,2997,3968,0,57.348,7,damping
1780599174.1676705,60.627237499997136,60845,0.05957,-0.034912,1.053223,1.80916,2.80916,-1.625954,1.055483,3.715934,3969,6967,2998,3969,0,57.348,7,damping
1780599174.197776,60.65734309999971,60876,0.046143,-0.036865,1.048828,2.221374,3.068702,-1.129771,1.05049,3.953204,3972,6972,3000,3972,1,64.748,14,damping
1780599174.228288,60.68785489999573,60907,0.045166,-0.030518,1.053711,1.091603,3.29771,-1.045802,1.05512,3.627698,3975,6977,3002,3975,0,64.748,0,damping
1780599174.2602074,60.71977460000198,60938,0.029297,-0.024414,1.05249,1.625954,2.954198,-1.229008,1.053181,3.589077,3976,6979,3003,3976,0,64.748,7,damping
1780599174.291025,60.75059209999745,60969,0.046387,-0.02124,1.061279,2.221374,3.450382,-1.038168,1.062505,4.232898,3978,6982,3004,3978,0,64.748,14,damping
1780599174.3213353,60.78090250000241,61000,0.050537,-0.037109,1.063965,1.412214,2.862595,-1.473282,1.065811,3.515588,3981,6987,3006,3981,0,64.748,0,damping
1780599174.352452,60.81201910000527,61031,0.034668,-0.017822,1.051758,1.572519,3.099237,-1.389313,1.05248,3.742763,3982,6989,3007,3982,0,64.748,6,damping
1780599174.3835523,60.84311929999967,61062,0.052002,-0.028809,1.056641,2.007634,3.748092,-1.358779,1.058312,4.46375,3987,6995,3008,3987,0,64.748,7,damping
1780599174.414721,60.874288000006345,61093,0.018799,-0.023682,1.055908,1.099237,3.099237,-1.244275,1.056341,3.515936,3988,6997,3009,3988,0,64.748,6,damping
1780599174.4456134,60.90518050000537,61124,0.042236,-0.03125,1.049072,2.206107,2.969466,-1.610687,1.050387,4.034718,3989,7000,3011,3989,1,64.748,17,damping
1780599174.47738,60.93694710001,61155,0.029053,-0.028564,1.054932,1.847328,2.541985,-1.549618,1.055718,3.503659,3991,7003,3012,3991,0,68.1,7,damping
1780599174.5085306,60.96809760000906,61187,0.041504,-0.026611,1.057373,1.694656,3.541985,-0.709924,1.058522,3.990176,3994,7007,3013,3994,0,68.1,7,damping
1780599174.5399067,60.99947370000882,61218,0.0354,-0.010498,1.049805,1.236641,2.664122,-0.992366,1.050454,3.100261,3995,7010,3015,3995,1,68.1,16,damping
1780599174.5710547,61.030621700003394,61249,0.03833,-0.025635,1.059326,1.259542,2.587786,-1.557252,1.060329,3.272326,3997,7013,3016,3997,0,68.1,7,damping
1780599174.6009665,61.06053350000002,61280,0.054932,-0.036377,1.069092,1.908397,3.290076,-0.847328,1.07112,3.896736,3998,7015,3017,3998,0,68.1,7,damping
1780599174.6318402,61.091407300002174,61310,0.031494,-0.019043,1.051025,1.557252,3.076336,-1.320611,1.05167,3.692274,3999,7018,3019,3999,1,68.1,17,damping
1780599174.6624494,61.1220164999977,61341,0.040039,-0.026855,1.056641,1.755725,2.618321,-1.267176,1.05774,3.397633,4002,7023,3021,4002,0,68.1,0,damping
1780599174.6924732,61.15204030000314,61372,0.051514,-0.035156,1.069092,1.648855,2.854962,-0.801527,1.070909,3.39293,4003,7025,3022,4003,0,68.1,6,damping
1780599174.725169,61.18473600001016,61403,0.049316,-0.03833,1.056396,1.725191,3.412214,-1.167939,1.058241,3.997945,4004,7028,3024,4004,1,68.1,17,damping
1780599174.755524,61.21509110000625,61434,0.043945,-0.02417,1.057129,1.503817,3.137405,-1.335878,1.058318,3.726841,4006,7031,3025,4006,0,53.763,6,damping
1780599174.7927754,61.25234240001009,61471,0.044678,-0.039062,1.057373,1.946565,3.358779,-1.236641,1.059037,4.074284,4008,7036,3028,4008,1,53.763,14,damping
1780599174.8239996,61.283566700003576,61502,0.045898,-0.034912,1.0625,2.175573,2.633588,-1.358779,1.064064,3.6763,4010,7039,3029,4010,0,53.763,7,damping
1780599174.8603556,61.3199225999997,61532,0.035645,-0.024414,1.06543,1.183206,2.496183,-1.274809,1.066305,3.042375,4011,7041,3030,4011,0,53.763,7,damping
1780599174.8837526,61.343319699997664,61563,0.060059,-0.046875,1.055176,1.908397,2.70229,-1.51145,1.057923,3.637146,4012,7044,3032,4012,1,53.763,16,damping
1780599174.915186,61.37475290001021,61594,0.040283,-0.023193,1.056641,1.816794,2.534351,-1.290076,1.057663,3.374607,4014,7047,3033,4014,0,53.763,7,damping
1780599174.9459481,61.405515100006596,61625,0.045166,-0.029053,1.064453,1.480916,3.549618,-1.290076,1.065807,4.056748,4017,7051,3034,4017,0,53.763,7,damping
1780599174.976602,61.43616920000932,61656,0.032471,-0.019287,1.063232,1.587786,2.610687,-1.29771,1.063903,3.31976,4019,7056,3037,4019,1,53.763,14,damping
1780599175.008811,61.46837810000579,61687,0.023438,-0.028809,1.053467,1.442748,2.832061,-1.053435,1.054121,3.348405,4021,7059,3038,4021,0,59.289,6,damping
1780599175.039693,61.49926029999915,61718,0.040771,-0.033203,1.063965,1.40458,3.290076,-0.992366,1.065263,3.712444,4022,7061,3039,4022,0,59.289,6,damping
1780599175.0710077,61.53057489999628,61749,0.052734,-0.023438,1.057617,1.587786,3.175573,-1.290076,1.05919,3.777516,4023,7064,3041,4023,1,59.289,16,damping
1780599175.1012805,61.560847500004456,61780,0.043457,-0.02124,1.051758,1.580153,2.572519,-1.160305,1.052869,3.234354,4027,7069,3042,4027,0,59.289,7,damping
1780599175.133203,61.59277000000293,61811,0.065918,-0.035889,1.063232,1.839695,3.603053,-0.938931,1.065878,4.153078,4028,7071,3043,4028,0,59.289,7,damping
1780599175.1638575,61.62342460000946,61842,0.030762,-0.040527,1.052002,1.389313,2.801527,-1.396947,1.053232,3.424938,4029,7074,3045,4029,1,59.289,16,damping
1780599175.1952534,61.65482039999915,61873,0.023926,-0.022949,1.057129,1.534351,3.282443,-1.381679,1.057649,3.877848,4031,7077,3046,4031,0,59.289,7,damping
1780599175.226346,61.68591320000996,61904,0.041504,-0.013184,1.056396,1.801527,3.068702,-1.305344,1.057294,3.790297,4033,7081,3048,4033,0,59.289,1,damping
1780599175.257045,61.71661220000533,61935,0.047119,-0.039795,1.052246,1.91603,2.770992,-1.374046,1.054052,3.638348,4034,7084,3050,4034,1,59.289,17,damping
1780599175.2876785,61.74724559999595,61966,0.030029,-0.022461,1.054932,1.526718,2.267176,-1.29771,1.055598,3.025724,4038,7089,3051,4038,0,60.932,7,damping
1780599175.3182912,61.77785820000281,61997,0.045166,-0.02124,1.063477,1.312977,2.977099,-1.312977,1.064647,3.508694,4039,7091,3052,4039,0,60.932,7,damping
1780599175.3498642,61.80943130000378,62028,0.046631,-0.037354,1.047852,1.931298,3.129771,-1.122137,1.049554,3.845071,4040,7094,3054,4040,1,60.932,16,damping
1780599175.380647,61.840214099996956,62059,0.047363,-0.032959,1.049561,1.687023,3.396947,-1.076336,1.051145,3.942562,4042,7097,3055,4042,0,60.932,7,damping
1780599175.4113321,61.87089930000366,62090,0.058105,-0.031494,1.069092,1.305344,2.870229,-1.419847,1.071133,3.458049,4043,7099,3056,4043,0,60.932,7,damping
1780599175.4424121,61.90197910000279,62121,0.039795,-0.037109,1.053223,1.557252,3.519084,-1.251908,1.054627,4.046759,4044,7102,3058,4044,1,60.932,17,damping
1780599175.473028,61.932595000005676,62152,0.063965,-0.020752,1.052734,2.045802,3.236641,-1.244275,1.05488,4.026086,4046,7105,3059,4046,0,60.932,7,damping
1780599175.504561,61.964128000006895,62183,0.013916,-0.046631,1.060791,1.877863,2.946565,-1.328244,1.061907,3.738027,4047,7107,3060,4047,0,60.932,7,damping
1780599175.5353625,61.994929599997704,62214,0.05127,-0.032471,1.056152,1.938931,3.496183,-1.015267,1.057894,4.124745,4049,7112,3063,4049,1,60.932,14,damping
1780599175.5668163,62.02638330000627,62245,0.036133,0.001221,1.052246,1.351145,3.358779,-1.236641,1.052867,3.825738,4052,7117,3065,4052,0,50.179,1,damping
1780599175.5976188,62.05718600000546,62276,0.043457,-0.042236,1.054443,1.969466,3.221374,-0.931298,1.056183,3.888876,4053,7119,3066,4053,0,50.179,7,damping
1780599175.629388,62.08895520000078,62307,0.052734,-0.02002,1.054443,1.641221,3.145038,-1.152672,1.055951,3.730084,4055,7122,3067,4055,1,50.179,16,damping
1780599175.6584265,62.11799349999637,62338,0.040283,-0.004395,1.059082,1.282443,2.931298,-0.877863,1.059857,3.317802,4057,7125,3068,4057,0,50.179,6,damping
1780599175.6898625,62.149429600001895,62368,0.046875,-0.042236,1.062744,1.763359,3.229008,-1.061069,1.064616,3.829072,4058,7127,3069,4058,0,50.179,7,damping
1780599175.7209017,62.18046889999823,62399,0.061523,-0.02832,1.063232,1.91603,3.442748,-0.984733,1.065387,4.061205,4060,7132,3072,4060,1,50.179,14,damping
1780599175.7514458,62.21101280000585,62430,0.049561,-0.015137,1.043213,1.664122,3.427481,-1.198473,1.044499,3.994154,4062,7135,3073,4062,0,50.179,7,damping
1780599175.7831078,62.242674799999804,62461,0.048828,-0.040039,1.05249,1.656489,3.236641,-1.335878,1.054383,3.873548,4063,7137,3074,4063,0,50.179,7,damping
1780599175.8127403,62.272307499995804,62492,0.03125,-0.021484,1.056152,1.59542,3.183206,-1.328244,1.056833,3.800316,4065,7140,3075,4065,1,50.179,15,damping
1780599175.8429005,62.30246750000515,62522,0.046631,-0.031494,1.053223,1.656489,3.114504,-1.305344,1.054725,3.761384,4069,7145,3076,4069,0,61.372,6,damping
1780599175.8739462,62.333513200006564,62553,0.042969,-0.03833,1.05835,1.778626,3.0,-1.442748,1.059915,3.774259,4070,7147,3077,4070,0,61.372,6,damping
1780599175.905638,62.365205000009155,62583,0.066895,-0.037109,1.05249,1.08397,3.450382,-1.030534,1.055267,3.760602,4071,7150,3079,4071,1,61.372,16,damping
1780599175.9350998,62.39466700000048,62614,0.056641,-0.035889,1.059082,1.267176,3.061069,-0.854962,1.061202,3.421525,4073,7153,3080,4073,0,61.372,7,damping
1780599175.9669118,62.4264789000008,62645,0.041016,-0.048828,1.051025,1.732824,3.038168,-1.290076,1.052958,3.727928,4075,7157,3082,4075,0,61.372,1,damping
1780599175.9974353,62.45700249999936,62676,0.044434,-0.017578,1.055664,2.229008,2.717557,-1.40458,1.056745,3.785028,4076,7160,3084,4076,1,61.372,16,damping
1780599176.0290835,62.48865050000313,62707,0.042236,-0.010498,1.049805,1.343511,3.152672,-0.816794,1.050706,3.522998,4080,7165,3085,4080,0,61.372,6,damping
1780599176.060127,62.51969410000311,62738,0.043457,-0.046143,1.055176,1.740458,2.931298,-1.076336,1.057078,3.57494,4081,7167,3086,4081,0,61.372,6,damping
1780599176.0914948,62.551061899997876,62769,0.055908,-0.027588,1.05249,2.145038,2.854962,-1.10687,1.054335,3.738604,4083,7170,3087,4083,1,61.372,16,damping
1780599176.1226947,62.58226170000853,62801,0.053711,-0.040771,1.050049,0.961832,3.557252,-1.099237,1.052212,3.84545,4085,7173,3088,4085,0,57.348,7,damping
1780599176.1541355,62.613702600006945,62832,0.057861,-0.027832,1.057861,1.541985,3.122137,-1.167939,1.059808,3.672811,4086,7175,3089,4086,0,57.348,6,damping
1780599176.1851196,62.64468670000497,62863,0.032715,-0.046143,1.059326,2.320611,3.961832,-1.473282,1.060835,4.822024,4088,7178,3090,4088,1,57.348,14,damping
1780599176.215428,62.674995299996226,62894,0.031738,-0.032471,1.062256,1.396947,3.152672,-1.122137,1.063226,3.626292,4090,7181,3091,4090,0,57.348,6,damping
1780599176.2467911,62.7063582999981,62925,0.044678,-0.022705,1.066162,1.435114,3.091603,-1.29771,1.067339,3.647138,4091,7183,3092,4091,0,57.348,6,damping
1780599176.2770042,62.73657130000356,62955,0.060791,-0.038818,1.058106,1.847328,2.885496,-1.21374,1.060561,3.634814,4094,7188,3094,4094,1,57.348,14,damping
1780599176.3098996,62.76946670000325,62987,0.049072,-0.036621,1.061523,1.832061,2.854962,-1.282443,1.063288,3.626557,4096,7191,3095,4096,0,57.348,7,damping
1780599176.3399875,62.79955460000201,63018,0.032715,-0.030273,1.05127,1.40458,3.312977,-1.358779,1.052214,3.846419,4097,7193,3096,4097,0,57.348,5,damping
1780599176.3705924,62.83015940000769,63049,0.042236,-0.019531,1.054443,2.335878,3.320611,-1.0,1.05547,4.181242,4100,7197,3097,4100,0,57.348,6,damping
1780599176.4001343,62.859701499997755,63079,0.037598,-0.025146,1.057129,1.541985,3.442748,-1.114504,1.058096,3.933491,4102,7201,3099,4102,0,61.151,0,damping
1780599176.4322534,62.89182040000742,63110,0.039062,-0.030273,1.054688,1.732824,3.007634,-1.099237,1.055845,3.640998,4103,7203,3100,4103,0,61.151,6,damping
1780599176.4632492,62.92281630000798,63141,0.050049,-0.027832,1.049805,2.061069,3.625954,-1.389313,1.051366,4.396105,4106,7209,3103,4106,0,61.151,7,damping
1780599176.4951377,62.95470470000873,63173,0.03418,-0.024902,1.069092,1.358779,2.870229,-0.984733,1.069928,3.324784,4107,7211,3104,4107,0,61.151,7,damping
1780599176.5267308,62.98629780000192,63204,0.052002,-0.027588,1.062988,1.961832,3.305344,-1.114504,1.064617,4.002024,4108,7214,3106,4108,1,61.151,16,damping
1780599176.5562549,63.01582200000121,63235,0.026123,-0.027588,1.05835,1.89313,2.572519,-1.251908,1.059031,3.430608,4110,7217,3107,4110,0,61.151,7,damping
1780599176.5882556,63.04782279999927,63266,0.049561,-0.016113,1.05957,1.770992,3.335878,-0.839695,1.060851,3.869054,4113,7221,3108,4113,0,61.151,6,damping
1780599176.6194174,63.078984400010086,63297,0.060059,-0.039551,1.057129,1.778626,2.938931,-1.351145,1.059572,3.691398,4114,7224,3110,4114,1,61.151,17,damping
1780599176.650831,63.11039800000435,63328,0.031494,-0.035645,1.054688,1.816794,2.793893,-1.59542,1.055759,3.694854,4116,7227,3111,4116,0,61.151,6,damping
1780599176.6808667,63.1404337999993,63359,0.052979,-0.027832,1.06543,1.48855,3.038168,-1.21374,1.067109,3.594358,4117,7229,3112,4117,0,53.571,7,damping
1780599176.711031,63.17059799999697,63390,0.033936,-0.004883,1.048584,0.984733,2.816794,-1.358779,1.049144,3.278766,4119,7234,3115,4119,1,53.571,14,damping
1780599176.741892,63.201459100004286,63420,0.026123,-0.032471,1.058838,1.908397,2.89313,-1.59542,1.059658,3.815435,4121,7237,3116,4121,0,53.571,7,damping
1780599176.7732813,63.232848500003456,63451,0.05249,-0.030518,1.066162,1.854962,3.366412,-1.145038,1.06789,4.010577,4124,7241,3117,4124,0,53.571,7,damping
1780599176.8055434,63.26511039999605,63483,0.035156,-0.036133,1.049561,1.839695,2.51145,-1.312977,1.050771,3.378723,4125,7244,3119,4125,1,53.571,16,damping
1780599176.8369045,63.296471499998006,63514,0.05249,-0.024658,1.057373,1.832061,2.618321,-1.473282,1.058962,3.518894,4127,7247,3120,4127,0,53.571,6,damping
1780599176.8780274,63.33759460000147,63545,0.046631,-0.018311,1.066894,1.778626,3.381679,-1.320611,1.06807,4.042682,4128,7249,3121,4128,0,53.571,6,damping
1780599176.8968244,63.3563914999977,63575,0.039307,-0.027832,1.057373,1.671756,3.251908,-1.374046,1.058469,3.906108,4129,7252,3123,4129,1,53.571,17,damping
1780599176.9270654,63.386632499998086,63606,0.043457,-0.03125,1.049072,1.603053,2.648855,-1.427481,1.050437,3.409386,4131,7255,3124,4131,0,53.571,6,damping
1780599176.958233,63.417800099996384,63636,0.044678,-0.042725,1.063721,1.603053,2.824427,-0.916031,1.065515,3.374357,4132,7257,3125,4132,0,54.152,7,damping
1780599176.9892983,63.448865500002285,63667,0.0271,-0.016602,1.054932,1.21374,2.625954,-1.198473,1.05541,3.131316,4133,7260,3127,4133,1,54.152,16,damping
1780599177.0195143,63.47908140000072,63698,0.040527,-0.028564,1.065674,1.519084,2.618321,-1.053435,1.066827,3.205144,4137,7265,3128,4137,0,54.152,7,damping
1780599177.0506997,63.51026680000359,63729,0.05127,-0.033203,1.06543,1.320611,2.748092,-1.206107,1.067179,3.278828,4139,7269,3130,4139,0,54.152,1,damping
1780599177.081554,63.54112090000126,63760,0.046143,-0.038086,1.049072,1.160305,2.89313,-1.221374,1.050777,3.347874,4140,7272,3132,4140,1,54.152,16,damping
1780599177.1108487,63.570415800000774,63791,0.03125,-0.019043,1.049805,1.10687,3.160305,-1.679389,1.050442,3.74607,4142,7275,3133,4142,0,54.152,6,damping
1780599177.1422758,63.60184280000976,63821,0.060059,-0.033203,1.060547,1.244275,2.954198,-1.267176,1.062765,3.446918,4143,7277,3134,4143,0,54.152,6,damping
1780599177.1738102,63.63337720000709,63852,0.035156,-0.040283,1.051514,1.450382,2.908397,-1.251908,1.052872,3.482766,4144,7280,3136,4144,1,54.152,16,damping
1780599177.204414,63.66398100000515,63883,0.036865,-0.023438,1.065674,1.587786,2.916031,-1.519084,1.066569,3.65129,4146,7283,3137,4146,0,54.152,7,damping
1780599177.2360423,63.695609300004435,63914,0.036865,-0.039062,1.057129,1.91603,3.137405,-0.923664,1.058493,3.790466,4147,7285,3138,4147,0,53.957,7,damping
1780599177.2672172,63.72678420000011,63945,0.028564,-0.042236,1.047119,1.450382,3.114504,-0.954198,1.04836,3.565703,4148,7288,3140,4148,1,53.957,16,damping
1780599177.297504,63.757070999999996,63977,0.056641,-0.036133,1.053467,1.816794,3.015267,-1.038168,1.055607,3.6702,4151,7293,3142,4151,0,53.957,1,damping
1780599177.3298845,63.78945160000876,64008,0.034668,-0.040283,1.053223,1.473282,2.709924,-1.343511,1.054563,3.364412,4152,7295,3143,4152,0,53.957,7,damping
1780599177.3595054,63.81907250000222,64039,0.053467,-0.042236,1.056396,1.618321,2.793893,-1.358779,1.058592,3.50301,4154,7300,3146,4154,1,53.957,14,damping
1780599177.3894343,63.84900149999885,64069,0.065674,-0.036377,1.057129,1.29771,3.343511,-1.40458,1.059791,3.851748,4156,7303,3147,4156,0,53.957,7,damping
1780599177.4215329,63.881099999998696,64099,0.043945,-0.025879,1.057617,1.603053,2.854962,-1.091603,1.058846,3.451403,4157,7305,3148,4157,0,53.957,7,damping
1780599177.4526567,63.912223899998935,64130,0.041748,-0.040527,1.053711,1.694656,3.427481,-1.343511,1.055316,4.052716,4159,7310,3151,4159,1,53.957,14,damping
1780599177.4825428,63.94210980000207,64161,0.056152,-0.030762,1.060303,1.633588,3.0,-1.343511,1.062234,3.670645,4162,7315,3153,4162,0,53.957,1,damping
1780599177.5143945,63.97396149999986,64192,0.041992,-0.017334,1.054932,1.366412,3.129771,-1.290076,1.055909,3.650596,4163,7317,3154,4163,0,57.554,7,damping
1780599177.5453916,64.00495869999577,64223,0.036377,-0.041748,1.047852,1.587786,2.862595,-1.152672,1.049314,3.470471,4164,7320,3156,4164,1,57.554,16,damping
1780599177.575846,64.03541310000583,64254,0.041016,-0.020996,1.050049,1.633588,2.946565,-1.328244,1.051059,3.621476,4166,7323,3157,4166,0,57.554,6,damping
1780599177.6071897,64.0667567000055,64285,0.032959,-0.04126,1.045654,1.412214,2.664122,-1.381679,1.046987,3.316765,4168,7327,3159,4168,0,57.554,0,damping
1780599177.6389272,64.09849430000759,64316,0.058594,-0.041016,1.048828,1.374046,3.145038,-1.458015,1.051264,3.728951,4169,7330,3161,4169,1,57.554,16,damping
1780599177.6679735,64.12754050000513,64347,0.054443,-0.039062,1.05127,1.969466,2.923664,-1.519084,1.053403,3.838518,4171,7333,3162,4171,0,57.554,7,damping
1780599177.6997993,64.15936630000942,64378,0.050049,-0.04248,1.057861,1.984733,2.977099,-1.099237,1.059896,3.743074,4172,7335,3163,4172,0,57.554,7,damping
1780599177.732149,64.19171590000042,64409,0.045898,-0.022705,1.054199,1.755725,3.022901,-1.328244,1.055442,3.739617,4173,7338,3165,4173,1,57.554,16,damping
1780599177.7664347,64.22600180000882,64441,0.047607,-0.025635,1.055664,1.152672,2.816794,-1.549618,1.057048,3.415304,4177,7343,3166,4177,0,57.554,7,damping
1780599177.7942998,64.2538668000052,64472,0.049072,-0.0354,1.057617,1.633588,3.10687,-1.137405,1.059347,3.689843,4179,7347,3168,4179,0,57.143,1,damping
1780599177.8249516,64.28451860000496,64503,0.050293,-0.029785,1.052734,1.954198,4.167938,-1.122137,1.054356,4.738122,4181,7350,3169,4181,1,57.143,15,damping
1780599177.8567114,64.31627840000147,64534,0.04834,-0.038086,1.064453,1.557252,2.732824,-1.198473,1.066231,3.365962,4183,7353,3170,4183,0,57.143,7,damping
1780599177.8881013,64.34766830000444,64565,0.053467,-0.023926,1.057617,1.51145,3.099237,-1.282443,1.059238,3.678914,4184,7355,3171,4184,0,57.143,7,damping
1780599177.9181724,64.37773940000625,64596,0.043701,-0.034668,1.054932,2.541985,3.129771,-0.900763,1.056405,4.131407,4186,7358,3172,4186,0,57.143,14,damping
1780599177.9494412,64.40900830000464,64627,0.033447,-0.026367,1.05542,1.312977,3.183206,-1.320611,1.056279,3.687916,4188,7361,3173,4188,0,57.143,7,damping
1780599177.9805534,64.4401205000031,64658,0.019043,-0.025146,1.05835,1.770992,3.419847,-1.381679,1.05882,4.091553,4189,7363,3174,4189,0,57.143,6,damping
1780599178.0119503,64.47151730000041,64689,0.029541,-0.027588,1.055908,1.564886,2.763359,-1.473282,1.056682,3.500797,4192,7367,3175,4192,0,57.143,7,damping
1780599178.043969,64.5035360000038,64721,0.034912,-0.022949,1.063721,1.778626,3.099237,-0.824427,1.064541,3.667214,4194,7371,3177,4194,0,57.143,0,damping
1780599178.0743408,64.53390799999761,64752,0.050537,-0.016846,1.050537,1.534351,3.022901,-1.251908,1.051887,3.613784,4195,7374,3179,4195,1,57.143,16,damping
1780599178.1064472,64.56601419999788,64784,0.026855,-0.028809,1.060547,1.541985,2.870229,-1.152672,1.061278,3.456094,4199,7379,3180,4199,0,57.143,7,damping
1780599178.1375098,64.59707689999777,64815,0.047607,-0.036621,1.061523,1.541985,3.053435,-1.40458,1.063221,3.697841,4200,7381,3181,4200,0,57.143,7,damping
1780599178.1683476,64.6279147000023,64846,0.029541,-0.041504,1.046631,1.641221,2.80916,-1.427481,1.04787,3.552843,4201,7384,3183,4201,1,57.143,16,damping
1780599178.1986067,64.65817370000877,64877,0.044678,-0.026367,1.057617,1.816794,2.961832,-1.549618,1.058889,3.804538,4203,7387,3184,4203,0,57.143,7,damping
1780599178.2300124,64.6895794000011,64908,0.041016,-0.036377,1.065186,1.664122,3.381679,-1.267176,1.066595,3.976278,4204,7389,3185,4204,0,57.143,7,damping
1780599178.2613552,64.72092230000999,64939,0.049316,-0.034912,1.057373,1.816794,2.946565,-1.21374,1.059098,3.668263,4205,7392,3187,4205,1,57.143,17,damping
1780599178.2907693,64.75033650000114,64970,0.034424,-0.024414,1.053467,1.648855,3.0,-1.320611,1.054312,3.66916,4207,7395,3188,4207,0,57.143,6,damping
1780599178.3221707,64.78173790000437,65000,0.045898,-0.034912,1.064453,1.80916,3.030534,-0.839695,1.066014,3.627986,4208,7397,3189,4208,0,57.143,7,damping
1780599178.3527853,64.81235229999584,65031,0.051758,-0.039062,1.050293,1.366412,3.320611,-1.122137,1.052293,3.762012,4210,7402,3192,4210,1,53.763,14,damping
1780599178.384909,64.84447589999763,65063,0.036133,-0.022705,1.055908,1.419847,3.122137,-1.076336,1.05677,3.594747,4220,7414,3194,4220,0,53.763,1,damping
1780599178.4154186,64.87498560000677,65094,0.035889,-0.043945,1.04541,1.656489,3.122137,-1.129771,1.046949,3.710536,4221,7416,3195,4221,0,53.763,7,damping
1780599178.4471931,64.90676009999879,65125,0.044189,-0.02124,1.056885,2.0,3.267176,-1.312977,1.058021,4.049487,4222,7419,3197,4222,1,53.763,16,damping
1780599178.4782064,64.93777340000088,65156,0.040771,-0.005371,1.046875,1.977099,3.244275,-1.076336,1.047682,3.948764,4225,7424,3199,4225,0,53.763,0,damping
1780599178.5094085,64.9689756000007,65187,0.035889,-0.038086,1.057617,1.954198,2.931298,-1.21374,1.058911,3.7262,4226,7426,3200,4226,0,53.763,6,damping
1780599178.5403636,64.99993069999618,65218,0.040283,-0.030029,1.054932,2.0,3.145038,-1.167939,1.056127,3.905809,4228,7431,3203,4228,1,53.763,14,damping
1780599178.5724006,65.03196760000719,65249,0.057861,-0.015381,1.050537,1.396947,3.145038,-1.206107,1.052242,3.646562,4230,7434,3204,4230,0,53.763,7,damping
1780599178.6026764,65.06224349999684,65280,0.051514,-0.043213,1.052978,1.877863,3.053435,-1.198473,1.055123,3.779705,4231,7436,3205,4231,0,53.763,7,damping
1780599178.6339355,65.09350250000716,65311,0.036133,-0.024902,1.060547,1.877863,3.274809,-1.114504,1.061454,3.936097,4233,7439,3206,4233,1,82.143,15,damping
1780599178.6635816,65.1231487000041,65342,0.052979,-0.010742,1.052734,1.0,3.061069,-1.160305,1.054121,3.42293,4237,7444,3207,4237,0,82.143,7,damping
1780599178.6931252,65.15269220000482,65372,0.050781,-0.047363,1.066894,1.671756,2.824427,-1.961832,1.069152,3.823734,4238,7446,3208,4238,0,82.143,6,damping
1780599178.7251937,65.18476070000906,65403,0.035889,-0.019287,1.058594,1.854962,3.038168,-1.244275,1.059378,3.770884,4239,7449,3210,4239,1,82.143,17,damping
1780599178.7558377,65.21540470000764,65434,0.046387,-0.011963,1.050293,1.633588,3.038168,-1.366412,1.051385,3.710277,4241,7452,3211,4241,0,82.143,7,damping
1780599178.802408,65.26197500000126,65465,0.046387,-0.036377,1.053467,1.679389,3.251908,-1.267176,1.055115,3.873111,4243,7456,3213,4243,0,82.143,1,damping
1780599178.818425,65.277992000003,65496,0.042969,-0.035645,1.059326,1.694656,3.557252,-1.48855,1.060796,4.212088,4245,7459,3214,4245,1,82.143,15,damping
1780599178.8503203,65.3098874999996,65527,0.060059,-0.01416,1.044922,0.770992,3.496183,-1.183206,1.046742,3.770637,4249,7464,3215,4249,0,82.143,7,damping
1780599178.880869,65.34043609999935,65558,0.055176,-0.033936,1.05957,1.687023,3.198473,-1.022901,1.061548,3.758005,4250,7466,3216,4250,0,82.143,6,damping
1780599178.913303,65.37286990000575,65590,0.060059,-0.020752,1.055664,2.015267,3.694656,-1.473282,1.057575,4.458963,4253,7470,3217,4253,0,71.685,7,damping
1780599178.9432776,65.40284460000112,65622,0.047119,-0.022461,1.059326,1.59542,3.366412,-1.251908,1.060611,3.93006,4254,7472,3218,4254,0,71.685,7,damping
1780599178.974264,65.4338310000021,65653,0.062012,-0.009277,1.065918,2.10687,3.030534,-1.167939,1.067761,3.87132,4255,7475,3220,4255,1,71.685,16,damping
1780599179.005945,65.46551200000977,65684,0.03418,-0.029785,1.05542,1.671756,2.78626,-1.503817,1.056393,3.58043,4257,7478,3221,4257,0,71.685,7,damping
1780599179.0377035,65.4972706999979,65716,0.062012,-0.045898,1.059326,1.580153,3.076336,-1.152672,1.062132,3.64546,4258,7480,3222,4258,0,71.685,7,damping
1780599179.0686238,65.52819080000336,65746,0.054443,-0.020508,1.055664,1.442748,2.656489,-1.259542,1.057266,3.274889,4259,7483,3224,4259,1,71.685,17,damping
1780599179.1000037,65.55957080000371,65777,0.042969,-0.035156,1.05835,1.671756,3.007634,-1.206107,1.059805,3.646275,4263,7488,3225,4263,0,71.685,7,damping
1780599179.1302114,65.58977849999792,65808,0.053711,-0.033203,1.065674,1.496183,3.251908,-1.183206,1.067543,3.770073,4265,7492,3227,4265,0,71.685,0,damping
1780599179.1614668,65.62103380000917,65839,0.046875,-0.018555,1.054932,1.442748,2.923664,-1.312977,1.056136,3.514718,4266,7495,3229,4266,1,71.685,16,damping
1780599179.192406,65.65197289999924,65870,0.029541,-0.031738,1.057373,1.541985,2.763359,-1.152672,1.058262,3.367866,4268,7498,3230,4268,0,53.571,7,damping
1780599179.2227848,65.68235180000192,65901,0.036133,-0.034912,1.056641,1.396947,3.541985,-1.091603,1.057834,3.960898,4270,7502,3232,4270,0,53.571,0,damping
1780599179.2532382,65.71280520000437,65932,0.025879,-0.037354,1.059814,1.129771,2.748092,-1.328244,1.060788,3.254631,4271,7505,3234,4271,1,53.571,16,damping
1780599179.2850766,65.74464360000275,65963,0.041504,-0.027588,1.059326,1.572519,2.961832,-1.541985,1.060498,3.690932,4275,7510,3235,4275,0,53.571,7,damping
1780599179.3164248,65.7759919000091,65994,0.055176,-0.025635,1.057861,2.129771,2.580153,-1.198473,1.059609,3.553794,4276,7512,3236,4276,0,53.571,7,damping
1780599179.3470078,65.8065748000081,66025,0.02832,-0.043701,1.057129,1.603053,3.274809,-1.557252,1.058411,3.964743,4277,7515,3238,4277,1,53.571,16,damping
1780599179.377901,65.83746809999866,66056,0.031006,-0.016357,1.051758,1.648855,3.122137,-1.137405,1.052342,3.709468,4279,7518,3239,4279,0,53.571,7,damping
1780599179.4086747,65.86824180000986,66087,0.05542,-0.027832,1.072998,1.526718,2.687023,-1.091603,1.074789,3.277584,4280,7520,3240,4280,0,53.571,7,damping
1780599179.4391544,65.89872150000883,66118,0.039062,-0.040771,1.049072,1.625954,3.091603,-1.221374,1.050591,3.700472,4281,7523,3242,4281,1,53.571,16,damping
1780599179.471017,65.93058390000078,66149,0.05542,-0.027588,1.050293,1.374046,2.725191,-1.351145,1.052116,3.337703,4283,7526,3243,4283,0,53.763,7,damping
1780599179.5024824,65.9620494999981,66180,0.040771,-0.022705,1.054443,1.244275,3.335878,-1.175572,1.055476,3.749436,4284,7528,3244,4284,0,53.763,7,damping
1780599179.533788,65.99335509999946,66211,0.030518,-0.034912,1.047852,1.435114,2.648855,-1.274809,1.048877,3.271257,4286,7533,3247,4286,1,53.763,14,damping
1780599179.564454,66.02402120000625,66242,0.034668,-0.02832,1.054199,1.633588,3.251908,-0.839695,1.055149,3.734783,4289,7538,3249,4289,0,53.763,1,damping
1780599179.5949473,66.0545143000054,66273,0.04126,-0.032715,1.063477,1.290076,2.519084,-1.458015,1.064779,3.183691,4290,7540,3250,4290,0,53.763,7,damping
1780599179.626831,66.08639820000099,66304,0.058838,-0.033691,1.061035,2.053435,2.641221,-1.274809,1.063199,3.580193,4291,7543,3252,4291,1,53.763,17,damping
1780599179.6573682,66.11693519999972,66335,0.058838,-0.011963,1.041504,1.641221,2.748092,-1.229008,1.043233,3.428713,4293,7546,3253,4293,0,53.763,6,damping
1780599179.6882389,66.14780590000737,66366,0.029541,-0.040283,1.051025,1.549618,3.167939,-0.923664,1.052212,3.645588,4294,7548,3254,4294,0,53.763,7,damping
1780599179.7189882,66.17855530000816,66397,0.049561,-0.025391,1.056396,1.770992,2.89313,-1.763359,1.057863,3.823094,4295,7551,3256,4295,1,53.763,16,damping
1780599179.749673,66.2092399999965,66428,0.037354,-0.014648,1.056152,1.557252,3.022901,-1.152672,1.056914,3.59049,4297,7554,3257,4297,0,50.179,7,damping
1780599179.780899,66.24046610000369,66459,0.049561,-0.037842,1.066894,1.541985,3.007634,-1.389313,1.068715,3.654281,4298,7556,3258,4298,0,50.179,7,damping
1780599179.8116436,66.27121059999627,66490,0.053223,-0.033691,1.069092,2.129771,3.290076,-1.206107,1.070946,4.100637,4300,7559,3259,4300,1,50.179,15,damping
1780599179.8428295,66.3023966000037,66521,0.032959,-0.00415,1.049561,1.244275,3.022901,-1.603053,1.050086,3.640869,4304,7564,3260,4304,0,50.179,6,damping
1780599179.8730845,66.33265160000883,66552,0.042236,-0.027588,1.050049,1.801527,3.0,-0.961832,1.05126,3.629135,4305,7566,3261,4305,0,50.179,7,damping
1780599179.904466,66.36403310000605,66582,0.054932,-0.027832,1.057129,2.122137,2.709924,-1.068702,1.058921,3.604064,4306,7569,3263,4306,1,50.179,16,damping
1780599179.935296,66.39486310000939,66613,0.042725,-0.010986,1.053711,1.633588,3.389313,-1.122137,1.054634,3.926225,4308,7572,3264,4308,0,50.179,7,damping
1780599179.965567,66.42513410000538,66644,0.031982,-0.036377,1.056885,1.778626,3.229008,-1.145038,1.057994,3.860196,4310,7576,3266,4310,0,50.179,1,damping
1780599179.998475,66.45804209999915,66675,0.028076,-0.026855,1.060303,1.625954,3.320611,-1.625954,1.061014,4.039048,4312,7579,3267,4312,1,50.179,16,damping
1780599180.0278354,66.48740250000264,66706,0.054199,-0.018066,1.048584,1.160305,3.221374,-1.068702,1.050139,3.586877,4316,7584,3268,4316,0,68.345,7,damping
1780599180.0604818,66.52004879999731,66737,0.058105,-0.038818,1.067139,1.427481,3.099237,-1.366412,1.069424,3.675602,4317,7586,3269,4317,0,68.345,6,damping
1780599180.0913117,66.55087869999988,66768,0.053467,-0.036377,1.05542,2.175573,3.694656,-1.374046,1.057399,4.5024,4319,7589,3270,4319,1,68.345,15,damping
1780599180.1210053,66.5805723000085,66799,0.048096,-0.047852,1.058838,1.40458,3.366412,-1.229008,1.061009,3.84916,4322,7594,3272,4322,0,68.345,0,damping
1780599180.152782,66.61234910000348,66830,0.027832,-0.029541,1.051758,1.877863,3.053435,-0.931298,1.052541,3.703667,4323,7596,3273,4323,0,68.345,6,damping
1780599180.1849055,66.64447260000452,66862,0.061768,-0.037109,1.066162,1.435114,3.656489,-0.564886,1.068594,3.968445,4326,7600,3274,4326,0,68.345,7,damping
1780599180.2154844,66.6750514000014,66893,0.033691,-0.029297,1.061523,1.648855,2.656489,-0.740458,1.062462,3.213088,4327,7602,3275,4327,0,68.345,7,damping
1780599180.2462714,66.70583849999821,66924,0.049805,-0.042236,1.046143,1.671756,3.656489,-0.977099,1.048179,4.13756,4328,7605,3277,4328,1,68.345,16,damping
1780599180.2770383,66.73660550000204,66955,0.055908,-0.029297,1.057129,2.175573,2.580153,-0.969466,1.059012,3.511434,4332,7610,3278,4332,0,68.345,7,damping
1780599180.307411,66.76697810000041,66986,0.054443,-0.025146,1.067871,1.70229,3.19084,-1.343511,1.069554,3.858014,4334,7614,3280,4334,0,64.286,0,damping
1780599180.338631,66.79819790000329,67016,0.041748,-0.039307,1.056641,1.618321,3.618321,-1.122137,1.058195,4.119514,4335,7616,3281,4335,1,64.286,6,damping
1780599180.3747358,66.83430280000903,67053,0.054688,-0.025146,1.057129,1.70229,3.427481,-1.015267,1.058841,3.959316,4338,7620,3282,4338,0,64.286,7,damping
1780599180.4056985,66.8652657000057,67083,0.055908,-0.031006,1.058838,1.633588,3.21374,-1.076336,1.060766,3.762344,4339,7622,3283,4339,0,64.286,7,damping
1780599180.43721,66.89677710000251,67114,0.055176,-0.034668,1.052978,1.648855,3.427481,-1.267176,1.054993,4.009,4341,7625,3284,4341,1,64.286,15,damping
1780599180.4681594,66.927726599999,67146,0.049072,-0.045898,1.058594,1.725191,3.343511,-1.015267,1.060724,3.896937,4343,7628,3285,4343,0,64.286,7,damping
1780599180.4996395,66.95920660000411,67177,0.039062,-0.025635,1.048584,1.557252,3.78626,-1.343511,1.049624,4.308807,4344,7630,3286,4344,0,64.286,6,damping
1780599180.5309846,66.99055180000141,67208,0.052002,-0.021729,1.061035,2.091603,3.175573,-1.40458,1.062531,4.05363,4347,7634,3287,4347,0,64.286,7,damping
1780599180.5609672,67.0205341999972,67239,0.032959,-0.024658,1.053223,1.526718,3.030534,-0.977099,1.054027,3.53125,4349,7638,3289,4349,0,59.289,0,damping
1780599180.5924988,67.05206580000231,67270,0.035889,-0.044189,1.050293,1.442748,3.389313,-0.954198,1.051835,3.805188,4351,7643,3292,4351,1,59.289,14,damping
1780599180.6233125,67.0828795999987,67301,0.04126,-0.033203,1.058106,1.931298,3.038168,-1.198473,1.05943,3.7943,4355,7648,3293,4355,0,59.289,7,damping
1780599180.6546397,67.11420690000523,67332,0.048584,-0.020752,1.06665,1.587786,2.671756,-1.068702,1.067958,3.286559,4356,7650,3294,4356,0,59.289,7,damping
1780599180.686052,67.14561910000339,67363,0.062256,-0.043945,1.058838,1.671756,3.435115,-1.351145,1.061576,4.052206,4357,7653,3296,4357,1,59.289,16,damping
1780599180.7159889,67.17555600000196,67394,0.052734,-0.031006,1.059082,1.763359,3.236641,-1.129771,1.060847,3.855083,4359,7656,3297,4359,0,59.289,7,damping
1780599180.7465277,67.20609479999985,67425,0.054443,-0.026123,1.05957,1.671756,3.267176,-0.984733,1.06129,3.799856,4360,7658,3298,4360,0,59.289,7,damping
1780599180.7936134,67.25318050000351,67456,0.0354,-0.012207,1.052734,1.633588,3.137405,-1.419847,1.0534,3.811546,4361,7661,3300,4361,1,59.289,17,damping
1780599180.8093476,67.26891460000479,67487,0.049316,-0.036133,1.065674,1.740458,2.900763,-1.389313,1.067426,3.657022,4363,7664,3301,4363,0,59.289,7,damping
1780599180.8403316,67.29989870000281,67518,0.047607,-0.035889,1.058106,1.48855,3.19084,-1.167939,1.059784,3.709625,4364,7666,3302,4364,0,53.763,7,damping
1780599180.8716905,67.33125770000333,67549,0.039795,-0.037109,1.058838,1.572519,2.778626,-1.183206,1.060235,3.404931,4366,7671,3305,4366,1,53.763,14,damping
1780599180.9029558,67.3625228000019,67580,0.033936,-0.028564,1.054199,1.51145,3.061069,-1.198473,1.055132,3.618144,4369,7676,3307,4369,0,53.763,1,damping
1780599180.9331434,67.39271050000389,67611,0.04248,-0.043213,1.059814,1.954198,3.374046,-1.221374,1.061545,4.085931,4370,7678,3308,4370,0,53.763,7,damping
1780599180.963615,67.4231820999994,67642,0.020752,-0.04248,1.047119,1.610687,2.877863,-1.244275,1.048186,3.524858,4371,7681,3310,4371,1,53.763,16,damping
1780599180.9960186,67.45558570000867,67674,0.033203,-0.02002,1.057861,1.450382,2.435115,-1.641221,1.058572,3.27521,4382,7693,3311,4382,0,53.763,0,damping
1780599181.0266368,67.4862037999992,67705,0.03418,-0.031494,1.05957,1.549618,2.564885,-1.40458,1.060589,3.309502,4383,7695,3312,4383,0,53.763,7,damping
1780599181.057506,67.51707319999696,67736,0.057617,-0.039062,1.058106,1.763359,3.473282,-1.412214,1.060393,4.143365,4385,7700,3315,4385,1,53.763,13,damping
1780599181.0893683,67.54893540000194,67767,0.050537,-0.01709,1.052246,1.412214,3.129771,-1.312977,1.053598,3.676102,4387,7703,3316,4387,0,53.763,7,damping
1780599181.1199424,67.57950950000668,67798,0.048584,-0.04126,1.056152,1.564886,2.671756,-1.282443,1.058074,3.351388,4388,7705,3317,4388,0,85.714,7,damping
1780599181.151483,67.61105020000832,67829,0.047607,-0.022217,1.057373,2.320611,3.267176,-1.335878,1.058677,4.224244,4389,7708,3319,4389,1,85.714,16,damping
1780599181.182586,67.64215310000873,67860,0.049805,-0.012207,1.05249,1.40458,3.343511,-1.206107,1.053739,3.821859,4393,7713,3320,4393,0,85.714,7,damping
1780599181.2137113,67.67327830000431,67891,0.040283,-0.02832,1.055176,1.832061,2.770992,-0.946565,1.056324,3.454104,4394,7715,3321,4394,0,85.714,7,damping
1780599181.245084,67.70465100000729,67922,0.040527,-0.022217,1.057129,1.381679,3.022901,-1.465649,1.058139,3.632505,4396,7718,3322,4396,1,85.714,15,damping
1780599181.2748094,67.73437639999611,67953,0.055664,-0.006836,1.057617,0.977099,3.206107,-0.770992,1.059103,3.439226,4398,7721,3323,4398,0,85.714,7,damping
1780599181.306765,67.7663321,67984,0.058594,-0.023926,1.057617,1.221374,2.961832,-1.129771,1.059509,3.397144,4400,7725,3325,4400,0,85.714,0,damping
1780599181.3383849,67.79795190000732,68015,0.047607,-0.049561,1.053223,2.061069,3.251908,-1.152672,1.055462,4.018901,4402,7728,3326,4402,1,85.714,16,damping
1780599181.3683631,67.82793010000023,68046,0.028809,-0.031006,1.052002,1.366412,3.519084,-1.068702,1.052853,3.923412,4406,7733,3327,4406,0,85.714,7,damping
1780599181.3994327,67.85899970000901,68077,0.02832,-0.02832,1.05249,1.992366,2.923664,-1.290076,1.053252,3.765851,4407,7735,3328,4407,0,68.1,7,damping
1780599181.4310746,67.89064179999696,68108,0.041992,-0.021484,1.061523,2.465649,2.923664,-0.969466,1.062571,3.945516,4410,7739,3329,4410,0,68.1,7,damping
1780599181.4622757,67.92184290000296,68139,0.042725,-0.030762,1.055908,1.419847,2.977099,-1.587786,1.05722,3.660622,4412,7743,3331,4412,0,68.1,0,damping
1780599181.4929852,67.95255240000552,68170,0.036133,-0.044189,1.046143,1.816794,2.977099,-1.541985,1.047699,3.813342,4413,7745,3332,4413,0,68.1,5,damping
1780599181.5232391,67.9828062000015,68201,0.023926,-0.052002,1.021728,1.396947,2.267176,-0.969466,1.023331,2.833974,4416,7749,3333,4416,0,68.1,7,damping
1780599181.5541377,68.01370480000332,68232,0.031494,-0.027588,1.062012,1.259542,3.328244,-1.534351,1.062837,3.875292,4417,7751,3334,4417,0,68.1,6,damping
1780599181.5848622,68.04442940000445,68263,0.035889,-0.036377,1.061768,1.129771,3.534351,-1.335878,1.062996,3.943677,4418,7754,3336,4418,1,68.1,16,damping
1780599181.616762,68.07632910000393,68294,0.039551,-0.037598,1.057129,1.80916,3.091603,-0.89313,1.058536,3.691714,4422,7759,3337,4422,0,68.1,7,damping
1780599181.6466637,68.10623079999641,68326,0.037109,-0.020996,1.071777,1.282443,3.229008,-1.0,1.072625,3.615405,4424,7763,3339,4424,0,68.1,0,damping
1780599181.6770282,68.13659530000587,68356,0.051514,-0.041504,1.061768,1.625954,3.137405,-1.0,1.063826,3.67247,4425,7766,3341,4425,1,64.516,16,damping
1780599181.708147,68.16771400001016,68386,0.049316,-0.015381,1.05957,1.633588,3.015267,-1.343511,1.060829,3.683133,4427,7769,3342,4427,0,64.516,7,damping
1780599181.739399,68.19896599999629,68417,0.039062,-0.025635,1.058838,0.885496,3.51145,-0.885496,1.059868,3.728068,4428,7771,3343,4428,0,64.516,7,damping
1780599181.7702718,68.22983890000614,68448,0.041016,-0.047363,1.046631,1.137405,3.381679,-1.259542,1.048504,3.783634,4429,7774,3345,4429,1,64.516,17,damping
1780599181.8002956,68.25986259999627,68479,0.046875,-0.023682,1.065918,1.725191,2.984733,-1.0,1.067211,3.589556,4431,7777,3346,4431,0,64.516,7,damping
1780599181.831889,68.29145590000553,68509,0.034424,-0.026123,1.05249,1.129771,3.343511,-1.152672,1.053377,3.712695,4432,7779,3347,4432,0,64.516,7,damping
1780599181.8669174,68.32648450000852,68540,0.031738,-0.04834,1.051514,1.603053,3.229008,-1.061069,1.053103,3.757943,4433,7782,3349,4433,1,64.516,16,damping
1780599181.8952165,68.3547835000063,68571,0.056396,-0.019043,1.052734,1.694656,3.038168,-1.549618,1.054416,3.808365,4435,7785,3350,4435,0,64.516,7,damping
1780599181.9254086,68.3849756999989,68603,0.043213,-0.037842,1.066406,1.839695,2.816794,-1.343511,1.067952,3.622682,4438,7789,3351,4438,0,64.516,7,damping
1780599181.9567,68.41626710000855,68634,0.061523,-0.023438,1.06543,1.618321,3.221374,-1.442748,1.067462,3.883006,4440,7794,3354,4440,1,53.957,13,damping
1780599181.9867523,68.44631929999741,68665,0.044189,-0.034668,1.055664,1.931298,2.732824,-1.221374,1.057157,3.562302,4442,7797,3355,4442,0,53.957,7,damping
1780599182.0188155,68.47838260000572,68696,0.031738,-0.027588,1.056641,1.557252,3.351145,-1.328244,1.057477,3.92676,4443,7799,3356,4443,0,53.957,7,damping
1780599182.0492923,68.5088592999964,68727,0.058838,-0.013916,1.05249,1.885496,2.709924,-1.061069,1.054225,3.467658,4444,7802,3358,4444,1,53.957,17,damping
1780599182.0797396,68.53930669999681,68758,0.017578,-0.015625,1.053711,1.656489,2.59542,-1.122137,1.053973,3.277095,4446,7805,3359,4446,0,53.957,7,damping
1780599182.111707,68.57127400000172,68789,0.050049,-0.028564,1.067383,2.045802,3.290076,-0.748092,1.068937,3.945826,4447,7807,3360,4447,0,53.957,7,damping
1780599182.1421943,68.60176140000112,68820,0.027344,-0.036865,1.051758,1.541985,3.381679,-1.183206,1.052759,3.900442,4448,7810,3362,4448,1,53.957,16,damping
1780599182.1736605,68.63322750000225,68851,0.05542,-0.0271,1.047852,1.862595,2.778626,-1.396947,1.049666,3.625118,4450,7813,3363,4450,0,53.957,7,damping
1780599182.2049963,68.66456330000074,68882,0.033203,-0.015137,1.06958,1.015267,3.175573,-1.816794,1.070202,3.79681,4452,7817,3365,4452,0,53.957,1,damping
1780599182.2353666,68.69493359999615,68913,0.018311,-0.041504,1.051758,1.435114,3.251908,-1.145038,1.052736,3.734377,4454,7822,3368,4454,1,50.179,14,damping
1780599182.266882,68.72644900000887,68944,0.057861,-0.0271,1.052978,1.465649,3.21374,-0.908397,1.054915,3.647114,4458,7827,3369,4458,0,50.179,7,damping
1780599182.2985306,68.75809760000266,68975,0.049316,-0.038818,1.060791,1.503817,2.839695,-1.305344,1.062646,3.468321,4459,7829,3370,4459,0,50.179,7,damping
1780599182.3286781,68.7882452000049,69006,0.065186,-0.04248,1.058838,1.633588,2.770992,-1.358779,1.061693,3.491889,4460,7832,3372,4460,1,50.179,16,damping
1780599182.359791,68.81935810000869,69037,0.042725,-0.030518,1.045654,1.08397,3.312977,-0.717557,1.046972,3.55889,4464,7837,3373,4464,0,50.179,7,damping
1780599182.3897502,68.8493174000032,69068,0.029785,-0.032959,1.041992,1.687023,2.816794,-1.259542,1.042939,3.516649,4466,7841,3375,4466,0,50.179,1,damping
1780599182.4221215,68.88168869999936,69099,0.043213,-0.017334,1.052246,1.961832,2.916031,-1.526718,1.053276,3.831826,4467,7844,3377,4467,1,50.179,16,damping
1780599182.4520721,68.91163909999887,69130,0.057861,-0.025391,1.047119,2.068702,2.89313,-1.145038,1.049024,3.736421,4469,7847,3378,4469,0,50.179,7,damping
1780599182.4828231,68.94239019999804,69161,0.032715,-0.041504,1.055908,1.480916,3.343511,-0.923664,1.05723,3.771649,4470,7849,3379,4470,0,50.179,7,damping
1780599182.5143123,68.97387940000044,69192,0.039062,-0.0271,1.060791,2.053435,3.572519,-0.908397,1.061856,4.219559,4472,7854,3382,4472,1,64.516,14,damping
1780599182.5457256,69.00529260000621,69223,0.048096,-0.004883,1.05957,1.183206,3.229008,-0.984733,1.060672,3.577173,4474,7857,3383,4474,0,64.516,7,damping
1780599182.576881,69.03644789999817,69254,0.036133,-0.029785,1.062744,1.114504,3.419847,-1.290076,1.063775,3.821226,4475,7859,3384,4475,0,64.516,7,damping
1780599182.6074715,69.06703859999834,69285,0.035889,-0.040039,1.061035,1.938931,3.305344,-0.969466,1.062397,3.952798,4477,7862,3385,4477,1,64.516,15,damping
1780599182.6395307,69.09909770000377,69317,0.021484,-0.030762,1.057861,0.984733,3.305344,-1.557252,1.058526,3.784181,4480,7867,3387,4480,0,64.516,1,damping
1780599182.6704993,69.1300665000017,69348,0.041992,-0.031006,1.054443,1.206107,3.21374,-1.465649,1.055734,3.732418,4481,7869,3388,4481,0,64.516,5,damping
1780599182.7026877,69.16225490000215,69380,0.029541,-0.039062,1.060791,2.068702,3.21374,-1.351145,1.061921,4.053794,4484,7875,3391,4484,0,64.516,7,damping
1780599182.734287,69.19385399999737,69412,0.05835,-0.04126,1.062744,1.641221,2.946565,-0.793893,1.065144,3.464985,4485,7877,3392,4485,0,64.516,7,damping
1780599182.765489,69.22505609999644,69443,0.042236,-0.021973,1.057861,1.427481,2.641221,-1.312977,1.058932,3.276837,4486,7880,3394,4486,1,55.777,16,damping
1780599182.796624,69.25619100000768,69474,0.036621,-0.021729,1.055664,1.625954,2.541985,-1.229008,1.056522,3.258201,4488,7883,3395,4488,0,55.777,7,damping
1780599182.8280792,69.28764619999856,69505,0.041504,-0.02832,1.064453,1.70229,3.366412,-0.770992,1.065638,3.850318,4489,7885,3396,4489,0,55.777,7,damping
1780599182.8582504,69.31781750000664,69536,0.041748,-0.04248,1.056641,1.984733,2.59542,-1.267176,1.058318,3.50444,4490,7888,3398,4490,1,55.777,16,damping
1780599182.889425,69.34899210000003,69567,0.048584,-0.021973,1.061523,1.526718,2.900763,-1.282443,1.062862,3.519936,4492,7891,3399,4492,0,55.777,7,damping
1780599182.9205706,69.3801378000062,69598,0.035156,-0.032959,1.064697,1.877863,3.022901,-0.954198,1.065787,3.684398,4493,7893,3400,4493,0,55.777,6,damping
1780599182.9526956,69.41226270000334,69629,0.024414,-0.033691,1.048096,1.763359,2.793893,-1.145038,1.048921,3.496625,4495,7898,3403,4495,1,55.777,14,damping
1780599182.9831665,69.44273360000807,69661,0.035156,-0.020752,1.054932,1.358779,2.938931,-1.030534,1.055721,3.397881,4507,7911,3404,4507,0,55.777,0,damping
1780599183.0148811,69.47444820000965,69692,0.031982,-0.03418,1.057617,1.541985,3.152672,-1.358779,1.058652,3.763421,4508,7913,3405,4508,0,55.777,7,damping
1780599183.0457513,69.5053184999997,69723,0.032471,-0.020264,1.051758,1.89313,3.305344,-1.320611,1.052454,4.031532,4509,7916,3407,4509,1,82.143,16,damping
1780599183.0762186,69.5357856000046,69754,0.05249,-0.007324,1.05127,1.59542,3.030534,-1.129771,1.052605,3.606367,4512,7921,3409,4512,0,82.143,0,damping
1780599183.1067846,69.56635160000587,69785,0.047607,-0.037354,1.047363,1.900763,2.824427,-1.122137,1.04911,3.584618,4514,7925,3411,4514,0,82.143,0,damping
1780599183.1387198,69.59828689999995,69816,0.047852,-0.034424,1.05249,1.78626,3.541985,-1.40458,1.05414,4.208233,4516,7928,3412,4516,1,82.143,15,damping
1780599183.1693919,69.628958900008,69847,0.045898,-0.025879,1.053467,1.40458,3.251908,-1.40458,1.054784,3.81059,4518,7931,3413,4518,0,82.143,7,damping
1780599183.201037,69.66060390000348,69878,0.04541,-0.032959,1.055664,1.450382,3.114504,-1.10687,1.057154,3.609557,4519,7933,3414,4519,0,82.143,7,damping
1780599183.2333205,69.69288750000123,69910,0.037354,-0.02832,1.057617,2.534351,3.122137,-1.251908,1.058656,4.211644,4521,7936,3415,4521,0,82.143,15,damping
1780599183.2635944,69.72316140000476,69941,0.033203,-0.020996,1.052734,1.374046,2.183206,-1.572519,1.053467,3.021127,4525,7941,3416,4525,0,82.143,7,damping
1780599183.2949104,69.75447759999952,69972,0.036377,-0.039551,1.050049,1.122137,3.320611,-0.961832,1.051423,3.634662,4526,7943,3417,4526,0,82.143,5,damping
1780599183.3273046,69.78687170000921,70004,0.023926,-0.034424,1.058106,2.068702,2.938931,-1.290076,1.058936,3.818526,4529,7947,3418,4529,0,71.174,7,damping
1780599183.3585355,69.81810270001006,70036,0.04541,-0.024902,1.053223,1.374046,3.335878,-0.931298,1.054495,3.726044,4530,7949,3419,4530,0,71.174,6,damping
1780599183.3899686,69.84953560000577,70067,0.036621,-0.037598,1.045898,1.442748,2.671756,-0.946565,1.047214,3.180532,4532,7954,3422,4532,1,71.174,14,damping
1780599183.420533,69.88009990000864,70098,0.035156,-0.024658,1.048828,1.587786,3.129771,-1.473282,1.049707,3.806192,4537,7961,3424,4537,0,71.174,0,damping
1780599183.4531276,69.9126946000033,70130,0.036133,-0.017334,1.064941,1.908397,2.755725,-0.984733,1.065695,3.493666,4538,7963,3425,4538,0,71.174,7,damping
1780599183.484002,69.94356909999624,70161,0.04834,-0.044189,1.050049,1.496183,2.969466,-1.167939,1.052089,3.524255,4539,7966,3427,4539,1,71.174,16,damping
1780599183.5154684,69.97503549999965,70192,0.052002,-0.036377,1.049561,1.175572,3.381679,-0.89313,1.051477,3.689906,4541,7969,3428,4541,0,71.174,7,damping
1780599183.5450933,70.00466040000902,70223,0.045654,-0.037598,1.067383,1.755725,2.618321,-1.251908,1.06902,3.391968,4543,7973,3430,4543,0,71.174,0,damping
1780599183.5767229,70.03628990000288,70254,0.064453,-0.023193,1.057861,1.946565,3.603053,-1.290076,1.060077,4.293648,4544,7976,3432,4544,1,60.0,16,damping
1780599183.608154,70.0677211000002,70285,0.052246,-0.016357,1.047852,1.877863,3.351145,-1.221374,1.049281,4.030917,4546,7979,3433,4546,0,60.0,7,damping
1780599183.639191,70.09875800000736,70316,0.03418,-0.037109,1.051025,1.946565,2.748092,-1.08397,1.052236,3.537812,4547,7981,3434,4547,0,60.0,7,damping
1780599183.6690397,70.12860680000449,70347,0.043457,-0.02417,1.054688,1.961832,3.282443,-1.351145,1.055859,4.055713,4548,7984,3436,4548,1,60.0,16,damping
1780599183.7004547,70.16002190001018,70378,0.045654,-0.011963,1.057617,1.183206,3.175573,-1.236641,1.05867,3.607426,4552,7989,3437,4552,0,60.0,7,damping
1780599183.7349882,70.19455539999763,70409,0.05249,-0.036865,1.057129,1.526718,2.89313,-1.328244,1.059073,3.530623,4554,7993,3439,4554,0,60.0,1,damping
1780599183.7628696,70.22243670000171,70440,0.043701,-0.026611,1.056152,2.099237,3.328244,-1.618321,1.057391,4.254758,4556,7996,3440,4556,1,60.0,15,damping
1780599183.7924268,70.25199400000565,70471,0.043701,-0.004639,1.052734,1.030534,3.167939,-1.167939,1.053651,3.530144,4558,7999,3441,4558,0,60.0,7,damping
1780599183.8216875,70.28125460000592,70501,0.055176,-0.044189,1.060059,1.770992,3.29771,-1.167939,1.062413,3.921146,4559,8001,3442,4559,0,60.0,7,damping
1780599183.8529887,70.31255570000212,70531,0.041504,-0.036133,1.056641,1.694656,2.557252,-1.419847,1.058073,3.380438,4560,8004,3444,4560,1,57.762,16,damping
1780599183.8838089,70.3433759000036,70562,0.049072,-0.025391,1.055664,1.625954,3.328244,-1.259542,1.057109,3.912465,4562,8007,3445,4562,0,57.762,7,damping
1780599183.9154391,70.37500630000432,70593,0.039307,-0.036621,1.049316,1.656489,3.061069,-1.312977,1.050691,3.719947,4563,8009,3446,4563,0,57.762,7,damping
1780599183.9466152,70.4061822000076,70624,0.05127,-0.025391,1.058106,2.091603,2.847328,-0.984733,1.059651,3.667667,4564,8012,3448,4564,1,57.762,16,damping
1780599183.9787037,70.43827070000407,70655,0.052979,-0.018555,1.050293,1.740458,3.374046,-0.938931,1.051792,3.910879,4567,8017,3450,4567,0,57.762,1,damping
1780599184.0069113,70.46647830000438,70686,0.032715,-0.042236,1.053223,1.725191,3.0,-1.221374,1.054577,3.669882,4568,8019,3451,4568,0,57.762,7,damping
1780599184.0393848,70.49895190000825,70716,0.053955,-0.028564,1.057129,1.854962,2.89313,-1.022901,1.05889,3.585723,4569,8022,3453,4569,1,57.762,16,damping
1780599184.0693986,70.52896560000954,70747,0.075195,-0.030029,1.053467,1.473282,3.412214,-0.961832,1.056574,3.839126,4571,8025,3454,4571,0,57.762,7,damping
1780599184.1010613,70.56062840000959,70778,0.04126,-0.041748,1.05249,1.832061,3.175573,-1.08397,1.054126,3.823048,4572,8027,3455,4572,0,57.762,7,damping
1780599184.131194,70.59076130000176,70809,0.037598,-0.028809,1.056396,2.221374,2.954198,-1.022901,1.057458,3.835116,4574,8032,3458,4574,1,50.36,13,damping
1780599184.1614778,70.62104480000562,70840,0.039551,-0.00293,1.064453,1.381679,3.206107,-1.358779,1.065192,3.746256,4577,8037,3460,4577,0,50.36,1,damping
1780599184.1932323,70.65279940000619,70871,0.044922,-0.036133,1.058838,1.603053,2.938931,-1.091603,1.060406,3.521178,4578,8039,3461,4578,0,50.36,7,damping
1780599184.2239115,70.6834785999963,70902,0.050049,-0.026855,1.061279,1.992366,3.458015,-0.954198,1.062798,4.103399,4580,8042,3462,4580,1,50.36,16,damping
1780599184.2559552,70.71552240000165,70933,0.048584,-0.031494,1.057373,1.374046,3.312977,-1.145038,1.058957,3.764961,4582,8045,3463,4582,0,50.36,7,damping
1780599184.2861695,70.74573650000093,70964,0.039062,-0.030273,1.061279,1.587786,3.061069,-1.526718,1.062429,3.771217,4584,8049,3465,4584,0,50.36,0,damping
1780599184.317175,70.77674200000183,70995,0.043213,-0.032227,1.056152,1.770992,3.465649,-1.0,1.057527,4.01835,4586,8052,3466,4586,1,50.36,15,damping
1780599184.3475046,70.80707170000824,71025,0.056152,-0.015381,1.061768,1.458015,3.282443,-1.396947,1.063363,3.85379,4588,8055,3467,4588,0,50.36,7,damping
1780599184.378635,70.83820209999976,71056,0.04834,-0.03418,1.054443,1.603053,3.152672,-1.312977,1.056104,3.772669,4589,8057,3468,4589,0,50.36,7,damping
1780599184.410235,70.86980210000183,71087,0.036377,-0.030273,1.050049,1.732824,3.541985,-1.229008,1.051115,4.13023,4591,8060,3469,4591,1,61.151,15,damping
1780599184.4416506,70.90121759999602,71119,0.025146,-0.036377,1.058838,1.389313,3.091603,-1.312977,1.059761,3.634846,4596,8067,3471,4596,0,61.151,1,damping
1780599184.4729912,70.93255830000271,71150,0.039062,-0.029541,1.057373,1.870229,2.969466,-1.145038,1.058507,3.691422,4598,8071,3473,4598,0,61.151,0,damping
1780599184.5024107,70.96197780000512,71181,0.037598,-0.019287,1.05542,1.748092,3.206107,-1.0,1.056266,3.786152,4601,8075,3474,4601,0,61.151,7,damping
1780599184.5346763,70.99424349999754,71212,0.046143,-0.029297,1.068115,1.450382,2.412214,-1.473282,1.069513,3.176939,4602,8077,3475,4602,0,61.151,7,damping
1780599184.565885,71.02545210000244,71243,0.043213,-0.030273,1.054932,1.648855,2.793893,-1.236641,1.05625,3.471864,4603,8079,3476,4603,0,61.151,6,damping
1780599184.5970054,71.05657240000437,71274,0.058105,-0.029053,1.06958,1.381679,3.389313,-1.320611,1.071551,3.891079,4606,8083,3477,4606,0,61.151,7,damping
1780599184.6285505,71.08811759999662,71306,0.037109,-0.023926,1.052246,1.381679,2.916031,-1.183206,1.053172,3.436895,4609,8087,3478,4609,0,61.151,7,damping
1780599184.6596344,71.11920139999711,71337,0.038574,-0.026611,1.057617,1.442748,2.824427,-1.48855,1.058655,3.503526,4610,8090,3480,4610,1,76.0,17,damping
1780599184.6906257,71.15019280000706,71368,0.035645,-0.0271,1.056152,1.793893,2.381679,-1.282443,1.057101,3.245783,4612,8093,3481,4612,0,76.0,7,damping
1780599184.720976,71.18054329999723,71399,0.036865,-0.027588,1.056885,1.122137,3.557252,-0.755725,1.057887,3.805832,4614,8097,3483,4614,0,76.0,0,damping
1780599184.766245,71.22581200000423,71430,0.058105,-0.01416,1.05542,1.656489,2.618321,-1.198473,1.057113,3.322032,4615,8100,3485,4615,1,76.0,16,damping
1780599184.7828386,71.2424056000018,71461,0.031006,-0.022949,1.055176,1.564886,2.435115,-1.427481,1.055881,3.227437,4617,8103,3486,4617,0,76.0,7,damping
1780599184.8146262,71.27419330000703,71492,0.066406,-0.039795,1.059326,1.427481,3.358779,-0.938931,1.062151,3.76838,4618,8105,3487,4618,0,76.0,7,damping
1780599184.8445714,71.30413849999604,71522,0.05127,-0.021973,1.047119,1.824428,3.183206,-1.427481,1.048604,3.936882,4619,8108,3489,4619,1,76.0,17,damping
1780599184.8756206,71.3351876000088,71553,0.042725,-0.033936,1.063965,1.572519,2.412214,-1.312977,1.065363,3.164728,4623,8113,3490,4623,0,76.0,7,damping
1780599184.906594,71.36616119999962,71584,0.056885,-0.034668,1.06543,1.343511,3.091603,-1.251908,1.06751,3.595874,4625,8117,3492,4625,0,76.0,0,damping
1780599184.9387097,71.39827669999795,71615,0.041016,-0.021973,1.047607,1.160305,2.80916,-1.503817,1.04864,3.39104,4626,8120,3494,4626,1,57.554,16,damping
1780599184.9691129,71.42867999999726,71647,0.035645,-0.025391,1.057129,1.824428,3.083969,-1.08397,1.058034,3.74358,4628,8123,3495,4628,0,57.554,7,damping
1780599185.0003781,71.45994509999582,71678,0.047607,-0.029053,1.065918,1.473282,3.137405,-1.290076,1.067376,3.698401,4629,8125,3496,4629,0,57.554,7,damping
1780599185.0311608,71.49072800000431,71709,0.034424,-0.033691,1.044434,1.732824,3.175573,-1.282443,1.045544,3.838177,4630,8128,3498,4630,1,57.554,17,damping
1780599185.0635967,71.5231638999976,71740,0.038818,-0.026123,1.052734,1.633588,3.122137,-1.167939,1.053774,3.7122,4632,8131,3499,4632,0,57.554,7,damping
1780599185.093858,71.55342500000552,71771,0.032227,-0.04541,1.055664,1.557252,2.969466,-0.977099,1.057132,3.49249,4633,8133,3500,4633,0,57.554,7,damping
1780599185.1246843,71.58425139999599,71802,0.061768,-0.037598,1.057129,1.381679,3.022901,-1.572519,1.059599,3.676926,4634,8136,3502,4634,1,57.554,16,damping
1780599185.1578763,71.61744339999859,71834,0.050049,-0.015869,1.057129,1.732824,2.832061,-1.129771,1.058432,3.507083,4637,8141,3504,4637,0,57.554,1,damping
1780599185.1872332,71.64680020000378,71865,0.058594,-0.042236,1.063232,1.572519,2.969466,-1.091603,1.065683,3.533007,4638,8143,3505,4638,0,48.0,7,damping
1780599185.2193294,71.67889650000143,71896,0.058838,-0.040283,1.061279,2.015267,3.198473,-1.305344,1.063672,3.999432,4641,8148,3507,4641,1,48.0,13,damping
1780599185.2497258,71.7092929000064,71927,0.061768,-0.026367,1.055664,1.564886,3.229008,-1.396947,1.057798,3.850561,4643,8151,3508,4643,0,48.0,7,damping
1780599185.2800963,71.73966330000258,71958,0.045166,-0.034424,1.049072,1.274809,3.251908,-0.977099,1.050608,3.62695,4644,8153,3509,4644,0,48.0,7,damping
1780599185.3118274,71.77139460000035,71989,0.0354,-0.033691,1.064453,1.580153,3.229008,-1.068702,1.065574,3.7504,4647,8158,3511,4647,1,48.0,14,damping
1780599185.3425508,71.80211780000536,72020,0.029053,-0.035645,1.058838,1.40458,3.114504,-1.374046,1.059836,3.682524,4650,8163,3513,4650,0,48.0,0,damping
1780599185.372735,71.83230219999678,72051,0.038086,-0.02124,1.049805,1.618321,2.816794,-1.442748,1.05071,3.554548,4651,8165,3514,4651,0,48.0,7,damping
1780599185.4035928,71.86315980000654,72081,0.038086,-0.031006,1.056885,1.557252,3.389313,-1.091603,1.058025,3.886396,4653,8168,3515,4653,1,48.0,15,damping
1780599185.4343562,71.89392339999904,72112,0.035645,-0.033203,1.045654,0.816794,3.19084,-1.167939,1.046788,3.494666,4655,8171,3516,4655,0,48.0,7,damping
1780599185.4658415,71.92540849999932,72143,0.049316,-0.034424,1.045898,1.320611,3.328244,-0.931298,1.047626,3.699802,4657,8175,3518,4657,0,68.345,1,damping
1780599185.4961388,71.9557058000064,72174,0.058594,-0.037109,1.063232,1.778626,3.824427,-1.183206,1.065492,4.380608,4659,8178,3519,4659,1,68.345,14,damping
1780599185.5283072,71.98787430000084,72205,0.03833,-0.030273,1.053711,1.374046,3.068702,-1.160305,1.054842,3.556859,4661,8181,3520,4661,0,68.345,7,damping
1780599185.5584514,72.01801840000553,72236,0.036865,-0.029053,1.060059,1.954198,3.229008,-1.229008,1.061097,3.969363,4662,8183,3521,4662,0,68.345,7,damping
1780599185.5908551,72.05042220000178,72267,0.042969,-0.025635,1.0625,1.862595,3.541985,-1.267176,1.063677,4.197696,4665,8187,3522,4665,0,68.345,7,damping
1780599185.6205597,72.08012680000684,72298,0.04126,-0.038574,1.04834,1.320611,3.244275,-1.320611,1.04986,3.74344,4668,8191,3523,4668,0,68.345,7,damping
1780599185.6518068,72.11137389999931,72329,0.044922,-0.030029,1.057617,1.549618,3.229008,-1.167939,1.058997,3.767212,4670,8195,3525,4670,0,68.345,1,damping
1780599185.6828313,72.14239839999937,72360,0.04541,-0.025879,1.057861,1.671756,2.618321,-1.40458,1.059152,3.409284,4673,8199,3526,4673,0,68.345,7,damping
1780599185.7137506,72.17331769999873,72391,0.032959,-0.021729,1.067139,1.236641,2.320611,-1.251908,1.067869,2.912351,4674,8201,3527,4674,0,68.345,7,damping
1780599185.7444475,72.20401450000645,72422,0.03833,-0.040283,1.060059,1.458015,3.274809,-1.251908,1.061516,3.797033,4675,8204,3529,4675,1,64.516,17,damping
1780599185.7761707,72.23573770000075,72453,0.029053,-0.028076,1.061279,1.778626,2.923664,-1.198473,1.062048,3.62597,4677,8207,3530,4677,0,64.516,7,damping
1780599185.8223197,72.28188670000236,72484,0.061768,-0.027344,1.057617,1.465649,3.061069,-1.442748,1.059772,3.68779,4678,8209,3531,4678,0,64.516,7,damping
1780599185.8380082,72.29757530000643,72515,0.061523,-0.043945,1.055176,1.900763,2.854962,-1.282443,1.057881,3.661744,4679,8212,3533,4679,1,64.516,16,damping
1780599185.8701506,72.3297176000051,72547,0.017822,-0.014893,1.049561,1.625954,2.534351,-1.366412,1.049817,3.306621,4681,8215,3534,4681,0,64.516,7,damping
1780599185.899115,72.35868210000626,72578,0.053223,-0.037354,1.0625,1.648855,2.618321,-1.015267,1.064488,3.256546,4683,8219,3536,4683,0,64.516,1,damping
1780599185.9313614,72.39092839999648,72608,0.032227,-0.011719,1.05127,1.290076,2.89313,-1.099237,1.051829,3.353031,4684,8222,3538,4684,1,64.516,17,damping
1780599185.9674582,72.42702540000028,72645,0.022461,-0.025146,1.059814,1.694656,2.740458,-1.152672,1.060351,3.422079,4688,8227,3539,4688,0,64.516,7,damping
1780599185.999494,72.45906110000215,72677,0.05542,-0.011719,1.062012,1.816794,3.175573,-1.534351,1.063521,3.96727,4689,8230,3541,4689,1,54.902,16,damping
1780599186.0323558,72.49192290000792,72709,0.040527,-0.027344,1.053223,1.656489,2.687023,-1.244275,1.054357,3.392973,4691,8233,3542,4691,0,54.902,7,damping
1780599186.0623376,72.5219047999999,72740,0.055176,-0.020752,1.072754,1.931298,3.053435,-0.946565,1.074372,3.734884,4692,8235,3543,4692,0,54.902,7,damping
1780599186.0932946,72.55286160000833,72771,0.047363,-0.04541,1.05127,1.496183,2.748092,-1.19084,1.053315,3.347936,4693,8238,3545,4693,1,54.902,16,damping
1780599186.1260324,72.58559950000199,72803,0.064697,-0.04248,1.052734,1.816794,3.091603,-0.984733,1.055576,3.718662,4695,8241,3546,4695,0,54.902,7,damping
1780599186.1567457,72.61631270000362,72834,0.026855,-0.036133,1.059326,1.198473,2.916031,-1.549618,1.060282,3.51296,4696,8243,3547,4696,0,54.902,7,damping
1780599186.1880422,72.64760930000921,72865,0.041504,-0.035889,1.055176,2.122137,2.778626,-1.366412,1.056601,3.75384,4697,8246,3549,4697,1,54.902,16,damping
1780599186.2184622,72.67802940000547,72896,0.03833,-0.013428,1.057617,2.053435,3.10687,-1.129771,1.058397,3.891738,4701,8251,3550,4701,0,54.902,7,damping
1780599186.2495568,72.70912379999936,72927,0.045898,-0.047119,1.054199,2.114504,2.862595,-1.114504,1.056249,3.729303,4703,8255,3552,4703,0,56.0,0,damping
1780599186.2808793,72.74044629999844,72958,0.053711,-0.032715,1.053467,1.625954,3.267176,-1.48855,1.055342,3.941312,4704,8258,3554,4704,1,56.0,16,damping
1780599186.3120532,72.77162020000105,72989,0.061279,-0.016846,1.053711,1.40458,3.083969,-0.992366,1.055626,3.531077,4706,8261,3555,4706,0,56.0,7,damping
1780599186.3432395,72.80280649999622,73020,0.049072,-0.039551,1.051025,1.763359,3.290076,-1.076336,1.052913,3.884911,4708,8265,3557,4708,0,56.0,1,damping
1780599186.3728938,72.83246079999662,73051,0.038574,-0.02417,1.060303,1.961832,3.236641,-1.29771,1.061279,4.001085,4710,8268,3558,4710,1,56.0,15,damping
1780599186.403915,72.86348210000142,73081,0.055176,-0.006836,1.056152,1.419847,3.427481,-1.282443,1.057615,3.925334,4714,8273,3559,4714,0,56.0,7,damping
1780599186.435233,72.8948001999961,73112,0.058838,-0.03833,1.056152,2.122137,3.183206,-0.946565,1.058484,3.941098,4715,8275,3560,4715,0,56.0,6,damping
1780599186.4656985,72.92526550000184,73143,0.027588,-0.021973,1.048096,2.206107,2.954198,-1.167939,1.048689,3.867593,4716,8278,3562,4716,1,56.0,17,damping
1780599186.4962332,72.95580029999837,73174,0.047607,-0.012207,1.057129,1.442748,3.221374,-1.145038,1.058271,3.71078,4719,8283,3564,4719,0,56.0,0,damping
1780599186.5278907,72.98745780000172,73205,0.036621,-0.032471,1.059814,1.572519,2.763359,-1.229008,1.060944,3.408728,4720,8285,3565,4720,0,61.151,7,damping
1780599186.5589316,73.01849870001024,73236,0.05249,-0.04126,1.05957,1.984733,3.541985,-1.259542,1.061672,4.251032,4722,8288,3566,4722,1,61.151,15,damping
1780599186.5904794,73.05004650000774,73267,0.057373,-0.021729,1.049316,1.251908,2.770992,-1.183206,1.051108,3.262767,4724,8291,3567,4724,0,61.151,7,damping
1780599186.6206326,73.08019980000972,73298,0.042969,-0.028564,1.057373,1.961832,3.274809,-1.29771,1.058631,4.032024,4725,8293,3568,4725,0,61.151,6,damping
1780599186.652288,73.11185500001011,73329,0.047363,-0.022949,1.057129,2.21374,3.175573,-1.183206,1.058438,4.047824,4728,8298,3570,4728,1,61.151,13,damping
1780599186.6943812,73.15394830000878,73361,0.029053,-0.02832,1.056641,1.21374,3.122137,-1.160305,1.057419,3.545027,4731,8303,3572,4731,0,61.151,1,damping
1780599186.7147706,73.17433760000858,73392,0.040283,-0.030029,1.050293,1.603053,3.038168,-1.328244,1.051494,3.682998,4732,8306,3574,4732,1,61.151,16,damping
1780599186.7461414,73.20570859999862,73423,0.035156,-0.036133,1.060547,1.847328,2.59542,-1.129771,1.061744,3.38012,4734,8309,3575,4734,0,61.151,7,damping
1780599186.7774305,73.23699760000454,73454,0.043213,-0.021484,1.062988,1.40458,3.526718,-0.908397,1.064083,3.903302,4735,8311,3576,4735,0,61.151,7,damping
1780599186.8086174,73.26818450000428,73485,0.065918,-0.037598,1.053223,2.038168,2.938931,-0.969466,1.055953,3.705578,4736,8314,3578,4736,1,57.143,16,damping
1780599186.8408632,73.30043020000448,73517,0.019043,-0.020264,1.060547,0.900763,2.89313,-1.343511,1.060911,3.314604,4738,8317,3579,4738,0,57.143,7,damping
1780599186.8697777,73.32934480000404,73548,0.050537,-0.034912,1.0625,1.717557,3.389313,-0.984733,1.064274,3.925194,4739,8319,3580,4739,0,57.143,7,damping
1780599186.9010427,73.36060970000108,73578,0.036377,-0.011719,1.046631,1.412214,3.061069,-1.366412,1.047328,3.637523,4740,8322,3582,4740,1,57.143,16,damping
1780599186.9335825,73.39314970000123,73610,0.030518,-0.028564,1.058838,1.381679,3.10687,-1.419847,1.059663,3.684786,4743,8327,3584,4743,0,57.143,0,damping
1780599186.963883,73.42345010000281,73641,0.039551,-0.015625,1.070068,1.458015,3.083969,-1.08397,1.070913,3.579339,4744,8329,3585,4744,0,57.143,6,damping
1780599186.9947581,73.45432520000031,73672,0.029785,-0.036377,1.056396,1.961832,2.78626,-1.312977,1.057442,3.65184,4746,8334,3588,4746,1,57.143,14,damping
1780599187.0252798,73.4848467999982,73703,0.038574,-0.016113,1.053711,1.40458,2.916031,-1.236641,1.05454,3.464876,4748,8337,3589,4748,0,57.143,7,damping
1780599187.0570586,73.51662560000841,73734,0.030762,-0.037109,1.067383,1.778626,2.48855,-1.633588,1.068471,3.467708,4749,8339,3590,4749,0,57.143,7,damping
1780599187.087374,73.54694110000855,73765,0.049805,-0.032959,1.051025,1.503817,3.198473,-1.351145,1.052721,3.78382,4750,8342,3592,4750,1,50.0,16,damping
1780599187.1195772,73.57914430000528,73796,0.044678,-0.029785,1.050537,1.343511,3.603053,-1.08397,1.051908,3.995248,4752,8345,3593,4752,0,50.0,7,damping
1780599187.1497288,73.60929580000811,73827,0.028809,-0.02417,1.068604,1.549618,2.618321,-1.145038,1.069265,3.250851,4753,8347,3594,4753,0,50.0,7,damping
1780599187.1809847,73.64055189999635,73858,0.033936,-0.02124,1.053467,1.931298,3.19084,-1.129771,1.054227,3.897147,4754,8350,3596,4754,1,50.0,17,damping
1780599187.2115595,73.67112670000643,73889,0.050781,-0.020264,1.05835,1.732824,3.152672,-0.816794,1.059761,3.689061,4756,8353,3597,4756,0,50.0,6,damping
1780599187.2428608,73.70242780000262,73920,0.040527,-0.046631,1.057617,2.083969,3.022901,-1.08397,1.05942,3.828296,4758,8357,3599,4758,0,50.0,0,damping
1780599187.2742462,73.73381320000044,73951,0.055664,-0.034668,1.05127,2.152672,3.526718,-1.526718,1.053313,4.404838,4759,8360,3601,4759,1,50.0,16,damping
1780599187.3042233,73.76379029999953,73982,0.050537,-0.007324,1.052002,1.335878,3.290076,-1.312977,1.053241,3.785905,4763,8365,3602,4763,0,50.0,7,damping
1780599187.3346193,73.79418630000146,74012,0.049805,-0.043945,1.056641,1.40458,3.091603,-1.343511,1.058726,3.651832,4764,8367,3603,4764,0,50.0,7,damping
1780599187.3666742,73.82624130000477,74043,0.048584,-0.024902,1.060059,2.290076,2.587786,-1.679389,1.061464,3.842061,4765,8370,3605,4765,1,53.957,16,damping
1780599187.3984406,73.85800760000711,74075,0.041992,-0.031738,1.052002,0.885496,2.977099,-1.007634,1.053318,3.265356,4767,8373,3606,4767,0,53.957,7,damping
1780599187.429147,73.88871410000138,74106,0.064697,-0.038818,1.047607,1.687023,3.183206,-1.435114,1.050321,3.877938,4769,8377,3608,4769,0,53.957,0,damping
1780599187.4605613,73.92012840000098,74137,0.04834,-0.040283,1.054932,2.236641,3.015267,-0.938931,1.056807,3.869883,4771,8380,3609,4771,1,53.957,15,damping
1780599187.490323,73.94989020000503,74168,0.034668,-0.027344,1.05835,1.343511,3.366412,-1.160305,1.05927,3.805793,4773,8383,3610,4773,0,53.957,6,damping
1780599187.5219166,73.9814836000005,74199,0.032715,-0.022461,1.049316,1.755725,3.167939,-1.076336,1.050066,3.778479,4774,8385,3611,4774,0,53.957,7,damping
1780599187.554018,74.01358510000864,74230,0.04834,-0.025391,1.059326,2.274809,3.450382,-0.931298,1.060732,4.236414,4777,8391,3614,4777,0,53.957,7,damping
1780599187.585237,74.04480400000466,74262,0.047119,-0.022705,1.061523,1.389313,3.259542,-0.938931,1.062811,3.665569,4778,8393,3615,4778,0,53.957,7,damping
1780599187.6158783,74.07544539999799,74293,0.042969,-0.026367,1.054932,1.78626,2.992366,-1.374046,1.056136,3.746062,4779,8396,3617,4779,1,56.0,16,damping
1780599187.6478977,74.10746490000747,74324,0.054443,-0.033936,1.054932,1.877863,2.679389,-1.129771,1.05688,3.461485,4781,8399,3618,4781,0,56.0,7,damping
1780599187.6778214,74.13738840000588,74355,0.055664,-0.024658,1.060791,1.656489,2.80916,-0.954198,1.062537,3.397916,4783,8403,3620,4783,0,56.0,1,damping
1780599187.7085683,74.16813530000218,74386,0.053711,-0.020752,1.049072,1.549618,3.221374,-1.51145,1.050651,3.881114,4784,8406,3622,4784,1,56.0,17,damping
1780599187.7397485,74.1993155000091,74417,0.044922,-0.029541,1.058594,1.679389,2.656489,-1.21374,1.059958,3.369042,4788,8411,3623,4788,0,56.0,6,damping
1780599187.7711217,74.23068890000286,74448,0.028076,-0.021729,1.06665,1.381679,3.442748,-0.938931,1.067241,3.826636,4789,8413,3624,4789,0,56.0,7,damping
1780599187.801746,74.26131300000998,74479,0.022949,-0.025146,1.054443,1.290076,2.824427,-1.412214,1.054993,3.411163,4790,8416,3626,4790,1,56.0,16,damping
1780599187.8326797,74.2922469000041,74510,0.022705,-0.020264,1.049316,1.328244,2.419847,-0.847328,1.049758,2.887535,4794,8421,3627,4794,0,56.0,1,damping
1780599187.8651946,74.32476160000078,74541,0.056885,-0.044434,1.061523,1.396947,3.022901,-0.648855,1.063975,3.392698,4795,8423,3628,4795,0,56.0,7,damping
1780599187.8951778,74.35474500000419,74572,0.030762,-0.026367,1.054443,1.343511,2.992366,-1.183206,1.055221,3.487012,4796,8426,3630,4796,1,60.932,16,damping
1780599187.9257128,74.38527990000148,74603,0.032715,-0.017334,1.055908,1.48855,2.89313,-1.282443,1.056557,3.497233,4798,8429,3631,4798,0,60.932,6,damping
1780599187.9568942,74.416461300003,74634,0.04126,-0.014404,1.068115,1.381679,3.221374,-1.19084,1.069009,3.701944,4799,8431,3632,4799,0,60.932,6,damping
1780599187.9865346,74.44610159999866,74665,0.041016,-0.036621,1.052734,1.832061,3.0,-1.503817,1.054169,3.823338,4801,8436,3635,4801,1,60.932,14,damping
1780599188.017351,74.4769180000003,74695,0.039551,-0.016846,1.05249,1.450382,2.70229,-1.221374,1.053368,3.301171,4804,8441,3637,4804,0,60.932,0,damping
1780599188.0486062,74.508173299997,74726,0.044678,-0.028564,1.062744,2.114504,2.80916,-1.091603,1.064066,3.68159,4805,8443,3638,4805,0,60.932,7,damping
1780599188.0803554,74.53992239999934,74757,0.020752,-0.037842,1.049072,1.366412,2.89313,-0.954198,1.04996,3.338829,4806,8446,3640,4806,1,60.932,16,damping
1780599188.1121533,74.57172040001024,74789,0.031738,-0.020264,1.05249,1.396947,2.824427,-1.007634,1.053164,3.308198,4808,8449,3641,4808,0,60.932,7,damping
1780599188.1427667,74.60233370000788,74820,0.012451,-0.034668,1.057861,1.251908,2.870229,-1.267176,1.058502,3.37805,4809,8451,3642,4809,0,60.932,6,damping
1780599188.1735513,74.6331183000002,74851,0.056152,-0.033203,1.054443,1.587786,3.091603,-1.351145,1.056459,3.728896,4810,8454,3644,4810,1,50.179,17,damping
1780599188.2059731,74.66554030000407,74882,0.053711,-0.038086,1.047607,1.687023,2.984733,-1.114504,1.049674,3.605107,4812,8457,3645,4812,0,50.179,7,damping
1780599188.2352746,74.69484170000942,74913,0.058105,-0.045654,1.05835,1.648855,3.122137,-0.770992,1.060926,3.613986,4813,8459,3646,4813,0,50.179,7,damping
1780599188.2665186,74.72608560000663,74944,0.047363,-0.023926,1.054199,1.778626,3.259542,-1.549618,1.055534,4.02361,4814,8462,3648,4814,1,50.179,16,damping
1780599188.2968037,74.75637070000812,74975,0.03418,-0.00708,1.058838,1.687023,3.312977,-1.503817,1.059413,4.010402,4818,8467,3649,4818,0,50.179,7,damping
1780599188.3283443,74.78791140000976,75006,0.044189,-0.041016,1.059814,1.618321,3.068702,-1.160305,1.061528,3.658169,4820,8471,3651,4820,0,50.179,1,damping
1780599188.3593805,74.81894759999705,75037,0.046143,-0.032227,1.057617,2.038168,3.145038,-1.022901,1.059114,3.884806,4822,8474,3652,4822,1,50.179,16,damping
1780599188.390385,74.84995210000488,75068,0.064697,-0.01709,1.060303,1.076336,3.427481,-1.251908,1.062412,3.804392,4824,8477,3653,4824,0,50.179,6,damping
1780599188.4212992,74.88086620000831,75099,0.057861,-0.039551,1.051025,1.755725,3.160305,-1.480916,1.05336,3.906816,4825,8479,3654,4825,0,50.179,6,damping
1780599188.4533818,74.91294890000427,75130,0.029053,-0.020752,1.059326,1.755725,3.633588,-1.160305,1.059928,4.199028,4827,8482,3655,4827,1,60.932,16,damping
1780599188.4828327,74.94239969999762,75161,0.039062,-0.037354,1.0625,1.40458,3.541985,-1.40458,1.063874,4.060954,4831,8487,3656,4831,0,60.932,7,damping
1780599188.5152092,74.97477630000503,75192,0.04541,-0.022461,1.050049,1.770992,3.083969,-1.061069,1.05127,3.711219,4832,8489,3657,4832,0,60.932,7,damping
1780599188.5457075,75.00527449999936,75223,0.047852,-0.017822,1.048584,2.137405,3.381679,-1.51145,1.049826,4.276533,4834,8492,3658,4834,0,60.932,14,damping
1780599188.5767338,75.03630089999933,75254,0.052002,-0.032959,1.054443,1.473282,3.442748,-1.099237,1.056239,3.902742,4837,8497,3660,4837,0,60.932,1,damping
1780599188.6073852,75.06695220000984,75285,0.037109,-0.03125,1.057373,1.725191,3.229008,-0.984733,1.058485,3.791104,4838,8499,3661,4838,0,60.932,6,damping
1780599188.6384265,75.09799360000761,75316,0.04834,-0.024658,1.055664,2.0,3.045802,-1.053435,1.057058,3.792972,4841,8503,3662,4841,0,60.932,7,damping
1780599188.6702662,75.12983320000058,75347,0.024902,-0.024414,1.063721,1.251908,2.816794,-1.389313,1.064292,3.381094,4842,8505,3663,4842,0,60.932,7,damping
1780599188.7004023,75.15996940000332,75378,0.044922,-0.039551,1.057617,1.580153,3.419847,-1.251908,1.059309,3.969825,4843,8507,3664,4843,0,60.932,6,damping
1780599188.7324808,75.1920478999964,75409,0.064209,-0.029297,1.054688,1.732824,3.19084,-1.152672,1.057046,3.809566,4847,8513,3666,4847,0,71.685,7,damping
1780599188.7639742,75.22354120000091,75441,0.065918,-0.026611,1.060303,1.709924,2.664122,-1.183206,1.062683,3.37955,4849,8517,3668,4849,0,71.685,1,damping
1780599188.7940369,75.25360399999772,75472,0.048828,-0.012451,1.053711,2.0,3.083969,-1.40458,1.054915,3.934935,4850,8520,3670,4850,1,71.685,17,damping
1780599188.8250716,75.28463870000269,75502,0.043457,-0.032715,1.060547,2.21374,3.053435,-1.10687,1.061941,3.930556,4852,8523,3671,4852,0,71.685,7,damping
1780599188.857633,75.31720030000724,75534,0.035156,-0.01709,1.066406,1.48855,3.381679,-1.007634,1.067122,3.829734,4853,8525,3672,4853,0,71.685,7,damping
1780599188.888426,75.34799320000457,75565,0.027588,-0.032715,1.049805,1.534351,3.030534,-1.129771,1.050677,3.57977,4854,8528,3674,4854,1,71.685,16,damping
1780599188.9194582,75.37902520000353,75596,0.025391,-0.019531,1.05957,1.290076,2.969466,-1.015267,1.060054,3.39305,4856,8531,3675,4856,0,71.685,7,damping
1780599188.949381,75.40894809999736,75627,0.053955,-0.036865,1.06543,1.572519,2.938931,-1.08397,1.067432,3.505014,4857,8533,3676,4857,0,71.685,7,damping
1780599188.980714,75.44028120000439,75658,0.029297,-0.025635,1.047607,1.236641,2.954198,-1.48855,1.04833,3.531621,4858,8536,3678,4858,1,71.685,17,damping
1780599189.0114543,75.47102140000788,75689,0.045898,-0.020508,1.051514,1.351145,2.854962,-1.328244,1.052715,3.426461,4861,8541,3680,4861,0,50.0,0,damping
1780599189.0431974,75.50276440000744,75720,0.031738,-0.020996,1.062988,1.610687,3.206107,-1.091603,1.063669,3.750337,4862,8543,3681,4862,0,50.0,7,damping
1780599189.074364,75.53393089999736,75750,0.028809,-0.032227,1.054443,1.778626,2.549618,-1.10687,1.055329,3.299883,4864,8548,3684,4864,1,50.0,14,damping
1780599189.1045563,75.56412330000603,75782,0.033447,-0.021729,1.048828,1.206107,2.648855,-1.221374,1.049586,3.156403,4866,8551,3685,4866,0,50.0,7,damping
1780599189.1362562,75.59582319999754,75813,0.053223,-0.025391,1.064941,1.412214,3.251908,-1.519084,1.066573,3.857055,4867,8553,3686,4867,0,50.0,7,damping
1780599189.1671393,75.62670629999775,75844,0.054688,-0.037354,1.049561,1.816794,2.961832,-1.59542,1.051648,3.823422,4868,8556,3688,4868,1,50.0,16,damping
1780599189.1979923,75.6575593000016,75875,0.02832,-0.018555,1.056641,0.946565,3.183206,-1.137405,1.057183,3.510338,4870,8559,3689,4870,0,50.0,7,damping
1780599189.229187,75.68875400000252,75906,0.029785,-0.036621,1.051758,0.961832,2.847328,-1.366412,1.052817,3.301436,4871,8561,3690,4871,0,50.0,6,damping
1780599189.2596424,75.71920940000564,75937,0.046875,-0.033936,1.056396,1.977099,3.0,-1.091603,1.05798,3.755066,4872,8564,3692,4872,1,50.0,17,damping
1780599189.2896314,75.74919850000879,75967,0.035645,-0.016357,1.049805,1.282443,3.045802,-1.458015,1.050537,3.612115,4874,8567,3693,4874,0,46.763,7,damping
1780599189.320727,75.78029409999726,75998,0.044434,-0.034424,1.058106,1.282443,2.900763,-1.267176,1.059597,3.41538,4876,8571,3695,4876,0,46.763,0,damping
1780599189.3524866,75.8120537000068,76029,0.04248,-0.034424,1.055908,1.549618,3.137405,-0.870229,1.057323,3.605818,4877,8574,3697,4877,1,46.763,16,damping
1780599189.3831007,75.84266779999598,76060,0.046143,-0.025146,1.064941,1.770992,2.519084,-1.305344,1.066237,3.344566,4879,8577,3698,4879,0,46.763,7,damping
1780599189.414087,75.87365419999696,76091,0.051514,-0.028809,1.064209,1.274809,2.877863,-1.068702,1.065844,3.324057,4880,8579,3699,4880,0,46.763,7,damping
1780599189.4441202,75.90368730000046,76122,0.05957,-0.032227,1.062744,2.022901,2.900763,-1.122137,1.0649,3.710222,4881,8582,3701,4881,1,46.763,17,damping
1780599189.4754539,75.9350209999975,76152,0.033691,-0.014404,1.059326,1.274809,2.80916,-0.854962,1.05996,3.201168,4885,8587,3702,4885,0,46.763,6,damping
1780599189.5063865,75.96595350001007,76183,0.04541,-0.019287,1.060303,1.656489,2.847328,-1.030534,1.06145,3.451555,4887,8591,3704,4887,0,46.763,0,damping
1780599189.5376942,75.99726119999832,76214,0.054443,-0.031738,1.052734,1.801527,2.854962,-1.061069,1.054619,3.538668,4888,8594,3706,4888,1,46.763,16,damping
1780599189.5674472,76.02701420000813,76245,0.04541,-0.035156,1.050293,1.442748,2.740458,-1.259542,1.051862,3.343363,4890,8597,3707,4890,0,57.554,7,damping
1780599189.5990746,76.05864160000056,76276,0.035645,-0.033203,1.058106,1.70229,3.061069,-1.244275,1.059226,3.717008,4891,8599,3708,4891,0,57.554,7,damping
1780599189.6296935,76.08926049999718,76307,0.051025,-0.041016,1.058106,1.824428,3.656489,-1.114504,1.060129,4.23563,4892,8602,3710,4892,1,57.554,17,damping
1780599189.65837,76.11793720000423,76337,0.049561,-0.03125,1.060059,1.160305,3.0,-1.137405,1.061676,3.411744,4894,8605,3711,4894,0,57.554,6,damping
1780599189.688598,76.14816500000597,76366,0.061523,-0.027832,1.068115,1.48855,3.183206,-1.358779,1.070248,3.767607,4895,8607,3712,4895,0,57.554,7,damping
1780599189.719854,76.17942110000877,76397,0.027588,-0.019287,1.061768,1.480916,2.587786,-1.08397,1.062301,3.172497,4896,8610,3714,4896,1,57.554,16,damping
1780599189.7517924,76.21135939999658,76428,0.036865,-0.019287,1.056152,1.694656,2.877863,-1.030534,1.056972,3.495133,4899,8615,3716,4899,0,57.554,1,damping
1780599189.7980669,76.2576340000087,76460,0.046387,-0.031982,1.063477,1.641221,2.854962,-1.358779,1.064968,3.5624,4900,8617,3717,4900,0,57.554,7,damping
1780599189.8153417,76.27490879999823,76491,0.033936,-0.033203,1.052734,1.572519,2.78626,-1.343511,1.053804,3.470026,4902,8622,3720,4902,1,57.554,13,damping
1780599189.8444386,76.30400560000271,76522,0.039551,-0.023926,1.058106,1.40458,2.633588,-1.198473,1.059115,3.21636,4904,8625,3721,4904,0,50.542,6,damping
1780599189.876451,76.33601800000179,76553,0.034424,-0.031006,1.053223,1.366412,2.992366,-1.259542,1.054241,3.522468,4905,8627,3722,4905,0,50.542,6,damping
1780599189.907533,76.36709990000236,76584,0.057861,-0.04126,1.050537,1.450382,3.358779,-1.259542,1.052938,3.869295,4906,8630,3724,4906,1,50.542,16,damping
1780599189.9381206,76.3976876000088,76615,0.046387,-0.033936,1.049561,1.08397,3.160305,-1.122137,1.051133,3.524445,4909,8635,3726,4909,0,50.542,1,damping
1780599189.9699144,76.42948160000378,76646,0.042969,-0.039551,1.061523,1.587786,2.954198,-1.236641,1.063129,3.574582,4910,8637,3727,4910,0,50.542,7,damping
1780599189.998976,76.45854300000065,76677,0.037598,-0.02002,1.054688,1.656489,3.519084,-1.022901,1.055547,4.02172,4911,8640,3729,4911,1,50.542,16,damping
1780599190.0309365,76.49050349999743,76707,0.044678,-0.022949,1.049805,1.458015,3.045802,-1.137405,1.051006,3.563202,4913,8643,3730,4913,0,50.542,6,damping
1780599190.0614285,76.52099570000428,76738,0.034912,-0.022217,1.065186,1.610687,3.068702,-0.961832,1.065989,3.596716,4915,8647,3732,4915,0,50.542,0,damping
1780599190.0917575,76.55132450000383,76769,0.043945,-0.025879,1.05957,1.80916,2.78626,-1.40458,1.060797,3.60682,4916,8650,3734,4916,1,50.542,16,damping
1780599190.1235394,76.58310640000855,76800,0.039795,-0.031738,1.054443,0.916031,2.931298,-1.549618,1.055671,3.439904,4918,8653,3735,4918,0,50.36,7,damping
1780599190.154595,76.61416189999727,76831,0.046143,-0.036133,1.062012,1.167939,2.832061,-1.229008,1.063628,3.300774,4919,8655,3736,4919,0,50.36,7,damping
1780599190.1860874,76.64565449999645,76862,0.059326,-0.041748,1.053955,2.183206,3.793893,-1.526718,1.056449,4.635826,4920,8658,3738,4920,1,50.36,16,damping
1780599190.2156343,76.67520140000852,76893,0.061279,-0.010254,1.052002,1.656489,3.40458,-0.755725,1.053835,3.86086,4924,8663,3739,4924,0,50.36,6,damping
1780599190.2456703,76.70523740000499,76923,0.043213,-0.033691,1.067383,1.08397,2.916031,-1.335878,1.068788,3.385675,4926,8667,3741,4926,0,50.36,0,damping
1780599190.2763588,76.73592600000848,76954,0.051758,-0.041992,1.04834,1.480916,3.145038,-1.206107,1.050456,3.679548,4927,8670,3743,4927,1,50.36,16,damping
1780599190.3082721,76.76783930000965,76985,0.054199,-0.023682,1.05127,1.587786,2.656489,-1.137405,1.052932,3.297224,4929,8673,3744,4929,0,50.36,7,damping
1780599190.339676,76.79924290000054,77016,0.022705,-0.039062,1.054688,1.984733,2.969466,-1.236641,1.055655,3.779705,4930,8675,3745,4930,0,50.36,7,damping
1780599190.3711314,76.83069860000978,77047,0.043457,-0.030029,1.056396,2.061069,3.664122,-0.938931,1.057716,4.307596,4931,8678,3747,4931,1,50.36,16,damping
1780599190.4006171,76.86018410000543,77078,0.050293,-0.036377,1.048584,1.870229,3.076336,-0.854962,1.050419,3.700346,4933,8681,3748,4933,0,53.957,6,damping
1780599190.4318879,76.89145490000374,77109,0.04541,-0.03833,1.05542,1.526718,3.328244,-0.992366,1.057092,3.793793,4934,8683,3749,4934,0,53.957,6,damping
1780599190.4628682,76.92243530000269,77140,0.054688,-0.02124,1.059814,1.877863,3.366412,-1.007634,1.061437,3.984272,4936,8686,3750,4936,1,53.957,16,damping
1780599190.4947956,76.95436270000937,77172,0.063965,-0.025391,1.065918,1.198473,3.374046,-0.931298,1.068137,3.699708,4939,8691,3752,4939,0,53.957,0,damping
1780599190.5251212,76.9846882999991,77203,0.060059,-0.020264,1.073486,1.778626,3.358779,-1.099237,1.075356,3.956416,4940,8693,3753,4940,0,53.957,7,damping
1780599190.556256,77.0158231999958,77234,0.054199,-0.030273,1.058594,1.938931,3.19084,-1.068702,1.060412,3.883689,4943,8698,3755,4943,1,53.957,13,damping
1780599190.5895274,77.0490945000056,77265,0.042969,-0.044434,1.051025,1.80916,2.916031,-0.885496,1.052841,3.544066,4945,8701,3756,4945,0,53.957,6,damping
1780599190.619387,77.07895389999612,77296,0.053711,-0.023926,1.05249,1.244275,3.099237,-1.755725,1.054131,3.77307,4946,8703,3757,4946,0,53.957,7,damping
1780599190.6513767,77.1109437999985,77327,0.039307,-0.015869,1.05127,2.091603,3.496183,-1.351145,1.052124,4.292283,4949,8709,3760,4949,0,53.957,7,damping
1780599190.6826682,77.1422353000089,77359,0.033936,-0.02417,1.057617,1.259542,3.290076,-1.137405,1.058438,3.701991,4951,8713,3762,4951,0,64.057,1,damping
1780599190.7140949,77.17366200000106,77390,0.046875,-0.049072,1.052734,1.824428,2.755725,-1.030534,1.054919,3.461872,4952,8716,3764,4952,1,64.057,16,damping
1780599190.7442877,77.20385469999746,77421,0.042725,-0.032227,1.063477,2.221374,2.412214,-1.351145,1.064822,3.54667,4954,8719,3765,4954,0,64.057,8,damping
1780599190.7748022,77.23436930000025,77452,0.044434,-0.020508,1.064209,1.687023,2.664122,-1.152672,1.065334,3.357416,4955,8721,3766,4955,0,64.057,6,damping
1780599190.8055298,77.26509699999588,77483,0.049561,-0.029053,1.054932,1.48855,3.374046,-1.419847,1.056495,3.9517,4956,8724,3768,4956,1,64.057,16,damping
1780599190.837127,77.29669410000497,77514,0.030273,-0.032959,1.052002,1.755725,2.755725,-1.091603,1.052953,3.445024,4958,8727,3769,4958,0,64.057,7,damping
1780599190.8686745,77.32824170000094,77545,0.035889,-0.026367,1.055908,1.236641,3.534351,-0.870229,1.056847,3.844245,4959,8729,3770,4959,0,64.057,7,damping
1780599190.9124994,77.37206650000007,77576,0.059326,-0.010742,1.055664,0.961832,3.244275,-1.641221,1.057384,3.760857,4960,8732,3772,4960,1,64.057,16,damping
1780599190.9319777,77.3915449000051,77608,0.043945,-0.024414,1.050049,1.862595,2.931298,-1.282443,1.051252,3.702219,4963,8737,3774,4963,0,64.057,1,damping
1780599190.9633644,77.4229314999975,77640,0.025146,-0.036865,1.057861,1.335878,3.114504,-1.061069,1.058802,3.551136,4964,8739,3775,4964,0,46.263,7,damping
1780599190.9938576,77.45342459999665,77671,0.058105,-0.030518,1.058594,1.664122,3.282443,-0.961832,1.060626,3.803795,4966,8744,3778,4966,1,46.263,14,damping
1780599191.0247147,77.48428170000261,77702,0.054443,-0.036621,1.047852,1.51145,3.374046,-1.099237,1.049904,3.85707,4968,8747,3779,4968,0,46.263,7,damping
1780599191.0548975,77.5144644999964,77732,0.036133,-0.015869,1.071533,1.450382,2.824427,-1.259542,1.07226,3.415764,4969,8749,3780,4969,0,46.263,7,damping
1780599191.0852911,77.54485810000915,77763,0.051514,-0.036377,1.057861,1.519084,3.167939,-1.183206,1.059739,3.707213,4970,8752,3782,4970,1,46.263,16,damping
1780599191.1167321,77.57629910000833,77794,0.035889,-0.032227,1.051758,1.793893,2.916031,-1.038168,1.052863,3.57758,4972,8755,3783,4972,0,46.263,7,damping
1780599191.147832,77.60739900000044,77825,0.053711,-0.03125,1.065186,1.564886,2.687023,-1.335878,1.066997,3.384306,4973,8757,3784,4973,0,46.263,7,damping
1780599191.1789045,77.63847160000296,77856,0.053467,-0.026367,1.051758,1.725191,3.442748,-1.450382,1.053446,4.1149,4974,8760,3786,4974,1,46.263,17,damping
1780599191.2099528,77.66951999999583,77887,0.039307,-0.025146,1.058106,1.908397,3.328244,-0.885496,1.059134,3.937422,4976,8763,3787,4976,0,46.263,6,damping
1780599191.2418685,77.70143559999997,77918,0.030273,-0.036621,1.057861,2.053435,3.145038,-1.312977,1.058928,3.978916,4978,8767,3789,4978,0,50.36,0,damping
1780599191.272352,77.73191909999878,77949,0.031494,-0.018555,1.058838,2.328244,2.992366,-1.21374,1.059469,3.980972,4979,8770,3791,4979,1,50.36,16,damping
1780599191.303321,77.76288789999671,77980,0.046875,0.000244,1.046875,2.030534,2.900763,-1.290076,1.047924,3.768527,4981,8773,3792,4981,0,50.36,7,damping
1780599191.3342795,77.79384670000582,78011,0.02832,-0.02832,1.075684,2.137405,2.114504,-1.549618,1.076429,3.382446,4982,8775,3793,4982,0,50.36,7,damping
1780599191.3654945,77.82506149999972,78042,0.041992,-0.019531,1.046143,2.083969,3.427481,-1.068702,1.047167,4.151226,4984,8778,3794,4984,1,50.36,16,damping
1780599191.395356,77.85492290000548,78073,0.051514,-0.023193,1.056641,0.694656,3.381679,-1.21374,1.05815,3.659436,4988,8783,3795,4988,0,50.36,6,damping
1780599191.4269817,77.88654870000028,78104,0.034424,-0.039062,1.053955,1.381679,2.847328,-1.251908,1.05524,3.403468,4990,8787,3797,4990,0,50.36,0,damping
1780599191.459017,77.91858420000062,78135,0.043213,-0.026611,1.059814,1.931298,2.610687,-1.465649,1.061029,3.562825,4992,8790,3798,4992,1,50.36,15,damping
1780599191.4892876,77.94885470000736,78166,0.035889,-0.035156,1.058838,1.137405,3.259542,-1.244275,1.060029,3.669676,4994,8793,3799,4994,0,50.36,7,damping
1780599191.5196524,77.97921940000379,78197,0.052734,-0.026855,1.052978,1.580153,3.221374,-0.908397,1.05464,3.701259,4995,8795,3800,4995,0,60.932,6,damping
1780599191.557461,78.01702820000355,78234,0.048096,-0.035645,1.060303,1.992366,3.541985,-1.221374,1.061991,4.243458,4998,8799,3801,4998,0,60.932,11,damping
1780599191.5889544,78.04852150000806,78265,0.045654,-0.049561,1.057617,1.89313,2.732824,-1.267176,1.059762,3.557809,4999,8801,3802,4999,0,60.932,6,damping
1780599191.619029,78.07859620000818,78296,0.039307,-0.013916,1.058838,1.931298,3.183206,-1.412214,1.059658,3.982092,5001,8804,3803,5001,1,60.932,16,damping
1780599191.6512904,78.1108574999962,78328,0.043701,-0.026367,1.056152,1.389313,2.923664,-1.175572,1.057385,3.443831,5003,8807,3804,5003,0,60.932,7,damping
1780599191.6822555,78.14182250000886,78359,0.039551,-0.028809,1.05249,1.564886,3.206107,-1.396947,1.053627,3.831377,5005,8811,3806,5005,0,60.932,1,damping
1780599191.7139382,78.17350530000112,78390,0.047607,-0.027344,1.060547,2.267176,3.21374,-1.152672,1.061967,4.098398,5007,8814,3807,5007,1,60.932,15,damping
1780599191.7444446,78.20401169999968,78421,0.043945,-0.032959,1.057861,1.503817,2.877863,-1.236641,1.059286,3.474599,5009,8817,3808,5009,0,60.932,6,damping
1780599191.7745824,78.2341493999993,78452,0.060547,-0.029297,1.058594,1.671756,3.236641,-1.160305,1.060729,3.823208,5010,8819,3809,5010,0,58.824,7,damping
1780599191.821199,78.28076609999698,78483,0.051758,-0.021729,1.059814,2.206107,2.641221,-1.29771,1.0613,3.677908,5013,8823,3810,5013,0,58.824,7,damping
1780599191.8376284,78.29719540000951,78514,0.03833,-0.026611,1.063965,1.10687,3.206107,-1.366412,1.064988,3.656688,5016,8827,3811,5016,0,58.824,7,damping
1780599191.86771,78.32727710000472,78545,0.028564,-0.028076,1.052002,1.91603,3.183206,-1.526718,1.052764,4.01682,5018,8831,3813,5018,0,58.824,1,damping
1780599191.8998017,78.35936870001024,78576,0.058105,-0.023926,1.057373,1.549618,2.671756,-1.381679,1.059239,3.383583,5021,8835,3814,5021,0,58.824,6,damping
1780599191.92998,78.38954720000038,78607,0.037598,-0.023926,1.057129,1.129771,3.122137,-0.916031,1.058068,3.444305,5022,8837,3815,5022,0,58.824,6,damping
1780599191.9607813,78.42034830000193,78638,0.052002,-0.044434,1.052734,1.061069,3.122137,-1.427481,1.054954,3.593231,5023,8839,3816,5023,0,58.824,5,damping
1780599191.992148,78.45171510000364,78669,0.042236,-0.023926,1.060303,1.755725,3.015267,-1.129771,1.061413,3.667532,5026,8843,3817,5026,0,58.824,7,damping
1780599192.022851,78.48241810000036,78700,0.034424,-0.018555,1.059814,1.40458,2.641221,-0.961832,1.060536,3.142295,5027,8845,3818,5027,0,58.824,6,damping
1780599192.0546746,78.51424170000246,78731,0.044922,-0.041992,1.05127,1.603053,3.076336,-1.145038,1.053066,3.653045,5028,8848,3820,5028,1,64.516,17,damping
1780599192.0855289,78.54509590000089,78762,0.039551,-0.025635,1.057129,1.923664,2.59542,-1.351145,1.058179,3.501754,5030,8851,3821,5030,0,64.516,6,damping
1780599192.1170404,78.57660739999847,78793,0.039307,-0.031006,1.065186,1.603053,2.610687,-0.954198,1.066361,3.208732,5032,8855,3823,5032,0,64.516,0,damping
1780599192.147229,78.60679600000731,78824,0.030029,-0.042236,1.051025,1.709924,3.198473,-1.10687,1.052302,3.791996,5033,8858,3825,5033,1,64.516,16,damping
1780599192.1786208,78.63818799999717,78855,0.019775,-0.026611,1.054932,1.557252,2.992366,-1.175572,1.055452,3.572291,5035,8861,3826,5035,0,64.516,6,damping
1780599192.2085402,78.66810720000649,78886,0.04248,-0.013672,1.056396,1.412214,2.580153,-1.137405,1.057339,3.153605,5036,8863,3827,5036,0,64.516,6,damping
1780599192.2407675,78.70033459999831,78917,0.057617,-0.032227,1.062012,1.648855,2.916031,-1.160305,1.064062,3.545175,5037,8866,3829,5037,1,64.516,17,damping
1780599192.2715297,78.73109680000925,78948,0.021973,-0.02417,1.057373,2.10687,2.450382,-1.061069,1.057877,3.401344,5041,8871,3830,5041,0,64.516,6,damping
1780599192.3028786,78.76244560000487,78979,0.045898,-0.031494,1.062744,1.541985,3.099237,-0.946565,1.064201,3.588728,5043,8875,3832,5043,0,64.516,1,damping
1780599192.332756,78.79232310000225,79010,0.028076,-0.010498,1.05835,1.221374,2.755725,-1.122137,1.058774,3.216359,5044,8878,3834,5044,1,57.348,17,damping
1780599192.3652196,78.82478660000197,79041,0.042969,-0.027832,1.058594,1.648855,2.839695,-1.496183,1.059831,3.608483,5046,8881,3835,5046,0,57.348,6,damping
1780599192.3953261,78.8548931999976,79072,0.045654,-0.03833,1.064941,1.435114,2.931298,-1.08397,1.066609,3.439048,5047,8883,3836,5047,0,57.348,6,damping
1780599192.4255047,78.8850717000023,79103,0.047363,-0.031982,1.052246,1.70229,3.335878,-1.412214,1.053797,4.002527,5048,8886,3838,5048,1,57.348,18,damping
1780599192.4570444,78.91661149999709,79134,0.031494,-0.030273,1.056152,1.717557,2.778626,-1.137405,1.057055,3.458967,5050,8889,3839,5050,0,57.348,7,damping
1780599192.4876812,78.94724829999905,79165,0.046875,-0.026611,1.061768,1.236641,3.0,-1.137405,1.063135,3.438455,5051,8891,3840,5051,0,57.348,7,damping
1780599192.518776,78.97834300000977,79195,0.048096,-0.018555,1.057129,1.450382,2.51145,-1.465649,1.058385,3.249479,5052,8894,3842,5052,1,57.348,17,damping
1780599192.5499938,79.00956079999742,79226,0.024658,-0.024902,1.050537,1.59542,2.549618,-0.969466,1.051122,3.160029,5055,8899,3844,5055,0,57.348,0,damping
1780599192.581365,79.04093210000428,79258,0.044434,-0.037109,1.06543,1.854962,2.748092,-1.244275,1.067001,3.541343,5056,8901,3845,5056,0,57.348,6,damping
1780599192.6126592,79.07222640000691,79289,0.046631,-0.035889,1.05542,1.717557,2.946565,-0.648855,1.057059,3.47178,5057,8904,3847,5057,1,46.595,17,damping
1780599192.643853,79.10341999999946,79320,0.03833,-0.0271,1.055664,2.068702,3.290076,-1.099237,1.056707,4.038868,5059,8907,3848,5059,0,46.595,7,damping
1780599192.6737428,79.13330990000395,79351,0.044678,-0.01709,1.064209,1.770992,2.946565,-1.290076,1.065283,3.671914,5060,8909,3849,5060,0,46.595,7,damping
1780599192.7044947,79.16406180000922,79382,0.047607,-0.037109,1.055176,1.549618,2.923664,-1.335878,1.056901,3.568431,5062,8914,3852,5062,1,46.595,14,damping
1780599192.736049,79.19561589999648,79413,0.067627,-0.035645,1.058106,1.603053,3.076336,-1.282443,1.060863,3.698416,5065,8919,3854,5065,0,46.595,0,damping
1780599192.7660062,79.22557330000564,79444,0.043701,-0.025146,1.059326,1.366412,3.335878,-1.0,1.060525,3.741011,5066,8921,3855,5066,0,46.595,6,damping
1780599192.7978754,79.25744250000571,79475,0.050293,-0.028564,1.052246,1.519084,3.099237,-1.442748,1.053834,3.74091,5067,8924,3857,5067,1,46.595,17,damping
1780599192.8288605,79.28842749999603,79506,0.043457,-0.026367,1.058838,1.419847,3.145038,-0.877863,1.060057,3.5606,5069,8927,3858,5069,0,46.595,7,damping
1780599192.8607097,79.32027680000465,79537,0.033691,-0.034912,1.058838,1.564886,3.122137,-1.305344,1.059949,3.728341,5070,8929,3859,5070,0,46.595,7,damping
1780599192.8911438,79.35071090000565,79568,0.047119,-0.035156,1.053711,2.083969,3.007634,-1.21374,1.05535,3.85512,5071,8932,3861,5071,1,50.179,17,damping
1780599192.921939,79.38150600000517,79599,0.058105,-0.034912,1.052002,1.473282,3.10687,-1.145038,1.054184,3.62413,5073,8935,3862,5073,0,50.179,6,damping
1780599192.9529467,79.41251380000904,79630,0.038818,-0.042725,1.053711,1.931298,3.221374,-1.129771,1.055291,3.922186,5074,8937,3863,5074,0,50.179,6,damping
1780599192.9844913,79.44405849999748,79661,0.045166,-0.019287,1.059082,1.70229,3.748092,-1.099237,1.06022,4.260786,5076,8940,3864,5076,1,50.179,16,damping
1780599193.0149355,79.47450250000111,79692,0.053955,-0.02002,1.051758,1.343511,3.10687,-1.091603,1.053331,3.55658,5080,8945,3865,5080,0,50.179,7,damping
1780599193.044204,79.50377110000409,79722,0.042236,-0.044189,1.059082,1.229008,2.89313,-1.091603,1.060845,3.3275,5082,8949,3867,5082,0,50.179,1,damping
1780599193.0750275,79.53459460000158,79752,0.043457,-0.034424,1.049561,1.832061,2.687023,-1.19084,1.051024,3.463328,5083,8952,3869,5083,1,50.179,17,damping
1780599193.106087,79.56565400000545,79783,0.054443,-0.025879,1.044189,1.473282,2.801527,-1.152672,1.045928,3.368644,5085,8955,3870,5085,0,50.179,6,damping
1780599193.1373563,79.59692340000765,79814,0.044678,-0.054443,1.057617,1.557252,2.954198,-1.534351,1.05996,3.675126,5087,8959,3872,5087,0,50.179,0,damping
1780599193.1683438,79.62791090000246,79845,0.053223,-0.030518,1.049072,1.587786,2.725191,-1.351145,1.050865,3.431228,5088,8962,3874,5088,1,61.372,17,damping
1780599193.1996434,79.65921050000179,79876,0.05127,-0.031982,1.050293,1.541985,3.442748,-1.335878,1.05203,4.00185,5092,8967,3875,5092,0,61.372,7,damping
1780599193.229302,79.68886910000583,79907,0.043945,-0.040039,1.058594,1.641221,3.221374,-1.068702,1.060262,3.770011,5093,8969,3876,5093,0,61.372,7,damping
1780599193.2604353,79.72000240000489,79938,0.040771,-0.024658,1.052246,1.847328,3.618321,-1.198473,1.053324,4.235706,5094,8972,3878,5094,1,61.372,17,damping
1780599193.2919266,79.75149380000948,79969,0.063477,-0.024414,1.057861,1.610687,3.015267,-0.931298,1.060045,3.543087,5096,8975,3879,5096,0,61.372,6,damping
1780599193.3227584,79.7823253999959,80000,0.032227,-0.038574,1.060547,1.755725,3.022901,-0.908397,1.061737,3.611881,5097,8977,3880,5097,0,61.372,6,damping
1780599193.3539772,79.81354430000647,80031,0.038086,-0.0271,1.055664,1.832061,3.496183,-1.053435,1.056698,4.085274,5099,8980,3881,5099,1,61.372,16,damping
1780599193.3856761,79.84524320000492,80063,0.050537,-0.034424,1.057129,1.335878,2.900763,-0.847328,1.058896,3.304083,5101,8983,3882,5101,0,61.372,7,damping
1780599193.4165733,79.87614039999607,80094,0.023926,-0.025146,1.065186,1.687023,2.908397,-0.969466,1.065751,3.49924,5102,8985,3883,5102,0,61.372,7,damping
1780599193.447971,79.907538200001,80125,0.044189,-0.037354,1.053223,1.946565,3.282443,-1.244275,1.054811,4.013946,5105,8990,3885,5105,1,60.714,14,damping
1780599193.4782512,79.93781820000731,80156,0.046875,-0.033936,1.050049,1.29771,2.938931,-1.557252,1.051642,3.57021,5108,8995,3887,5108,0,60.714,0,damping
1780599193.5094244,79.96899160000612,80186,0.039551,-0.032715,1.052978,1.175572,2.938931,-1.251908,1.054229,3.403904,5109,8997,3888,5109,0,60.714,6,damping
1780599193.540538,80.00010509999993,80217,0.038818,-0.036621,1.055908,2.053435,2.946565,-0.870229,1.057256,3.695422,5111,9000,3889,5111,1,60.714,15,damping
1780599193.571526,80.0310931999993,80248,0.059326,-0.016113,1.059814,1.335878,3.167939,-1.007634,1.061596,3.582699,5113,9003,3890,5113,0,60.714,7,damping
1780599193.6025243,80.06209140000283,80279,0.040771,-0.024414,1.05249,1.473282,2.977099,-1.206107,1.053562,3.533889,5114,9005,3891,5114,0,60.714,7,damping
1780599193.6335263,80.09309350000694,80310,0.062988,-0.028076,1.058594,2.328244,3.083969,-1.053435,1.060838,4.005161,5117,9010,3893,5117,1,60.714,14,damping
1780599193.6640303,80.12359740000102,80341,0.034668,-0.031738,1.058106,1.496183,2.572519,-1.412214,1.059149,3.29405,5119,9013,3894,5119,0,60.714,6,damping
1780599193.6950219,80.15458899999794,80372,0.038818,-0.027588,1.050781,1.412214,3.19084,-1.145038,1.05186,3.672454,5120,9015,3895,5120,0,60.714,6,damping
1780599193.7264025,80.18596960000286,80403,0.041992,-0.015381,1.057373,2.167939,3.160305,-1.351145,1.058318,4.063629,5123,9019,3896,5123,0,64.748,7,damping
1780599193.7567763,80.21634339999582,80435,0.027588,-0.019043,1.061279,1.740458,2.70229,-0.885496,1.061809,3.334017,5126,9023,3897,5126,0,64.748,7,damping
1780599193.7883568,80.24792390000948,80465,0.05835,-0.043701,1.049561,1.480916,3.305344,-1.251908,1.052089,3.83219,5127,9025,3898,5127,0,64.748,5,damping
1780599193.8180196,80.27758660000109,80496,0.043457,-0.031982,1.052246,1.70229,3.366412,-1.29771,1.053629,3.989307,5130,9029,3899,5130,0,64.748,6,damping
1780599193.8490846,80.30865180000546,80526,0.043457,-0.041748,1.067383,1.251908,2.992366,-1.160305,1.069082,3.444973,5131,9031,3900,5131,0,64.748,6,damping
1780599193.88021,80.33977690000029,80557,0.045654,-0.017334,1.059814,1.541985,3.114504,-1.396947,1.060939,3.745572,5133,9035,3902,5133,0,64.748,0,damping
1780599193.9104981,80.37006519999704,80588,0.055664,-0.025879,1.0625,1.633588,3.045802,-1.335878,1.064272,3.705413,5136,9039,3903,5136,0,64.748,6,damping
1780599193.9422984,80.40186549999635,80619,0.044922,-0.0271,1.062988,1.40458,3.244275,-1.290076,1.064282,3.763304,5139,9043,3904,5139,0,64.748,6,damping
1780599193.973492,80.43305890000192,80650,0.029053,-0.033203,1.052978,1.48855,3.053435,-1.419847,1.053902,3.68174,5140,9045,3905,5140,0,64.748,6,damping
1780599194.0034764,80.46304339999915,80681,0.037598,-0.032715,1.06543,1.70229,2.656489,-0.778626,1.066595,3.249766,5143,9049,3906,5143,0,71.942,7,damping
1780599194.0351293,80.49469629999658,80712,0.033936,-0.019531,1.063965,1.282443,2.748092,-0.847328,1.064685,3.148751,5144,9051,3907,5144,0,71.942,6,damping
1780599194.0671155,80.5266827000014,80743,0.058105,-0.039307,1.055664,1.763359,3.21374,-1.48855,1.057992,3.95643,5145,9054,3909,5145,1,71.942,17,damping
1780599194.0981364,80.55770350000239,80775,0.040527,-0.027832,1.059326,1.358779,2.458015,-1.290076,1.060466,3.090698,5147,9057,3910,5147,0,71.942,6,damping
1780599194.1295178,80.58908489999885,80807,0.05127,-0.038818,1.062256,1.832061,2.725191,-1.328244,1.0642,3.542223,5148,9059,3911,5148,0,71.942,6,damping
1780599194.160734,80.62030110000342,80838,0.0354,-0.037598,1.057129,1.801527,2.427481,-1.29771,1.058389,3.289713,5149,9062,3913,5149,1,71.942,16,damping
1780599194.1913486,80.6509156999964,80868,0.023926,-0.029785,1.052734,1.59542,2.450382,-1.236641,1.053427,3.174747,5153,9067,3914,5153,0,71.942,7,damping
1780599194.2225378,80.6821048999991,80899,0.046387,-0.033203,1.071045,1.648855,3.175573,-0.977099,1.072563,3.709138,5155,9071,3916,5155,0,71.942,1,damping
1780599194.2530122,80.71257930000138,80930,0.030029,-0.037598,1.05542,1.679389,3.412214,-0.725191,1.056516,3.871622,5156,9074,3918,5156,1,71.942,17,damping
1780599194.283872,80.74343899999803,80961,0.045166,-0.019531,1.052002,1.694656,2.717557,-1.206107,1.053152,3.422232,5158,9077,3919,5158,0,53.571,6,damping
1780599194.3153932,80.77496019999671,80992,0.048096,-0.03833,1.065918,1.984733,2.923664,-1.137405,1.067691,3.712232,5159,9079,3920,5159,0,53.571,6,damping
1780599194.3463423,80.80590950000624,81023,0.018799,-0.033203,1.042969,1.801527,2.473282,-1.160305,1.043666,3.272451,5160,9082,3922,5160,1,53.571,16,damping
1780599194.3770065,80.83657349999703,81054,0.036377,-0.02417,1.05127,1.580153,3.198473,-1.198473,1.052176,3.763436,5164,9087,3923,5164,0,53.571,7,damping
1780599194.4077756,80.86734280000383,81085,0.033691,-0.015381,1.067383,1.625954,2.694656,-1.167939,1.068025,3.35693,5165,9089,3924,5165,0,53.571,6,damping
1780599194.4393687,80.89893579999625,81116,0.039062,-0.043457,1.050049,1.908397,2.755725,-1.145038,1.051673,3.54219,5166,9092,3926,5166,1,53.571,17,damping
1780599194.46982,80.92938709999726,81147,0.037354,-0.01709,1.057129,1.358779,2.900763,-1.091603,1.057927,3.384125,5170,9097,3927,5170,0,53.571,0,damping
1780599194.5003202,80.95988720000605,81178,0.040283,-0.040527,1.062744,1.389313,3.083969,-1.412214,1.064279,3.665434,5171,9099,3928,5171,0,53.571,6,damping
1780599194.5319808,80.99154790000466,81209,0.039307,-0.031738,1.051514,1.656489,3.175573,-1.236641,1.052726,3.789129,5172,9102,3930,5172,1,53.571,17,damping
1780599194.5628402,81.02240719999827,81240,0.050293,-0.027588,1.053711,1.496183,2.969466,-1.206107,1.055271,3.537087,5174,9105,3931,5174,0,57.348,7,damping
1780599194.594198,81.05376510000497,81271,0.033691,-0.034912,1.062012,1.305344,2.847328,-1.030534,1.063119,3.297454,5175,9107,3932,5175,0,57.348,6,damping
1780599194.6252172,81.08478420000756,81302,0.062744,-0.029541,1.052734,2.015267,2.839695,-1.236641,1.055016,3.695193,5177,9112,3935,5177,1,57.348,14,damping
1780599194.6553187,81.11488580000878,81333,0.052734,-0.035889,1.045166,1.923664,3.435115,-0.778626,1.047111,4.013322,5180,9117,3937,5180,0,57.348,0,damping
1780599194.6866956,81.14626270000008,81364,0.03833,-0.039551,1.056885,1.580153,3.076336,-1.076336,1.058319,3.622047,5181,9119,3938,5181,0,57.348,6,damping
1780599194.7176797,81.17724669999734,81395,0.032471,-0.016846,1.054443,2.122137,3.519084,-1.244275,1.055078,4.293674,5183,9122,3939,5183,1,57.348,16,damping
1780599194.7483754,81.20794249999744,81426,0.05542,-0.011719,1.051514,1.832061,3.0,-0.770992,1.053038,3.598732,5185,9125,3940,5185,0,57.348,7,damping
1780599194.7780435,81.2376105000003,81456,0.030518,-0.0271,1.059814,1.587786,2.870229,-1.389313,1.0606,3.562228,5186,9127,3941,5186,0,57.348,6,damping
1780599194.8090065,81.26857349999773,81486,0.043945,-0.034668,1.051025,1.641221,3.10687,-1.022901,1.052515,3.659587,5187,9130,3943,5187,1,57.348,17,damping
1780599194.8398414,81.29940840000927,81517,0.043945,-0.028076,1.051758,1.389313,3.40458,-1.374046,1.05305,3.925476,5189,9133,3944,5189,0,54.152,6,damping
1780599194.8815029,81.34106990000873,81548,0.036621,-0.016602,1.062744,1.099237,2.78626,-1.351145,1.063504,3.285903,5190,9135,3945,5190,0,54.152,6,damping
1780599194.9030435,81.3626105000003,81579,0.033203,-0.037109,1.054199,1.580153,2.679389,-1.053435,1.055375,3.284164,5191,9138,3947,5191,1,54.152,16,damping
1780599194.9331226,81.39268960000481,81610,0.038086,-0.036377,1.04248,1.374046,2.832061,-1.061069,1.04381,3.321813,5195,9143,3948,5195,0,54.152,7,damping
1780599194.965099,81.42466610000702,81641,0.041992,-0.038574,1.05835,1.175572,2.625954,-1.137405,1.059885,3.093751,5196,9145,3949,5196,0,54.152,6,damping
1780599194.995589,81.45515619999787,81672,0.049561,-0.039795,1.05542,1.824428,2.473282,-1.557252,1.057332,3.445388,5197,9148,3951,5197,1,54.152,17,damping
1780599195.026309,81.48587620000762,81703,0.056152,-0.022217,1.057617,1.847328,3.175573,-0.862595,1.05934,3.773719,5199,9151,3952,5199,0,54.152,6,damping
1780599195.0572748,81.51684199999727,81734,0.033936,-0.04248,1.053955,1.770992,2.969466,-0.793893,1.055356,3.547451,5200,9153,3953,5200,0,54.152,6,damping
1780599195.0886724,81.54823939999915,81765,0.040283,-0.026367,1.05835,2.083969,2.946565,-1.099237,1.059444,3.77273,5202,9156,3954,5202,1,54.152,16,damping
1780599195.1202912,81.57985840000038,81797,0.055908,-0.005859,1.051758,1.022901,2.954198,-1.137405,1.053259,3.326756,5206,9161,3955,5206,0,60.714,7,damping
1780599195.1512036,81.61077080000541,81828,0.043213,-0.027344,1.050049,1.91603,3.061069,-0.946565,1.051293,3.733269,5207,9163,3956,5207,0,60.714,6,damping
1780599195.1824572,81.6420242000022,81859,0.050537,-0.040771,1.05835,2.564885,3.244275,-0.900763,1.06034,4.232651,5209,9166,3957,5209,0,60.714,15,damping
1780599195.2131972,81.67276430000493,81890,0.033447,-0.026611,1.057129,2.038168,3.290076,-1.305344,1.057993,4.08444,5211,9169,3958,5211,0,60.714,6,damping
1780599195.2439013,81.70346840001002,81921,0.062012,-0.034668,1.057617,1.648855,3.022901,-1.022901,1.060001,3.592071,5212,9171,3959,5212,0,60.714,6,damping
1780599195.2749476,81.7345146000007,81952,0.05249,-0.024902,1.064453,2.206107,3.290076,-1.236641,1.066037,4.149794,5215,9175,3960,5215,0,60.714,7,damping
1780599195.3059826,81.7655497000087,81983,0.025879,-0.030273,1.061279,1.755725,2.824427,-1.129771,1.062026,3.512313,5216,9177,3961,5216,0,60.714,7,damping
1780599195.3377168,81.7972837999987,82014,0.054688,-0.025391,1.050293,1.549618,2.801527,-1.320611,1.052022,3.463218,5217,9179,3962,5217,0,60.714,6,damping
1780599195.3674805,81.82704760000343,82045,0.052246,-0.024902,1.057373,1.59542,2.916031,-1.29771,1.058956,3.568284,5221,9185,3964,5221,0,60.714,6,damping
1780599195.3987982,81.85836530000961,82076,0.036621,-0.031738,1.058106,1.343511,2.740458,-1.312977,1.059215,3.322505,5223,9189,3966,5223,0,60.932,0,damping
1780599195.4298894,81.88945650000824,82107,0.037842,-0.032715,1.043457,1.694656,3.129771,-1.221374,1.044655,3.762856,5224,9191,3967,5224,0,60.932,5,damping
1780599195.4609392,81.92050629999721,82138,0.048096,-0.018555,1.059326,1.78626,3.450382,-1.328244,1.06058,4.106104,5227,9195,3968,5227,0,60.932,7,damping
1780599195.4916427,81.95120979999774,82169,0.047852,-0.029785,1.062012,1.29771,3.022901,-1.152672,1.063506,3.485776,5228,9197,3969,5228,0,60.932,6,damping
1780599195.5232146,81.98278170000413,82200,0.063721,-0.040039,1.050049,1.885496,3.435115,-1.206107,1.052742,4.099976,5229,9200,3971,5229,1,60.932,17,damping
1780599195.5560005,82.01556749999872,82232,0.031738,-0.029541,1.053223,1.59542,3.007634,-1.10687,1.054115,3.579998,5233,9205,3972,5233,0,60.932,6,damping
1780599195.586193,82.04576010000892,82263,0.039795,-0.036133,1.061035,1.526718,3.167939,-0.916031,1.062396,3.633981,5234,9207,3973,5234,0,60.932,6,damping
1780599195.6178336,82.07740059999924,82294,0.052734,-0.025391,1.051758,1.129771,2.557252,-1.40458,1.053385,3.1287,5235,9210,3975,5235,1,60.932,17,damping
1780599195.6486847,82.10825190000469,82325,0.031738,-0.026611,1.053711,1.603053,2.78626,-1.114504,1.054525,3.402226,5238,9215,3977,5238,0,60.932,0,damping
1780599195.6790764,82.13864340000146,82356,0.036865,-0.031982,1.064941,1.564886,2.854962,-0.770992,1.066059,3.345759,5239,9217,3978,5239,0,57.143,6,damping
1780599195.709918,82.1694850000058,82387,0.028564,-0.0271,1.056885,1.557252,2.984733,-1.496183,1.057618,3.68405,5240,9220,3980,5240,1,57.143,17,damping
1780599195.7415648,82.2011319000012,82418,0.039795,-0.025146,1.052978,1.526718,2.526718,-1.099237,1.05403,3.150157,5242,9223,3981,5242,0,57.143,6,damping
1780599195.7723773,82.23194440000225,82449,0.04248,-0.036377,1.069092,1.717557,2.862595,-1.19084,1.070554,3.54437,5243,9225,3982,5243,0,57.143,6,damping
1780599195.802739,82.26230600000417,82480,0.03833,-0.0354,1.056396,1.648855,2.816794,-1.259542,1.057684,3.498499,5245,9230,3985,5245,1,57.143,14,damping
1780599195.851121,82.31068789999699,82511,0.028809,-0.018555,1.053711,1.587786,2.687023,-1.267176,1.054268,3.368515,5249,9235,3986,5249,0,57.143,0,damping
1780599195.8647459,82.32431300000462,82542,0.044922,-0.030029,1.062256,1.801527,2.717557,-1.259542,1.063629,3.495291,5250,9237,3987,5250,0,57.143,6,damping
1780599195.8965518,82.35611890000291,82573,0.031738,-0.029541,1.05835,1.465649,2.732824,-1.320611,1.059237,3.37053,5251,9240,3989,5251,1,57.143,17,damping
1780599195.9272215,82.38678870000876,82604,0.051514,-0.025391,1.054443,1.610687,2.732824,-1.282443,1.056006,3.421593,5253,9243,3990,5253,0,57.143,6,damping
1780599195.957955,82.41752190000261,82635,0.045166,-0.018555,1.066162,1.282443,3.175573,-0.862595,1.06728,3.531712,5254,9245,3991,5254,0,53.763,6,damping
1780599195.9886317,82.44819890000508,82666,0.025879,-0.030273,1.049316,1.709924,2.671756,-1.290076,1.050072,3.424385,5255,9248,3993,5255,1,53.763,16,damping
1780599196.019687,82.47925390000455,82697,0.035156,-0.031006,1.054443,1.068702,2.801527,-1.366412,1.055485,3.295112,5257,9251,3994,5257,0,53.763,7,damping
1780599196.0504293,82.50999649999721,82728,0.033936,-0.029785,1.067627,1.358779,2.900763,-1.29771,1.068581,3.456119,5258,9253,3995,5258,0,53.763,6,damping
1780599196.0823753,82.54194229999848,82759,0.051025,-0.038574,1.053711,1.664122,3.236641,-1.229008,1.055651,3.841303,5259,9256,3997,5259,1,53.763,17,damping
1780599196.112005,82.5715721000015,82790,0.03833,-0.029785,1.064941,1.381679,3.0,-0.992366,1.066047,3.448743,5263,9261,3998,5263,0,53.763,6,damping
1780599196.1433442,82.60291129999678,82820,0.037354,-0.01416,1.061279,1.167939,2.51145,-1.183206,1.062031,3.011883,5264,9263,3999,5264,0,53.763,7,damping
1780599196.1745954,82.63416250000591,82851,0.047852,-0.03833,1.05835,1.961832,2.732824,-1.160305,1.060124,3.55857,5265,9266,4001,5265,1,53.763,16,damping
1780599196.205509,82.66507590000401,82882,0.044678,-0.017578,1.045898,1.656489,2.824427,-1.40458,1.047,3.56289,5267,9269,4002,5267,0,53.763,7,damping
1780599196.2361543,82.69572150000022,82913,0.040771,-0.039795,1.054688,1.435114,2.816794,-0.938931,1.056225,3.297798,5268,9271,4003,5268,0,50.36,6,damping
1780599196.267399,82.72696620000352,82944,0.039551,-0.027588,1.050537,2.030534,3.21374,-1.145038,1.051643,3.970178,5269,9274,4005,5269,1,50.36,17,damping
1780599196.2983158,82.75788279999688,82975,0.043701,-0.028564,1.053711,1.496183,3.045802,-1.099237,1.055004,3.567042,5273,9279,4006,5273,0,50.36,6,damping
1780599196.3289258,82.7884927999985,83006,0.027344,-0.037109,1.051514,1.694656,2.870229,-1.290076,1.052524,3.574125,5274,9281,4007,5274,0,50.36,7,damping
1780599196.3605711,82.82013819999702,83037,0.053711,-0.022217,1.057373,2.274809,2.656489,-1.412214,1.058969,3.771742,5275,9284,4009,5275,1,50.36,16,damping
1780599196.3905904,82.8501574999973,83068,0.038086,-0.015869,1.044922,1.839695,3.068702,-0.931298,1.045736,3.697124,5278,9289,4011,5278,0,50.36,1,damping
1780599196.4226406,82.88220770000771,83099,0.060791,-0.030273,1.052978,1.717557,2.961832,-0.977099,1.055166,3.560502,5279,9291,4012,5279,0,50.36,6,damping
1780599196.4527712,82.91233819999616,83130,0.034668,-0.024902,1.053223,1.847328,3.427481,-0.778626,1.054087,3.970706,5281,9294,4013,5281,1,50.36,16,damping
1780599196.483685,82.94325219999882,83161,0.042725,-0.008301,1.057617,1.580153,2.778626,-1.870229,1.058512,3.703431,5283,9297,4014,5283,0,50.36,6,damping
1780599196.5143898,82.97395680000773,83191,0.022705,-0.039307,1.056396,1.59542,2.839695,-1.206107,1.057371,3.473316,5284,9299,4015,5284,0,57.554,7,damping
1780599196.545824,83.00539109999954,83222,0.042725,-0.020508,1.056641,1.381679,3.374046,-1.320611,1.057703,3.877788,5286,9304,4018,5286,1,57.554,13,damping
1780599196.5763795,83.03594660000817,83253,0.030273,-0.011475,1.05127,1.625954,2.954198,-1.587786,1.051768,3.727208,5289,9309,4020,5289,0,57.554,0,damping
1780599196.607439,83.06700599999749,83284,0.042725,-0.036621,1.049072,1.755725,2.961832,-1.183206,1.05058,3.640741,5290,9311,4021,5290,0,57.554,6,damping
1780599196.6381538,83.09772079999675,83315,0.043945,-0.039551,1.062988,1.48855,3.396947,-1.206107,1.064631,3.899964,5292,9314,4022,5292,1,57.554,16,damping
1780599196.6681702,83.12773730000481,83346,0.04541,-0.023926,1.0625,1.618321,2.435115,-1.129771,1.063739,3.134506,5294,9317,4023,5294,0,57.554,6,damping
1780599196.6993153,83.15888230000564,83376,0.037598,-0.036865,1.052734,1.793893,2.580153,-0.954198,1.05405,3.284164,5295,9319,4024,5295,0,57.554,6,damping
1780599196.7303817,83.1899487000046,83407,0.055664,-0.030273,1.064697,1.816794,3.480916,-1.206107,1.066581,4.10758,5296,9322,4026,5296,1,57.554,16,damping
1780599196.7610397,83.22060690000944,83438,0.036377,-0.028076,1.063477,1.816794,3.40458,-0.977099,1.064469,3.980782,5298,9325,4027,5298,0,57.554,6,damping
1780599196.792686,83.25225299999875,83469,0.034668,-0.039307,1.050781,1.885496,2.48855,-1.251908,1.052087,3.363815,5299,9327,4028,5299,0,53.957,6,damping
1780599196.823495,83.28306200000225,83500,0.033447,-0.018311,1.052978,1.80916,2.778626,-1.312977,1.053669,3.566193,5301,9330,4029,5301,1,53.957,16,damping
1780599196.854093,83.31366010000056,83531,0.037842,-0.029053,1.047607,0.931298,3.206107,-1.152672,1.048693,3.532009,5305,9335,4030,5305,0,53.957,6,damping
1780599196.885387,83.34495400000014,83562,0.043457,-0.046631,1.050293,1.671756,2.709924,-0.900763,1.052225,3.309052,5306,9337,4031,5306,0,53.957,6,damping
1780599196.9164808,83.37604790000478,83593,0.053223,-0.039307,1.050781,2.167939,3.0,-1.007634,1.052862,3.83605,5308,9340,4032,5308,1,53.957,15,damping
1780599196.9483948,83.40796189999674,83624,0.042969,-0.025146,1.052734,1.068702,2.618321,-1.030534,1.053911,3.009938,5310,9343,4033,5310,0,53.957,7,damping
1780599196.979502,83.43906910000078,83655,0.050293,-0.025146,1.053467,1.725191,3.236641,-1.091603,1.054966,3.826712,5311,9345,4034,5311,0,53.957,6,damping
1780599197.0111403,83.47070750000421,83687,0.050781,-0.023682,1.058838,1.664122,3.496183,-1.08397,1.060319,4.020894,5314,9349,4035,5314,0,53.957,6,damping
1780599197.0413806,83.50094779999927,83718,0.032959,-0.023193,1.056885,1.29771,3.381679,-1.099237,1.057653,3.785251,5317,9353,4036,5317,0,53.957,6,damping
1780599197.0728526,83.53241980000166,83749,0.039062,-0.035889,1.054688,1.366412,3.167939,-0.816794,1.056021,3.54543,5318,9356,4038,5318,1,67.857,17,damping
1780599197.1048203,83.5643873000081,83781,0.029053,-0.027832,1.052978,2.267176,3.160305,-1.015267,1.053747,4.019749,5320,9359,4039,5320,0,67.857,7,damping
1780599197.1410015,83.60056859999895,83817,0.047119,-0.025635,1.05957,1.641221,3.045802,-0.832061,1.060927,3.558489,5321,9361,4040,5321,0,67.857,7,damping
1780599197.1729956,83.6325627000042,83849,0.041504,-0.018066,1.056396,1.854962,3.267176,-1.167939,1.057366,3.934387,5324,9365,4041,5324,0,67.857,6,damping
1780599197.2026846,83.66225180000765,83880,0.050537,-0.02417,1.053467,1.603053,2.480916,-1.229008,1.054955,3.199248,5325,9367,4042,5325,0,67.857,6,damping
1780599197.2346203,83.69418750000477,83911,0.039795,-0.041016,1.053955,1.603053,3.175573,-1.358779,1.055503,3.807929,5326,9370,4044,5326,1,67.857,17,damping
1780599197.267728,83.72729520000576,83943,0.035889,-0.030762,1.05957,1.793893,2.770992,-1.21374,1.060624,3.517046,5328,9374,4046,5328,0,67.857,3,damping
1780599197.299447,83.75901419999718,83975,0.036865,-0.032715,1.068604,1.641221,3.450382,-1.137405,1.06974,3.986531,5330,9377,4047,5330,0,67.857,6,damping
1780599197.330159,83.78972590000194,84006,0.018066,-0.040039,1.044922,1.412214,3.022901,-0.992366,1.045845,3.480958,5332,9382,4050,5332,1,54.475,13,damping
1780599197.361285,83.82085200000438,84037,0.040771,-0.023193,1.056885,1.679389,2.977099,-1.015267,1.057925,3.565703,5334,9385,4051,5334,0,54.475,7,damping
1780599197.3914921,83.85105920000933,84068,0.063965,-0.02417,1.064209,1.526718,3.251908,-1.030534,1.066404,3.737349,5335,9387,4052,5335,0,54.475,6,damping
1780599197.4237456,83.88331279999693,84099,0.055664,-0.03833,1.054199,1.618321,2.908397,-1.229008,1.056363,3.547985,5336,9390,4054,5336,1,54.475,17,damping
1780599197.453351,83.91291810000257,84130,0.052979,-0.023193,1.056641,1.396947,2.969466,-1.374046,1.058222,3.557694,5338,9393,4055,5338,0,54.475,6,damping
1780599197.4849095,83.94447660000878,84161,0.025391,-0.02124,1.063477,1.442748,2.221374,-1.412214,1.063992,3.001728,5339,9395,4056,5339,0,54.475,6,damping
1780599197.5165253,83.9760924000002,84192,0.039795,-0.036133,1.050537,1.557252,2.717557,-1.450382,1.051911,3.451631,5340,9398,4058,5340,1,54.475,16,damping
1780599197.5465648,84.006131800008,84223,0.058105,-0.015625,1.050293,1.274809,2.732824,-1.358779,1.052015,3.307529,5342,9401,4059,5342,0,54.475,7,damping
1780599197.577457,84.03702410000551,84254,0.032471,-0.037109,1.061768,1.587786,2.603053,-1.068702,1.062912,3.230956,5344,9405,4061,5344,0,54.475,0,damping
1780599197.6088192,84.0683863000013,84285,0.048584,-0.027832,1.052246,2.145038,2.656489,-0.946565,1.053735,3.543177,5345,9408,4063,5345,1,46.595,17,damping
1780599197.6404831,84.10005020000972,84316,0.035889,-0.011963,1.055908,1.992366,3.236641,-0.793893,1.056586,3.882736,5347,9411,4064,5347,0,46.595,6,damping
1780599197.6701577,84.12972480000462,84347,0.028076,-0.032959,1.058106,1.839695,3.045802,-1.229008,1.058991,3.764551,5348,9413,4065,5348,0,46.595,6,damping
1780599197.7024736,84.16204070000094,84378,0.062012,-0.017578,1.062012,2.267176,2.480916,-1.068702,1.063966,3.526635,5349,9416,4067,5349,1,46.595,16,damping
1780599197.7317839,84.19135090000054,84409,0.055664,-0.020996,1.051514,1.496183,3.21374,-1.152672,1.053195,3.727646,5351,9419,4068,5351,0,46.595,7,damping
1780599197.7636046,84.22317179999663,84440,0.022705,-0.050049,1.054443,1.312977,3.312977,-1.007634,1.055875,3.703384,5353,9423,4070,5353,0,46.595,1,damping
1780599197.7937715,84.25333849999879,84471,0.026855,-0.03125,1.056641,1.770992,3.030534,-1.274809,1.057444,3.734393,5355,9426,4071,5355,1,46.595,16,damping
1780599197.8263032,84.28587040001003,84502,0.030273,-0.016113,1.055908,1.206107,2.641221,-1.053435,1.056465,3.088765,5357,9429,4072,5357,0,46.595,6,damping
1780599197.8559222,84.31548920000205,84533,0.046875,-0.034668,1.057129,1.442748,2.816794,-1.274809,1.058735,3.411889,5358,9431,4073,5358,0,46.595,6,damping
1780599197.8871741,84.34674120000273,84564,0.041016,-0.036377,1.053467,1.755725,3.29771,-1.557252,1.054892,4.04753,5360,9434,4074,5360,1,53.763,15,damping
1780599197.9183433,84.3779102999979,84595,0.055908,-0.032227,1.053711,1.152672,3.137405,-1.312977,1.055685,3.591082,5362,9437,4075,5362,0,53.763,7,damping
1780599197.9500217,84.40958880000107,84626,0.04834,-0.032715,1.053223,1.419847,3.152672,-1.290076,1.054839,3.690475,5363,9439,4076,5363,0,53.763,7,damping
1780599197.9802668,84.43983380000282,84657,0.027832,-0.037842,1.052002,1.992366,3.671756,-0.938931,1.05305,4.281694,5365,9442,4077,5365,0,53.763,15,damping
1780599198.0119421,84.4715092999977,84688,0.03418,-0.026367,1.05957,1.458015,2.969466,-1.068702,1.060449,3.476444,5368,9447,4079,5368,0,53.763,0,damping
1780599198.042941,84.50250820000656,84719,0.046143,-0.026367,1.067627,1.778626,2.664122,-1.114504,1.068949,3.391633,5369,9449,4080,5369,0,53.763,6,damping
1780599198.0742478,84.5338150000025,84750,0.047607,-0.034424,1.062744,2.412214,3.335878,-1.030534,1.064367,4.243684,5373,9455,4082,5373,0,53.763,6,damping
1780599198.1040475,84.56361460000335,84781,0.033447,-0.035645,1.047852,1.687023,3.022901,-1.290076,1.048991,3.694357,5374,9457,4083,5374,0,53.763,6,damping
1780599198.1346548,84.5942217999982,84812,0.01709,-0.039062,1.049316,1.687023,3.0,-0.656489,1.050182,3.503858,5375,9459,4084,5375,0,53.763,6,damping
1780599198.1667492,84.62631619999593,84842,0.053711,-0.032959,1.055664,2.312977,2.847328,-1.160305,1.057543,3.847525,5378,9463,4085,5378,0,61.151,6,damping
1780599198.1983774,84.657944400009,84873,0.030029,-0.03833,1.052734,1.48855,2.900763,-1.259542,1.05386,3.495233,5379,9465,4086,5379,0,61.151,6,damping
1780599198.2281363,84.68770340000628,84904,0.034424,-0.039307,1.058106,1.80916,3.045802,-1.236641,1.059395,3.752233,5380,9467,4087,5380,0,61.151,6,damping
1780599198.2594473,84.71901430000435,84935,0.04126,-0.01709,1.051758,1.832061,3.458015,-0.946565,1.052706,4.026202,5383,9471,4088,5383,0,61.151,6,damping
1780599198.290844,84.75041110000166,84967,0.037842,-0.026367,1.055908,1.541985,3.083969,-1.129771,1.056915,3.628356,5384,9473,4089,5384,0,61.151,6,damping
1780599198.3217375,84.78130450000754,84998,0.036621,-0.03833,1.052978,1.885496,3.534351,-0.946565,1.054312,4.116153,5386,9478,4092,5386,1,61.151,14,damping
1780599198.3521938,84.81176090000372,85029,0.035645,-0.022949,1.052734,1.854962,2.992366,-1.038168,1.053588,3.670549,5388,9481,4093,5388,0,61.151,7,damping
1780599198.3844013,84.84396830000333,85060,0.062012,-0.018066,1.068848,1.549618,2.908397,-0.862595,1.070797,3.406488,5389,9483,4094,5389,0,61.151,7,damping
1780599198.4137962,84.87336330000835,85091,0.071533,-0.023193,1.064453,1.740458,3.221374,-1.29771,1.067106,3.884649,5390,9486,4096,5390,1,61.151,17,damping
1780599198.4453673,84.9049345000094,85121,0.03833,-0.024414,1.053223,1.778626,2.977099,-1.229008,1.054203,3.679278,5392,9489,4097,5392,0,50.179,6,damping
1780599198.4754055,84.93497250000655,85152,0.043457,-0.032715,1.054443,1.961832,2.778626,-0.969466,1.055845,3.536864,5393,9491,4098,5393,0,50.179,6,damping
1780599198.5076733,84.96724040000117,85183,0.056885,-0.023926,1.056641,1.480916,2.679389,-1.206107,1.058441,3.29043,5395,9496,4101,5395,1,50.179,14,damping
1780599198.5377743,84.99734129999706,85214,0.043457,-0.029297,1.059814,1.450382,2.526718,-1.496183,1.06111,3.27513,5397,9499,4102,5397,0,50.179,6,damping
1780599198.5688555,85.02842270000838,85245,0.035156,-0.023926,1.05835,1.763359,2.938931,-0.923664,1.059204,3.549635,5398,9501,4103,5398,0,50.179,6,damping
1780599198.5992951,85.0588623000076,85276,0.046143,-0.025146,1.056885,1.59542,3.083969,-1.442748,1.05819,3.76002,5399,9504,4105,5399,1,50.179,17,damping
1780599198.6297274,85.08929450000869,85307,0.02832,-0.03125,1.048584,1.526718,2.534351,-1.236641,1.049432,3.206725,5403,9509,4106,5403,0,50.179,7,damping
1780599198.6613739,85.12094100000104,85337,0.044922,-0.019287,1.056641,1.564886,3.335878,-1.328244,1.057771,3.916782,5404,9511,4107,5404,0,50.179,7,damping
1780599198.6926718,85.15223880000121,85368,0.057129,-0.022217,1.054199,1.236641,3.145038,-1.496183,1.05598,3.695824,5405,9514,4109,5405,1,50.179,17,damping
1780599198.7242007,85.18376780000108,85399,0.0271,-0.028076,1.056396,1.557252,2.748092,-1.21374,1.057117,3.383816,5407,9517,4110,5407,0,53.957,6,damping
1780599198.7538905,85.2134575000091,85431,0.042236,-0.027588,1.069824,1.740458,3.236641,-0.946565,1.071013,3.794868,5409,9521,4112,5409,0,53.957,0,damping
1780599198.7859685,85.24553569999989,85462,0.027832,-0.033447,1.05127,1.633588,2.877863,-1.244275,1.05217,3.535382,5410,9524,4114,5410,1,53.957,17,damping
1780599198.8164837,85.27605090000725,85493,0.047363,-0.018311,1.042969,1.473282,3.083969,-1.396947,1.044204,3.692274,5414,9529,4115,5414,0,53.957,7,damping
1780599198.8480651,85.3076321999979,85524,0.048584,-0.018799,1.069336,1.610687,2.977099,-1.229008,1.070604,3.601096,5415,9531,4116,5415,0,53.957,7,damping
1780599198.8776171,85.33718410000438,85555,0.041016,-0.045654,1.054443,1.778626,2.916031,-1.0,1.056228,3.559037,5416,9534,4118,5416,1,53.957,17,damping
1780599198.9086168,85.36818390000553,85585,0.034668,-0.020996,1.051514,1.641221,2.526718,-1.274809,1.052294,3.271551,5418,9537,4119,5418,0,53.957,6,damping
1780599198.9410698,85.40063689999806,85616,0.053955,-0.023438,1.062988,1.541985,3.045802,-1.145038,1.064615,3.600797,5419,9539,4120,5419,0,53.957,6,damping
1780599198.970931,85.43049820000306,85647,0.036133,-0.035156,1.049805,1.641221,2.923664,-1.480916,1.051014,3.665315,5420,9542,4122,5420,1,53.957,17,damping
1780599199.0020282,85.46159540000372,85678,0.045166,-0.026611,1.047363,1.816794,3.022901,-0.89313,1.048674,3.63818,5422,9545,4123,5422,0,53.763,6,damping
1780599199.033102,85.4926689999993,85709,0.040771,-0.037598,1.060791,1.572519,3.053435,-1.129771,1.06224,3.615614,5423,9547,4124,5423,0,53.763,6,damping
1780599199.0634484,85.52301560000342,85740,0.031006,-0.037842,1.053223,1.48855,3.351145,-0.946565,1.054358,3.787075,5425,9552,4127,5425,1,53.763,14,damping
1780599199.0951936,85.55476070000441,85771,0.046143,-0.022461,1.045898,1.557252,3.389313,-0.78626,1.047157,3.811913,5428,9557,4129,5428,0,53.763,1,damping
1780599199.1261938,85.58576080000785,85802,0.014404,-0.040771,1.054443,1.564886,2.473282,-1.198473,1.05533,3.162646,5429,9559,4130,5429,0,53.763,6,damping
1780599199.1565967,85.61616380000487,85833,0.043457,-0.022949,1.054688,1.847328,2.633588,-1.358779,1.055832,3.492089,5430,9562,4132,5430,1,53.763,17,damping
1780599199.1880686,85.64763560000574,85864,0.050293,-0.033447,1.050781,1.679389,3.40458,-0.931298,1.052516,3.908814,5432,9565,4133,5432,0,53.763,6,damping
1780599199.2172062,85.67677330000151,85894,0.045898,-0.014648,1.071045,1.251908,3.0,-1.236641,1.072128,3.47801,5433,9567,4134,5433,0,53.763,6,damping
1780599199.2483687,85.7079359000054,85924,0.044678,-0.041016,1.051025,1.603053,3.114504,-1.10687,1.052774,3.673564,5434,9570,4136,5434,1,53.763,17,damping
1780599199.2805157,85.74008270000922,85956,0.054443,-0.036865,1.062744,1.763359,3.458015,-1.061069,1.064776,4.024074,5436,9573,4137,5436,0,50.36,6,damping
1780599199.3098588,85.76942589999817,85987,0.029785,-0.037109,1.051514,1.748092,3.358779,-0.755725,1.05259,3.861132,5437,9575,4138,5437,0,50.36,7,damping
1780599199.3421986,85.80176570000185,86018,0.031494,-0.030762,1.05249,1.78626,3.229008,-1.305344,1.05341,3.914222,5438,9578,4140,5438,1,50.36,16,damping
1780599199.3721268,85.83169390000694,86049,0.039307,-0.015625,1.052978,1.458015,3.21374,-0.885496,1.053828,3.638412,5442,9583,4141,5442,0,50.36,6,damping
1780599199.403358,85.86292500000854,86080,0.036377,-0.036133,1.052978,1.625954,2.938931,-0.916031,1.054226,3.481402,5444,9587,4143,5444,0,50.36,1,damping
1780599199.4341002,85.89366729999892,86111,0.037842,-0.035156,1.058594,2.068702,3.59542,-0.961832,1.059853,4.258133,5446,9590,4144,5446,1,50.36,17,damping
1780599199.465298,85.92486490000738,86142,0.052734,-0.024658,1.057861,1.122137,3.167939,-0.916031,1.059462,3.48341,5448,9593,4145,5448,0,50.36,6,damping
1780599199.4977593,85.95732640000642,86173,0.057129,-0.028564,1.054688,1.427481,3.236641,-0.839695,1.05662,3.635744,5449,9595,4146,5449,0,50.36,6,damping
1780599199.5280952,85.98766220000107,86204,0.042725,-0.029053,1.057373,1.854962,3.740458,-0.977099,1.058634,4.287964,5451,9598,4147,5451,1,50.36,16,damping
1780599199.5590253,86.01859230000991,86235,0.048096,-0.021484,1.068848,1.198473,3.137405,-1.572519,1.070145,3.708432,5453,9601,4148,5453,0,60.932,7,damping
1780599199.5907195,86.05028660000244,86266,0.038574,-0.018066,1.053467,1.770992,2.816794,-1.458015,1.054328,3.632706,5454,9603,4149,5454,0,60.932,7,damping
1780599199.6199594,86.0795264000044,86297,0.05835,-0.030273,1.065918,2.10687,3.625954,-1.29771,1.067943,4.389817,5456,9606,4150,5456,0,60.932,14,damping
1780599199.6502566,86.10982379999768,86327,0.039551,-0.012207,1.056152,1.152672,2.908397,-0.877863,1.056963,3.249318,5459,9611,4152,5459,0,60.932,0,damping
1780599199.681518,86.14108519999718,86358,0.037109,-0.019287,1.048828,1.679389,3.229008,-1.076336,1.049662,3.795437,5460,9613,4153,5460,0,60.932,6,damping
1780599199.71312,86.17268709999917,86389,0.043457,-0.027832,1.059326,2.473282,3.900763,-0.748092,1.060582,4.678966,5462,9616,4154,5462,0,60.932,15,damping
1780599199.7440555,86.20362260000547,86420,0.05542,-0.037842,1.062256,1.389313,2.557252,-1.328244,1.064374,3.199056,5464,9619,4155,5464,0,60.932,6,damping
1780599199.7751083,86.23467530000198,86451,0.049316,-0.029785,1.05127,1.51145,2.885496,-1.152672,1.052847,3.455318,5465,9621,4156,5465,0,60.932,5,damping
1780599199.80587,86.26543710000988,86482,0.052002,-0.018066,1.068115,1.931298,3.274809,-1.244275,1.069533,4.000313,5468,9625,4157,5468,0,60.932,7,damping
1780599199.8371468,86.29671380000946,86513,0.027344,-0.030762,1.05249,1.152672,2.78626,-1.549618,1.053295,3.390164,5470,9629,4159,5470,0,61.151,1,damping
1780599199.8675907,86.32715769999777,86544,0.03418,-0.036377,1.054688,1.549618,3.290076,-1.160305,1.055868,3.817359,5471,9631,4160,5471,0,61.151,6,damping
1780599199.8992727,86.3588396999985,86575,0.035156,-0.02832,1.053955,2.183206,3.122137,-1.145038,1.054921,3.978095,5474,9635,4161,5474,0,61.151,6,damping
1780599199.9303598,86.38992680000956,86606,0.043213,-0.025391,1.067627,0.984733,2.793893,-1.198473,1.068803,3.195603,5475,9637,4162,5475,0,61.151,6,damping
1780599199.9617832,86.42135030000645,86637,0.040527,-0.04834,1.055176,1.320611,3.374046,-1.603053,1.05706,3.962068,5477,9641,4164,5477,0,61.151,0,damping
1780599199.9924252,86.45199230000435,86668,0.044189,-0.031738,1.054443,2.145038,2.938931,-1.305344,1.055846,3.865544,5480,9645,4165,5480,0,61.151,7,damping
1780599200.0234823,86.48304950000602,86699,0.036377,-0.019287,1.051758,0.854962,3.358779,-1.114504,1.052563,3.640669,5481,9647,4166,5481,0,61.151,6,damping
1780599200.054594,86.51416099999915,86730,0.044678,-0.032227,1.053955,1.618321,2.770992,-1.351145,1.055394,3.481803,5482,9650,4168,5482,1,61.151,17,damping
1780599200.0857742,86.54534130000684,86761,0.037842,-0.028076,1.053711,2.045802,2.854962,-1.251908,1.054764,3.728724,5484,9653,4169,5484,0,61.151,7,damping
1780599200.1149325,86.5744995999994,86792,0.042236,-0.0271,1.0625,1.167939,2.450382,-0.961832,1.063684,2.879856,5485,9655,4170,5485,0,53.763,6,damping
1780599200.1468966,86.60646360000828,86823,0.055176,-0.016602,1.050293,1.91603,2.908397,-1.152672,1.051872,3.668596,5487,9660,4173,5487,1,53.763,14,damping
1780599200.17729,86.63685710000573,86854,0.036865,-0.024658,1.055176,1.732824,2.687023,-1.480916,1.056108,3.523618,5489,9663,4174,5489,0,53.763,6,damping
1780599200.2090282,86.66859519999707,86885,0.048584,-0.030273,1.056152,1.603053,2.969466,-1.114504,1.057703,3.553818,5490,9665,4175,5490,0,53.763,6,damping
1780599200.2403991,86.69996620000165,86916,0.023193,-0.042236,1.045654,1.641221,2.870229,-1.259542,1.046764,3.538116,5491,9668,4177,5491,1,53.763,17,damping
1780599200.2720418,86.73160880000796,86948,0.043213,-0.0271,1.05249,1.480916,3.244275,-1.358779,1.053726,3.816374,5495,9673,4178,5495,0,53.763,6,damping
1780599200.303703,86.76327009999659,86979,0.043945,-0.023193,1.066894,1.343511,3.114504,-1.343511,1.068051,3.648312,5496,9675,4179,5496,0,53.763,6,damping
1780599200.3341472,86.7937144000025,87010,0.038086,-0.030029,1.050537,1.603053,2.526718,-1.641221,1.051656,3.412871,5497,9678,4181,5497,1,53.763,17,damping
1780599200.3646514,86.82421859999886,87041,0.050293,-0.034668,1.054443,1.80916,3.129771,-0.954198,1.056211,3.738853,5499,9681,4182,5499,0,53.763,7,damping
1780599200.3957086,86.855275599999,87072,0.042969,-0.040039,1.053223,1.603053,3.007634,-1.229008,1.054859,3.622996,5500,9683,4183,5500,0,53.571,7,damping
1780599200.4268308,86.88639780000085,87103,0.051025,-0.032471,1.047607,2.290076,2.717557,-0.954198,1.049352,3.679682,5501,9686,4185,5501,1,53.571,16,damping
1780599200.458052,86.91761899999983,87134,0.059326,-0.01001,1.05127,1.59542,3.305344,-0.969466,1.05299,3.79612,5505,9691,4186,5505,0,53.571,6,damping
1780599200.4893486,86.94891580000694,87165,0.033203,-0.034668,1.052246,1.717557,3.083969,-1.412214,1.05334,3.802002,5506,9693,4187,5506,0,53.571,6,damping
1780599200.5203774,86.97994440000912,87196,0.036621,-0.018066,1.054688,1.770992,3.305344,-1.450382,1.055478,4.020612,5508,9696,4188,5508,1,53.571,16,damping
1780599200.5513697,87.01093679999758,87227,0.036865,-0.023682,1.060303,1.236641,3.007634,-1.267176,1.061208,3.490111,5511,9701,4190,5511,0,53.571,0,damping
1780599200.5813107,87.04087769999751,87258,0.056152,-0.031006,1.060791,1.641221,2.824427,-1.480916,1.062728,3.586657,5512,9703,4191,5512,0,53.571,6,damping
1780599200.6131454,87.07271239999682,87289,0.052002,-0.039795,1.057861,2.259542,3.48855,-1.038168,1.059886,4.284075,5514,9706,4192,5514,1,53.571,16,damping
1780599200.6443748,87.10394200000155,87320,0.048828,-0.036621,1.050537,1.648855,2.48855,-1.099237,1.052309,3.181183,5516,9709,4193,5516,0,53.571,6,damping
1780599200.6748924,87.13445939999656,87351,0.037354,-0.029785,1.052246,1.740458,3.458015,-1.091603,1.05333,4.02227,5517,9711,4194,5517,0,60.932,6,damping
1780599200.7065194,87.16608650000126,87382,0.045654,-0.02832,1.05127,1.91603,2.885496,-0.89313,1.052641,3.577002,5520,9715,4195,5520,0,60.932,7,damping
1780599200.740633,87.20020000000659,87414,0.035889,-0.032715,1.065674,1.587786,3.198473,-1.366412,1.06678,3.823399,5522,9719,4197,5522,0,60.932,1,damping
1780599200.7697887,87.22935570000845,87445,0.034912,-0.042725,1.053711,1.671756,2.557252,-1.282443,1.055154,3.313452,5523,9722,4199,5523,1,60.932,17,damping
1780599200.8004303,87.2599973000033,87476,0.027588,-0.026855,1.058838,2.343511,2.984733,-1.267176,1.059538,4.000801,5525,9725,4200,5525,0,60.932,6,damping
1780599200.8309073,87.29047429999628,87507,0.050537,-0.012695,1.067871,1.625954,2.900763,-0.89313,1.069142,3.44323,5526,9727,4201,5526,0,60.932,6,damping
1780599200.8625228,87.32208990000072,87538,0.059814,-0.026367,1.056396,2.091603,2.870229,-1.091603,1.058417,3.715456,5528,9732,4204,5528,1,60.932,14,damping
1780599200.8925984,87.35216550000769,87569,0.038818,-0.030762,1.051514,1.717557,2.717557,-1.007634,1.052679,3.369042,5530,9735,4205,5530,0,60.932,6,damping
1780599200.9238572,87.38342430000193,87600,0.03833,-0.038574,1.062744,1.473282,3.236641,-1.160305,1.064134,3.740684,5531,9737,4206,5531,0,60.932,6,damping
1780599200.9551136,87.41468080000777,87631,0.033203,-0.013428,1.05957,1.412214,3.007634,-1.442748,1.060175,3.622393,5532,9740,4208,5532,1,53.571,17,damping
1780599200.9873576,87.44692480000958,87663,0.032227,-0.024414,1.047852,1.618321,3.267176,-0.946565,1.048631,3.76688,5535,9744,4209,5535,0,53.571,4,damping
1780599201.017797,87.47736410000653,87694,0.036377,-0.029541,1.056641,1.458015,2.458015,-1.534351,1.057679,3.243745,5536,9746,4210,5536,0,53.571,7,damping
1780599201.0504096,87.50997660000576,87725,0.033691,-0.033691,1.054443,1.580153,3.290076,-1.19084,1.055519,3.839216,5538,9751,4213,5538,1,53.571,13,damping
1780599201.0806658,87.54023280000547,87756,0.050537,-0.022461,1.049072,1.351145,2.824427,-1.099237,1.050529,3.318328,5540,9754,4214,5540,0,53.571,7,damping
1780599201.1109316,87.57049860000552,87787,0.03418,-0.03833,1.043213,1.580153,2.801527,-1.267176,1.044476,3.457046,5541,9756,4215,5541,0,53.571,7,damping
1780599201.1419296,87.60149680000904,87818,0.064697,-0.027832,1.054932,2.198473,2.587786,-1.305344,1.05728,3.637835,5542,9759,4217,5542,1,53.571,17,damping
1780599201.172427,87.63199409999652,87849,0.043945,-0.020996,1.046387,1.610687,3.59542,-0.977099,1.04752,4.059074,5546,9764,4218,5546,0,53.571,6,damping
1780599201.2030032,87.66257020000194,87879,0.045898,-0.024902,1.066406,0.969466,3.290076,-1.137405,1.067684,3.613607,5547,9766,4219,5547,0,53.571,6,damping
1780599201.2329454,87.69251259999874,87910,0.048584,-0.02417,1.052734,1.755725,2.351145,-1.160305,1.054132,3.155434,5548,9769,4221,5548,1,57.348,17,damping
1780599201.265476,87.72504299999855,87941,0.058838,-0.030762,1.052734,1.816794,3.335878,-0.732824,1.054826,3.868572,5550,9772,4222,5550,0,57.348,6,damping
1780599201.2956965,87.75526350000291,87972,0.030273,-0.046387,1.043701,1.755725,3.061069,-1.236641,1.04517,3.739251,5551,9774,4223,5551,0,57.348,6,damping
1780599201.3255825,87.78514960000757,88003,0.043701,-0.02832,1.058106,2.312977,2.526718,-1.122137,1.059386,3.60463,5552,9777,4225,5552,1,57.348,17,damping
1780599201.3572547,87.81682170000568,88033,0.039062,-0.024414,1.05249,1.549618,3.091603,-0.770992,1.053498,3.543128,5556,9782,4226,5556,0,57.348,7,damping
1780599201.3876896,87.84725669999898,88064,0.035889,-0.046387,1.061523,1.503817,3.0,-1.381679,1.063142,3.629119,5557,9784,4227,5557,0,57.348,7,damping
1780599201.4178185,87.87738560000435,88094,0.032227,-0.038818,1.049316,1.580153,2.70229,-1.549618,1.050528,3.492932,5558,9787,4229,5558,1,57.348,16,damping
1780599201.4484582,87.90802529999928,88125,0.06958,-0.030762,1.05835,1.519084,3.366412,-1.076336,1.06108,3.846927,5561,9792,4231,5561,0,57.348,1,damping
1780599201.4804344,87.9400014999992,88156,0.046875,-0.042725,1.055908,1.687023,3.091603,-1.129771,1.057811,3.698708,5562,9794,4232,5562,0,57.348,6,damping
1780599201.5106285,87.9701955000055,88187,0.059814,-0.030762,1.056641,1.641221,3.587786,-1.129771,1.058779,4.103925,5563,9797,4234,5563,1,54.152,17,damping
1780599201.5428267,88.00239370000781,88218,0.052246,-0.010742,1.061035,1.763359,3.10687,-1.183206,1.062375,3.76325,5565,9800,4235,5565,0,54.152,6,damping
1780599201.5724072,88.03197440000076,88249,0.043213,-0.036865,1.052734,1.862595,3.21374,-0.862595,1.054266,3.813327,5566,9802,4236,5566,0,54.152,6,damping
1780599201.6034105,88.0629775999987,88280,0.035645,-0.021973,1.055176,1.648855,3.030534,-1.244275,1.056006,3.667572,5568,9805,4237,5568,1,54.152,16,damping
1780599201.633818,88.09338510000089,88311,0.043457,-0.00708,1.054932,1.236641,3.129771,-1.10687,1.05585,3.542585,5571,9810,4239,5571,0,54.152,0,damping
1780599201.6644561,88.12402309999743,88341,0.046387,-0.043945,1.058594,1.763359,3.183206,-1.229008,1.06052,3.840924,5572,9812,4240,5572,0,54.152,6,damping
1780599201.6960616,88.15562879999925,88372,0.04126,-0.020264,1.053711,1.89313,2.687023,-1.198473,1.054713,3.498624,5574,9815,4241,5574,1,54.152,16,damping
1780599201.7261314,88.18569860000571,88403,0.037598,-0.009521,1.055664,1.396947,3.374046,-0.847328,1.056376,3.748814,5576,9818,4242,5576,0,54.152,7,damping
1780599201.7590675,88.21863470000972,88434,0.043701,-0.034424,1.050781,1.664122,3.458015,-1.412214,1.052253,4.089195,5578,9822,4244,5578,0,54.152,1,damping
1780599201.7893062,88.24887320000562,88465,0.045898,-0.040771,1.051758,1.801527,3.816794,-1.320611,1.053548,4.422378,5580,9825,4245,5580,1,61.151,15,damping
1780599201.828917,88.28848420000577,88496,0.066895,-0.032715,1.060547,1.10687,2.740458,-1.129771,1.063158,3.16412,5582,9828,4246,5582,0,61.151,6,damping
1780599201.85128,88.31084710000141,88527,0.054199,-0.031982,1.054443,1.534351,3.19084,-1.229008,1.05632,3.74782,5583,9830,4247,5583,0,61.151,6,damping
1780599201.8821843,88.34175130000222,88558,0.059082,-0.027344,1.057373,1.816794,3.709924,-1.19084,1.059375,4.299113,5585,9833,4248,5585,0,61.151,15,damping
1780599201.91266,88.37222699999984,88589,0.03125,-0.025635,1.056885,1.59542,2.580153,-1.145038,1.057657,3.242478,5587,9836,4249,5587,0,61.151,6,damping
1780599201.9437902,88.4033572000044,88620,0.032715,-0.023926,1.050537,1.473282,3.076336,-1.267176,1.051319,3.6387,5589,9840,4251,5589,0,61.151,0,damping
1780599201.9747026,88.43426960000943,88650,0.063232,-0.031494,1.055908,2.114504,3.099237,-0.877863,1.058269,3.853186,5591,9843,4252,5591,1,61.151,15,damping
1780599202.0057747,88.4653418000089,88682,0.041504,-0.026123,1.056641,1.091603,2.877863,-1.21374,1.057778,3.308604,5593,9846,4253,5593,0,61.151,6,damping
1780599202.037307,88.49687420000555,88713,0.050293,-0.045898,1.049561,1.541985,3.229008,-1.068702,1.051767,3.734479,5594,9848,4254,5594,0,61.151,5,damping
1780599202.0676894,88.52725660000579,88744,0.042236,-0.014893,1.060791,1.900763,2.633588,-0.969466,1.061736,3.389476,5599,9854,4255,5599,0,68.1,7,damping
1780599202.0985513,88.55811830000312,88775,0.022705,-0.019531,1.066406,1.305344,2.923664,-0.946565,1.066827,3.33882,5600,9856,4256,5600,0,68.1,7,damping
1780599202.1298203,88.58938730000227,88805,0.049805,-0.043457,1.057861,1.40458,3.480916,-1.19084,1.059924,3.937984,5601,9858,4257,5601,0,68.1,6,damping
1780599202.160114,88.61968119999801,88836,0.057129,-0.023926,1.066406,2.030534,3.145038,-0.732824,1.068203,3.814625,5604,9862,4258,5604,0,68.1,6,damping
1780599202.191521,88.65108809999947,88867,0.025635,-0.024658,1.054443,1.21374,3.083969,-1.022901,1.055043,3.46848,5605,9864,4259,5605,0,68.1,6,damping
1780599202.2223725,88.68193960000644,88898,0.052246,-0.036865,1.05127,1.679389,3.099237,-0.89313,1.053212,3.636385,5606,9867,4261,5606,1,68.1,17,damping
1780599202.253036,88.71260320000874,88929,0.031738,-0.032715,1.05542,1.961832,3.267176,-1.396947,1.056404,4.058902,5610,9872,4262,5610,0,68.1,6,damping
1780599202.2843704,88.74393749999581,88960,0.046387,-0.017578,1.055664,1.526718,2.679389,-1.053435,1.056829,3.258791,5611,9874,4263,5611,0,68.1,6,damping
1780599202.3155944,88.77516150000156,88991,0.041992,-0.013184,1.043701,1.587786,2.580153,-1.442748,1.044629,3.355559,5612,9877,4265,5612,1,68.1,17,damping
1780599202.3466785,88.80624560000433,89022,0.043945,-0.030273,1.055908,1.51145,2.854962,-1.435114,1.057256,3.534804,5614,9881,4267,5614,1,53.957,3,damping
1780599202.3780038,88.83757090001018,89054,0.051758,-0.033447,1.059326,1.687023,3.206107,-1.312977,1.061117,3.85345,5616,9884,4268,5616,0,53.957,6,damping
1780599202.4076002,88.8671672000055,89085,0.031494,-0.041016,1.049805,1.51145,2.778626,-1.572519,1.051078,3.53243,5617,9887,4270,5617,1,53.957,16,damping
1780599202.439293,88.89885990000039,89115,0.0354,-0.024902,1.059082,1.480916,2.748092,-1.366412,1.059966,3.407668,5619,9890,4271,5619,0,53.957,7,damping
1780599202.470026,88.92959300000803,89146,0.044434,-0.030518,1.063477,1.839695,2.801527,-0.916031,1.064842,3.474498,5620,9892,4272,5620,0,53.957,6,damping
1780599202.5014822,88.96104940000805,89177,0.041504,-0.045166,1.052002,1.557252,3.045802,-1.366412,1.053789,3.683616,5621,9895,4274,5621,1,53.957,17,damping
1780599202.5323133,88.99188040000445,89208,0.037109,-0.025879,1.05249,1.519084,2.839695,-0.870229,1.053462,3.335983,5624,9900,4276,5624,0,53.957,0,damping
1780599202.5631728,89.02273989999958,89239,0.051025,-0.02417,1.068604,1.564886,2.916031,-1.137405,1.070094,3.499398,5625,9902,4277,5625,0,53.957,6,damping
1780599202.5943127,89.05387970000447,89270,0.03833,-0.037842,1.049805,1.778626,2.610687,-1.19084,1.051186,3.375988,5626,9905,4279,5626,1,53.957,17,damping
1780599202.6248484,89.08441540000786,89301,0.023682,-0.022217,1.051758,1.610687,2.977099,-1.21374,1.052259,3.595914,5628,9908,4280,5628,0,50.179,6,damping
1780599202.6566725,89.11623949999921,89332,0.029053,-0.037598,1.052734,1.709924,2.48855,-1.045802,1.053806,3.195374,5630,9912,4282,5630,0,50.179,0,damping
1780599202.6861393,89.14570639999874,89363,0.050537,-0.030273,1.044678,1.70229,3.091603,-1.10687,1.046337,3.698779,5631,9915,4284,5631,1,50.179,17,damping
1780599202.7253268,89.18489380000392,89400,0.061768,-0.037109,1.044189,1.732824,3.137405,-0.816794,1.046673,3.676022,5633,9918,4285,5633,0,50.179,6,damping
1780599202.754616,89.21418310000445,89431,0.031738,-0.036133,1.048096,1.816794,2.832061,-1.396947,1.049198,3.643181,5634,9921,4287,5634,1,50.179,17,damping
1780599202.78605,89.24561720000929,89462,0.044189,-0.023682,1.042725,1.427481,2.847328,-1.221374,1.043929,3.411266,5636,9924,4288,5636,0,50.179,7,damping
1780599202.816333,89.27590020000935,89493,0.034424,-0.025879,1.069092,1.664122,2.778626,-1.328244,1.069959,3.500614,5637,9926,4289,5637,0,50.179,7,damping
1780599202.847644,89.30721120000817,89524,0.03833,-0.032959,1.047119,1.496183,3.290076,-1.099237,1.048339,3.777762,5638,9929,4291,5638,1,50.179,17,damping
1780599202.8787844,89.33835150000232,89555,0.030762,-0.017822,1.052978,1.374046,3.320611,-0.801527,1.053578,3.68197,5640,9932,4292,5640,0,47.244,6,damping
1780599202.9110487,89.37061579999863,89586,0.026611,-0.033691,1.059814,1.862595,2.618321,-1.335878,1.060684,3.479861,5641,9934,4293,5641,0,47.244,6,damping
1780599202.9410844,89.40065140000661,89617,0.059326,-0.036621,1.052734,1.709924,3.450382,-1.167939,1.05504,4.02406,5642,9937,4295,5642,1,47.244,17,damping
1780599202.9727583,89.43232540000463,89648,0.050537,-0.008057,1.056641,1.603053,3.534351,-1.221374,1.057879,4.068559,5646,9942,4296,5646,0,47.244,6,damping
1780599203.0032864,89.46285350000835,89679,0.0625,-0.047363,1.056885,2.244275,3.305344,-1.045802,1.05979,4.129863,5648,9946,4298,5648,0,47.244,0,damping
1780599203.0328918,89.49245879999944,89709,0.046631,-0.030518,1.062012,1.465649,3.274809,-1.08397,1.063473,3.747998,5649,9949,4300,5649,1,47.244,17,damping
1780599203.0644462,89.5240133000043,89740,0.049072,-0.009277,1.052734,1.78626,3.175573,-1.175572,1.053918,3.82844,5651,9952,4301,5651,0,47.244,6,damping
1780599203.095155,89.55472210000153,89771,0.043213,-0.038086,1.051025,2.091603,2.732824,-1.19084,1.052602,3.641597,5652,9954,4302,5652,0,47.244,6,damping
1780599203.126735,89.58630209999683,89802,0.050049,-0.027832,1.060791,1.763359,3.19084,-1.259542,1.062336,3.857115,5654,9957,4303,5654,1,47.244,16,damping
1780599203.1579778,89.61754479999945,89834,0.054688,-0.029053,1.054932,1.70229,2.557252,-0.89313,1.056748,3.19922,5656,9960,4304,5656,0,57.348,7,damping
1780599203.188458,89.64802500000224,89864,0.04126,-0.042725,1.057129,1.938931,3.122137,-0.977099,1.058796,3.802883,5657,9962,4305,5657,0,57.348,7,damping
1780599203.2193537,89.67892079999729,89895,0.038574,-0.03833,1.056396,1.725191,3.198473,-1.122137,1.057795,3.803381,5659,9965,4306,5659,1,57.348,15,damping
1780599203.249265,89.7088320000039,89926,0.045654,-0.023926,1.052978,0.763359,3.358779,-1.114504,1.054239,3.620253,5662,9970,4308,5662,0,57.348,1,damping
1780599203.2805116,89.74007880000863,89957,0.071777,-0.039062,1.053955,1.679389,3.0,-1.061069,1.057118,3.598085,5663,9972,4309,5663,0,57.348,6,damping
1780599203.3114998,89.77106690000801,89988,0.043457,-0.039795,1.05957,2.312977,3.244275,-0.938931,1.061208,4.093504,5666,9977,4311,5666,1,57.348,14,damping
1780599203.3433406,89.80290770001011,90019,0.053955,-0.039307,1.054199,1.580153,2.496183,-1.030534,1.056311,3.128868,5668,9980,4312,5668,0,57.348,6,damping
1780599203.3745596,89.83412670000689,90050,0.040039,-0.023926,1.053711,1.725191,3.290076,-1.137405,1.054743,3.885174,5669,9982,4313,5669,0,57.348,5,damping
1780599203.4059348,89.8655018999998,90082,0.040527,-0.033936,1.062988,2.0,2.862595,-0.954198,1.064302,3.620076,5672,9986,4314,5672,0,57.348,6,damping
1780599203.4370716,89.8966386999964,90113,0.059082,-0.026367,1.071045,1.641221,3.114504,-1.152672,1.072997,3.704375,5673,9988,4315,5673,0,60.932,6,damping
1780599203.4688556,89.92842280000332,90144,0.041748,-0.028809,1.055908,1.832061,3.320611,-1.526718,1.057126,4.088248,5674,9991,4317,5674,1,60.932,17,damping
1780599203.4991896,89.95875659999729,90175,0.031982,-0.027344,1.05127,1.679389,2.641221,-1.290076,1.052111,3.385365,5676,9994,4318,5676,0,60.932,7,damping
1780599203.5301006,89.98966770000698,90206,0.05957,-0.031494,1.052734,1.625954,3.030534,-1.099237,1.054889,3.610566,5677,9996,4319,5677,0,60.932,7,damping
1780599203.561593,90.0211602000054,90237,0.047119,-0.016113,1.055908,1.709924,2.793893,-1.114504,1.057082,3.460028,5679,10001,4322,5679,1,60.932,13,damping
