host_epoch_s,host_elapsed_s,time_ms,ax,ay,az,gx,gy,gz,acc_mag,gyro_mag,pulse_count,edge_count,rise_count,fall_count,state,pulse_rate_hz,last_edge_dt_ms,label
1780594790.6033869,0.014023199997609481,187,0.048584,-0.084229,1.044189,2.282443,3.343511,-0.305344,1.048707,4.059784,18,31,13,18,1,0.0,13,normal
1780594790.6339307,0.04456699998991098,218,0.039307,0.015625,1.042236,1.778626,2.419847,-0.755725,1.043094,3.096819,21,36,15,21,0,0.0,1,normal
1780594790.6655757,0.07621220000146423,249,0.029053,-0.039062,1.059326,1.053435,2.740458,-1.251908,1.060444,3.191725,23,40,17,23,0,0.0,0,normal
1780594790.6961033,0.10673980000137817,280,0.053955,-0.018555,1.062744,3.29771,4.152672,0.053435,1.064275,5.303058,27,46,19,27,0,96.429,6,normal
1780594790.7273362,0.13797250000061467,311,0.046631,-0.008301,1.047119,0.40458,3.389313,-1.160305,1.04819,3.605196,31,52,21,31,0,96.429,0,normal
1780594790.7579033,0.16853979999723379,342,0.055908,-0.04126,1.061768,2.458015,2.946565,-0.709924,1.064039,3.902317,33,57,24,33,1,96.429,14,normal
1780594790.7885416,0.19917799999529961,373,0.0354,-0.023438,1.061035,2.175573,2.610687,0.0,1.061884,3.398353,38,64,26,38,0,96.429,1,normal
1780594790.8281915,0.2388280000013765,404,0.05249,-0.001953,1.060059,0.374046,3.740458,-0.923664,1.061359,3.870929,40,68,28,40,0,96.429,0,normal
1780594790.8515618,0.2621980999974767,435,0.051025,-0.084717,1.044678,2.870229,3.145038,-0.267176,1.049348,4.266247,42,73,31,42,1,96.429,13,normal
1780594790.8818107,0.29244699999981094,466,0.041016,0.005859,1.048584,1.709924,2.557252,-0.732824,1.049402,3.162342,47,80,33,47,0,96.429,1,normal
1780594790.9130104,0.32364679999591317,496,0.035889,-0.031738,1.053223,0.80916,2.709924,-1.099237,1.054312,3.034262,49,84,35,49,0,96.429,0,normal
1780594790.9428613,0.35349769999447744,527,0.046631,-0.030518,1.054932,3.442748,3.664122,0.412214,1.056403,5.044624,52,89,37,52,1,96.429,13,normal
1780594790.9735277,0.3841641000035452,558,0.042236,0.000244,1.042969,0.549618,3.496183,-0.778626,1.043824,3.62376,57,96,39,57,0,107.914,0,normal
1780594791.0050364,0.41567279999435414,588,0.028564,-0.036865,1.056152,1.007634,2.725191,-1.221374,1.057182,3.151784,59,100,41,59,0,107.914,0,normal
1780594791.03685,0.44748629999230616,619,0.043213,-0.03833,1.06958,2.717557,3.167939,0.206107,1.071139,4.178928,64,106,42,64,0,107.914,5,normal
1780594791.0672855,0.47792189999017864,651,0.040283,-0.002197,1.053223,0.19084,3.763359,-1.358779,1.053995,4.005692,68,112,44,68,0,107.914,0,normal
1780594791.0991783,0.5098147999960929,682,0.034668,-0.068115,1.03833,2.007634,2.854962,-0.51145,1.041139,3.527461,70,117,47,70,1,107.914,13,normal
1780594791.129174,0.5398103999905288,713,0.039062,0.015869,1.050537,2.21374,2.229008,-0.625954,1.051383,3.20327,75,124,49,75,0,107.914,1,normal
1780594791.1616898,0.5723261999955866,745,0.03418,-0.043945,1.059814,0.900763,2.633588,-1.21374,1.061276,3.036499,77,128,51,77,0,107.914,0,normal
1780594791.1924353,0.6030716999957804,776,0.048828,-0.016113,1.060059,3.335878,3.900763,0.221374,1.061305,5.137416,81,134,53,81,0,107.914,6,normal
1780594791.222857,0.6334934999904362,807,0.046387,-0.006592,1.047363,0.358779,3.19084,-0.763359,1.048411,3.300439,85,140,55,85,0,107.914,0,normal
1780594791.2552054,0.665841800000635,838,0.050781,-0.030029,1.051514,2.267176,2.80916,-1.091603,1.053167,3.771348,87,145,58,87,1,107.143,13,normal
1780594791.2866309,0.6972671999974409,870,0.038086,0.009277,1.058594,1.832061,2.282443,-0.48855,1.059319,2.967267,92,152,60,92,0,107.143,1,normal
1780594791.3174744,0.7281108000024687,901,0.037109,-0.031494,1.047119,0.564886,3.625954,-1.29771,1.04825,3.892389,94,156,62,94,0,107.143,0,normal
1780594791.3491833,0.7598197999905096,932,0.056641,-0.028809,1.05542,2.885496,3.618321,0.198473,1.057331,4.632248,96,161,65,96,1,107.143,13,normal
1780594791.3803282,0.7909645999898203,964,0.05127,0.000977,1.047119,-0.022901,3.885496,-0.938931,1.048374,3.997399,101,168,67,101,0,107.143,1,normal
1780594791.4113693,0.8220058000006247,995,0.045898,-0.042236,1.060059,2.152672,2.59542,-1.099237,1.061892,3.546621,103,173,70,103,1,107.143,14,normal
1780594791.4428482,0.8534846999973524,1026,0.037109,-0.036377,1.05957,2.374046,2.51145,-0.328244,1.060844,3.471487,107,178,71,107,0,107.143,5,normal
1780594791.4742725,0.8849088999995729,1057,0.039307,0.011719,1.062744,0.51145,4.198474,-0.900763,1.063535,4.324366,111,184,73,111,0,107.143,0,normal
1780594791.5041976,0.9148339999956079,1088,0.052734,-0.076904,1.044922,2.236641,2.801527,-0.603053,1.049074,3.635215,113,189,76,113,1,104.0,14,normal
1780594791.5348434,0.9454798999940977,1119,0.047607,-0.004395,1.047119,1.763359,2.610687,-0.381679,1.04821,3.173453,118,196,78,118,0,104.0,1,normal
1780594791.5658362,0.9764727000001585,1149,0.038574,-0.025635,1.058106,0.40458,2.969466,-0.885496,1.059119,3.124982,119,198,79,119,0,104.0,6,normal
1780594791.595658,1.0062943999946583,1180,0.053711,-0.061279,1.051758,3.290076,3.59542,0.145038,1.05491,4.875724,122,203,81,122,1,104.0,14,normal
1780594791.6262538,1.0368902999907732,1210,0.038574,0.010498,1.049072,1.59542,2.229008,-0.992366,1.049834,2.915241,127,210,83,127,0,104.0,0,normal
1780594791.657247,1.0678834999998799,1241,0.041992,-0.049561,1.053223,0.938931,2.778626,-0.931298,1.055224,3.077283,129,214,85,129,0,104.0,1,normal
1780594791.6886888,1.0993251999898348,1272,0.040527,-0.011963,1.057129,3.251908,3.229008,0.083969,1.057973,4.583498,132,218,86,132,0,104.0,5,normal
1780594791.7191403,1.129776599991601,1303,0.060059,0.012207,1.054199,0.541985,3.427481,-1.061069,1.055979,3.628669,136,224,88,136,0,104.0,0,normal
1780594791.750668,1.1613043999968795,1334,0.043701,-0.042236,1.054932,2.557252,2.320611,-0.908397,1.056681,3.570708,138,229,91,138,1,104.0,13,normal
1780594791.781835,1.1924714999913704,1365,0.03833,-0.032715,1.046143,1.900763,2.427481,-0.160305,1.047356,3.087274,143,236,93,143,0,108.303,0,normal
1780594791.8143632,1.224999600002775,1397,0.035889,-0.031494,1.063477,0.320611,2.847328,-1.198473,1.064548,3.105867,145,240,95,145,0,108.303,0,normal
1780594791.847988,1.2586242999968817,1428,0.053711,-0.068115,1.053467,3.114504,2.664122,-0.419847,1.057032,4.119946,148,245,97,148,1,108.303,14,normal
1780594791.8754158,1.2860522999981185,1459,0.039062,0.026367,1.048096,0.900763,2.931298,-0.793893,1.049155,3.167672,151,250,99,151,0,108.303,0,normal
1780594791.9067807,1.317417199999909,1490,0.031494,-0.036377,1.056885,1.267176,2.847328,-1.427481,1.05798,3.427931,153,254,101,153,0,108.303,1,normal
1780594791.9383454,1.348981899995124,1521,0.053467,-0.039795,1.067383,2.557252,2.740458,0.206107,1.069462,3.753948,156,260,104,156,0,108.303,5,normal
1780594791.9686108,1.3792472999921301,1552,0.048096,0.015869,1.069336,0.099237,3.664122,-1.29771,1.070535,3.888405,160,266,106,160,0,108.303,0,normal
1780594792.000055,1.4106916000018828,1583,0.057129,-0.032227,1.053467,2.21374,2.267176,-0.343511,1.055507,3.187277,162,271,109,162,1,108.303,14,normal
1780594792.0302582,1.4408946999901673,1614,0.025879,0.005615,1.054443,1.931298,2.053435,-0.564886,1.054776,2.874996,167,278,111,167,0,108.303,0,normal
1780594792.060894,1.4715303999983007,1645,0.035645,-0.027588,1.063477,0.267176,3.541985,-0.969466,1.064431,3.68197,169,282,113,169,0,92.857,1,normal
1780594792.0926502,1.5032866999972612,1676,0.054688,-0.068359,1.052978,3.152672,3.274809,-0.458015,1.056611,4.568752,171,287,116,171,1,92.857,14,normal
1780594792.1239805,1.5346169999975245,1707,0.043457,0.006592,1.043213,1.022901,2.427481,-1.160305,1.044138,2.878419,176,294,118,176,0,92.857,0,normal
1780594792.154609,1.565245399993728,1738,0.040527,-0.034912,1.055664,1.259542,2.389313,-1.244275,1.057018,2.973799,178,298,120,178,0,92.857,1,normal
1780594792.186945,1.5975813999975799,1769,0.049072,-0.03418,1.072022,2.885496,3.870229,0.290076,1.073688,4.836208,181,304,123,181,0,92.857,5,normal
1780594792.217529,1.6281654999911552,1801,0.047363,0.0271,1.059082,0.473282,3.717557,-0.938931,1.060487,3.863395,185,310,125,185,0,92.857,0,normal
1780594792.2483265,1.6589629999944009,1832,0.040771,-0.07959,1.045898,1.954198,2.770992,-0.458015,1.049714,3.421559,187,315,128,187,1,92.857,13,normal
1780594792.2794428,1.6900792999949772,1863,0.039062,0.005615,1.053467,1.954198,2.175573,-0.70229,1.054206,3.007527,192,322,130,192,0,92.857,0,normal
1780594792.311356,1.7219923999946332,1894,0.03418,-0.034912,1.039551,0.603053,2.977099,-1.427481,1.040698,3.356262,194,326,132,194,0,92.857,0,normal
1780594792.3425908,1.7532271999953082,1925,0.052734,-0.025635,1.059082,3.198473,3.320611,0.091603,1.060704,4.611407,197,331,134,197,1,100.0,14,normal
1780594792.3718433,1.782479699992109,1956,0.049072,-0.006348,1.050781,0.229008,3.29771,-1.19084,1.051946,3.513607,202,338,136,202,0,100.0,0,normal
1780594792.4024587,1.813095199991949,1986,0.03125,-0.0354,1.059082,1.328244,2.618321,-1.328244,1.060134,3.222432,204,342,138,204,0,100.0,1,normal
1780594792.432371,1.8430072999908589,2016,0.045654,-0.016602,1.061768,2.977099,3.641221,0.267176,1.062878,4.710944,208,348,140,208,0,100.0,5,normal
1780594792.462443,1.8730795000010403,2047,0.042969,-0.008057,1.048584,0.541985,3.435115,-1.244275,1.049495,3.693505,212,354,142,212,0,100.0,0,normal
1780594792.4945672,1.9052034999913303,2078,0.042969,-0.048828,1.047852,2.19084,3.175573,-0.900763,1.049868,3.961744,214,359,145,214,1,100.0,13,normal
1780594792.525408,1.936044399990351,2109,0.037354,-0.021729,1.052734,2.167939,2.870229,-0.435114,1.053621,3.623189,219,366,147,219,0,100.0,0,normal
1780594792.5566134,1.967249900000752,2140,0.054688,-0.012451,1.064697,0.175573,3.725191,-1.221374,1.066173,3.924236,221,370,149,221,0,100.0,0,normal
1780594792.5871172,1.9977535999933025,2171,0.044922,-0.084473,1.042725,2.145038,2.694656,-0.374046,1.047105,3.46443,223,375,152,223,1,100.0,14,normal
1780594792.6193461,2.0299824999965494,2202,0.042236,0.021973,1.056885,1.641221,2.183206,-0.816794,1.057957,2.850816,227,380,153,227,0,108.303,6,normal
1780594792.6505945,2.0612309999996796,2233,0.03418,-0.052979,1.055664,0.748092,2.496183,-1.312977,1.057545,2.917958,229,384,155,229,0,108.303,1,normal
1780594792.6796508,2.090287300001364,2264,0.044678,-0.01416,1.058594,2.870229,3.603053,0.282443,1.059631,4.61519,233,390,157,233,0,108.303,5,normal
1780594792.7111435,2.121779900000547,2295,0.042236,-0.008057,1.059326,0.465649,3.267176,-0.877863,1.060198,3.414954,237,396,159,237,0,108.303,0,normal
1780594792.743699,2.154335600003833,2326,0.042236,-0.040771,1.059082,2.290076,2.671756,-0.877863,1.060708,3.626758,239,401,162,239,1,108.303,14,normal
1780594792.7737625,2.1843988000036916,2357,0.039551,-0.02417,1.057129,2.122137,2.503817,-0.099237,1.058145,3.283658,244,408,164,244,0,108.303,0,normal
1780594792.8062754,2.216911900002742,2389,0.041748,-0.034668,1.05957,0.351145,3.358779,-1.282443,1.060959,3.612389,245,410,165,245,0,108.303,5,normal
1780594792.8361712,2.2468074999924283,2420,0.057129,-0.061768,1.051025,2.977099,2.725191,-0.099237,1.054388,4.03728,248,415,167,248,1,108.303,13,normal
1780594792.8682094,2.278845699998783,2451,0.047607,0.026855,1.047363,0.89313,2.374046,-0.870229,1.048789,2.681618,253,422,169,253,0,108.303,0,normal
1780594792.8985882,2.309224600001471,2482,0.032227,-0.032959,1.058838,1.160305,2.167939,-1.480916,1.059841,2.870432,255,426,171,255,0,100.0,1,normal
1780594792.9307292,2.3413655000040308,2513,0.048096,-0.045166,1.056641,2.801527,3.496183,0.167939,1.058698,4.483308,258,430,172,258,0,100.0,5,normal
1780594792.9606416,2.3712779999914346,2544,0.051514,0.002441,1.054199,0.442748,3.740458,-1.312977,1.05546,3.988854,262,436,174,262,0,100.0,0,normal
1780594792.9912453,2.4018818000040483,2575,0.056641,-0.037109,1.049805,2.320611,2.534351,-0.618321,1.051986,3.491488,264,441,177,264,1,100.0,14,normal
1780594793.0230622,2.4336986999987857,2606,0.040527,0.008789,1.054688,1.725191,2.236641,-0.687023,1.055502,2.907034,269,448,179,269,0,100.0,0,normal
1780594793.054184,2.464820299996063,2637,0.042725,-0.040527,1.058594,0.198473,2.854962,-1.091603,1.06023,3.062972,271,452,181,271,0,100.0,0,normal
1780594793.085738,2.496374399997876,2668,0.056885,-0.063232,1.046143,2.877863,3.480916,-0.381679,1.049594,4.53261,274,457,183,274,1,100.0,13,normal
1780594793.1156452,2.526281700003892,2699,0.037598,0.006592,1.046143,0.885496,2.412214,-0.877863,1.046839,2.715423,277,462,185,277,0,100.0,0,normal
1780594793.146852,2.5574883999943268,2730,0.031738,-0.037598,1.052978,1.320611,2.572519,-1.503817,1.054127,3.259345,279,466,187,279,0,100.0,1,normal
1780594793.1780388,2.5886752999940654,2761,0.046875,-0.0354,1.054443,2.694656,3.770992,0.076336,1.056078,4.635448,282,472,190,282,0,96.774,5,normal
1780594793.2104445,2.621080900004017,2793,0.056641,0.026855,1.05542,0.564886,3.854962,-0.969466,1.05728,4.014934,286,478,192,286,0,96.774,0,normal
1780594793.2406201,2.651256500001182,2824,0.037354,-0.052979,1.0354,2.312977,2.503817,-0.381679,1.037428,3.429962,288,483,195,288,1,96.774,13,normal
1780594793.2716703,2.6823067999939667,2855,0.029541,0.003906,1.049561,1.832061,2.091603,-0.793893,1.049983,2.891629,292,488,196,292,0,96.774,5,normal
1780594793.3023655,2.713002000004053,2886,0.026855,-0.034668,1.056396,0.671756,2.801527,-1.229008,1.057306,3.132135,294,492,198,294,0,96.774,0,normal
1780594793.3336759,2.7443121999967843,2917,0.045654,-0.026123,1.054443,3.259542,3.19084,-0.244275,1.055754,4.567904,297,497,200,297,1,96.774,13,normal
1780594793.3634605,2.774096900000586,2948,0.039307,-0.009277,1.047852,0.48855,3.129771,-1.320611,1.04863,3.431932,302,504,202,302,0,96.774,0,normal
1780594793.395767,2.8064034999988507,2979,0.053467,-0.050537,1.061279,1.839695,2.381679,-0.900763,1.063826,3.141376,304,508,204,304,0,96.774,0,normal
1780594793.4266384,2.8372747999965213,3010,0.050293,-0.040527,1.066406,2.40458,2.450382,-0.175573,1.06836,3.437616,309,514,205,309,0,96.774,5,normal
1780594793.4576313,2.8682677000033436,3041,0.052246,0.003418,1.066406,0.473282,3.870229,-1.045802,1.067691,4.036876,313,520,207,313,0,110.714,0,normal
1780594793.489002,2.899638499991852,3072,0.042725,-0.060303,1.044189,2.259542,2.328244,-0.870229,1.046801,3.359099,315,525,210,315,1,110.714,13,normal
1780594793.5186634,2.929299900002661,3103,0.032715,0.002197,1.047363,1.664122,2.244275,-0.427481,1.047876,2.826449,320,532,212,320,0,110.714,1,normal
1780594793.5502553,2.960891700000502,3134,0.023193,-0.030029,1.054199,0.732824,2.70229,-1.236641,1.054882,3.060831,322,536,214,322,0,110.714,0,normal
1780594793.5813563,2.991992700000992,3165,0.043213,-0.032715,1.049561,3.503817,3.51145,0.290076,1.050959,4.96902,326,542,216,326,0,110.714,6,normal
1780594793.6117206,3.0223568999936106,3196,0.031494,-0.000244,1.043213,-0.007634,3.335878,-1.183206,1.043688,3.539508,330,548,218,330,0,110.714,1,normal
1780594793.643662,3.0542983999912394,3226,0.029541,-0.041016,1.050049,1.167939,2.717557,-1.580153,1.051265,3.353518,332,552,220,332,0,110.714,0,normal
1780594793.674847,3.085483299990301,3257,0.045654,-0.033936,1.061279,2.618321,3.259542,-0.183206,1.062803,4.184947,336,558,222,336,0,110.714,6,normal
1780594793.7058568,3.1164931999956025,3288,0.056396,0.027344,1.055664,0.374046,3.832061,-0.679389,1.057523,3.909754,340,564,224,340,0,110.714,0,normal
1780594793.7358575,3.14649400000053,3319,0.057861,-0.032227,1.049561,2.381679,2.618321,-0.748092,1.051648,3.617684,342,569,227,342,1,104.317,13,normal
1780594793.767432,3.1780684999976074,3351,0.028809,0.009277,1.043701,1.625954,2.656489,-0.442748,1.04414,3.1459,347,576,229,347,0,104.317,1,normal
1780594793.7991407,3.2097770999971544,3382,0.032227,-0.033936,1.050537,0.694656,2.656489,-1.374046,1.051579,3.07042,349,580,231,349,0,104.317,0,normal
1780594793.8315158,3.2421520999923814,3414,0.058838,-0.012695,1.069824,2.847328,3.122137,0.030534,1.071516,4.22563,353,586,233,353,0,104.317,6,normal
1780594793.861621,3.272257399992668,3446,0.054443,0.00415,1.054443,0.572519,3.977099,-1.137405,1.055856,4.175977,357,592,235,357,0,104.317,1,normal
1780594793.8936486,3.3042849999910686,3477,0.041748,-0.061035,1.03418,2.137405,2.648855,-0.778626,1.03682,3.491588,359,597,238,359,1,104.317,14,normal
1780594793.924737,3.3353734999982407,3508,0.046875,0.010254,1.053711,1.687023,2.183206,-0.450382,1.054803,2.795582,364,604,240,364,0,104.317,1,normal
1780594793.956116,3.36675249999098,3539,0.036865,-0.029297,1.05835,0.618321,3.145038,-0.938931,1.059397,3.339937,366,608,242,366,0,104.317,1,normal
1780594793.9872172,3.39785349999147,3570,0.042725,-0.023682,1.058838,3.21374,3.427481,-0.022901,1.059964,4.69854,369,613,244,369,1,107.57,14,normal
1780594794.026474,3.4371105000027455,3602,0.047119,-0.003662,1.05127,0.022901,3.641221,-0.984733,1.052331,3.772097,374,620,246,374,0,107.57,0,normal
1780594794.050612,3.4612482999946224,3633,0.055664,-0.038818,1.052002,2.129771,2.877863,-0.938931,1.054188,3.701298,376,625,249,376,1,107.57,13,normal
1780594794.080408,3.4910444999986794,3664,0.039551,-0.03418,1.056396,1.89313,2.480916,-0.282443,1.057689,3.133474,381,632,251,381,0,107.57,0,normal
1780594794.1111887,3.521825000003446,3695,0.046387,-0.008057,1.064941,0.549618,3.541985,-1.305344,1.065982,3.814664,383,636,253,383,0,107.57,0,normal
1780594794.1438346,3.5544709999958286,3726,0.05127,-0.090088,1.043213,2.045802,2.320611,-0.549618,1.04835,3.142072,385,641,256,385,1,107.57,14,normal
1780594794.173507,3.5841433000023244,3757,0.0354,0.005127,1.050293,1.534351,2.206107,-0.80916,1.050902,2.8064,390,648,258,390,0,107.57,0,normal
1780594794.2043934,3.6150299000000814,3787,0.035156,-0.044189,1.059326,0.229008,2.801527,-1.244275,1.06083,3.073958,392,652,260,392,0,107.57,1,normal
1780594794.2347302,3.64536660000158,3818,0.049805,-0.013184,1.061279,3.305344,3.351145,0.259542,1.062529,4.71411,395,657,262,395,1,107.57,14,normal
1780594794.2660966,3.6767330000002403,3849,0.032227,-0.00708,1.053467,0.335878,2.725191,-1.389313,1.053983,3.077283,400,664,264,400,0,111.111,0,normal
1780594794.2969096,3.707545899989782,3880,0.036377,-0.047363,1.058106,1.496183,2.679389,-0.931298,1.059789,3.207024,402,668,266,402,0,111.111,1,normal
1780594794.3288007,3.739437199998065,3911,0.0354,-0.036133,1.056396,2.450382,2.984733,-0.030534,1.057607,3.861856,407,674,267,407,0,111.111,5,normal
1780594794.3598058,3.7704422999959206,3943,0.048096,-0.02002,1.062988,0.167939,3.946565,-0.977099,1.064264,4.069189,411,680,269,411,0,111.111,0,normal
1780594794.3912127,3.8018491999973776,3974,0.048584,-0.080078,1.039062,2.656489,2.717557,-0.412214,1.043276,3.82256,413,685,272,413,1,111.111,13,normal
1780594794.4222744,3.8329108000034466,4006,0.040039,0.000732,1.05127,0.870229,2.450382,-1.137405,1.052032,2.838196,418,692,274,418,0,111.111,1,normal
1780594794.4540365,3.864673000003677,4037,0.037842,-0.048096,1.054443,1.114504,2.458015,-1.351145,1.056218,3.018203,420,696,276,420,0,111.111,0,normal
1780594794.484159,3.8947953000024427,4068,0.038574,-0.034912,1.061035,2.725191,3.19084,0.114504,1.06231,4.197766,424,702,278,424,0,111.111,6,normal
1780594794.5158179,3.926454200001899,4099,0.04126,0.023926,1.057373,0.427481,3.580153,-0.885496,1.058448,3.712726,428,708,280,428,0,112.0,1,normal
1780594794.546926,3.957562499999767,4130,0.029297,-0.052979,1.043945,2.312977,2.603053,-0.587786,1.045699,3.531464,430,713,283,430,1,112.0,14,normal
1780594794.5777314,3.9883677000034368,4161,0.046387,0.006348,1.050293,1.969466,2.396947,-0.29771,1.051336,3.116533,435,720,285,435,0,112.0,1,normal
1780594794.6101692,4.020805599997402,4192,0.042725,-0.024414,1.063232,0.641221,3.305344,-0.969466,1.06437,3.503759,437,724,287,437,0,112.0,1,normal
1780594794.639636,4.0502723999961745,4223,0.0625,-0.025635,1.068848,3.129771,3.19084,-0.236641,1.07098,4.475816,440,729,289,440,1,112.0,14,normal
1780594794.6705527,4.081189199991059,4254,0.048584,-0.006348,1.050781,0.419847,2.763359,-1.328244,1.051923,3.094617,445,736,291,445,0,112.0,0,normal
1780594794.7013917,4.112028199990164,4285,0.04248,-0.029785,1.072022,1.694656,2.251908,-1.038168,1.073276,3.003455,447,740,293,447,0,112.0,0,normal
1780594794.732969,4.143605399993248,4316,0.03833,-0.030762,1.056885,2.358779,3.312977,0.015267,1.058027,4.066926,452,746,294,452,0,112.0,5,normal
1780594794.772531,4.183167399998638,4347,0.046143,0.001465,1.054443,0.465649,4.0,-1.045802,1.055453,4.160592,455,750,295,455,0,112.0,6,normal
1780594794.7938375,4.204473899997538,4377,0.059326,-0.043457,1.042236,2.618321,2.198473,-0.427481,1.044828,3.445523,457,755,298,457,1,104.317,14,normal
1780594794.8257737,4.236410099998466,4409,0.038086,0.010254,1.055664,1.91603,2.251908,-0.374046,1.056401,2.980298,462,762,300,462,0,104.317,0,normal
1780594794.8583443,4.268980699998792,4441,0.040527,-0.045898,1.064453,0.755725,2.496183,-1.343511,1.066213,2.933781,464,766,302,464,0,104.317,1,normal
1780594794.8891926,4.2998289999959525,4472,0.043213,-0.008545,1.062988,3.244275,3.541985,-0.152672,1.063901,4.805651,468,772,304,468,0,104.317,5,normal
1780594794.9199734,4.330609700002242,4503,0.039551,-0.01416,1.050537,-0.061069,3.221374,-1.236641,1.051377,3.451125,472,778,306,472,0,104.317,0,normal
1780594794.950517,4.3611532999930205,4534,0.047607,-0.026611,1.05249,2.549618,2.221374,-0.557252,1.053902,3.427183,473,781,308,473,1,104.317,18,normal
1780594794.9814641,4.392100600001868,4565,0.045898,-0.009033,1.051025,2.221374,3.061069,-0.022901,1.052066,3.782218,478,788,310,478,0,104.317,0,normal
1780594795.0131686,4.423805099999299,4596,0.057861,-0.013184,1.068359,0.587786,3.435115,-1.206107,1.070006,3.687845,480,792,312,480,0,104.317,0,normal
1780594795.0431314,4.4537676999898395,4627,0.060547,-0.085205,1.044922,2.29771,2.78626,-0.458015,1.050137,3.640397,482,797,315,482,1,100.0,13,normal
1780594795.0726426,4.483278999992763,4657,0.034912,0.007324,1.053955,1.78626,2.19084,-0.381679,1.054558,2.852399,485,802,317,485,0,100.0,0,normal
1780594795.1052644,4.51590079999005,4688,0.04541,-0.046387,1.058594,0.572519,2.854962,-1.259542,1.060582,3.172543,487,806,319,487,0,100.0,0,normal
1780594795.1364381,4.54707449999114,4719,0.053955,-0.020996,1.066894,3.618321,3.526718,-0.061069,1.068464,5.05309,490,811,321,490,1,100.0,14,normal
1780594795.1666439,4.577280299999984,4750,0.054199,-0.002441,1.051514,0.534351,3.007634,-1.175572,1.052912,3.273127,495,818,323,495,0,100.0,0,normal
1780594795.1980042,4.608640699996613,4781,0.042725,-0.040527,1.057861,1.625954,2.503817,-1.129771,1.059499,3.192054,497,822,325,497,0,100.0,1,normal
1780594795.2288551,4.639491599999019,4812,0.037598,-0.031006,1.057861,2.137405,2.572519,-0.167939,1.058983,3.348814,502,828,326,502,0,100.0,5,normal
1780594795.259338,4.669974399992498,4843,0.045166,-0.000977,1.069092,0.59542,3.801527,-0.687023,1.070046,3.908725,504,832,328,504,0,100.0,0,normal
1780594795.2915347,4.702171199998702,4874,0.031006,-0.069824,1.04834,2.198473,2.412214,-0.412214,1.05112,3.289678,506,837,331,506,1,100.0,13,normal
1780594795.322444,4.733080499994685,4905,0.033691,0.011475,1.059326,1.740458,2.503817,-0.748092,1.059924,3.139735,511,844,333,511,0,104.317,0,normal
1780594795.352897,4.763533399993321,4936,0.021729,-0.041016,1.048828,0.480916,2.458015,-1.137405,1.049855,2.750783,513,848,335,513,0,104.317,0,normal
1780594795.3833601,4.793996499996865,4967,0.05835,-0.022705,1.056885,3.167939,3.717557,-0.015267,1.058738,4.884291,516,853,337,516,1,104.317,13,normal
1780594795.4141772,4.824813600003836,4998,0.040039,-0.004639,1.050293,0.320611,2.954198,-1.389313,1.051066,3.280285,520,858,338,520,0,104.317,6,normal
1780594795.4464462,4.85708249999152,5029,0.046387,-0.047852,1.050781,1.961832,2.526718,-0.900763,1.052893,3.323321,522,862,340,522,0,104.317,1,normal
1780594795.4777253,4.888361599994823,5060,0.033936,-0.028564,1.061768,2.251908,2.854962,-0.19084,1.062694,3.641198,527,868,341,527,0,104.317,5,normal
1780594795.5097966,4.920432999992045,5092,0.048096,-0.013916,1.067383,0.267176,3.862595,-0.938931,1.068556,3.984045,531,874,343,531,0,104.317,0,normal
1780594795.5408301,4.951466500002425,5124,0.065674,-0.039551,1.050781,3.152672,2.824427,-0.312977,1.053574,4.244371,533,879,346,533,1,104.317,13,normal
1780594795.5713305,4.981966999999713,5155,0.048584,0.009033,1.049072,0.580153,2.496183,-0.984733,1.050236,2.745397,538,886,348,538,0,108.0,0,normal
1780594795.6032422,5.013878600002499,5186,0.03833,-0.046631,1.056641,1.351145,2.641221,-1.343511,1.058363,3.256788,540,890,350,540,0,108.0,0,normal
1780594795.633338,5.043974300002446,5217,0.044678,-0.036133,1.06543,3.038168,3.40458,0.122137,1.066978,4.564707,543,896,353,543,0,108.0,5,normal
1780594795.6637025,5.074338799997349,5247,0.055664,-0.009766,1.046875,0.603053,3.328244,-1.007634,1.048399,3.529336,547,902,355,547,0,108.0,0,normal
1780594795.6950326,5.105668999996851,5278,0.047852,-0.031494,1.063477,2.412214,2.916031,-0.885496,1.065018,3.886658,549,907,358,549,1,108.0,13,normal
1780594795.7258992,5.136535700003151,5309,0.04541,-0.027344,1.054443,2.183206,2.633588,-0.381679,1.055775,3.442071,554,914,360,554,0,108.0,1,normal
1780594795.7564943,5.167130699992413,5340,0.045166,-0.006104,1.060303,0.526718,3.984733,-1.053435,1.061282,4.155148,556,918,362,556,0,108.0,0,normal
1780594795.7884932,5.199129499989795,5371,0.042725,-0.087891,1.05127,2.099237,2.732824,-0.480916,1.055802,3.479426,558,923,365,558,1,108.0,13,normal
1780594795.8185456,5.229181899994728,5402,0.029053,0.015625,1.047119,1.290076,2.458015,-0.916031,1.047638,2.923226,563,930,367,563,0,108.0,0,normal
1780594795.850893,5.261529399998835,5433,0.033691,-0.049072,1.050537,0.48855,2.320611,-1.328244,1.052222,2.718115,565,934,369,565,0,97.122,1,normal
1780594795.8816438,5.292280099994969,5464,0.057373,-0.014404,1.06543,3.167939,3.900763,-0.328244,1.067071,5.035825,569,940,371,569,0,97.122,5,normal
1780594795.916567,5.327203399996506,5496,0.05249,0.018066,1.060547,0.694656,3.862595,-0.992366,1.061999,4.048084,573,946,373,573,0,97.122,0,normal
1780594795.949297,5.359933300002012,5527,0.04126,-0.039307,1.039551,2.389313,2.480916,-0.618321,1.041112,3.49944,575,951,376,575,1,97.122,14,normal
1780594795.9808016,5.391437899990706,5564,0.067139,0.016602,1.057129,0.664122,3.717557,-1.076336,1.059389,3.926804,580,958,378,580,0,97.122,1,normal
1780594796.0127592,5.4233956999960355,5595,0.031006,-0.06543,1.039551,2.183206,2.587786,-0.503817,1.042069,3.422989,582,963,381,582,1,97.122,14,normal
1780594796.0430357,5.453672100004042,5626,0.032715,0.023926,1.051025,1.969466,2.206107,-0.312977,1.051807,2.973829,587,970,383,587,0,97.122,0,normal
1780594796.0738075,5.484444000001531,5657,0.039795,-0.039307,1.049561,0.259542,3.557252,-1.160305,1.05105,3.750695,589,974,385,589,0,97.122,0,normal
1780594796.1036868,5.514323199997307,5687,0.047607,-0.084473,1.046875,2.427481,3.198473,0.038168,1.051356,4.015514,591,979,388,591,1,102.362,14,normal
1780594796.13523,5.545866500004195,5718,0.040039,0.015869,1.050537,0.900763,2.816794,-1.152672,1.05142,3.174012,596,986,390,596,0,102.362,1,normal
1780594796.166183,5.576819399997476,5749,0.022461,-0.038818,1.053467,1.167939,2.351145,-1.541985,1.054421,3.044615,598,990,392,598,0,102.362,0,normal
1780594796.1974626,5.608098900003824,5780,0.045166,-0.01123,1.06543,2.916031,3.137405,0.022901,1.066446,4.283348,602,996,394,602,0,102.362,6,normal
1780594796.2286716,5.63930789999722,5812,0.044678,0.01416,1.058594,0.59542,3.931298,-0.900763,1.059631,4.076886,606,1002,396,606,0,102.362,1,normal
1780594796.2600195,5.670655900001293,5843,0.0271,-0.058105,1.048584,2.412214,2.625954,-0.358779,1.050542,3.583732,608,1007,399,608,1,102.362,14,normal
1780594796.2906964,5.70133270000224,5874,0.031982,0.007568,1.044678,1.755725,2.259542,-0.10687,1.045194,2.863481,613,1014,401,613,0,102.362,1,normal
1780594796.3224275,5.733064000000013,5905,0.029297,-0.030518,1.062012,0.389313,3.328244,-1.251908,1.062854,3.577156,615,1018,403,615,0,102.362,0,normal
1780594796.3535616,5.764198099990608,5936,0.05835,-0.031494,1.058838,3.305344,3.229008,0.114504,1.060912,4.622218,618,1023,405,618,1,102.362,14,normal
1780594796.3835142,5.794150699992315,5967,0.049561,-0.009033,1.042969,0.671756,2.816794,-1.236641,1.044185,3.148788,621,1028,407,621,0,107.143,0,normal
1780594796.414644,5.8252804999938235,5997,0.025391,-0.037109,1.05542,1.137405,2.717557,-1.167939,1.056377,3.169052,623,1032,409,623,0,107.143,0,normal
1780594796.4457529,5.856389299995499,6028,0.045898,-0.018066,1.06665,2.847328,3.076336,0.160305,1.06779,4.194856,627,1038,411,627,0,107.143,6,normal
1780594796.4758523,5.886488699994516,6059,0.039062,-0.002197,1.043457,0.687023,3.503817,-0.992366,1.04419,3.705877,631,1044,413,631,0,107.143,0,normal
1780594796.5074794,5.918115799999214,6090,0.054443,-0.059082,1.041016,2.061069,2.641221,-0.458015,1.044111,3.381395,633,1049,416,633,1,107.143,14,normal
1780594796.5385444,5.94918090000283,6122,0.036377,0.004639,1.048828,1.778626,2.152672,-0.694656,1.049469,2.877508,637,1054,417,637,0,107.143,6,normal
1780594796.570602,5.9812382999953115,6153,0.033447,-0.052002,1.03833,0.381679,2.664122,-1.450382,1.040169,3.057259,639,1058,419,639,0,107.143,1,normal
1780594796.6008558,6.011492299992824,6184,0.05127,-0.023926,1.056641,3.366412,3.572519,0.198473,1.058154,4.91274,642,1063,421,642,1,107.143,14,normal
1780594796.6316233,6.0422598000004655,6215,0.037598,-0.000977,1.053223,0.236641,3.282443,-1.610687,1.053894,3.663979,647,1070,423,647,0,107.143,0,normal
1780594796.6632214,6.073857800001861,6246,0.044678,-0.053223,1.044678,1.618321,2.763359,-0.977099,1.046986,3.34811,648,1072,424,648,0,96.774,5,normal
1780594796.694137,6.104773600003682,6277,0.04541,-0.038818,1.061768,2.236641,3.21374,-0.076336,1.063447,3.916186,653,1078,425,653,0,96.774,5,normal
1780594796.725835,6.136471499994514,6308,0.05835,0.011475,1.062012,0.969466,3.916031,-1.076336,1.063675,4.175363,656,1082,426,656,0,96.774,6,normal
1780594796.756866,6.167502399999648,6340,0.064697,-0.067139,1.049805,2.412214,2.793893,-0.389313,1.053937,3.711628,658,1087,429,658,1,96.774,13,normal
1780594796.78885,6.1994865000015125,6371,0.055176,0.019043,1.046631,1.412214,2.908397,-0.465649,1.048257,3.266489,663,1094,431,663,0,96.774,1,normal
1780594796.8189368,6.229573299991898,6402,0.039307,-0.056396,1.05957,0.984733,2.48855,-1.305344,1.061798,2.977667,665,1098,433,665,0,96.774,0,normal
1780594796.8615446,6.272180999992997,6433,0.055664,-0.021973,1.060791,3.351145,3.770992,0.267176,1.062478,5.051924,668,1102,434,668,0,96.774,5,normal
1780594796.880381,6.291017499999725,6464,0.045654,-0.004395,1.055664,0.152672,3.40458,-0.877863,1.05666,3.51925,672,1108,436,672,0,96.774,0,normal
1780594796.9102514,6.320887900001253,6494,0.043701,-0.044922,1.059326,1.687023,3.015267,-1.10687,1.061178,3.628091,674,1112,438,674,0,96.774,1,normal
1780594796.941759,6.352395599998999,6525,0.049561,-0.034912,1.062256,2.442748,2.793893,0.030534,1.063984,3.711306,679,1118,439,679,0,111.111,5,normal
1780594796.9739444,6.384580899990397,6557,0.044434,-0.019043,1.054932,0.259542,3.839695,-1.038168,1.056039,3.986027,683,1124,441,683,0,111.111,0,normal
1780594797.0043552,6.414991700003156,6588,0.057861,-0.065918,1.047852,2.175573,2.519084,0.091603,1.051516,3.329758,685,1129,444,685,1,111.111,13,normal
1780594797.0363133,6.446949799996219,6619,0.044434,0.023682,1.052002,1.519084,2.358779,-0.931298,1.053206,2.956141,688,1134,446,688,0,111.111,1,normal
1780594797.0678601,6.478496600000653,6650,0.034912,-0.067383,1.053711,0.603053,2.549618,-1.290076,1.05644,2.920364,690,1138,448,690,0,111.111,0,normal
1780594797.0978463,6.508482699995511,6681,0.064453,-0.022949,1.05835,3.435115,3.664122,-0.061069,1.060559,5.0229,694,1144,450,694,0,111.111,6,normal
1780594797.1287146,6.539350899998681,6712,0.043213,0.01001,1.055908,0.465649,3.114504,-1.267176,1.05684,3.39451,698,1150,452,698,0,111.111,0,normal
1780594797.1600704,6.570706799990148,6743,0.048828,-0.029297,1.056152,1.992366,2.351145,-1.007634,1.057686,3.242334,700,1155,455,700,1,111.111,14,normal
1780594797.1917207,6.60235709999688,6775,0.041016,0.008789,1.053955,1.923664,2.022901,-0.343511,1.054789,2.812581,704,1160,456,704,0,100.0,5,normal
1780594797.222402,6.633038599989959,6806,0.050537,-0.023682,1.056641,0.549618,3.473282,-0.946565,1.058114,3.641669,706,1164,458,706,0,100.0,0,normal
1780594797.2541473,6.66478379999171,6837,0.054199,-0.025146,1.055176,3.251908,3.007634,-0.083969,1.056866,4.43033,709,1169,460,709,1,100.0,13,normal
1780594797.2842605,6.694896899993182,6868,0.050781,0.002197,1.053955,0.824427,2.763359,-1.412214,1.05518,3.210947,714,1176,462,714,0,100.0,1,normal
1780594797.3160145,6.726650999989943,6898,0.040527,-0.053955,1.053955,1.022901,2.496183,-1.48855,1.056113,3.081077,716,1180,464,716,0,100.0,0,normal
1780594797.3458986,6.756534999993164,6929,0.058838,-0.019531,1.058106,3.366412,3.557252,0.167939,1.05992,4.900508,720,1186,466,720,0,100.0,6,normal
1780594797.3769689,6.78760529999272,6960,0.050537,0.000732,1.055664,0.335878,2.969466,-1.129771,1.056873,3.194828,724,1192,468,724,0,100.0,1,normal
1780594797.4075153,6.818151699990267,6991,0.055908,-0.035156,1.051514,2.221374,2.80916,-1.0,1.053586,3.718317,726,1197,471,726,1,100.0,14,normal
1780594797.4382274,6.848863799998071,7021,0.052734,-0.036377,1.066406,2.099237,3.167939,-0.496183,1.068329,3.832601,730,1202,472,730,0,100.0,5,normal
1780594797.470067,6.8807033999910345,7052,0.05127,0.002686,1.057129,0.78626,3.717557,-0.78626,1.058375,3.880289,734,1208,474,734,0,108.303,0,normal
1780594797.5006518,6.91128819998994,7083,0.037842,-0.082275,1.047363,1.885496,2.236641,-0.526718,1.051271,2.972388,736,1213,477,736,1,108.303,13,normal
1780594797.531033,6.94166939999559,7114,0.029785,0.011963,1.045654,1.923664,2.274809,-0.282443,1.046147,2.992493,741,1220,479,741,0,108.303,1,normal
1780594797.5624824,6.973118699999759,7145,0.033936,-0.053467,1.043701,0.534351,3.076336,-1.534351,1.045621,3.479024,743,1224,481,743,0,108.303,0,normal
1780594797.5930526,7.003689099990879,7176,0.047119,-0.0271,1.051758,3.099237,3.923664,0.480916,1.053162,5.023115,746,1229,483,746,1,108.303,13,normal
1780594797.6244829,7.035119299995131,7207,0.042969,-0.008301,1.047607,0.244275,3.320611,-1.007634,1.048521,3.478714,751,1236,485,751,0,108.303,0,normal
1780594797.656196,7.066832500000601,7238,0.051025,-0.042725,1.053711,2.229008,2.580153,-1.152672,1.05581,3.59921,753,1241,488,753,1,108.303,14,normal
1780594797.6873307,7.097967099995003,7270,0.031006,-0.026123,1.056641,2.435115,2.618321,-0.061069,1.057418,3.576187,758,1248,490,758,0,108.303,1,normal
1780594797.7194855,7.130122000002302,7302,0.039551,-0.028076,1.054199,0.549618,3.114504,-0.916031,1.055314,3.292617,760,1252,492,760,0,104.0,0,normal
1780594797.750834,7.16147049999563,7333,0.05835,-0.025879,1.056885,3.351145,2.80916,-0.221374,1.05881,4.37842,763,1257,494,763,1,104.0,13,normal
1780594797.7790399,7.1896762999967905,7364,0.057129,-0.00293,1.050537,0.549618,2.847328,-1.0,1.052093,3.067468,768,1264,496,768,0,104.0,1,normal
1780594797.811714,7.222350299998652,7394,0.029297,-0.042725,1.062256,1.259542,2.633588,-1.305344,1.063518,3.197836,770,1268,498,770,0,104.0,0,normal
1780594797.8421538,7.252790300000925,7425,0.059326,-0.018311,1.063965,3.366412,3.381679,-0.015267,1.065775,4.771658,774,1274,500,774,0,104.0,6,normal
1780594797.872978,7.283614400002989,7456,0.051758,0.004639,1.058106,0.114504,3.541985,-0.954198,1.059381,3.67005,778,1280,502,778,0,104.0,1,normal
1780594797.9043093,7.314945699996315,7487,0.047119,-0.043701,1.046631,2.259542,2.236641,-0.839695,1.048602,3.28834,780,1285,505,780,1,104.0,14,normal
1780594797.9387534,7.349389800001518,7518,0.03418,-0.018311,1.063232,2.40458,2.610687,-0.389313,1.063939,3.57061,785,1292,507,785,0,104.0,0,normal
1780594797.965503,7.376139500003774,7549,0.046143,-0.002441,1.070068,-0.030534,3.992366,-1.053435,1.071065,4.129122,787,1296,509,787,0,104.0,0,normal
1780594797.9979649,7.408601299990551,7580,0.041992,-0.090332,1.046387,2.534351,2.709924,-0.19084,1.051118,3.715244,789,1301,512,789,1,104.317,14,normal
1780594798.0279393,7.438575799998944,7611,0.047119,0.015137,1.053223,1.038168,2.763359,-0.854962,1.054385,3.073256,794,1308,514,794,0,104.317,1,normal
1780594798.0599809,7.470617200000561,7642,0.042969,-0.056152,1.050537,0.992366,2.534351,-1.320611,1.052914,3.025184,796,1312,516,796,0,104.317,0,normal
1780594798.0916712,7.502307599992491,7674,0.047607,-0.042236,1.070312,2.618321,3.450382,-0.061069,1.072203,4.331797,800,1318,518,800,0,104.317,6,normal
1780594798.1224186,7.533054999992601,7705,0.043701,0.001709,1.062256,0.290076,3.977099,-1.007634,1.063156,4.113002,804,1324,520,804,0,104.317,1,normal
1780594798.1535623,7.564198699998087,7736,0.033203,-0.066895,1.037354,2.312977,2.908397,-0.496183,1.040038,3.748978,805,1327,522,805,1,104.317,17,normal
1780594798.1864312,7.597067599999718,7768,0.048096,0.013672,1.049316,1.709924,2.358779,-0.320611,1.050507,2.93095,810,1334,524,810,0,104.317,0,normal
1780594798.217209,7.627845600000001,7800,0.024902,-0.052734,1.055176,1.152672,2.419847,-1.580153,1.056786,3.111462,812,1338,526,812,0,104.317,0,normal
1780594798.2496784,7.660314799999469,7831,0.053467,-0.043701,1.06543,2.78626,3.725191,0.129771,1.067665,4.653722,816,1344,528,816,0,107.57,6,normal
1780594798.2786696,7.689306100000977,7863,0.038818,-0.005371,1.064697,0.0,3.519084,-0.778626,1.065418,3.604194,818,1348,530,818,0,107.57,0,normal
1780594798.3108392,7.721475600003032,7893,0.062256,-0.045898,1.047607,2.198473,2.221374,-0.763359,1.050459,3.21722,820,1353,533,820,1,107.57,14,normal
1780594798.3420188,7.752655299991602,7924,0.042725,-0.017578,1.057617,2.259542,2.335878,-0.564886,1.058626,3.298628,825,1360,535,825,0,107.57,1,normal
1780594798.3725016,7.783138099999633,7956,0.02417,-0.024658,1.043701,0.740458,3.076336,-1.221374,1.044272,3.391736,827,1364,537,827,0,107.57,1,normal
1780594798.4050097,7.815646100003505,7987,0.054199,-0.030029,1.042725,3.358779,3.816794,0.091603,1.044564,5.085047,830,1369,539,830,1,107.57,14,normal
1780594798.4364738,7.847110200003954,8018,0.056641,-0.008789,1.047363,0.152672,3.435115,-1.061069,1.04893,3.598498,834,1374,540,834,0,107.57,6,normal
1780594798.466021,7.876657400003751,8049,0.034668,-0.032715,1.05835,1.503817,2.89313,-1.21374,1.059422,3.4792,836,1378,542,836,0,107.57,0,normal
1780594798.49812,7.908756499993615,8080,0.042725,-0.029297,1.061523,2.526718,3.458015,-0.122137,1.062787,4.284518,841,1384,543,841,0,107.57,6,normal
1780594798.5282216,7.93885799999407,8111,0.057617,0.006348,1.067627,0.351145,4.0229,-1.122137,1.069199,4.191208,845,1390,545,845,0,103.571,1,normal
1780594798.5605142,7.971150700002909,8142,0.026855,-0.062256,1.041016,2.229008,2.343511,-0.557252,1.043221,3.281928,847,1395,548,847,1,103.571,14,normal
1780594798.5908442,8.001480499995523,8174,0.029297,0.003418,1.040283,1.419847,2.89313,-0.557252,1.040701,3.27058,852,1402,550,852,0,103.571,0,normal
1780594798.622746,8.033382299996447,8205,0.032227,-0.041016,1.046875,0.801527,2.496183,-1.51145,1.048174,3.026195,854,1406,552,854,0,103.571,1,normal
1780594798.6541436,8.064780100001371,8236,0.056152,-0.025635,1.061768,3.221374,3.694656,0.137405,1.06356,4.903735,858,1412,554,858,0,103.571,5,normal
1780594798.6855638,8.096200200001476,8268,0.056396,0.014404,1.054443,0.633588,3.526718,-0.824427,1.056049,3.676799,862,1418,556,862,0,103.571,0,normal
1780594798.7170963,8.127732699998887,8299,0.049072,-0.027588,1.054199,2.328244,2.557252,-0.473282,1.055701,3.490595,864,1423,559,864,1,103.571,14,normal
1780594798.7472615,8.157897900004173,8331,0.027344,0.008057,1.046875,2.145038,2.061069,0.007634,1.047263,2.974769,869,1430,561,869,0,103.571,0,normal
1780594798.7788832,8.189519699997618,8362,0.033936,-0.046875,1.05542,0.572519,3.076336,-1.320611,1.057005,3.396415,871,1434,563,871,0,103.586,1,normal
1780594798.8114507,8.222087200003443,8393,0.046143,-0.03833,1.052978,3.328244,3.328244,-0.030534,1.054686,4.706948,874,1439,565,874,1,103.586,14,normal
1780594798.8414876,8.252124099992216,8425,0.045654,-0.004883,1.052246,0.335878,3.419847,-0.923664,1.053247,3.558276,879,1446,567,879,0,103.586,0,normal
1780594798.873099,8.28373539999302,8456,0.047607,-0.043457,1.064697,2.21374,2.78626,-0.694656,1.066647,3.625802,881,1451,570,881,1,103.586,13,normal
1780594798.9057794,8.316415799999959,8488,0.032227,0.015381,1.055664,1.992366,2.572519,-0.29771,1.056268,3.267416,886,1458,572,886,0,103.586,0,normal
1780594798.938015,8.348651399996015,8520,0.036133,-0.04248,1.052246,0.480916,2.847328,-1.496183,1.053723,3.252249,888,1462,574,888,0,103.586,0,normal
1780594798.984998,8.395634500004235,8551,0.053955,-0.030273,1.060059,3.229008,3.610687,0.038168,1.061862,4.84407,891,1467,576,891,1,103.586,13,normal
1780594798.9989958,8.409632099996088,8582,0.049805,-0.003662,1.049072,0.419847,3.343511,-1.099237,1.05026,3.544526,896,1474,578,896,0,103.586,0,normal
1780594799.031231,8.44186739998986,8613,0.04541,-0.040283,1.063721,2.587786,2.694656,-0.832061,1.065451,3.82755,898,1479,581,898,1,107.57,14,normal
1780594799.0625596,8.47319599999173,8645,0.037354,-0.018555,1.058838,1.969466,2.51145,-0.290076,1.059659,3.204734,903,1486,583,903,0,107.57,1,normal
1780594799.0947716,8.505408099998021,8677,0.029541,-0.030273,1.05249,0.534351,2.763359,-1.152672,1.05334,3.041436,905,1490,585,905,0,107.57,0,normal
1780594799.1256104,8.536246799994842,8708,0.056885,-0.044678,1.053467,3.351145,3.717557,0.015267,1.055947,5.005061,908,1495,587,908,1,107.57,14,normal
1780594799.155108,8.565744299994549,8739,0.051758,-0.006104,1.050049,0.755725,3.022901,-0.977099,1.051341,3.265543,913,1502,589,913,0,107.57,0,normal
1780594799.1870787,8.597715199997765,8770,0.043945,-0.030029,1.056885,1.740458,2.480916,-1.076336,1.058224,3.215997,915,1506,591,915,0,107.57,0,normal
1780594799.2177253,8.628361600000062,8801,0.053711,-0.04248,1.063477,2.877863,2.847328,-0.389313,1.065679,4.067055,919,1512,593,919,0,107.57,6,normal
1780594799.2486346,8.659270899996045,8832,0.057373,0.026123,1.068115,0.061069,3.687023,-0.931298,1.069974,3.803312,923,1518,595,923,0,107.57,0,normal
1780594799.279859,8.69049539999105,8863,0.02417,-0.066895,1.049072,2.221374,2.450382,-0.618321,1.051481,3.364698,925,1523,598,925,1,108.0,13,normal
1780594799.3104255,8.72106189999613,8894,0.028564,-0.000488,1.052246,2.122137,2.29771,-0.259542,1.052634,3.138519,930,1530,600,930,0,108.0,0,normal
1780594799.340589,8.751225500003784,8924,0.043457,-0.014648,1.06665,0.167939,2.603053,-1.59542,1.067636,3.057688,932,1534,602,932,0,108.0,0,normal
1780594799.3713877,8.782024100000854,8955,0.061279,-0.067627,1.048584,3.022901,3.854962,-0.229008,1.052548,4.904192,934,1539,605,934,1,108.0,14,normal
1780594799.4010854,8.811721899997792,8986,0.037842,0.001953,1.043701,0.725191,2.519084,-1.0,1.044389,2.805653,939,1546,607,939,0,108.0,1,normal
1780594799.4333732,8.844009599997662,9016,0.040283,-0.055176,1.048828,0.625954,2.641221,-1.465649,1.051051,3.084801,941,1550,609,941,0,108.0,0,normal
1780594799.4646091,8.875245599992923,9047,0.045166,-0.020996,1.058594,2.923664,3.419847,0.160305,1.059765,4.502096,945,1556,611,945,0,108.0,6,normal
1780594799.4943337,8.904970199990203,9078,0.048096,-0.00708,1.043457,0.312977,3.229008,-1.229008,1.044589,3.469136,949,1562,613,949,0,108.0,1,normal
1780594799.5265205,8.937156999993022,9109,0.05542,-0.04541,1.053223,2.061069,2.40458,-0.755725,1.055657,3.255938,951,1567,616,951,1,108.0,14,normal
1780594799.5585487,8.969184999994468,9140,0.041016,-0.015625,1.057129,1.900763,2.748092,-0.335878,1.05804,3.358232,956,1574,618,956,0,111.913,1,normal
1780594799.5894763,9.000112800000352,9172,0.027588,-0.024902,1.05249,0.282443,3.114504,-1.282443,1.053146,3.380025,958,1578,620,958,0,111.913,0,normal
1780594799.620795,9.031431399998837,9203,0.044678,-0.023193,1.055176,3.450382,3.503817,0.305344,1.056376,4.926976,961,1583,622,961,1,111.913,14,normal
1780594799.6527195,9.063355999998748,9235,0.056396,-0.00708,1.045166,0.618321,3.389313,-0.854962,1.04671,3.54975,966,1590,624,966,0,111.913,0,normal
1780594799.6840513,9.09468769999512,9266,0.049805,-0.036133,1.052246,2.458015,2.480916,-0.748092,1.054044,3.571614,968,1595,627,968,1,111.913,13,normal
1780594799.713817,9.124453299999004,9297,0.029297,-0.036865,1.061035,2.29771,2.625954,-0.167939,1.06208,3.493324,973,1602,629,973,0,111.913,0,normal
1780594799.7445107,9.155146999997669,9328,0.046387,0.0,1.063721,0.633588,3.603053,-1.053435,1.064732,3.806987,975,1606,631,975,0,111.913,0,normal
1780594799.7773106,9.187947099999292,9359,0.059082,-0.07959,1.05542,2.206107,2.89313,-0.526718,1.060064,3.676213,977,1611,634,977,1,111.913,13,normal
1780594799.807409,9.218045399989933,9390,0.04126,0.016846,1.049805,1.664122,2.931298,-0.89313,1.05075,3.487046,982,1618,636,982,0,104.0,0,normal
1780594799.8388608,9.249497099997825,9421,0.036865,-0.05835,1.053711,0.763359,2.343511,-1.419847,1.055969,2.844421,984,1622,638,984,0,104.0,0,normal
1780594799.8700943,9.280730799990124,9452,0.060303,-0.025635,1.061279,3.236641,3.396947,0.053435,1.0633,4.692328,988,1628,640,988,0,104.0,6,normal
1780594799.900209,9.310845400003018,9483,0.051758,0.008057,1.05127,0.061069,3.557252,-0.916031,1.052574,3.67381,992,1634,642,992,0,104.0,0,normal
1780594799.9359481,9.346584600003553,9514,0.046875,-0.021973,1.053467,2.267176,2.450382,-0.221374,1.054738,3.345663,994,1639,645,994,1,104.0,14,normal
1780594799.9626648,9.373301300001913,9546,0.052002,0.009277,1.056152,1.870229,2.358779,-0.59542,1.057472,3.06857,999,1646,647,999,0,104.0,1,normal
1780594799.9939234,9.404559899994638,9577,0.054688,-0.028076,1.060059,0.29771,3.274809,-1.10687,1.061839,3.469606,1001,1650,649,1001,0,104.0,0,normal
1780594800.0256243,9.43626079999376,9608,0.048828,-0.033691,1.049072,3.19084,2.854962,-0.274809,1.050748,4.29043,1004,1655,651,1004,1,104.0,13,normal
1780594800.055297,9.46593330000178,9639,0.041504,-0.002441,1.051514,0.694656,2.969466,-1.167939,1.052335,3.265633,1009,1662,653,1009,0,104.0,0,normal
1780594800.087139,9.497775199997704,9670,0.038086,-0.036621,1.058106,1.519084,2.732824,-1.099237,1.059424,3.314252,1011,1666,655,1011,0,103.571,0,normal
1780594800.1186604,9.529296799999429,9701,0.041992,-0.039062,1.065186,2.580153,3.099237,-0.007634,1.066728,4.032681,1015,1672,657,1015,0,103.571,6,normal
1780594800.1494534,9.560089799997513,9732,0.036621,0.000977,1.068359,0.267176,3.603053,-0.977099,1.068987,3.74274,1019,1678,659,1019,0,103.571,1,normal
1780594800.180496,9.591132499990636,9763,0.039062,-0.079346,1.037109,2.259542,2.572519,-0.358779,1.040873,3.442689,1021,1683,662,1021,1,103.571,14,normal
1780594800.2118955,9.622531899993191,9794,0.044922,0.006836,1.057373,1.839695,2.099237,-0.251908,1.058349,2.802629,1026,1690,664,1026,0,103.571,1,normal
1780594800.2422016,9.652837999994517,9825,0.040527,-0.037598,1.05249,0.564886,2.763359,-1.40458,1.053941,3.150888,1028,1694,666,1028,0,103.571,1,normal
1780594800.2743192,9.68495549999352,9857,0.058594,-0.018066,1.070801,3.59542,3.679389,0.099237,1.072555,5.145366,1032,1700,668,1032,0,103.571,5,normal
1780594800.304891,9.715527499996824,9888,0.056152,-0.008057,1.041748,0.030534,3.832061,-1.259542,1.043291,4.033866,1036,1706,670,1036,0,103.571,0,normal
1780594800.3371923,9.747828799998388,9919,0.055176,-0.037598,1.051514,2.282443,2.244275,-0.854962,1.053631,3.313197,1038,1711,673,1038,1,103.571,13,normal
1780594800.3684826,9.779118899998139,9951,0.037598,0.004395,1.053467,2.022901,2.48855,-0.374046,1.054147,3.228764,1043,1718,675,1043,0,113.879,1,normal
1780594800.3989863,9.80962269999145,9982,0.051514,-0.004883,1.057373,0.358779,2.916031,-1.122137,1.058638,3.14502,1045,1722,677,1045,0,113.879,0,normal
1780594800.4297302,9.840366499993252,10013,0.05957,-0.03125,1.05249,2.977099,2.664122,-0.48855,1.054638,4.024842,1047,1727,680,1047,1,113.879,13,normal
1780594800.4605584,9.871194899998954,10043,0.036133,0.010498,1.039307,1.603053,2.816794,-0.496183,1.039987,3.278766,1052,1734,682,1052,0,113.879,0,normal
1780594800.491708,9.902344399990398,10074,0.032471,-0.048584,1.053467,0.854962,2.442748,-1.381679,1.055086,2.933772,1054,1738,684,1054,0,113.879,0,normal
1780594800.5229576,9.933594100002665,10105,0.060791,-0.033203,1.068604,3.114504,3.648855,0.19084,1.070846,4.801114,1058,1744,686,1058,0,113.879,6,normal
1780594800.5516477,9.962284199995338,10136,0.053467,-0.000488,1.0625,0.114504,3.091603,-0.992366,1.063845,3.248986,1062,1750,688,1062,0,113.879,0,normal
1780594800.5828001,9.993436599994311,10166,0.041016,-0.050049,1.041992,1.427481,3.076336,-1.10687,1.043999,3.567451,1064,1754,690,1064,0,113.879,0,normal
1780594800.615124,10.025760399992578,10197,0.045654,-0.038574,1.06665,2.534351,2.89313,-0.229008,1.068324,3.852996,1069,1760,691,1069,0,113.879,5,normal
1780594800.6455157,10.05615219999163,10228,0.050781,0.002197,1.069336,0.282443,3.435115,-0.961832,1.070543,3.578395,1073,1766,693,1073,0,108.303,0,normal
1780594800.6769202,10.087556600003154,10259,0.047363,-0.077881,1.044434,2.129771,2.290076,-0.51145,1.048404,3.168904,1075,1771,696,1075,1,108.303,14,normal
1780594800.7068255,10.117461999994703,10290,0.04541,-0.000488,1.05127,1.70229,2.236641,-0.427481,1.05225,2.843079,1080,1778,698,1080,0,108.303,1,normal
1780594800.737729,10.148365400003968,10320,0.033203,-0.029053,1.054688,0.267176,3.129771,-0.89313,1.05561,3.265659,1082,1782,700,1082,0,108.303,0,normal
1780594800.768227,10.178863499997533,10351,0.062988,-0.059814,1.045898,3.091603,3.053435,-0.251908,1.049499,4.352578,1085,1787,702,1085,1,108.303,13,normal
1780594800.7995372,10.210173500003293,10382,0.050537,-0.004639,1.044678,0.549618,2.541985,-0.977099,1.04591,2.778217,1090,1794,704,1090,0,108.303,1,normal
1780594800.8303366,10.240973099993425,10413,0.033936,-0.032227,1.062012,1.473282,2.763359,-1.076336,1.063042,3.311376,1092,1798,706,1092,0,108.303,0,normal
1780594800.861606,10.272242299994105,10444,0.042725,-0.036621,1.064209,2.603053,2.770992,-0.152672,1.065696,3.804943,1097,1804,707,1097,0,108.303,6,normal
1780594800.8929706,10.30360689999361,10476,0.052734,0.001953,1.066162,0.343511,3.763359,-1.21374,1.067467,3.969135,1101,1810,709,1101,0,108.303,1,normal
1780594800.9246442,10.335280600003898,10507,0.054199,-0.081055,1.050293,2.473282,3.007634,-0.221374,1.054809,3.900256,1103,1815,712,1103,1,107.527,14,normal
1780594800.9572825,10.367918899995857,10539,0.041504,0.020508,1.047119,0.603053,2.625954,-1.175572,1.048142,2.939605,1108,1822,714,1108,0,107.527,0,normal
1780594800.9884055,10.399041800003033,10571,0.037842,-0.038086,1.062744,1.366412,2.916031,-1.244275,1.064099,3.452324,1110,1826,716,1110,0,107.527,1,normal
1780594801.0191917,10.429828199994517,10602,0.051025,-0.048584,1.072022,2.793893,3.099237,-0.145038,1.074334,4.175182,1113,1830,717,1113,0,107.527,5,normal
1780594801.0502179,10.460854399992968,10633,0.044434,0.002686,1.062988,0.099237,3.916031,-0.984733,1.06392,4.039164,1117,1836,719,1117,0,107.527,0,normal
1780594801.0828555,10.493491899993387,10664,0.026611,-0.056641,1.04126,2.374046,2.045802,-0.648855,1.043139,3.200377,1119,1841,722,1119,1,107.527,14,normal
1780594801.1124647,10.52310099999886,10695,0.033936,0.00708,1.051514,1.908397,2.358779,-0.259542,1.052085,3.045189,1123,1846,723,1123,0,107.527,6,normal
1780594801.143652,10.554288300001645,10726,0.024414,-0.031738,1.05957,0.251908,3.259542,-1.007634,1.060327,3.421023,1125,1850,725,1125,0,107.527,1,normal
1780594801.1737487,10.584385099995416,10757,0.052002,-0.03125,1.055664,3.221374,2.931298,-0.022901,1.057406,4.355489,1128,1855,727,1128,1,100.0,14,normal
1780594801.2048578,10.615494300000137,10787,0.041748,0.018555,1.051758,0.664122,2.854962,-0.89313,1.05275,3.064237,1133,1862,729,1133,0,100.0,0,normal
1780594801.2353451,10.645981499998015,10818,0.031738,-0.043945,1.050537,1.145038,2.496183,-1.045802,1.051935,2.938664,1135,1866,731,1135,0,100.0,0,normal
1780594801.2671273,10.677763799991226,10849,0.052246,-0.04126,1.07251,3.038168,3.916031,0.122137,1.074574,4.95789,1139,1872,733,1139,0,100.0,6,normal
1780594801.297052,10.707688399998005,10880,0.064453,0.01123,1.059082,0.366412,4.061068,-1.022901,1.061101,4.20391,1142,1876,734,1142,0,100.0,5,normal
1780594801.3278477,10.738484100002097,10911,0.052246,-0.041992,1.04834,2.21374,2.183206,-0.358779,1.050481,3.129818,1144,1881,737,1144,1,100.0,14,normal
1780594801.3598025,10.770438999999897,10942,0.039062,-0.023193,1.053467,2.19084,2.473282,-0.480916,1.054446,3.33889,1150,1888,738,1150,0,100.0,0,normal
1780594801.391267,10.80190340000263,10974,0.025146,-0.029785,1.051025,0.419847,2.80916,-1.419847,1.051748,3.175472,1152,1892,740,1152,0,100.0,1,normal
1780594801.421613,10.832249500002945,11005,0.053223,-0.031494,1.055176,3.435115,3.259542,-0.21374,1.056986,4.740286,1155,1897,742,1155,1,100.0,14,normal
1780594801.4529676,10.863604099999066,11036,0.050049,-0.003418,1.04541,0.290076,2.854962,-1.015267,1.046613,3.043964,1160,1904,744,1160,0,114.695,0,normal
1780594801.4846082,10.895244699990144,11067,0.034912,-0.029053,1.05249,1.251908,2.664122,-1.236641,1.05347,3.19282,1161,1906,745,1161,0,114.695,6,normal
1780594801.5160167,10.926653100003023,11098,0.053223,-0.048584,1.062012,2.526718,2.916031,0.137405,1.064454,3.860883,1166,1912,746,1166,0,114.695,6,normal
1780594801.5466974,10.957333700003801,11129,0.042236,0.004883,1.066894,0.167939,3.564885,-1.030534,1.067741,3.714648,1170,1918,748,1170,0,114.695,1,normal
1780594801.5833812,10.994017699995311,11166,0.022217,-0.054688,1.042236,2.122137,2.480916,-0.251908,1.043906,3.274426,1173,1924,751,1173,0,114.695,7,normal
1780594801.6144762,11.02511269999377,11197,0.054199,0.012939,1.063477,0.312977,4.030534,-1.053435,1.064935,4.177665,1177,1930,753,1177,0,114.695,0,normal
1780594801.6464517,11.057088200002909,11229,0.048584,-0.064941,1.048828,2.503817,2.526718,-0.328244,1.051959,3.572274,1179,1935,756,1179,1,114.695,13,normal
1780594801.6776476,11.088283999997657,11260,0.039795,0.024658,1.048096,1.51145,2.480916,-0.587786,1.049141,2.963936,1184,1942,758,1184,0,114.695,0,normal
1780594801.7089515,11.119588000001386,11291,0.040527,-0.058838,1.051758,0.740458,2.70229,-1.290076,1.054182,3.084631,1186,1946,760,1186,0,101.961,0,normal
1780594801.7400684,11.150704899991979,11322,0.046631,-0.020996,1.05542,3.320611,3.664122,0.061069,1.056658,4.945298,1190,1952,762,1190,0,101.961,5,normal
1780594801.7709546,11.18159100000048,11353,0.049316,-0.000488,1.059814,0.51145,3.076336,-1.19084,1.060961,3.338192,1194,1958,764,1194,0,101.961,0,normal
1780594801.8012285,11.211864900004002,11384,0.064209,-0.044434,1.050781,2.351145,2.366412,-0.648855,1.053678,3.398353,1196,1963,767,1196,1,101.961,13,normal
1780594801.8326416,11.243277999994461,11415,0.039551,-0.037109,1.053467,2.29771,2.259542,-0.381679,1.054862,3.245101,1201,1970,769,1201,0,101.961,1,normal
1780594801.8629959,11.27363239999977,11446,0.051758,0.000732,1.066894,0.305344,3.374046,-1.145038,1.068149,3.576106,1203,1974,771,1203,0,101.961,0,normal
1780594801.894922,11.305558399995789,11477,0.043457,-0.065674,1.046143,2.328244,2.748092,-0.419847,1.049102,3.626155,1205,1979,774,1205,1,101.961,14,normal
1780594801.9251416,11.335777999993297,11508,0.045166,0.017822,1.046875,1.48855,2.496183,-0.618321,1.048,2.971368,1210,1986,776,1210,0,101.961,0,normal
1780594801.9565344,11.367170899990015,11539,0.035889,-0.055664,1.051514,0.374046,2.427481,-1.679389,1.053597,2.975386,1212,1990,778,1212,0,101.961,1,normal
1780594801.98866,11.39929659999325,11570,0.052979,-0.022949,1.061279,3.305344,3.740458,-0.053435,1.062849,4.991912,1216,1996,780,1216,0,107.527,5,normal
1780594802.0202997,11.430935999989742,11602,0.055664,0.029297,1.057373,0.541985,4.061068,-1.374046,1.059242,4.321346,1220,2002,782,1220,0,107.527,0,normal
1780594802.0511515,11.461788000000524,11634,0.026123,-0.07251,1.041992,2.305344,2.671756,-0.396947,1.044839,3.55112,1222,2007,785,1222,1,107.527,13,normal
1780594802.0829678,11.493604299990693,11665,0.029541,-0.005615,1.048828,2.007634,2.519084,-0.244275,1.049259,3.230487,1225,2012,787,1225,0,107.527,0,normal
1780594802.11339,11.524026500002947,11696,0.031006,-0.031738,1.053711,0.343511,2.70229,-1.290076,1.054645,3.014078,1227,2016,789,1227,0,107.527,1,normal
1780594802.1447294,11.555365899999742,11727,0.048584,-0.034912,1.055664,3.160305,3.358779,-0.152672,1.057358,4.614351,1230,2021,791,1230,1,107.527,14,normal
1780594802.1752806,11.585917099990183,11758,0.040039,-0.008057,1.04541,0.519084,2.59542,-1.221374,1.046208,2.915031,1234,2026,792,1234,0,107.527,6,normal
1780594802.2056034,11.616239900002256,11788,0.039795,-0.046875,1.052002,1.076336,2.519084,-1.458015,1.053797,3.103239,1236,2030,794,1236,0,107.527,1,normal
1780594802.2366297,11.647266100000707,11819,0.053711,-0.030029,1.057129,3.396947,3.045802,0.0,1.058918,4.562472,1240,2036,796,1240,0,107.527,6,normal
1780594802.2666364,11.677272799992352,11850,0.041504,-0.002197,1.047852,0.374046,3.259542,-1.122137,1.048675,3.467523,1244,2042,798,1244,0,100.0,1,normal
1780594802.2991831,11.709819499999867,11881,0.049072,-0.054688,1.049316,2.229008,2.061069,-0.832061,1.051886,3.147826,1246,2047,801,1246,1,100.0,14,normal
1780594802.3311925,11.741828999991412,11913,0.027832,0.016113,1.059814,2.015267,2.427481,-0.358779,1.060302,3.175325,1251,2054,803,1251,0,100.0,0,normal
1780594802.3627954,11.773431800000253,11945,0.045654,-0.04126,1.056885,0.603053,2.862595,-1.305344,1.058675,3.203443,1252,2056,804,1252,0,100.0,5,normal
1780594802.393654,11.804290599990054,11976,0.04541,-0.017334,1.060303,3.450382,3.480916,0.007634,1.061416,4.901221,1256,2062,806,1256,0,100.0,6,normal
1780594802.4243617,11.834998099991935,12007,0.043457,-0.009766,1.051758,0.053435,3.236641,-0.885496,1.0527,3.35601,1260,2068,808,1260,0,100.0,0,normal
1780594802.4564521,11.867088500002865,12038,0.053223,-0.039062,1.044922,2.328244,2.687023,-0.923664,1.047005,3.673414,1262,2073,811,1262,1,100.0,13,normal
1780594802.4852784,11.895914900000207,12069,0.03418,-0.035645,1.062012,2.427481,2.59542,-0.007634,1.063159,3.55372,1266,2079,813,1266,0,100.0,3,normal
1780594802.5148628,11.925499199991464,12098,0.05127,-0.007324,1.054932,0.458015,3.862595,-0.900763,1.056202,3.992592,1269,2084,815,1269,0,100.0,0,normal
1780594802.5466754,11.957311899997876,12129,0.054688,-0.048828,1.059082,2.099237,2.015267,-0.648855,1.061617,2.981461,1271,2089,818,1271,1,96.774,14,normal
1780594802.5790315,11.989667999994708,12161,0.029541,0.004883,1.053711,1.854962,2.580153,-0.374046,1.054136,3.199685,1276,2096,820,1276,0,96.774,1,normal
1780594802.6098542,12.020490700000664,12192,0.024902,-0.029785,1.060791,0.450382,2.671756,-1.061069,1.061501,2.909809,1278,2100,822,1278,0,96.774,1,normal
1780594802.6412432,12.051879699996789,12223,0.050537,-0.039307,1.048096,3.137405,3.435115,-0.21374,1.050049,4.657146,1281,2105,824,1281,1,96.774,14,normal
1780594802.67127,12.081906399995205,12254,0.042236,-0.011719,1.048828,0.572519,3.145038,-0.885496,1.049744,3.317099,1286,2112,826,1286,0,96.774,0,normal
1780594802.7018483,12.112484700002824,12285,0.036865,-0.040283,1.06665,1.312977,2.679389,-1.175572,1.068047,3.207024,1288,2116,828,1288,0,96.774,0,normal
1780594802.7321584,12.142794899991713,12316,0.0625,-0.04248,1.068115,3.122137,2.671756,-0.206107,1.070785,4.114426,1293,2122,829,1293,0,96.774,6,normal
1780594802.7635036,12.174139900002046,12346,0.04248,0.001221,1.049072,0.557252,3.366412,-1.160305,1.049933,3.604104,1297,2128,831,1297,0,96.774,0,normal
1780594802.7943878,12.205024299997604,12377,0.041748,-0.058105,1.040527,2.129771,2.496183,-0.709924,1.042984,3.357208,1299,2133,834,1299,1,96.774,14,normal
1780594802.8271089,12.237745199992787,12409,0.031982,0.011475,1.051025,1.519084,2.732824,-0.480916,1.051574,3.16342,1304,2140,836,1304,0,117.857,0,normal
1780594802.8577328,12.268369299999904,12440,0.021484,-0.033203,1.049316,0.366412,2.694656,-1.145038,1.050061,2.950685,1306,2144,838,1306,0,117.857,1,normal
1780594802.8905892,12.301225699993665,12472,0.047119,-0.019043,1.069336,3.496183,3.526718,0.114504,1.070543,4.967308,1310,2150,840,1310,0,117.857,5,normal
1780594802.9224663,12.333102799995686,12504,0.051514,0.016113,1.058838,0.068702,3.755725,-1.114504,1.060213,3.918202,1314,2156,842,1314,0,117.857,0,normal
1780594802.9544246,12.365061099990271,12536,0.032227,-0.071533,1.039307,2.061069,2.496183,-0.618321,1.042264,3.295642,1316,2161,845,1316,1,117.857,13,normal
1780594802.9847252,12.395361599992611,12567,0.036865,0.006104,1.058838,1.572519,2.450382,-0.854962,1.059497,3.034493,1321,2168,847,1321,0,117.857,0,normal
1780594803.0156424,12.426278899991303,12598,0.026855,-0.044922,1.048584,0.198473,2.748092,-1.305344,1.049889,3.048823,1323,2172,849,1323,0,117.857,0,normal
1780594803.0468109,12.457447299995692,12629,0.047607,-0.027344,1.056396,3.427481,3.10687,0.007634,1.057822,4.626049,1326,2177,851,1326,1,117.857,14,normal
1780594803.0772538,12.487890199990943,12660,0.032715,0.001709,1.040039,0.557252,3.641221,-1.175572,1.040555,3.866651,1331,2184,853,1331,0,107.57,0,normal
1780594803.108839,12.519475399996736,12691,0.039551,-0.035645,1.051758,1.40458,3.137405,-1.122137,1.053105,3.615985,1333,2188,855,1333,0,107.57,1,normal
1780594803.1401558,12.550792099995306,12722,0.057373,-0.026611,1.065674,2.412214,3.183206,-0.435114,1.067549,4.017574,1338,2194,856,1338,0,107.57,5,normal
1780594803.16939,12.580026499999803,12753,0.054688,0.006348,1.054688,0.534351,3.564885,-0.870229,1.056124,3.708266,1342,2200,858,1342,0,107.57,0,normal
1780594803.2009397,12.611575999995694,12783,0.043945,-0.039551,1.043701,2.122137,2.267176,-0.687023,1.045374,3.180496,1344,2205,861,1344,1,107.57,14,normal
1780594803.2319212,12.642557600003784,12815,0.035889,0.004639,1.051758,1.671756,2.328244,-0.312977,1.05238,2.883304,1349,2212,863,1349,0,107.57,0,normal
1780594803.2643669,12.675003299998934,12846,0.032471,-0.036377,1.051025,0.427481,2.885496,-1.526718,1.052156,3.292369,1351,2216,865,1351,0,107.57,1,normal
1780594803.2956657,12.706302199992933,12877,0.041504,-0.029541,1.056641,3.603053,3.435115,-0.290076,1.057868,4.986597,1354,2221,867,1354,1,107.57,14,normal
1780594803.3253007,12.735937099991133,12908,0.032959,-0.006104,1.048096,0.450382,3.015267,-0.870229,1.048632,3.170486,1357,2226,869,1357,0,107.57,0,normal
1780594803.3552938,12.765930199995637,12939,0.031006,-0.03125,1.054688,1.335878,3.0,-1.038168,1.055606,3.444178,1359,2230,871,1359,0,100.358,0,normal
1780594803.3875177,12.798154000003706,12969,0.050781,-0.047119,1.05957,2.977099,3.053435,-0.007634,1.061832,4.26458,1363,2236,873,1363,0,100.358,6,normal
1780594803.4187605,12.829396899993299,13001,0.053711,0.003418,1.061768,0.320611,3.664122,-0.977099,1.063131,3.805694,1366,2240,874,1366,0,100.358,5,normal
1780594803.4501455,12.86078180000186,13032,0.033936,-0.060791,1.036377,2.053435,2.435115,-0.633588,1.038713,3.24774,1368,2245,877,1368,1,100.358,14,normal
1780594803.4817517,12.892388099993696,13064,0.041504,-0.001953,1.059814,1.534351,2.625954,-0.549618,1.060628,3.090623,1373,2252,879,1373,0,100.358,0,normal
1780594803.51274,12.923376299993834,13095,0.025635,-0.044434,1.054688,0.473282,2.625954,-1.229008,1.055934,2.937702,1375,2256,881,1375,0,100.358,1,normal
1780594803.5438864,12.954522799991537,13126,0.04248,-0.022949,1.058106,3.381679,3.419847,-0.129771,1.059206,4.811232,1379,2262,883,1379,0,100.358,6,normal
1780594803.5743258,12.984962299990002,13157,0.05249,0.003418,1.050293,0.160305,2.755725,-1.053435,1.051609,2.954563,1383,2268,885,1383,0,100.358,1,normal
1780594803.6054766,13.016112999990582,13188,0.044922,-0.039062,1.052002,1.984733,2.977099,-0.763359,1.053685,3.658552,1384,2271,887,1384,1,100.358,17,normal
1780594803.636582,13.047218399995472,13220,0.025391,-0.001953,1.05127,1.732824,2.854962,-0.580153,1.051578,3.3897,1389,2278,889,1389,0,106.762,1,normal
1780594803.668083,13.07871940000041,13251,0.034668,-0.01709,1.066162,0.351145,3.091603,-0.900763,1.066862,3.239242,1391,2282,891,1391,0,106.762,1,normal
1780594803.7000282,13.110664499996346,13282,0.055664,-0.066406,1.054688,2.656489,3.137405,-0.389313,1.058241,4.129383,1393,2287,894,1393,1,106.762,14,normal
1780594803.7307634,13.141399799991632,13313,0.042725,0.013428,1.045166,1.175572,2.259542,-0.770992,1.046125,2.66119,1398,2294,896,1398,0,106.762,1,normal
1780594803.7628016,13.173438099998748,13344,0.040771,-0.038818,1.055664,1.320611,2.236641,-1.473282,1.057164,2.986158,1400,2298,898,1400,0,106.762,0,normal
1780594803.7928786,13.203515000001062,13376,0.052002,-0.032715,1.0625,2.648855,3.374046,-0.251908,1.064275,4.296984,1404,2304,900,1404,0,106.762,6,normal
1780594803.824069,13.234705499999109,13407,0.051514,0.027344,1.063232,0.374046,3.755725,-1.175572,1.064831,3.953144,1408,2310,902,1408,0,106.762,1,normal
1780594803.8548734,13.265509799995925,13438,0.03125,-0.049316,1.04541,2.450382,2.610687,-0.473282,1.047039,3.611655,1410,2315,905,1410,1,106.762,14,normal
1780594803.88627,13.296906399991713,13469,0.02417,-0.002197,1.055176,2.10687,2.381679,-0.419847,1.055455,3.207424,1415,2322,907,1415,0,106.762,1,normal
1780594803.918326,13.328962400002638,13500,0.040771,-0.033936,1.053223,0.381679,3.015267,-0.877863,1.054558,3.163567,1417,2326,909,1417,0,100.0,0,normal
1780594803.9483652,13.359001599994372,13531,0.058105,-0.025391,1.052978,3.267176,3.267176,-0.114504,1.054886,4.621902,1420,2331,911,1420,1,100.0,13,normal
1780594803.9791267,13.389763200000743,13562,0.05542,0.0,1.050293,0.870229,2.717557,-1.175572,1.051754,3.08616,1425,2338,913,1425,0,100.0,1,normal
1780594804.010149,13.420785499998601,13592,0.026123,-0.047607,1.048584,0.839695,2.725191,-1.21374,1.049989,3.09918,1427,2342,915,1427,0,100.0,0,normal
1780594804.0399592,13.450595699992846,13623,0.052734,-0.02417,1.059814,3.48855,3.083969,-0.51145,1.061401,4.684274,1431,2348,917,1431,0,100.0,5,normal
1780594804.0708535,13.481489800004056,13654,0.058594,-0.005615,1.052002,0.381679,3.358779,-1.091603,1.053647,3.552277,1435,2354,919,1435,0,100.0,0,normal
1780594804.1031535,13.513789899996482,13685,0.056152,-0.031494,1.045654,2.381679,2.396947,-0.801527,1.047634,3.472779,1437,2359,922,1437,1,100.0,13,normal
1780594804.1352847,13.545920999997179,13717,0.030273,-0.001221,1.059814,1.480916,2.610687,-0.618321,1.060247,3.064493,1442,2366,924,1442,0,100.0,0,normal
1780594804.1659336,13.57656999999017,13748,0.033447,-0.033936,1.05957,-0.137405,3.236641,-1.068702,1.060641,3.411283,1444,2370,926,1444,0,100.0,0,normal
1780594804.1967006,13.607336999994004,13779,0.059814,-0.045166,1.045654,3.236641,2.977099,-0.740458,1.048337,4.459512,1446,2373,927,1446,1,103.943,17,normal
1780594804.2273614,13.637997800004086,13810,0.042725,0.01123,1.048828,0.854962,2.519084,-0.870229,1.049758,2.798936,1451,2380,929,1451,0,103.943,0,normal
1780594804.258205,13.668841399994562,13841,0.032715,-0.049072,1.052978,1.29771,2.534351,-1.198473,1.054629,3.089227,1453,2384,931,1453,0,103.943,1,normal
1780594804.289984,13.70062049999251,13872,0.052246,-0.044922,1.065186,3.061069,3.045802,-0.259542,1.067412,4.326016,1457,2390,933,1457,0,103.943,6,normal
1780594804.3210623,13.731698799994774,13904,0.038818,0.002686,1.053711,0.007634,3.877863,-1.061069,1.054429,4.020416,1459,2394,935,1459,0,103.943,0,normal
1780594804.3525665,13.76320279999345,13934,0.056641,-0.033203,1.05127,1.854962,2.503817,-0.748092,1.053318,3.204625,1461,2399,938,1461,1,103.943,14,normal
1780594804.3839967,13.794633199999225,13966,0.05127,-0.003906,1.058838,1.694656,2.083969,-0.374046,1.060086,2.711955,1466,2406,940,1466,0,103.943,0,normal
1780594804.4152617,13.825898099996266,13997,0.039307,-0.040283,1.04834,0.618321,2.946565,-1.290076,1.04985,3.275494,1468,2410,942,1468,0,103.943,1,normal
1780594804.4470801,13.857716600003187,14029,0.040771,-0.021484,1.062256,3.274809,3.458015,-0.015267,1.063255,4.762612,1472,2416,944,1472,0,104.0,5,normal
1780594804.4788039,13.889440300001297,14061,0.045166,0.006592,1.047607,0.312977,3.549618,-1.045802,1.048601,3.713683,1475,2420,945,1475,0,104.0,6,normal
1780594804.510115,13.920751400000881,14092,0.049072,-0.030029,1.043213,1.839695,2.679389,-0.290076,1.044798,3.263088,1477,2425,948,1477,1,104.0,14,normal
1780594804.5409214,13.951557899999898,14123,0.028076,0.000732,1.056396,1.923664,2.19084,-0.839695,1.05677,3.034032,1482,2432,950,1482,0,104.0,0,normal
1780594804.5708776,13.98151389999839,14154,0.044434,-0.025391,1.059326,0.236641,2.648855,-1.351145,1.060562,2.982956,1484,2436,952,1484,0,104.0,1,normal
1780594804.601541,14.01217750000069,14185,0.070801,-0.0625,1.066162,3.167939,3.305344,-0.427481,1.070337,4.598246,1486,2441,955,1486,1,104.0,14,normal
1780594804.6336353,14.044271599996137,14216,0.044434,-0.000244,1.039795,0.992366,2.78626,-0.778626,1.040744,3.058478,1491,2448,957,1491,0,104.0,0,normal
1780594804.6649787,14.075615099995048,14247,0.041748,-0.059326,1.065186,1.053435,2.519084,-1.603053,1.067653,3.166274,1493,2452,959,1493,0,104.0,0,normal
1780594804.696104,14.106740399991395,14278,0.046875,-0.034424,1.060547,2.641221,3.687023,0.267176,1.06214,4.5433,1497,2458,961,1497,0,104.0,6,normal
1780594804.7260032,14.13663949999318,14309,0.046631,0.011719,1.055176,0.648855,4.10687,-1.10687,1.056271,4.302622,1501,2464,963,1501,0,103.571,0,normal
1780594804.758134,14.168770299991593,14340,0.051025,-0.022705,1.045898,2.068702,2.473282,-0.526718,1.047388,3.267122,1503,2469,966,1503,1,103.571,14,normal
1780594804.7901318,14.200768299997435,14372,0.041992,-0.006592,1.046875,1.557252,2.351145,-0.534351,1.047738,2.87027,1508,2476,968,1508,0,103.571,1,normal
1780594804.8204682,14.231104499995126,14403,0.037109,-0.038574,1.056641,0.335878,3.129771,-1.259542,1.057996,3.390387,1510,2480,970,1510,0,103.571,1,normal
1780594804.8634436,14.274080000002868,14434,0.050293,-0.022217,1.048584,3.0,3.549618,-0.076336,1.050024,4.648184,1513,2485,972,1513,1,103.571,14,normal
1780594804.8829184,14.293554699994274,14465,0.042969,0.000977,1.043945,0.923664,2.954198,-0.923664,1.04483,3.230108,1518,2492,974,1518,0,103.571,0,normal
1780594804.9144707,14.325106999996933,14496,0.041504,-0.05249,1.046875,1.236641,2.938931,-0.977099,1.049012,3.334865,1520,2496,976,1520,0,103.571,0,normal
1780594804.9438446,14.354481000002124,14527,0.053223,-0.042725,1.061035,2.564885,3.51145,0.0,1.063228,4.348439,1525,2502,977,1525,0,103.571,6,normal
1780594804.9763129,14.386949399995501,14558,0.057861,0.023926,1.061523,0.122137,3.740458,-1.038168,1.063368,3.883778,1529,2508,979,1529,0,103.571,1,normal
1780594805.0069332,14.417569700002787,14589,0.038574,-0.05542,1.052246,2.068702,2.70229,-0.564886,1.05441,3.449782,1531,2513,982,1531,1,107.143,14,normal
1780594805.0382302,14.448866599996109,14620,0.034424,-0.003906,1.051514,1.687023,2.351145,-0.541985,1.052084,2.944092,1537,2520,983,1537,0,107.143,1,normal
1780594805.068863,14.479499399996712,14651,0.0354,-0.032959,1.052734,0.419847,2.992366,-1.114504,1.053845,3.220659,1538,2522,984,1538,0,107.143,5,normal
1780594805.1001997,14.510836100002052,14682,0.052246,-0.022949,1.061768,3.251908,3.10687,-0.198473,1.0633,4.501882,1541,2527,986,1541,1,107.143,14,normal
1780594805.1299734,14.540609799994854,14713,0.047363,0.004639,1.039795,0.664122,3.137405,-0.977099,1.040883,3.352475,1546,2534,988,1546,0,107.143,1,normal
1780594805.1615198,14.572156099995482,14744,0.043457,-0.044434,1.054199,1.358779,2.870229,-1.0,1.05603,3.329338,1548,2538,990,1548,0,107.143,0,normal
1780594805.1932917,14.603928199998336,14775,0.046387,-0.039551,1.063477,3.068702,2.648855,-0.175573,1.065222,4.057609,1551,2542,991,1551,0,107.143,6,normal
1780594805.2248595,14.635495900001843,14807,0.04248,0.005615,1.060547,0.465649,3.832061,-0.916031,1.061412,3.967447,1555,2548,993,1555,0,107.143,1,normal
1780594805.2565846,14.667220999996061,14838,0.048828,-0.078613,1.049805,2.274809,2.748092,-0.503817,1.053876,3.602859,1557,2553,996,1557,1,107.143,14,normal
1780594805.286624,14.697260300003109,14870,0.051025,-0.001709,1.043701,0.877863,2.465649,-0.648855,1.044949,2.696494,1562,2560,998,1562,0,110.32,0,normal
1780594805.3190658,14.729702199998428,14901,0.040771,-0.042969,1.063477,0.923664,2.587786,-1.465649,1.065125,3.114148,1564,2564,1000,1564,0,110.32,0,normal
1780594805.3501234,14.760759900003904,14932,0.050049,-0.027588,1.064697,3.076336,3.374046,-0.053435,1.06623,4.566276,1568,2570,1002,1568,0,110.32,6,normal
1780594805.3808367,14.791473199991742,14963,0.04248,0.025146,1.060059,0.603053,3.198473,-1.206107,1.061207,3.471109,1570,2574,1004,1570,0,110.32,1,normal
1780594805.4120095,14.822645799999009,14994,0.043701,-0.042969,1.048584,2.022901,1.91603,-0.519084,1.050373,2.83421,1572,2579,1007,1572,1,110.32,14,normal
1780594805.4435496,14.854186099997605,15025,0.02832,-0.005371,1.050293,2.221374,2.412214,-0.335878,1.050688,3.296376,1577,2586,1009,1577,0,110.32,1,normal
1780594805.4738598,14.884496300001047,15056,0.040527,-0.000977,1.064453,0.145038,3.427481,-1.167939,1.065225,3.623912,1579,2590,1011,1579,0,110.32,0,normal
1780594805.504615,14.915251500002341,15087,0.05127,-0.081787,1.042725,2.923664,3.206107,-0.381679,1.047183,4.355756,1581,2595,1014,1581,1,110.32,13,normal
1780594805.5370116,14.947648000001209,15118,0.050781,0.011719,1.043213,0.992366,2.78626,-1.099237,1.044514,3.155369,1585,2600,1015,1585,0,110.32,5,normal
1780594805.56705,14.977686400001403,15149,0.046631,-0.042969,1.044189,0.946565,2.366412,-1.19084,1.046113,2.813182,1587,2604,1017,1587,0,89.606,0,normal
1780594805.599437,15.010073400000692,15180,0.057129,-0.018066,1.068848,3.21374,3.458015,-0.015267,1.070526,4.720829,1591,2610,1019,1591,0,89.606,6,normal
1780594805.6295938,15.040230300000985,15212,0.039551,0.017334,1.050781,0.618321,3.748092,-1.114504,1.051668,3.958867,1595,2616,1021,1595,0,89.606,1,normal
1780594805.6621082,15.07274449999386,15243,0.029297,-0.069092,1.032959,2.045802,2.847328,-0.412214,1.035682,3.530227,1597,2621,1024,1597,1,89.606,14,normal
1780594805.691553,15.10218950000126,15274,0.035645,0.008057,1.052246,1.564886,2.206107,-0.343511,1.05288,2.726495,1602,2628,1026,1602,0,89.606,1,normal
1780594805.7231967,15.13383310000063,15305,0.039795,-0.027344,1.054443,0.70229,3.183206,-1.282443,1.055548,3.502952,1604,2632,1028,1604,0,89.606,0,normal
1780594805.7560391,15.166675599990413,15336,0.062012,-0.04834,1.054688,3.221374,2.900763,-0.374046,1.057614,4.351044,1607,2637,1030,1607,1,89.606,13,normal
1780594805.784191,15.194827200000873,15367,0.047119,0.008789,1.044922,0.709924,2.679389,-0.687023,1.046021,2.855717,1612,2644,1032,1612,0,89.606,1,normal
1780594805.8153737,15.226010099999257,15398,0.036133,-0.041992,1.058106,0.977099,2.40458,-1.312977,1.059555,2.908717,1614,2648,1034,1614,0,89.606,0,normal
1780594805.8478634,15.258499899995513,15429,0.046143,-0.042969,1.065674,2.694656,3.618321,-0.10687,1.067537,4.512742,1618,2654,1036,1618,0,110.714,6,normal
1780594805.876542,15.287178500002483,15460,0.052002,0.012451,1.061523,0.259542,3.801527,-1.633588,1.062869,4.14579,1622,2660,1038,1622,0,110.714,0,normal
1780594805.9087727,15.319409100004123,15491,0.040527,-0.039062,1.049316,2.312977,2.198473,-0.48855,1.050825,3.228286,1624,2665,1041,1624,1,110.714,14,normal
1780594805.9406927,15.351329199998872,15522,0.031982,0.010498,1.054932,1.923664,2.465649,-0.366412,1.055469,3.148677,1629,2672,1043,1629,0,110.714,1,normal
1780594805.972973,15.383609600001364,15554,0.049072,-0.032227,1.056396,0.641221,3.038168,-1.236641,1.058026,3.342291,1631,2676,1045,1631,0,110.714,0,normal
1780594806.0038347,15.414471199997934,15585,0.058105,-0.02832,1.059326,3.740458,3.549618,-0.022901,1.061296,5.156679,1635,2682,1047,1635,0,110.714,6,normal
1780594806.0341423,15.444778599994606,15617,0.044434,0.0,1.048584,0.175573,3.465649,-1.015267,1.049525,3.615566,1639,2688,1049,1639,0,110.714,1,normal
1780594806.065208,15.475844400003552,15647,0.03833,-0.050293,1.058106,1.992366,3.175573,-0.839695,1.059993,3.841728,1641,2692,1051,1641,1,110.714,0,normal
1780594806.0961728,15.506809300000896,15678,0.04248,-0.04126,1.064209,2.580153,3.022901,-0.053435,1.065855,3.974666,1646,2698,1052,1646,0,110.714,6,normal
1780594806.1274612,15.538097700002254,15709,0.043701,0.004639,1.061768,0.59542,3.473282,-1.076336,1.062677,3.684659,1649,2702,1053,1649,0,110.714,6,normal
1780594806.1576233,15.568259599996964,15740,0.054688,-0.080566,1.050537,1.961832,2.503817,-0.801527,1.05504,3.280294,1651,2707,1056,1651,1,110.714,13,normal
1780594806.188787,15.599423299994669,15771,0.047363,-0.001221,1.050781,1.770992,2.328244,-0.557252,1.051849,2.977862,1656,2714,1058,1656,0,110.714,1,normal
1780594806.219574,15.630210299990722,15802,0.050537,-0.040527,1.057129,0.412214,2.717557,-1.251908,1.059112,3.020316,1658,2718,1060,1658,0,110.714,0,normal
1780594806.2526476,15.663283999994746,15834,0.049072,-0.038086,1.068848,3.10687,3.122137,0.137405,1.070651,4.406729,1662,2724,1062,1662,0,110.714,6,normal
1780594806.2836242,15.694260499993106,15866,0.053955,0.013916,1.070801,0.412214,3.740458,-1.198473,1.07225,3.94934,1666,2730,1064,1666,0,110.714,1,normal
1780594806.3144855,15.725122000003466,15897,0.038818,-0.053955,1.039795,2.167939,2.541985,-0.381679,1.041917,3.362636,1668,2735,1067,1668,1,110.714,14,normal
1780594806.3468213,15.757457799991244,15928,0.031982,0.006104,1.065674,1.465649,2.282443,-0.854962,1.066171,2.844052,1673,2742,1069,1673,0,110.714,1,normal
1780594806.3773,15.787936499997159,15959,0.033691,-0.042725,1.04834,0.694656,2.908397,-0.938931,1.049751,3.134153,1675,2746,1071,1675,0,104.0,0,normal
1780594806.407673,15.818309299997054,15990,0.057129,-0.02832,1.050049,2.954198,3.671756,-0.083969,1.051983,4.713399,1678,2751,1073,1678,1,104.0,13,normal
1780594806.4388711,15.849507499995525,16021,0.049072,-0.000732,1.046875,0.770992,2.832061,-0.816794,1.048025,3.046662,1681,2756,1075,1681,0,104.0,1,normal
1780594806.4697435,15.880380000002333,16052,0.023682,-0.039307,1.05542,1.068702,2.679389,-1.114504,1.056417,3.09247,1683,2760,1077,1683,0,104.0,0,normal
1780594806.500458,15.911094399998547,16083,0.052246,-0.046631,1.060791,2.824427,2.618321,-0.48855,1.0631,3.882225,1687,2766,1079,1687,0,104.0,6,normal
1780594806.5322056,15.94284200000402,16114,0.061279,0.015869,1.063721,0.419847,3.854962,-0.793893,1.065603,3.95819,1691,2772,1081,1691,0,104.0,0,normal
1780594806.562636,15.97327229999064,16145,0.032471,-0.057617,1.05249,2.183206,2.236641,-0.51145,1.054566,3.167102,1693,2777,1084,1693,1,104.0,13,normal
1780594806.5942464,16.004882799999905,16176,0.037109,-0.000244,1.052978,1.633588,2.236641,-0.541985,1.053632,2.822219,1697,2782,1085,1697,0,104.0,5,normal
1780594806.6246662,16.035302699994645,16207,0.042725,-0.038086,1.058838,0.320611,3.282443,-1.030534,1.060384,3.455318,1699,2786,1087,1699,0,104.0,0,normal
1780594806.65559,16.066226499999175,16238,0.042969,-0.015381,1.053223,3.21374,3.59542,-0.29771,1.054211,4.831542,1702,2791,1089,1702,1,96.774,13,normal
1780594806.686691,16.097327499999665,16269,0.048584,-0.001221,1.043457,0.870229,2.763359,-1.038168,1.044588,3.077538,1707,2798,1091,1707,0,96.774,1,normal
1780594806.7167883,16.127424799997243,16299,0.036865,-0.05127,1.049316,0.900763,2.312977,-1.473282,1.051215,2.886486,1709,2802,1093,1709,0,96.774,0,normal
1780594806.7482338,16.15887020000082,16330,0.049561,-0.023682,1.0625,3.328244,3.320611,-0.10687,1.063919,4.702668,1713,2808,1095,1713,0,96.774,6,normal
1780594806.778395,16.18903130000399,16361,0.048096,0.005615,1.060791,0.442748,3.175573,-1.122137,1.061896,3.396981,1717,2814,1097,1717,0,96.774,0,normal
1780594806.8096967,16.220333099990967,16392,0.048828,-0.025391,1.047852,2.099237,2.862595,-0.503817,1.049296,3.585398,1719,2819,1100,1719,1,96.774,14,normal
1780594806.8414083,16.252044699998805,16423,0.040283,-0.033936,1.056396,2.305344,2.51145,-0.320611,1.057709,3.424147,1724,2826,1102,1724,0,96.774,1,normal
1780594806.8729298,16.28356630000053,16455,0.036621,-0.03125,1.037842,0.740458,2.961832,-0.992366,1.038958,3.210221,1726,2830,1104,1726,0,96.774,0,normal
1780594806.902512,16.31314840000414,16485,0.068604,-0.065918,1.055176,2.51145,2.435115,-0.045802,1.059456,3.498466,1728,2835,1107,1728,1,96.774,13,normal
1780594806.945388,16.356024399996386,16516,0.057861,0.007813,1.057373,1.419847,2.167939,-0.435114,1.058984,2.627784,1733,2842,1109,1733,0,111.511,0,normal
1780594806.96578,16.37641650000296,16547,0.041992,-0.051514,1.059326,0.664122,2.580153,-1.091603,1.061409,2.879209,1735,2846,1111,1735,0,111.511,0,normal
1780594806.9967244,16.407360800003516,16578,0.051758,-0.022461,1.052734,3.274809,3.183206,-0.183206,1.054245,4.570638,1739,2852,1113,1739,0,111.511,5,normal
1780594807.026213,16.4368492999929,16609,0.046875,-0.005615,1.053711,0.618321,3.70229,-1.160305,1.054768,3.928814,1743,2858,1115,1743,0,111.511,0,normal
1780594807.0569143,16.46755079999275,16639,0.041992,-0.050049,1.044922,1.389313,2.78626,-1.053435,1.046962,3.286816,1745,2862,1117,1745,0,111.511,1,normal
1780594807.0885062,16.49914259999059,16670,0.04834,-0.039795,1.066406,2.709924,3.198473,-0.122137,1.068243,4.193904,1750,2868,1118,1750,0,111.511,5,normal
1780594807.119267,16.52990329999011,16701,0.04541,0.023926,1.061523,0.045802,3.557252,-1.160305,1.062764,3.741985,1754,2874,1120,1754,0,111.511,0,normal
1780594807.1501336,16.56076999999641,16732,0.037354,-0.070312,1.041016,2.076336,2.282443,-0.541985,1.044056,3.132804,1756,2879,1123,1756,1,111.511,14,normal
1780594807.1862783,16.596914800000377,16769,0.029053,0.000977,1.046387,1.610687,2.450382,-0.305344,1.04679,2.948206,1761,2886,1125,1761,0,110.672,0,normal
1780594807.2186518,16.629288199997973,16800,0.033447,-0.068848,1.040772,1.954198,2.641221,-0.526718,1.043582,3.327518,1763,2891,1128,1763,1,110.672,13,normal
1780594807.248807,16.659443399999873,16831,0.030518,0.009277,1.043945,1.946565,2.290076,-0.465649,1.044432,3.041446,1768,2898,1130,1768,0,110.672,1,normal
1780594807.281059,16.6916954999906,16862,0.030762,-0.039551,1.050537,0.229008,2.664122,-1.396947,1.051731,3.016861,1770,2902,1132,1770,0,110.672,0,normal
1780594807.3109334,16.72156979999272,16893,0.040039,-0.020264,1.047852,3.351145,3.664122,-0.114504,1.048812,4.966798,1773,2907,1134,1773,1,110.672,14,normal
1780594807.3412304,16.751866799997515,16924,0.034668,-0.001709,1.042969,0.328244,3.282443,-0.954198,1.043546,3.434046,1778,2914,1136,1778,0,110.672,0,normal
1780594807.37338,16.7840162999928,16955,0.037598,-0.044189,1.052978,1.687023,2.870229,-0.908397,1.054576,3.451006,1780,2918,1138,1780,0,110.672,1,normal
1780594807.4058533,16.816489799995907,16987,0.040771,-0.02002,1.054932,2.236641,2.335878,-0.221374,1.055909,3.241588,1786,2926,1140,1786,0,110.672,1,normal
1780594807.4362884,16.846924899989972,17019,0.025391,-0.030029,1.05835,0.709924,2.740458,-1.236641,1.05908,3.089237,1788,2930,1142,1788,0,108.0,0,normal
1780594807.4682038,16.878840099991066,17050,0.055176,-0.049805,1.050293,3.045802,3.229008,-0.320611,1.05292,4.450414,1790,2935,1145,1790,1,108.0,13,normal
1780594807.4984941,16.90913059999002,17081,0.050049,0.005859,1.046143,0.351145,2.694656,-0.938931,1.047355,2.875077,1793,2940,1147,1793,0,108.0,0,normal
1780594807.5301294,16.94076589999895,17112,0.023926,-0.050537,1.054932,1.038168,2.419847,-1.358779,1.056412,2.963061,1795,2944,1149,1795,0,108.0,0,normal
1780594807.56172,16.972356300000683,17143,0.053711,-0.043457,1.06665,2.610687,3.251908,-0.343511,1.068886,4.184327,1799,2950,1151,1799,0,108.0,5,normal
1780594807.591561,17.002197499998147,17174,0.061768,0.013916,1.059814,0.236641,3.503817,-1.290076,1.061704,3.74126,1803,2956,1153,1803,0,108.0,0,normal
1780594807.6234396,17.034075899995514,17205,0.054932,-0.040527,1.053467,2.175573,1.91603,-0.450382,1.055676,2.933792,1805,2961,1156,1805,1,108.0,13,normal
1780594807.6543581,17.064994500004104,17236,0.041748,-0.020508,1.05542,2.305344,2.51145,-0.961832,1.056444,3.54219,1809,2966,1157,1809,0,108.0,5,normal
1780594807.6841109,17.094747399998596,17267,0.030518,-0.033203,1.048828,0.312977,3.29771,-1.419847,1.049797,3.604,1811,2970,1159,1811,0,108.0,0,normal
1780594807.7143943,17.125030700000934,17297,0.049072,-0.072021,1.056641,2.389313,2.717557,-0.465649,1.060229,3.648392,1813,2975,1162,1813,1,89.928,14,normal
1780594807.7463484,17.156984899993404,17328,0.048828,0.020752,1.056885,1.343511,2.572519,-0.427481,1.058216,2.933533,1818,2982,1164,1818,0,89.928,0,normal
1780594807.7769458,17.18758220000018,17359,0.028809,-0.053955,1.041016,0.557252,2.755725,-0.885496,1.042811,2.947652,1820,2986,1166,1820,0,89.928,1,normal
1780594807.8089294,17.219565899998997,17390,0.043701,-0.02002,1.059326,3.198473,3.267176,-0.015267,1.060416,4.572188,1824,2992,1168,1824,0,89.928,5,normal
1780594807.8396938,17.250330199996824,17422,0.067871,0.012207,1.056396,0.503817,3.748092,-1.030534,1.058645,3.919697,1828,2998,1170,1828,0,89.928,0,normal
1780594807.8710144,17.281650899996748,17453,0.062744,-0.0354,1.050781,1.984733,2.381679,-0.412214,1.053248,3.127536,1830,3003,1173,1830,1,89.928,14,normal
1780594807.9016054,17.312241799998446,17484,0.029785,0.001221,1.041748,2.198473,2.320611,-0.59542,1.042174,3.251622,1835,3010,1175,1835,0,89.928,0,normal
1780594807.9329371,17.343573499994818,17515,0.0354,-0.023193,1.05835,0.465649,2.732824,-1.229008,1.059195,3.032428,1837,3014,1177,1837,0,89.928,1,normal
1780594807.9739647,17.38460119999945,17546,0.054688,-0.05957,1.055664,2.748092,3.48855,-0.259542,1.058757,4.448522,1839,3019,1180,1839,1,89.928,14,normal
1780594807.995729,17.406365299990284,17577,0.053711,-0.012451,1.051514,0.51145,2.770992,-0.618321,1.052958,2.88484,1844,3026,1182,1844,0,110.714,0,normal
1780594808.0281153,17.438751699999557,17609,0.025879,-0.040283,1.058594,1.351145,2.221374,-1.114504,1.059676,2.828818,1846,3030,1184,1846,0,110.714,0,normal
1780594808.0568583,17.467494700002135,17640,0.04834,-0.033936,1.070068,2.358779,3.0,-0.251908,1.071697,3.824565,1850,3036,1186,1850,0,110.714,6,normal
1780594808.0895638,17.500200299997232,17671,0.049316,0.012939,1.072022,0.290076,3.48855,-0.961832,1.073233,3.630323,1854,3042,1188,1854,0,110.714,1,normal
1780594808.1201022,17.530738499990548,17702,0.034424,-0.053955,1.04541,1.931298,2.450382,-0.435114,1.047367,3.150176,1856,3047,1191,1856,1,110.714,14,normal
1780594808.152131,17.56276760000037,17734,0.042725,0.016846,1.059082,1.526718,3.007634,-0.396947,1.060077,3.396218,1861,3054,1193,1861,0,110.714,0,normal
1780594808.1837022,17.5943385999999,17766,0.029541,-0.036621,1.061768,1.145038,2.625954,-1.343511,1.06281,3.164138,1863,3058,1195,1863,0,110.714,1,normal
1780594808.2159033,17.62653959999443,17797,0.052979,-0.03418,1.063232,2.717557,3.763359,-0.091603,1.0651,4.642885,1867,3064,1197,1867,0,110.714,5,normal
1780594808.2455633,17.656199799996102,17828,0.045654,0.00293,1.059326,0.251908,3.519084,-1.267176,1.060313,3.748752,1871,3070,1199,1871,0,107.57,0,normal
1780594808.2774968,17.68813319999026,17859,0.033447,-0.055664,1.047852,2.244275,2.076336,-0.572519,1.049862,3.110582,1873,3075,1202,1873,1,107.57,14,normal
1780594808.3074338,17.71807029999036,17890,0.038574,-0.007324,1.05542,2.030534,2.244275,-0.587786,1.05615,3.083072,1878,3082,1204,1878,0,107.57,0,normal
1780594808.3380966,17.748733000000357,17920,0.039062,0.005615,1.055908,0.587786,3.335878,-1.343511,1.056645,3.643981,1880,3086,1206,1880,0,107.57,1,normal
1780594808.3690784,17.779714799995418,17951,0.039795,-0.067627,1.049561,2.114504,3.152672,-0.564886,1.05249,3.837911,1882,3091,1209,1882,1,107.57,14,normal
1780594808.401138,17.8117743999901,17983,0.037598,-0.000488,1.050049,0.923664,2.633588,-0.770992,1.050722,2.895405,1887,3098,1211,1887,0,107.57,0,normal
1780594808.4329393,17.843575699997018,18014,0.028564,-0.045898,1.053467,1.244275,2.877863,-1.274809,1.054853,3.38459,1888,3100,1212,1888,0,107.57,5,normal
1780594808.4643075,17.874943999995594,18046,0.053223,-0.035645,1.059814,2.603053,2.534351,-0.381679,1.061748,3.653013,1892,3106,1214,1892,0,107.57,5,normal
1780594808.496746,17.907382399993367,18078,0.041748,-0.015625,1.05249,0.51145,3.603053,-1.320611,1.053434,3.87138,1896,3112,1216,1896,0,100.0,0,normal
1780594808.5275493,17.938185799997882,18109,0.041504,-0.068115,1.046631,2.320611,2.748092,-0.396947,1.049666,3.618675,1898,3117,1219,1898,1,100.0,13,normal
1780594808.557923,17.96855940000387,18140,0.04248,0.020752,1.043701,1.48855,2.320611,-0.603053,1.044771,2.822178,1901,3122,1221,1901,0,100.0,0,normal
1780594808.589394,18.000030600000173,18171,0.036133,-0.061279,1.051758,0.358779,2.854962,-1.076336,1.054161,3.072137,1903,3126,1223,1903,0,100.0,0,normal
1780594808.6203792,18.031015699991258,18202,0.05249,-0.02124,1.059814,3.664122,3.412214,-0.030534,1.061326,5.006988,1907,3132,1225,1907,0,100.0,5,normal
1780594808.6516151,18.06225160000031,18233,0.057617,0.007324,1.050781,0.427481,3.374046,-1.007634,1.052385,3.547147,1911,3138,1227,1911,0,100.0,0,normal
1780594808.681913,18.09254929999588,18264,0.055664,-0.034668,1.055664,2.022901,2.59542,-0.59542,1.057699,3.344078,1913,3143,1230,1913,1,100.0,13,normal
1780594808.7138479,18.124484400002984,18295,0.021484,-0.033447,1.045898,2.21374,2.21374,-0.290076,1.046654,3.144111,1917,3148,1231,1917,0,100.0,5,normal
1780594808.7433324,18.153968899991014,18326,0.049316,0.002197,1.06958,0.824427,2.984733,-1.251908,1.070719,3.339998,1919,3152,1233,1919,0,100.0,0,normal
1780594808.7765908,18.18722720000369,18357,0.060059,-0.052002,1.056641,2.977099,2.641221,-0.198473,1.059623,3.984791,1921,3157,1236,1921,1,89.606,13,normal
1780594808.8067465,18.217382999995607,18388,0.050781,0.022217,1.046143,1.152672,2.778626,-0.282443,1.04761,3.021455,1926,3164,1238,1926,0,89.606,1,normal
1780594808.836798,18.247434299992165,18419,0.045166,-0.05957,1.052246,0.946565,2.740458,-1.076336,1.054898,3.092668,1928,3168,1240,1928,0,89.606,0,normal
1780594808.8673356,18.277971999996225,18450,0.051758,-0.020752,1.058838,3.29771,3.480916,-0.145038,1.060305,4.797156,1932,3174,1242,1932,0,89.606,6,normal
1780594808.9067516,18.317387999995844,18480,0.038818,-0.000488,1.054199,-0.045802,3.503817,-1.236641,1.054914,3.715927,1935,3178,1243,1935,0,89.606,6,normal
1780594808.9298663,18.34050269999716,18511,0.05957,-0.039307,1.049805,1.832061,2.900763,-0.70229,1.052228,3.502012,1937,3182,1245,1937,0,89.606,0,normal
1780594808.959123,18.369759399996838,18542,0.05127,-0.034424,1.070801,2.503817,2.480916,-0.427481,1.07258,3.550603,1942,3188,1246,1942,0,89.606,5,normal
1780594808.9903145,18.400950800001738,18572,0.050049,0.023438,1.057129,0.610687,3.839695,-0.832061,1.058572,3.975993,1946,3194,1248,1946,0,89.606,0,normal
1780594809.0221937,18.432829999990645,18603,0.047607,-0.038574,1.043457,2.022901,2.625954,-0.458015,1.045254,3.346273,1948,3199,1251,1948,1,89.606,13,normal
1780594809.0512612,18.461897699991823,18634,0.04834,0.000244,1.04834,2.0,2.083969,-0.328244,1.049454,2.907004,1953,3206,1253,1953,0,115.523,1,normal
1780594809.083446,18.494082399993204,18665,0.0354,-0.034424,1.059814,0.801527,3.10687,-1.480916,1.060964,3.533865,1954,3208,1254,1954,0,115.523,6,normal
1780594809.1130812,18.523717599993688,18696,0.0625,-0.0354,1.054932,3.038168,3.572519,-0.267176,1.057374,4.697312,1957,3213,1256,1957,1,115.523,13,normal
1780594809.144379,18.5550152999931,18727,0.049316,0.006348,1.050537,0.312977,3.167939,-0.725191,1.051713,3.264918,1962,3220,1258,1962,0,115.523,1,normal
1780594809.1770267,18.58766319999995,18758,0.033936,-0.037354,1.060791,1.717557,2.687023,-1.007634,1.061991,3.344461,1964,3224,1260,1964,0,115.523,0,normal
1780594809.2079284,18.618564899996272,18790,0.047607,-0.035645,1.052002,2.305344,2.450382,-0.175573,1.053682,3.368947,1969,3231,1262,1969,0,115.523,3,normal
1780594809.2396007,18.650237099995138,18822,0.039795,-0.003662,1.071533,0.351145,2.877863,-1.29771,1.072278,3.176389,1972,3236,1264,1972,0,115.523,1,normal
1780594809.2700303,18.68066679999174,18852,0.04834,-0.07251,1.046875,2.015267,2.870229,-0.442748,1.050496,3.534904,1973,3239,1266,1973,1,115.523,17,normal
1780594809.301121,18.711757500001113,18883,0.041016,0.012939,1.054199,1.839695,2.496183,-0.412214,1.055076,3.12815,1978,3246,1268,1978,0,115.523,0,normal
1780594809.331933,18.742569499998353,18914,0.031738,-0.048828,1.050781,0.396947,2.900763,-1.358779,1.052394,3.227735,1980,3250,1270,1980,0,96.429,0,normal
1780594809.3616686,18.77230509999208,18945,0.045898,-0.020264,1.04834,3.59542,3.725191,-0.007634,1.04954,5.177273,1984,3256,1272,1984,0,96.429,6,normal
1780594809.392342,18.80297839999548,18975,0.047119,0.005615,1.050781,0.541985,3.045802,-0.824427,1.051852,3.201615,1988,3262,1274,1988,0,96.429,1,normal
1780594809.424648,18.83528449998994,19006,0.041992,-0.043945,1.049561,1.503817,2.832061,-0.763359,1.051319,3.296172,1990,3266,1276,1990,0,96.429,0,normal
1780594809.455965,18.866601499990793,19037,0.044189,-0.032227,1.069336,2.572519,3.229008,-0.061069,1.070734,4.128932,1995,3272,1277,1995,0,96.429,6,normal
1780594809.4863787,18.89701519999653,19068,0.053955,0.028809,1.059326,0.358779,3.900763,-0.977099,1.06109,4.037252,1999,3278,1279,1999,0,96.429,1,normal
1780594809.5177186,18.928354999996372,19099,0.037842,-0.061768,1.039795,2.236641,2.832061,-0.351145,1.042315,3.625802,2001,3283,1282,2001,1,96.429,14,normal
1780594809.5482104,18.958846699999413,19131,0.033203,0.013916,1.047119,1.778626,2.40458,-0.450382,1.047738,3.024626,2006,3290,1284,2006,0,96.429,0,normal
1780594809.5806177,18.991254099993967,19162,0.030029,-0.054443,1.048096,0.59542,2.748092,-1.145038,1.049938,3.036058,2008,3294,1286,2008,0,96.429,1,normal
1780594809.611076,19.021712499990826,19193,0.049316,-0.022949,1.056885,3.580153,3.534351,0.053435,1.058284,5.031102,2012,3300,1288,2012,0,114.695,6,normal
1780594809.642042,19.052678399995784,19224,0.035645,-0.004883,1.049805,-0.053435,3.335878,-1.206107,1.050421,3.547623,2016,3306,1290,2016,0,114.695,0,normal
1780594809.6738155,19.084451899994747,19255,0.061279,-0.040039,1.051758,2.435115,2.473282,-0.687023,1.054302,3.538207,2018,3311,1293,2018,1,114.695,14,normal
1780594809.7058935,19.116529899998568,19287,0.022461,-0.001221,1.044922,2.396947,2.465649,-0.343511,1.045164,3.455832,2023,3318,1295,2023,0,114.695,0,normal
1780594809.7353466,19.145982999994885,19318,0.040771,-0.001709,1.056885,0.236641,3.656489,-0.946565,1.057672,3.784428,2025,3322,1297,2025,0,114.695,1,normal
1780594809.7676473,19.17828369999188,19349,0.060059,-0.020508,1.060547,3.10687,2.633588,-0.083969,1.062444,4.073755,2027,3327,1300,2027,1,114.695,14,normal
1780594809.7973175,19.2079539999977,19380,0.048584,-0.005127,1.049072,0.480916,2.732824,-0.694656,1.050209,2.860447,2032,3334,1302,2032,0,114.695,0,normal
1780594809.8281467,19.23878319999494,19411,0.039307,-0.041016,1.053467,1.29771,2.534351,-1.312977,1.054997,3.135426,2034,3338,1304,2034,0,114.695,1,normal
1780594809.8603935,19.27102990000276,19442,0.061523,-0.028809,1.066162,2.519084,3.145038,-0.358779,1.068324,4.045463,2038,3344,1306,2038,0,114.695,6,normal
1780594809.8919873,19.30262380000204,19474,0.049072,0.018066,1.062256,0.007634,3.816794,-0.534351,1.063542,3.854025,2042,3350,1308,2042,0,106.762,0,normal
1780594809.9233449,19.333981199990376,19505,0.032227,-0.068848,1.047852,2.152672,2.442748,-0.633588,1.050605,3.316994,2044,3355,1311,2044,1,106.762,13,normal
1780594809.954737,19.365373299995554,19536,0.038818,-0.009766,1.047607,1.572519,2.503817,-0.442748,1.048372,2.989639,2049,3362,1313,2049,0,106.762,0,normal
1780594809.985172,19.39580849999038,19567,0.041992,-0.049316,1.065674,0.267176,2.946565,-1.625954,1.06764,3.375997,2051,3366,1315,2051,0,106.762,0,normal
1780594810.0164545,19.427090899989707,19598,0.055908,-0.026367,1.05249,3.236641,3.167939,-0.122137,1.054304,4.530629,2054,3371,1317,2054,1,106.762,14,normal
1780594810.047215,19.457851300001494,19629,0.039551,0.009521,1.05127,0.083969,3.335878,-1.541985,1.052056,3.675983,2059,3378,1319,2059,0,106.762,0,normal
1780594810.0787652,19.489401600003475,19660,0.046631,-0.054199,1.040772,1.885496,2.778626,-0.709924,1.043224,3.432178,2061,3382,1321,2061,0,106.762,1,normal
1780594810.1099958,19.520632200001273,19691,0.038818,-0.031982,1.055664,2.343511,3.083969,-0.480916,1.056862,3.9031,2066,3388,1322,2066,0,106.762,5,normal
1780594810.1419537,19.552590099992813,19723,0.049072,-0.021484,1.062256,0.572519,3.083969,-1.145038,1.063606,3.339125,2070,3394,1324,2070,0,106.762,0,normal
1780594810.1744404,19.585076699993806,19755,0.047607,-0.028564,1.051514,3.122137,3.78626,-0.160305,1.052978,4.910112,2072,3399,1327,2072,1,106.762,13,normal
1780594810.2050147,19.615651100000832,19787,0.047852,-0.003418,1.051025,-0.198473,3.473282,-1.282443,1.05212,3.707795,2077,3406,1329,2077,0,106.762,1,normal
1780594810.2372315,19.647868000000017,19818,0.04834,-0.045654,1.050293,2.160305,2.549618,-0.549618,1.052395,3.386673,2079,3411,1332,2079,1,106.762,14,normal
1780594810.267621,19.678257499996107,19850,0.039062,-0.030762,1.058838,2.320611,2.717557,-0.183206,1.060005,3.578256,2084,3418,1334,2084,0,106.762,1,normal
1780594810.2978976,19.708533900004113,19881,0.040283,0.005127,1.061768,0.618321,3.610687,-1.259542,1.062544,3.873736,2086,3422,1336,2086,0,106.762,1,normal
1780594810.3292625,19.739898999992874,19912,0.064941,-0.052734,1.054688,2.954198,3.664122,0.061069,1.058,4.707102,2088,3427,1339,2088,1,106.762,14,normal
1780594810.3604631,19.771099499994307,19943,0.056396,0.020996,1.056641,0.832061,2.312977,-1.030534,1.058353,2.665368,2093,3434,1341,2093,0,106.762,0,normal
1780594810.3920321,19.80266849999316,19974,0.041748,-0.057373,1.05249,1.129771,2.496183,-1.442748,1.054879,3.096584,2094,3436,1342,2094,0,106.762,6,normal
1780594810.4230068,19.833643099991605,20005,0.039551,-0.039062,1.061035,2.89313,3.229008,0.076336,1.06249,4.336188,2098,3442,1344,2098,0,104.0,6,normal
1780594810.4550092,19.86564570000337,20037,0.046387,0.014893,1.057373,0.221374,3.671756,-0.862595,1.058495,3.77821,2102,3448,1346,2102,0,104.0,0,normal
1780594810.4863927,19.89702920000127,20068,0.036133,-0.070068,1.052002,2.244275,2.496183,-0.931298,1.054952,3.483535,2104,3453,1349,2104,1,104.0,13,normal
1780594810.516811,19.927447399997618,20099,0.039551,0.003662,1.048584,1.961832,2.320611,-0.29771,1.049336,3.053302,2109,3460,1351,2109,0,104.0,0,normal
1780594810.5467699,19.95740630000364,20129,0.053711,0.002686,1.070068,0.244275,3.748092,-0.923664,1.071419,3.867947,2111,3464,1353,2111,0,104.0,0,normal
1780594810.5780964,19.988732800004072,20160,0.058594,-0.033447,1.05957,3.061069,3.557252,-0.145038,1.061716,4.695234,2113,3469,1356,2113,1,104.0,14,normal
1780594810.6093955,20.020031899999594,20191,0.055664,0.000977,1.043213,0.770992,2.51145,-0.740458,1.044697,2.729485,2118,3476,1358,2118,0,104.0,0,normal
1780594810.6399808,20.050617200002307,20222,0.037842,-0.044189,1.056885,1.267176,2.328244,-1.29771,1.058485,2.951357,2120,3480,1360,2120,0,104.0,0,normal
1780594810.6691225,20.07975879999867,20252,0.037598,-0.021484,1.065674,3.167939,3.70229,0.061069,1.066553,4.87304,2124,3486,1362,2124,0,104.0,5,normal
1780594810.7004395,20.111075900000287,20282,0.047852,-0.005371,1.053467,0.282443,3.458015,-1.19084,1.054567,3.668207,2128,3492,1364,2128,0,108.303,0,normal
1780594810.7323353,20.14297179999994,20313,0.051514,-0.032715,1.049805,2.221374,2.534351,-0.908397,1.051577,3.490362,2130,3497,1367,2130,1,108.303,14,normal
1780594810.7638729,20.17450939999253,20345,0.036377,-0.033691,1.05249,2.259542,2.526718,-0.183206,1.053657,3.394613,2135,3504,1369,2135,0,108.303,1,normal
1780594810.7951422,20.20577859999321,20377,0.036377,-0.04126,1.057129,0.526718,3.045802,-1.343511,1.058559,3.370365,2137,3508,1371,2137,0,108.303,0,normal
1780594810.8266325,20.237268900003983,20408,0.054932,-0.019531,1.056885,3.648855,3.389313,0.0,1.058492,4.980119,2140,3513,1373,2140,1,108.303,14,normal
1780594810.8573654,20.268001699994784,20439,0.045166,-0.002441,1.055176,0.450382,3.015267,-1.160305,1.056145,3.262053,2145,3520,1375,2145,0,108.303,0,normal
1780594810.889279,20.29991539999901,20470,0.022949,-0.030029,1.046875,1.442748,2.931298,-0.977099,1.047557,3.410096,2147,3524,1377,2147,0,108.303,0,normal
1780594810.9193997,20.330036200000905,20501,0.043213,-0.0354,1.068848,2.320611,3.419847,-0.305344,1.070306,4.144131,2152,3530,1378,2152,0,108.303,6,normal
1780594810.9635613,20.374197800003458,20532,0.044678,0.001465,1.061523,0.061069,3.725191,-0.694656,1.062464,3.789898,2154,3534,1380,2154,0,104.0,0,normal
1780594810.981257,20.39189329999499,20563,0.032715,-0.072021,1.036133,1.854962,2.48855,-0.480916,1.039148,3.140867,2156,3539,1383,2156,1,104.0,14,normal
1780594811.0123427,20.422978999995394,20594,0.036865,0.00708,1.05249,1.854962,2.045802,-0.29771,1.05316,2.777556,2161,3546,1385,2161,0,104.0,0,normal
1780594811.0435183,20.454154799997923,20625,0.047607,-0.03833,1.059326,0.679389,2.854962,-0.908397,1.061088,3.072062,2163,3550,1387,2163,0,104.0,0,normal
1780594811.0734394,20.484075799991842,20656,0.042725,-0.018311,1.05542,3.343511,3.183206,0.007634,1.056443,4.616484,2166,3555,1389,2166,1,104.0,14,normal
1780594811.1036265,20.514262999990024,20687,0.032959,-0.001221,1.041748,0.793893,2.908397,-1.0,1.04227,3.176325,2170,3560,1390,2170,0,104.0,6,normal
1780594811.1344995,20.54513600000064,20716,0.037842,-0.047119,1.060303,0.847328,2.328244,-1.442748,1.062024,2.86709,2172,3564,1392,2172,0,104.0,1,normal
1780594811.164758,20.57539430000179,20747,0.049072,-0.021729,1.066162,3.290076,3.480916,0.030534,1.067512,4.789814,2176,3570,1394,2176,0,104.0,5,normal
1780594811.1962237,20.606860200001393,20778,0.058594,-0.019043,1.054443,0.328244,3.458015,-1.022901,1.056242,3.621041,2180,3576,1396,2180,0,104.0,0,normal
1780594811.2283788,20.639015299995663,20809,0.05957,-0.038574,1.049805,2.465649,2.114504,-0.656489,1.052201,3.313839,2182,3581,1399,2182,1,101.083,13,normal
1780594811.2596667,20.67030299999169,20841,0.036621,-0.003418,1.056396,1.412214,2.366412,-0.496183,1.057036,2.800081,2187,3588,1401,2187,0,101.083,1,normal
1780594811.2896442,20.700280599994585,20872,0.038818,-0.012451,1.060547,0.374046,3.40458,-1.152672,1.06133,3.613825,2188,3590,1402,2188,0,101.083,6,normal
1780594811.3222294,20.73286589999043,20903,0.058838,-0.019775,1.054688,2.969466,3.824427,-0.030534,1.056512,4.841994,2190,3595,1405,2190,1,101.083,13,normal
1780594811.3520846,20.762721099992632,20934,0.053955,-0.004639,1.047119,0.51145,2.572519,-1.114504,1.048519,2.849834,2195,3602,1407,2195,0,101.083,1,normal
1780594811.3842206,20.794857100001536,20965,0.037109,-0.038086,1.046631,1.557252,2.335878,-1.274809,1.047981,3.083261,2197,3606,1409,2197,0,101.083,0,normal
1780594811.414403,20.82503929999075,20996,0.041016,-0.041992,1.062744,2.480916,3.335878,-0.21374,1.064364,4.162777,2201,3612,1411,2201,0,101.083,6,normal
1780594811.4446917,20.85532799999055,21027,0.039551,0.024902,1.069824,0.427481,3.656489,-0.885496,1.070845,3.78639,2205,3618,1413,2205,0,101.083,1,normal
1780594811.4776576,20.88829390000319,21058,0.030518,-0.057861,1.04541,2.145038,2.526718,-0.633588,1.047455,3.374452,2206,3621,1415,2206,1,101.083,17,normal
1780594811.50772,20.91835639999772,21090,0.038818,-0.000244,1.046875,1.816794,2.366412,-0.541985,1.047594,3.032226,2211,3628,1417,2211,0,103.203,0,normal
1780594811.5396247,20.95026109999162,21121,0.049316,-0.04541,1.052978,0.847328,2.839695,-1.198473,1.05511,3.196587,2213,3632,1419,2213,0,103.203,0,normal
1780594811.570249,20.980885600001784,21152,0.04541,-0.014648,1.056396,3.480916,3.305344,-0.175573,1.057473,4.803426,2217,3638,1421,2217,0,103.203,6,normal
1780594811.6014225,21.01205900000059,21183,0.039307,-0.004639,1.041992,0.19084,2.664122,-1.160305,1.042744,2.912091,2219,3642,1423,2219,0,103.203,0,normal
1780594811.6331904,21.043826900000568,21214,0.046143,-0.048828,1.049072,2.183206,2.503817,-0.694656,1.051221,3.393823,2221,3647,1426,2221,1,103.203,14,normal
1780594811.6638117,21.074448200000916,21245,0.044434,-0.02832,1.056885,2.076336,2.603053,-0.206107,1.058197,3.336096,2226,3654,1428,2226,0,103.203,0,normal
1780594811.6941235,21.10476000000199,21276,0.061768,-0.002197,1.063477,0.48855,3.832061,-0.931298,1.065271,3.97375,2228,3658,1430,2228,0,103.203,1,normal
1780594811.725256,21.135892499994952,21307,0.057129,-0.073975,1.054443,2.412214,2.885496,-0.358779,1.058578,3.77804,2230,3663,1433,2230,1,103.203,14,normal
1780594811.7562697,21.166906099999323,21338,0.045654,-0.006104,1.048584,1.358779,2.847328,-0.687023,1.049595,3.228863,2234,3668,1434,2234,0,103.203,6,normal
1780594811.7868915,21.19752800000424,21369,0.041992,-0.040527,1.067383,1.091603,2.70229,-1.244275,1.068977,3.168941,2236,3672,1436,2236,0,89.606,1,normal
1780594811.818322,21.228958399995463,21400,0.040771,-0.018555,1.058594,3.137405,3.862595,-0.244275,1.059541,4.98223,2240,3678,1438,2240,0,89.606,5,normal
1780594811.8496804,21.260316799991415,21432,0.057861,-0.001953,1.052002,0.251908,3.801527,-0.938931,1.053594,3.923857,2244,3684,1440,2244,0,89.606,0,normal
1780594811.8803253,21.290961799997604,21462,0.045166,-0.041992,1.0625,2.435115,2.694656,-0.664122,1.064288,3.692156,2246,3689,1443,2246,1,89.606,14,normal
1780594811.9121253,21.322761699993862,21493,0.045654,-0.036621,1.052978,1.80916,2.877863,-0.358779,1.054604,3.418168,2251,3696,1445,2251,0,89.606,0,normal
1780594811.9429572,21.35359349999635,21525,0.0354,-0.025635,1.056152,0.389313,3.122137,-1.29771,1.057056,3.403433,2252,3698,1446,2252,0,89.606,5,normal
1780594811.975143,21.385779399992316,21556,0.048584,-0.052002,1.047852,2.847328,3.045802,-0.335878,1.050265,4.182942,2254,3703,1449,2254,1,89.606,14,normal
1780594812.0060444,21.416680900001666,21587,0.044922,0.022705,1.053711,0.694656,2.625954,-0.816794,1.054912,2.83643,2259,3710,1451,2259,0,89.606,0,normal
1780594812.036217,21.446853300003568,21618,0.025146,-0.052734,1.060791,1.183206,2.312977,-1.435114,1.062399,2.968062,2261,3714,1453,2261,0,89.606,1,normal
1780594812.0681508,21.478787100000773,21649,0.051758,-0.038086,1.066162,2.816794,3.206107,0.29771,1.068097,4.278093,2264,3720,1456,2264,0,100.0,6,normal
1780594812.09852,21.509156500003883,21680,0.060303,0.012207,1.054688,0.442748,3.526718,-0.78626,1.05648,3.640325,2268,3726,1458,2268,0,100.0,0,normal
1780594812.130789,21.54142549999233,21712,0.037354,-0.063232,1.042236,2.030534,2.748092,-0.717557,1.044821,3.491413,2269,3729,1460,2269,1,100.0,18,normal
1780594812.1608768,21.57151320000412,21743,0.04248,0.000732,1.043457,1.854962,2.290076,-0.580153,1.044322,3.00365,2274,3736,1462,2274,0,100.0,0,normal
1780594812.1929402,21.603576699999394,21774,0.029297,-0.039062,1.05127,0.396947,2.78626,-1.343511,1.052403,3.118626,2276,3740,1464,2276,0,100.0,1,normal
1780594812.222636,21.633272499995655,21805,0.044434,-0.022461,1.047852,3.236641,3.274809,0.007634,1.049034,4.604376,2279,3745,1466,2279,1,100.0,14,normal
1780594812.2535317,21.664168100003735,21836,0.040283,-0.007324,1.041504,0.351145,2.938931,-1.259542,1.042308,3.216685,2284,3752,1468,2284,0,100.0,0,normal
1780594812.2852533,21.695889599999646,21867,0.056641,-0.05127,1.048828,1.839695,2.427481,-0.984733,1.051607,3.201068,2286,3756,1470,2286,0,100.0,1,normal
1780594812.3167908,21.727427299992996,21898,0.047119,-0.030029,1.061035,2.19084,3.038168,-0.40458,1.062505,3.767483,2291,3762,1471,2291,0,100.0,5,normal
1780594812.3470037,21.757640099996934,21929,0.057373,-0.001465,1.067383,0.320611,4.099236,-1.045802,1.068925,4.242668,2295,3768,1473,2295,0,110.714,0,normal
1780594812.3784478,21.789084299991373,21960,0.030762,-0.061035,1.041016,2.091603,2.480916,-0.526718,1.043257,3.287428,2297,3773,1476,2297,1,110.714,13,normal
1780594812.4089437,21.81958009999653,21991,0.034668,0.006836,1.048584,1.496183,2.312977,-0.030534,1.049179,2.754879,2302,3780,1478,2302,0,110.714,0,normal
1780594812.4406536,21.851289999991423,22022,0.033447,-0.035156,1.060303,0.961832,2.671756,-1.167939,1.061412,3.07042,2304,3784,1480,2304,0,110.714,0,normal
1780594812.4722152,21.882851699992898,22053,0.043945,-0.02124,1.049316,3.374046,3.694656,0.137405,1.050451,5.005352,2307,3789,1482,2307,1,110.714,14,normal
1780594812.5020986,21.91273499999079,22084,0.045654,-0.008301,1.043457,0.061069,3.114504,-1.022901,1.044488,3.278748,2312,3796,1484,2312,0,110.714,0,normal
1780594812.532925,21.943561199994292,22115,0.061035,-0.049316,1.05957,1.80916,3.137405,-1.0,1.062472,3.757176,2314,3800,1486,2314,0,110.714,1,normal
1780594812.564593,21.975229499992565,22146,0.057129,-0.028076,1.062744,2.320611,2.824427,-0.206107,1.064649,3.661298,2318,3806,1488,2318,0,110.714,5,normal
1780594812.5950034,22.00563990000228,22177,0.053223,-0.003174,1.068848,0.755725,3.740458,-1.038168,1.070177,3.954736,2322,3812,1490,2322,0,110.714,0,normal
1780594812.626881,22.037517399992794,22208,0.038574,-0.069092,1.031494,2.145038,2.778626,-0.427481,1.034525,3.536197,2324,3817,1493,2324,1,103.943,13,normal
1780594812.6564014,22.06703779999225,22239,0.025635,0.008545,1.04248,1.618321,2.450382,-0.496183,1.042831,2.978176,2329,3824,1495,2329,0,103.943,1,normal
1780594812.687653,22.098289499990642,22270,0.032471,-0.039307,1.050781,0.793893,2.381679,-1.145038,1.052017,2.759307,2331,3828,1497,2331,0,103.943,0,normal
1780594812.7195945,22.1302308000013,22301,0.044922,-0.020752,1.049072,2.969466,3.145038,0.053435,1.050239,4.32572,2334,3833,1499,2334,1,103.943,13,normal
1780594812.7494793,22.16011559999606,22332,0.03418,-0.01001,1.037598,0.229008,2.633588,-1.328244,1.038209,2.958456,2339,3840,1501,2339,0,103.943,1,normal
1780594812.7870662,22.197702599994955,22368,0.033936,-0.038818,1.053467,1.900763,2.847328,-0.961832,1.054728,3.556023,2342,3846,1504,2342,0,103.943,1,normal
1780594812.818691,22.22932739999669,22400,0.044189,-0.01123,1.046387,0.183206,3.061069,-0.931298,1.04738,3.204844,2346,3852,1506,2346,0,103.943,0,normal
1780594812.8498201,22.26045649999287,22431,0.048584,-0.042969,1.050781,2.167939,3.053435,-0.732824,1.052781,3.815817,2348,3857,1509,2348,1,103.943,14,normal
1780594812.88321,22.29384630000277,22463,0.036865,-0.014893,1.057617,1.648855,2.480916,-0.564886,1.058364,3.031957,2353,3864,1511,2353,0,113.725,0,normal
1780594812.913325,22.32396159999189,22495,0.044922,-0.033203,1.061279,0.618321,2.78626,-1.526718,1.062748,3.236731,2355,3868,1513,2355,0,113.725,1,normal
1780594812.9449995,22.355635799991433,22526,0.049561,-0.023682,1.054932,3.526718,3.21374,0.343511,1.056361,4.783708,2358,3873,1515,2358,1,113.725,14,normal
1780594812.9919796,22.402616099992883,22557,0.048584,-0.011719,1.045654,-0.015267,3.374046,-1.129771,1.046848,3.558202,2363,3880,1517,2363,0,113.725,0,normal
1780594813.0070815,22.417717899996205,22588,0.043945,-0.041016,1.049561,2.145038,2.267176,-1.274809,1.05128,3.371411,2365,3884,1519,2365,0,113.725,1,normal
1780594813.0376902,22.448326500001713,22619,0.042236,-0.033203,1.053711,2.389313,2.732824,-0.40458,1.05508,3.65251,2370,3890,1520,2370,0,113.725,5,normal
1780594813.0679913,22.478627799995593,22650,0.03833,0.006348,1.061279,0.687023,4.015268,-0.748092,1.06199,4.14174,2374,3896,1522,2374,0,113.725,0,normal
1780594813.099067,22.50970339999185,22681,0.029541,-0.067139,1.044678,2.038168,2.221374,-0.229008,1.04725,3.023421,2376,3901,1525,2376,1,113.725,13,normal
1780594813.1303391,22.54097560000082,22712,0.041748,0.005859,1.052246,1.51145,2.656489,-0.290076,1.05309,3.070107,2381,3908,1527,2381,0,113.725,1,normal
1780594813.1608026,22.571438999992097,22743,0.039307,-0.049316,1.056885,0.778626,2.396947,-0.961832,1.058765,2.697542,2383,3912,1529,2383,0,107.143,0,normal
1780594813.1927123,22.603348699994967,22774,0.058838,-0.01709,1.053467,3.061069,3.389313,0.10687,1.055247,4.56826,2386,3917,1531,2386,1,107.143,13,normal
1780594813.2224216,22.63305799999216,22805,0.041504,-0.00415,1.050293,0.465649,2.80916,-1.564886,1.051121,3.249166,2391,3924,1533,2391,0,107.143,0,normal
1780594813.255652,22.666288299995358,22836,0.052734,-0.042236,1.057373,2.412214,2.770992,-0.610687,1.059529,3.72426,2392,3927,1535,2392,1,107.143,17,normal
1780594813.2861164,22.696752899995772,22868,0.030273,-0.017334,1.043945,2.129771,2.679389,-0.274809,1.044528,3.43374,2397,3934,1537,2397,0,107.143,1,normal
1780594813.3177257,22.7283621999959,22900,0.036377,-0.03418,1.059814,0.519084,3.206107,-1.267176,1.060989,3.486302,2399,3938,1539,2399,0,107.143,0,normal
1780594813.3498015,22.76043799999752,22931,0.059082,-0.026855,1.055908,2.725191,3.793893,-0.236641,1.057901,4.67721,2402,3943,1541,2402,1,107.143,13,normal
1780594813.3798125,22.79044879999128,22962,0.049805,0.001465,1.042969,0.641221,2.763359,-0.946565,1.044158,2.990536,2407,3950,1543,2407,0,107.143,1,normal
1780594813.4112554,22.821891799991135,22993,0.030029,-0.043457,1.056396,1.717557,2.641221,-1.259542,1.057716,3.393007,2409,3954,1545,2409,0,104.0,0,normal
1780594813.4418774,22.852513899997575,23024,0.053467,-0.034912,1.06543,2.427481,3.038168,0.083969,1.067342,3.889753,2412,3958,1546,2412,0,104.0,6,normal
1780594813.4727561,22.883392499992624,23055,0.042725,0.031982,1.060547,0.290076,3.618321,-0.725191,1.061889,3.701661,2416,3964,1548,2416,0,104.0,1,normal
1780594813.5045135,22.91515000000072,23086,0.046143,-0.063477,1.043945,2.381679,2.541985,-0.541985,1.046891,3.525313,2418,3969,1551,2418,1,104.0,14,normal
1780594813.536122,22.946758499994758,23118,0.055664,0.001709,1.050293,1.748092,2.229008,-0.610687,1.051768,2.897799,2430,3982,1552,2430,0,104.0,1,normal
1780594813.5668902,22.977526599992416,23149,0.032471,-0.05835,1.051514,0.572519,2.396947,-1.328244,1.053632,2.799529,2432,3986,1554,2432,0,104.0,1,normal
1780594813.59801,23.0086464999913,23180,0.038086,-0.014893,1.052002,3.381679,3.305344,-0.236641,1.052796,4.734665,2436,3992,1556,2436,0,104.0,6,normal
1780594813.6291225,23.039758999992046,23211,0.047852,-0.009521,1.049805,0.244275,3.183206,-1.068702,1.050938,3.366689,2440,3998,1558,2440,0,104.0,0,normal
1780594813.6596246,23.070260899999994,23242,0.058594,-0.044922,1.048096,2.076336,2.740458,-0.671756,1.050693,3.503218,2442,4003,1561,2442,1,104.0,13,normal
1780594813.6921623,23.10279879999871,23273,0.041992,-0.033691,1.061279,2.091603,2.549618,-0.320611,1.062644,3.313329,2447,4010,1563,2447,0,135.714,0,normal
1780594813.722853,23.13348930000211,23305,0.035645,-0.008057,1.060303,0.603053,3.007634,-0.839695,1.060932,3.180349,2448,4012,1564,2448,0,135.714,5,normal
1780594813.754793,23.16542940000363,23336,0.058105,-0.06543,1.04834,3.015267,2.877863,-0.450382,1.051986,4.192466,2450,4017,1567,2450,1,135.714,14,normal
1780594813.7848077,23.195444099997985,23367,0.052002,0.000977,1.050537,0.938931,2.519084,-1.015267,1.051824,2.873698,2455,4024,1569,2455,0,135.714,0,normal
1780594813.816559,23.22719550000329,23398,0.04126,-0.041504,1.048584,1.748092,2.885496,-1.48855,1.050216,3.687505,2457,4028,1571,2457,0,135.714,1,normal
1780594813.8478732,23.258509699997376,23429,0.061279,-0.021729,1.060059,2.59542,2.954198,-0.030534,1.062051,3.932484,2460,4034,1574,2460,0,135.714,6,normal
1780594813.878584,23.289220299993758,23460,0.056396,0.021484,1.067871,0.267176,3.740458,-0.900763,1.069575,3.856654,2464,4040,1576,2464,0,135.714,0,normal
1780594813.9299316,23.34056799999962,23491,0.027344,-0.048828,1.041748,2.519084,2.396947,-0.709924,1.04325,3.548962,2465,4043,1578,2465,1,135.714,17,normal
1780594813.9401355,23.350771999990684,23522,0.022705,-0.004639,1.044678,1.503817,2.145038,-0.526718,1.044935,2.672094,2470,4050,1580,2470,0,135.714,0,normal
1780594813.9714017,23.382038199997623,23553,0.037842,-0.02417,1.063965,0.381679,2.48855,-1.038168,1.064912,2.723298,2472,4054,1582,2472,0,89.286,0,normal
1780594814.002572,23.41320860000269,23584,0.046631,-0.056641,1.057373,2.839695,3.167939,-0.221374,1.059915,4.26013,2474,4059,1585,2474,1,89.286,13,normal
1780594814.032707,23.443343299994012,23615,0.052734,-0.003906,1.044434,0.732824,2.541985,-1.068702,1.045771,2.853216,2479,4066,1587,2479,0,89.286,0,normal
1780594814.0649302,23.475566599998274,23646,0.035156,-0.037842,1.064941,1.633588,2.748092,-1.10687,1.066193,3.383161,2481,4070,1589,2481,0,89.286,0,normal
1780594814.0949159,23.505552200003876,23677,0.054688,-0.033447,1.0625,2.473282,3.167939,-0.099237,1.064432,4.0203,2484,4074,1590,2484,0,89.286,5,normal
1780594814.1263444,23.536980799995945,23708,0.048584,0.018799,1.070312,0.496183,3.496183,-1.427481,1.071579,3.808832,2488,4080,1592,2488,0,89.286,0,normal
1780594814.157526,23.568162399998982,23739,0.033447,-0.057373,1.044434,2.618321,2.48855,-0.328244,1.046543,3.627152,2490,4085,1595,2490,1,89.286,13,normal
1780594814.1886914,23.59932779999508,23770,0.024902,0.02002,1.052002,1.587786,2.435115,-0.40458,1.052487,2.935053,2495,4092,1597,2495,0,89.286,1,normal
1780594814.2189968,23.629633099990315,23801,0.032471,-0.033936,1.060303,0.664122,2.541985,-1.076336,1.061342,2.839233,2497,4096,1599,2497,0,89.286,0,normal
1780594814.2505221,23.661158599992632,23832,0.047852,-0.039795,1.047852,2.748092,3.465649,-0.496183,1.049698,4.450722,2500,4101,1601,2500,1,100.358,14,normal
1780594814.280727,23.69136339999386,23863,0.048584,0.004395,1.054932,0.549618,2.656489,-0.946565,1.056059,2.873151,2503,4106,1603,2503,0,100.358,0,normal
1780594814.3130126,23.723649099993054,23894,0.045166,-0.037109,1.052734,1.870229,2.755725,-1.076336,1.054356,3.50004,2505,4110,1605,2505,0,100.358,0,normal
1780594814.3431125,23.753748799994355,23925,0.06543,-0.032471,1.05957,2.633588,3.114504,-0.183206,1.062085,4.082828,2510,4116,1606,2510,0,100.358,6,normal
1780594814.3737478,23.784384300000966,23956,0.064453,0.008057,1.067871,0.465649,3.870229,-0.816794,1.069845,3.982795,2514,4122,1608,2514,0,100.358,1,normal
1780594814.4055068,23.81614319999062,23987,0.032715,-0.057861,1.046631,2.358779,2.725191,-0.374046,1.048739,3.623591,2516,4127,1611,2516,1,100.358,14,normal
1780594814.4353395,23.84597589999612,24018,0.023438,-0.000977,1.040772,1.435114,2.244275,-0.465649,1.041036,2.704284,2520,4132,1612,2520,0,100.358,6,normal
1780594814.4669375,23.877573899997515,24049,0.02124,-0.032715,1.057373,0.839695,2.854962,-1.343511,1.058092,3.265106,2522,4136,1614,2522,0,100.358,1,normal
1780594814.4980712,23.908707499998854,24080,0.055908,-0.025635,1.058838,2.847328,2.961832,-0.152672,1.060623,4.11133,2525,4141,1616,2525,1,100.358,14,normal
1780594814.5300667,23.940703200001735,24111,0.046631,-0.015625,1.040772,0.145038,3.099237,-1.152672,1.041933,3.309827,2530,4148,1618,2530,0,107.527,0,normal
1780594814.5609007,23.97153709999111,24143,0.043457,-0.038086,1.051514,2.351145,2.40458,-0.694656,1.0531,3.434012,2532,4153,1621,2532,1,107.527,13,normal
1780594814.5915487,24.0021851999918,24174,0.049316,-0.019287,1.05835,2.0,2.694656,-0.725191,1.059673,3.433231,2537,4160,1623,2537,0,107.527,0,normal
1780594814.6223276,24.032963999998174,24205,0.04541,0.006836,1.064941,0.916031,3.832061,-0.954198,1.065931,4.053924,2539,4164,1625,2539,0,107.527,1,normal
1780594814.6542149,24.06485129999055,24236,0.059814,-0.077637,1.048096,2.129771,3.137405,-0.21374,1.052668,3.798015,2541,4169,1628,2541,1,107.527,14,normal
1780594814.6845348,24.095171299995854,24267,0.050049,0.006104,1.053223,1.145038,2.679389,-0.877863,1.054429,3.04317,2546,4176,1630,2546,0,107.527,0,normal
1780594814.7169175,24.127553999991505,24298,0.035156,-0.050537,1.050049,0.877863,2.709924,-0.725191,1.051852,2.939427,2548,4180,1632,2548,0,107.527,1,normal
1780594814.7494326,24.160069099991233,24330,0.053467,-0.034424,1.067871,2.572519,3.801527,-0.229008,1.069763,4.595857,2552,4186,1634,2552,0,107.527,6,normal
1780594814.7800534,24.190689800001564,24362,0.057373,0.005859,1.063477,0.748092,3.717557,-0.946565,1.065039,3.908434,2556,4192,1636,2556,0,103.586,0,normal
1780594814.8111706,24.221807099995203,24393,0.036377,-0.067139,1.03125,2.229008,2.351145,-0.351145,1.034073,3.258782,2558,4197,1639,2558,1,103.586,13,normal
1780594814.8416855,24.252321899999515,24424,0.032471,0.00293,1.064209,1.534351,2.29771,-0.48855,1.064708,2.805777,2563,4204,1641,2563,0,103.586,0,normal
1780594814.8715248,24.282161299997824,24454,0.051514,0.004639,1.061035,0.305344,2.816794,-1.282443,1.062295,3.11002,2565,4208,1643,2565,0,103.586,1,normal
1780594814.903212,24.31384839999373,24485,0.056152,-0.03418,1.053955,2.51145,3.801527,-0.259542,1.056003,4.56359,2567,4213,1646,2567,1,103.586,14,normal
1780594814.9334686,24.34410509999725,24516,0.056396,0.007568,1.049316,0.717557,2.618321,-0.839695,1.050858,2.841756,2572,4220,1648,2572,0,103.586,0,normal
1780594814.964445,24.37508149999485,24547,0.037598,-0.061768,1.052978,1.648855,2.59542,-1.129771,1.055458,3.275868,2574,4224,1650,2574,0,103.586,1,normal
1780594814.996968,24.407604499996523,24578,0.044678,-0.022705,1.067139,2.763359,3.175573,-0.083969,1.068315,4.2104,2578,4230,1652,2578,0,103.586,5,normal
1780594815.0274575,24.438093999997363,24610,0.059082,0.0,1.068115,0.709924,3.564885,-1.129771,1.069748,3.806413,2582,4236,1654,2582,0,103.586,0,normal
1780594815.0601852,24.470821499999147,24641,0.037109,-0.069824,1.045898,2.145038,2.877863,-0.458015,1.048883,3.618434,2584,4241,1657,2584,1,100.358,13,normal
1780594815.0913625,24.501998899999307,24673,0.032715,0.01123,1.04834,0.770992,2.709924,-0.801527,1.04891,2.929259,2589,4248,1659,2589,0,100.358,1,normal
1780594815.1230023,24.533638799999608,24705,0.038574,-0.031494,1.046875,1.793893,2.763359,-1.328244,1.048059,3.552244,2591,4252,1661,2591,0,100.358,0,normal
1780594815.1545398,24.565176299991435,24736,0.048096,-0.030029,1.06665,2.78626,2.80916,-0.29771,1.068156,3.967777,2595,4258,1663,2595,0,100.358,6,normal
1780594815.185214,24.595850400000927,24768,0.050537,-0.004395,1.0625,0.633588,3.923664,-0.877863,1.06371,4.070285,2599,4264,1665,2599,0,100.358,0,normal
1780594815.2171304,24.62776689999737,24798,0.045166,-0.068848,1.035644,2.282443,2.923664,-0.603053,1.038913,3.757796,2601,4269,1668,2601,1,100.358,14,normal
1780594815.2476764,24.658312699990347,24830,0.047607,0.008789,1.043701,1.427481,2.580153,-0.572519,1.044823,3.003776,2606,4276,1670,2606,0,100.358,1,normal
1780594815.2789292,24.68956569999864,24861,0.03833,-0.057617,1.052978,0.763359,2.80916,-1.259542,1.05525,3.171836,2608,4280,1672,2608,0,100.358,0,normal
1780594815.3094807,24.72011699998984,24892,0.043701,-0.018555,1.058106,3.534351,3.251908,-0.167939,1.05917,4.8057,2612,4286,1674,2612,0,111.554,6,normal
1780594815.3396757,24.75031209998997,24922,0.0625,-0.005859,1.05249,0.076336,3.21374,-0.755725,1.054361,3.302283,2616,4292,1676,2616,0,111.554,1,normal
1780594815.370267,24.780903399994713,24952,0.04248,-0.046143,1.05249,1.167939,2.847328,-1.229008,1.054357,3.313883,2618,4296,1678,2618,0,111.554,0,normal
1780594815.4033406,24.813976899997215,24984,0.051758,-0.035645,1.055908,2.641221,3.045802,-0.129771,1.057777,4.033584,2622,4302,1680,2622,0,111.554,6,normal
1780594815.4329944,24.84363079999457,25015,0.049072,0.018555,1.060303,0.412214,3.80916,-1.122137,1.0616,3.992344,2626,4308,1682,2626,0,111.554,1,normal
1780594815.4649098,24.87554619999719,25046,0.032227,-0.052002,1.037842,2.274809,2.358779,-0.496183,1.039643,3.314331,2628,4313,1685,2628,1,111.554,14,normal
1780594815.4953454,24.90598179999506,25078,0.050781,0.008789,1.052246,1.870229,2.610687,-0.396947,1.053507,3.235894,2633,4320,1687,2633,0,111.554,0,normal
1780594815.5274885,24.93812489999982,25109,0.040771,-0.052734,1.060059,0.664122,2.374046,-1.282443,1.062152,2.778815,2635,4324,1689,2635,0,111.554,0,normal
1780594815.558499,24.9691354999959,25140,0.047607,-0.018066,1.056641,3.343511,3.450382,-0.10687,1.057867,4.80579,2639,4330,1691,2639,0,111.554,6,normal
1780594815.588133,24.99876960000256,25171,0.039062,0.0,1.041504,0.083969,3.396947,-1.076336,1.042236,3.564379,2641,4334,1693,2641,0,103.943,1,normal
1780594815.6212542,25.031890700003714,25202,0.047363,-0.038574,1.043457,2.618321,2.549618,-0.847328,1.045243,3.751549,2643,4339,1696,2643,1,103.943,14,normal
1780594815.6530957,25.063732099995832,25234,0.041992,-0.007324,1.04834,1.709924,2.625954,-0.717557,1.049206,3.21471,2648,4346,1698,2648,0,103.943,0,normal
1780594815.6825871,25.093223499992746,25265,0.052246,-0.014404,1.072998,0.412214,2.862595,-1.030534,1.074366,3.07024,2650,4350,1700,2650,0,103.943,1,normal
1780594815.713281,25.123917299992172,25295,0.061523,-0.065918,1.05127,2.312977,2.954198,-0.076336,1.055129,3.75273,2652,4355,1703,2652,1,103.943,14,normal
1780594815.745706,25.156342399990535,25327,0.047363,-0.000244,1.035889,0.343511,2.816794,-1.206107,1.036971,3.083346,2656,4360,1704,2656,0,103.943,6,normal
1780594815.7811885,25.191824900000938,25358,0.031494,-0.047119,1.050293,1.603053,2.625954,-1.21374,1.051821,3.307352,2658,4364,1706,2658,0,103.943,1,normal
1780594815.8075404,25.21817690000171,25389,0.036865,-0.017578,1.062012,2.687023,3.48855,-0.40458,1.062797,4.421963,2662,4370,1708,2662,0,103.943,6,normal
1780594815.8385932,25.249229599998216,25421,0.04541,0.014648,1.055176,0.305344,3.671756,-0.89313,1.056254,3.791135,2666,4376,1710,2666,0,100.0,0,normal
1780594815.870606,25.281242299999576,25452,0.040283,-0.061768,1.046631,2.21374,2.51145,-0.274809,1.049225,3.359099,2667,4379,1712,2667,1,100.0,16,normal
1780594815.9018083,25.312444800001686,25483,0.034912,0.007324,1.043457,1.625954,2.122137,-0.534351,1.044067,2.726302,2672,4386,1714,2672,0,100.0,0,normal
1780594815.931757,25.342393400002038,25514,0.018555,-0.04126,1.051514,0.793893,2.70229,-1.389313,1.052486,3.140514,2674,4390,1716,2674,0,100.0,0,normal
1780594815.961857,25.372493399991072,25544,0.059082,-0.059082,1.05542,2.572519,3.29771,-0.068702,1.058722,4.182997,2676,4395,1719,2676,1,100.0,14,normal
1780594815.9925213,25.40315759999794,25575,0.045654,-0.001709,1.046875,0.458015,2.603053,-0.916031,1.047872,2.79728,2681,4402,1721,2681,0,100.0,0,normal
1780594816.0241435,25.434779999995953,25605,0.03418,-0.074951,1.052246,0.824427,2.175573,-1.374046,1.055466,2.701999,2683,4406,1723,2683,0,100.0,1,normal
1780594816.0543358,25.464972300003865,25636,0.043457,-0.017822,1.053467,3.244275,3.045802,-0.007634,1.054513,4.449976,2686,4410,1724,2686,0,100.0,5,normal
1780594816.0856912,25.496327599990764,25667,0.047852,-0.006592,1.053955,-0.045802,3.709924,-1.053435,1.055061,3.856859,2690,4416,1726,2690,0,100.0,0,normal
1780594816.1175272,25.52816359999997,25698,0.054443,-0.030029,1.046143,2.496183,2.664122,-0.51145,1.047988,3.68647,2692,4421,1729,2692,1,93.863,13,normal
1780594816.14813,25.55876630000421,25730,0.047852,-0.002197,1.046387,1.938931,2.068702,-0.725191,1.047483,2.926582,2697,4428,1731,2697,0,93.863,0,normal
1780594816.1789541,25.589590499992482,25761,0.047607,-0.021484,1.058594,0.633588,2.59542,-0.832061,1.059881,2.798207,2699,4432,1733,2699,0,93.863,0,normal
1780594816.2102733,25.620909799996298,25792,0.063965,-0.05127,1.049316,2.961832,3.236641,-0.206107,1.052514,4.392126,2701,4437,1736,2701,1,93.863,14,normal
1780594816.2408097,25.65144619999046,25823,0.041504,-0.004883,1.046875,0.801527,2.740458,-0.908397,1.047709,2.996288,2704,4442,1738,2704,0,93.863,0,normal
1780594816.2725775,25.683214000004227,25854,0.031494,-0.037354,1.055908,1.748092,2.549618,-1.068702,1.057038,3.270856,2706,4446,1740,2706,0,93.863,1,normal
1780594816.3038595,25.714495799998986,25885,0.050049,-0.0271,1.06543,2.625954,3.435115,-0.290076,1.066949,4.333566,2710,4452,1742,2710,0,93.863,5,normal
1780594816.3352354,25.745871699997224,25917,0.043701,0.000732,1.072998,0.740458,3.282443,-1.137405,1.073888,3.551957,2714,4458,1744,2714,0,93.863,0,normal
1780594816.3662589,25.77689539999119,25948,0.041748,-0.063721,1.039551,2.259542,2.335878,-0.221374,1.042338,3.257432,2716,4463,1747,2716,1,96.0,13,normal
1780594816.3962433,25.806879800002207,25979,0.02832,0.007568,1.048584,1.48855,2.435115,-0.374046,1.048994,2.87845,2721,4470,1749,2721,0,96.0,0,normal
1780594816.428111,25.838747399990098,26009,0.053223,-0.021973,1.064453,0.610687,3.099237,-0.839695,1.066009,3.268531,2723,4474,1751,2723,0,96.0,1,normal
1780594816.4574373,25.868073799996637,26040,0.062012,-0.063477,1.062988,3.061069,2.793893,-0.259542,1.066686,4.15251,2725,4479,1754,2725,1,96.0,14,normal
1780594816.4876974,25.89833379999618,26070,0.050293,0.009521,1.045166,1.236641,2.916031,-0.671756,1.046419,3.237866,2730,4486,1756,2730,0,96.0,0,normal
1780594816.5196202,25.930256499996176,26101,0.037598,-0.065186,1.058838,0.755725,2.335878,-1.351145,1.061508,2.802327,2732,4490,1758,2732,0,96.0,1,normal
1780594816.5500834,25.960719800001243,26132,0.045166,-0.022705,1.059082,3.282443,3.59542,-0.21374,1.060288,4.873106,2736,4496,1760,2736,0,96.0,5,normal
1780594816.580469,25.99110539999674,26162,0.041748,0.001465,1.058106,0.21374,3.175573,-1.374046,1.05893,3.466692,2740,4502,1762,2740,0,96.0,0,normal
1780594816.6120954,26.022731699995347,26193,0.05127,-0.046631,1.050781,1.633588,2.671756,-0.916031,1.053064,3.262821,2742,4506,1764,2742,0,96.0,0,normal
1780594816.6435957,26.054232199996477,26224,0.04834,-0.027344,1.064209,2.175573,3.015267,-0.427481,1.065657,3.742685,2746,4512,1766,2746,0,108.696,6,normal
1780594816.6742637,26.084900200003176,26255,0.051025,0.024658,1.059326,0.427481,3.656489,-0.80916,1.060841,3.769269,2750,4518,1768,2750,0,108.696,1,normal
1780594816.7042422,26.11487869999837,26286,0.037842,-0.064941,1.042969,2.10687,2.862595,-0.519084,1.045674,3.592047,2752,4523,1771,2752,1,108.696,14,normal
1780594816.7374513,26.14808769999945,26318,0.054932,0.010986,1.048828,1.282443,2.687023,-0.603053,1.050323,3.037832,2757,4530,1773,2757,0,108.696,0,normal
1780594816.768485,26.179121399996802,26350,0.035645,-0.045898,1.046631,1.328244,2.618321,-1.305344,1.048243,3.21306,2759,4534,1775,2759,0,108.696,1,normal
1780594816.8167472,26.227383599994937,26381,0.040771,-0.030029,1.078369,2.664122,2.992366,-0.541985,1.079557,4.042963,2763,4540,1777,2763,0,108.696,6,normal
1780594816.8318288,26.242465299990727,26413,0.04834,0.019531,1.059082,0.427481,3.740458,-1.114504,1.060364,3.926307,2767,4546,1779,2767,0,108.696,1,normal
1780594816.862135,26.27277129999129,26444,0.042969,-0.075195,1.04541,2.091603,2.801527,-0.351145,1.048991,3.513781,2769,4551,1782,2769,1,108.696,14,normal
1780594816.8934739,26.304110400000354,26475,0.026367,0.005859,1.059082,1.465649,2.152672,-0.610687,1.059426,2.674894,2774,4558,1784,2774,0,111.554,0,normal
1780594816.925607,26.336243400000967,26506,0.034912,-0.035156,1.05957,0.916031,2.534351,-1.572519,1.060728,3.120074,2776,4562,1786,2776,0,111.554,1,normal
1780594816.9568808,26.367517199993017,26538,0.052979,-0.01001,1.067871,3.076336,3.473282,0.076336,1.069231,4.640405,2780,4568,1788,2780,0,111.554,5,normal
1780594816.9874196,26.398056099991663,26569,0.056396,-0.016113,1.043945,0.038168,3.335878,-1.091603,1.045592,3.510148,2783,4572,1789,2783,0,111.554,6,normal
1780594817.0205054,26.43114190000051,26601,0.042236,-0.057617,1.043457,2.244275,2.557252,-0.641221,1.0459,3.462293,2785,4577,1792,2785,1,111.554,14,normal
1780594817.0503287,26.46096509999188,26632,0.035889,-0.007324,1.053467,1.687023,2.633588,-0.641221,1.054103,3.192647,2790,4584,1794,2790,0,111.554,0,normal
1780594817.0811088,26.491745199993602,26663,0.050781,0.004639,1.065186,0.770992,3.389313,-1.137405,1.066405,3.657261,2792,4588,1796,2792,0,111.554,0,normal
1780594817.1127074,26.523343900000327,26694,0.058105,-0.035156,1.061768,2.763359,3.656489,-0.091603,1.063937,4.584152,2793,4591,1798,2793,1,111.554,17,normal
1780594817.142669,26.553305499997805,26725,0.054932,-0.001465,1.040283,0.603053,2.587786,-0.717557,1.041734,2.752308,2798,4598,1800,2798,0,96.0,0,normal
1780594817.1751442,26.585780599998543,26756,0.039551,-0.055176,1.058594,1.381679,2.160305,-1.312977,1.060768,2.880949,2800,4602,1802,2800,0,96.0,1,normal
1780594817.2060106,26.61664710000332,26787,0.039062,-0.033691,1.065674,2.374046,3.198473,-0.412214,1.066922,4.004528,2804,4608,1804,2804,0,96.0,5,normal
1780594817.23654,26.647176500002388,26818,0.040039,0.017334,1.065186,0.129771,3.587786,-1.198473,1.066079,3.78489,2808,4614,1806,2808,0,96.0,0,normal
1780594817.2675576,26.67819409999356,26849,0.050049,-0.054932,1.047607,2.389313,2.381679,-0.519084,1.05024,3.413306,2810,4619,1809,2810,1,96.0,14,normal
1780594817.2988424,26.70947879999585,26880,0.04248,-0.016602,1.040772,1.961832,2.618321,-0.664122,1.04177,3.33848,2813,4624,1811,2813,0,96.0,0,normal
1780594817.329237,26.73987350000243,26911,0.040039,0.00293,1.078857,0.641221,2.717557,-0.748092,1.079604,2.890661,2815,4628,1813,2815,0,96.0,1,normal
1780594817.3598614,26.77049779999652,26941,0.051514,-0.075928,1.048828,2.320611,2.412214,-0.21374,1.052834,3.354056,2817,4633,1816,2817,1,96.0,14,normal
1780594817.390829,26.801465600001393,26972,0.033936,0.01001,1.045166,1.19084,2.549618,-0.694656,1.045765,2.898482,2822,4640,1818,2822,0,96.0,0,normal
1780594817.422155,26.832791299995733,27003,0.031982,-0.05127,1.052978,1.29771,2.503817,-1.328244,1.054711,3.117272,2824,4644,1820,2824,0,93.525,1,normal
1780594817.4533386,26.86397500000021,27034,0.043213,-0.017578,1.060303,3.78626,3.793893,0.244275,1.061328,5.365544,2828,4650,1822,2828,0,93.525,5,normal
1780594817.483472,26.894108499996946,27065,0.055664,-0.010498,1.040039,-0.122137,3.557252,-0.89313,1.04158,3.669692,2830,4654,1824,2830,0,93.525,0,normal
1780594817.5154011,26.926037500001257,27096,0.058594,-0.042969,1.057129,2.381679,2.564885,-0.954198,1.059623,3.627882,2832,4659,1827,2832,1,93.525,13,normal
1780594817.545733,26.95636949999607,27127,0.045654,-0.030762,1.050781,2.198473,2.740458,-0.427481,1.052222,3.539228,2836,4665,1829,2836,0,93.525,3,normal
1780594817.5759318,26.986568199994508,27158,0.05249,-0.001709,1.071045,0.633588,3.656489,-1.015267,1.072332,3.847351,2839,4670,1831,2839,0,93.525,0,normal
1780594817.6083176,27.018953999999212,27189,0.050781,-0.085205,1.050537,1.938931,2.725191,-0.687023,1.055209,3.414399,2841,4675,1834,2841,1,93.525,14,normal
1780594817.6383402,27.048976599995513,27220,0.032715,-0.000244,1.042725,1.099237,2.671756,-0.793893,1.043238,2.996142,2846,4682,1836,2846,0,93.525,0,normal
1780594817.6706798,27.081316299998434,27251,0.025146,-0.041504,1.055176,0.916031,2.618321,-0.862595,1.056291,2.904959,2848,4686,1838,2848,0,93.525,1,normal
1780594817.702136,27.112772499996936,27282,0.046631,-0.015869,1.057617,3.21374,3.541985,-0.175573,1.058764,4.785876,2852,4692,1840,2852,0,100.358,5,normal
1780594817.7326744,27.143310799991013,27314,0.046631,0.012451,1.064209,0.374046,3.679389,-0.961832,1.065303,3.821379,2856,4698,1842,2856,0,100.358,0,normal
1780594817.764015,27.174651499997708,27346,0.030518,-0.066895,1.048584,2.290076,2.633588,-0.358779,1.051159,3.508412,2858,4703,1845,2858,1,100.358,13,normal
1780594817.7951791,27.205815499997698,27377,0.039551,0.007324,1.047363,1.618321,2.40458,-0.587786,1.048135,2.957441,2863,4710,1847,2863,0,100.358,0,normal
1780594817.8308547,27.241490999993403,27407,0.03833,-0.031738,1.061279,0.206107,3.091603,-1.129771,1.062445,3.29801,2865,4714,1849,2865,0,100.358,1,normal
1780594817.8581202,27.26875669999572,27438,0.05835,-0.040771,1.048096,3.152672,2.587786,-0.122137,1.05051,4.08055,2867,4719,1852,2867,1,100.358,14,normal
1780594817.889954,27.300590500002727,27470,0.05542,-0.013916,1.049316,0.251908,3.534351,-0.931298,1.050871,3.663661,2872,4726,1854,2872,0,100.358,0,normal
1780594817.9210734,27.331709899997804,27502,0.04541,-0.046631,1.058838,2.053435,2.732824,-0.618321,1.060837,3.473794,2874,4731,1857,2874,1,100.358,13,normal
1780594817.9528494,27.36348569999973,27534,0.0354,0.008545,1.045166,2.038168,2.229008,-0.679389,1.0458,3.095832,2879,4738,1859,2879,0,107.143,0,normal
1780594817.9826784,27.393314799992368,27565,0.041504,-0.026123,1.064941,0.748092,3.389313,-1.206107,1.06607,3.674477,2881,4742,1861,2881,0,107.143,1,normal
1780594818.0160244,27.426660800003447,27596,0.054443,-0.057129,1.047363,2.931298,3.519084,-0.274809,1.050332,4.588244,2883,4747,1864,2883,1,107.143,14,normal
1780594818.0452979,27.455934400000842,27627,0.048584,-0.009033,1.047119,0.320611,2.916031,-0.854962,1.048284,3.055648,2887,4752,1865,2887,0,107.143,6,normal
1780594818.0773945,27.488030900000012,27658,0.028809,-0.04248,1.046875,1.206107,2.648855,-1.053435,1.048133,3.095295,2889,4756,1867,2889,0,107.143,0,normal
1780594818.107927,27.518563499994343,27689,0.04834,-0.022949,1.065186,2.519084,3.70229,-0.022901,1.066529,4.478087,2893,4762,1869,2893,0,107.143,6,normal
1780594818.1379986,27.548634999999194,27720,0.046875,0.006836,1.052978,0.366412,3.625954,-1.10687,1.054044,3.808801,2897,4768,1871,2897,0,107.143,1,normal
1780594818.170607,27.581243599997833,27751,0.03833,-0.05957,1.041504,2.290076,2.473282,-0.328244,1.04391,3.386638,2898,4771,1873,2898,1,107.143,17,normal
1780594818.2001712,27.610807599994587,27782,0.053467,-0.000977,1.055176,2.259542,2.389313,-0.564886,1.05653,3.336681,2904,4778,1874,2904,0,107.143,1,normal
1780594818.2320988,27.64273530000355,27813,0.056885,-0.012695,1.058838,0.664122,3.267176,-1.29771,1.060441,3.577645,2906,4782,1876,2906,0,96.774,0,normal
1780594818.262059,27.672695300003397,27843,0.038086,-0.057129,1.052246,2.343511,2.748092,-0.442748,1.054484,3.638692,2908,4787,1879,2908,1,96.774,14,normal
1780594818.292573,27.70320940000238,27874,0.036865,-0.000732,1.045166,1.603053,2.389313,-0.51145,1.045816,2.922358,2913,4794,1881,2913,0,96.774,1,normal
1780594818.323672,27.73430840000219,27905,0.041992,-0.054932,1.051514,1.007634,2.755725,-1.305344,1.053784,3.211428,2915,4798,1883,2915,0,96.774,0,normal
1780594818.355774,27.766410299998824,27936,0.047119,-0.022949,1.057129,3.717557,3.412214,-0.076336,1.058427,5.046708,2918,4802,1884,2918,0,96.774,6,normal
1780594818.3929331,27.80356960000063,27973,0.038818,-0.013184,1.048584,0.282443,3.389313,-0.946565,1.049385,3.530326,2922,4808,1886,2922,0,96.774,0,normal
1780594818.4242547,27.83489109999209,28005,0.04541,-0.019287,1.058838,2.961832,3.641221,-0.381679,1.059987,4.709206,2926,4814,1888,2926,0,96.774,6,normal
1780594818.455259,27.86589549999917,28036,0.052002,0.015869,1.057861,0.48855,3.389313,-1.045802,1.059258,3.580478,2930,4820,1890,2930,0,96.774,1,normal
1780594818.4865134,27.89714990000357,28067,0.054199,-0.036377,1.04834,2.381679,2.038168,-0.465649,1.05037,3.169125,2932,4825,1893,2932,1,102.362,14,normal
1780594818.5176272,27.9282635999989,28098,0.034912,-0.023926,1.063232,1.984733,2.351145,-0.396947,1.064074,3.102356,2937,4832,1895,2937,0,102.362,1,normal
1780594818.5498397,27.960476099993684,28130,0.040039,-0.029053,1.065186,0.633588,3.167939,-1.320611,1.066334,3.49017,2939,4836,1897,2939,0,102.362,0,normal
1780594818.5798147,27.990451099991333,28161,0.056396,-0.016357,1.057861,3.045802,3.343511,-0.068702,1.05949,4.52335,2942,4841,1899,2942,1,102.362,13,normal
1780594818.6104338,28.021070200004033,28192,0.060791,-0.01709,1.044189,0.335878,2.641221,-1.183206,1.046097,2.913561,2947,4848,1901,2947,0,102.362,1,normal
1780594818.6430962,28.053732599990326,28224,0.048828,-0.049072,1.04834,2.175573,2.961832,-0.732824,1.050623,3.747345,2949,4853,1904,2949,1,102.362,14,normal
1780594818.6754797,28.08611609999207,28256,0.040771,-0.004395,1.042725,2.045802,2.648855,-0.618321,1.043531,3.403536,2954,4860,1906,2954,0,102.362,1,normal
1780594818.706321,28.116957499994896,28287,0.054443,-0.013184,1.07251,0.549618,2.877863,-1.229008,1.073972,3.177205,2956,4864,1908,2956,0,102.362,0,normal
1780594818.7377489,28.148385199994664,28318,0.057861,-0.076416,1.048584,2.564885,3.022901,-0.129771,1.052956,3.966536,2958,4869,1911,2958,1,103.586,13,normal
1780594818.7677782,28.178414599999087,28349,0.05542,0.006592,1.054932,0.755725,2.442748,-0.854962,1.056407,2.696127,2963,4876,1913,2963,0,103.586,1,normal
1780594818.8000517,28.210688199993456,28380,0.025879,-0.045654,1.054443,1.351145,2.10687,-1.19084,1.055748,2.771749,2965,4880,1915,2965,0,103.586,0,normal
1780594818.831095,28.241731399990385,28411,0.039551,-0.013184,1.058838,3.114504,3.48855,-0.022901,1.059658,4.676605,2969,4886,1917,2969,0,103.586,5,normal
1780594818.8624275,28.27306389999285,28443,0.056885,0.01416,1.062012,0.358779,3.351145,-0.992366,1.063628,3.513358,2972,4890,1918,2972,0,103.586,6,normal
1780594818.8936813,28.30431779999344,28474,0.056396,-0.044678,1.04126,2.229008,2.358779,-0.557252,1.043743,3.292847,2974,4895,1921,2974,1,103.586,13,normal
1780594818.9258704,28.33650679999846,28506,0.040283,0.005371,1.038574,1.389313,2.618321,-0.816794,1.039369,3.074564,2979,4902,1923,2979,0,103.586,1,normal
1780594818.955909,28.36654550000094,28537,0.026123,-0.045654,1.05127,0.633588,2.603053,-1.381679,1.052585,3.014359,2981,4906,1925,2981,0,103.586,0,normal
1780594818.987416,28.398052499993355,28568,0.043945,-0.022705,1.052246,3.458015,3.648855,-0.19084,1.053408,5.030748,2984,4911,1927,2984,1,104.0,14,normal
1780594819.0169532,28.427589699989767,28599,0.048096,-0.00708,1.041992,-0.114504,3.29771,-1.328244,1.043126,3.556998,2989,4918,1929,2989,0,104.0,0,normal
1780594819.048299,28.4589355999924,28629,0.028809,-0.036133,1.048584,1.48855,2.358779,-1.236641,1.049602,3.051049,2990,4920,1930,2990,0,104.0,5,normal
1780594819.0789416,28.489578099994105,28660,0.04126,-0.039551,1.065186,2.656489,2.946565,-0.381679,1.066718,3.985581,2993,4926,1933,2993,0,104.0,6,normal
1780594819.111106,28.52174229999946,28692,0.052734,0.018799,1.067871,0.526718,3.465649,-0.770992,1.069338,3.589232,2997,4932,1935,2997,0,104.0,0,normal
1780594819.1424997,28.55313600000227,28723,0.042236,-0.064941,1.043457,2.282443,2.503817,-0.229008,1.046329,3.395746,2999,4937,1938,2999,1,104.0,14,normal
1780594819.172779,28.583415499990224,28754,0.036133,0.001953,1.048096,1.801527,2.251908,-0.717557,1.04872,2.97178,3004,4944,1940,3004,0,104.0,0,normal
1780594819.203744,28.614380300001358,28785,0.02832,-0.035889,1.050537,0.664122,2.763359,-1.022901,1.051531,3.020519,3006,4948,1942,3006,0,104.0,1,normal
1780594819.234957,28.64559339999687,28816,0.05835,-0.012207,1.060303,3.099237,3.358779,-0.091603,1.061977,4.571111,3009,4953,1944,3009,1,104.0,14,normal
1780594819.267449,28.678085399995325,28848,0.052246,-0.012207,1.056885,-0.068702,3.603053,-0.793893,1.058246,3.690119,3014,4960,1946,3014,0,107.143,0,normal
1780594819.2978833,28.70851969999785,28879,0.04834,-0.043213,1.044434,2.473282,2.687023,-1.0,1.046444,3.786452,3016,4965,1949,3016,1,107.143,14,normal
1780594819.330432,28.74106829999073,28910,0.041992,-0.030762,1.062012,2.045802,2.839695,-0.473282,1.063287,3.531737,3021,4972,1951,3021,0,107.143,0,normal
1780594819.3601048,28.770741200001794,28942,0.046631,-0.011719,1.068115,0.572519,3.519084,-1.267176,1.069197,3.783842,3023,4976,1953,3023,0,107.143,1,normal
1780594819.3925729,28.803209399993648,28973,0.043701,-0.083008,1.052002,2.549618,3.083969,-0.236641,1.056176,4.008418,3025,4981,1956,3025,1,107.143,14,normal
1780594819.4221554,28.83279179999954,29004,0.044922,0.009033,1.054932,0.877863,2.732824,-0.862595,1.055926,2.997172,3030,4988,1958,3030,0,107.143,1,normal
1780594819.454,28.864636500002234,29035,0.038086,-0.054199,1.051514,1.419847,2.358779,-1.503817,1.053598,3.13708,3032,4992,1960,3032,0,107.143,0,normal
1780594819.4842978,28.894934099997045,29066,0.052734,-0.018555,1.059814,3.045802,3.29771,-0.221374,1.061288,4.49453,3036,4998,1962,3036,0,107.143,5,normal
1780594819.5162237,28.926860199993826,29097,0.049561,0.007813,1.053223,0.206107,3.435115,-0.946565,1.054417,3.5691,3040,5004,1964,3040,0,107.143,0,normal
1780594819.547509,28.95814539999992,29128,0.056885,-0.032227,1.043213,2.496183,2.770992,-0.396947,1.04526,3.750586,3042,5009,1967,3042,1,100.0,14,normal
1780594819.5787396,28.98937609999848,29159,0.035156,-0.028809,1.061523,1.870229,2.19084,-0.473282,1.062496,2.919166,3045,5014,1969,3045,0,100.0,0,normal
1780594819.6088874,29.01952390000224,29190,0.046387,0.000244,1.072754,0.732824,3.618321,-0.854962,1.073756,3.78949,3047,5018,1971,3047,0,100.0,1,normal
1780594819.6410904,29.051726899997448,29221,0.05542,-0.070312,1.045898,2.427481,2.748092,-0.244275,1.049723,3.674826,3049,5023,1974,3049,1,100.0,14,normal
1780594819.670522,29.081158300003153,29252,0.038574,0.007324,1.036377,1.610687,2.358779,-0.312977,1.03712,2.873344,3054,5030,1976,3054,0,100.0,0,normal
1780594819.7017379,29.11237419999088,29283,0.038086,-0.043457,1.057373,0.977099,2.374046,-1.053435,1.058951,2.774985,3056,5034,1978,3056,0,100.0,0,normal
1780594819.7341928,29.1448292999994,29314,0.044189,-0.016602,1.05127,3.519084,3.305344,-0.099237,1.052329,4.828985,3060,5040,1980,3060,0,100.0,6,normal
1780594819.7632992,29.17393560000346,29345,0.044678,-0.006104,1.049316,0.152672,3.48855,-1.045802,1.050285,3.645132,3064,5046,1982,3064,0,100.0,0,normal
1780594819.7940412,29.204677599991555,29375,0.018799,-0.035156,1.056885,1.580153,2.618321,-1.099237,1.057636,3.24974,3066,5050,1984,3066,0,100.0,1,normal
1780594819.8248982,29.235534599996754,29406,0.040527,-0.032471,1.05835,2.694656,3.625954,0.007634,1.059623,4.517607,3069,5056,1987,3069,0,97.122,5,normal
1780594819.8559031,29.26653959999385,29437,0.047363,0.011963,1.059082,0.389313,3.312977,-1.175572,1.060208,3.536856,3073,5062,1989,3073,0,97.122,0,normal
1780594819.886428,29.29706460000307,29468,0.05957,-0.039307,1.049316,2.236641,2.458015,-0.305344,1.051741,3.33731,3075,5067,1992,3075,1,97.122,14,normal
1780594819.9185426,29.32917909999378,29499,0.044189,0.002441,1.054443,1.78626,2.580153,-0.587786,1.055372,3.192711,3080,5074,1994,3080,0,97.122,0,normal
1780594819.9490361,29.359672499995213,29530,0.060303,-0.023193,1.067139,0.503817,3.633588,-0.89313,1.069093,3.77551,3082,5078,1996,3082,0,97.122,0,normal
1780594819.980732,29.39136839999992,29561,0.056641,-0.069092,1.053955,2.923664,2.618321,-0.221374,1.057735,3.930957,3084,5083,1999,3084,1,97.122,14,normal
1780594820.0103402,29.42097659999854,29592,0.049316,0.007813,1.041992,0.78626,3.083969,-0.740458,1.043188,3.267621,3089,5090,2001,3089,0,97.122,1,normal
1780594820.0420513,29.45268770000257,29623,0.033691,-0.047363,1.049316,1.08397,2.389313,-1.312977,1.050925,2.933891,3091,5094,2003,3091,0,97.122,0,normal
1780594820.072716,29.483352399998694,29654,0.046875,-0.015869,1.060547,3.282443,3.442748,-0.328244,1.061701,4.768091,3095,5100,2005,3095,0,97.122,5,normal
1780594820.1050506,29.515686899991124,29685,0.054199,-0.01001,1.054199,0.145038,3.664122,-0.908397,1.055639,3.777832,3097,5104,2007,3097,0,100.358,0,normal
1780594820.135767,29.546403300002567,29716,0.043213,-0.051025,1.050049,2.129771,2.938931,-0.427481,1.052176,3.654584,3099,5109,2010,3099,1,100.358,14,normal
1780594820.1668282,29.577464499991038,29747,0.035889,-0.034424,1.049805,1.862595,2.740458,-0.167939,1.050982,3.317767,3103,5115,2012,3103,0,100.358,3,normal
1780594820.1971142,29.607750700000906,29778,0.037842,-0.009766,1.068848,0.496183,3.839695,-1.320611,1.069562,4.090656,3106,5120,2014,3106,0,100.358,1,normal
1780594820.2291079,29.63974430000235,29809,0.060547,-0.071289,1.046875,2.312977,2.870229,-0.427481,1.051045,3.710905,3108,5125,2017,3108,1,100.358,14,normal
1780594820.259438,29.670074399997247,29841,0.047363,0.009766,1.053711,0.740458,2.748092,-0.923664,1.05482,2.99223,3113,5132,2019,3113,0,100.358,1,normal
1780594820.291368,29.702004499995383,29872,0.037354,-0.042236,1.050293,1.251908,2.40458,-1.076336,1.051805,2.91681,3115,5136,2021,3115,0,100.358,0,normal
1780594820.3227232,29.73335949999455,29903,0.037598,-0.020264,1.063965,3.351145,3.824427,-0.061069,1.064822,5.085288,3119,5142,2023,3119,0,100.358,6,normal
1780594820.352522,29.76315839999006,29934,0.048828,-0.00708,1.049072,0.068702,3.396947,-0.900763,1.050232,3.515016,3123,5148,2025,3123,0,100.358,0,normal
1780594820.384509,29.795145399999456,29965,0.052246,-0.056152,1.049805,2.480916,2.549618,-0.603053,1.052603,3.608209,3125,5153,2028,3125,1,100.0,13,normal
1780594820.4145892,29.825225499997032,29996,0.036377,-0.030029,1.046631,2.114504,2.236641,-0.274809,1.047693,3.09018,3130,5160,2030,3130,0,100.0,0,normal
1780594820.4480088,29.858645200001774,30028,0.055176,-0.023438,1.065674,0.251908,3.076336,-1.526718,1.067359,3.443569,3132,5164,2032,3132,0,100.0,1,normal
1780594820.478022,29.88865860000078,30059,0.050781,-0.019775,1.051025,3.221374,3.526718,-0.251908,1.052437,4.783142,3134,5169,2035,3134,1,100.0,14,normal
1780594820.5090077,29.91964399999415,30090,0.050781,0.001221,1.03833,0.740458,2.78626,-0.839695,1.039572,3.002767,3137,5174,2037,3137,0,100.0,1,normal
1780594820.5402007,29.950837099997443,30121,0.039062,-0.043701,1.057373,1.145038,2.641221,-1.236641,1.058996,3.13312,3139,5178,2039,3139,0,100.0,0,normal
1780594820.5715692,29.982205599997542,30152,0.040771,-0.016113,1.061523,3.480916,2.977099,-0.290076,1.062428,4.589558,3143,5184,2041,3143,0,100.0,6,normal
1780594820.6028612,30.01349769999797,30183,0.059082,-0.013672,1.051514,0.312977,3.633588,-1.152672,1.053261,3.824862,3146,5188,2042,3146,0,100.0,6,normal
1780594820.6337233,30.044359799998347,30214,0.049561,-0.047852,1.046631,2.251908,2.389313,-0.29771,1.048896,3.296747,3148,5193,2045,3148,1,100.0,13,normal
1780594820.6650658,30.075702300004195,30245,0.029053,-0.029785,1.050781,2.099237,2.709924,-0.259542,1.051605,3.437709,3153,5200,2047,3153,0,100.0,0,normal
1780594820.6949816,30.105617900000652,30276,0.039307,-0.009033,1.075928,0.610687,3.854962,-1.022901,1.076683,4.034848,3155,5204,2049,3155,0,100.0,1,normal
1780594820.725062,30.135698400001274,30307,0.057617,-0.079346,1.048584,2.442748,2.70229,-0.396947,1.053159,3.664281,3157,5209,2052,3157,1,100.0,14,normal
1780594820.7566576,30.167293999998947,30338,0.05127,0.001953,1.048828,1.717557,2.694656,-0.679389,1.050082,3.266917,3162,5216,2054,3162,0,100.0,1,normal
1780594820.7891495,30.19978589999664,30369,0.036133,-0.050781,1.05127,0.839695,2.946565,-1.427481,1.053115,3.380094,3164,5220,2056,3164,0,100.0,0,normal
1780594820.8197353,30.23037170000316,30400,0.055176,-0.017822,1.054932,3.175573,3.427481,-0.068702,1.056524,4.672966,3167,5225,2058,3167,1,100.0,13,normal
1780594820.849088,30.25972429999092,30431,0.045654,0.000977,1.045898,0.206107,3.503817,-1.274809,1.046895,3.734214,3172,5232,2060,3172,0,100.0,0,normal
1780594820.8803375,30.290973800001666,30462,0.031738,-0.037842,1.058838,1.671756,2.969466,-1.183206,1.059989,3.60728,3174,5236,2062,3174,0,100.0,1,normal
1780594820.9120376,30.32267409999622,30493,0.051025,-0.046143,1.065918,2.206107,2.885496,-0.351145,1.068136,3.64915,3179,5242,2063,3179,0,100.0,6,normal
1780594820.9431012,30.353737500001444,30524,0.047607,0.021484,1.064697,0.290076,3.671756,-1.114504,1.065978,3.848124,3182,5246,2064,3182,0,103.943,5,normal
1780594820.9759228,30.386559199992917,30556,0.05249,-0.072021,1.054199,2.152672,2.969466,-0.465649,1.05796,3.697101,3184,5251,2067,3184,1,103.943,14,normal
1780594821.0073,30.417936300000292,30588,0.056152,0.01001,1.049072,0.938931,3.129771,-0.679389,1.050622,3.337458,3189,5258,2069,3189,0,103.943,1,normal
1780594821.038133,30.448769299997366,30619,0.040039,-0.054688,1.063477,1.21374,2.244275,-1.435114,1.065634,2.927369,3191,5262,2071,3191,0,103.943,0,normal
1780594821.069729,30.48036560000037,30650,0.048584,-0.015869,1.056641,3.267176,3.229008,-0.152672,1.057876,4.596111,3195,5268,2073,3195,0,103.943,5,normal
1780594821.10048,30.511116599998786,30681,0.041504,0.006592,1.049805,0.19084,3.557252,-1.244275,1.050646,3.773418,3199,5274,2075,3199,0,103.943,0,normal
1780594821.131814,30.542450499997358,30712,0.054932,-0.037842,1.047363,2.129771,2.832061,-0.526718,1.049485,3.582447,3201,5279,2078,3201,1,103.943,14,normal
1780594821.1641514,30.574787899997318,30744,0.036133,-0.010498,1.042725,1.70229,2.503817,-0.641221,1.043403,3.094843,3206,5286,2080,3206,0,103.943,0,normal
1780594821.1941805,30.604816899998696,30775,0.045898,-0.020752,1.07251,0.396947,3.549618,-1.221374,1.073692,3.7748,3208,5290,2082,3208,0,103.586,1,normal
1780594821.226029,30.63666540000122,30806,0.061279,-0.037598,1.05957,2.946565,2.770992,-0.21374,1.062007,4.050473,3210,5295,2085,3210,1,103.586,14,normal
1780594821.2570345,30.667670900002122,30838,0.032715,-0.01001,1.045166,0.480916,2.625954,-1.091603,1.045726,2.884183,3215,5302,2087,3215,0,103.586,1,normal
1780594821.2881515,30.698787899993476,30869,0.028076,-0.034424,1.055664,1.709924,2.732824,-1.282443,1.056598,3.469413,3217,5306,2089,3217,0,103.586,0,normal
1780594821.3199878,30.730624299991177,30900,0.041748,-0.03418,1.062012,2.564885,3.51145,-0.068702,1.063381,4.348982,3221,5312,2091,3221,0,103.586,5,normal
1780594821.3508832,30.761519599996973,30932,0.051514,0.000488,1.069092,0.633588,3.465649,-1.221374,1.070332,3.728794,3225,5318,2093,3225,0,103.586,0,normal
1780594821.3822012,30.79283759999089,30963,0.039062,-0.067383,1.040527,2.267176,2.564885,-0.748092,1.043438,3.50405,3227,5323,2096,3227,1,103.586,14,normal
1780594821.4119847,30.822620999999344,30994,0.046387,0.00708,1.045654,1.40458,2.29771,-0.641221,1.046707,2.768299,3232,5330,2098,3232,0,103.586,1,normal
1780594821.444168,30.85480459999235,31025,0.042236,-0.036377,1.064209,0.717557,2.580153,-1.374046,1.065668,3.009996,3234,5334,2100,3234,0,104.0,0,normal
1780594821.4747195,30.885355899998103,31056,0.062012,-0.041992,1.062988,3.229008,3.022901,-0.099237,1.065623,4.424282,3237,5339,2102,3237,1,104.0,13,normal
1780594821.5062807,30.91691709999577,31087,0.043945,-0.001221,1.041504,0.442748,2.641221,-0.824427,1.042431,2.802098,3242,5346,2104,3242,0,104.0,0,normal
1780594821.5371792,30.94781569999759,31118,0.032227,-0.043945,1.056152,1.541985,2.648855,-0.916031,1.057557,3.198947,3244,5350,2106,3244,0,104.0,0,normal
1780594821.5689702,30.97960659999808,31149,0.041016,-0.029541,1.064697,2.648855,2.755725,0.015267,1.065896,3.822393,3247,5356,2109,3247,0,104.0,5,normal
1780594821.5985053,31.00914169999305,31180,0.059082,-0.00415,1.060303,0.641221,3.70229,-0.793893,1.061956,3.840362,3251,5362,2111,3251,0,104.0,0,normal
1780594821.630077,31.04071319999639,31210,0.056396,-0.039795,1.04834,2.21374,2.618321,-0.832061,1.05061,3.528254,3253,5367,2114,3253,1,104.0,14,normal
1780594821.66095,31.071586299993214,31241,0.05249,-0.031494,1.062744,2.015267,2.916031,-0.21374,1.064506,3.551087,3258,5374,2116,3258,0,104.0,0,normal
1780594821.692278,31.102914399991278,31273,0.042725,-0.008301,1.069824,0.381679,3.610687,-1.251908,1.070709,3.840575,3259,5376,2117,3259,0,104.0,6,normal
1780594821.722652,31.133288500001072,31304,0.059814,-0.053467,1.058838,2.618321,2.770992,-0.419847,1.061873,3.835397,3261,5381,2120,3261,1,96.774,13,normal
1780594821.753164,31.163800499998615,31335,0.041504,0.019775,1.054932,0.900763,2.778626,-0.687023,1.055933,3.00069,3266,5388,2122,3266,0,96.774,0,normal
1780594821.7852972,31.19593359999999,31366,0.037598,-0.066162,1.04834,0.870229,2.442748,-1.122137,1.051098,2.82551,3268,5392,2124,3268,0,96.774,1,normal
1780594821.816606,31.227242399996612,31397,0.047119,-0.01709,1.06958,3.396947,3.114504,-0.435114,1.070754,4.629115,3271,5396,2125,3271,0,96.774,6,normal
1780594821.8471174,31.25775380000414,31429,0.055908,-0.009766,1.047607,0.496183,3.755725,-1.061069,1.049144,3.93415,3275,5402,2127,3275,0,96.774,0,normal
1780594821.8908818,31.30151819999446,31459,0.053711,-0.046631,1.042236,2.374046,2.541985,-0.59542,1.044661,3.528782,3277,5407,2130,3277,1,96.774,14,normal
1780594821.9093702,31.32000649999827,31491,0.027832,-0.004395,1.062012,2.274809,2.320611,-0.396947,1.062385,3.273768,3282,5414,2132,3282,0,96.774,0,normal
1780594821.9408183,31.351454799994826,31522,0.049561,-0.004639,1.063721,0.564886,4.145038,-1.08397,1.064885,4.321508,3284,5418,2134,3284,0,96.774,0,normal
1780594821.971867,31.38250349998998,31553,0.038574,-0.069824,1.052734,2.465649,3.076336,-0.519084,1.055752,3.97652,3286,5423,2137,3286,1,96.774,13,normal
1780594822.003652,31.41428859998996,31584,0.046631,0.017578,1.038818,1.366412,2.816794,-0.59542,1.040013,3.186838,3291,5430,2139,3291,0,107.143,0,normal
1780594822.0349963,31.4456327999942,31615,0.039307,-0.048096,1.05835,1.251908,2.389313,-1.351145,1.060171,3.0169,3293,5434,2141,3293,0,107.143,1,normal
1780594822.0667386,31.477375000002212,31646,0.051025,-0.018311,1.061768,3.305344,3.099237,-0.312977,1.063151,4.541863,3297,5440,2143,3297,0,107.143,5,normal
1780594822.0970502,31.507686700002523,31678,0.065186,-0.012451,1.043945,0.419847,3.480916,-1.068702,1.046053,3.665402,3301,5446,2145,3301,0,107.143,0,normal
1780594822.1299713,31.540607799994177,31709,0.052734,-0.049805,1.053955,2.122137,2.755725,-0.167939,1.056448,3.482196,3303,5451,2148,3303,1,107.143,14,normal
1780594822.1588297,31.56946610000159,31740,0.035645,-0.013184,1.056396,2.137405,2.618321,-0.351145,1.05708,3.398147,3306,5456,2150,3306,0,107.143,1,normal
1780594822.1912718,31.601908299999195,31772,0.046387,-0.042725,1.063232,0.656489,2.870229,-1.068702,1.065101,3.132302,3308,5460,2152,3308,0,107.143,0,normal
1780594822.221435,31.632071500003804,31803,0.0625,-0.057617,1.052246,3.358779,2.969466,-0.244275,1.055674,4.489854,3311,5465,2154,3311,1,107.143,13,normal
1780594822.2517483,31.662384800001746,31834,0.05127,-0.005371,1.053223,0.091603,2.29771,-0.954198,1.054483,2.48965,3316,5472,2156,3316,0,100.0,0,normal
1780594822.2825694,31.693205799994757,31863,0.029053,-0.046387,1.047363,0.564886,2.931298,-1.374046,1.048792,3.286275,3318,5476,2158,3318,0,100.0,1,normal
1780594822.3128355,31.723471899997094,31894,0.056885,-0.02417,1.064453,3.343511,3.442748,-0.061069,1.066246,4.799512,3321,5481,2160,3321,1,100.0,14,normal
1780594822.3433583,31.753994600003352,31925,0.052002,-0.001953,1.038818,0.19084,3.099237,-1.038168,1.040121,3.274062,3326,5488,2162,3326,0,100.0,0,normal
1780594822.3762603,31.78689669999585,31956,0.043457,-0.047119,1.050781,1.679389,2.625954,-1.160305,1.052734,3.326002,3328,5492,2164,3328,0,100.0,0,normal
1780594822.4070663,31.81770269999106,31987,0.04126,-0.037842,1.063477,2.51145,3.175573,-0.465649,1.064949,4.07535,3332,5498,2166,3332,0,100.0,6,normal
1780594822.4377267,31.848363099998096,32018,0.050537,0.013916,1.055664,0.244275,3.694656,-1.076336,1.056965,3.85599,3336,5504,2168,3336,0,100.0,0,normal
1780594822.4684796,31.87911599999643,32049,0.045166,-0.038086,1.042725,2.427481,2.320611,-0.244275,1.044397,3.36713,3338,5509,2171,3338,1,100.0,13,normal
1780594822.4997733,31.910409599993727,32080,0.04834,0.009521,1.053467,1.389313,2.541985,-0.618321,1.054618,2.962127,3343,5516,2173,3343,0,100.0,0,normal
1780594822.5300791,31.94071559999429,32111,0.050537,-0.047607,1.0625,0.290076,3.053435,-1.175572,1.064766,3.28475,3345,5520,2175,3345,0,104.693,0,normal
1780594822.5608683,31.97150459999102,32142,0.061035,-0.064941,1.045898,2.954198,2.80916,-0.198473,1.049689,4.081429,3347,5525,2178,3347,1,104.693,14,normal
1780594822.5927904,32.00342680000176,32174,0.043945,-0.002686,1.055176,-0.236641,3.496183,-0.954198,1.056094,3.631775,3352,5532,2180,3352,0,104.693,0,normal
1780594822.6241515,32.03478799998993,32205,0.040527,-0.040283,1.052246,1.70229,2.664122,-1.10687,1.053796,3.349702,3354,5536,2182,3354,0,104.693,0,normal
1780594822.6547854,32.06542179999815,32235,0.041748,-0.018311,1.067627,3.091603,3.748092,-0.091603,1.0686,4.859484,3358,5542,2184,3358,0,104.693,6,normal
1780594822.6852295,32.0958660000033,32267,0.044922,0.032471,1.055664,0.610687,3.572519,-1.305344,1.057118,3.85224,3360,5546,2186,3360,0,104.693,0,normal
1780594822.718104,32.12874040000315,32298,0.044922,-0.041748,1.040527,2.458015,2.740458,-0.389313,1.042333,3.701826,3362,5551,2189,3362,1,104.693,14,normal
1780594822.74819,32.15882630000124,32329,0.050293,0.005127,1.058838,1.442748,2.526718,-0.900763,1.060044,3.045849,3367,5558,2191,3367,0,104.693,0,normal
1780594822.7779233,32.188559699992766,32360,0.047607,-0.032715,1.057861,0.641221,3.29771,-0.954198,1.059437,3.492356,3369,5562,2193,3369,0,104.693,0,normal
1780594822.809938,32.22057429999404,32390,0.039307,-0.065674,1.04248,2.664122,2.625954,-0.396947,1.045286,3.761748,3371,5567,2196,3371,1,93.19,14,normal
1780594822.8406343,32.251270799999475,32421,0.057373,0.011719,1.050537,1.045802,3.068702,-0.480916,1.052168,3.277486,3376,5574,2198,3376,0,93.19,0,normal
1780594822.870929,32.281565400000545,32452,0.036865,-0.057861,1.064453,0.656489,2.29771,-1.129771,1.066662,2.643262,3378,5578,2200,3378,0,93.19,0,normal
1780594822.9013484,32.31198469999072,32482,0.052002,-0.013916,1.053223,3.343511,3.51145,-0.305344,1.054598,4.858249,3381,5583,2202,3381,1,93.19,14,normal
1780594822.9471254,32.35776189999888,32513,0.037598,0.007813,1.043945,0.603053,2.80916,-0.916031,1.044651,3.015654,3386,5590,2204,3386,0,93.19,1,normal
1780594822.9628916,32.3735280999972,32544,0.030029,-0.048828,1.052002,1.40458,2.541985,-1.19084,1.053562,3.13889,3388,5594,2206,3388,0,93.19,0,normal
1780594822.994731,32.40536730000167,32575,0.047852,-0.035889,1.064941,2.793893,3.641221,-0.083969,1.06662,4.590358,3391,5600,2209,3391,0,93.19,5,normal
1780594823.0259914,32.43662779999431,32606,0.053467,0.032715,1.057617,0.664122,3.610687,-1.068702,1.059473,3.823643,3395,5606,2211,3395,0,93.19,0,normal
1780594823.0557938,32.466430300002685,32637,0.061035,-0.035645,1.047607,2.221374,2.206107,-0.442748,1.049989,3.161872,3397,5611,2214,3397,1,93.19,14,normal
1780594823.08807,32.49870630000078,32668,0.036865,-0.017578,1.051758,1.877863,2.381679,-0.534351,1.05255,3.079658,3400,5616,2216,3400,0,104.317,0,normal
1780594823.1204443,32.531080799992196,32700,0.021484,-0.05249,1.049805,0.564886,2.412214,-1.183206,1.051336,2.745514,3402,5620,2218,3402,0,104.317,1,normal
1780594823.1501045,32.56074099999387,32731,0.043945,-0.016113,1.056641,3.152672,3.862595,-0.007634,1.057677,4.985884,3405,5625,2220,3405,1,104.317,14,normal
1780594823.1804552,32.591091599999345,32762,0.036133,-0.003662,1.041748,0.564886,2.984733,-1.038168,1.042381,3.210221,3409,5630,2221,3409,0,104.317,5,normal
1780594823.2127953,32.62343169999076,32793,0.026855,-0.050781,1.059326,1.435114,2.992366,-1.19084,1.060883,3.525891,3411,5634,2223,3411,0,104.317,0,normal
1780594823.2451236,32.65576009999495,32824,0.048584,-0.037842,1.062256,2.503817,2.572519,-0.305344,1.064039,3.602803,3415,5640,2225,3415,0,104.317,6,normal
1780594823.2753363,32.685972699997365,32856,0.045898,0.001709,1.072022,0.587786,3.694656,-1.007634,1.073005,3.874442,3419,5646,2227,3419,0,104.317,0,normal
1780594823.306969,32.71760530000029,32887,0.033936,-0.059814,1.040772,2.229008,2.312977,-0.442748,1.043041,3.242586,3421,5651,2230,3421,1,104.317,13,normal
1780594823.3376877,32.74832420000166,32919,0.03125,0.001465,1.049805,0.801527,3.122137,-0.450382,1.050271,3.254694,3426,5658,2232,3426,0,103.586,0,normal
1780594823.3680067,32.77864309999859,32949,0.028564,-0.041748,1.05835,0.618321,2.763359,-1.351145,1.059558,3.137525,3428,5662,2234,3428,0,103.586,0,normal
1780594823.3996747,32.81031109999458,32980,0.044189,-0.016357,1.051758,3.496183,3.572519,0.068702,1.052813,4.999091,3431,5667,2236,3431,1,103.586,14,normal
1780594823.4301434,32.84077989999787,33011,0.04541,0.001221,1.054199,0.381679,2.763359,-1.366412,1.055177,3.10627,3436,5674,2238,3436,0,103.586,0,normal
1780594823.4589193,32.86955560000206,33041,0.038818,-0.065674,1.055664,1.0,2.419847,-1.320611,1.058417,2.93252,3438,5678,2240,3438,0,103.586,0,normal
1780594823.4904478,32.901084099998116,33071,0.057373,-0.018555,1.057861,3.435115,3.381679,-0.274809,1.059578,4.828176,3441,5683,2242,3441,1,103.586,14,normal
1780594823.521285,32.93192149999959,33102,0.039795,-0.001709,1.054443,0.145038,3.21374,-1.221374,1.055195,3.441064,3446,5690,2244,3446,0,103.586,1,normal
1780594823.55243,32.96306639999966,33132,0.029541,-0.052979,1.057373,1.541985,2.641221,-1.175572,1.059112,3.276543,3448,5694,2246,3448,0,103.586,0,normal
1780594823.5830033,32.99363959999755,33164,0.039062,-0.030518,1.054688,1.977099,2.778626,-0.320611,1.055852,3.42527,3452,5700,2248,3452,0,103.586,5,normal
1780594823.613477,33.02411339999526,33195,0.053223,0.022217,1.068359,0.259542,3.625954,-1.10687,1.069915,3.800009,3454,5704,2250,3454,0,101.449,0,normal
1780594823.644947,33.055583399996976,33226,0.028564,-0.05835,1.034912,2.221374,2.572519,-0.526718,1.036949,3.439446,3456,5709,2253,3456,1,101.449,14,normal
1780594823.676079,33.086715400000685,33257,0.034912,0.011963,1.049805,1.351145,2.351145,-0.534351,1.050453,2.763876,3462,5716,2254,3462,0,101.449,1,normal
1780594823.7076445,33.11828080000123,33289,0.026123,-0.043945,1.059326,0.770992,2.061069,-1.221374,1.060559,2.516781,3463,5718,2255,3463,0,101.449,5,normal
1780594823.739784,33.15042039999389,33320,0.051758,-0.022461,1.057129,3.381679,3.580153,-0.129771,1.058633,4.926468,3467,5724,2257,3467,0,101.449,6,normal
1780594823.770776,33.18141239999386,33351,0.051758,0.001953,1.044922,0.114504,3.10687,-1.412214,1.046205,3.414689,3471,5730,2259,3471,0,101.449,1,normal
1780594823.8012555,33.21189179999055,33382,0.051025,-0.036865,1.044922,2.290076,2.839695,-0.335878,1.046816,3.663486,3473,5735,2262,3473,1,101.449,14,normal
1780594823.8337414,33.24437780000153,33414,0.041748,-0.030762,1.048828,1.89313,2.519084,-0.557252,1.050109,3.20004,3479,5742,2263,3479,0,101.449,0,normal
1780594823.864222,33.27485849999357,33445,0.047363,-0.024414,1.05835,0.832061,3.114504,-1.137405,1.05969,3.418501,3481,5746,2265,3481,0,108.0,0,normal
1780594823.8959825,33.306618899994646,33476,0.048584,-0.078613,1.042236,2.167939,2.870229,-0.122137,1.046325,3.59904,3483,5751,2268,3483,1,108.0,13,normal
1780594823.9255128,33.336149199996726,33507,0.031006,0.00293,1.041504,1.160305,2.137405,-0.763359,1.041969,2.549024,3488,5758,2270,3488,0,108.0,0,normal
1780594823.9569132,33.367549599992344,33537,0.030518,-0.042236,1.05542,0.648855,2.694656,-0.961832,1.056706,2.933821,3490,5762,2272,3490,0,108.0,1,normal
1780594823.9931264,33.403762899994035,33574,0.051514,-0.027588,1.054199,3.206107,3.519084,-0.183206,1.055818,4.764098,3496,5770,2274,3496,0,108.0,0,normal
1780594824.0253782,33.43601459999627,33605,0.031982,-0.055176,1.062744,0.870229,2.305344,-1.312977,1.064656,2.792099,3498,5774,2276,3498,0,108.0,0,normal
1780594824.0555203,33.466156800001045,33636,0.058838,-0.018066,1.05957,3.343511,3.328244,-0.007634,1.061356,4.717662,3501,5779,2278,3501,1,108.0,14,normal
1780594824.0867002,33.49733669999114,33667,0.044922,-0.004639,1.058838,0.389313,2.732824,-1.152672,1.0598,2.991412,3506,5786,2280,3506,0,108.0,0,normal
1780594824.1181114,33.52874789999623,33698,0.034668,-0.050049,1.04126,1.618321,2.694656,-1.122137,1.043038,3.337563,3507,5788,2281,3507,0,102.767,6,normal
1780594824.150981,33.56161740000243,33730,0.047852,-0.026855,1.066406,2.175573,2.916031,-0.419847,1.067817,3.662325,3512,5795,2283,3512,0,102.767,3,normal
1780594824.181222,33.59185850000358,33762,0.057861,-0.010498,1.072754,0.633588,3.183206,-1.435114,1.074365,3.548773,3515,5800,2285,3515,0,102.767,0,normal
1780594824.2120385,33.62267499999143,33793,0.049316,-0.082275,1.05249,2.725191,2.89313,-0.320611,1.056852,3.987437,3517,5805,2288,3517,1,102.767,14,normal
1780594824.244294,33.654930399992736,33824,0.04126,0.02002,1.047363,0.916031,3.083969,-0.725191,1.048367,3.29786,3520,5810,2290,3520,0,102.767,1,normal
1780594824.2745273,33.6851636999927,33855,0.025635,-0.058594,1.050781,0.816794,2.48855,-1.145038,1.052726,2.858522,3522,5814,2292,3522,0,102.767,0,normal
1780594824.3054228,33.716059099999256,33886,0.046631,-0.015869,1.058594,3.137405,3.694656,-0.022901,1.059739,4.847094,3526,5820,2294,3526,0,102.767,5,normal
1780594824.3385649,33.749201400001766,33918,0.047607,0.017822,1.068848,0.664122,3.450382,-1.137405,1.070056,3.693221,3530,5826,2296,3530,0,102.767,0,normal
1780594824.3700309,33.78066720000061,33950,0.037354,-0.056396,1.044434,2.183206,2.824427,-0.412214,1.046622,3.593564,3532,5831,2299,3532,1,99.206,14,normal
1780594824.4010572,33.81169360000058,33981,0.040283,0.002197,1.055176,1.267176,2.587786,-0.603053,1.055947,2.943815,3537,5838,2301,3537,0,99.206,0,normal
1780594824.4311285,33.84176490000391,34012,0.028076,-0.032471,1.057373,0.564886,2.358779,-1.114504,1.058244,2.669279,3539,5842,2303,3539,0,99.206,1,normal
1780594824.4633832,33.874019700000645,34043,0.052002,-0.015869,1.062744,3.412214,3.381679,-0.015267,1.064134,4.80408,3542,5847,2305,3542,1,99.206,14,normal
1780594824.4934015,33.90403799999331,34074,0.056641,0.003906,1.047363,0.480916,3.10687,-0.847328,1.048901,3.256054,3547,5854,2307,3547,0,99.206,1,normal
1780594824.5249863,33.935622799996054,34105,0.034668,-0.038574,1.050293,1.10687,2.801527,-0.923664,1.051573,3.150694,3549,5858,2309,3549,0,99.206,0,normal
1780594824.5559857,33.9666220999934,34136,0.052979,-0.039062,1.056396,2.824427,2.664122,-0.48855,1.058445,3.913262,3553,5864,2311,3553,0,99.206,6,normal
1780594824.5869,33.997536499999114,34167,0.057617,0.016846,1.071289,0.51145,3.984733,-1.335878,1.07297,4.233704,3555,5868,2313,3555,0,99.206,0,normal
1780594824.61862,34.029256399997394,34198,0.038818,-0.049316,1.05542,2.465649,2.351145,-0.274809,1.057284,3.418015,3557,5873,2316,3557,1,99.206,13,normal
1780594824.649172,34.05980859999545,34230,0.032227,-0.009521,1.037598,1.419847,2.236641,-0.236641,1.038142,2.659799,3562,5880,2318,3562,0,107.143,0,normal
1780594824.6811924,34.09182879999571,34261,0.030273,-0.042969,1.05542,0.503817,3.045802,-0.977099,1.056728,3.238126,3564,5884,2320,3564,0,107.143,1,normal
1780594824.7124808,34.12311729999783,34293,0.054199,-0.013428,1.064697,3.641221,3.366412,0.21374,1.06616,4.963558,3568,5890,2322,3568,0,107.143,6,normal
1780594824.744472,34.15510839999479,34325,0.053711,0.015869,1.055664,0.633588,3.977099,-1.114504,1.057149,4.178621,3572,5896,2324,3572,0,107.143,1,normal
1780594824.7774396,34.18807599999127,34356,0.053955,-0.027832,1.054688,2.160305,2.458015,-0.19084,1.056433,3.277984,3574,5901,2327,3574,1,107.143,14,normal
1780594824.8165905,34.227226899995,34388,0.039307,0.006104,1.050293,1.320611,2.366412,-0.541985,1.051046,2.763633,3579,5908,2329,3579,0,107.143,1,normal
1780594824.8393776,34.25001399999019,34419,0.028564,-0.055664,1.055176,0.633588,2.610687,-0.916031,1.057029,2.83835,3581,5912,2331,3581,0,107.143,0,normal
1780594824.8706443,34.281280800001696,34451,0.049561,-0.017578,1.053467,3.603053,3.229008,-0.251908,1.054778,4.844785,3584,5917,2333,3584,1,107.143,13,normal
1780594824.9016173,34.31225370000175,34482,0.036377,-0.003418,1.047119,0.290076,2.78626,-1.305344,1.047756,3.090519,3589,5924,2335,3589,0,107.143,0,normal
1780594824.9329207,34.34355710000091,34513,0.033447,-0.048584,1.054688,1.908397,2.610687,-0.916031,1.056336,3.361068,3591,5928,2337,3591,0,107.143,1,normal
1780594824.9639893,34.37462570000207,34544,0.043457,-0.043945,1.056396,2.549618,2.709924,-0.396947,1.058203,3.741899,3596,5934,2338,3596,0,107.143,6,normal
1780594824.9939818,34.40461830000277,34575,0.056885,-0.006348,1.072754,0.19084,3.908397,-1.08397,1.07428,4.060416,3598,5938,2340,3598,0,107.143,1,normal
1780594825.026119,34.43675539999094,34606,0.04541,-0.054199,1.046631,2.343511,2.503817,-0.48855,1.049017,3.464076,3600,5943,2343,3600,1,107.143,14,normal
1780594825.056577,34.46721329999855,34638,0.04248,-0.00415,1.050049,0.992366,2.717557,-0.412214,1.050916,2.922298,3605,5950,2345,3605,0,107.143,1,normal
1780594825.0885327,34.49916900000244,34669,0.023438,-0.049805,1.05957,0.80916,2.70229,-1.076336,1.060999,3.019207,3606,5952,2346,3606,0,107.143,6,normal
1780594825.120008,34.53064450000238,34700,0.045654,-0.011719,1.057861,3.687023,3.572519,-0.328244,1.058911,5.144392,3609,5957,2348,3609,1,107.143,13,normal
1780594825.1492193,34.559855600004084,34731,0.038574,0.013184,1.045166,0.053435,3.251908,-0.961832,1.045961,3.39159,3614,5964,2350,3614,0,107.143,0,normal
1780594825.1814547,34.59209120000014,34762,0.041016,-0.049805,1.054199,1.610687,2.900763,-0.78626,1.056172,3.40983,3616,5968,2352,3616,0,96.429,1,normal
1780594825.2124906,34.62312699999893,34793,0.035889,-0.034912,1.060791,2.664122,3.358779,-0.267176,1.061972,4.295384,3621,5974,2353,3621,0,96.429,5,normal
1780594825.2433946,34.654031099998974,34824,0.063477,0.003662,1.062256,0.51145,3.900763,-1.061069,1.064157,4.074727,3625,5980,2355,3625,0,96.429,1,normal
1780594825.2745264,34.68516290000116,34855,0.04126,-0.053711,1.039551,2.473282,2.748092,-0.725191,1.041755,3.76763,3627,5985,2358,3627,1,96.429,14,normal
1780594825.3057723,34.71640869999828,34886,0.044678,0.007813,1.047363,1.503817,2.145038,-0.442748,1.048345,2.656818,3632,5992,2360,3632,0,96.429,0,normal
1780594825.3360448,34.74668109999038,34917,0.036865,-0.052734,1.056152,0.80916,2.40458,-1.251908,1.05811,2.829138,3634,5996,2362,3634,0,96.429,0,normal
1780594825.3674927,34.778129099999205,34948,0.05542,-0.019287,1.054199,3.068702,3.160305,-0.167939,1.055831,4.40825,3636,6001,2365,3636,1,96.429,13,normal
1780594825.3982885,34.8089248000033,34979,0.048584,-0.003662,1.048096,0.145038,2.954198,-1.091603,1.049228,3.152764,3641,6008,2367,3641,0,96.429,0,normal
1780594825.4297116,34.84034789999714,35010,0.035645,-0.044922,1.056885,1.435114,2.381679,-1.229008,1.058439,3.040133,3643,6012,2369,3643,0,96.429,1,normal
1780594825.4603488,34.87098530000367,35041,0.041016,-0.04126,1.062988,2.862595,3.59542,-0.19084,1.064579,4.599774,3647,6018,2371,3647,0,111.111,6,normal
1780594825.492059,34.902695500000846,35072,0.042236,0.010498,1.061523,0.442748,3.587786,-0.984733,1.062415,3.746723,3651,6024,2373,3651,0,111.111,1,normal
1780594825.5234826,34.9341190999985,35103,0.049316,-0.048828,1.032471,2.412214,2.503817,-0.122137,1.0348,3.478907,3653,6029,2376,3653,1,111.111,14,normal
1780594825.5546238,34.96526019999874,35135,0.039795,0.011475,1.052246,1.396947,2.458015,-0.51145,1.053061,2.873131,3658,6036,2378,3658,0,111.111,1,normal
1780594825.5865672,34.99720359999628,35167,0.023682,-0.056396,1.053467,0.541985,2.40458,-1.374046,1.055241,2.822012,3660,6040,2380,3660,0,111.111,0,normal
1780594825.618205,35.02884159999667,35198,0.039795,-0.013184,1.052978,3.435115,3.19084,0.183206,1.053813,4.692018,3663,6045,2382,3663,1,111.111,13,normal
1780594825.6481838,35.058820299993386,35229,0.034912,0.007813,1.044922,0.236641,2.549618,-1.328244,1.045534,2.884577,3668,6052,2384,3668,0,111.111,0,normal
1780594825.6803765,35.091012999997474,35260,0.041504,-0.035889,1.061035,1.687023,2.801527,-0.564886,1.062453,3.318689,3670,6056,2386,3670,0,111.111,1,normal
1780594825.7125309,35.12316719999944,35292,0.051758,-0.028809,1.054443,2.053435,2.717557,-0.618321,1.056106,3.461796,3676,6064,2388,3676,0,115.538,0,normal
1780594825.7428837,35.15352009999333,35324,0.025391,-0.036133,1.055176,0.572519,2.778626,-1.21374,1.0561,3.085726,3678,6068,2390,3678,0,115.538,1,normal
1780594825.77425,35.18488649999199,35355,0.05249,-0.055176,1.054688,3.442748,3.0,-0.038168,1.057433,4.566615,3680,6073,2393,3680,1,115.538,14,normal
1780594825.8055649,35.216201399991405,35386,0.034668,0.015625,1.043945,0.984733,2.610687,-0.793893,1.044638,2.900974,3685,6080,2395,3685,0,115.538,1,normal
1780594825.8360834,35.246719799994025,35417,0.038574,-0.06958,1.052246,1.183206,2.572519,-0.954198,1.055249,2.98803,3686,6082,2396,3686,0,115.538,6,normal
1780594825.867935,35.27857129999029,35448,0.048828,-0.012207,1.070312,3.435115,2.992366,-0.274809,1.071495,4.563966,3690,6088,2398,3690,0,115.538,5,normal
1780594825.897697,35.30833339999663,35479,0.055664,-0.005859,1.057373,0.29771,3.312977,-1.206107,1.058853,3.53824,3694,6094,2400,3694,0,115.538,0,normal
1780594825.932169,35.342805299995234,35509,0.040771,-0.044189,1.05835,1.740458,2.839695,-0.816794,1.060056,3.429317,3696,6098,2402,3696,0,115.538,1,normal
1780594825.9596338,35.37027020000096,35540,0.046387,-0.038086,1.060791,2.328244,3.160305,-0.282443,1.062488,3.935483,3699,6102,2403,3699,0,115.538,6,normal
1780594825.9898057,35.400442099999054,35571,0.043213,-0.001221,1.068115,0.717557,3.587786,-1.030534,1.06899,3.801197,3703,6108,2405,3703,0,96.774,1,normal
1780594826.0223246,35.43296089999785,35602,0.036133,-0.057129,1.042969,2.374046,2.900763,-0.29771,1.045157,3.760206,3705,6113,2408,3705,1,96.774,14,normal
1780594826.0527976,35.46343399999023,35634,0.036377,-0.003906,1.051514,0.839695,2.610687,-0.435114,1.05215,2.776706,3710,6120,2410,3710,0,96.774,1,normal
1780594826.0846174,35.495253699991736,35665,0.031982,-0.064453,1.064697,0.519084,2.473282,-1.40458,1.067126,2.891266,3712,6124,2412,3712,0,96.774,0,normal
1780594826.1154635,35.52610000000277,35696,0.048584,-0.010986,1.054688,3.564885,3.564885,-0.137405,1.055863,5.043381,3715,6129,2414,3715,1,96.774,13,normal
1780594826.1470845,35.557720900003915,35727,0.037109,0.001953,1.047607,0.290076,2.580153,-1.381679,1.048266,2.941151,3720,6136,2416,3720,0,96.774,0,normal
1780594826.1789546,35.58959109999705,35758,0.040283,-0.042236,1.057373,1.923664,2.541985,-0.320611,1.058983,3.203898,3722,6140,2418,3722,0,96.774,1,normal
1780594826.2095308,35.62016730000323,35789,0.042236,-0.031494,1.063232,2.755725,2.908397,-0.305344,1.064537,4.018212,3727,6146,2419,3727,0,96.774,6,normal
1780594826.239661,35.65029730000242,35820,0.047852,0.009277,1.064209,0.274809,4.259542,-0.847328,1.065325,4.351688,3731,6152,2421,3731,0,96.774,1,normal
1780594826.2718701,35.68250650000118,35851,0.034912,-0.052734,1.044434,2.389313,2.801527,-0.503817,1.046347,3.716342,3733,6157,2424,3733,1,107.143,14,normal
1780594826.3024015,35.71303790000093,35883,0.046631,-0.003906,1.046631,1.557252,2.198473,-0.526718,1.047676,2.745132,3738,6164,2426,3738,0,107.143,1,normal
1780594826.3342438,35.7448801999999,35914,0.038574,-0.064941,1.048584,0.572519,2.618321,-1.21374,1.051301,2.942201,3740,6168,2428,3740,0,107.143,0,normal
1780594826.3647633,35.77539969999634,35945,0.048828,-0.023682,1.056152,3.51145,3.221374,-0.167939,1.057546,4.768201,3743,6173,2430,3743,1,107.143,14,normal
1780594826.3958194,35.80645580000419,35976,0.048096,-0.000977,1.04834,0.061069,2.984733,-1.015267,1.049443,3.153273,3748,6180,2432,3748,0,107.143,0,normal
1780594826.4268749,35.83751139999367,36007,0.047119,-0.040771,1.05835,1.59542,2.389313,-1.122137,1.060182,3.084376,3750,6184,2434,3750,0,107.143,1,normal
1780594826.4581077,35.86874409999291,36038,0.040039,-0.038574,1.058106,2.480916,3.320611,-0.274809,1.059565,4.154145,3755,6190,2435,3755,0,107.143,6,normal
1780594826.4882398,35.8988762999943,36069,0.040527,0.00708,1.064453,0.335878,3.679389,-1.40458,1.065248,3.952665,3759,6196,2437,3759,0,107.143,1,normal
1780594826.5198052,35.930441699994844,36100,0.035889,-0.059326,1.039795,2.618321,2.305344,-0.320611,1.042104,3.503284,3761,6201,2440,3761,1,107.143,14,normal
1780594826.5517552,35.962391499997466,36132,0.033936,0.00293,1.046631,1.122137,2.366412,-0.496183,1.047185,2.665576,3766,6208,2442,3766,0,117.438,1,normal
1780594826.582871,35.993507399994996,36163,0.019531,-0.048096,1.053467,0.526718,2.48855,-1.29771,1.054745,2.855584,3768,6212,2444,3768,0,117.438,0,normal
1780594826.6141806,36.02481709999847,36194,0.048828,-0.023438,1.053711,3.419847,3.824427,-0.053435,1.055102,5.130736,3771,6217,2446,3771,1,117.438,14,normal
1780594826.6456819,36.05631829999038,36225,0.045654,0.006104,1.04541,0.061069,3.427481,-1.137405,1.046424,3.611792,3776,6224,2448,3776,0,117.438,0,normal
1780594826.6755128,36.086149099995964,36256,0.045898,-0.038574,1.060547,1.618321,2.740458,-1.076336,1.06224,3.359698,3778,6228,2450,3778,0,117.438,0,normal
1780594826.707653,36.118289399993955,36287,0.03418,-0.030518,1.063721,2.450382,2.534351,-0.549618,1.064707,3.567826,3781,6232,2451,3781,0,117.438,6,normal
1780594826.7378142,36.14845069999865,36319,0.052246,0.001709,1.064697,0.610687,3.641221,-1.152672,1.06598,3.867827,3785,6238,2453,3785,0,117.438,0,normal
1780594826.770241,36.18087739999464,36350,0.042969,-0.062012,1.040772,2.122137,2.503817,-0.343511,1.043502,3.300086,3787,6243,2456,3787,1,117.438,13,normal
1780594826.8000877,36.21072400000412,36381,0.040283,0.006836,1.048096,1.282443,2.549618,-0.687023,1.048892,2.935509,3791,6248,2457,3791,0,117.438,5,normal
1780594826.8312347,36.24187099999108,36412,0.028076,-0.036621,1.05957,0.625954,2.908397,-0.839695,1.060575,3.091226,3793,6252,2459,3793,0,96.429,1,normal
1780594826.862873,36.27350959999603,36443,0.054443,-0.025391,1.056885,3.496183,3.038168,-0.167939,1.058591,4.634864,3796,6257,2461,3796,1,96.429,14,normal
1780594826.8931549,36.30379119999998,36474,0.057129,0.000732,1.052246,0.419847,3.351145,-0.931298,1.053796,3.503393,3801,6264,2463,3801,0,96.429,1,normal
1780594826.9283564,36.33899289999681,36505,0.033936,-0.044922,1.056885,1.580153,2.473282,-0.78626,1.058383,3.038456,3803,6268,2465,3803,0,96.429,0,normal
1780594826.9553409,36.3659772999963,36536,0.043457,-0.036865,1.055664,2.351145,3.450382,-0.122137,1.057201,4.177072,3807,6274,2467,3807,0,96.429,5,normal
1780594826.987944,36.39858039999672,36568,0.03833,-0.009766,1.066406,0.603053,3.763359,-1.053435,1.06714,3.954272,3811,6280,2469,3811,0,96.429,0,normal
1780594827.0192351,36.42987159999029,36599,0.0271,-0.060059,1.030029,2.564885,2.755725,-0.358779,1.032134,3.781716,3813,6285,2472,3813,1,96.429,14,normal
1780594827.0498278,36.460464299991145,36630,0.03833,0.000977,1.056152,1.274809,2.435115,-0.80916,1.056848,2.865251,3818,6292,2474,3818,0,96.429,1,normal
1780594827.0810354,36.49167180000222,36661,0.038574,-0.029297,1.061768,0.763359,2.80916,-1.312977,1.062872,3.193432,3820,6296,2476,3820,0,96.429,0,normal
1780594827.1119416,36.52257790000294,36692,0.054443,-0.020508,1.051514,3.045802,3.541985,-0.091603,1.053122,4.67236,3823,6301,2478,3823,1,107.143,13,normal
1780594827.1423023,36.55293879999954,36723,0.047852,0.002686,1.041992,0.603053,2.816794,-1.015267,1.043094,3.054304,3827,6306,2479,3827,0,107.143,5,normal
1780594827.1743436,36.58497999999963,36754,0.034912,-0.05542,1.050293,1.366412,2.374046,-1.160305,1.052333,2.974808,3829,6310,2481,3829,0,107.143,1,normal
1780594827.2058733,36.616509699990274,36785,0.054688,-0.035645,1.060059,2.526718,3.083969,-0.526718,1.062067,4.021517,3833,6316,2483,3833,0,107.143,6,normal
1780594827.236776,36.64741249999497,36817,0.039795,0.004883,1.070801,0.114504,3.572519,-0.900763,1.071551,3.686106,3837,6322,2485,3837,0,107.143,1,normal
1780594827.2678804,36.678516799991485,36848,0.031494,-0.056396,1.045166,2.267176,2.80916,-0.541985,1.04716,3.650372,3839,6327,2488,3839,1,107.143,14,normal
1780594827.3007517,36.71138809999684,36880,0.036865,-0.006348,1.05249,1.274809,2.717557,-0.671756,1.053155,3.075957,3844,6334,2490,3844,0,107.143,1,normal
1780594827.3302906,36.74092689999088,36911,0.0271,-0.036621,1.053711,0.885496,2.664122,-1.259542,1.054695,3.077027,3846,6338,2492,3846,0,107.143,0,normal
1780594827.3609548,36.77159129999927,36942,0.053467,-0.018799,1.055908,3.259542,3.80916,0.015267,1.057428,5.013437,3849,6343,2494,3849,1,104.0,14,normal
1780594827.3910592,36.80169549999118,36973,0.060059,-0.001709,1.047852,0.21374,3.59542,-0.847328,1.049573,3.700094,3854,6350,2496,3854,0,104.0,0,normal
1780594827.423505,36.83414150000317,37003,0.027344,-0.059814,1.058106,1.236641,2.236641,-1.114504,1.060147,2.788183,3856,6354,2498,3856,0,104.0,0,normal
1780594827.4539819,36.86461829999462,37034,0.049805,-0.027832,1.059326,3.061069,2.977099,-0.137405,1.060862,4.272252,3860,6360,2500,3860,0,104.0,6,normal
1780594827.4857807,36.89641719999781,37066,0.049072,0.014893,1.062012,0.343511,3.755725,-1.045802,1.063249,3.913716,3863,6364,2501,3863,0,104.0,6,normal
1780594827.517587,36.928223299997626,37097,0.054932,-0.04834,1.045654,2.19084,2.992366,-0.320611,1.048211,3.722476,3865,6369,2504,3865,1,104.0,13,normal
1780594827.5481608,36.958797300001606,37128,0.040527,-0.011963,1.051758,1.748092,2.366412,-0.664122,1.052606,3.016088,3870,6376,2506,3870,0,104.0,0,normal
1780594827.5803628,36.99099930000375,37160,0.022461,-0.049805,1.053711,0.503817,2.625954,-1.343511,1.055126,2.992406,3872,6380,2508,3872,0,104.0,1,normal
1780594827.6105363,37.021172699998715,37191,0.054443,-0.020264,1.054443,3.29771,3.389313,-0.160305,1.056042,4.7316,3875,6385,2510,3875,1,104.0,13,normal
1780594827.6406724,37.05130890000146,37221,0.039795,0.008789,1.045654,1.08397,2.48855,-0.709924,1.046448,2.805684,3880,6392,2512,3880,0,111.111,1,normal
1780594827.671618,37.08225449999736,37252,0.031494,-0.059814,1.048584,0.931298,2.419847,-1.396947,1.050761,2.94524,3882,6396,2514,3882,0,111.111,1,normal
1780594827.7045622,37.115198500003316,37283,0.042236,-0.012939,1.05957,3.167939,3.305344,-0.305344,1.060491,4.588504,3886,6402,2516,3886,0,111.111,6,normal
1780594827.7338722,37.14450850000139,37314,0.042969,0.000244,1.05249,0.083969,3.89313,-1.08397,1.053367,4.042092,3888,6406,2518,3888,0,111.111,1,normal
1780594827.764249,37.174885500004166,37345,0.03125,-0.051758,1.04248,2.496183,2.900763,-0.648855,1.044232,3.881542,3890,6411,2521,3890,1,111.111,14,normal
1780594827.796075,37.206711499995436,37376,0.040039,-0.039795,1.065918,2.671756,2.80916,-0.152672,1.067412,3.879816,3894,6416,2522,3894,0,111.111,5,normal
1780594827.8267367,37.23737319999782,37407,0.044922,-0.003906,1.075439,0.51145,3.931298,-1.335878,1.076384,4.18345,3897,6420,2523,3897,0,111.111,6,normal
1780594827.857572,37.268208499997854,37438,0.031738,-0.06543,1.033447,2.381679,2.259542,-0.335878,1.036003,3.300112,3899,6425,2526,3899,1,111.111,14,normal
1780594827.8891125,37.29974899999797,37469,0.034912,0.013672,1.05249,1.496183,2.038168,-0.549618,1.053158,2.587426,3904,6432,2528,3904,0,111.111,0,normal
1780594827.918901,37.32953750000161,37500,0.047119,-0.025635,1.066162,0.671756,2.908397,-0.770992,1.067511,3.08293,3906,6436,2530,3906,0,93.19,0,normal
1780594827.9500718,37.36070829999517,37530,0.052002,-0.062988,1.049561,2.343511,2.656489,-0.198473,1.052734,3.548009,3908,6441,2533,3908,1,93.19,13,normal
1780594827.9797835,37.390419999996084,37561,0.032959,0.002197,1.043701,1.244275,3.038168,-0.450382,1.044224,3.313839,3913,6448,2535,3913,0,93.19,0,normal
1780594828.0120711,37.42270749999443,37592,0.042236,-0.053711,1.049316,0.496183,2.633588,-1.381679,1.051539,3.015132,3915,6452,2537,3915,0,93.19,0,normal
1780594828.0426784,37.45331479999004,37623,0.040039,-0.025146,1.044434,3.358779,3.526718,0.061069,1.045503,4.870612,3918,6457,2539,3918,1,93.19,14,normal
1780594828.0726504,37.48328689999471,37654,0.039307,0.002197,1.0625,0.312977,3.496183,-0.992366,1.063229,3.647745,3921,6462,2541,3921,0,93.19,0,normal
1780594828.104367,37.5150033999962,37684,0.037354,-0.044434,1.054688,1.549618,2.519084,-1.160305,1.056284,3.177013,3923,6466,2543,3923,0,93.19,1,normal
1780594828.13463,37.54526649999025,37715,0.052246,-0.015625,1.072754,2.725191,3.48855,0.160305,1.074139,4.429712,3927,6472,2545,3927,0,93.19,6,normal
1780594828.1656258,37.57626229999005,37746,0.054443,-0.000732,1.055664,0.290076,3.793893,-0.931298,1.057067,3.91728,3930,6476,2546,3930,0,93.19,5,normal
1780594828.197122,37.60775860000285,37777,0.043701,-0.047119,1.042969,2.259542,2.206107,-0.290076,1.044947,3.171211,3932,6481,2549,3932,1,93.863,14,normal
1780594828.2280252,37.63866159999452,37809,0.043701,0.008545,1.054932,1.175572,2.244275,-0.732824,1.055871,2.63738,3937,6488,2551,3937,0,93.863,1,normal
1780594828.2593472,37.66998369999055,37840,0.047119,-0.030273,1.060547,0.480916,2.740458,-1.244275,1.062025,3.047886,3939,6492,2553,3939,0,93.863,0,normal
1780594828.2896378,37.70027429999027,37871,0.061035,-0.068359,1.055176,2.816794,3.244275,-0.305344,1.059148,4.307306,3941,6497,2556,3941,1,93.863,14,normal
1780594828.3218951,37.73253149999073,37902,0.065186,-0.003906,1.042725,0.358779,2.358779,-0.687023,1.044767,2.482853,3946,6504,2558,3946,0,93.863,0,normal
1780594828.3522334,37.76286979998986,37933,0.041992,-0.05249,1.063965,1.022901,2.442748,-1.145038,1.066086,2.885213,3948,6508,2560,3948,0,93.863,0,normal
1780594828.3836586,37.794295100000454,37964,0.054932,-0.014404,1.058838,2.923664,3.343511,-0.366412,1.06036,4.456584,3952,6514,2562,3952,0,93.863,6,normal
1780594828.4131646,37.823801099992124,37995,0.044678,-0.001953,1.047607,0.167939,3.053435,-1.114504,1.048561,3.25481,3954,6518,2564,3954,0,93.863,0,normal
1780594828.4441528,37.85478929999226,38025,0.055176,-0.052246,1.056152,2.030534,2.816794,-0.847328,1.058882,3.574264,3956,6522,2566,3956,0,93.863,1,normal
1780594828.4754193,37.88605559999996,38056,0.043213,-0.033691,1.065186,2.305344,2.954198,-0.343511,1.066594,3.762964,3961,6528,2567,3961,0,103.943,6,normal
1780594828.5070183,37.91765469999518,38088,0.038086,-0.000977,1.069092,0.854962,2.870229,-1.435114,1.06977,3.320953,3964,6532,2568,3964,0,103.943,5,normal
1780594828.5388637,37.949500100003206,38119,0.032715,-0.064697,1.038818,2.267176,2.824427,-0.374046,1.041345,3.64107,3966,6537,2571,3966,1,103.943,14,normal
1780594828.5689335,37.979569999995874,38150,0.036377,-0.001221,1.042725,1.198473,2.587786,-0.480916,1.04336,2.892102,3971,6544,2573,3971,0,103.943,1,normal
1780594828.600962,38.011598400000366,38181,0.022949,-0.050781,1.058594,0.496183,2.908397,-1.374046,1.06006,3.254685,3973,6548,2575,3973,0,103.943,0,normal
1780594828.6310694,38.04170590000285,38212,0.046631,-0.008057,1.056396,3.717557,3.229008,-0.083969,1.057456,4.924812,3976,6553,2577,3976,1,103.943,14,normal
1780594828.6618018,38.07243829999061,38243,0.04248,-0.003174,1.047119,0.259542,3.687023,-0.870229,1.047985,3.797209,3981,6560,2579,3981,0,103.943,0,normal
1780594828.693685,38.10432149999542,38274,0.044922,-0.041992,1.055664,1.763359,2.450382,-1.114504,1.057454,3.218062,3983,6564,2581,3983,0,103.943,0,normal
1780594828.7245338,38.13517019999563,38305,0.046875,-0.039307,1.06665,2.51145,3.061069,-0.099237,1.068403,3.960729,3987,6570,2583,3987,0,103.943,6,normal
1780594828.7563884,38.16702490000171,38337,0.048096,0.002686,1.063965,0.687023,3.89313,-0.89313,1.065055,4.052918,3989,6574,2585,3989,0,99.644,0,normal
1780594828.7905898,38.20122619999165,38368,0.034668,-0.074219,1.045166,2.335878,2.694656,-0.244275,1.048371,3.574516,3991,6579,2588,3991,1,99.644,13,normal
1780594828.8188698,38.22950619999028,38399,0.038086,-0.003662,1.042969,1.061069,2.450382,-0.671756,1.04367,2.753451,3996,6586,2590,3996,0,99.644,0,normal
1780594828.8494616,38.26009789999807,38430,0.027344,-0.044922,1.055664,0.694656,2.625954,-1.244275,1.056973,2.987708,3997,6588,2591,3997,0,99.644,5,normal
1780594828.882845,38.29348140000366,38462,0.04248,-0.019531,1.047607,3.290076,3.671756,-0.053435,1.04865,4.930441,4001,6594,2593,4001,0,99.644,6,normal
1780594828.9137423,38.32437869999558,38494,0.048584,0.005127,1.061768,0.259542,3.244275,-1.427481,1.062891,3.553925,4005,6600,2595,4005,0,99.644,1,normal
1780594828.9448977,38.35553410000284,38525,0.053467,-0.029785,1.048584,2.419847,2.80916,-0.335878,1.050369,3.722883,4007,6605,2598,4007,1,99.644,14,normal
1780594828.9767292,38.387365599992336,38556,0.029541,-0.025391,1.05957,2.244275,2.633588,-0.458015,1.060286,3.49032,4013,6612,2599,4013,0,99.644,0,normal
1780594829.0084217,38.419057999999495,38588,0.036377,-0.016602,1.065674,0.335878,3.198473,-1.061069,1.066424,3.386578,4015,6616,2601,4015,0,103.586,0,normal
1780594829.0396712,38.45030749999569,38619,0.061523,-0.026855,1.061035,3.274809,2.748092,-0.412214,1.063157,4.294916,4017,6621,2604,4017,1,103.586,14,normal
1780594829.07052,38.48115639999742,38651,0.046631,0.003662,1.05249,0.312977,3.129771,-1.244275,1.053529,3.38255,4021,6626,2605,4021,0,103.586,5,normal
1780594829.1020916,38.512728000001516,38682,0.048584,-0.037109,1.050781,1.572519,2.793893,-0.824427,1.052558,3.310338,4023,6630,2607,4023,0,103.586,0,normal
1780594829.134112,38.54474830000254,38714,0.043945,-0.043945,1.070557,2.145038,2.51145,-0.290076,1.072359,3.315526,4028,6636,2608,4028,0,103.586,6,normal
1780594829.1642752,38.574911499992595,38745,0.036621,-0.00415,1.072998,0.442748,3.335878,-1.305344,1.073631,3.609436,4032,6642,2610,4032,0,103.586,0,normal
1780594829.1963534,38.6069897999987,38776,0.034668,-0.072266,1.041748,2.549618,2.51145,-0.427481,1.044827,3.604258,4033,6645,2612,4033,1,103.586,18,normal
1780594829.2262502,38.63688649999676,38807,0.044189,0.004395,1.053223,1.08397,2.40458,-0.793893,1.054158,2.754498,4038,6652,2614,4038,0,103.586,1,normal
1780594829.2579715,38.66860799999267,38838,0.029785,-0.040527,1.055176,0.641221,2.603053,-1.114504,1.056374,2.903303,4040,6656,2616,4040,0,100.0,0,normal
1780594829.2893949,38.70003130000259,38869,0.054199,-0.017822,1.055908,3.305344,2.793893,-0.526718,1.057448,4.359882,4043,6661,2618,4043,1,100.0,13,normal
1780594829.3205802,38.73121659999015,38900,0.062256,-0.000244,1.042969,0.557252,3.152672,-0.656489,1.044825,3.268156,4048,6668,2620,4048,0,100.0,0,normal
1780594829.35016,38.760796200003824,38931,0.031494,-0.046875,1.055908,1.412214,2.458015,-0.923664,1.057417,2.9815,4050,6672,2622,4050,0,100.0,1,normal
1780594829.383403,38.794039400003385,38962,0.039307,-0.037354,1.063477,2.557252,2.748092,-0.167939,1.064858,3.757625,4054,6678,2624,4054,0,100.0,6,normal
1780594829.412862,38.82349850000173,38994,0.044189,0.0,1.062988,0.541985,3.740458,-0.900763,1.063906,3.885376,4057,6682,2625,4057,0,100.0,5,normal
1780594829.444795,38.85543119999056,39024,0.054932,-0.029053,1.035644,2.206107,2.740458,-0.580153,1.037507,3.565613,4059,6687,2628,4059,1,100.0,14,normal
1780594829.4756923,38.886328599997796,39055,0.046387,-0.023193,1.055908,1.847328,2.320611,-0.412214,1.057181,2.994624,4064,6694,2630,4064,0,100.0,0,normal
1780594829.5068057,38.917442199992365,39087,0.038086,-0.014648,1.05957,0.633588,3.328244,-1.419847,1.060356,3.673501,4066,6698,2632,4066,0,100.0,0,normal
1780594829.5378628,38.94849929999327,39118,0.060059,-0.01416,1.058106,3.450382,2.938931,-0.145038,1.059903,4.534698,4067,6701,2634,4067,1,96.429,17,normal
1780594829.57606,38.98669649999647,39150,0.041992,0.012939,1.049561,0.21374,2.671756,-1.450382,1.05048,3.047552,4072,6708,2636,4072,0,96.429,0,normal
1780594829.6061199,39.01675629999954,39187,0.048828,-0.020752,1.048584,3.59542,3.038168,0.160305,1.049925,4.709905,4075,6713,2638,4075,1,96.429,14,normal
1780594829.6385536,39.04919009999139,39218,0.033691,0.015625,1.053955,0.083969,2.992366,-1.160305,1.054609,3.210548,4080,6720,2640,4080,0,96.429,0,normal
1780594829.6700926,39.08072899999388,39250,0.061768,-0.042969,1.052246,2.152672,2.80916,-0.290076,1.054933,3.550989,4082,6725,2643,4082,1,96.429,14,normal
1780594829.7025282,39.113164599999436,39282,0.032959,0.003662,1.063965,1.984733,2.282443,-0.427481,1.064482,3.054742,4088,6732,2644,4088,0,96.429,1,normal
1780594829.732394,39.1430304999958,39313,0.035889,-0.003174,1.058838,0.610687,3.587786,-1.129771,1.059451,3.810712,4090,6736,2646,4090,0,96.429,0,normal
1780594829.7641635,39.17479979999189,39344,0.057617,-0.048828,1.054688,3.175573,2.732824,-0.167939,1.057388,4.192946,4091,6739,2648,4091,1,96.429,17,normal
1780594829.7941744,39.204810900002485,39375,0.055176,0.02002,1.050537,0.984733,2.374046,-0.618321,1.052176,2.643504,4096,6746,2650,4096,0,112.84,0,normal
1780594829.8270905,39.23772689999896,39406,0.043213,-0.068848,1.049316,1.053435,2.496183,-1.160305,1.05246,2.947366,4098,6750,2652,4098,0,112.84,1,normal
1780594829.858078,39.26871439999377,39437,0.054688,-0.016113,1.06543,3.267176,3.045802,-0.442748,1.066954,4.488582,4102,6756,2654,4102,0,112.84,6,normal
1780594829.8885074,39.29914370000188,39469,0.059814,-0.009033,1.050537,0.236641,3.656489,-1.236641,1.052277,3.867194,4104,6760,2656,4104,0,112.84,1,normal
1780594829.920619,39.33125540000037,39500,0.048096,-0.041992,1.045898,2.152672,2.854962,-0.129771,1.047845,3.577938,4106,6765,2659,4106,1,112.84,14,normal
1780594829.9521418,39.36277809999592,39532,0.032471,0.009521,1.049072,1.305344,2.412214,-0.343511,1.049618,2.764181,4111,6772,2661,4111,0,112.84,1,normal
1780594829.9822104,39.392846799994004,39563,0.035645,-0.024658,1.062012,0.274809,3.114504,-1.068702,1.062896,3.304206,4113,6776,2663,4113,0,112.84,0,normal
1780594830.013886,39.42452249999042,39594,0.060791,-0.064941,1.052734,3.259542,3.450382,-0.290076,1.056486,4.755406,4116,6781,2665,4116,1,112.84,14,normal
1780594830.0451689,39.45580519999203,39625,0.058105,-0.003174,1.052734,0.503817,2.740458,-1.061069,1.054341,2.981578,4121,6788,2667,4121,0,100.0,0,normal
1780594830.0745292,39.48516569999629,39656,0.041748,-0.049316,1.06543,1.412214,2.40458,-1.374046,1.067387,3.108755,4123,6792,2669,4123,0,100.0,0,normal
1780594830.1077635,39.51839990000008,39687,0.052002,-0.015381,1.063477,3.114504,3.641221,-0.076336,1.064858,4.792124,4127,6798,2671,4127,0,100.0,6,normal
1780594830.13761,39.548246499995,39718,0.039795,0.003418,1.051758,0.167939,3.290076,-1.396947,1.052516,3.578305,4131,6804,2673,4131,0,100.0,0,normal
1780594830.1681333,39.57876969999052,39749,0.058594,-0.029297,1.050293,2.29771,3.068702,-0.450382,1.052334,3.859954,4133,6809,2676,4133,1,100.0,13,normal
1780594830.2003007,39.610937199991895,39780,0.042236,-0.030762,1.063721,2.145038,2.557252,-0.503817,1.065003,3.375582,4137,6814,2677,4137,0,100.0,6,normal
1780594830.2302136,39.6408500999969,39811,0.049072,-0.000732,1.06543,0.664122,3.007634,-1.160305,1.066559,3.291387,4139,6818,2679,4139,0,100.0,1,normal
1780594830.2625177,39.673154099989915,39842,0.046875,-0.073242,1.044189,2.618321,3.396947,-0.183206,1.047804,4.292833,4141,6823,2682,4141,1,100.0,14,normal
1780594830.293954,39.70459039999696,39873,0.032227,-0.00293,1.044189,1.198473,2.374046,-0.419847,1.044691,2.692342,4146,6830,2684,4146,0,100.0,1,normal
1780594830.3235102,39.73414669999329,39904,0.029785,-0.056396,1.056641,0.526718,2.603053,-1.305344,1.058564,2.959263,4148,6834,2686,4148,0,96.774,0,normal
1780594830.3550167,39.76565319999645,39935,0.046143,-0.02002,1.053955,3.496183,3.358779,0.038168,1.055155,4.848314,4151,6839,2688,4151,1,96.774,14,normal
1780594830.3849978,39.79563429999689,39966,0.044434,0.011719,1.051758,0.022901,3.320611,-1.0,1.052761,3.467994,4156,6846,2690,4156,0,96.774,0,normal
1780594830.4165118,39.82714829999895,39997,0.04126,-0.049316,1.052246,1.442748,2.89313,-1.068702,1.054209,3.404974,4158,6850,2692,4158,0,96.774,0,normal
1780594830.4484015,39.85903779999353,40028,0.042725,-0.036621,1.066406,2.480916,3.183206,-0.267176,1.06789,4.044642,4162,6856,2694,4162,0,96.774,6,normal
1780594830.4796138,39.8902500999975,40059,0.049072,0.010254,1.05835,0.083969,3.656489,-1.122137,1.059536,3.825722,4166,6862,2696,4166,0,96.774,0,normal
1780594830.5085819,39.919218199996976,40090,0.050781,-0.041748,1.048584,2.29771,2.725191,-0.343511,1.050643,3.58108,4168,6867,2699,4168,1,96.774,13,normal
1780594830.5411282,39.95176460000221,40121,0.040771,0.023682,1.054199,1.832061,2.312977,-0.656489,1.055253,3.022794,4172,6872,2700,4172,0,96.774,6,normal
1780594830.5722432,39.982879699993646,40152,0.045898,-0.025879,1.05835,0.610687,3.725191,-0.78626,1.05966,3.855929,4174,6876,2702,4174,0,96.774,1,normal
1780594830.6036713,40.01430779999646,40183,0.061035,-0.059326,1.05957,3.114504,2.763359,-0.274809,1.062984,4.172746,4176,6881,2705,4176,1,100.358,14,normal
1780594830.633583,40.04421949999232,40214,0.048584,-0.000977,1.036865,0.763359,2.801527,-0.618321,1.038003,2.968769,4181,6888,2707,4181,0,100.358,1,normal
1780594830.6636846,40.07432109999354,40245,0.043701,-0.049316,1.049072,1.076336,2.366412,-0.992366,1.05114,2.78266,4183,6892,2709,4183,0,100.358,0,normal
1780594830.6962965,40.10693280000123,40276,0.05249,-0.018066,1.06665,3.442748,2.900763,-0.282443,1.068094,4.510733,4187,6898,2711,4187,0,100.358,5,normal
1780594830.7283435,40.138979800001835,40308,0.047363,0.009521,1.05957,0.320611,3.854962,-1.229008,1.060671,4.058816,4191,6904,2713,4191,0,100.358,0,normal
1780594830.7596505,40.1702867999993,40339,0.058594,-0.038574,1.047852,2.427481,2.618321,-0.458015,1.050197,3.599728,4193,6909,2716,4193,1,100.358,14,normal
1780594830.7904894,40.20112589999917,40370,0.027344,0.002441,1.050049,1.633588,2.435115,-0.687023,1.050408,3.011709,4198,6916,2718,4198,0,100.358,1,normal
1780594830.8215292,40.23216559999855,40401,0.039795,-0.001221,1.070557,0.526718,3.847328,-1.076336,1.071297,4.029624,4200,6920,2720,4200,0,100.358,0,normal
1780594830.852626,40.263262399996165,40432,0.051758,-0.080566,1.045654,2.832061,2.709924,-0.259542,1.05003,3.92831,4202,6925,2723,4202,1,100.358,13,normal
1780594830.8838742,40.29451049999625,40463,0.039795,0.001709,1.043457,0.816794,2.801527,-0.625954,1.044217,2.984547,4206,6930,2724,4206,0,107.143,6,normal
1780594830.920195,40.330831500003114,40494,0.04248,-0.061768,1.055664,0.854962,2.458015,-1.19084,1.058322,2.861974,4208,6934,2726,4208,0,107.143,1,normal
1780594830.94557,40.35620629999903,40525,0.04834,-0.02124,1.058106,3.335878,3.328244,-0.633588,1.059422,4.754653,4212,6940,2728,4212,0,107.143,6,normal
1780594830.9760807,40.38671700000123,40557,0.052734,-0.006104,1.056885,0.580153,3.29771,-0.870229,1.058217,3.459591,4216,6946,2730,4216,0,107.143,1,normal
1780594831.006893,40.41752930000075,40587,0.036377,-0.051514,1.063477,1.59542,2.732824,-0.625954,1.065345,3.225758,4218,6950,2732,4218,0,107.143,0,normal
1780594831.0389996,40.44963609999104,40618,0.050049,-0.030762,1.064209,2.450382,2.48855,-0.458015,1.065829,3.522361,4223,6956,2733,4223,0,107.143,5,normal
1780594831.068935,40.47957129999122,40650,0.043457,-0.004639,1.059814,0.732824,3.770992,-0.969466,1.060715,3.961979,4227,6962,2735,4227,0,107.143,1,normal
1780594831.1004446,40.511080900003435,40681,0.040039,-0.059082,1.057373,2.648855,2.778626,-0.21374,1.059779,3.844851,4229,6967,2738,4229,1,107.143,14,normal
1780594831.131024,40.54166020000412,40712,0.036865,-0.005615,1.049072,1.236641,2.572519,-0.40458,1.049735,2.88285,4234,6974,2740,4234,0,107.143,1,normal
1780594831.1636064,40.574242799993954,40743,0.035156,-0.052246,1.048096,0.587786,2.992366,-1.221374,1.049986,3.285042,4236,6978,2742,4236,0,107.143,0,normal
1780594831.193471,40.60410739999497,40774,0.043701,-0.018799,1.056885,3.29771,3.015267,0.053435,1.057955,4.468734,4239,6983,2744,4239,1,107.143,14,normal
1780594831.2249246,40.63556100000278,40804,0.052979,0.018555,1.048828,0.061069,3.053435,-0.679389,1.050329,3.1287,4243,6988,2745,4243,0,107.143,6,normal
1780594831.2547672,40.66540359999635,40836,0.024902,-0.033936,1.059814,1.458015,2.534351,-0.946565,1.06065,3.073228,4245,6992,2747,4245,0,107.143,0,normal
1780594831.2874062,40.69804259999364,40867,0.038574,-0.029053,1.068848,2.671756,3.458015,-0.122137,1.069938,4.37162,4248,6998,2750,4248,0,107.143,6,normal
1780594831.3183389,40.72897529999318,40898,0.052979,0.02002,1.063721,0.374046,4.152672,-1.137405,1.065227,4.321838,4252,7004,2752,4252,0,107.143,0,normal
1780594831.3484766,40.759113099993556,40929,0.044922,-0.050537,1.043213,2.40458,2.167939,-0.389313,1.045402,3.260909,4254,7009,2755,4254,1,107.143,14,normal
1780594831.379778,40.790414299990516,40960,0.033936,-0.006348,1.060791,1.885496,2.564885,-0.480916,1.061353,3.219474,4260,7016,2756,4260,0,107.143,0,normal
1780594831.4113362,40.821972599995206,40991,0.051758,-0.031494,1.05542,0.21374,3.091603,-0.80916,1.057157,3.202879,4262,7020,2758,4262,0,107.143,1,normal
1780594831.4436882,40.85432450000371,41023,0.04834,-0.022705,1.054443,3.496183,2.740458,-0.320611,1.055795,4.453784,4264,7025,2761,4264,1,100.0,14,normal
1780594831.4735637,40.88420020000194,41054,0.043701,0.007324,1.043945,0.450382,2.977099,-0.946565,1.044885,3.156256,4269,7032,2763,4269,0,100.0,0,normal
1780594831.5048609,40.915497199996025,41085,0.036865,-0.044189,1.056396,1.21374,2.580153,-1.198473,1.057963,3.093007,4271,7036,2765,4271,0,100.0,0,normal
1780594831.5370407,40.94767719999072,41116,0.04248,-0.048828,1.06958,2.534351,2.740458,0.198473,1.071536,3.737972,4274,7042,2768,4274,0,100.0,6,normal
1780594831.5670714,40.97770779998973,41147,0.043213,0.009521,1.05835,0.526718,3.671756,-1.08397,1.059274,3.864481,4277,7046,2769,4277,0,100.0,5,normal
1780594831.5985856,41.009221999993315,41178,0.050781,-0.04248,1.043701,2.022901,2.763359,-0.450382,1.045799,3.454146,4279,7051,2772,4279,1,100.0,14,normal
1780594831.6295145,41.04015089999302,41209,0.034424,-0.037354,1.050781,1.946565,2.862595,-0.236641,1.052008,3.469808,4284,7058,2774,4284,0,100.0,1,normal
1780594831.6598,41.07043649999832,41240,0.040771,-0.007813,1.067627,0.389313,3.633588,-0.946565,1.068434,3.774985,4286,7062,2776,4286,0,100.0,0,normal
1780594831.691176,41.10181239999656,41271,0.05835,-0.078857,1.04126,2.305344,2.770992,-0.320611,1.04587,3.618812,4288,7067,2779,4288,1,100.0,14,normal
1780594831.7226918,41.13332829999854,41302,0.042969,0.002441,1.046631,0.854962,2.664122,-0.603053,1.047515,2.862198,4293,7074,2781,4293,0,103.943,0,normal
1780594831.7529001,41.163536599997315,41333,0.038574,-0.04834,1.056885,0.763359,2.862595,-1.022901,1.058693,3.134245,4295,7078,2783,4295,0,103.943,0,normal
1780594831.7840955,41.19473200000357,41364,0.041016,-0.021973,1.047119,3.480916,3.236641,-0.351145,1.048152,4.766123,4298,7083,2785,4298,0,103.943,13,normal
1780594831.8144615,41.22509779999382,41395,0.039551,0.013428,1.043945,0.587786,3.061069,-1.236641,1.04478,3.353344,4303,7090,2787,4303,0,103.943,0,normal
1780594831.8453906,41.25602699999581,41426,0.046875,-0.053467,1.054932,1.900763,2.961832,-0.854962,1.057325,3.621645,4305,7094,2789,4305,0,103.943,1,normal
1780594831.8769581,41.287594499997795,41457,0.048096,-0.033691,1.063232,2.580153,3.259542,-0.229008,1.064853,4.163442,4310,7100,2790,4310,0,103.943,5,normal
1780594831.90773,41.31836659999681,41488,0.049072,-0.001221,1.068848,0.381679,3.641221,-0.946565,1.069974,3.781555,4313,7104,2791,4313,0,103.943,5,normal
1780594831.9408994,41.35153590000118,41519,0.02832,-0.05957,1.044189,2.045802,2.709924,-0.572519,1.046271,3.443366,4315,7109,2794,4315,1,103.943,14,normal
1780594831.9713354,41.3819719000021,41551,0.036621,-0.007324,1.046631,1.038168,2.908397,-0.564886,1.047297,3.139373,4320,7116,2796,4320,0,103.943,1,normal
1780594832.002948,41.41358439999749,41582,0.0271,-0.037842,1.054199,0.671756,2.80916,-1.312977,1.055226,3.172782,4322,7120,2798,4322,0,103.571,0,normal
1780594832.0326042,41.44324059999781,41613,0.046631,-0.025391,1.05835,3.389313,3.198473,0.0,1.059681,4.660222,4325,7125,2800,4325,1,103.571,14,normal
1780594832.0640497,41.47468620000291,41644,0.046387,0.008301,1.049561,0.274809,3.328244,-1.282443,1.050618,3.577344,4330,7132,2802,4330,0,103.571,0,normal
1780594832.0965085,41.507144999995944,41675,0.04541,-0.035156,1.058594,1.48855,2.587786,-0.671756,1.06015,3.060012,4332,7136,2804,4332,0,103.571,0,normal
1780594832.126812,41.5374482999905,41706,0.056641,-0.031006,1.075684,2.664122,3.450382,-0.076336,1.07762,4.359875,4337,7142,2805,4337,0,103.571,6,normal
1780594832.1575656,41.568201899994165,41738,0.044434,0.003662,1.06665,0.732824,3.396947,-0.954198,1.067582,3.603717,4341,7148,2807,4341,0,103.571,0,normal
1780594832.1899462,41.6005826999899,41769,0.042236,-0.067383,1.048584,2.183206,2.832061,-0.549618,1.051595,3.617878,4343,7153,2810,4343,1,103.571,13,normal
1780594832.2196453,41.630281599995214,41800,0.030273,-0.005127,1.046387,1.221374,2.152672,-0.519084,1.046837,2.528873,4348,7160,2812,4348,0,103.571,0,normal
1780594832.2509627,41.661599099999876,41831,0.035645,-0.034912,1.05249,0.328244,2.961832,-1.206107,1.053672,3.214792,4350,7164,2814,4350,0,103.571,1,normal
1780594832.2819393,41.692575699999,41862,0.047363,-0.028809,1.059326,3.564885,3.229008,-0.145038,1.060776,4.812062,4353,7169,2816,4353,1,110.714,14,normal
1780594832.313368,41.72400449999259,41894,0.049561,-0.007568,1.047363,0.083969,2.900763,-1.259542,1.048562,3.16353,4358,7176,2818,4358,0,110.714,0,normal
1780594832.3452938,41.755930200000876,41925,0.046387,-0.051514,1.048096,2.335878,2.633588,-0.984733,1.050386,3.655381,4360,7181,2821,4360,1,110.714,14,normal
1780594832.3789637,41.78960019999067,41957,0.032471,-0.0271,1.049561,2.10687,2.564885,-0.007634,1.050412,3.319276,4365,7188,2823,4365,0,110.714,1,normal
1780594832.4088743,41.81951079999271,41988,0.050537,-0.020508,1.052734,0.312977,4.145038,-1.10687,1.054146,4.30168,4367,7192,2825,4367,0,110.714,0,normal
1780594832.4397411,41.850377599999774,42019,0.057373,-0.067139,1.04834,2.40458,3.007634,-0.290076,1.052053,3.861607,4368,7195,2827,4368,1,110.714,18,normal
1780594832.4699461,41.880582600002526,42050,0.04248,0.008057,1.048096,1.427481,3.015267,-0.435114,1.048987,3.364352,4373,7202,2829,4373,0,110.714,0,normal
1780594832.501954,41.91259049999644,42081,0.037109,-0.044189,1.056152,0.633588,2.648855,-1.038168,1.057728,2.914731,4375,7206,2831,4375,0,110.714,1,normal
1780594832.532956,41.94359219999751,42113,0.047852,-0.018799,1.062744,2.938931,3.137405,-0.366412,1.063987,4.314497,4379,7212,2833,4379,0,103.586,6,normal
1780594832.5646372,41.97527349999291,42145,0.046875,0.013672,1.066406,0.251908,3.824427,-0.938931,1.067524,3.946048,4383,7218,2835,4383,0,103.586,1,normal
1780594832.5956826,42.00631909999356,42176,0.025879,-0.056396,1.048096,2.374046,2.51145,-0.465649,1.049931,3.487163,4385,7223,2838,4385,1,103.586,14,normal
1780594832.6277268,42.03836330000195,42208,0.046387,-0.018066,1.047119,1.152672,2.778626,-0.450382,1.048302,3.041752,4390,7230,2840,4390,0,103.586,1,normal
1780594832.6582234,42.06885989999864,42239,0.041016,-0.03418,1.0625,0.694656,2.198473,-1.076336,1.063841,2.54447,4391,7232,2841,4391,0,103.586,6,normal
1780594832.690387,42.10102339999867,42270,0.041016,-0.021729,1.056885,3.221374,3.21374,-0.091603,1.057903,4.551238,4394,7237,2843,4394,1,103.586,14,normal
1780594832.7206123,42.13124859999516,42301,0.047852,0.004639,1.047119,0.274809,3.328244,-1.076336,1.048222,3.508736,4399,7244,2845,4399,0,103.586,0,normal
1780594832.7516334,42.162269899999956,42332,0.03418,-0.038086,1.060791,1.541985,2.89313,-0.854962,1.062025,3.388049,4401,7248,2847,4401,0,103.586,0,normal
1780594832.7831929,42.19382939999923,42363,0.049561,-0.039551,1.059814,2.839695,3.427481,-0.137405,1.06171,4.453131,4404,7252,2848,4404,0,100.0,6,normal
1780594832.8141034,42.22473970000283,42394,0.044678,0.012939,1.068359,0.519084,3.923664,-0.89313,1.069371,4.057372,4408,7258,2850,4408,0,100.0,0,normal
1780594832.8573673,42.26800369999546,42425,0.029297,-0.062256,1.046875,2.396947,2.358779,-0.480916,1.049134,3.397127,4410,7263,2853,4410,1,100.0,13,normal
1780594832.8758352,42.286471699990216,42456,0.025146,0.003906,1.045898,1.572519,2.610687,-0.587786,1.046208,3.103868,4415,7270,2855,4415,0,100.0,1,normal
1780594832.9064188,42.317055299994536,42487,0.044678,-0.010498,1.056641,0.587786,3.442748,-0.938931,1.057637,3.616573,4417,7274,2857,4417,0,100.0,0,normal
1780594832.9377806,42.348417100001825,42518,0.057373,-0.024658,1.059326,2.992366,3.114504,-0.259542,1.061165,4.326864,4419,7279,2860,4419,1,100.0,14,normal
1780594832.9692922,42.37992849999864,42549,0.057617,0.012939,1.04541,0.70229,2.717557,-0.671756,1.047077,2.886102,4424,7286,2862,4424,0,100.0,0,normal
1780594833.0004506,42.41108710000117,42580,0.034912,-0.050049,1.059814,1.21374,2.717557,-1.274809,1.06157,3.237811,4426,7290,2864,4426,0,100.0,0,normal
1780594833.0315201,42.44215659999463,42611,0.052734,-0.019287,1.065674,3.061069,3.564885,-0.198473,1.067152,4.702972,4430,7296,2866,4430,0,100.0,6,normal
1780594833.0610576,42.47169409999333,42642,0.053955,0.005859,1.060303,0.160305,3.29771,-1.267176,1.061691,3.536428,4434,7302,2868,4434,0,107.527,1,normal
1780594833.0926511,42.503287600004114,42672,0.050537,-0.052002,1.041748,1.900763,3.267176,-0.618321,1.044269,3.830099,4436,7306,2870,4436,0,107.527,0,normal
1780594833.123043,42.533679400003166,42703,0.058838,-0.039551,1.069092,2.473282,2.610687,-0.381679,1.07144,3.61642,4441,7312,2871,4441,0,107.527,5,normal
1780594833.1552186,42.565855099994224,42735,0.041504,-0.009521,1.065674,0.564886,3.931298,-1.030534,1.066524,4.103194,4445,7318,2873,4445,0,107.527,0,normal
1780594833.1861093,42.596745699993335,42766,0.05542,-0.068604,1.043213,2.381679,3.015267,-0.51145,1.046934,3.876314,4446,7321,2875,4446,1,107.527,17,normal
1780594833.2173984,42.62803480000002,42797,0.045898,0.005859,1.049316,1.076336,2.832061,-0.679389,1.050336,3.104938,4451,7328,2877,4451,0,107.527,0,normal
1780594833.2484605,42.65909689999535,42828,0.031982,-0.049561,1.050049,0.923664,2.137405,-0.969466,1.051704,2.522205,4453,7332,2879,4453,0,107.527,1,normal
1780594833.2811236,42.691760100002284,42860,0.043213,-0.039551,1.069336,2.824427,3.557252,-0.175573,1.070939,4.545576,4457,7338,2881,4457,0,107.527,6,normal
1780594833.31133,42.721966500001145,42892,0.046387,-0.003906,1.068359,0.328244,3.618321,-1.160305,1.069373,3.813961,4459,7342,2883,4459,0,100.0,1,normal
1780594833.3433459,42.75398239999777,42923,0.02832,-0.059814,1.039062,2.48855,2.412214,-0.29771,1.041168,3.478547,4461,7347,2886,4461,1,100.0,14,normal
1780594833.3735232,42.78415959999256,42954,0.032227,0.018799,1.049072,1.549618,2.40458,-0.549618,1.049735,2.912972,4466,7354,2888,4466,0,100.0,0,normal
1780594833.405399,42.8160355,42985,0.044434,-0.028564,1.062744,0.610687,3.381679,-0.89313,1.064056,3.550546,4468,7358,2890,4468,0,100.0,0,normal
1780594833.4358804,42.84651679999661,43016,0.066162,-0.01123,1.058106,3.244275,3.847328,-0.328244,1.060231,5.043312,4471,7363,2892,4471,1,100.0,13,normal
1780594833.4672868,42.87792329999502,43047,0.057861,0.005371,1.046387,0.870229,2.80916,-0.641221,1.047999,3.009958,4476,7370,2894,4476,0,100.0,1,normal
1780594833.497964,42.90860039999825,43078,0.046387,-0.043945,1.050293,1.396947,2.664122,-1.114504,1.052235,3.207978,4478,7374,2896,4478,0,100.0,0,normal
1780594833.5293896,42.94002599999658,43109,0.052002,-0.028809,1.063477,2.740458,2.656489,0.015267,1.065137,3.81671,4482,7380,2898,4482,0,100.0,5,normal
1780594833.5604687,42.97110509999038,43140,0.050293,0.017578,1.063232,0.290076,3.977099,-1.29771,1.064566,4.193508,4486,7386,2900,4486,0,100.0,0,normal
1780594833.5921917,43.002828099997714,43171,0.035156,-0.055664,1.043701,1.854962,2.625954,-0.343511,1.045776,3.233345,4488,7391,2903,4488,1,103.943,14,normal
1780594833.6228442,43.033480700003565,43203,0.042725,0.002197,1.041992,1.625954,2.664122,-0.435114,1.04287,3.151285,4493,7398,2905,4493,0,103.943,0,normal
1780594833.6514304,43.062066899990896,43233,0.040039,0.00415,1.071045,0.206107,3.29771,-1.290076,1.071801,3.547065,4495,7402,2907,4495,0,103.943,1,normal
1780594833.6844409,43.095077199992375,43263,0.057617,-0.076172,1.043701,2.137405,2.885496,-0.10687,1.048062,3.592493,4497,7407,2910,4497,1,103.943,14,normal
1780594833.714245,43.12488160000066,43294,0.036377,0.006104,1.046387,0.732824,2.839695,-0.679389,1.047037,3.010393,4502,7414,2912,4502,0,103.943,0,normal
1780594833.7446156,43.155251999996835,43325,0.037109,-0.050537,1.042236,0.458015,2.877863,-1.068702,1.04412,3.103868,4504,7418,2914,4504,0,103.943,0,normal
1780594833.7767053,43.187341700002435,43356,0.035645,-0.025635,1.050537,3.564885,3.519084,0.114504,1.051454,5.010536,4508,7424,2916,4508,0,103.943,6,normal
1780594833.8068755,43.21751190000214,43387,0.046387,-0.006836,1.052246,0.068702,3.045802,-0.977099,1.05329,3.19943,4512,7430,2918,4512,0,103.943,1,normal
1780594833.8376563,43.2482927999954,43418,0.052002,-0.048828,1.049805,2.358779,2.59542,-0.610687,1.052225,3.559913,4514,7435,2921,4514,1,103.943,14,normal
1780594833.8697903,43.280426800003625,43449,0.046875,-0.03418,1.054688,2.167939,2.572519,-0.51145,1.056282,3.402851,4518,7440,2922,4518,0,107.914,6,normal
1780594833.9016662,43.31230269999651,43481,0.047607,0.000732,1.060059,0.19084,3.198473,-1.08397,1.061127,3.38255,4520,7444,2924,4520,0,107.914,0,normal
1780594833.9323072,43.34294370000134,43512,0.053467,-0.078369,1.058594,2.916031,2.694656,-0.21374,1.062836,3.976191,4522,7449,2927,4522,1,107.914,14,normal
1780594833.9640653,43.374701699998695,43543,0.05127,0.011719,1.047363,1.061069,2.48855,-0.740458,1.048683,2.804822,4527,7456,2929,4527,0,107.914,1,normal
1780594833.9952474,43.40588379999099,43574,0.033203,-0.054199,1.05249,1.08397,2.778626,-1.122137,1.054408,3.186682,4528,7458,2930,4528,0,107.914,6,normal
1780594834.0255418,43.4361782999913,43605,0.044189,-0.017822,1.063477,2.870229,3.045802,-0.175573,1.064544,4.188788,4532,7464,2932,4532,0,107.914,6,normal
1780594834.0572095,43.467845999999554,43637,0.050781,-0.005127,1.059814,0.541985,3.89313,-1.137405,1.061043,4.091931,4536,7470,2934,4536,0,107.914,1,normal
1780594834.088959,43.49959530000342,43668,0.026123,-0.05542,1.039551,2.244275,2.732824,-0.572519,1.041355,3.5823,4538,7475,2937,4538,1,107.914,14,normal
1780594834.1202638,43.53090030000021,43700,0.046631,-0.007324,1.042969,1.267176,2.396947,-0.282443,1.044036,2.72596,4543,7482,2939,4543,0,99.602,0,normal
1780594834.151169,43.56180559999484,43731,0.040771,-0.052979,1.053223,0.458015,2.40458,-1.343511,1.055342,2.792276,4545,7486,2941,4545,0,99.602,0,normal
1780594834.1833727,43.594009099993855,43762,0.045166,-0.017578,1.062744,3.770992,3.030534,-0.114504,1.063849,4.839177,4548,7490,2942,4548,0,99.602,6,normal
1780594834.2136302,43.62426670000423,43794,0.061279,0.00708,1.062256,0.389313,3.763359,-1.091603,1.064045,3.93777,4552,7496,2944,4552,0,99.602,1,normal
1780594834.2440488,43.65468520000286,43824,0.044434,-0.048096,1.06543,2.145038,2.534351,-0.748092,1.06744,3.403493,4554,7501,2947,4554,1,99.602,14,normal
1780594834.2759068,43.68654329999117,43855,0.044189,-0.036133,1.06665,2.351145,2.274809,-0.167939,1.068177,3.275796,4558,7507,2949,4558,0,99.602,3,normal
1780594834.3084123,43.71904879999056,43887,0.038818,-0.031006,1.053223,0.122137,3.450382,-1.206107,1.054394,3.65715,4561,7512,2951,4561,0,99.602,1,normal
1780594834.3377087,43.74834510000073,43918,0.059082,-0.055664,1.04541,2.923664,3.709924,-0.374046,1.048557,4.738276,4563,7517,2954,4563,1,99.602,14,normal
1780594834.3694181,43.78005459999258,43949,0.041016,0.012695,1.049805,0.854962,2.59542,-0.832061,1.050682,2.856482,4566,7522,2956,4566,0,99.602,0,normal
1780594834.3997962,43.81043260000297,43979,0.037109,-0.043945,1.056641,0.358779,2.687023,-1.381679,1.058205,3.042672,4568,7526,2958,4568,0,89.606,1,normal
1780594834.4307466,43.841382899991004,44010,0.041992,-0.023682,1.055908,3.824427,3.007634,-0.267176,1.057008,4.872729,4572,7532,2960,4572,0,89.606,6,normal
1780594834.4621565,43.872793000002275,44042,0.049072,0.012207,1.0625,0.618321,3.641221,-1.145038,1.063703,3.866772,4576,7538,2962,4576,0,89.606,0,normal
1780594834.4935703,43.9042066999973,44073,0.051514,-0.052002,1.051025,2.152672,2.312977,-0.40458,1.053571,3.185521,4578,7543,2965,4578,1,89.606,14,normal
1780594834.5240557,43.93469209999603,44104,0.036377,-0.007568,1.048584,2.030534,2.549618,-0.549618,1.049242,3.305405,4582,7548,2966,4582,0,89.606,5,normal
1780594834.5542254,43.96486179999192,44134,0.044434,0.003662,1.061035,0.244275,3.824427,-1.40458,1.061971,4.081514,4584,7552,2968,4584,0,89.606,0,normal
1780594834.5852923,43.995928799995454,44165,0.068848,-0.076416,1.048584,2.419847,3.129771,-0.267176,1.053616,3.965162,4586,7557,2971,4586,1,89.606,13,normal
1780594834.615998,44.02663449999818,44196,0.053711,0.008789,1.046387,1.175572,2.587786,-0.671756,1.047801,2.920593,4591,7564,2973,4591,0,89.606,1,normal
1780594834.6473892,44.058025699996506,44227,0.033203,-0.06665,1.052734,0.679389,2.183206,-1.290076,1.055364,2.625311,4593,7568,2975,4593,0,89.606,0,normal
1780594834.6795385,44.0901748000033,44258,0.045898,-0.026367,1.061035,3.412214,3.229008,-0.175573,1.062355,4.701119,4597,7574,2977,4597,0,103.943,6,normal
1780594834.7102945,44.12093079999613,44290,0.065918,0.019043,1.069092,0.244275,3.748092,-1.19084,1.071291,3.9403,4600,7578,2978,4600,0,103.943,5,normal
1780594834.74331,44.15394649999507,44321,0.041748,-0.048584,1.047852,2.236641,2.679389,-0.328244,1.049808,3.505629,4602,7583,2981,4602,1,103.943,15,normal
1780594834.773057,44.18369330000132,44353,0.027832,-0.000977,1.044922,1.603053,2.641221,-0.435114,1.045293,3.120121,4607,7590,2983,4607,0,103.943,1,normal
1780594834.8042285,44.21486500000174,44384,0.036621,-0.074219,1.048828,0.335878,2.419847,-1.038168,1.052088,2.654481,4609,7594,2985,4609,0,103.943,0,normal
1780594834.8355238,44.24616029999743,44415,0.060059,-0.024414,1.059814,3.717557,3.694656,-0.10687,1.061796,5.242341,4613,7600,2987,4613,0,103.943,6,normal
1780594834.8661294,44.27676589999464,44446,0.053223,0.003662,1.053223,0.145038,3.656489,-1.091603,1.054573,3.81871,4617,7606,2989,4617,0,103.943,1,normal
1780594834.911371,44.322007299997495,44477,0.041504,-0.053467,1.057861,2.129771,2.564885,-0.679389,1.060024,3.402372,4618,7609,2991,4618,1,103.943,17,normal
1780594834.9298105,44.34044699999504,44509,0.033203,0.006348,1.057861,1.946565,2.267176,-0.641221,1.058401,3.056201,4623,7616,2993,4623,0,103.586,0,normal
1780594834.9598224,44.37045879999641,44540,0.048096,-0.02832,1.05957,0.366412,2.854962,-1.045802,1.061039,3.062477,4625,7620,2995,4625,0,103.586,1,normal
1780594834.991371,44.40200729999924,44571,0.060059,-0.047607,1.049316,3.40458,3.068702,-0.10687,1.052111,4.584705,4627,7625,2998,4627,1,103.586,14,normal
1780594835.0225115,44.43314779999491,44602,0.057861,0.012451,1.057129,0.671756,2.664122,-0.610687,1.058784,2.814559,4632,7632,3000,4632,0,103.586,0,normal
1780594835.0534186,44.46405500000401,44633,0.0354,-0.062988,1.059326,0.885496,2.458015,-1.251908,1.061787,2.897105,4634,7636,3002,4634,0,103.586,1,normal
1780594835.0847654,44.495401799998945,44664,0.040283,-0.043945,1.060059,2.801527,2.824427,-0.396947,1.061734,3.997938,4637,7640,3003,4637,0,103.586,6,normal
1780594835.1162689,44.526905299993814,44696,0.055908,-0.001953,1.070557,0.458015,3.358779,-1.412214,1.072017,3.672264,4641,7646,3005,4641,0,103.586,0,normal
1780594835.1466122,44.557248700002674,44727,0.030762,-0.0625,1.0354,2.198473,2.618321,-0.633588,1.037741,3.477114,4643,7651,3008,4643,1,103.586,14,normal
1780594835.1786025,44.58923899999354,44758,0.048584,-0.00293,1.051514,1.656489,2.366412,-0.587786,1.05264,2.947771,4648,7658,3010,4648,0,103.586,0,normal
1780594835.2159467,44.62658319999173,44795,0.036133,-0.05249,1.058106,0.458015,2.48855,-1.160305,1.060023,2.783696,4650,7663,3013,4650,1,94.406,15,normal
1780594835.2449653,44.65560169999662,44826,0.034424,0.008057,1.048584,1.755725,2.412214,-0.236641,1.04918,2.992882,4654,7668,3014,4654,0,94.406,5,normal
1780594835.277023,44.68765939999139,44857,0.034424,-0.052002,1.051025,0.137405,2.755725,-1.007634,1.052874,2.937384,4656,7672,3016,4656,0,94.406,0,normal
1780594835.3075054,44.718141899997136,44888,0.056396,-0.020264,1.062012,3.755725,3.40458,0.114504,1.063701,5.070478,4659,7677,3018,4659,1,94.406,13,normal
1780594835.3393772,44.750013700002455,44919,0.048584,0.009277,1.052734,0.389313,2.656489,-1.045802,1.053896,2.881353,4664,7684,3020,4664,0,94.406,1,normal
1780594835.370642,44.78127839999797,44950,0.059326,-0.055908,1.05127,2.114504,3.114504,-0.564886,1.054425,3.80662,4666,7689,3023,4666,1,94.406,14,normal
1780594835.4027646,44.81340089999139,44982,0.037842,-0.033691,1.043701,2.19084,2.328244,-0.580153,1.04493,3.249166,4672,7696,3024,4672,0,94.406,0,normal
1780594835.4342146,44.84485090000089,45014,0.039795,-0.013428,1.058838,0.48855,3.343511,-1.229008,1.05967,3.595582,4674,7700,3026,4674,0,94.406,0,normal
1780594835.4670024,44.87763879999693,45045,0.050537,-0.021973,1.044189,3.328244,3.022901,-0.198473,1.045642,4.500503,4677,7705,3028,4677,1,108.0,13,normal
1780594835.4954786,44.90611499999068,45076,0.03833,0.002441,1.046631,0.671756,2.496183,-0.984733,1.047335,2.766204,4682,7712,3030,4682,0,108.0,0,normal
1780594835.5267053,44.937341700002435,45106,0.031494,-0.071045,1.051758,0.816794,2.374046,-1.435114,1.054625,2.89185,4684,7716,3032,4684,0,108.0,0,normal
1780594835.558084,44.96872049999365,45137,0.055176,-0.021729,1.055664,3.618321,3.320611,-0.244275,1.057328,4.917151,4688,7722,3034,4688,0,108.0,5,normal
1780594835.5879235,44.99855999999272,45168,0.04541,0.006836,1.054199,0.145038,3.648855,-1.167939,1.055199,3.833961,4692,7728,3036,4692,0,108.0,0,normal
1780594835.6199028,45.03053920000093,45199,0.049316,-0.038818,1.053711,2.10687,2.305344,-0.946565,1.055578,3.263356,4694,7733,3039,4694,1,108.0,13,normal
1780594835.6502225,45.06085890000395,45230,0.04126,-0.032959,1.04834,2.198473,2.59542,-0.610687,1.049669,3.455782,4699,7740,3041,4699,0,108.0,1,normal
1780594835.6800518,45.09068819999811,45261,0.042969,0.006836,1.062256,0.534351,2.908397,-1.427481,1.063146,3.283596,4701,7744,3043,4701,0,108.0,0,normal
1780594835.7120223,45.122658799999044,45292,0.029541,-0.060059,1.038086,2.648855,2.442748,-0.358779,1.040241,3.621074,4703,7749,3046,4703,1,108.0,13,normal
1780594835.7426298,45.15326609999465,45323,0.048828,0.016113,1.054199,1.419847,2.801527,-0.847328,1.055452,3.253073,4708,7756,3048,4708,0,111.511,0,normal
1780594835.7741797,45.18481609999435,45354,0.040039,-0.06665,1.054688,0.908397,2.709924,-1.122137,1.05755,3.070515,4710,7760,3050,4710,0,111.511,0,normal
1780594835.8190632,45.22969959999318,45385,0.049316,-0.019287,1.062988,3.21374,3.389313,0.038168,1.064306,4.67087,4714,7766,3052,4714,0,111.511,5,normal
1780594835.83801,45.24864649999654,45417,0.050049,0.014404,1.063232,0.19084,3.877863,-1.290076,1.064507,4.091276,4718,7772,3054,4718,0,111.511,0,normal
1780594835.8684876,45.27912399999332,45448,0.033936,-0.057861,1.044434,2.40458,2.442748,-0.389313,1.046585,3.449723,4720,7777,3057,4720,1,111.511,13,normal
1780594835.8997521,45.310388600002625,45479,0.039307,0.002441,1.050537,1.938931,2.374046,-0.526718,1.051275,3.110141,4725,7784,3059,4725,0,111.511,0,normal
1780594835.9303298,45.34096629999112,45510,0.039062,-0.017334,1.055176,0.274809,3.129771,-1.099237,1.056041,3.328559,4727,7788,3061,4727,0,111.511,0,normal
1780594835.9620912,45.372727699999814,45541,0.061523,-0.064209,1.049316,2.748092,3.801527,-0.061069,1.053078,4.691198,4730,7793,3063,4730,1,111.511,13,normal
1780594835.9922943,45.40293080000265,45572,0.054688,0.003174,1.052246,0.870229,2.259542,-0.923664,1.053671,2.591522,4735,7800,3065,4735,0,111.511,0,normal
1780594836.0228944,45.43353090000164,45603,0.033203,-0.047852,1.05249,1.320611,2.412214,-1.435114,1.0541,3.10199,4737,7804,3067,4737,0,103.571,0,normal
1780594836.0553453,45.46598179999273,45634,0.051758,-0.024902,1.06958,2.793893,3.198473,-0.145038,1.071121,4.249366,4741,7810,3069,4741,0,103.571,5,normal
1780594836.0857854,45.49642189999577,45666,0.051025,0.0,1.061523,0.534351,3.450382,-1.206107,1.062749,3.693962,4745,7816,3071,4745,0,103.571,0,normal
1780594836.1181166,45.52875299999141,45697,0.048584,-0.061035,1.046631,2.305344,2.992366,-0.564886,1.049534,3.819419,4747,7821,3074,4747,1,103.571,13,normal
1780594836.1480975,45.55873399999109,45728,0.039062,-0.001221,1.04248,1.557252,2.030534,-0.29771,1.043213,2.576186,4752,7828,3076,4752,0,103.571,1,normal
1780594836.178955,45.589591399999335,45759,0.042236,-0.047852,1.054443,0.587786,2.526718,-1.21374,1.056373,2.864081,4754,7832,3078,4754,0,103.571,0,normal
1780594836.210573,45.62120949999371,45790,0.054932,-0.018799,1.055176,3.473282,3.167939,-0.022901,1.056772,4.70107,4756,7835,3079,4756,1,103.571,15,normal
1780594836.2422552,45.65289169999596,45821,0.041504,0.01001,1.057861,0.251908,3.21374,-0.923664,1.058722,3.353318,4761,7842,3081,4761,0,103.571,0,normal
1780594836.273102,45.68373849999625,45852,0.039062,-0.050781,1.056396,1.725191,3.083969,-0.519084,1.058337,3.571638,4763,7846,3083,4763,0,103.571,0,normal
1780594836.304132,45.714768499994534,45883,0.039795,-0.040527,1.044189,2.145038,2.396947,-0.763359,1.045733,3.305943,4768,7852,3084,4768,0,110.714,5,normal
1780594836.3351777,45.74581419999595,45914,0.044922,-0.003174,1.066406,0.290076,3.351145,-0.80916,1.067357,3.459633,4770,7856,3086,4770,0,110.714,0,normal
1780594836.3654864,45.77612290000252,45945,0.044434,-0.062744,1.046875,2.358779,2.557252,-0.458015,1.049694,3.50901,4772,7861,3089,4772,1,110.714,13,normal
1780594836.3962545,45.80689100000018,45976,0.040039,0.003418,1.044434,1.526718,2.458015,-0.641221,1.045206,2.96376,4775,7866,3091,4775,0,110.714,1,normal
1780594836.4275217,45.83815820000018,46007,0.038086,-0.046875,1.061523,0.610687,2.274809,-1.267176,1.06324,2.674589,4777,7870,3093,4777,0,110.714,0,normal
1780594836.4579883,45.86862459999975,46038,0.052002,-0.021973,1.050537,3.320611,3.244275,-0.015267,1.052053,4.642414,4780,7875,3095,4780,1,110.714,14,normal
1780594836.4898796,45.90051599999424,46069,0.040527,0.021484,1.047119,0.259542,3.221374,-0.801527,1.048123,3.329723,4784,7880,3096,4784,0,110.714,6,normal
1780594836.5199246,45.930561000001035,46100,0.046387,-0.049072,1.049072,1.671756,2.442748,-0.832061,1.051243,3.074754,4786,7884,3098,4786,0,110.714,1,normal
1780594836.5515306,45.96216709999135,46131,0.033691,-0.032227,1.063477,2.709924,2.549618,-0.351145,1.064498,3.737318,4791,7890,3099,4791,0,110.714,5,normal
1780594836.5820134,45.992649699997855,46162,0.048096,-0.000244,1.070557,0.549618,3.442748,-1.0,1.071636,3.626926,4795,7896,3101,4795,0,96.774,0,normal
1780594836.6129036,46.023540099995444,46192,0.035645,-0.055176,1.044678,2.374046,2.381679,-0.435114,1.046741,3.390843,4797,7901,3104,4797,1,96.774,13,normal
1780594836.6440966,46.054733099997975,46224,0.049561,0.00293,1.041748,1.412214,2.167939,-0.29771,1.04293,2.604407,4802,7908,3106,4802,0,96.774,1,normal
1780594836.6749852,46.085621499994886,46255,0.041992,-0.044189,1.053223,0.801527,2.656489,-1.29771,1.054985,3.063238,4803,7910,3107,4803,0,96.774,6,normal
1780594836.7055662,46.11620269999548,46286,0.066162,-0.021729,1.050293,3.259542,3.51145,-0.19084,1.052599,4.794926,4806,7915,3109,4806,1,96.774,14,normal
1780594836.7372212,46.14785769999435,46317,0.040771,0.005615,1.056885,0.29771,3.732824,-0.854962,1.057686,3.841038,4811,7922,3111,4811,0,96.774,0,normal
1780594836.7671635,46.177799999990384,46348,0.040283,-0.046875,1.059326,1.839695,2.587786,-1.068702,1.061128,3.35011,4813,7926,3113,4813,0,96.774,1,normal
1780594836.7993112,46.209947499999544,46379,0.038818,-0.040771,1.055908,1.992366,3.10687,-0.587786,1.057408,3.737333,4817,7932,3115,4817,0,96.774,5,normal
1780594836.8303885,46.241024999995716,46410,0.045898,0.000732,1.070068,0.351145,3.419847,-1.08397,1.071052,3.60467,4821,7938,3117,4821,0,96.774,0,normal
1780594836.8612807,46.27191719999246,46441,0.031738,-0.068115,1.040772,2.358779,2.534351,-0.503817,1.043481,3.498658,4822,7941,3119,4822,1,96.774,17,normal
1780594836.8912983,46.30193459999282,46472,0.053955,0.0,1.048828,1.70229,2.351145,-0.465649,1.050215,2.939814,4827,7948,3121,4827,0,96.774,1,normal
1780594836.9220772,46.33271370000148,46502,0.0354,-0.017334,1.055908,0.145038,3.519084,-1.29771,1.056644,3.753537,4829,7952,3123,4829,0,96.774,0,normal
1780594836.9549003,46.36553680000361,46532,0.047363,-0.06958,1.043701,1.931298,2.763359,-0.061069,1.04709,3.371912,4831,7957,3126,4831,1,96.774,13,normal
1780594836.9832826,46.3939190999954,46563,0.039307,0.013916,1.03833,1.167939,2.48855,-0.801527,1.039167,2.86346,4836,7964,3128,4836,0,96.774,0,normal
1780594837.0133963,46.42403280000144,46594,0.030029,-0.064941,1.047852,0.725191,2.40458,-1.534351,1.050291,2.943151,4838,7968,3130,4838,0,96.774,0,normal
1780594837.044194,46.454830299990135,46624,0.045166,-0.025146,1.049316,3.519084,3.290076,0.091603,1.050589,4.818396,4841,7973,3132,4841,1,96.774,14,normal
1780594837.0746245,46.48526099999435,46655,0.039307,-0.003906,1.057129,-0.061069,3.343511,-0.923664,1.057867,3.469287,4846,7980,3134,4846,0,96.774,0,normal
1780594837.1066988,46.51733519999834,46686,0.045654,-0.046875,1.057617,1.900763,2.656489,-0.763359,1.059639,3.354482,4848,7984,3136,4848,0,96.774,1,normal
1780594837.1379673,46.54860379999445,46717,0.052246,-0.044434,1.05835,2.389313,2.259542,-0.305344,1.06057,3.302663,4853,7990,3137,4853,0,112.319,5,normal
1780594837.1697,46.58033630000136,46749,0.049316,-0.000977,1.066162,0.160305,3.625954,-1.244275,1.067302,3.836856,4857,7996,3139,4857,0,112.319,0,normal
1780594837.2018762,46.61251259999699,46780,0.038574,-0.069336,1.040527,2.717557,2.748092,-0.068702,1.043548,3.865468,4859,8001,3142,4859,1,112.319,13,normal
1780594837.2315593,46.64219579999917,46811,0.040527,0.020996,1.047119,1.458015,2.709924,-0.618321,1.048114,3.13876,4864,8008,3144,4864,0,112.319,0,normal
1780594837.262208,46.67284430000291,46842,0.031982,-0.064209,1.052002,0.916031,2.396947,-1.282443,1.054445,2.868645,4866,8012,3146,4866,0,112.319,0,normal
1780594837.294146,46.70478259999072,46873,0.057129,-0.017578,1.058594,3.366412,3.847328,0.083969,1.06028,5.112898,4870,8018,3148,4870,0,112.319,5,normal
1780594837.3270755,46.73771200000192,46905,0.051758,0.018311,1.056396,0.167939,3.748092,-0.916031,1.057822,3.86206,4874,8024,3150,4874,0,112.319,0,normal
1780594837.3569956,46.767631900002016,46936,0.029541,-0.057861,1.036377,2.160305,2.564885,-0.305344,1.038411,3.367312,4876,8029,3153,4876,1,112.319,13,normal
1780594837.3890097,46.799646100000245,46968,0.049316,-0.003418,1.051514,1.580153,2.412214,-0.801527,1.052675,2.993009,4881,8036,3155,4881,0,111.554,1,normal
1780594837.4204187,46.8310552000039,46999,0.041748,-0.05127,1.057129,0.732824,2.473282,-1.21374,1.059194,2.850846,4883,8040,3157,4883,0,111.554,0,normal
1780594837.4508471,46.861483499989845,47030,0.053711,-0.011963,1.049561,3.587786,3.793893,-0.145038,1.051002,5.223684,4887,8046,3159,4887,0,111.554,6,normal
1780594837.481646,46.89228240000375,47061,0.038818,0.013916,1.050049,0.290076,2.80916,-1.183206,1.050858,3.061944,4891,8052,3161,4891,0,111.554,1,normal
1780594837.511753,46.92238950000319,47092,0.046631,-0.050537,1.055176,2.114504,2.534351,-0.610687,1.057414,3.356635,4893,8056,3163,4893,0,111.554,0,normal
1780594837.5436382,46.95427469999413,47123,0.037842,-0.026367,1.064453,2.137405,2.694656,-0.358779,1.065452,3.458091,4898,8062,3164,4898,0,111.554,5,normal
1780594837.5750353,46.98567169999296,47154,0.050049,0.000977,1.062012,0.412214,3.725191,-0.946565,1.063191,3.865612,4902,8068,3166,4902,0,111.554,0,normal
1780594837.605023,47.015659400000004,47185,0.045898,-0.069092,1.043457,2.312977,2.442748,-0.259542,1.046749,3.374054,4904,8073,3169,4904,1,111.554,13,normal
1780594837.6351013,47.045737699998426,47216,0.052246,0.000244,1.049561,1.70229,2.206107,-0.328244,1.05086,2.805788,4909,8080,3171,4909,0,111.554,1,normal
1780594837.6664944,47.07713089999743,47246,0.034424,-0.025146,1.05957,0.648855,2.877863,-1.007634,1.060428,3.11744,4911,8084,3173,4911,0,107.914,0,normal
1780594837.696888,47.107524499995634,47277,0.051514,-0.048096,1.049805,3.381679,2.59542,0.007634,1.052168,4.262865,4913,8089,3176,4913,1,107.914,13,normal
1780594837.7283614,47.138997799993376,47307,0.039795,0.014648,1.052734,0.885496,2.992366,-0.580153,1.053588,3.174104,4918,8096,3178,4918,0,107.914,0,normal
1780594837.7585742,47.169210699998075,47338,0.022949,-0.064697,1.052978,0.694656,2.480916,-1.427481,1.055214,2.945368,4920,8100,3180,4920,0,107.914,0,normal
1780594837.7901378,47.200774299999466,47369,0.043457,-0.014648,1.062012,3.549618,3.396947,-0.122137,1.063001,4.914667,4924,8106,3182,4924,0,107.914,5,normal
1780594837.8223517,47.23298819999036,47401,0.039795,0.015137,1.06665,0.389313,3.770992,-1.19084,1.0675,3.973669,4928,8112,3184,4928,0,107.914,0,normal
1780594837.8535056,47.264142100000754,47433,0.03418,-0.05835,1.035156,2.244275,2.755725,-0.541985,1.037363,3.595071,4930,8117,3187,4930,1,107.914,13,normal
1780594837.8844185,47.295054899994284,47464,0.048584,-0.009521,1.041016,1.335878,2.763359,-0.633588,1.042192,3.134032,4935,8124,3189,4935,0,107.914,0,normal
1780594837.916279,47.32691550000163,47495,0.029053,-0.041992,1.055176,0.770992,2.450382,-1.274809,1.056411,2.867741,4937,8128,3191,4937,0,107.914,0,normal
1780594837.9474497,47.35808599999291,47526,0.056885,-0.019531,1.052734,3.229008,3.648855,-0.450382,1.054451,4.893207,4940,8133,3193,4940,1,103.571,14,normal
1780594837.9901004,47.40073680000205,47558,0.049561,0.003662,1.061768,0.022901,3.564885,-1.244275,1.06293,3.775864,4944,8138,3194,4944,0,103.571,6,normal
1780594838.00882,47.41945649999252,47589,0.057861,-0.03418,1.043945,2.290076,2.78626,-0.671756,1.046106,3.668644,4946,8143,3197,4946,1,103.571,13,normal
1780594838.040494,47.45113030000357,47620,0.043945,-0.026855,1.059082,2.221374,2.641221,-0.40458,1.060334,3.4748,4951,8150,3199,4951,0,103.571,0,normal
1780594838.0708728,47.481509099990944,47651,0.047607,0.000977,1.061768,0.587786,3.48855,-1.21374,1.062835,3.740138,4953,8154,3201,4953,0,103.571,0,normal
1780594838.1032171,47.51385350000055,47682,0.069092,-0.069336,1.039551,2.305344,2.847328,-0.175573,1.044149,3.667794,4954,8157,3203,4954,1,103.571,17,normal
1780594838.1334019,47.54403839999577,47713,0.056641,0.004395,1.045166,1.045802,2.290076,-0.435114,1.046709,2.554892,4959,8164,3205,4959,0,103.571,0,normal
1780594838.1656837,47.57632019999437,47744,0.046143,-0.057129,1.051514,1.030534,2.206107,-1.114504,1.054075,2.677878,4961,8168,3207,4961,0,103.571,1,normal
1780594838.1955721,47.60620850000123,47776,0.04834,-0.038574,1.0625,2.725191,3.29771,-0.137405,1.064298,4.280238,4965,8174,3209,4965,0,100.0,6,normal
1780594838.2276638,47.638300199992955,47806,0.045654,-0.012207,1.046631,0.053435,3.274809,-0.992366,1.047697,3.422283,4969,8180,3211,4969,0,100.0,1,normal
1780594838.257732,47.66836840000178,47837,0.051758,-0.038574,1.05127,2.19084,2.862595,-0.740458,1.05325,3.680015,4971,8185,3214,4971,1,100.0,14,normal
1780594838.290168,47.70080439999583,47868,0.032227,-0.034912,1.053223,2.358779,2.885496,-0.664122,1.054294,3.785628,4973,8189,3216,4973,1,100.0,3,normal
1780594838.320244,47.73088039999129,47899,0.044922,-0.005127,1.064941,0.648855,3.801527,-1.351145,1.065901,4.086345,4976,8194,3218,4976,0,100.0,0,normal
1780594838.3497634,47.760399699996924,47930,0.026367,-0.055176,1.034912,2.007634,2.961832,-0.480916,1.036717,3.610308,4978,8199,3221,4978,1,100.0,13,normal
1780594838.381289,47.791925500001526,47961,0.031494,-0.009766,1.051025,1.351145,2.633588,-0.717557,1.051542,3.045696,4983,8206,3223,4983,0,100.0,1,normal
1780594838.4129348,47.823571200002334,47992,0.030273,-0.046387,1.057129,0.40458,2.748092,-1.343511,1.058579,3.085566,4985,8210,3225,4985,0,100.0,0,normal
1780594838.4428957,47.85353209999448,48023,0.051758,-0.0271,1.048584,3.076336,3.419847,-0.229008,1.05021,4.60561,4988,8215,3227,4988,1,100.0,13,normal
1780594838.4732914,47.88392789999489,48053,0.042725,-0.001465,1.039307,0.549618,2.335878,-0.778626,1.040185,2.522828,4993,8222,3229,4993,0,101.083,0,normal
1780594838.5033069,47.91394339999533,48084,0.03125,-0.042236,1.053711,1.450382,2.564885,-1.312977,1.05502,3.225857,4995,8226,3231,4995,0,101.083,1,normal
1780594838.535356,47.945992499997374,48114,0.047852,-0.020752,1.057129,3.076336,3.709924,-0.061069,1.058415,4.819866,4999,8232,3233,4999,0,101.083,6,normal
1780594838.5653589,47.97599530000298,48145,0.036377,0.001465,1.048096,0.091603,3.259542,-1.045802,1.048728,3.424428,5003,8238,3235,5003,0,101.083,0,normal
1780594838.5976582,48.008294600003865,48176,0.055176,-0.035645,1.054443,2.320611,2.610687,-0.549618,1.056487,3.535958,5005,8243,3238,5005,1,101.083,14,normal
1780594838.6290188,48.03965520000202,48208,0.036133,-0.003662,1.045654,1.854962,2.358779,-0.816794,1.046285,3.109964,5010,8250,3240,5010,0,101.083,1,normal
1780594838.6598806,48.07051700000011,48239,0.05127,-0.004883,1.066894,0.717557,3.015267,-1.328244,1.068137,3.372085,5012,8254,3242,5012,0,101.083,1,normal
1780594838.6909559,48.10159219999332,48270,0.052734,-0.071045,1.053955,2.427481,2.687023,-0.29771,1.057662,3.633371,5014,8259,3245,5014,1,101.083,14,normal
1780594838.7214553,48.13209179999831,48301,0.044434,-0.005615,1.047363,0.748092,2.80916,-0.770992,1.04832,3.007566,5019,8266,3247,5019,0,101.083,1,normal
1780594838.752165,48.16280150000239,48332,0.024902,-0.05542,1.055908,1.290076,2.435115,-1.08397,1.057655,2.961262,5021,8270,3249,5021,0,100.358,0,normal
1780594838.7844305,48.19506699999329,48363,0.048096,-0.012939,1.060303,3.229008,3.366412,-0.183206,1.061472,4.668274,5025,8276,3251,5025,0,100.358,6,normal
1780594838.8196335,48.23026989999926,48394,0.036621,0.003662,1.048584,0.450382,3.40458,-1.198473,1.04923,3.637354,5029,8282,3253,5029,0,100.358,0,normal
1780594838.8451104,48.25574690000212,48424,0.042725,-0.039795,1.057861,1.51145,2.877863,-0.763359,1.059471,3.339056,5031,8286,3255,5031,0,100.358,1,normal
1780594838.8768723,48.28750869999931,48455,0.040039,-0.031494,1.060791,2.648855,3.290076,-0.534351,1.062013,4.25753,5034,8290,3256,5034,0,100.358,5,normal
1780594838.9062064,48.31684279999172,48486,0.046387,-0.000244,1.067383,0.51145,3.977099,-0.992366,1.06839,4.130822,5038,8296,3258,5038,0,100.358,0,normal
1780594838.9387178,48.349354199992376,48517,0.032959,-0.060303,1.048828,2.305344,2.732824,-0.656489,1.051077,3.635095,5040,8301,3261,5040,1,100.358,14,normal
1780594838.9702485,48.380884999991395,48549,0.042725,0.008301,1.043213,1.419847,2.450382,-0.709924,1.04412,2.919645,5044,8306,3262,5044,0,100.358,6,normal
1780594839.0012462,48.41188269999111,48580,0.036865,-0.059814,1.05249,0.80916,2.564885,-1.320611,1.054833,2.99623,5046,8310,3264,5046,0,100.358,0,normal
1780594839.0321717,48.44280809999327,48611,0.054199,-0.024658,1.058594,3.122137,3.778626,-0.122137,1.060267,4.903129,5050,8316,3266,5050,0,103.943,6,normal
1780594839.0624359,48.47307229999569,48642,0.041016,-0.006592,1.051514,-0.030534,3.160305,-1.137405,1.052334,3.358892,5054,8322,3268,5054,0,103.943,1,normal
1780594839.0935097,48.50414599999203,48673,0.04541,-0.042725,1.046875,2.183206,2.587786,-0.625954,1.04873,3.443087,5056,8327,3271,5056,1,103.943,14,normal
1780594839.1253839,48.53602030000184,48704,0.045166,-0.043213,1.054932,2.19084,3.030534,-0.137405,1.056782,3.742031,5060,8332,3272,5060,0,103.943,5,normal
1780594839.1551342,48.565770699991845,48735,0.045898,-0.004639,1.065186,0.549618,3.656489,-0.961832,1.066184,3.820616,5064,8338,3274,5064,0,103.943,0,normal
1780594839.1875763,48.598212600001716,48766,0.029785,-0.062988,1.042725,2.038168,2.816794,-0.175573,1.04505,3.481276,5066,8343,3277,5066,1,103.943,14,normal
1780594839.2172725,48.627909000002546,48797,0.029785,0.009033,1.044189,1.320611,2.183206,-0.564886,1.044653,2.613331,5072,8350,3278,5072,0,103.943,0,normal
1780594839.2487113,48.65934769999876,48828,0.032715,-0.044922,1.056641,0.59542,2.648855,-1.274809,1.058101,2.999349,5074,8354,3280,5074,0,103.943,1,normal
1780594839.2806482,48.69128469999123,48860,0.046143,-0.012451,1.057129,3.274809,3.526718,-0.274809,1.058209,4.820543,5078,8360,3282,5078,0,103.943,6,normal
1780594839.3126373,48.72327380000206,48892,0.045898,0.007324,1.068848,0.458015,3.526718,-0.885496,1.069858,3.664917,5082,8366,3284,5082,0,113.879,1,normal
1780594839.3447022,48.755338699993445,48923,0.059326,-0.053955,1.038574,2.351145,2.664122,-0.198473,1.041666,3.558767,5084,8371,3287,5084,1,113.879,14,normal
1780594839.3755722,48.78620859999501,48955,0.025879,0.009521,1.042236,1.320611,2.259542,-0.618321,1.042601,2.689212,5088,8376,3288,5088,0,113.879,6,normal
1780594839.4067523,48.817388700001175,48986,0.029297,-0.031006,1.057617,0.725191,3.183206,-1.412214,1.058477,3.557113,5090,8380,3290,5090,0,113.879,0,normal
1780594839.437546,48.8481824999908,49017,0.055176,-0.039795,1.050781,3.183206,2.862595,-0.114504,1.052981,4.282565,5093,8385,3292,5093,1,113.879,13,normal
1780594839.467912,48.87854839999636,49048,0.04126,0.008789,1.05249,0.396947,2.427481,-0.992366,1.053335,2.652361,5098,8392,3294,5098,0,113.879,0,normal
1780594839.500204,48.91084039999987,49079,0.038086,-0.040039,1.051514,1.572519,2.572519,-1.198473,1.052965,3.244535,5099,8394,3295,5099,0,113.879,5,normal
1780594839.531328,48.94196440000087,49110,0.041748,-0.035645,1.061035,2.358779,3.656489,-0.152672,1.062454,4.35397,5103,8400,3297,5103,0,113.879,6,normal
1780594839.5611548,48.97179119999055,49141,0.054443,0.001465,1.052734,0.51145,3.870229,-0.923664,1.054142,4.011659,5107,8406,3299,5107,0,113.879,0,normal
1780594839.5925124,49.00314879999496,49172,0.052002,-0.031494,1.060791,2.328244,2.549618,-0.29771,1.062532,3.465531,5109,8411,3302,5109,1,96.429,14,normal
1780594839.6246474,49.03528389999701,49204,0.03125,0.001709,1.046387,1.526718,1.969466,-0.450382,1.046855,2.532292,5114,8418,3304,5114,0,96.429,1,normal
1780594839.6562183,49.06685469999502,49235,0.027832,-0.031494,1.060547,0.854962,2.78626,-0.992366,1.061379,3.078797,5116,8422,3306,5116,0,96.429,1,normal
1780594839.6864777,49.097114000003785,49266,0.055664,-0.023438,1.055664,3.229008,3.198473,-0.068702,1.05739,4.545486,5119,8427,3308,5119,1,96.429,14,normal
1780594839.7173095,49.127945999993244,49297,0.049316,0.002197,1.048584,0.312977,3.152672,-0.832061,1.049745,3.27561,5124,8434,3310,5124,0,96.429,1,normal
1780594839.7479243,49.158560700001544,49327,0.030029,-0.057617,1.062744,1.053435,2.21374,-1.244275,1.064728,2.749289,5126,8438,3312,5126,0,96.429,0,normal
1780594839.7799218,49.19055829998979,49358,0.050293,-0.015381,1.058594,3.389313,3.381679,-0.335878,1.059899,4.799585,5130,8444,3314,5130,0,96.429,5,normal
1780594839.8111145,49.221750999990036,49390,0.05127,0.013428,1.052002,0.290076,3.320611,-1.129771,1.053336,3.519514,5134,8450,3316,5134,0,96.429,0,normal
1780594839.84241,49.25304660000256,49421,0.060303,-0.033203,1.045898,2.274809,2.916031,-0.21374,1.048161,3.704548,5136,8455,3319,5136,1,96.429,14,normal
1780594839.8742354,49.28487180000229,49452,0.044189,0.007324,1.048828,2.175573,2.160305,-0.832061,1.049784,3.176848,5141,8462,3321,5141,0,114.286,1,normal
1780594839.904701,49.31533749999653,49484,0.02832,-0.037109,1.05835,0.526718,2.694656,-1.022901,1.059379,2.930005,5142,8464,3322,5142,0,114.286,6,normal
1780594839.9368465,49.34748299999046,49515,0.05249,-0.025635,1.044189,3.229008,3.145038,-0.10687,1.045822,4.508789,5145,8469,3324,5145,1,114.286,13,normal
1780594839.9662526,49.37688889999117,49546,0.042969,0.004883,1.045166,0.450382,2.572519,-0.89313,1.04606,2.760141,5150,8476,3326,5150,0,114.286,0,normal
1780594839.998184,49.40882039999997,49577,0.0354,-0.039307,1.050781,1.458015,2.625954,-1.396947,1.052112,3.312538,5152,8480,3328,5152,0,114.286,0,normal
1780594840.0297182,49.44035469999653,49608,0.036133,-0.031006,1.056396,2.748092,2.740458,-0.458015,1.057469,3.907927,5155,8484,3329,5155,0,114.286,6,normal
1780594840.0605807,49.471217099999194,49640,0.057373,0.003174,1.063477,0.259542,3.603053,-0.862595,1.065028,3.71395,5159,8490,3331,5159,0,114.286,0,normal
1780594840.0920246,49.50266089999059,49671,0.036133,-0.067871,1.042725,2.282443,2.061069,-0.396947,1.045556,3.100825,5161,8495,3334,5161,1,114.286,14,normal
1780594840.1240757,49.534711999993306,49703,0.03833,0.00293,1.041504,1.282443,2.366412,-0.694656,1.042213,2.779769,5166,8502,3336,5166,0,99.602,0,normal
1780594840.1544204,49.565056899999036,49734,0.044189,-0.057617,1.051025,0.770992,2.770992,-0.908397,1.053531,3.016291,5168,8506,3338,5168,0,99.602,0,normal
1780594840.1854622,49.59609869999986,49765,0.051514,-0.014648,1.048096,3.526718,3.152672,-0.129771,1.049463,4.732221,5171,8511,3340,5171,1,99.602,13,normal
1780594840.2169678,49.6276041999954,49796,0.046875,0.004395,1.048096,-0.129771,3.229008,-0.961832,1.049153,3.371714,5176,8518,3342,5176,0,99.602,0,normal
1780594840.248237,49.65887339999608,49827,0.057617,-0.04248,1.047852,2.099237,2.862595,-0.908397,1.050294,3.66421,5178,8522,3344,5178,0,99.602,1,normal
1780594840.280249,49.690885599993635,49858,0.048584,-0.038818,1.05957,2.503817,3.129771,-0.290076,1.061394,4.018546,5183,8528,3345,5183,0,99.602,6,normal
1780594840.3098252,49.72046159999445,49889,0.051514,0.006836,1.069824,0.312977,3.717557,-0.832061,1.071086,3.82237,5187,8534,3347,5187,0,99.602,1,normal
1780594840.3416405,49.752276799990796,49920,0.035156,-0.064209,1.038818,2.167939,2.549618,-0.427481,1.041394,3.373908,5189,8539,3350,5189,1,99.602,14,normal
1780594840.3726802,49.78331649999018,49952,0.025879,0.000244,1.049805,1.320611,2.572519,-0.671756,1.050124,2.96869,5194,8546,3352,5194,0,99.602,1,normal
1780594840.4037075,49.814343899997766,49983,0.035156,-0.046143,1.056885,0.78626,2.641221,-1.29771,1.058476,3.046031,5196,8550,3354,5196,0,107.143,0,normal
1780594840.4359617,49.846598199990694,50014,0.05127,-0.021729,1.044434,3.061069,3.801527,0.015267,1.045917,4.880776,5199,8555,3356,5199,1,107.143,14,normal
1780594840.4659698,49.876606299993,50045,0.042725,0.006104,1.042236,0.396947,2.48855,-1.08397,1.043129,2.743253,5204,8562,3358,5204,0,107.143,0,normal
1780594840.4964612,49.907097599992994,50076,0.027344,-0.04541,1.050537,1.70229,2.770992,-0.801527,1.051874,3.349423,5206,8566,3360,5206,0,107.143,0,normal
1780594840.5282798,49.938916099999915,50107,0.044434,-0.036621,1.047852,2.717557,3.145038,-0.687023,1.049432,4.212883,5209,8572,3363,5209,0,107.143,6,normal
1780594840.55957,49.97020640000119,50139,0.043945,-0.000977,1.062256,0.40458,3.725191,-1.030534,1.063165,3.886224,5213,8578,3365,5213,0,107.143,0,normal
1780594840.5905309,50.00116729999718,50170,0.035645,-0.070801,1.033691,2.267176,2.351145,-0.496183,1.036726,3.30366,5215,8583,3368,5215,1,107.143,13,normal
1780594840.6221356,50.032772099992144,50201,0.040039,0.003906,1.043213,1.396947,2.259542,-0.473282,1.043988,2.69833,5220,8590,3370,5220,0,107.143,0,normal
1780594840.6534348,50.064071100001456,50232,0.02832,-0.049072,1.056885,0.885496,2.526718,-1.183206,1.058402,2.92718,5222,8594,3372,5222,0,107.143,1,normal
1780594840.6844945,50.09513099999458,50263,0.048096,-0.011475,1.058106,3.549618,3.419847,0.007634,1.05926,4.929016,5225,8599,3374,5225,1,103.571,14,normal
1780594840.7146835,50.125319999991916,50294,0.044434,-0.005371,1.041504,0.282443,3.458015,-0.740458,1.042465,3.547664,5230,8606,3376,5230,0,103.571,0,normal
1780594840.7466044,50.15724089999276,50325,0.032471,-0.05835,1.055176,1.587786,2.549618,-1.045802,1.057287,3.180459,5232,8610,3378,5232,0,103.571,0,normal
1780594840.7757804,50.18641680000292,50356,0.046631,-0.033203,1.074463,2.618321,2.89313,-0.198473,1.075987,3.90707,5235,8614,3379,5235,0,103.571,5,normal
1780594840.8129144,50.22355080000125,50392,0.05127,0.013916,1.05542,0.305344,3.687023,-1.022901,1.056756,3.83845,5239,8620,3381,5239,0,103.571,0,normal
1780594840.84427,50.25490630000422,50423,0.043457,-0.007324,1.065186,3.366412,3.900763,-0.061069,1.066097,5.152904,5243,8626,3383,5243,0,103.571,5,normal
1780594840.8747747,50.28541119999136,50454,0.050293,0.003418,1.05127,0.328244,3.725191,-1.114504,1.052477,3.902167,5246,8630,3384,5246,0,103.571,6,normal
1780594840.905784,50.31642039999133,50485,0.052246,-0.040039,1.044922,2.374046,2.732824,-0.557252,1.046993,3.662643,5248,8635,3387,5248,1,103.571,14,normal
1780594840.9521213,50.362757599999895,50516,0.043701,-0.029541,1.063232,2.274809,2.290076,-0.40458,1.06454,3.253136,5253,8642,3389,5253,0,110.672,0,normal
1780594840.9675114,50.3781478000019,50547,0.040039,-0.005127,1.063965,0.732824,3.496183,-1.122137,1.06473,3.744265,5255,8646,3391,5255,0,110.672,0,normal
1780594840.99887,50.40950639999937,50578,0.048584,-0.075439,1.05127,2.10687,2.824427,-0.335878,1.055092,3.539648,5257,8651,3394,5257,1,110.672,13,normal
1780594841.0291665,50.43980290000036,50609,0.043213,-0.001465,1.050781,1.480916,2.572519,-0.648855,1.05167,3.038417,5262,8658,3396,5262,0,110.672,1,normal
1780594841.0606456,50.47128189999785,50640,0.033691,-0.042725,1.049316,0.938931,2.580153,-1.435114,1.050726,3.098118,5264,8662,3398,5264,0,110.672,1,normal
1780594841.092388,50.50302439999359,50671,0.062256,-0.017822,1.03833,3.343511,3.51145,-0.221374,1.040347,4.853696,5267,8667,3400,5267,1,110.672,14,normal
1780594841.1237488,50.53438529999403,50703,0.046631,0.003662,1.04126,0.068702,3.061069,-0.885496,1.04231,3.187313,5272,8674,3402,5272,0,110.672,0,normal
1780594841.1555114,50.56614769999578,50734,0.040771,-0.044678,1.055908,2.450382,2.59542,-0.748092,1.057639,3.646946,5274,8679,3405,5274,1,110.672,14,normal
1780594841.186819,50.5974556000001,50765,0.041748,-0.034912,1.064209,2.122137,2.732824,-0.587786,1.0656,3.5096,5278,8684,3406,5278,0,110.672,5,normal
1780594841.2167883,50.62742469999648,50796,0.032227,0.005371,1.05835,0.198473,3.770992,-0.847328,1.058854,3.870108,5281,8688,3407,5281,0,100.0,6,normal
1780594841.2475004,50.658136899990495,50827,0.03125,-0.060303,1.037842,2.259542,2.656489,-0.70229,1.040062,3.557482,5283,8693,3410,5283,1,100.0,14,normal
1780594841.2786102,50.689246599999024,50857,0.024658,0.001953,1.048584,1.91603,2.526718,-0.290076,1.048876,3.184277,5288,8700,3412,5288,0,100.0,0,normal
1780594841.3086753,50.71931179999956,50888,0.04248,-0.005127,1.062988,0.48855,3.236641,-1.473282,1.063849,3.58958,5290,8704,3414,5290,0,100.0,1,normal
1780594841.3401065,50.75074289999611,50919,0.051758,-0.078369,1.047363,2.946565,2.633588,-0.343511,1.051566,3.966866,5292,8709,3417,5292,1,100.0,13,normal
1780594841.3694594,50.78009569999995,50950,0.039307,-0.003418,1.048828,0.992366,2.938931,-0.572519,1.04957,3.154344,5297,8716,3419,5297,0,100.0,1,normal
1780594841.4011512,50.8117876000033,50980,0.035156,-0.048828,1.056885,0.80916,2.580153,-1.183206,1.058596,2.951594,5299,8720,3421,5299,0,100.0,0,normal
1780594841.4315596,50.842196099998546,51011,0.054932,-0.019287,1.050293,3.305344,3.320611,0.099237,1.051905,4.68632,5302,8725,3423,5302,1,100.0,14,normal
1780594841.462141,50.872777500000666,51042,0.049561,-0.003662,1.044189,0.610687,3.312977,-1.08397,1.045371,3.53889,5307,8732,3425,5307,0,100.0,0,normal
1780594841.4938693,50.90450570000394,51073,0.039062,-0.048828,1.047852,1.648855,2.732824,-0.938931,1.049716,3.326957,5309,8736,3427,5309,0,101.083,0,normal
1780594841.5240076,50.93464409999433,51104,0.042725,-0.029541,1.065918,2.389313,3.778626,-0.282443,1.067183,4.479576,5313,8742,3429,5313,0,101.083,6,normal
1780594841.5559473,50.96658369999204,51135,0.044678,0.01001,1.057861,0.480916,3.847328,-1.0,1.058852,4.00415,5316,8746,3430,5316,0,101.083,6,normal
1780594841.5865345,50.99717099999543,51166,0.04834,-0.040771,1.04541,2.312977,2.748092,-0.48855,1.047321,3.62499,5318,8751,3433,5318,1,101.083,14,normal
1780594841.618043,51.02867939999851,51197,0.029541,0.004639,1.04834,1.946565,2.80916,-0.885496,1.048766,3.530524,5323,8758,3435,5323,0,101.083,0,normal
1780594841.6481495,51.05878589999338,51228,0.036133,-0.021973,1.066162,0.473282,3.854962,-1.038168,1.067,4.020264,5325,8762,3437,5325,0,101.083,0,normal
1780594841.6806276,51.09126390000165,51259,0.053467,-0.063477,1.049805,2.687023,2.717557,-0.328244,1.05308,3.835747,5327,8767,3440,5327,1,101.083,14,normal
1780594841.709787,51.120423300002585,51290,0.038574,-0.001465,1.045898,0.992366,2.564885,-1.0,1.046611,2.926334,5332,8774,3442,5332,0,101.083,1,normal
1780594841.7410865,51.15172280000115,51320,0.029785,-0.032471,1.056152,0.70229,2.755725,-1.358779,1.057071,3.151748,5334,8778,3444,5334,0,101.083,1,normal
1780594841.7721486,51.18278499999724,51351,0.045898,-0.023682,1.046143,3.625954,3.0,0.145038,1.047417,4.708352,5337,8783,3446,5337,1,100.719,14,normal
1780594841.8014548,51.212091299996246,51382,0.044189,-0.001953,1.036377,0.175573,3.244275,-1.221374,1.03732,3.471008,5342,8790,3448,5342,0,100.719,0,normal
1780594841.8328936,51.24352999999246,51412,0.037109,-0.067139,1.047363,1.48855,2.549618,-1.251908,1.050169,3.206807,5344,8794,3450,5344,0,100.719,0,normal
1780594841.8641133,51.274749799995334,51443,0.05835,-0.016357,1.054688,3.381679,3.824427,0.0,1.056427,5.105096,5348,8800,3452,5348,0,100.719,6,normal
1780594841.8935542,51.30419070000062,51473,0.048828,0.00708,1.050537,0.40458,3.381679,-1.320611,1.051695,3.652869,5352,8806,3454,5352,0,100.719,0,normal
1780594841.9245548,51.33519129999331,51504,0.053467,-0.041016,1.051514,1.679389,2.832061,-0.946565,1.053671,3.425916,5354,8810,3456,5354,0,100.719,1,normal
1780594841.9558759,51.36651219999476,51535,0.056885,-0.039551,1.068359,2.458015,3.358779,-0.40458,1.070604,4.181736,5358,8816,3458,5358,0,100.719,6,normal
1780594841.9871364,51.397772900003474,51566,0.051025,0.01001,1.062744,0.541985,3.633588,-0.885496,1.064015,3.778996,5362,8822,3460,5362,0,100.719,0,normal
1780594842.0181844,51.4288208999933,51597,0.045898,-0.065918,1.044678,2.572519,2.328244,-0.091603,1.047761,3.470874,5364,8827,3463,5364,1,100.719,14,normal
1780594842.049205,51.45984149999276,51628,0.039551,0.00415,1.050537,1.381679,2.19084,-0.656489,1.051289,2.672039,5369,8834,3465,5369,0,115.523,0,normal
1780594842.0794883,51.49012459999358,51659,0.048096,-0.009277,1.059814,0.587786,3.29771,-1.221374,1.060946,3.565408,5370,8836,3466,5370,0,115.523,5,normal
1780594842.1102161,51.520852599991485,51689,0.060059,-0.060791,1.052734,2.480916,3.21374,-0.061069,1.056197,4.060394,5372,8841,3469,5372,1,115.523,14,normal
1780594842.1402633,51.55089969999972,51720,0.052002,0.003418,1.056641,1.358779,2.549618,-0.312977,1.057925,2.905992,5377,8848,3471,5377,0,115.523,0,normal
1780594842.1727667,51.58340319999843,51751,0.043213,-0.044189,1.05542,0.900763,2.312977,-1.19084,1.057228,2.753059,5379,8852,3473,5379,0,115.523,0,normal
1780594842.2031581,51.613794599994435,51783,0.04541,-0.018555,1.05542,3.427481,3.870229,0.0,1.056559,5.169748,5383,8858,3475,5383,0,115.523,6,normal
1780594842.2345452,51.64518159998988,51814,0.053223,0.002197,1.053467,0.022901,3.343511,-1.122137,1.054813,3.526866,5387,8864,3477,5387,0,115.523,0,normal
1780594842.2662778,51.676914199997555,51845,0.050781,-0.037598,1.052978,2.358779,2.21374,-0.763359,1.054872,3.323733,5389,8869,3480,5389,1,115.523,14,normal
1780594842.2975533,51.70818980000331,51876,0.033447,-0.026611,1.058106,1.862595,2.832061,-0.40458,1.058968,3.413725,5393,8875,3482,5393,0,115.523,3,normal
1780594842.3273702,51.738006699990365,51908,0.05542,-0.00708,1.064697,0.343511,2.435115,-1.465649,1.066162,2.86285,5396,8880,3484,5396,0,96.429,1,normal
1780594842.3592708,51.76990719999594,51938,0.055664,-0.076172,1.04834,2.122137,3.167939,-0.21374,1.052576,3.81903,5398,8885,3487,5398,1,96.429,14,normal
1780594842.3890154,51.799651900000754,51969,0.050049,-0.001953,1.051025,1.549618,2.061069,-0.358779,1.052218,2.603468,5403,8892,3489,5403,0,96.429,1,normal
1780594842.4208338,51.83147029999236,52000,0.039062,-0.047607,1.05127,0.748092,2.938931,-1.198473,1.053072,3.260874,5404,8894,3490,5404,0,96.429,6,normal
1780594842.4526603,51.86329670000123,52031,0.042969,-0.016357,1.056641,3.030534,3.312977,-0.175573,1.05764,4.493416,5407,8899,3492,5407,1,96.429,14,normal
1780594842.4827597,51.893396100000245,52062,0.049316,-0.000732,1.046875,0.351145,2.931298,-1.129771,1.048036,3.161043,5412,8906,3494,5412,0,96.429,0,normal
1780594842.5140808,51.92471730000398,52093,0.046143,-0.046875,1.048828,1.656489,2.717557,-1.137405,1.050889,3.379758,5414,8910,3496,5414,0,96.429,0,normal
1780594842.545469,51.95610539999325,52124,0.05957,-0.038818,1.070312,2.374046,2.839695,-0.70229,1.072672,3.767383,5418,8916,3498,5418,0,96.429,6,normal
1780594842.576701,51.98733740000171,52156,0.045654,-0.009033,1.063721,0.664122,3.709924,-0.877863,1.064738,3.869785,5422,8922,3500,5422,0,96.429,0,normal
1780594842.6083796,52.0190159999911,52187,0.024902,-0.057617,1.035644,2.175573,2.572519,-0.267176,1.037545,3.379697,5424,8927,3503,5424,1,100.358,13,normal
1780594842.6383917,52.04902819999552,52218,0.037842,-0.004395,1.052978,1.305344,2.442748,-0.473282,1.053667,2.809793,5429,8934,3505,5429,0,100.358,0,normal
1780594842.6697466,52.080383099993924,52249,0.02832,-0.041016,1.057129,0.763359,2.641221,-1.282443,1.058303,3.033715,5431,8938,3507,5431,0,100.358,1,normal
1780594842.701121,52.11175739999453,52280,0.055176,-0.019775,1.043701,3.229008,3.854962,0.305344,1.045346,5.037902,5434,8943,3509,5434,1,100.358,14,normal
1780594842.7316027,52.142238999993424,52312,0.046875,-0.001953,1.047852,0.007634,2.824427,-1.137405,1.048901,3.044854,5439,8950,3511,5439,0,100.358,1,normal
1780594842.7631736,52.173810099993716,52342,0.046143,-0.039062,1.052002,2.152672,2.374046,-0.923664,1.053738,3.335153,5440,8952,3512,5440,0,100.358,5,normal
1780594842.7950835,52.20571989999735,52374,0.058838,-0.020996,1.064697,2.366412,2.954198,-0.671756,1.066528,3.844275,5445,8958,3513,5445,0,100.358,5,normal
1780594842.8257108,52.236347099998966,52405,0.043213,0.003418,1.056152,0.335878,3.603053,-0.961832,1.057042,3.74432,5449,8964,3515,5449,0,100.358,0,normal
1780594842.8576255,52.26826179999625,52436,0.038818,-0.059814,1.040283,2.442748,2.473282,-0.305344,1.042724,3.48961,5451,8969,3518,5451,1,100.358,14,normal
1780594842.8933995,52.30403600000136,52467,0.030762,-0.008789,1.038086,1.450382,2.053435,-0.78626,1.038579,2.634086,5456,8976,3520,5456,0,114.286,1,normal
1780594842.9198685,52.33050480000384,52499,0.041748,-0.053711,1.050293,0.740458,2.717557,-1.259542,1.052494,3.085424,5458,8980,3522,5458,0,114.286,0,normal
1780594842.9512856,52.36192199999641,52530,0.041504,-0.020508,1.053467,3.038168,3.541985,-0.091603,1.054483,4.667388,5461,8985,3524,5461,1,114.286,13,normal
1780594842.9809437,52.39158019999741,52561,0.050781,-0.002441,1.035644,0.305344,3.564885,-1.167939,1.036892,3.763738,5466,8992,3526,5466,0,114.286,0,normal
1780594843.0135672,52.424203599992325,52592,0.049316,-0.047607,1.04834,2.091603,2.396947,-0.885496,1.050578,3.30216,5468,8996,3528,5468,0,114.286,1,normal
1780594843.045139,52.45577539999795,52624,0.037109,-0.026611,1.053467,2.145038,2.80916,-0.435114,1.054456,3.561165,5473,9002,3529,5473,1,114.286,6,normal
1780594843.075006,52.48564250000345,52655,0.04248,0.001709,1.067383,0.740458,3.854962,-1.099237,1.068229,4.076436,5477,9008,3531,5477,0,114.286,1,normal
1780594843.105907,52.51654349999444,52685,0.033936,-0.061523,1.035644,2.206107,2.206107,-0.541985,1.038025,3.166633,5478,9011,3533,5478,1,114.286,18,normal
1780594843.1372972,52.54793359999894,52717,0.036865,0.000977,1.055664,1.236641,2.816794,-0.564886,1.056308,3.127732,5483,9018,3535,5483,0,108.0,1,normal
1780594843.1689646,52.57960109999112,52748,0.020752,-0.045166,1.054688,0.664122,2.740458,-1.244275,1.055858,3.082108,5485,9022,3537,5485,0,108.0,0,normal
1780594843.2002316,52.61086790000263,52779,0.055176,-0.017822,1.042969,3.244275,3.198473,-0.091603,1.044579,4.556747,5488,9027,3539,5488,1,108.0,14,normal
1780594843.231683,52.64231939999445,52810,0.046875,0.015137,1.044434,0.374046,3.290076,-1.061069,1.045595,3.477122,5493,9034,3541,5493,0,108.0,0,normal
1780594843.2610445,52.67168099999253,52841,0.049072,-0.04248,1.053955,1.51145,2.740458,-1.061069,1.055952,3.304612,5495,9038,3543,5495,0,108.0,0,normal
1780594843.2933052,52.703941500003566,52872,0.047119,-0.024658,1.064453,2.885496,2.946565,-0.038168,1.065781,4.124293,5499,9044,3545,5499,0,108.0,6,normal
1780594843.3230164,52.7336529000022,52903,0.054199,0.009033,1.057373,0.274809,3.770992,-1.022901,1.0588,3.916916,5503,9050,3547,5503,0,108.0,0,normal
1780594843.3548942,52.765530699995,52934,0.062988,-0.0354,1.04248,2.412214,2.557252,-0.419847,1.044982,3.540422,5505,9055,3550,5505,1,108.0,14,normal
1780594843.3854299,52.79606619999686,52965,0.030029,0.003906,1.045898,1.816794,2.160305,-0.603053,1.046337,2.886405,5510,9062,3552,5510,0,108.0,0,normal
1780594843.4166977,52.82733410000219,52996,0.053955,-0.007813,1.067871,0.374046,3.793893,-0.984733,1.069262,3.937415,5512,9066,3554,5512,0,103.943,0,normal
1780594843.448108,52.858744500001194,53027,0.066162,-0.06665,1.041748,2.572519,3.007634,0.045802,1.045973,3.958006,5514,9071,3557,5514,1,103.943,13,normal
1780594843.4782267,52.88886320000165,53058,0.045654,-0.005615,1.052734,1.221374,2.496183,-0.725191,1.053739,2.872035,5519,9078,3559,5519,0,103.943,0,normal
1780594843.5093167,52.91995300000417,53089,0.038818,-0.065186,1.054199,0.770992,2.389313,-1.221374,1.056926,2.791953,5521,9082,3561,5521,0,103.943,1,normal
1780594843.5406735,52.95130990000325,53120,0.057861,-0.022217,1.058838,3.152672,3.480916,-0.381679,1.06065,4.711878,5525,9088,3563,5525,0,103.943,6,normal
1780594843.5730994,52.983735799993156,53152,0.03833,-0.012695,1.055176,0.137405,3.679389,-1.374046,1.055948,3.929986,5529,9094,3565,5529,0,103.943,1,normal
1780594843.6046138,53.01525019999826,53183,0.051758,-0.042969,1.047363,2.412214,2.633588,-0.496183,1.049521,3.605656,5531,9099,3568,5531,1,103.943,14,normal
1780594843.6354814,53.046117899997625,53214,0.02417,-0.008057,1.065674,1.870229,2.709924,-0.480916,1.065978,3.32757,5536,9106,3570,5536,0,103.943,0,normal
1780594843.6659577,53.076593999998295,53245,0.05542,0.001465,1.06665,0.709924,3.282443,-1.007634,1.06809,3.506244,5538,9110,3572,5538,0,103.943,1,normal
1780594843.695877,53.10651339999458,53276,0.041992,-0.064209,1.045654,2.236641,2.763359,-0.175573,1.048465,3.55943,5540,9115,3575,5540,1,100.0,14,normal
1780594843.7270024,53.13763869999093,53307,0.02832,-0.010254,1.048584,1.137405,2.259542,-0.633588,1.049016,2.607806,5545,9122,3577,5545,0,100.0,1,normal
1780594843.7583199,53.16895619999559,53338,0.039307,-0.0625,1.054688,0.618321,2.580153,-1.320611,1.057269,2.963701,5547,9126,3579,5547,0,100.0,0,normal
1780594843.7892146,53.19985099999758,53369,0.04834,-0.030518,1.05957,3.068702,3.290076,-0.068702,1.061111,4.499584,5550,9131,3581,5550,1,100.0,14,normal
1780594843.820533,53.23116939999454,53400,0.052734,-0.006348,1.05127,-0.053435,3.335878,-1.152672,1.05261,3.529814,5555,9138,3583,5555,0,100.0,0,normal
1780594843.851939,53.26257549998991,53431,0.041016,-0.034668,1.061035,1.870229,2.587786,-0.847328,1.062393,3.303386,5557,9142,3585,5557,0,100.0,0,normal
1780594843.8846314,53.29526790000091,53462,0.053711,-0.036377,1.05957,2.618321,2.694656,-0.175573,1.061554,3.76133,5561,9148,3587,5561,0,100.0,6,normal
1780594843.913969,53.32460549999087,53493,0.051025,0.012207,1.063232,0.465649,3.450382,-1.007634,1.064526,3.62454,5565,9154,3589,5565,0,100.0,0,normal
1780594843.945356,53.355992400000105,53524,0.053955,-0.063477,1.04541,2.030534,2.389313,-0.832061,1.048724,3.244104,5567,9159,3592,5567,1,100.0,14,normal
1780594843.97632,53.386956499991356,53556,0.040771,-0.00708,1.051758,1.312977,2.251908,-0.572519,1.052572,2.668853,5572,9166,3594,5572,0,114.286,1,normal
1780594844.007881,53.41851730000053,53587,0.034912,-0.026855,1.05542,0.732824,2.366412,-0.916031,1.056339,2.641221,5574,9170,3596,5574,0,114.286,1,normal
1780594844.038013,53.44864950000192,53618,0.048828,-0.020752,1.052978,2.824427,3.80916,0.015267,1.054314,4.74208,5577,9175,3598,5577,1,114.286,13,normal
1780594844.0690973,53.47973359999014,53649,0.049561,0.009033,1.044922,0.534351,2.473282,-0.877863,1.046136,2.678302,5582,9182,3600,5582,0,114.286,0,normal
1780594844.101394,53.512030400001095,53680,0.029541,-0.050781,1.054199,1.816794,2.549618,-0.954198,1.055835,3.272887,5584,9186,3602,5584,0,114.286,1,normal
1780594844.1325579,53.54319419999956,53711,0.048828,-0.035645,1.059326,2.717557,3.931298,-0.267176,1.06105,4.786606,5588,9192,3604,5588,0,114.286,6,normal
1780594844.1637115,53.57434789999388,53743,0.042969,0.00415,1.059082,0.29771,3.580153,-1.045802,1.059961,3.741634,5592,9198,3606,5592,0,114.286,1,normal
1780594844.195049,53.60568549999152,53774,0.038574,-0.058594,1.05127,2.335878,2.709924,-0.664122,1.053608,3.638828,5594,9203,3609,5594,1,114.286,14,normal
1780594844.2257407,53.6363771000033,53806,0.030273,-0.00708,1.042725,1.564886,2.389313,-0.458015,1.043188,2.892656,5599,9210,3611,5599,0,108.0,1,normal
1780594844.2573287,53.66796520000207,53837,0.036133,-0.053467,1.056152,0.824427,2.366412,-1.030534,1.058122,2.709536,5601,9214,3613,5601,0,108.0,0,normal
1780594844.287905,53.69854129999294,53868,0.050293,-0.029785,1.047607,3.343511,3.40458,-0.259542,1.049237,4.77887,5604,9219,3615,5604,1,108.0,14,normal
1780594844.3188288,53.72946519999823,53899,0.04834,0.0,1.046387,0.167939,3.381679,-1.465649,1.047503,3.689456,5609,9226,3617,5609,0,108.0,0,normal
1780594844.3505409,53.76117719999456,53930,0.035156,-0.035889,1.058594,1.847328,2.992366,-0.992366,1.059785,3.653993,5611,9230,3619,5611,0,108.0,0,normal
1780594844.3820329,53.79266929998994,53961,0.056641,-0.035889,1.060547,2.442748,3.366412,-0.442748,1.062664,4.182795,5615,9236,3621,5615,0,108.0,6,normal
1780594844.4120271,53.82266360000358,53992,0.050537,0.014404,1.061768,0.351145,3.580153,-1.351145,1.063067,3.842706,5619,9242,3623,5619,0,108.0,0,normal
1780594844.4441712,53.8548077000014,54023,0.043945,-0.063721,1.051025,2.358779,2.091603,-0.251908,1.053872,3.162609,5621,9247,3626,5621,1,108.0,13,normal
1780594844.4759157,53.88655219999782,54055,0.033447,0.02002,1.048096,1.152672,2.458015,-0.503817,1.04882,2.761218,5626,9254,3628,5626,0,108.0,0,normal
1780594844.507153,53.91778940000222,54086,0.028564,-0.047363,1.057861,0.694656,2.839695,-1.312977,1.059306,3.204734,5628,9258,3630,5628,0,103.571,1,normal
1780594844.538412,53.94904849999875,54117,0.049805,-0.016357,1.046631,3.221374,3.381679,0.290076,1.047943,4.679439,5631,9263,3632,5631,1,103.571,14,normal
1780594844.5688672,53.97950370000035,54149,0.050049,0.006592,1.045166,0.160305,3.022901,-1.312977,1.046384,3.299626,5636,9270,3634,5636,0,103.571,1,normal
1780594844.6014292,54.0120656999934,54180,0.05542,-0.039795,1.041504,2.679389,2.70229,-0.564886,1.043736,3.847154,5638,9275,3637,5638,1,103.571,14,normal
1780594844.631831,54.042467399995076,54211,0.048584,-0.023682,1.057861,2.145038,2.870229,-0.366412,1.059241,3.601897,5642,9280,3638,5642,0,103.571,5,normal
1780594844.6638856,54.0745220999961,54243,0.047363,-0.003418,1.066406,0.603053,3.122137,-0.931298,1.067463,3.313417,5646,9286,3640,5646,0,103.571,0,normal
1780594844.6953585,54.1059949999908,54274,0.045166,-0.063721,1.047119,2.549618,2.679389,-0.412214,1.050028,3.721505,5648,9291,3643,5648,1,103.571,14,normal
1780594844.7264454,54.13708179999958,54305,0.052734,0.017334,1.042725,0.916031,2.717557,-0.709924,1.044201,2.954356,5653,9298,3645,5653,0,103.571,0,normal
1780594844.757278,54.167914299992844,54337,0.037354,-0.056152,1.057373,1.21374,2.59542,-1.244275,1.059522,3.123714,5655,9302,3647,5655,0,107.57,0,normal
1780594844.7869568,54.19759319999139,54367,0.047607,-0.025391,1.053223,3.183206,3.40458,-0.19084,1.054604,4.664803,5658,9307,3649,5658,1,107.57,13,normal
1780594844.8178875,54.22852389999025,54397,0.052246,-0.001465,1.046631,0.610687,2.801527,-0.923664,1.047935,3.012416,5663,9314,3651,5663,0,107.57,0,normal
1780594844.848424,54.259060399999726,54428,0.030273,-0.053955,1.056396,1.519084,2.572519,-1.473282,1.058207,3.331071,5665,9318,3653,5665,0,107.57,1,normal
1780594844.8794565,54.29009300000325,54459,0.041016,-0.046387,1.056641,2.343511,3.78626,-0.19084,1.058453,4.45693,5668,9322,3654,5668,0,107.57,6,normal
1780594844.9102833,54.32091969999601,54490,0.043945,0.005127,1.05957,0.061069,3.740458,-0.961832,1.060494,3.862626,5672,9328,3656,5672,0,107.57,1,normal
1780594844.9420757,54.35271209999337,54521,0.059814,-0.042236,1.039551,2.351145,2.603053,-0.480916,1.042126,3.540487,5674,9333,3659,5674,1,107.57,14,normal
1780594844.9737885,54.38442489999579,54553,0.042969,0.009033,1.063965,1.48855,2.091603,-0.709924,1.06487,2.663564,5683,9343,3660,5683,0,107.57,0,normal
1780594845.0065548,54.41719130000274,54585,0.031494,-0.050781,1.049316,0.870229,2.419847,-1.564886,1.051016,3.010286,5685,9347,3662,5685,0,107.57,0,normal
1780594845.0371962,54.44783269999607,54616,0.047852,-0.019287,1.047607,3.358779,3.358779,0.244275,1.048877,4.756307,5688,9352,3664,5688,1,118.28,14,normal
1780594845.0665436,54.47718000000168,54647,0.042236,0.000732,1.043945,0.40458,2.664122,-1.374046,1.0448,3.02477,5693,9359,3666,5693,0,118.28,0,normal
1780594845.097395,54.50803129999258,54677,0.02832,-0.060059,1.053467,1.015267,2.366412,-1.412214,1.055557,2.936839,5695,9363,3668,5695,0,118.28,0,normal
1780594845.128847,54.539483200001996,54708,0.045654,-0.036377,1.067627,3.229008,2.641221,-0.015267,1.069222,4.171663,5699,9369,3670,5699,0,118.28,6,normal
1780594845.1596797,54.57031599999755,54739,0.053223,-0.00293,1.068115,0.091603,3.496183,-0.885496,1.069444,3.607741,5703,9375,3672,5703,0,118.28,0,normal
1780594845.1912165,54.60185300000012,54770,0.05127,-0.043457,1.043701,2.221374,3.053435,-0.59542,1.045863,3.822629,5705,9380,3675,5705,1,118.28,14,normal
1780594845.2223318,54.63296809999156,54801,0.040527,-0.029297,1.059814,2.152672,2.564885,-0.442748,1.060994,3.37767,5709,9386,3677,5709,0,118.28,3,normal
1780594845.2527108,54.66334729999653,54832,0.041016,-0.001709,1.067627,0.618321,3.335878,-1.099237,1.068416,3.566332,5712,9391,3679,5712,0,118.28,1,normal
1780594845.2841003,54.69473679999646,54863,0.054443,-0.071533,1.053711,2.358779,2.969466,0.030534,1.057538,3.792426,5714,9396,3682,5714,1,118.28,14,normal
1780594845.315687,54.726323399998364,54895,0.057617,0.011963,1.053711,0.503817,3.122137,-0.916031,1.055353,3.29252,5718,9401,3683,5718,0,107.527,5,normal
1780594845.347322,54.75795849999122,54926,0.035889,-0.061279,1.051758,1.19084,2.465649,-1.282443,1.054153,3.023604,5720,9405,3685,5720,0,107.527,0,normal
1780594845.378591,54.789227599991136,54957,0.060303,-0.015381,1.060303,3.343511,3.167939,-0.061069,1.062128,4.606369,5724,9411,3687,5724,0,107.527,6,normal
1780594845.4083393,54.818975799993495,54988,0.038818,-0.009521,1.048096,-0.183206,3.770992,-1.038168,1.048857,3.915576,5728,9417,3689,5728,0,107.527,0,normal
1780594845.441039,54.851675500001875,55019,0.051025,-0.047852,1.040039,2.10687,3.259542,-0.564886,1.042389,3.922067,5730,9422,3692,5730,1,107.527,14,normal
1780594845.4719665,54.88260289999016,55050,0.046875,-0.029541,1.05835,2.175573,2.717557,-0.389313,1.059799,3.502827,5735,9429,3694,5735,0,107.527,0,normal
1780594845.5040178,54.9146541999944,55082,0.044434,-0.035889,1.054688,0.419847,2.908397,-1.480916,1.056233,3.290616,5737,9433,3696,5737,0,107.527,1,normal
1780594845.5341098,54.94474619999528,55113,0.059326,-0.050781,1.054688,2.740458,2.687023,-0.343511,1.057575,3.853336,5739,9438,3699,5739,1,107.527,14,normal
1780594845.564871,54.975507399998605,55144,0.060303,0.009766,1.047607,0.70229,2.748092,-0.78626,1.049387,2.943369,5744,9445,3701,5744,0,107.527,1,normal
1780594845.5957599,55.006396299999324,55175,0.038818,-0.061523,1.056152,1.145038,2.282443,-1.259542,1.058655,2.847298,5746,9449,3703,5746,0,100.0,0,normal
1780594845.6268008,55.03743719999329,55206,0.037598,-0.024902,1.063477,3.480916,2.59542,-0.114504,1.064432,4.343512,5750,9455,3705,5750,0,100.0,5,normal
1780594845.6571453,55.06778179999674,55237,0.04834,-0.005371,1.05835,0.206107,3.625954,-0.931298,1.059467,3.749312,5754,9461,3707,5754,0,100.0,0,normal
1780594845.6896737,55.10030999999435,55268,0.047607,-0.04248,1.050293,2.412214,2.854962,-0.427481,1.052229,3.761958,5756,9466,3710,5756,1,100.0,14,normal
1780594845.7197719,55.130408400000306,55299,0.044678,-0.026855,1.064941,2.221374,2.923664,-0.183206,1.066216,3.676395,5761,9473,3712,5761,0,100.0,0,normal
1780594845.7503452,55.160981699998956,55330,0.037842,0.007324,1.070312,0.244275,3.343511,-1.381679,1.071006,3.625986,5763,9477,3714,5763,0,100.0,0,normal
1780594845.7819242,55.192560700001195,55361,0.038574,-0.067627,1.045898,2.259542,2.954198,-0.221374,1.048792,3.725832,5765,9482,3717,5765,1,100.0,13,normal
1780594845.8128982,55.22353459999431,55392,0.026123,0.004883,1.046875,1.267176,2.21374,-0.778626,1.047212,2.666953,5770,9489,3719,5770,0,100.0,0,normal
1780594845.843908,55.25454460000037,55423,0.028076,-0.043701,1.052978,0.641221,2.80916,-1.343511,1.054259,3.17924,5772,9493,3721,5772,0,100.0,0,normal
1780594845.875048,55.285684399990714,55454,0.049805,-0.010254,1.049561,3.282443,3.78626,-0.099237,1.050792,5.01199,5775,9498,3723,5775,1,103.943,14,normal
1780594845.9064815,55.31711799999175,55486,0.043945,-0.000732,1.036621,-0.114504,3.679389,-1.122137,1.037552,3.848404,5780,9505,3725,5780,0,103.943,0,normal
1780594845.9377227,55.34835899999598,55517,0.052246,-0.04248,1.052002,2.534351,2.923664,-0.549618,1.054155,3.908046,5782,9510,3728,5782,1,103.943,14,normal
1780594845.9695504,55.38018690000172,55548,0.046631,-0.025879,1.067139,1.847328,2.709924,-0.396947,1.06847,3.303615,5787,9517,3730,5787,0,103.943,0,normal
1780594846.001259,55.4118954000005,55580,0.050781,-0.00293,1.069824,0.625954,3.381679,-0.870229,1.071033,3.547516,5789,9521,3732,5789,0,103.943,0,normal
1780594846.031411,55.44204729999183,55611,0.036865,-0.072266,1.04541,2.48855,2.541985,-0.061069,1.048553,3.55785,5791,9526,3735,5791,1,103.943,13,normal
1780594846.0635338,55.47417030000361,55642,0.049316,0.000488,1.039307,0.847328,2.992366,-0.916031,1.040476,3.242119,5795,9531,3736,5795,0,103.943,6,normal
1780594846.0943043,55.504940799990436,55673,0.040283,-0.051758,1.05127,0.977099,2.229008,-0.923664,1.053313,2.603143,5797,9535,3738,5797,0,103.943,1,normal
1780594846.1270413,55.5376777999918,55705,0.041992,-0.037842,1.060791,2.48855,2.251908,-0.320611,1.062296,3.371463,5801,9541,3740,5801,0,103.586,6,normal
1780594846.1582987,55.56893510000373,55737,0.056152,-0.002686,1.062988,0.396947,4.007634,-0.755725,1.064474,4.097538,5805,9547,3742,5805,0,103.586,1,normal
1780594846.1908057,55.60144220000075,55768,0.042969,-0.052979,1.046387,2.709924,2.229008,-0.458015,1.048608,3.538635,5806,9550,3744,5806,1,103.586,17,normal
1780594846.219822,55.63045830000192,55800,0.03125,-0.002197,1.043701,1.435114,2.29771,-0.534351,1.044171,2.76126,5811,9557,3746,5811,0,103.586,1,normal
1780594846.249501,55.660137300001225,55829,0.048096,-0.004883,1.068359,0.770992,3.175573,-0.969466,1.069452,3.4086,5813,9561,3748,5813,0,103.586,0,normal
1780594846.2814047,55.692041100002825,55859,0.037598,-0.064941,1.041992,2.358779,2.824427,-0.076336,1.044691,3.680632,5815,9566,3751,5815,1,103.586,14,normal
1780594846.3121448,55.722781299991766,55890,0.030518,0.016357,1.049316,1.78626,2.519084,-0.625954,1.049888,3.150925,5820,9573,3753,5820,0,103.586,1,normal
1780594846.3434289,55.754065200002515,55922,0.03125,-0.045898,1.050293,0.732824,2.51145,-1.358779,1.05176,2.947998,5822,9577,3755,5822,0,103.586,0,normal
1780594846.3748968,55.785533299989766,55953,0.051758,-0.016846,1.056152,3.610687,3.687023,-0.045802,1.057554,5.160746,5825,9582,3757,5825,0,103.586,13,normal
1780594846.4108002,55.82143670000369,55989,0.043213,0.002197,1.050293,0.458015,3.343511,-1.305344,1.051184,3.618393,5830,9589,3759,5830,0,102.113,0,normal
1780594846.4426305,55.853266999998596,56021,0.054932,-0.012695,1.05957,3.061069,3.351145,-0.274809,1.061069,4.547068,5834,9595,3761,5834,0,102.113,6,normal
1780594846.474028,55.884664500001236,56053,0.047607,-0.004883,1.039062,0.221374,3.458015,-0.908397,1.040164,3.582187,5838,9601,3763,5838,0,102.113,0,normal
1780594846.5056155,55.91625199999544,56084,0.052979,-0.047119,1.05127,2.381679,2.923664,-0.389313,1.053658,3.791012,5840,9606,3766,5840,1,102.113,13,normal
1780594846.5369232,55.947559499996714,56115,0.035889,-0.016357,1.054688,1.931298,2.183206,-0.419847,1.055425,2.944923,5842,9610,3768,5842,0,102.113,3,normal
1780594846.5686486,55.97928489999322,56146,0.053955,-0.009277,1.066894,0.374046,3.870229,-1.335878,1.068298,4.111344,5845,9615,3770,5845,0,102.113,1,normal
1780594846.598792,56.00942859999486,56177,0.041992,-0.077881,1.042725,2.267176,2.450382,-0.282443,1.046472,3.350258,5847,9620,3773,5847,1,102.113,14,normal
1780594846.6292229,56.03985929999908,56208,0.038086,-0.002197,1.046875,1.396947,2.40458,-0.633588,1.04757,2.852174,5852,9627,3775,5852,0,102.113,1,normal
1780594846.6600456,56.070682099991245,56238,0.035156,-0.023438,1.067383,0.320611,3.145038,-1.259542,1.068219,3.403014,5854,9631,3777,5854,0,102.113,0,normal
1780594846.6907647,56.10140099999262,56269,0.048828,-0.040283,1.048828,3.175573,3.610687,0.038168,1.050737,4.808615,5856,9636,3780,5856,1,92.857,14,normal
1780594846.7225037,56.13313999999082,56301,0.046143,-0.002441,1.051025,0.061069,2.847328,-0.80916,1.052041,2.9607,5861,9643,3782,5861,0,92.857,0,normal
1780594846.7688398,56.17947619999177,56332,0.048584,-0.055664,1.060303,1.687023,2.656489,-1.122137,1.062874,3.340984,5863,9647,3784,5863,0,92.857,0,normal
1780594846.7835867,56.194223200000124,56363,0.041748,-0.026611,1.0625,2.664122,2.251908,-0.51145,1.063653,3.525652,5867,9653,3786,5867,0,92.857,6,normal
1780594846.8160863,56.22672259999672,56394,0.049561,0.025146,1.064453,0.282443,3.78626,-0.89313,1.065903,3.900412,5871,9659,3788,5871,0,92.857,0,normal
1780594846.8456514,56.25628780000261,56425,0.044434,-0.063232,1.046631,2.129771,2.282443,-0.312977,1.04948,3.137423,5873,9664,3791,5873,1,92.857,14,normal
1780594846.87727,56.28790630000003,56456,0.025635,-0.008301,1.050049,1.908397,2.59542,-0.709924,1.050394,3.298814,5876,9669,3793,5876,0,92.857,0,normal
1780594846.9071393,56.317775699993945,56486,0.052734,-0.003662,1.067871,0.610687,3.450382,-1.175572,1.069179,3.69595,5878,9673,3795,5878,0,92.857,1,normal
1780594846.9384398,56.34907620000013,56517,0.04126,-0.070801,1.041504,2.312977,2.778626,-0.366412,1.044723,3.633852,5880,9678,3798,5880,1,92.857,14,normal
1780594846.9685347,56.37917109999398,56548,0.039307,-0.000977,1.048584,1.419847,2.328244,-0.725191,1.049321,2.821806,5885,9685,3800,5885,0,103.943,1,normal
1780594847.001211,56.411847399998805,56579,0.034668,-0.035889,1.057861,0.633588,2.51145,-1.51145,1.059037,2.998883,5887,9689,3802,5887,0,103.943,0,normal
1780594847.0328028,56.44343919999665,56610,0.046631,-0.01709,1.057617,3.412214,3.29771,-0.061069,1.058783,4.745716,5890,9694,3804,5890,1,103.943,14,normal
1780594847.0617232,56.47235969999747,56641,0.04126,0.001465,1.052978,0.267176,3.083969,-0.923664,1.053788,3.230388,5895,9701,3806,5895,0,103.943,0,normal
1780594847.0945652,56.505201499996474,56672,0.042969,-0.047607,1.056885,1.557252,2.770992,-0.961832,1.058829,3.320926,5897,9705,3808,5897,0,103.943,0,normal
1780594847.1258125,56.53644899999199,56704,0.039551,-0.026123,1.068604,2.396947,2.641221,-0.358779,1.069654,3.584707,5902,9711,3809,5902,0,103.943,6,normal
1780594847.1569486,56.567585099997814,56735,0.056885,-0.008545,1.067383,0.435114,3.732824,-0.900763,1.068932,3.864541,5906,9717,3811,5906,0,103.943,0,normal
1780594847.1882365,56.59887279999384,56766,0.045654,-0.058594,1.044678,2.244275,2.931298,-0.419847,1.047315,3.715582,5908,9722,3814,5908,1,103.943,14,normal
1780594847.2194088,56.630045099998824,56797,0.050049,0.003662,1.054199,1.267176,2.610687,-0.541985,1.055393,2.952146,5913,9729,3816,5913,0,103.943,1,normal
1780594847.249526,56.66016240000317,56828,0.046631,-0.033936,1.059814,0.870229,3.167939,-1.21374,1.061382,3.502328,5915,9733,3818,5915,0,107.143,0,normal
1780594847.2797585,56.690394799996284,56859,0.060547,-0.034424,1.050781,3.503817,3.0,0.160305,1.053087,4.615456,5918,9738,3820,5918,1,107.143,14,normal
1780594847.3096619,56.72029830000247,56890,0.057129,-0.009766,1.044189,0.70229,2.679389,-1.0,1.045797,2.944883,5923,9745,3822,5923,0,107.143,0,normal
1780594847.3416893,56.752325699999346,56920,0.026855,-0.062988,1.049561,0.992366,2.526718,-1.152672,1.051792,2.949194,5925,9749,3824,5925,0,107.143,0,normal
1780594847.372192,56.782828399998834,56951,0.049561,-0.016846,1.070312,3.183206,3.778626,-0.396947,1.071592,4.95665,5929,9755,3826,5929,0,107.143,6,normal
1780594847.403428,56.814064399994095,56982,0.040771,0.006836,1.037109,0.396947,2.900763,-1.099237,1.037933,3.12735,5933,9761,3828,5933,0,107.143,1,normal
1780594847.4353633,56.84599980000348,57013,0.054199,-0.04541,1.058106,2.312977,2.366412,-0.770992,1.060465,3.397676,5935,9766,3831,5935,1,107.143,14,normal
1780594847.4665487,56.87718509999104,57045,0.039795,-0.00293,1.054199,2.053435,2.832061,-0.618321,1.054954,3.552392,5940,9773,3833,5940,0,107.143,1,normal
1780594847.4974284,56.908064899995225,57076,0.048828,-0.003418,1.062256,0.450382,3.198473,-1.122137,1.063383,3.419396,5942,9777,3835,5942,0,107.143,0,normal
1780594847.5283616,56.93899809999857,57107,0.04541,-0.064453,1.050781,2.480916,2.78626,-0.366412,1.053735,3.748659,5944,9782,3838,5944,1,103.943,14,normal
1780594847.5592723,56.96990860000369,57138,0.04248,0.007568,1.04126,1.10687,3.221374,-0.473282,1.042153,3.438954,5949,9789,3840,5949,0,103.943,0,normal
1780594847.589807,57.00044350000098,57169,0.028076,-0.048096,1.050537,0.763359,2.458015,-1.557252,1.052012,3.008254,5951,9793,3842,5951,0,103.943,0,normal
1780594847.6211145,57.0317509000015,57200,0.04126,-0.030518,1.05127,3.366412,3.335878,-0.259542,1.052522,4.746385,5954,9798,3844,5954,0,103.943,13,normal
1780594847.6517222,57.06235849999939,57231,0.038574,-0.00708,1.042725,-0.137405,3.198473,-1.198473,1.043462,3.418399,5959,9805,3846,5959,0,103.943,0,normal
1780594847.683836,57.094472299999325,57262,0.048584,-0.049316,1.052734,1.923664,2.961832,-0.908397,1.055008,3.646658,5961,9809,3848,5961,0,103.943,1,normal
1780594847.7141907,57.12482719999389,57293,0.040771,-0.025391,1.066406,2.51145,2.770992,-0.259542,1.067487,3.748752,5966,9815,3849,5966,0,103.943,6,normal
1780594847.7447615,57.155397900001844,57324,0.04126,0.019043,1.052734,0.137405,3.358779,-1.259542,1.053715,3.589808,5970,9821,3851,5970,0,103.943,1,normal
1780594847.776665,57.18730140000116,57355,0.042969,-0.074707,1.043457,2.282443,2.748092,-0.557252,1.04701,3.615534,5972,9826,3854,5972,1,103.943,14,normal
1780594847.8088865,57.219522899991716,57387,0.0354,0.001953,1.044678,1.51145,2.099237,-0.480916,1.045279,2.631075,5977,9833,3856,5977,0,117.857,1,normal
1780594847.8396583,57.250294700002996,57418,0.033691,-0.044434,1.056641,1.045802,2.587786,-1.274809,1.058111,3.068465,5979,9837,3858,5979,0,117.857,0,normal
1780594847.8705974,57.2812336999923,57449,0.049805,-0.01416,1.063232,3.221374,3.274809,-0.122137,1.064492,4.595274,5982,9842,3860,5982,1,117.857,14,normal
1780594847.9022226,57.312859099998605,57480,0.053955,-0.003174,1.041504,0.305344,2.992366,-1.030534,1.042905,3.179543,5987,9849,3862,5987,0,117.857,0,normal
1780594847.9325893,57.343225699994946,57511,0.039062,-0.045166,1.049805,1.625954,2.587786,-0.816794,1.051502,3.163466,5989,9853,3864,5989,0,117.857,0,normal
1780594847.9653106,57.375946899992414,57542,0.04126,-0.036377,1.062256,2.114504,3.091603,-0.145038,1.063679,3.748356,5993,9859,3866,5993,0,117.857,6,normal
1780594847.993673,57.40430939999351,57574,0.041992,0.00415,1.063721,0.541985,3.587786,-1.0,1.064557,3.763769,5997,9865,3868,5997,0,117.857,0,normal
1780594848.0259495,57.43658589999541,57604,0.052002,-0.035645,1.038086,2.10687,2.503817,-0.343511,1.039999,3.290289,5999,9870,3871,5999,1,117.857,14,normal
1780594848.0561411,57.46677759999875,57635,0.040283,0.001221,1.052734,2.038168,2.519084,-0.557252,1.053506,3.287924,6004,9877,3873,6004,0,117.857,0,normal
1780594848.086806,57.497442499996396,57666,0.042969,-0.006836,1.072754,0.519084,3.78626,-1.290076,1.073636,4.033548,6006,9881,3875,6006,0,103.943,1,normal
1780594848.1179934,57.52862979999918,57697,0.052734,-0.074463,1.043701,2.625954,3.152672,-0.061069,1.047682,4.103499,6008,9886,3878,6008,1,103.943,13,normal
1780594848.1481183,57.55875460000243,57728,0.034912,0.006836,1.037598,1.259542,2.587786,-0.755725,1.038207,2.975602,6013,9893,3880,6013,0,103.943,0,normal
1780594848.1803644,57.59100089999265,57759,0.042236,-0.061768,1.056152,0.923664,2.374046,-1.412214,1.0588,2.912662,6015,9897,3882,6015,0,103.943,1,normal
1780594848.2117372,57.622373499994865,57790,0.048096,-0.008789,1.052978,3.236641,3.80916,-0.351145,1.054113,5.010874,6019,9903,3884,6019,0,103.943,6,normal
1780594848.2425382,57.65317469999718,57821,0.049316,0.003418,1.055176,0.167939,2.923664,-0.755725,1.056333,3.024423,6023,9909,3886,6023,0,103.943,1,normal
1780594848.274427,57.68506340000022,57852,0.066406,-0.040527,1.05127,2.328244,3.122137,-0.824427,1.054144,3.980973,6025,9914,3889,6025,1,103.943,14,normal
1780594848.304976,57.71561230000225,57884,0.029053,-0.006104,1.059814,1.839695,2.51145,-0.229008,1.06023,3.121586,6031,9921,3890,6031,0,103.943,0,normal
1780594848.3368523,57.74748869999894,57915,0.044434,-0.004883,1.06543,0.580153,4.0229,-1.160305,1.066367,4.226892,6033,9925,3892,6033,0,103.943,0,normal
1780594848.367926,57.77856229999452,57946,0.046143,-0.066895,1.042236,2.282443,2.717557,-0.328244,1.0454,3.564044,6035,9930,3895,6035,1,103.571,14,normal
1780594848.4004223,57.811058699997375,57978,0.056396,-0.002686,1.054443,0.48855,3.022901,-0.625954,1.055954,3.125448,6040,9937,3897,6040,0,103.571,0,normal
1780594848.4306695,57.841305900001316,58009,0.037842,-0.049805,1.059326,1.633588,2.442748,-1.274809,1.061171,3.203243,6042,9941,3899,6042,0,103.571,0,normal
1780594848.4625,57.87313659999927,58040,0.052734,-0.025391,1.080078,3.335878,3.778626,-0.053435,1.081663,5.040729,6046,9947,3901,6046,0,103.571,6,normal
1780594848.4919856,57.902622099994915,58071,0.052734,0.006836,1.063965,0.114504,3.59542,-1.122137,1.065293,3.768202,6050,9953,3903,6050,0,103.571,0,normal
1780594848.5230458,57.93368210000335,58101,0.053223,-0.055664,1.053223,1.89313,2.396947,-0.847328,1.056035,3.169741,6052,9957,3905,6052,0,103.571,0,normal
1780594848.5550919,57.9657281999971,58133,0.045654,-0.013916,1.054932,2.198473,2.832061,-0.549618,1.056011,3.627111,6057,9963,3906,6057,0,103.571,6,normal
1780594848.5852883,57.99592469999334,58164,0.045898,-0.002686,1.063232,0.480916,3.496183,-1.068702,1.064226,3.687371,6059,9967,3908,6059,0,103.571,0,normal
1780594848.6172333,58.027869600002305,58195,0.04126,-0.065186,1.038818,2.045802,2.290076,-0.435114,1.041679,3.101464,6061,9972,3911,6061,1,103.571,14,normal
1780594848.646358,58.056994500002475,58226,0.037354,0.000732,1.05127,1.351145,2.129771,-0.419847,1.051933,2.55691,6066,9979,3913,6066,0,110.714,1,normal
1780594848.6795676,58.09020399999281,58257,0.026367,-0.039062,1.057129,0.648855,3.145038,-1.282443,1.058179,3.45788,6068,9983,3915,6068,0,110.714,0,normal
1780594848.70995,58.12058629999228,58288,0.054688,-0.034424,1.058838,3.068702,3.526718,-0.068702,1.060808,4.675403,6071,9988,3917,6071,1,110.714,13,normal
1780594848.7407024,58.151338900002884,58319,0.042725,0.006348,1.050293,0.450382,2.59542,-0.664122,1.051181,2.716635,6076,9995,3919,6076,0,110.714,0,normal
1780594848.7700136,58.18064989999402,58349,0.020752,-0.044922,1.048828,1.061069,2.648855,-1.137405,1.049995,3.071806,6078,9999,3921,6078,0,110.714,1,normal
1780594848.8006115,58.21124789999158,58380,0.052246,-0.017578,1.0625,3.19084,3.259542,-0.015267,1.063929,4.561393,6081,10004,3923,6081,0,110.714,13,normal
1780594848.832788,58.24342440000328,58411,0.046387,-0.007324,1.040772,0.145038,3.19084,-1.435114,1.04183,3.501721,6086,10011,3925,6086,0,110.714,0,normal
1780594848.8636324,58.27426890000061,58442,0.046387,-0.046143,1.044434,1.694656,2.946565,-0.587786,1.046481,3.44958,6088,10015,3927,6088,0,110.714,1,normal
1780594848.8947916,58.30542809999315,58474,0.050781,-0.02832,1.057861,1.923664,2.519084,-0.427481,1.059458,3.198282,6093,10021,3928,6093,0,110.714,6,normal
1780594848.9262178,58.33685419999529,58505,0.051025,-0.004883,1.069824,0.473282,4.076336,-1.030534,1.071052,4.231136,6095,10025,3930,6095,0,103.943,0,normal
1780594848.9569182,58.367554700002074,58535,0.047607,-0.054199,1.050049,2.587786,2.549618,-0.229008,1.052524,3.640005,6097,10030,3933,6097,1,103.943,14,normal
1780594848.987091,58.39772759999323,58566,0.043457,-0.003418,1.061279,1.847328,2.396947,-0.465649,1.062174,3.06183,6102,10037,3935,6102,0,103.943,0,normal
1780594849.0162046,58.426840999993146,58596,0.034668,-0.008789,1.060059,0.671756,3.458015,-1.0,1.060662,3.661847,6104,10041,3937,6104,0,103.943,1,normal
1780594849.0485203,58.459156700002495,58626,0.035156,-0.066406,1.033203,2.458015,2.770992,-0.328244,1.035932,3.718599,6106,10046,3940,6106,1,103.943,15,normal
1780594849.0792625,58.489898999992874,58658,0.037598,-0.000977,1.047363,1.381679,2.778626,-0.671756,1.048038,3.175068,6111,10053,3942,6111,0,103.943,1,normal
1780594849.1111586,58.52179499999329,58689,0.037109,-0.040771,1.049072,0.938931,2.687023,-1.236641,1.05052,3.10338,6113,10057,3944,6113,0,103.943,0,normal
1780594849.1423295,58.552965900002164,58720,0.051514,-0.01416,1.05542,3.320611,3.740458,-0.175573,1.056771,5.004828,6115,10060,3945,6115,1,103.943,16,normal
1780594849.173265,58.58390139999392,58752,0.044434,-0.003174,1.047852,-0.129771,3.671756,-1.030534,1.048798,3.81584,6120,10067,3947,6120,0,103.943,1,normal
1780594849.2055533,58.6161895999976,58783,0.047852,-0.044922,1.044678,2.740458,2.503817,-0.603053,1.046737,3.760702,6122,10072,3950,6122,1,97.122,14,normal
1780594849.235989,58.646625499997754,58815,0.040039,-0.019775,1.063232,2.145038,2.351145,-0.389313,1.06417,3.206343,6126,10077,3951,6126,0,97.122,5,normal
1780594849.267142,58.67777860000206,58846,0.041504,0.0,1.064209,0.534351,3.335878,-1.137405,1.065018,3.56473,6128,10081,3953,6128,0,97.122,0,normal
1780594849.2983859,58.70902229999774,58876,0.030762,-0.058105,1.04248,2.229008,2.160305,-0.236641,1.044552,3.1131,6130,10086,3956,6130,1,97.122,14,normal
1780594849.329402,58.740038399992045,58907,0.026611,0.018555,1.054932,1.08397,2.328244,-0.618321,1.05543,2.641596,6135,10093,3958,6135,0,97.122,1,normal
1780594849.3616514,58.77228789999208,58939,0.031982,-0.034912,1.060303,1.19084,2.625954,-1.251908,1.061359,3.143407,6137,10097,3960,6137,0,97.122,0,normal
1780594849.3918777,58.802513999995426,58970,0.052979,-0.01416,1.053223,3.396947,3.381679,0.152672,1.054649,4.795655,6140,10102,3962,6140,1,97.122,14,normal
1780594849.421985,58.83262129999639,59001,0.049561,0.003174,1.042725,0.175573,3.244275,-1.08397,1.043907,3.425074,6145,10109,3964,6145,0,97.122,0,normal
1780594849.4534478,58.864084300003015,59032,0.049561,-0.036865,1.055176,2.122137,2.480916,-1.244275,1.056982,3.493799,6147,10113,3966,6147,0,97.122,0,normal
1780594849.4857676,58.89640409999993,59063,0.046631,-0.017334,1.065918,2.618321,3.664122,-0.274809,1.067078,4.511864,6151,10119,3968,6151,0,103.571,5,normal
1780594849.516215,58.92685150000034,59094,0.047607,0.02417,1.057617,0.473282,3.557252,-1.206107,1.058964,3.785859,6155,10125,3970,6155,0,103.571,0,normal
1780594849.5489526,58.95958909999172,59126,0.031738,-0.06665,1.036865,2.51145,2.51145,-0.152672,1.03949,3.555007,6157,10130,3973,6157,1,103.571,14,normal
1780594849.5791929,58.98982940000133,59158,0.0354,0.001465,1.054199,1.48855,2.564885,-0.59542,1.054794,3.024722,6162,10137,3975,6162,0,103.571,1,normal
1780594849.611311,59.021947300003376,59189,0.034912,-0.040771,1.055176,0.977099,2.984733,-1.152672,1.05654,3.345446,6164,10141,3977,6164,0,103.571,0,normal
1780594849.6423044,59.052940800000215,59220,0.047852,-0.018799,1.053223,2.954198,3.167939,-0.335878,1.054477,4.344645,6167,10146,3979,6167,1,103.571,14,normal
1780594849.6737952,59.084431700001005,59252,0.042236,-0.001465,1.040772,0.053435,2.778626,-1.335878,1.041629,3.083535,6172,10153,3981,6172,0,103.571,1,normal
1780594849.7055125,59.11614889999328,59283,0.047363,-0.049316,1.051025,2.114504,3.473282,-0.610687,1.053247,4.111904,6174,10158,3984,6174,1,103.571,14,normal
1780594849.735906,59.14654239999072,59315,0.043945,0.002441,1.049805,1.854962,2.412214,-0.114504,1.050727,3.045122,6178,10163,3985,6178,0,107.143,5,normal
1780594849.7658591,59.176495499996236,59346,0.05127,-0.007568,1.071533,0.572519,3.557252,-1.0,1.072786,3.739227,6180,10167,3987,6180,0,107.143,1,normal
1780594849.7987447,59.20938119999482,59376,0.029053,-0.054443,1.04248,2.374046,2.587786,-0.343511,1.044305,3.52856,6182,10172,3990,6182,1,107.143,14,normal
1780594849.8292134,59.23984989999735,59408,0.046387,-0.004639,1.050049,1.335878,2.938931,-0.381679,1.051083,3.250779,6187,10179,3992,6187,0,107.143,1,normal
1780594849.860475,59.27111159999913,59439,0.034424,-0.032227,1.062988,1.045802,2.534351,-1.137405,1.064034,2.968219,6189,10183,3994,6189,0,107.143,0,normal
1780594849.891729,59.302365600000485,59470,0.064453,-0.018799,1.052734,3.320611,3.129771,0.022901,1.054873,4.563162,6192,10188,3996,6192,1,107.143,14,normal
1780594849.9245815,59.33521799999289,59502,0.053955,0.001221,1.051025,0.10687,2.847328,-1.236641,1.05241,3.10612,6197,10195,3998,6197,0,107.143,1,normal
1780594849.9542544,59.364890800003195,59533,0.05957,-0.046875,1.054199,2.061069,2.89313,-0.931298,1.056921,3.672264,6199,10199,4000,6199,0,107.143,0,normal
1780594849.9846833,59.39531979999447,59564,0.049561,-0.023682,1.061768,2.656489,3.114504,-0.320611,1.063187,4.106076,6204,10205,4001,6204,0,107.143,5,normal
1780594850.016735,59.42737140000099,59595,0.031738,0.003174,1.060791,0.030534,3.572519,-1.160305,1.06127,3.756346,6208,10211,4003,6208,0,107.143,1,normal
1780594850.0485206,59.45915709999099,59626,0.035889,-0.061035,1.041992,2.374046,2.51145,-0.51145,1.044395,3.493574,6210,10216,4006,6210,1,107.143,14,normal
1780594850.0784554,59.489091800001916,59657,0.040039,0.006836,1.05127,1.618321,2.442748,-0.534351,1.052054,2.978508,6215,10223,4008,6215,0,107.143,0,normal
1780594850.1098409,59.52047719999973,59688,0.05127,-0.015869,1.075195,0.587786,2.603053,-0.885496,1.076534,2.811669,6217,10227,4010,6217,0,107.143,1,normal
1780594850.1418726,59.55250900000101,59719,0.060791,-0.046387,1.049316,3.068702,3.694656,-0.145038,1.052099,4.805044,6219,10232,4013,6219,1,107.143,14,normal
1780594850.1715155,59.58215200000268,59751,0.046631,-0.003906,1.043457,0.389313,2.832061,-1.251908,1.044506,3.120803,6224,10239,4015,6224,0,107.143,0,normal
1780594850.2044206,59.615056900001946,59782,0.033447,-0.048828,1.058594,1.687023,2.51145,-1.19084,1.060247,3.251389,6226,10243,4017,6226,0,107.143,1,normal
1780594850.2351944,59.645830900000874,59813,0.05249,-0.012939,1.046631,2.984733,3.412214,0.038168,1.048026,4.533574,6229,10249,4020,6229,0,107.143,6,normal
1780594850.2659934,59.67662969999947,59844,0.04834,-0.003906,1.063232,0.122137,3.610687,-1.145038,1.064338,3.789867,6231,10253,4022,6231,0,107.143,0,normal
1780594850.2963526,59.70698909999919,59875,0.049072,-0.035645,1.043945,2.48855,2.412214,-0.320611,1.045706,3.480581,6233,10258,4025,6233,1,89.286,13,normal
1780594850.3276854,59.73832190000394,59907,0.038086,0.0,1.062744,1.435114,2.328244,-0.633588,1.063426,2.807438,6238,10265,4027,6238,0,89.286,0,normal
1780594850.358535,59.769171399995685,59938,0.048584,-0.022705,1.06543,0.450382,3.984733,-1.038168,1.066779,4.14231,6240,10269,4029,6240,0,89.286,1,normal
1780594850.3896875,59.80032389999542,59968,0.041504,-0.070312,1.049072,2.366412,2.679389,-0.259542,1.052245,3.584187,6242,10274,4032,6242,1,89.286,13,normal
1780594850.4205992,59.83123569999589,59999,0.030762,0.000244,1.052246,1.19084,2.274809,-1.114504,1.052696,2.799102,6247,10281,4034,6247,0,89.286,0,normal
1780594850.4513104,59.861946799996076,60030,0.032715,-0.039307,1.055664,1.0,2.442748,-1.267176,1.056902,2.927926,6249,10285,4036,6249,0,89.286,1,normal
1780594850.4817247,59.89236119999259,60060,0.04248,-0.066162,1.047119,2.534351,2.854962,-0.167939,1.050067,3.821249,6251,10290,4039,6251,1,89.286,13,normal
1780594850.5118942,59.922530700001516,60091,0.039307,0.008301,1.049561,0.854962,2.70229,-0.839695,1.050329,2.956081,6256,10297,4041,6256,0,89.286,0,normal
1780594850.5425487,59.95318519999273,60121,0.038574,-0.04126,1.057617,0.679389,2.633588,-1.259542,1.059124,2.997299,6258,10301,4043,6258,0,89.286,0,normal
1780594850.5749052,59.98554169999261,60152,0.063965,-0.036377,1.063965,3.351145,2.877863,-0.610687,1.066506,4.459284,6261,10306,4045,6261,1,101.083,13,normal
1780594850.604599,60.015235400001984,60183,0.041748,0.000732,1.041992,0.21374,2.877863,-1.183206,1.042828,3.118935,6266,10313,4047,6266,0,101.083,0,normal
1780594850.6363487,60.046985199995106,60214,0.031982,-0.050781,1.05835,1.236641,2.557252,-1.244275,1.06005,3.101135,6267,10315,4048,6267,0,101.083,6,normal
1780594850.6674452,60.078081600004225,60245,0.049805,-0.016602,1.059326,3.099237,4.045802,-0.274809,1.060626,5.103852,6271,10321,4050,6271,0,101.083,6,normal
1780594850.6988807,60.10951719999139,60277,0.049561,0.013184,1.054932,0.358779,3.687023,-1.114504,1.056177,3.86846,6275,10327,4052,6275,0,101.083,0,normal
1780594850.7304945,60.141130899995915,60309,0.036865,-0.056641,1.039795,2.076336,2.709924,-0.503817,1.041989,3.450897,6277,10332,4055,6277,1,101.083,14,normal
1780594850.762347,60.17298329999903,60340,0.038818,-0.001709,1.052002,1.015267,2.312977,-0.51145,1.052719,2.577249,6282,10339,4057,6282,0,101.083,1,normal
1780594850.79848,60.20911640000122,60371,0.046631,-0.04126,1.060059,0.801527,2.954198,-1.099237,1.061886,3.252392,6284,10343,4059,6284,0,101.083,0,normal
1780594850.8246856,60.23532209999394,60402,0.057129,-0.053711,1.047119,2.954198,3.48855,0.206107,1.050051,4.575997,6286,10348,4062,6286,1,100.0,14,normal
1780594850.8548694,60.26550579999457,60434,0.054688,-0.004883,1.046631,0.251908,2.48855,-1.08397,1.04807,2.726046,6291,10355,4064,6291,0,100.0,1,normal
1780594850.8846474,60.29528369999025,60464,0.032715,-0.056152,1.051514,1.038168,2.679389,-0.969466,1.05352,3.03262,6293,10359,4066,6293,0,100.0,0,normal
1780594850.9161139,60.32675019999442,60494,0.049316,-0.015869,1.060791,3.068702,3.458015,-0.053435,1.062055,4.623598,6295,10362,4067,6295,1,100.0,17,normal
1780594850.9474928,60.35812920000171,60526,0.046143,0.002197,1.046143,0.091603,3.068702,-1.030534,1.047162,3.238414,6300,10369,4069,6300,0,100.0,1,normal
1780594850.978627,60.38926329999231,60557,0.048096,-0.040039,1.052734,2.152672,2.312977,-0.717557,1.054593,3.240177,6302,10373,4071,6302,0,100.0,1,normal
1780594851.0102913,60.42092769998999,60588,0.050049,-0.030518,1.061035,2.19084,2.770992,-0.450382,1.062653,3.561042,6307,10379,4072,6307,0,100.0,6,normal
1780594851.040712,60.45134859999234,60619,0.048828,0.009033,1.068604,0.641221,3.381679,-1.129771,1.069757,3.62261,6311,10385,4074,6311,0,100.0,1,normal
1780594851.0720286,60.48266510000394,60650,0.046387,-0.055664,1.044922,2.717557,2.022901,-0.282443,1.047431,3.399562,6313,10390,4077,6313,1,100.0,13,normal
1780594851.1024349,60.513071199995466,60681,0.030029,-0.006104,1.055176,1.717557,2.374046,-0.839695,1.055621,3.048144,6318,10397,4079,6318,0,114.695,0,normal
1780594851.1343718,60.545008300003246,60712,0.040039,-0.02002,1.063721,0.389313,2.908397,-1.412214,1.064662,3.256484,6320,10401,4081,6320,0,114.695,0,normal
1780594851.1657572,60.5763936000003,60743,0.05957,-0.070557,1.04834,2.51145,2.694656,-0.358779,1.052399,3.700983,6322,10406,4084,6322,1,114.695,13,normal
1780594851.1957128,60.60634929999651,60774,0.035889,-0.000488,1.049805,0.992366,2.442748,-0.824427,1.050418,2.762515,6327,10413,4086,6327,0,114.695,0,normal
1780594851.226736,60.63737260000198,60805,0.034912,-0.047363,1.056641,0.969466,2.70229,-1.198473,1.058278,3.11104,6329,10417,4088,6329,0,114.695,0,normal
1780594851.2571292,60.66776549999486,60836,0.054199,-0.017334,1.046387,3.274809,3.221374,0.015267,1.047933,4.593676,6332,10422,4090,6332,1,114.695,13,normal
1780594851.287939,60.69857539999066,60867,0.046631,-0.004395,1.047363,0.587786,3.198473,-1.030534,1.04841,3.411411,6336,10427,4091,6336,0,114.695,6,normal
1780594851.3191645,60.72980099999404,60897,0.028076,-0.061523,1.057617,1.541985,2.343511,-1.045802,1.059777,2.993904,6338,10431,4093,6338,0,114.695,0,normal
1780594851.3501139,60.7607502000028,60928,0.045166,-0.015869,1.056641,3.183206,3.832061,-0.328244,1.057725,4.992518,6342,10437,4095,6342,0,114.695,5,normal
1780594851.380348,60.79098449999583,60959,0.053955,-0.003662,1.056885,0.022901,3.48855,-0.992366,1.058267,3.627023,6346,10443,4097,6346,0,100.719,0,normal
1780594851.4114926,60.82212909999362,60990,0.045654,-0.043701,1.049316,2.541985,2.618321,-0.603053,1.051218,3.698779,6348,10447,4099,6348,1,100.719,0,normal
1780594851.4428697,60.85350620000099,61021,0.041504,-0.028809,1.063232,2.022901,2.648855,-0.480916,1.064432,3.367468,6353,10453,4100,6353,0,100.719,5,normal
1780594851.473125,60.88376139999309,61052,0.047852,0.01709,1.060303,0.519084,3.748092,-0.954198,1.06152,3.902324,6357,10459,4102,6357,0,100.719,0,normal
1780594851.506241,60.916877399999066,61083,0.038086,-0.064941,1.041748,2.427481,2.801527,-0.160305,1.044465,3.710379,6359,10464,4105,6359,1,100.719,14,normal
1780594851.5364296,60.94706609999412,61115,0.041748,-0.010986,1.039307,1.099237,2.625954,-0.824427,1.040203,2.96372,6364,10471,4107,6364,0,100.719,1,normal
1780594851.5679562,60.97859260000405,61146,0.036621,-0.042969,1.054199,1.045802,2.541985,-1.045802,1.05571,2.940933,6365,10473,4108,6365,0,100.719,5,normal
1780594851.6000671,61.01070349999645,61177,0.051025,-0.02124,1.063721,3.381679,2.770992,-0.114504,1.065156,4.373472,6368,10478,4110,6368,1,100.719,14,normal
1780594851.6309996,61.04163599999447,61209,0.041992,-0.000977,1.053467,0.251908,2.709924,-1.458015,1.054304,3.087548,6373,10485,4112,6373,0,108.0,1,normal
1780594851.6622357,61.07287209999049,61240,0.045898,-0.040039,1.057373,1.954198,3.061069,-0.923664,1.059126,3.747291,6375,10489,4114,6375,0,108.0,1,normal
1780594851.693412,61.10404849999759,61271,0.048096,-0.036377,1.052734,2.19084,3.030534,-0.282443,1.05446,3.750159,6380,10495,4115,6380,0,108.0,6,normal
1780594851.7236223,61.13425879999704,61302,0.042969,0.016113,1.063477,0.343511,3.78626,-0.938931,1.064466,3.916038,6384,10501,4117,6384,0,108.0,0,normal
1780594851.7550325,61.16566889999376,61333,0.060791,-0.042969,1.044922,2.129771,2.541985,-0.21374,1.04757,3.323145,6386,10506,4120,6386,1,108.0,13,normal
1780594851.785497,61.19613329999265,61364,0.029297,0.012695,1.053467,1.717557,2.198473,-0.442748,1.053951,2.824768,6391,10513,4122,6391,0,108.0,0,normal
1780594851.8176014,61.22823779999453,61396,0.032471,-0.03418,1.061768,1.076336,2.709924,-1.068702,1.062814,3.105529,6393,10517,4124,6393,0,108.0,0,normal
1780594851.847824,61.25846050000109,61427,0.059326,-0.040283,1.051514,3.259542,3.007634,-0.152672,1.053956,4.437768,6396,10522,4126,6396,1,108.0,13,normal
1780594851.87939,61.29002639999089,61458,0.035156,0.007568,1.048828,0.450382,2.870229,-0.862595,1.049444,3.030698,6401,10529,4128,6401,0,108.0,0,normal
1780594851.9113107,61.32194719999097,61489,0.031982,-0.047607,1.054199,1.526718,2.244275,-0.89313,1.055758,2.857502,6403,10533,4130,6403,0,107.143,0,normal
1780594851.9424322,61.35306850000052,61520,0.042725,-0.015381,1.059814,3.198473,3.664122,-0.129771,1.060787,4.865476,6407,10539,4132,6407,0,107.143,5,normal
1780594851.972881,61.38351749999856,61551,0.045166,-0.002197,1.052978,0.068702,2.969466,-1.129771,1.053949,3.177866,6409,10543,4134,6409,0,107.143,0,normal
1780594852.0098143,61.42045059999509,61588,0.068359,-0.040283,1.052734,2.381679,3.015267,-0.603053,1.05572,3.889461,6413,10549,4136,6413,0,107.143,1,normal
1780594852.041051,61.45168729999568,61620,0.043457,0.004883,1.056152,0.519084,3.206107,-1.251908,1.057057,3.480782,6417,10555,4138,6417,0,107.143,1,normal
1780594852.0734656,61.484101900001406,61651,0.049316,-0.031982,1.042236,2.282443,2.427481,-0.236641,1.043892,3.34039,6419,10560,4141,6419,1,107.143,15,normal
1780594852.1053832,61.51601959999243,61683,0.029541,0.010742,1.057373,1.59542,2.381679,-0.396947,1.05784,2.894016,6424,10567,4143,6424,0,107.143,0,normal
1780594852.1363149,61.54695129999891,61715,0.037598,-0.040039,1.061768,0.931298,3.167939,-1.21374,1.063187,3.517999,6426,10571,4145,6426,0,107.143,1,normal
1780594852.1682215,61.57885799999349,61746,0.057129,-0.01001,1.053223,3.137405,3.312977,-0.198473,1.054818,4.567113,6429,10576,4147,6429,1,101.167,14,normal
1780594852.1974854,61.60812189998978,61777,0.050049,-0.001953,1.057129,0.198473,2.732824,-1.045802,1.058315,2.932818,6434,10583,4149,6434,0,101.167,0,normal
1780594852.2309291,61.64156550000189,61808,0.037598,-0.053711,1.048096,1.534351,2.389313,-1.099237,1.050144,3.044892,6435,10585,4150,6435,0,101.167,5,normal
1780594852.2608573,61.671493699992425,61839,0.050537,-0.016602,1.055908,3.053435,2.954198,-0.076336,1.057247,4.249304,6438,10591,4153,6438,0,101.167,6,normal
1780594852.2917166,61.702353100001346,61870,0.050781,0.000488,1.053955,0.427481,3.412214,-0.885496,1.055178,3.551063,6442,10597,4155,6442,0,101.167,0,normal
1780594852.323441,61.734077499990235,61901,0.059814,-0.033203,1.049805,2.694656,2.755725,-0.480916,1.052031,3.884131,6444,10602,4158,6444,1,101.167,14,normal
1780594852.3554037,61.76604010000301,61933,0.034668,0.001221,1.056152,1.770992,2.709924,-0.427481,1.056722,3.265401,6449,10609,4160,6449,0,101.167,0,normal
1780594852.3847098,61.795346300001256,61964,0.041504,-0.009033,1.072022,0.572519,3.992366,-1.122137,1.072863,4.186402,6451,10613,4162,6451,0,101.167,0,normal
1780594852.4174206,61.82805699999153,61995,0.058105,-0.053223,1.052734,2.793893,2.396947,-0.236641,1.055679,3.688792,6453,10618,4165,6453,1,101.167,13,normal
1780594852.4479942,61.85863069999323,62027,0.062744,-0.00415,1.043701,0.374046,3.145038,-0.671756,1.045594,3.237658,6458,10625,4167,6458,0,103.203,0,normal
1780594852.4807072,61.891343600000255,62058,0.037109,-0.047852,1.06543,1.648855,2.717557,-1.274809,1.067149,3.42476,6460,10629,4169,6460,0,103.203,0,normal
1780594852.5099158,61.92055219999747,62089,0.057129,-0.014404,1.057129,2.946565,3.832061,-0.015267,1.05877,4.83396,6464,10635,4171,6464,0,103.203,5,normal
1780594852.5411787,61.95181509999384,62120,0.055664,0.0,1.057861,0.343511,3.167939,-1.320611,1.059325,3.449326,6468,10641,4173,6468,0,103.203,0,normal
1780594852.5721653,61.982801699996344,62151,0.063721,-0.036377,1.048584,2.709924,2.396947,-0.519084,1.051148,3.654926,6470,10646,4176,6470,1,103.203,14,normal
1780594852.6040204,62.014656699990155,62182,0.050781,-0.026123,1.065186,2.274809,2.717557,-0.458015,1.066715,3.573465,6474,10651,4177,6474,0,103.203,6,normal
1780594852.6344335,62.045069899992086,62213,0.064941,0.014893,1.065674,0.877863,3.229008,-0.732824,1.067754,3.425517,6478,10657,4179,6478,0,103.203,0,normal
1780594852.6669793,62.07761569999275,62245,0.038818,-0.060791,1.051758,2.083969,2.664122,-0.526718,1.054228,3.423143,6480,10662,4182,6480,1,103.203,14,normal
1780594852.697765,62.108401499994216,62276,0.030518,-0.000977,1.049316,1.022901,2.603053,-0.473282,1.04976,2.836584,6485,10669,4184,6485,0,103.203,0,normal
1780594852.7279692,62.138605699990876,62307,0.026611,-0.044434,1.056396,0.984733,2.59542,-1.045802,1.057665,2.966412,6486,10671,4185,6486,0,100.0,6,normal
1780594852.7586613,62.16929779999191,62337,0.054443,-0.056152,1.063232,3.290076,2.664122,-0.335878,1.066105,4.24676,6489,10676,4187,6489,1,100.0,14,normal
1780594852.7889392,62.199575699996785,62368,0.057373,-0.000732,1.045166,0.526718,2.877863,-1.061069,1.04674,3.112136,6494,10683,4189,6494,0,100.0,0,normal
1780594852.819922,62.23055829999794,62398,0.031006,-0.054199,1.056152,0.885496,2.763359,-1.259542,1.057996,3.163337,6496,10687,4191,6496,0,100.0,0,normal
1780594852.8512254,62.26186179999786,62429,0.063477,-0.021729,1.058838,3.458015,3.625954,0.10687,1.060961,5.01167,6499,10692,4193,6499,1,100.0,14,normal
1780594852.88081,62.29144649999216,62460,0.050537,0.0,1.034668,0.312977,3.236641,-1.068702,1.035901,3.422854,6504,10699,4195,6504,0,100.0,0,normal
1780594852.9115133,62.322149799991166,62490,0.028564,-0.048828,1.058106,1.335878,2.625954,-1.19084,1.059617,3.177783,6506,10703,4197,6506,0,100.0,0,normal
1780594852.9427986,62.35343499999726,62521,0.03418,-0.014648,1.058594,3.10687,4.0,-0.19084,1.059247,5.068438,6510,10709,4199,6510,0,100.0,5,normal
1780594852.974353,62.38498940000136,62552,0.048828,-0.001953,1.050293,0.312977,3.305344,-1.236641,1.051429,3.542955,6514,10715,4201,6514,0,100.0,0,normal
1780594853.0049267,62.415563100003055,62583,0.043213,-0.040771,1.041992,2.412214,2.541985,-0.732824,1.043684,3.580153,6516,10720,4204,6516,1,108.696,14,normal
1780594853.0373461,62.44798260000243,62615,0.044189,-0.029297,1.066162,2.167939,2.671756,-0.366412,1.06748,3.46013,6521,10727,4206,6521,0,108.696,1,normal
1780594853.0689602,62.47959659999469,62647,0.036377,-0.036865,1.057861,0.961832,2.618321,-1.305344,1.059128,3.079715,6523,10731,4208,6523,0,108.696,0,normal
1780594853.1005363,62.51117279999016,62678,0.055908,-0.043945,1.043701,3.251908,2.801527,-0.10687,1.046121,4.293586,6526,10736,4210,6526,1,108.696,14,normal
1780594853.131276,62.541912200002116,62710,0.04541,0.001221,1.049805,0.557252,3.480916,-1.061069,1.050787,3.681464,6531,10743,4212,6531,0,108.696,1,normal
1780594853.1629975,62.57363379999879,62741,0.030518,-0.050537,1.049072,1.778626,2.19084,-1.175572,1.050732,3.057002,6533,10747,4214,6533,0,108.696,0,normal
1780594853.1936774,62.604313799995,62772,0.051514,-0.033691,1.069336,2.419847,3.519084,-0.122137,1.071106,4.272532,6536,10753,4217,6536,0,108.696,5,normal
1780594853.224961,62.63559740000346,62803,0.043701,0.010986,1.054932,0.564886,3.633588,-1.412214,1.055894,3.939087,6539,10757,4218,6539,0,108.696,6,normal
1780594853.2556932,62.666329699990456,62834,0.058594,-0.037842,1.049316,2.343511,2.656489,-0.48855,1.051632,3.575984,6541,10762,4221,6541,1,99.602,14,normal
1780594853.2873259,62.69796229999338,62866,0.041992,0.003418,1.05127,1.114504,2.145038,-0.725191,1.052113,2.523729,6546,10769,4223,6546,0,99.602,1,normal
1780594853.3183448,62.72898129999521,62897,0.04541,-0.006104,1.067139,0.839695,2.885496,-1.091603,1.068122,3.197307,6548,10773,4225,6548,0,99.602,0,normal
1780594853.350348,62.76098439999623,62928,0.060303,-0.044434,1.054688,3.137405,2.923664,-0.51145,1.057344,4.318877,6550,10778,4228,6550,1,99.602,14,normal
1780594853.3811953,62.79183170000033,62959,0.052246,-0.000244,1.051758,0.740458,2.526718,-0.618321,1.053055,2.704607,6555,10785,4230,6555,0,99.602,1,normal
1780594853.412357,62.82299359999888,62990,0.043945,-0.048584,1.053955,0.977099,2.374046,-0.755725,1.055989,2.67618,6557,10789,4232,6557,0,99.602,0,normal
1780594853.4444368,62.855073300001095,63021,0.047363,-0.009766,1.053223,3.572519,3.267176,-0.007634,1.054332,4.841218,6561,10795,4234,6561,0,99.602,6,normal
1780594853.4733417,62.883978099998785,63052,0.041016,-0.004883,1.054199,-0.290076,3.694656,-1.343511,1.055008,3.942037,6565,10801,4236,6565,0,99.602,1,normal
1780594853.5040004,62.91463689999364,63083,0.051758,-0.044678,1.048584,2.10687,2.603053,-0.503817,1.050811,3.386535,6567,10805,4238,6567,0,99.602,0,normal
1780594853.5353158,62.94595209999534,63114,0.04834,-0.022217,1.0625,2.152672,2.717557,-0.580153,1.063831,3.515066,6572,10811,4239,6572,0,110.714,5,normal
1780594853.5660186,62.976654899990535,63145,0.037842,-0.005615,1.058594,0.305344,3.51145,-1.114504,1.059285,3.696706,6576,10817,4241,6576,0,110.714,1,normal
1780594853.5987275,63.00936399999773,63176,0.032959,-0.054199,1.038818,2.335878,2.900763,-0.038168,1.040753,3.724542,6578,10822,4244,6578,1,110.714,14,normal
1780594853.6292665,63.03990299999714,63208,0.033691,0.00415,1.045898,1.282443,2.80916,-0.587786,1.046449,3.14349,6583,10829,4246,6583,0,110.714,1,normal
1780594853.6610444,63.07168069999898,63239,0.029785,-0.044922,1.057373,0.816794,2.526718,-0.977099,1.058746,2.829519,6585,10833,4248,6585,0,110.714,0,normal
1780594853.6920469,63.10268319999159,63270,0.048096,-0.016602,1.048828,3.236641,3.40458,-0.145038,1.050062,4.699792,6588,10838,4250,6588,1,110.714,14,normal
1780594853.7234821,63.13411859999178,63301,0.056641,-0.002441,1.045898,0.328244,3.198473,-0.709924,1.047434,3.292714,6592,10843,4251,6592,0,110.714,5,normal
1780594853.754619,63.165255400002934,63332,0.033936,-0.042969,1.055664,1.778626,2.366412,-1.145038,1.057083,3.17404,6594,10847,4253,6594,0,110.714,0,normal
1780594853.7849982,63.19563449999259,63363,0.054688,-0.017334,1.059814,2.59542,3.21374,-0.259542,1.061366,4.139045,6598,10853,4255,6598,0,110.714,5,normal
1780594853.8152585,63.225894999995944,63394,0.047119,-0.005615,1.052002,0.259542,4.068702,-1.08397,1.053072,4.218612,6602,10859,4257,6602,0,107.143,1,normal
1780594853.8474398,63.25807630000054,63425,0.061279,-0.038574,1.050537,2.648855,2.534351,-0.251908,1.05303,3.674619,6604,10864,4260,6604,1,107.143,14,normal
1780594853.8790271,63.28966349999246,63457,0.037842,0.013916,1.055664,1.854962,2.358779,-0.48855,1.056434,3.040296,6609,10871,4262,6609,0,107.143,0,normal
1780594853.9110472,63.32168359999196,63489,0.025635,-0.046631,1.05249,0.748092,2.290076,-1.274809,1.053835,2.725661,6611,10875,4264,6611,0,107.143,0,normal
1780594853.94272,63.35335629999463,63520,0.049805,-0.024414,1.053467,3.091603,3.671756,-0.091603,1.054926,4.800853,6614,10880,4266,6614,1,107.143,14,normal
1780594853.9736383,63.38427480000246,63552,0.04248,-0.000244,1.052246,-0.229008,3.152672,-1.160305,1.053103,3.367208,6617,10885,4268,6617,0,107.143,1,normal
1780594854.0060608,63.416697199994815,63583,0.052979,-0.046387,1.048828,1.931298,2.984733,-0.923664,1.051189,3.673104,6619,10889,4270,6619,0,107.143,0,normal
1780594854.0349243,63.44556069999817,63614,0.049316,-0.027344,1.0625,2.29771,3.030534,-0.396947,1.063995,3.823765,6624,10895,4271,6624,0,107.143,6,normal
1780594854.0653515,63.47598799999105,63644,0.050781,-0.007813,1.047852,0.328244,3.473282,-1.21374,1.04911,3.69386,6628,10901,4273,6628,0,104.0,1,normal
1780594854.0962644,63.50690069999837,63675,0.063965,-0.046387,1.050293,2.366412,2.70229,-0.419847,1.053261,3.616428,6630,10906,4276,6630,1,104.0,14,normal
1780594854.12839,63.5390264000016,63706,0.034424,-0.024902,1.049805,2.030534,2.267176,-0.465649,1.050664,3.078958,6635,10913,4278,6635,0,104.0,0,normal
1780594854.1602166,63.57085289999668,63738,0.03833,-0.014404,1.064697,0.587786,2.549618,-1.122137,1.065484,2.84697,6637,10917,4280,6637,0,104.0,1,normal
1780594854.190296,63.60093230000348,63769,0.050293,-0.074219,1.049316,2.847328,3.183206,-0.007634,1.053139,4.270848,6639,10922,4283,6639,1,104.0,14,normal
1780594854.222276,63.63291230000323,63800,0.047607,-0.002686,1.058106,0.503817,2.862595,-0.984733,1.059179,3.068873,6643,10927,4284,6643,0,104.0,5,normal
1780594854.252332,63.66296839999268,63831,0.031494,-0.061768,1.053223,1.045802,2.419847,-1.099237,1.055502,2.856166,6645,10931,4286,6645,0,104.0,0,normal
1780594854.2845757,63.695212199992966,63862,0.043945,-0.008789,1.062012,3.343511,3.358779,0.083969,1.062957,4.73999,6649,10937,4288,6649,0,104.0,6,normal
1780594854.314353,63.724989299997105,63893,0.043457,-0.003662,1.04541,0.19084,2.816794,-0.992366,1.046319,2.992581,6653,10943,4290,6653,0,104.0,1,normal
1780594854.346829,63.757465399990906,63924,0.047119,-0.041992,1.054932,2.80916,2.847328,-0.175573,1.056818,4.003684,6655,10948,4293,6655,1,96.429,14,normal
1780594854.3762014,63.786837699997704,63955,0.041016,-0.029541,1.060547,2.251908,3.083969,-0.29771,1.061751,3.830221,6659,10953,4294,6659,0,96.429,5,normal
1780594854.4073968,63.81803319999017,63986,0.037598,0.01416,1.061523,0.419847,3.618321,-1.015267,1.062283,3.781439,6663,10959,4296,6663,0,96.429,1,normal
1780594854.4398148,63.85045129999344,64017,0.043701,-0.052734,1.049072,2.381679,2.854962,-0.312977,1.051306,3.731107,6665,10964,4299,6665,1,96.429,14,normal
1780594854.4705856,63.88122199999634,64049,0.049561,-0.002197,1.043213,1.274809,2.70229,-0.534351,1.044392,3.035299,6668,10969,4301,6668,0,96.429,1,normal
1780594854.501012,63.91164849999768,64079,0.034912,-0.027344,1.062988,0.435114,2.717557,-0.969466,1.063913,2.917928,6670,10973,4303,6670,0,96.429,0,normal
1780594854.5319195,63.94255599999451,64110,0.050293,-0.046875,1.049805,2.916031,3.59542,-0.290076,1.052053,4.638364,6672,10978,4306,6672,1,96.429,14,normal
1780594854.5628927,63.97352919999685,64141,0.042725,0.006836,1.041504,0.740458,2.770992,-0.877863,1.042402,2.999553,6676,10983,4307,6676,0,96.429,5,normal
1780594854.5938103,64.00444669999706,64172,0.035889,-0.049561,1.054688,1.198473,2.19084,-1.08397,1.056461,2.722335,6678,10987,4309,6678,0,96.429,0,normal
1780594854.626044,64.0366803999932,64203,0.044434,-0.01416,1.06543,3.282443,3.366412,-0.21374,1.06645,4.706681,6682,10993,4311,6682,0,96.774,5,normal
1780594854.6564438,64.06708029999572,64235,0.051514,-0.001709,1.050781,0.267176,3.251908,-1.236641,1.052045,3.489351,6686,10999,4313,6686,0,96.774,0,normal
1780594854.6883922,64.09902870000224,64266,0.035156,-0.061523,1.034912,2.480916,2.48855,-0.152672,1.037335,3.517262,6688,11004,4316,6688,1,96.774,14,normal
1780594854.7202916,64.13092799999868,64298,0.028809,0.01123,1.046875,1.526718,2.335878,-0.412214,1.047332,2.820835,6693,11011,4318,6693,0,96.774,1,normal
1780594854.7692006,64.17983710000408,64330,0.028809,-0.052979,1.059082,0.648855,2.78626,-1.152672,1.060797,3.0843,6695,11015,4320,6695,0,96.774,0,normal
1780594854.7829099,64.19354639999801,64361,0.060303,-0.015137,1.052978,3.152672,3.763359,-0.015267,1.054812,4.909424,6698,11020,4322,6698,1,96.774,14,normal
1780594854.8136148,64.22425129999465,64392,0.047119,-0.006348,1.042236,0.152672,3.068702,-1.145038,1.04332,3.278926,6703,11027,4324,6703,0,96.774,0,normal
1780594854.844208,64.25484439999855,64423,0.03833,-0.052979,1.049072,1.396947,2.389313,-1.167939,1.051108,3.004057,6705,11031,4326,6705,0,96.774,0,normal
1780594854.875369,64.28600559999177,64454,0.049805,-0.033691,1.074951,2.618321,2.519084,0.007634,1.076632,3.63338,6709,11037,4328,6709,0,107.57,5,normal
1780594854.907524,64.31816059999983,64485,0.052002,0.00708,1.05957,0.717557,3.496183,-1.007634,1.060869,3.708573,6713,11043,4330,6713,0,107.57,0,normal
1780594854.93793,64.34856649998983,64516,0.058838,-0.03418,1.048096,2.022901,2.229008,-0.59542,1.050302,3.068408,6715,11048,4333,6715,1,107.57,14,normal
1780594854.9698007,64.38043720000132,64547,0.044678,-0.028564,1.067139,1.816794,2.740458,-0.389313,1.068455,3.310954,6721,11055,4334,6721,0,107.57,1,normal
1780594854.9998932,64.41052969999146,64578,0.046387,0.000244,1.076172,0.839695,3.534351,-1.099237,1.077171,3.795398,6723,11059,4336,6723,0,107.57,0,normal
1780594855.0311444,64.44178069999907,64609,0.054932,-0.070557,1.050049,2.167939,2.633588,-0.21374,1.053849,3.41781,6725,11064,4339,6725,1,107.57,14,normal
1780594855.0621312,64.47276760000386,64640,0.032959,-0.006348,1.044434,1.267176,2.526718,-0.870229,1.044973,2.957589,6729,11069,4340,6729,0,107.57,5,normal
1780594855.0934582,64.50409459999355,64671,0.040039,-0.057129,1.054443,0.740458,2.572519,-1.022901,1.056749,2.865739,6731,11073,4342,6731,0,107.57,0,normal
1780594855.1237562,64.5343925999914,64702,0.041992,-0.019775,1.059082,3.351145,2.89313,-0.175573,1.060099,4.430711,6734,11078,4344,6734,1,107.57,14,normal
1780594855.154787,64.56542339999578,64733,0.053223,-0.00415,1.04834,0.534351,2.549618,-0.778626,1.049698,2.718886,6739,11085,4346,6739,0,107.527,0,normal
1780594855.1864796,64.59711609999067,64764,0.039551,-0.036865,1.062744,1.854962,2.496183,-0.778626,1.064118,3.205943,6741,11089,4348,6741,0,107.527,0,normal
1780594855.216623,64.62725940000382,64795,0.04834,-0.02417,1.064209,2.572519,2.862595,-0.061069,1.06558,3.84916,6745,11095,4350,6745,0,107.527,5,normal
1780594855.2486544,64.65929080000205,64827,0.048096,-0.004395,1.065674,0.748092,4.251908,-0.954198,1.066768,4.421409,6749,11101,4352,6749,0,107.527,0,normal
1780594855.2806318,64.69126829999732,64858,0.031738,-0.062256,1.039062,2.435115,2.40458,-0.549618,1.04141,3.466103,6751,11106,4355,6751,1,107.527,14,normal
1780594855.310859,64.72149549999449,64889,0.039551,0.015381,1.062256,1.335878,2.137405,-0.503817,1.063103,2.570389,6754,11111,4357,6754,0,107.527,0,normal
1780594855.3433962,64.75403260000166,64921,0.033691,-0.041992,1.054932,0.534351,2.541985,-1.183206,1.056304,2.854329,6756,11115,4359,6756,0,107.527,0,normal
1780594855.3735526,64.78418909999891,64952,0.041504,-0.019287,1.056641,3.282443,3.091603,0.236641,1.057631,4.515356,6759,11120,4361,6759,1,107.527,13,normal
1780594855.4050577,64.81569409999065,64983,0.045898,0.000488,1.049561,0.259542,3.503817,-1.08397,1.050564,3.676831,6764,11127,4363,6764,0,100.0,0,normal
1780594855.4356508,64.84628719999455,65014,0.049072,-0.037109,1.049561,1.832061,2.442748,-1.10687,1.051362,3.247865,6766,11131,4365,6766,0,100.0,0,normal
1780594855.4679127,64.87854900000093,65045,0.037598,-0.031738,1.069092,2.389313,3.259542,-0.152672,1.070223,4.044346,6770,11137,4367,6770,0,100.0,6,normal
1780594855.4980466,64.90868300000147,65076,0.035889,0.012451,1.055908,0.19084,3.70229,-1.068702,1.056591,3.858173,6774,11143,4369,6774,0,100.0,0,normal
1780594855.5294456,64.94008200000098,65107,0.043457,-0.060059,1.044434,2.603053,2.427481,-0.458015,1.047061,3.588639,6776,11148,4372,6776,1,100.0,13,normal
1780594855.5618386,64.9724750000023,65139,0.03418,0.019287,1.046387,1.610687,2.21374,-0.51145,1.047122,2.785056,6781,11155,4374,6781,0,100.0,1,normal
1780594855.5933447,65.00398100000166,65171,0.032471,-0.045654,1.056885,1.045802,2.145038,-1.061069,1.058369,2.611658,6783,11159,4376,6783,0,100.0,1,normal
1780594855.6240106,65.03464709999389,65202,0.040771,-0.006592,1.06543,3.305344,3.572519,-0.259542,1.06623,4.873966,6786,11164,4378,6786,0,100.0,13,normal
1780594855.6542304,65.06486679999216,65233,0.044189,0.00415,1.033936,0.328244,3.40458,-1.251908,1.034888,3.642278,6791,11171,4380,6791,0,108.0,0,normal
1780594855.6852195,65.09585589999915,65263,0.039795,-0.048584,1.057373,1.541985,2.51145,-1.167939,1.059236,3.170044,6793,11175,4382,6793,0,108.0,1,normal
1780594855.716669,65.12730559999181,65294,0.045654,-0.038086,1.065674,2.572519,3.038168,0.083969,1.067331,3.98188,6797,11181,4384,6797,0,108.0,6,normal
1780594855.746617,65.15725360000215,65325,0.049805,0.008789,1.065674,0.473282,3.580153,-1.183206,1.066873,3.800193,6801,11187,4386,6801,0,108.0,1,normal
1780594855.778886,65.1895225999906,65356,0.060791,-0.030029,1.051758,2.351145,2.732824,-0.725191,1.053941,3.677243,6803,11192,4389,6803,1,108.0,14,normal
1780594855.8124993,65.22313569999824,65387,0.052734,-0.018311,1.065186,1.816794,2.465649,-0.48855,1.066647,3.101426,6808,11199,4391,6808,0,108.0,1,normal
1780594855.8413098,65.25194629999169,65419,0.036377,-0.005371,1.059326,0.687023,2.778626,-1.198473,1.059964,3.103079,6810,11203,4393,6810,0,108.0,0,normal
1780594855.8716235,65.28225999999268,65449,0.044189,-0.079102,1.044434,2.374046,2.671756,-0.343511,1.048356,3.590595,6812,11208,4396,6812,1,108.0,14,normal
1780594855.9015622,65.3121986000042,65480,0.034668,-0.001465,1.05249,1.503817,2.366412,-0.694656,1.053062,2.888584,6816,11213,4397,6816,0,108.0,5,normal
1780594855.9337986,65.34443489999103,65511,0.022949,-0.044678,1.058594,0.778626,2.10687,-1.206107,1.059785,2.549481,6818,11217,4399,6818,0,97.122,0,normal
1780594855.9648316,65.37546809999913,65542,0.042725,-0.01416,1.053955,3.305344,3.129771,-0.328244,1.054916,4.563826,6821,11222,4401,6821,1,97.122,14,normal
1780594855.9952204,65.40585689998989,65573,0.038086,-0.00415,1.045654,0.335878,3.290076,-0.969466,1.046356,3.446343,6826,11229,4403,6826,0,97.122,0,normal
1780594856.0262952,65.4369316999946,65604,0.03833,-0.034424,1.064697,1.709924,2.465649,-0.938931,1.065943,3.144019,6828,11233,4405,6828,0,97.122,0,normal
1780594856.0576494,65.4682857000007,65635,0.047363,-0.026855,1.057861,2.129771,3.458015,-0.312977,1.059262,4.073297,6832,11239,4407,6832,0,97.122,6,normal
1780594856.0896885,65.50032490000012,65667,0.049805,0.010498,1.058838,0.312977,3.419847,-0.954198,1.06006,3.56424,6836,11245,4409,6836,0,97.122,0,normal
1780594856.1195035,65.53014000000258,65698,0.04126,-0.064697,1.038574,2.305344,2.70229,-0.374046,1.041405,3.571679,6838,11250,4412,6838,1,97.122,13,normal
1780594856.1518035,65.56243999999424,65729,0.043457,0.01709,1.049561,1.671756,2.519084,-0.541985,1.050599,3.07153,6843,11257,4414,6843,0,97.122,1,normal
1780594856.182385,65.59302139999636,65761,0.032471,-0.049072,1.05542,0.755725,2.480916,-1.122137,1.057059,2.82582,6845,11261,4416,6845,0,108.0,0,normal
1780594856.2139974,65.62463379999099,65792,0.046631,-0.028564,1.051025,2.984733,3.519084,-0.137405,1.052447,4.616434,6848,11266,4418,6848,0,108.0,13,normal
1780594856.2452993,65.65593569999328,65823,0.039795,0.006836,1.049561,0.145038,3.038168,-1.030534,1.050337,3.211464,6852,11271,4419,6852,0,108.0,6,normal
1780594856.2747493,65.6853856999951,65853,0.041992,-0.048096,1.050781,1.748092,2.816794,-1.145038,1.052719,3.507316,6854,11275,4421,6854,0,108.0,1,normal
1780594856.305944,65.71658039999602,65884,0.059082,-0.022217,1.072266,2.778626,2.664122,-0.320611,1.074122,3.862784,6858,11281,4423,6858,0,108.0,6,normal
1780594856.337138,65.74777439999161,65915,0.062012,-0.018555,1.049072,0.450382,3.603053,-0.89313,1.051067,3.73932,6862,11287,4425,6862,0,108.0,1,normal
1780594856.3680038,65.77864019999106,65946,0.046387,-0.043701,1.044678,2.526718,3.015267,-0.610687,1.04662,3.98109,6864,11292,4428,6864,1,108.0,14,normal
1780594856.399642,65.81027849999373,65977,0.039307,-0.02417,1.052978,2.022901,2.824427,-0.564886,1.053989,3.519746,6869,11299,4430,6869,0,108.0,1,normal
1780594856.4290593,65.83969559999241,66008,0.04541,-0.008545,1.074951,0.679389,4.175572,-1.221374,1.075944,4.403264,6871,11303,4432,6871,0,108.0,0,normal
1780594856.4601629,65.87079939999967,66038,0.037842,-0.068604,1.045654,2.351145,2.648855,-0.496183,1.048585,3.576383,6873,11308,4435,6873,1,101.083,14,normal
1780594856.4919753,65.9026118000038,66070,0.029541,0.00708,1.043945,1.175572,2.679389,-0.916031,1.044387,3.065976,6878,11315,4437,6878,0,101.083,1,normal
1780594856.52312,65.93375640000158,66101,0.029785,-0.043213,1.042969,1.137405,2.847328,-1.221374,1.044288,3.300412,6880,11319,4439,6880,0,101.083,0,normal
1780594856.5542936,65.96493000000191,66132,0.050293,-0.020264,1.052978,3.015267,3.763359,-0.061069,1.054374,4.8227,6883,11324,4441,6883,1,101.083,14,normal
1780594856.5845764,65.9952129000012,66163,0.041992,0.003174,1.044922,0.320611,2.725191,-1.160305,1.04577,2.979222,6887,11329,4442,6887,0,101.083,6,normal
1780594856.6151788,66.02581530000316,66193,0.038086,-0.046875,1.050293,1.48855,2.40458,-1.19084,1.052028,3.068531,6889,11333,4444,6889,0,101.083,0,normal
1780594856.646061,66.05669739999576,66224,0.047119,-0.019287,1.062744,2.671756,3.114504,0.045802,1.063963,4.103719,6893,11339,4446,6893,0,101.083,6,normal
1780594856.67899,66.08962640000391,66256,0.041504,0.013916,1.062744,0.305344,3.51145,-1.129771,1.063645,3.701338,6897,11345,4448,6897,0,101.083,0,normal
1780594856.710034,66.12067039999238,66287,0.056641,-0.044678,1.045166,2.290076,2.175573,-0.458015,1.047653,3.191762,6899,11350,4451,6899,1,101.083,13,normal
1780594856.741315,66.15195129999483,66319,0.028076,0.005615,1.043945,1.450382,2.564885,-0.343511,1.044338,2.96652,6904,11357,4453,6904,0,110.32,1,normal
1780594856.7726698,66.183306299994,66350,0.027588,-0.041016,1.052978,0.816794,2.358779,-1.053435,1.054138,2.709375,6906,11361,4455,6906,0,110.32,1,normal
1780594856.8031254,66.21376179999788,66381,0.054688,-0.015625,1.049561,3.236641,2.603053,-0.29771,1.0511,4.164176,6909,11366,4457,6909,1,110.32,14,normal
1780594856.8336556,66.24429200000304,66412,0.060059,0.001709,1.044678,0.21374,2.717557,-0.923664,1.046404,2.878186,6912,11371,4459,6912,0,110.32,0,normal
1780594856.8758278,66.28646409999055,66442,0.040527,-0.058838,1.056152,0.801527,2.48855,-1.259542,1.058566,2.902029,6914,11375,4461,6914,0,110.32,0,normal
1780594856.894749,66.3053854000027,66473,0.05835,-0.016846,1.064697,3.229008,3.053435,-0.21374,1.066428,4.449229,6918,11381,4463,6918,0,110.32,6,normal
1780594856.9265273,66.33716369999456,66504,0.047607,0.00708,1.053467,0.076336,3.381679,-0.694656,1.054566,3.453133,6921,11385,4464,6921,0,110.32,5,normal
1780594856.9575193,66.3681557999953,66535,0.053223,-0.036133,1.057129,2.40458,2.885496,-0.450382,1.059084,3.78298,6923,11390,4467,6923,1,110.32,14,normal
1780594856.9863267,66.39696319999348,66565,0.041504,-0.037598,1.062988,2.40458,2.954198,-0.167939,1.064462,3.812807,6927,11395,4468,6927,0,110.32,5,normal
1780594857.0180812,66.42871759999252,66596,0.048096,0.00708,1.061768,0.541985,3.251908,-1.099237,1.06288,3.475194,6931,11401,4470,6931,0,97.473,0,normal
1780594857.0488675,66.45950379999704,66627,0.055664,-0.038818,1.040527,2.19084,2.587786,-0.351145,1.042738,3.408771,6933,11406,4473,6933,1,97.473,14,normal
1780594857.0807555,66.49139199999627,66659,0.047363,0.011475,1.05127,1.328244,2.267176,-0.549618,1.052398,2.684474,6938,11413,4475,6938,0,97.473,1,normal
1780594857.1122072,66.52284350000264,66690,0.033936,-0.035889,1.0625,0.671756,2.732824,-0.946565,1.063647,2.969103,6940,11417,4477,6940,0,97.473,0,normal
1780594857.142829,66.55346529999224,66721,0.05127,-0.033691,1.057373,3.282443,3.083969,-0.068702,1.059151,4.504444,6942,11422,4480,6942,1,97.473,14,normal
1780594857.1744707,66.58510719999322,66752,0.039795,0.009521,1.051758,0.671756,2.877863,-0.946565,1.052553,3.103117,6947,11429,4482,6947,0,97.473,0,normal
1780594857.2054837,66.6161199999915,66783,0.022705,-0.062988,1.052978,1.48855,2.564885,-1.137405,1.055105,3.176178,6949,11433,4484,6949,0,97.473,0,normal
1780594857.2359776,66.64661409999826,66814,0.048584,-0.025635,1.0625,2.694656,3.557252,-0.435114,1.063919,4.483808,6953,11439,4486,6953,0,97.473,6,normal
1780594857.2662377,66.6768740999978,66845,0.051514,-0.002197,1.057129,0.206107,3.366412,-1.0,1.058386,3.517842,6957,11445,4488,6957,0,97.473,0,normal
1780594857.2982264,66.70886269999028,66875,0.051514,-0.040527,1.059814,1.656489,2.412214,-0.801527,1.061839,3.034003,6959,11449,4490,6959,0,100.358,1,normal
1780594857.3292496,66.73988609999651,66906,0.045898,-0.024414,1.051025,2.51145,2.870229,-0.198473,1.05231,3.81903,6964,11455,4491,6964,0,100.358,6,normal
1780594857.359804,66.770440399996,66938,0.050049,-0.00415,1.070557,0.351145,3.862595,-0.992366,1.071734,4.003466,6968,11461,4493,6968,0,100.358,0,normal
1780594857.391786,66.80242259999795,66969,0.032471,-0.061035,1.049072,2.541985,2.748092,-0.114504,1.051348,3.745238,6970,11466,4496,6970,1,100.358,13,normal
1780594857.422709,66.83334539999487,67000,0.040283,0.012695,1.049072,1.442748,2.534351,-0.633588,1.049922,2.984274,6975,11473,4498,6975,0,100.358,0,normal
1780594857.4531562,66.86379259999376,67031,0.032227,-0.030273,1.058838,0.877863,2.977099,-1.229008,1.059761,3.338296,6977,11477,4500,6977,0,100.358,1,normal
1780594857.4852893,66.8959257999959,67062,0.051758,-0.025635,1.046387,3.114504,3.183206,-0.206107,1.04798,4.458185,6980,11482,4502,6980,1,100.358,14,normal
1780594857.516045,66.92668160000176,67094,0.041992,-0.001953,1.042725,0.21374,2.671756,-1.244275,1.043572,2.955027,6985,11489,4504,6985,0,100.358,1,normal
1780594857.547827,66.95846349999192,67125,0.052002,-0.049072,1.05542,1.854962,3.015267,-0.862595,1.057839,3.643733,6987,11493,4506,6987,0,112.0,0,normal
1780594857.5790546,66.98969089999446,67156,0.058105,-0.031006,1.068115,2.083969,2.824427,-0.40458,1.070144,3.533271,6992,11499,4507,6992,0,112.0,5,normal
1780594857.613159,67.02379540000402,67192,0.046875,-0.008789,1.062256,0.251908,3.59542,-1.198473,1.063326,3.798268,6996,11505,4509,6996,0,112.0,1,normal
1780594857.6456501,67.05628649999562,67223,0.051514,-0.035156,1.063232,2.48855,2.709924,0.045802,1.06506,3.679492,7000,11511,4511,7000,0,112.0,6,normal
1780594857.677768,67.08840439999767,67255,0.039307,0.018311,1.061768,0.435114,3.648855,-1.183206,1.062653,3.860498,7004,11517,4513,7004,0,112.0,1,normal
1780594857.7093866,67.12002289999509,67286,0.038818,-0.050781,1.035889,2.137405,2.732824,-0.641221,1.037859,3.528171,7006,11522,4516,7006,1,112.0,14,normal
1780594857.7406251,67.1512614999956,67317,0.045898,0.01001,1.057129,1.175572,2.748092,-0.305344,1.058172,3.004532,7011,11529,4518,7011,0,112.0,1,normal
1780594857.770961,67.18159749999177,67349,0.037109,-0.049072,1.057861,0.725191,2.419847,-1.29771,1.059649,2.840002,7012,11531,4519,7012,0,112.0,5,normal
1780594857.8024666,67.21310310000263,67379,0.068359,-0.055908,1.047852,3.015267,2.740458,-0.267176,1.051566,4.083298,7015,11536,4521,7015,1,110.236,14,normal
1780594857.8445716,67.25520800000231,67411,0.050293,0.0,1.050781,0.549618,2.824427,-1.061069,1.051984,3.066812,7020,11543,4523,7020,0,110.236,0,normal
1780594857.8637917,67.27442819999123,67441,0.026855,-0.051758,1.052246,1.137405,2.351145,-1.358779,1.053861,2.944122,7022,11547,4525,7022,0,110.236,0,normal
1780594857.8938165,67.30445290000353,67472,0.056152,-0.016357,1.059814,3.412214,2.824427,-0.251908,1.061427,4.436671,7026,11553,4527,7026,0,110.236,5,normal
1780594857.925189,67.33582549999119,67503,0.051758,-0.000488,1.053223,0.061069,3.335878,-1.145038,1.054494,3.527453,7030,11559,4529,7030,0,110.236,0,normal
1780594857.956968,67.36760460000369,67534,0.060791,-0.051025,1.053711,2.366412,2.48855,-0.343511,1.056696,3.451201,7032,11564,4532,7032,1,110.236,14,normal
1780594857.9874575,67.398093900003,67565,0.04541,-0.026855,1.057129,2.076336,2.259542,-0.183206,1.058444,3.074128,7037,11571,4534,7037,0,110.236,0,normal
1780594858.0186625,67.42929889999505,67597,0.038086,-0.007568,1.066894,0.572519,3.541985,-1.091603,1.067601,3.750337,7039,11575,4536,7039,0,110.236,0,normal
1780594858.0507393,67.46137560000352,67628,0.047119,-0.067871,1.050293,2.419847,2.900763,-0.045802,1.053538,3.777855,7041,11580,4539,7041,1,110.236,13,normal
1780594858.0810115,67.49164799999562,67659,0.030273,0.005859,1.048828,1.099237,3.007634,-0.770992,1.049281,3.293723,7046,11587,4541,7046,0,110.714,0,normal
1780594858.1132035,67.52383999999438,67690,0.038574,-0.065186,1.050293,1.145038,2.450382,-1.167939,1.053021,2.94611,7047,11589,4542,7047,0,110.714,5,normal
1780594858.1433764,67.55401269999857,67721,0.048828,-0.017822,1.058838,3.473282,3.450382,-0.030534,1.060113,4.895892,7051,11595,4544,7051,0,110.714,6,normal
1780594858.1756647,67.58630110000377,67753,0.060059,-0.008545,1.058838,0.320611,3.099237,-0.824427,1.060574,3.223002,7055,11601,4546,7055,0,110.714,0,normal
1780594858.2065341,67.61717060000228,67784,0.067139,-0.047119,1.050537,2.274809,2.862595,-0.480916,1.053734,3.687884,7057,11606,4549,7057,1,110.714,13,normal
1780594858.2381911,67.64882760000182,67815,0.039795,-0.013672,1.050049,1.885496,2.312977,-0.244275,1.050892,2.994099,7062,11613,4551,7062,0,110.714,0,normal
1780594858.2703989,67.68103520000295,67847,0.034912,-0.023682,1.059326,0.175573,2.694656,-1.763359,1.060166,3.225125,7064,11617,4553,7064,0,110.714,1,normal
1780594858.3014076,67.71204399999988,67878,0.060547,-0.031494,1.056396,3.145038,3.48855,-0.038168,1.058599,4.697095,7066,11622,4556,7066,1,110.714,14,normal
1780594858.3315015,67.74213779999991,67910,0.054932,0.00293,1.038818,0.244275,2.778626,-1.099237,1.040274,2.998125,7070,11627,4557,7070,0,95.618,5,normal
1780594858.3639226,67.77455899999768,67941,0.036621,-0.033936,1.054443,1.679389,2.78626,-1.076336,1.055625,3.426674,7072,11631,4559,7072,0,95.618,1,normal
1780594858.3952153,67.80585180000344,67972,0.041992,-0.031006,1.065674,2.381679,2.908397,-0.099237,1.066951,3.760454,7076,11637,4561,7076,0,95.618,6,normal
1780594858.4256146,67.83625110000139,68004,0.046143,0.020752,1.058838,0.19084,3.587786,-0.938931,1.060046,3.713519,7080,11643,4563,7080,0,95.618,1,normal
1780594858.4574277,67.8680641999963,68035,0.040283,-0.054932,1.050537,2.473282,2.366412,-0.312977,1.052743,3.437294,7081,11646,4565,7081,1,95.618,17,normal
1780594858.4884503,67.89908679999644,68066,0.03833,0.012451,1.050537,1.465649,2.19084,-0.679389,1.05131,2.722035,7086,11653,4567,7086,0,95.618,1,normal
1780594858.5211086,67.93174509999517,68098,0.040039,-0.049561,1.05835,0.80916,3.022901,-0.992366,1.060266,3.282904,7088,11657,4569,7088,0,95.618,0,normal
1780594858.5514543,67.96209069999168,68129,0.057373,-0.018799,1.055664,3.206107,3.435115,-0.259542,1.057389,4.706006,7091,11662,4571,7091,1,95.618,14,normal
1780594858.5824885,67.9931249999936,68160,0.039795,0.009766,1.050293,0.465649,2.763359,-0.961832,1.051092,2.962786,7096,11669,4573,7096,0,104.0,0,normal
1780594858.6138418,68.02447829999437,68191,0.037354,-0.042725,1.060791,1.335878,2.89313,-0.916031,1.062308,3.315702,7098,11673,4575,7098,0,104.0,0,normal
1780594858.644491,68.05512750000344,68222,0.042725,-0.038574,1.063477,2.496183,3.076336,-0.328244,1.065033,3.975238,7102,11679,4577,7102,0,104.0,6,normal
1780594858.675923,68.08655959999305,68253,0.04541,0.015137,1.064697,0.267176,3.603053,-1.129771,1.065773,3.785467,7105,11683,4578,7105,0,104.0,6,normal
1780594858.705963,68.11659930000314,68284,0.062744,-0.039307,1.048584,2.343511,2.732824,-0.358779,1.051195,3.617886,7107,11688,4581,7107,1,104.0,14,normal
1780594858.737834,68.1484705000039,68315,0.033447,0.013184,1.053711,1.847328,2.984733,-0.473282,1.054324,3.541927,7113,11695,4582,7113,0,104.0,0,normal
1780594858.767765,68.1784015000012,68346,0.038086,-0.013916,1.064209,0.396947,3.80916,-0.89313,1.064981,3.93255,7115,11699,4584,7115,0,104.0,0,normal
1780594858.7996464,68.21028279999155,68376,0.039062,-0.067871,1.044434,2.251908,3.015267,-0.328244,1.047365,3.777654,7116,11702,4586,7116,1,104.0,17,normal
1780594858.8295994,68.24023589999706,68407,0.041748,0.008789,1.058106,1.587786,2.541985,-0.541985,1.058965,3.045735,7121,11709,4588,7121,0,104.0,0,normal
1780594858.8608186,68.2714549999946,68438,0.037109,-0.040283,1.052978,0.832061,3.076336,-1.076336,1.054402,3.363728,7123,11713,4590,7123,0,97.122,1,normal
1780594858.897863,68.30849939999462,68469,0.044434,-0.018066,1.05249,3.10687,3.251908,-0.21374,1.053583,4.502581,7126,11718,4592,7126,1,97.122,14,normal
1780594858.9225414,68.33317769999849,68500,0.049805,-0.010254,1.04126,0.053435,3.259542,-1.496183,1.042501,3.586925,7131,11725,4594,7131,0,97.122,1,normal
1780594858.9548092,68.36544549999235,68531,0.033691,-0.047607,1.057129,1.610687,2.793893,-1.282443,1.058737,3.470564,7133,11729,4596,7133,0,97.122,0,normal
1780594858.9846187,68.39525499999581,68562,0.046143,-0.040039,1.064941,2.618321,2.984733,0.053435,1.066692,3.97078,7137,11735,4598,7137,0,97.122,5,normal
1780594859.0146325,68.42526899999939,68593,0.04248,0.013184,1.050781,0.618321,3.29771,-1.015267,1.051722,3.505421,7141,11741,4600,7141,0,97.122,0,normal
1780594859.0456936,68.45633000000089,68623,0.052734,-0.049072,1.054688,2.435115,2.89313,-0.89313,1.057144,3.885572,7143,11746,4603,7143,1,97.122,14,normal
1780594859.0780492,68.48868569999468,68655,0.040771,-0.02832,1.05542,1.832061,2.51145,-0.564886,1.056587,3.159577,7148,11753,4605,7148,0,97.122,1,normal
1780594859.109401,68.52003749999858,68687,0.034424,-0.041016,1.05835,0.320611,2.343511,-1.206107,1.059703,2.655095,7150,11757,4607,7150,0,97.122,0,normal
1780594859.1416943,68.55233079999743,68718,0.066162,-0.038086,1.054688,3.564885,2.78626,-0.045802,1.057447,4.524792,7153,11762,4609,7153,1,107.143,14,normal
1780594859.171882,68.5825182999979,68749,0.055176,0.006104,1.045898,0.442748,2.900763,-0.923664,1.047371,3.076298,7158,11769,4611,7158,0,107.143,0,normal
1780594859.2025568,68.6131932999997,68780,0.039795,-0.057861,1.052734,1.343511,2.229008,-1.19084,1.055074,2.862097,7160,11773,4613,7160,0,107.143,0,normal
1780594859.2331421,68.64377850000164,68811,0.042236,-0.025146,1.058106,2.664122,3.160305,-0.007634,1.059247,4.133416,7164,11779,4615,7164,0,107.143,6,normal
1780594859.2640934,68.67472989999806,68842,0.050049,-0.013184,1.061035,0.175573,3.129771,-0.984733,1.062297,3.285725,7168,11785,4617,7168,0,107.143,0,normal
1780594859.2952096,68.70584609999787,68873,0.050537,-0.043213,1.055664,2.641221,2.450382,-0.526718,1.057756,3.641133,7170,11790,4620,7170,1,107.143,14,normal
1780594859.3263264,68.73696270000073,68905,0.03125,-0.014404,1.066894,2.152672,2.305344,-0.206107,1.067449,3.160868,7176,11797,4621,7176,0,107.143,0,normal
1780594859.3589702,68.76960649999091,68936,0.049561,-0.029541,1.063721,0.564886,2.877863,-1.137405,1.065284,3.145612,7178,11801,4623,7178,0,107.143,1,normal
1780594859.3900094,68.80064590000256,68967,0.060791,-0.058594,1.051514,2.396947,3.007634,-0.458015,1.054898,3.873112,7180,11806,4626,7180,1,107.143,14,normal
1780594859.4201913,68.83082760000252,68998,0.051025,0.007813,1.046631,0.984733,2.740458,-1.038168,1.047903,3.091537,7185,11813,4628,7185,0,114.286,1,normal
1780594859.4514668,68.86210329999449,69029,0.039551,-0.050293,1.053467,0.969466,2.648855,-1.137405,1.055408,3.041379,7187,11817,4630,7187,0,114.286,1,normal
1780594859.4836817,68.89431809999223,69060,0.058594,-0.020264,1.072022,3.229008,3.770992,-0.221374,1.073813,4.969495,7191,11823,4632,7191,0,114.286,5,normal
1780594859.5137537,68.92439000000013,69092,0.044434,0.012207,1.05542,0.427481,3.572519,-1.068702,1.056425,3.753366,7195,11829,4634,7195,0,114.286,1,normal
1780594859.5461512,68.95678759999282,69123,0.055664,-0.041748,1.050049,2.442748,2.870229,-0.40458,1.052352,3.790636,7197,11834,4637,7197,1,114.286,14,normal
1780594859.5775802,68.98821670000325,69155,0.039551,0.007568,1.052734,1.389313,2.465649,-0.40458,1.053504,2.858898,7202,11841,4639,7202,0,114.286,1,normal
1780594859.6087918,69.01942830000189,69186,0.040039,-0.040039,1.060791,0.48855,2.312977,-1.267176,1.062301,2.682215,7204,11845,4641,7204,0,114.286,0,normal
1780594859.6398222,69.05045860000246,69217,0.062988,-0.041504,1.053223,2.916031,3.435115,-0.435114,1.05592,4.526872,7207,11850,4643,7207,1,114.286,14,normal
1780594859.6694841,69.08012060000328,69248,0.050293,0.0,1.039307,0.40458,2.519084,-0.931298,1.040523,2.716024,7212,11857,4645,7212,0,108.0,0,normal
1780594859.6989326,69.10956899999292,69278,0.030273,-0.04541,1.064453,0.954198,2.580153,-1.221374,1.065851,3.00989,7214,11861,4647,7214,0,108.0,0,normal
1780594859.730634,69.14127039999585,69308,0.049805,-0.020996,1.043701,3.114504,2.793893,-0.290076,1.0451,4.194058,7217,11866,4649,7217,1,108.0,13,normal
1780594859.7615483,69.1721847000008,69339,0.04248,0.006104,1.044189,0.526718,2.641221,-0.80916,1.045071,2.812156,7222,11873,4651,7222,0,108.0,0,normal
1780594859.7911773,69.20181369999773,69369,0.04541,-0.054688,1.055176,1.015267,2.450382,-1.08397,1.057567,2.865332,7224,11877,4653,7224,0,108.0,1,normal
1780594859.8386855,69.2493220000033,69400,0.044434,-0.019531,1.05249,3.267176,3.015267,-0.061069,1.053609,4.446347,7228,11883,4655,7228,0,108.0,6,normal
1780594859.8532195,69.26385599999048,69432,0.047363,0.007324,1.050049,0.320611,3.29771,-1.366412,1.051142,3.583959,7232,11889,4657,7232,0,108.0,1,normal
1780594859.8846886,69.29532499999914,69462,0.052734,-0.044678,1.056396,2.282443,2.473282,-0.687023,1.058655,3.434919,7234,11893,4659,7234,0,108.0,0,normal
1780594859.9157052,69.32634159999725,69493,0.049805,-0.0354,1.072998,2.022901,2.78626,-0.320611,1.074736,3.458057,7239,11899,4660,7239,0,108.0,5,normal
1780594859.9456232,69.35625969999819,69524,0.048828,-0.006104,1.075195,0.633588,3.549618,-0.961832,1.076321,3.731802,7243,11905,4662,7243,0,112.319,0,normal
1780594859.977477,69.38811339999666,69555,0.023926,-0.069824,1.0354,2.343511,2.480916,-0.465649,1.038028,3.44439,7245,11910,4665,7245,1,112.319,14,normal
1780594860.008821,69.41945739999937,69586,0.0354,0.01709,1.057617,1.427481,2.51145,-0.473282,1.058348,2.927299,7250,11917,4667,7250,0,112.319,0,normal
1780594860.0395932,69.45022969999991,69617,0.033936,-0.039551,1.072022,0.564886,2.885496,-1.129771,1.073287,3.149852,7252,11921,4669,7252,0,112.319,0,normal
1780594860.0700788,69.48071530000016,69648,0.059326,-0.050537,1.05127,3.442748,2.656489,-0.274809,1.054154,4.357174,7255,11926,4671,7255,1,112.319,13,normal
1780594860.1010184,69.51165479999327,69679,0.047607,-0.004395,1.037354,0.374046,2.587786,-0.885496,1.038455,2.760553,7260,11933,4673,7260,0,112.319,0,normal
1780594860.1334882,69.54412449999654,69710,0.031982,-0.048584,1.047363,1.290076,3.007634,-0.916031,1.048977,3.398422,7262,11937,4675,7262,0,112.319,1,normal
1780594860.1648178,69.57545419999224,69742,0.058105,-0.03833,1.068359,2.450382,3.290076,-0.114504,1.070625,4.103911,7266,11943,4677,7266,0,112.319,6,normal
1780594860.1956773,69.60631370000192,69773,0.048096,0.000488,1.060303,0.603053,3.450382,-0.839695,1.061393,3.601929,7270,11949,4679,7270,0,112.319,1,normal
1780594860.2271338,69.63777010000194,69804,0.031982,-0.058838,1.047607,2.549618,2.717557,-0.343511,1.049746,3.742148,7272,11954,4682,7272,1,103.571,14,normal
1780594860.257832,69.66846849999274,69836,0.03125,0.000488,1.042725,1.709924,2.961832,-0.221374,1.043193,3.427141,7277,11961,4684,7277,0,103.571,1,normal
1780594860.289166,69.69980249999207,69866,0.046631,-0.016846,1.066406,0.068702,2.770992,-1.053435,1.067558,2.965273,7279,11965,4686,7279,0,103.571,0,normal
1780594860.3203752,69.73101170000155,69897,0.049316,-0.019775,1.049805,2.984733,3.328244,-0.206107,1.051148,4.475301,7282,11970,4688,7282,1,103.571,14,normal
1780594860.3501422,69.76077860000078,69928,0.047852,0.008057,1.045898,0.465649,2.725191,-0.824427,1.047024,2.884991,7287,11977,4690,7287,0,103.571,0,normal
1780594860.381531,69.79216739999538,69959,0.024902,-0.053955,1.054932,1.496183,2.389313,-1.099237,1.056604,3.025839,7289,11981,4692,7289,0,103.571,0,normal
1780594860.4137304,69.82436689999304,69990,0.042236,-0.021484,1.060059,2.793893,3.282443,0.053435,1.061117,4.310815,7293,11987,4694,7293,0,103.571,6,normal
1780594860.4448824,69.85551890000352,70022,0.053711,0.007813,1.070312,0.351145,3.694656,-0.847328,1.071688,3.806804,7297,11993,4696,7297,0,103.571,0,normal
1780594860.4764132,69.88704970000254,70053,0.042236,-0.061768,1.036865,2.526718,2.21374,-0.557252,1.039562,3.405213,7299,11998,4699,7299,1,103.571,13,normal
1780594860.507101,69.91773749999993,70085,0.034912,0.001221,1.049072,1.320611,2.961832,-0.290076,1.049654,3.255857,7304,12005,4701,7304,0,113.879,1,normal
1780594860.5406852,69.95132159999048,70116,0.033936,-0.032959,1.051514,0.618321,2.763359,-1.236641,1.052577,3.089944,7306,12009,4703,7306,0,113.879,1,normal
1780594860.5688133,69.97944969999662,70147,0.043701,-0.031738,1.05127,3.221374,3.244275,-0.259542,1.052656,4.579294,7309,12014,4705,7309,1,113.879,14,normal
1780594860.5995605,70.01019699999597,70178,0.036865,0.000977,1.039795,0.465649,2.763359,-1.21374,1.040449,3.053874,7314,12021,4707,7314,0,113.879,1,normal
1780594860.631334,70.04197049999493,70209,0.03418,-0.040039,1.053467,1.40458,2.717557,-1.244275,1.054781,3.302451,7316,12025,4709,7316,0,113.879,0,normal
1780594860.6626024,70.07323880000331,70240,0.038086,-0.032715,1.059082,2.671756,3.0,-0.198473,1.060272,4.022148,7319,12031,4712,7319,0,113.879,6,normal
1780594860.6941628,70.10479929999565,70271,0.040771,-0.009521,1.047363,0.80916,3.473282,-1.122137,1.0482,3.738666,7323,12037,4714,7323,0,113.879,0,normal
1780594860.7247763,70.13541279999481,70302,0.052002,-0.054688,1.05249,2.29771,2.10687,-0.625954,1.055192,3.179653,7324,12040,4716,7324,1,113.879,17,normal
1780594860.7560556,70.16669189999811,70333,0.039062,-0.023438,1.063477,1.610687,2.664122,-0.694656,1.064452,3.189735,7330,12047,4717,7330,0,113.879,0,normal
1780594860.7881455,70.1987819999922,70365,0.049072,-0.028076,1.066894,0.458015,2.610687,-1.198473,1.068391,2.908918,7332,12051,4719,7332,0,100.0,0,normal
1780594860.8181198,70.22875619999832,70396,0.052246,-0.01709,1.053711,3.045802,2.938931,-0.251908,1.055144,4.24001,7335,12056,4721,7335,1,100.0,14,normal
1780594860.849674,70.26031040000089,70427,0.045654,0.005615,1.046631,0.465649,2.496183,-0.961832,1.047641,2.715305,7340,12063,4723,7340,0,100.0,0,normal
1780594860.8802083,70.29084459999285,70458,0.037354,-0.054443,1.057129,1.480916,2.396947,-1.198473,1.059189,3.06183,7342,12067,4725,7342,0,100.0,0,normal
1780594860.9106567,70.32129310000164,70488,0.049072,-0.028564,1.056885,3.427481,3.114504,-0.076336,1.058409,4.631802,7345,12072,4727,7345,0,100.0,13,normal
1780594860.9417505,70.35238699999172,70519,0.045166,-0.000488,1.047363,0.343511,2.717557,-1.328244,1.048337,3.044232,7350,12079,4729,7350,0,100.0,0,normal
1780594860.9716854,70.38232180000341,70550,0.045166,-0.04126,1.060547,1.664122,2.091603,-1.160305,1.06231,2.913832,7352,12083,4731,7352,0,100.0,0,normal
1780594861.004367,70.4150035999919,70581,0.049561,-0.034912,1.069336,2.847328,2.687023,-0.465649,1.071053,3.942613,7357,12089,4732,7357,0,100.0,6,normal
1780594861.0342982,70.444934500003,70612,0.052734,0.003906,1.059814,0.519084,3.51145,-1.053435,1.061133,3.702628,7361,12095,4734,7361,0,100.0,0,normal
1780594861.064541,70.47517759999027,70642,0.048584,-0.042236,1.049805,2.419847,2.70229,-0.419847,1.051777,3.651616,7363,12100,4737,7363,1,111.913,13,normal
1780594861.0959475,70.50658390000171,70673,0.0354,-0.016357,1.054199,1.931298,2.763359,-0.694656,1.05492,3.442181,7368,12107,4739,7368,0,111.913,0,normal
1780594861.1271927,70.53782909999427,70705,0.040283,-0.018311,1.057861,0.099237,2.198473,-1.435114,1.058786,2.627296,7370,12111,4741,7370,0,111.913,1,normal
1780594861.159062,70.5696983999951,70736,0.06543,-0.067627,1.048828,3.061069,3.435115,-0.137405,1.053041,4.603155,7372,12116,4744,7372,1,111.913,14,normal
1780594861.1902583,70.60089479999442,70768,0.043701,0.013428,1.043213,0.664122,2.923664,-1.282443,1.044214,3.260909,7377,12123,4746,7377,0,111.913,1,normal
1780594861.2217739,70.63241029999335,70799,0.045654,-0.026611,1.050537,1.51145,2.564885,-1.267176,1.051865,3.235561,7379,12127,4748,7379,0,111.913,1,normal
1780594861.2516983,70.66233469999861,70830,0.050781,-0.025146,1.0625,2.580153,3.396947,-0.343511,1.06401,4.279537,7383,12133,4750,7383,0,111.913,6,normal
1780594861.2832203,70.69385660000262,70860,0.038574,0.004883,1.049316,0.389313,3.465649,-0.923664,1.050037,3.607692,7387,12139,4752,7387,0,111.913,1,normal
1780594861.3143244,70.72496089999913,70891,0.052734,-0.03418,1.053467,2.557252,2.801527,-0.59542,1.055339,3.839611,7389,12144,4755,7389,1,111.913,14,normal
1780594861.3467953,70.757431799997,70923,0.043457,-0.012939,1.063477,2.145038,2.755725,-0.068702,1.064443,3.49284,7392,12149,4757,7392,0,103.203,0,normal
1780594861.378912,70.7895484999899,70955,0.038574,-0.02832,1.061035,0.572519,3.091603,-1.160305,1.062114,3.351432,7394,12153,4759,7394,0,103.203,0,normal
1780594861.409146,70.8197824999952,70986,0.063721,-0.061768,1.053223,3.022901,2.725191,-0.152672,1.056955,4.072825,7396,12158,4762,7396,1,103.203,14,normal
1780594861.440273,70.85090940000373,71018,0.049805,-0.00415,1.041504,0.137405,3.137405,-0.916031,1.042702,3.271284,7401,12165,4764,7401,0,103.203,1,normal
1780594861.4709508,70.8815872999985,71049,0.044678,-0.031006,1.065186,1.824428,2.603053,-1.206107,1.066573,3.39987,7403,12169,4766,7403,0,103.203,0,normal
1780594861.5022004,70.91283669999393,71080,0.04541,-0.040771,1.058838,2.694656,3.496183,0.091603,1.060595,4.415072,7407,12175,4768,7407,0,103.203,5,normal
1780594861.533957,70.94459339999594,71112,0.052002,0.010254,1.062012,0.442748,3.564885,-1.167939,1.063334,3.777369,7411,12181,4770,7411,0,103.203,0,normal
1780594861.5648067,70.97544310000376,71143,0.035156,-0.059814,1.048584,2.40458,2.473282,-0.633588,1.050877,3.507216,7413,12186,4773,7413,1,103.203,14,normal
1780594861.5959473,71.00658359999943,71174,0.02002,0.014648,1.049316,1.267176,2.458015,-0.519084,1.04961,2.81372,7418,12193,4775,7418,0,103.586,1,normal
1780594861.6274107,71.03804709999531,71205,0.034912,-0.040771,1.053223,0.442748,2.534351,-1.053435,1.05459,2.780052,7420,12197,4777,7420,0,103.586,0,normal
1780594861.6595385,71.07017500000075,71236,0.052734,-0.046143,1.051514,2.900763,3.145038,-0.137405,1.053846,4.280721,7423,12202,4779,7423,1,103.586,14,normal
1780594861.6894464,71.10008289999678,71267,0.05127,0.007324,1.05249,0.900763,2.534351,-0.946565,1.053764,2.851367,7426,12207,4781,7426,0,103.586,0,normal
1780594861.7205186,71.13115499999549,71298,0.038818,-0.047852,1.054443,1.167939,2.51145,-1.221374,1.056242,3.027081,7428,12211,4783,7428,0,103.586,0,normal
1780594861.7519398,71.1625761000032,71329,0.044922,-0.019043,1.062988,2.877863,3.221374,-0.175573,1.064107,4.323213,7432,12217,4785,7432,0,103.586,5,normal
1780594861.7823734,71.19300990000193,71360,0.045898,-0.001953,1.050781,0.435114,3.717557,-1.08397,1.051785,3.896735,7436,12223,4787,7436,0,103.586,0,normal
1780594861.8144512,71.22508770000422,71391,0.043701,-0.041748,1.054199,2.358779,2.847328,-0.870229,1.05593,3.798475,7438,12228,4790,7438,1,103.586,14,normal
1780594861.8454878,71.25612429999455,71422,0.044189,-0.029785,1.052246,2.183206,2.89313,0.045802,1.053595,3.624733,7442,12234,4792,7442,0,103.586,3,normal
1780594861.875476,71.28611220000312,71454,0.059082,-0.005371,1.071777,0.770992,3.229008,-1.038168,1.073418,3.47832,7445,12239,4794,7445,0,96.429,0,normal
1780594861.9070122,71.31764870000188,71485,0.055176,-0.071045,1.052246,2.480916,2.725191,-0.412214,1.056084,3.708306,7447,12244,4797,7447,1,96.429,14,normal
1780594861.9398456,71.35048189999361,71516,0.038574,0.012939,1.051514,1.015267,2.625954,-0.900763,1.0523,2.955973,7452,12251,4799,7452,0,96.429,0,normal
1780594861.9704149,71.38105139999243,71547,0.035889,-0.046631,1.054932,0.549618,2.89313,-1.114504,1.056571,3.148714,7454,12255,4801,7454,0,96.429,0,normal
1780594862.0017264,71.4123627999943,71578,0.043213,-0.027344,1.049561,3.412214,3.564885,-0.320611,1.050806,4.945139,7458,12261,4803,7458,0,96.429,6,normal
1780594862.0304627,71.44109910000407,71609,0.039307,0.001709,1.052734,0.030534,2.770992,-1.152672,1.053469,3.00133,7462,12267,4805,7462,0,96.429,0,normal
1780594862.0626733,71.4733097999997,71640,0.044678,-0.034424,1.052978,1.694656,2.580153,-0.603053,1.054488,3.14527,7464,12271,4807,7464,0,96.429,1,normal
1780594862.0942612,71.50489749999542,71671,0.049805,-0.037842,1.065918,2.21374,2.977099,-0.122137,1.067752,3.711965,7469,12277,4808,7469,0,96.429,6,normal
1780594862.1250703,71.53570670000045,71702,0.043945,0.013428,1.055176,0.419847,3.656489,-0.854962,1.056176,3.77851,7473,12283,4810,7473,0,96.429,1,normal
1780594862.1554084,71.56604479999805,71733,0.043457,-0.048828,1.050049,2.381679,2.59542,-0.59542,1.052081,3.572552,7475,12288,4813,7475,1,107.527,13,normal
1780594862.187545,71.59818139999697,71764,0.030273,-0.012451,1.062744,1.473282,2.656489,-0.534351,1.063248,3.084319,7480,12295,4815,7480,0,107.527,0,normal
1780594862.2180107,71.62864699999045,71795,0.028564,-0.033691,1.05957,0.335878,3.137405,-1.053435,1.060491,3.326537,7482,12299,4817,7482,0,107.527,1,normal
1780594862.2486234,71.65925979999884,71826,0.058594,-0.049561,1.045898,2.984733,2.717557,-0.198473,1.04871,4.041428,7484,12304,4820,7484,1,107.527,14,normal
1780594862.2797682,71.69040459999815,71857,0.036133,0.013916,1.052734,0.648855,2.564885,-0.725191,1.053446,2.743274,7489,12311,4822,7489,0,107.527,1,normal
1780594862.311387,71.72202339999785,71888,0.035156,-0.057373,1.058838,1.251908,2.48855,-1.114504,1.060974,3.000379,7491,12315,4824,7491,0,107.527,0,normal
1780594862.3424063,71.75304260000121,71919,0.057617,-0.019043,1.065918,3.137405,3.923664,-0.21374,1.067644,5.028333,7495,12321,4826,7495,0,107.527,5,normal
1780594862.3724918,71.78312829999777,71950,0.046143,0.003906,1.04541,0.068702,3.343511,-1.175572,1.046435,3.544822,7499,12327,4828,7499,0,107.527,0,normal
1780594862.404759,71.81539540000085,71981,0.048584,-0.046631,1.056885,2.099237,3.167939,-0.625954,1.059028,3.851552,7501,12332,4831,7501,1,107.527,14,normal
1780594862.4359586,71.8465950999962,72013,0.045654,-0.034424,1.055908,2.206107,2.458015,-0.610687,1.057455,3.358822,7506,12339,4833,7506,0,110.714,1,normal
1780594862.468463,71.879099400001,72045,0.041016,-0.034912,1.052002,0.732824,3.045802,-0.877863,1.05338,3.253396,7508,12343,4835,7508,0,110.714,0,normal
1780594862.498726,71.90936219999276,72076,0.049316,-0.021973,1.055664,3.244275,3.015267,-0.122137,1.057044,4.43081,7511,12348,4837,7511,1,110.714,14,normal
1780594862.5306606,71.94129709999834,72107,0.051025,0.012451,1.050049,0.832061,2.648855,-0.992366,1.051362,2.948482,7514,12353,4839,7514,0,110.714,0,normal
1780594862.5608592,71.97149559999525,72138,0.030273,-0.057617,1.056641,1.51145,2.80916,-0.984733,1.058643,3.338497,7516,12357,4841,7516,0,110.714,0,normal
1780594862.592498,72.00313450000249,72169,0.047852,-0.032227,1.070557,2.793893,3.870229,-0.244275,1.07211,4.779558,7520,12363,4843,7520,0,110.714,6,normal
1780594862.6243513,72.03498759999638,72201,0.044434,0.020996,1.06543,0.465649,3.80916,-1.152672,1.066562,4.006892,7524,12369,4845,7524,0,110.714,0,normal
1780594862.6557558,72.06639219999488,72232,0.05249,-0.042725,1.047119,2.267176,2.969466,-0.519084,1.049304,3.771904,7526,12374,4848,7526,1,110.714,13,normal
1780594862.6872375,72.09787389999838,72264,0.05127,-0.006104,1.044678,1.473282,2.366412,-0.541985,1.045953,2.839756,7531,12381,4850,7531,0,99.602,0,normal
1780594862.718045,72.12868149999122,72295,0.036865,-0.048096,1.058594,0.969466,2.656489,-1.458015,1.060327,3.181604,7533,12385,4852,7533,0,99.602,1,normal
1780594862.7495816,72.16021799998998,72326,0.051758,-0.02124,1.048584,3.343511,3.274809,-0.10687,1.050075,4.681331,7536,12390,4854,7536,1,99.602,13,normal
1780594862.7788959,72.18953219999094,72357,0.042969,0.004639,1.050293,0.19084,2.534351,-1.061069,1.051182,2.754128,7541,12397,4856,7541,0,99.602,0,normal
1780594862.8107452,72.22138170000107,72388,0.028564,-0.050781,1.058106,1.641221,2.709924,-1.114504,1.059708,3.358484,7543,12401,4858,7543,0,99.602,1,normal
1780594862.842692,72.25332829999388,72419,0.049316,-0.043213,1.067627,2.503817,3.793893,-0.442748,1.069639,4.567138,7547,12407,4860,7547,0,99.602,6,normal
1780594862.8758132,72.28644969999732,72451,0.042969,0.01123,1.069092,0.389313,3.473282,-0.839695,1.070014,3.594488,7549,12411,4862,7549,0,99.602,1,normal
1780594862.9099753,72.32061159999284,72482,0.041504,-0.058594,1.051025,2.503817,2.320611,-0.572519,1.053475,3.461518,7551,12416,4865,7551,1,99.602,14,normal
1780594862.9358802,72.34651669999585,72514,0.050781,0.008057,1.054443,1.358779,2.580153,-0.603053,1.055696,2.977774,7556,12423,4867,7556,0,100.0,1,normal
1780594862.9674377,72.37807409999368,72545,0.046387,-0.044678,1.04834,0.312977,2.839695,-1.229008,1.050316,3.110029,7558,12427,4869,7558,0,100.0,0,normal
1780594862.997994,72.40863029999309,72576,0.05542,-0.016846,1.060303,3.183206,3.557252,0.007634,1.061884,4.773563,7561,12432,4871,7561,1,100.0,14,normal
1780594863.0279515,72.438587800003,72606,0.041504,0.010742,1.060303,0.946565,2.961832,-0.816794,1.061169,3.214901,7566,12439,4873,7566,0,100.0,1,normal
1780594863.0601246,72.47076109999034,72637,0.037354,-0.05957,1.061768,1.167939,2.526718,-1.038168,1.064093,2.970888,7568,12443,4875,7568,0,100.0,0,normal
1780594863.090693,72.50132939999457,72668,0.05127,-0.016357,1.067627,3.061069,3.725191,-0.312977,1.068982,4.831681,7571,12447,4876,7571,0,100.0,5,normal
1780594863.1226344,72.5332708999922,72699,0.043213,-0.006592,1.046143,0.412214,3.671756,-1.244275,1.047055,3.898709,7575,12453,4878,7575,0,100.0,0,normal
1780594863.1530936,72.5637299999944,72730,0.044434,-0.041016,1.054443,2.793893,2.351145,-0.610687,1.056176,3.70225,7577,12458,4881,7577,1,100.0,14,normal
1780594863.183876,72.59451249999984,72761,0.044678,-0.022217,1.061768,2.099237,2.564885,-0.557252,1.062939,3.360946,7581,12463,4882,7581,0,100.0,6,normal
1780594863.2211952,72.63183169999684,72799,0.038818,-0.020752,1.068848,0.51145,3.954198,-1.496183,1.069754,4.258618,7583,12468,4885,7583,1,94.737,14,normal
1780594863.2525907,72.66322699999728,72830,0.025635,-0.009033,1.058838,2.290076,2.29771,-0.335878,1.059187,3.261401,7589,12475,4886,7589,0,94.737,1,normal
1780594863.2825456,72.69318190000195,72860,0.057129,-0.001709,1.063721,0.572519,3.916031,-1.19084,1.065255,4.132938,7591,12479,4888,7591,0,94.737,0,normal
1780594863.3137305,72.72436690000177,72891,0.038086,-0.056885,1.044434,2.290076,2.442748,-0.366412,1.046675,3.368342,7593,12484,4891,7593,1,94.737,13,normal
1780594863.3456454,72.75628190000134,72922,0.036133,0.001221,1.041504,1.061069,2.89313,-0.526718,1.042131,3.12626,7599,12491,4892,7599,0,94.737,1,normal
1780594863.375698,72.78633439999248,72953,0.041016,-0.036865,1.061035,0.603053,3.366412,-1.129771,1.062467,3.601776,7601,12495,4894,7601,0,94.737,0,normal
1780594863.4071627,72.81779919999826,72984,0.053711,-0.032227,1.048584,3.251908,3.030534,-0.328244,1.050453,4.457218,7604,12500,4896,7604,1,94.737,13,normal
1780594863.4381006,72.84873699999298,73015,0.053467,0.009277,1.043701,0.236641,3.152672,-1.114504,1.045111,3.352232,7607,12505,4898,7607,0,94.737,0,normal
1780594863.4690716,72.87970799999312,73046,0.032715,-0.031494,1.054688,1.374046,2.648855,-1.435114,1.055665,3.311192,7609,12509,4900,7609,0,94.737,1,normal
1780594863.500711,72.91134749999037,73077,0.048096,-0.036621,1.064209,2.793893,3.625954,-0.091603,1.065924,4.578403,7613,12515,4902,7613,0,107.914,6,normal
1780594863.5318134,72.9424497,73109,0.042236,0.013916,1.067627,0.145038,3.351145,-1.19084,1.068553,3.559397,7616,12519,4903,7616,0,107.914,5,normal
1780594863.5632446,72.97388089999731,73140,0.036377,-0.0625,1.041504,2.48855,2.587786,-0.564886,1.044012,3.634366,7618,12524,4906,7618,1,107.914,15,normal
1780594863.5951915,73.00582799999393,73171,0.042725,0.014648,1.042725,1.572519,2.091603,-0.580153,1.043702,2.680335,7623,12531,4908,7623,0,107.914,1,normal
1780594863.6256323,73.03626880000229,73203,0.039551,-0.045166,1.052246,0.70229,2.610687,-0.80916,1.053957,2.821992,7625,12535,4910,7625,0,107.914,0,normal
1780594863.6566901,73.06732649999321,73234,0.047852,-0.012207,1.05957,3.343511,3.122137,-0.19084,1.060721,4.578562,7628,12540,4912,7628,1,107.914,14,normal
1780594863.6882246,73.0988609999913,73266,0.037109,0.009521,1.04248,0.412214,3.396947,-1.08397,1.043184,3.589451,7633,12547,4914,7633,0,107.914,0,normal
1780594863.7199683,73.13060479999695,73297,0.064941,-0.042969,1.047607,2.320611,3.480916,-0.351145,1.050498,4.198251,7635,12552,4917,7635,1,107.914,14,normal
1780594863.7514665,73.16210289999435,73329,0.031982,-0.013916,1.058106,1.679389,2.48855,-0.450382,1.05868,3.035798,7639,12557,4918,7639,0,103.175,5,normal
1780594863.785305,73.19594140000117,73361,0.035889,-0.032715,1.055664,0.51145,2.572519,-1.007634,1.05678,2.809762,7641,12561,4920,7641,0,103.175,0,normal
1780594863.8149557,73.22559220000403,73392,0.057861,-0.064453,1.044189,2.801527,3.175573,-0.40458,1.047776,4.253998,7644,12566,4922,7644,1,103.175,14,normal
1780594863.8454404,73.2560766999959,73423,0.052979,0.003418,1.040527,0.503817,2.557252,-0.732824,1.041881,2.707471,7649,12573,4924,7649,0,103.175,0,normal
1780594863.8769672,73.28760369999509,73454,0.031494,-0.045166,1.059814,1.358779,2.450382,-0.961832,1.061244,2.962393,7650,12575,4925,7650,0,103.175,6,normal
1780594863.9068313,73.31746759999078,73485,0.047607,-0.026855,1.0625,2.633588,3.641221,-0.030534,1.063905,4.493908,7654,12581,4927,7654,0,103.175,6,normal
1780594863.9388177,73.34945409999636,73516,0.04541,0.00415,1.050049,0.145038,3.244275,-1.40458,1.051038,3.538248,7658,12587,4929,7658,0,103.175,0,normal
1780594863.975574,73.38621050000074,73547,0.056152,-0.032715,1.060791,2.396947,2.572519,-0.580153,1.06278,3.563676,7660,12592,4932,7660,1,103.175,14,normal
1780594864.0023127,73.41294909999124,73579,0.027832,0.001221,1.049561,1.977099,2.312977,-0.633588,1.04993,3.108089,7665,12599,4934,7665,0,104.0,0,normal
1780594864.0329783,73.44361469999421,73610,0.031982,-0.008301,1.067139,0.473282,2.564885,-1.251908,1.06765,2.893079,7667,12603,4936,7667,0,104.0,0,normal
1780594864.0636244,73.47426089999499,73641,0.05127,-0.061523,1.049316,2.931298,3.030534,-0.152672,1.052368,4.218999,7669,12608,4939,7669,1,104.0,13,normal
1780594864.0945163,73.50515260000248,73672,0.049561,0.013916,1.054688,1.091603,2.442748,-0.839695,1.055943,2.804229,7674,12615,4941,7674,0,104.0,0,normal
1780594864.1260304,73.53666679999151,73703,0.030762,-0.057129,1.046143,0.80916,2.580153,-0.908397,1.048153,2.852563,7676,12619,4943,7676,0,104.0,1,normal
1780594864.157942,73.56857849999506,73734,0.038086,-0.013672,1.05957,3.335878,3.572519,-0.053435,1.060343,4.888132,7680,12625,4945,7680,0,104.0,6,normal
1780594864.1886187,73.59925499999372,73766,0.044189,-0.008301,1.052978,0.167939,3.305344,-1.442748,1.053938,3.610405,7684,12631,4947,7684,0,104.0,1,normal
1780594864.2207098,73.63134619999619,73797,0.057129,-0.035889,1.043457,2.251908,2.664122,-0.580153,1.045636,3.536271,7686,12636,4950,7686,1,104.0,13,normal
1780594864.2513552,73.66199169999163,73828,0.046387,-0.029297,1.057861,2.099237,2.641221,-0.358779,1.059283,3.39287,7691,12643,4952,7691,0,104.0,0,normal
1780594864.281125,73.69176149999839,73859,0.05127,-0.003662,1.077637,0.832061,3.557252,-0.992366,1.078862,3.785652,7693,12647,4954,7693,0,100.0,1,normal
1780594864.313531,73.72416729999532,73890,0.05542,-0.075195,1.047119,2.519084,2.916031,-0.244275,1.051277,3.861177,7695,12652,4957,7695,1,100.0,14,normal
1780594864.344042,73.75467840000056,73921,0.032959,-0.000977,1.040039,1.526718,2.89313,-0.610687,1.040562,3.327763,7700,12659,4959,7700,0,100.0,1,normal
1780594864.375304,73.78594030000386,73952,0.041016,-0.049316,1.062012,0.862595,2.450382,-1.282443,1.063947,2.897085,7701,12661,4960,7701,0,100.0,5,normal
1780594864.4066098,73.81724619999295,73983,0.053223,-0.02124,1.047363,3.351145,3.870229,-0.160305,1.04893,5.121967,7704,12666,4962,7704,1,100.0,14,normal
1780594864.4363449,73.84698119999666,74014,0.05127,0.0,1.044434,0.51145,3.21374,-1.167939,1.045691,3.457425,7709,12673,4964,7709,0,100.0,1,normal
1780594864.4676208,73.87825719999091,74044,0.041748,-0.051514,1.051025,1.290076,2.381679,-1.068702,1.053115,2.911841,7711,12677,4966,7711,0,100.0,0,normal
1780594864.4972796,73.90791609999724,74075,0.061279,-0.01123,1.059326,3.290076,3.251908,-0.274809,1.061156,4.634116,7715,12683,4968,7715,0,100.0,5,normal
1780594864.528891,73.93952759999956,74106,0.052002,-0.000244,1.051758,0.236641,3.335878,-0.992366,1.053043,3.488391,7719,12689,4970,7719,0,100.0,0,normal
1780594864.560652,73.9712884999899,74137,0.054443,-0.046631,1.046875,2.10687,3.061069,-0.694656,1.049326,3.780422,7721,12694,4973,7721,1,100.719,14,normal
1780594864.5923939,74.00303029999486,74169,0.038086,0.0,1.057129,1.847328,2.580153,-0.603053,1.057815,3.23009,7727,12701,4974,7727,0,100.719,1,normal
1780594864.6242638,74.0349000999995,74200,0.035889,-0.010498,1.063965,0.633588,3.389313,-0.992366,1.064622,3.587989,7729,12705,4976,7729,0,100.719,0,normal
1780594864.6544154,74.06505189999007,74231,0.048828,-0.077881,1.044189,2.427481,2.954198,-0.618321,1.048228,3.873277,7731,12710,4979,7731,1,100.719,13,normal
1780594864.6836774,74.09431380000024,74262,0.03125,0.002197,1.043945,0.916031,2.908397,-1.061069,1.044415,3.228584,7736,12717,4981,7736,0,100.719,0,normal
1780594864.7153716,74.126007999992,74292,0.028564,-0.053223,1.057861,0.832061,2.519084,-1.122137,1.059584,2.880504,7737,12719,4982,7737,0,100.719,5,normal
1780594864.7457402,74.15637660000357,74323,0.042725,-0.024658,1.052978,3.076336,3.374046,-0.290076,1.054133,4.575169,7740,12724,4984,7740,1,100.719,14,normal
1780594864.7758348,74.1864712999959,74354,0.046875,-0.005371,1.042725,0.564886,2.442748,-0.824427,1.043792,2.639279,7745,12731,4986,7745,0,100.719,0,normal
1780594864.8065643,74.21720069998992,74384,0.043945,-0.054199,1.056152,0.839695,2.343511,-1.145038,1.058455,2.740118,7747,12735,4988,7747,0,100.719,0,normal
1780594864.8377867,74.24842299999727,74415,0.047363,-0.024658,1.0625,3.091603,2.954198,-0.145038,1.063841,4.27859,7751,12741,4990,7751,0,107.914,6,normal
1780594864.8816652,74.29230159999861,74446,0.041016,-0.002686,1.052734,0.320611,3.038168,-1.061069,1.053536,3.234057,7755,12747,4992,7755,0,107.914,1,normal
1780594864.8998878,74.31052420000196,74477,0.049561,-0.054443,1.05542,2.053435,3.206107,-0.534351,1.057985,3.844639,7757,12752,4995,7757,1,107.914,14,normal
1780594864.9322517,74.34288820000074,74509,0.039307,-0.041748,1.050537,2.183206,2.610687,-0.152672,1.052101,3.406668,7762,12759,4997,7762,0,107.914,0,normal
1780594864.9619248,74.37256119999802,74540,0.044434,-0.004883,1.07373,0.572519,3.274809,-0.969466,1.074661,3.462949,7764,12763,4999,7764,0,107.914,0,normal
1780594864.9951038,74.40574020000349,74571,0.053223,-0.078613,1.047852,2.366412,2.709924,-0.160305,1.052143,3.60129,7766,12768,5002,7766,1,107.914,14,normal
1780594865.0255125,74.4361487999995,74602,0.041992,0.003662,1.044678,1.053435,2.725191,-0.847328,1.045528,3.042097,7771,12775,5004,7771,0,107.914,0,normal
1780594865.0570087,74.46764509999775,74633,0.036377,-0.04541,1.056152,0.832061,2.610687,-1.229008,1.057754,3.003077,7772,12777,5005,7772,0,107.914,6,normal
1780594865.0872383,74.49787479999941,74664,0.04541,-0.016113,1.047607,3.351145,3.061069,0.175573,1.048715,4.542152,7775,12782,5007,7775,1,107.914,13,normal
1780594865.1183226,74.5289591000037,74695,0.040039,0.001221,1.048828,0.145038,2.770992,-1.244275,1.049593,3.040996,7780,12789,5009,7780,0,103.571,0,normal
1780594865.1488347,74.55947110000125,74726,0.04248,-0.04248,1.062256,1.557252,2.442748,-0.854962,1.063953,3.020432,7782,12793,5011,7782,0,103.571,1,normal
1780594865.180505,74.59114150000096,74757,0.049316,-0.041016,1.061035,1.954198,3.251908,-0.480916,1.062972,3.824275,7787,12799,5012,7787,0,103.571,6,normal
1780594865.2111804,74.62181689999125,74789,0.052734,-0.008301,1.064697,0.580153,4.068702,-1.076336,1.066035,4.24846,7791,12805,5014,7791,0,103.571,1,normal
1780594865.2435164,74.6541528999951,74820,0.040283,-0.057373,1.047852,2.587786,3.099237,-0.152672,1.050194,4.040447,7793,12810,5017,7793,1,103.571,14,normal
1780594865.2743762,74.68501259999175,74852,0.052979,0.005371,1.045166,0.854962,2.877863,-0.519084,1.046522,3.04672,7798,12817,5019,7798,0,103.571,0,normal
1780594865.303984,74.71462030000112,74882,0.035156,-0.040283,1.057861,0.625954,2.854962,-1.0,1.059212,3.089114,7800,12821,5021,7800,0,103.571,0,normal
1780594865.3356135,74.74624989999575,74913,0.04834,-0.018311,1.051025,3.091603,2.78626,-0.312977,1.052296,4.173632,7803,12826,5023,7803,1,103.571,14,normal
1780594865.3680136,74.77865009999368,74945,0.04541,-0.007813,1.053711,-0.030534,3.137405,-0.992366,1.054718,3.29075,7808,12833,5025,7808,0,112.0,1,normal
1780594865.3995235,74.81015999999363,74976,0.047852,-0.050293,1.052978,2.480916,2.961832,-0.503817,1.055264,3.896309,7809,12836,5027,7809,1,112.0,17,normal
1780594865.4317656,74.84240199999476,75008,0.037598,-0.034912,1.055908,2.145038,2.778626,-0.534351,1.057154,3.550702,7814,12843,5029,7814,0,112.0,1,normal
1780594865.4602623,74.87089869999909,75039,0.049072,-0.009033,1.068115,0.740458,3.21374,-1.29771,1.06928,3.544073,7816,12847,5031,7816,0,112.0,0,normal
1780594865.4914255,74.90206189999299,75068,0.047607,-0.050537,1.046875,2.320611,2.564885,-0.442748,1.049175,3.487104,7818,12852,5034,7818,1,112.0,14,normal
1780594865.5216203,74.93225679999159,75099,0.037842,-0.005371,1.060303,1.732824,2.664122,-0.480916,1.060991,3.214266,7823,12859,5036,7823,0,112.0,1,normal
1780594865.5528958,74.96353209999506,75130,0.047363,-0.00415,1.065918,0.59542,3.450382,-0.992366,1.066978,3.639292,7825,12863,5038,7825,0,112.0,0,normal
1780594865.5840323,74.99466869999014,75161,0.058594,-0.057617,1.055664,2.59542,2.603053,-0.480916,1.058858,3.707205,7827,12868,5041,7827,1,112.0,13,normal
1780594865.613098,75.02373439999064,75191,0.050781,-0.001465,1.050781,1.290076,2.748092,-0.450382,1.052009,3.069063,7832,12875,5043,7832,0,112.0,0,normal
1780594865.6452107,75.05584709999675,75222,0.042236,-0.037109,1.05957,0.610687,3.282443,-1.137405,1.061061,3.527188,7834,12879,5045,7834,0,93.863,1,normal
1780594865.6755283,75.08616459999757,75253,0.057373,-0.024414,1.052002,2.877863,3.572519,-0.10687,1.053848,4.588726,7837,12884,5047,7837,1,93.863,14,normal
1780594865.7065446,75.11718109999492,75284,0.037354,0.015137,1.05127,0.480916,2.755725,-1.0,1.052042,2.970741,7842,12891,5049,7842,0,93.863,1,normal
1780594865.7383077,75.14894410000124,75314,0.035889,-0.062744,1.050293,0.984733,2.740458,-1.015267,1.052777,3.083922,7843,12893,5050,7843,0,93.863,5,normal
1780594865.768571,75.17920739999681,75345,0.042236,-0.015137,1.059326,3.175573,2.969466,0.152672,1.060276,4.350322,7847,12899,5052,7847,0,93.863,6,normal
1780594865.7999203,75.21055669999623,75377,0.057861,-0.00708,1.063477,0.236641,3.664122,-1.229008,1.065073,3.871982,7851,12905,5054,7851,0,93.863,1,normal
1780594865.8324876,75.24312389999977,75408,0.052734,-0.040527,1.048828,2.396947,2.564885,-0.541985,1.050935,3.552146,7853,12910,5057,7853,1,93.863,14,normal
1780594865.8634026,75.27403909999703,75440,0.030762,0.014648,1.045654,1.694656,2.534351,-0.70229,1.046209,3.128579,7859,12917,5058,7859,0,93.863,0,normal
1780594865.8933437,75.30397999999695,75471,0.036621,-0.031494,1.067383,0.854962,2.59542,-1.007634,1.068475,2.912471,7861,12921,5060,7861,0,93.863,0,normal
1780594865.9250326,75.33566909999354,75502,0.05249,-0.064453,1.045654,2.832061,3.290076,-0.152672,1.048953,4.343786,7863,12926,5063,7863,1,103.571,14,normal
1780594865.9559057,75.36654210000415,75534,0.049561,-0.004639,1.050293,0.526718,2.427481,-0.916031,1.051472,2.647491,7867,12931,5064,7867,0,103.571,6,normal
1780594865.9875097,75.39814609999303,75565,0.041748,-0.039795,1.061768,1.541985,2.503817,-1.091603,1.063333,3.136624,7869,12935,5066,7869,0,103.571,0,normal
1780594866.0194945,75.43013100000098,75597,0.04126,-0.03125,1.064941,1.954198,2.770992,-0.427481,1.066198,3.417606,7874,12941,5067,7874,0,103.571,5,normal
1780594866.0508385,75.46147480000218,75628,0.050293,-0.003662,1.06958,0.671756,3.396947,-1.175572,1.070768,3.656839,7878,12947,5069,7878,0,103.571,0,normal
1780594866.0821307,75.49276719999034,75659,0.031738,-0.061523,1.036621,2.312977,2.381679,-0.526718,1.03893,3.361501,7879,12950,5071,7879,1,103.571,17,normal
1780594866.113143,75.52377929999784,75690,0.037842,0.01416,1.049316,1.244275,2.633588,-0.709924,1.050094,2.997999,7884,12957,5073,7884,0,103.571,0,normal
1780594866.1432464,75.55388289999973,75721,0.035156,-0.028809,1.051025,0.618321,3.091603,-0.946565,1.052008,3.291856,7886,12961,5075,7886,0,103.571,0,normal
1780594866.1757355,75.58637180000369,75752,0.055664,-0.054688,1.053711,3.099237,2.946565,-0.48855,1.056596,4.304206,7889,12966,5077,7889,1,104.0,14,normal
1780594866.2054856,75.61612189999141,75783,0.050049,-0.002197,1.042725,0.450382,2.465649,-0.954198,1.043927,2.681933,7894,12973,5079,7894,0,104.0,0,normal
1780594866.2364128,75.64704919999349,75814,0.033691,-0.050049,1.053467,1.442748,2.572519,-0.870229,1.055193,3.075171,7896,12977,5081,7896,0,104.0,0,normal
1780594866.2681646,75.67880100000184,75845,0.047363,-0.011719,1.064697,2.923664,2.992366,-0.099237,1.065815,4.184724,7900,12983,5083,7900,0,104.0,6,normal
1780594866.2988918,75.70952819999366,75876,0.043457,0.002686,1.047363,0.374046,3.312977,-1.358779,1.048268,3.600279,7904,12989,5085,7904,0,104.0,0,normal
1780594866.3307617,75.74139819999982,75907,0.061768,-0.031006,1.058838,2.374046,3.068702,-0.29771,1.061091,3.891228,7906,12994,5088,7906,1,104.0,14,normal
1780594866.3623815,75.77301789999183,75939,0.032471,-0.000488,1.053711,1.801527,2.442748,-0.618321,1.054211,3.097554,7911,13001,5090,7911,0,104.0,0,normal
1780594866.3930633,75.8036998000025,75970,0.045898,-0.007813,1.075684,0.656489,3.648855,-1.412214,1.076691,3.9673,7913,13005,5092,7913,0,104.0,0,normal
1780594866.4240685,75.8347047999996,76001,0.056152,-0.06665,1.044678,2.671756,2.725191,-0.068702,1.048307,3.817023,7915,13010,5095,7915,1,104.0,13,normal
1780594866.4539528,75.86458909999055,76032,0.037354,0.005859,1.041748,1.183206,2.770992,-0.78626,1.042434,3.113933,7920,13017,5097,7920,0,110.714,0,normal
1780594866.486486,75.89712249999866,76063,0.032959,-0.050293,1.052002,1.038168,2.564885,-0.877863,1.053719,2.902942,7922,13021,5099,7922,0,110.714,0,normal
1780594866.5170877,75.92772419999528,76094,0.049316,-0.02002,1.047119,3.274809,3.167939,-0.007634,1.048471,4.556344,7925,13026,5101,7925,0,110.714,14,normal
1780594866.5476391,75.9582756000018,76125,0.050049,-0.001465,1.044189,-0.030534,3.167939,-1.053435,1.045389,3.338637,7930,13033,5103,7930,0,110.714,0,normal
1780594866.5800307,75.99066699999094,76156,0.041992,-0.045898,1.052978,2.374046,2.938931,-0.587786,1.054815,3.823468,7931,13035,5104,7931,1,110.714,5,normal
1780594866.6107643,76.0214008000039,76188,0.048096,-0.033691,1.062744,1.931298,2.51145,-0.503817,1.064365,3.207978,7936,13042,5106,7936,1,110.714,3,normal
1780594866.6424584,76.0530948999949,76220,0.049561,-0.00708,1.073242,0.610687,3.648855,-1.29771,1.074409,3.920604,7939,13047,5108,7939,0,110.714,0,normal
1780594866.6731563,76.08379279999644,76250,0.025635,-0.057373,1.049316,2.175573,2.526718,-0.519084,1.051196,3.374443,7941,13052,5111,7941,1,110.714,13,normal
1780594866.7052398,76.11587609999697,76281,0.045654,-0.015625,1.054688,1.351145,2.572519,-0.534351,1.055791,2.954484,7946,13059,5113,7946,0,110.714,1,normal
1780594866.73659,76.14722630000324,76313,0.043701,-0.049561,1.054443,0.618321,2.603053,-1.412214,1.056512,3.025319,7948,13063,5115,7948,0,99.644,0,normal
1780594866.7671878,76.1778243000008,76344,0.049561,-0.019531,1.054688,3.122137,3.396947,-0.29771,1.056032,4.623378,7951,13068,5117,7951,1,99.644,13,normal
1780594866.7975652,76.2082015999913,76375,0.039551,0.002441,1.04541,0.381679,2.969466,-1.282443,1.046161,3.257002,7956,13075,5119,7956,0,99.644,0,normal
1780594866.8289502,76.23958670000138,76406,0.039551,-0.050293,1.054932,1.40458,2.877863,-0.748092,1.05687,3.288553,7958,13079,5121,7958,0,99.644,0,normal
1780594866.8608599,76.27149620000273,76437,0.045898,-0.029785,1.075439,2.274809,3.328244,-0.045802,1.07683,4.031633,7962,13085,5123,7962,0,99.644,6,normal
1780594866.8926876,76.30332409999392,76469,0.037109,0.008789,1.061523,0.885496,3.916031,-1.183206,1.062208,4.185616,7966,13091,5125,7966,0,99.644,0,normal
1780594866.9275706,76.33820709999418,76500,0.030273,-0.059814,1.0354,2.244275,2.664122,-0.389313,1.037568,3.505122,7968,13096,5128,7968,1,99.644,14,normal
1780594866.9538116,76.36444799999299,76531,0.044189,0.008789,1.053467,1.351145,2.648855,-0.633588,1.05443,3.040306,7974,13103,5129,7974,0,99.644,0,normal
1780594866.9848685,76.39550499999314,76562,0.041016,-0.028809,1.058106,0.89313,3.503817,-1.129771,1.059292,3.788244,7976,13107,5131,7976,0,99.644,0,normal
1780594867.0161226,76.42675889999373,76593,0.056396,-0.049072,1.058838,3.114504,3.122137,-0.145038,1.061474,4.412359,7979,13112,5133,7979,1,110.714,14,normal
1780594867.047359,76.4579953999928,76624,0.057373,-0.000488,1.045654,0.526718,3.21374,-0.793893,1.047227,3.351988,7984,13119,5135,7984,0,110.714,0,normal
1780594867.079443,76.49007939999865,76655,0.039551,-0.050781,1.058594,1.244275,3.091603,-1.167939,1.060549,3.531333,7985,13121,5136,7985,0,110.714,6,normal
1780594867.1102352,76.52087159999064,76687,0.053223,-0.039551,1.056885,2.274809,3.099237,-0.221374,1.058963,3.850848,7989,13127,5138,7989,0,110.714,5,normal
1780594867.14184,76.55247640000016,76719,0.047363,-0.003174,1.066162,0.435114,3.748092,-1.015267,1.067218,3.907465,7993,13133,5140,7993,0,110.714,0,normal
1780594867.1741724,76.58480879999115,76750,0.022217,-0.06543,1.048096,2.320611,2.557252,-0.374046,1.050371,3.473425,7995,13138,5143,7995,1,110.714,14,normal
1780594867.2056775,76.61631399999897,76782,0.043701,-0.014404,1.054199,1.183206,2.396947,-0.541985,1.055203,2.727467,8000,13145,5145,8000,0,110.714,1,normal
1780594867.2367876,76.64742399999523,76813,0.0354,-0.039062,1.068359,0.954198,2.801527,-0.908397,1.069659,3.095841,8002,13149,5147,8002,0,110.714,0,normal
1780594867.2683232,76.67895960000169,76844,0.046143,-0.01709,1.05957,3.022901,3.19084,-0.251908,1.060712,4.402595,8005,13154,5149,8005,1,103.586,14,normal
1780594867.2991993,76.70983579999302,76876,0.042725,-0.006348,1.044189,0.419847,2.908397,-1.229008,1.045082,3.185201,8010,13161,5151,8010,0,103.586,1,normal
1780594867.3293777,76.74001399999543,76907,0.047119,-0.040039,1.048096,1.70229,3.175573,-0.618321,1.049918,3.655732,8012,13165,5153,8012,0,103.586,0,normal
1780594867.3613956,76.77203199999349,76937,0.052734,-0.019287,1.054688,2.633588,3.633588,-0.343511,1.056181,4.50075,8016,13171,5155,8016,0,103.586,6,normal
1780594867.3916385,76.80227489999379,76968,0.054199,-0.01001,1.053955,0.305344,3.419847,-1.206107,1.055395,3.639132,8020,13177,5157,8020,0,103.586,0,normal
1780594867.4229178,76.83355429999938,76999,0.059082,-0.040527,1.051758,2.557252,2.496183,-0.755725,1.054195,3.652614,8022,13182,5160,8022,1,103.586,13,normal
1780594867.453821,76.8644573999918,77030,0.044678,-0.029053,1.057861,1.793893,2.687023,-0.328244,1.059203,3.247444,8026,13187,5161,8026,0,103.586,6,normal
1780594867.4821658,76.89280220000364,77061,0.054199,-0.00708,1.069336,0.603053,3.496183,-1.0,1.070732,3.686051,8028,13191,5163,8028,0,103.586,0,normal
1780594867.5150383,76.92567460000282,77091,0.049072,-0.04541,1.051758,2.358779,2.396947,-0.274809,1.053881,3.374124,8030,13196,5166,8030,1,103.586,13,normal
1780594867.5467327,76.95736919999763,77123,0.038574,-0.005859,1.052978,1.389313,2.458015,-0.694656,1.053701,2.907676,8035,13203,5168,8035,0,107.527,1,normal
1780594867.5778925,76.98852889999398,77154,0.0354,-0.040771,1.062012,0.664122,2.763359,-1.015267,1.063383,3.017943,8037,13207,5170,8037,0,107.527,1,normal
1780594867.608343,77.01897920000192,77185,0.053955,-0.025391,1.053955,3.061069,3.045802,0.030534,1.055641,4.318331,8040,13212,5172,8040,1,107.527,13,normal
1780594867.6397665,77.05040279999957,77216,0.051025,0.005371,1.041748,0.664122,2.832061,-0.717557,1.043011,2.996084,8045,13219,5174,8045,0,107.527,0,normal
1780594867.6709516,77.08158800000092,77247,0.036621,-0.048584,1.053955,1.412214,2.427481,-1.099237,1.05571,3.015847,8047,13223,5176,8047,0,107.527,0,normal
1780594867.7015305,77.1121667999978,77278,0.050293,-0.024902,1.064697,2.931298,3.175573,-0.259542,1.066175,4.329449,8051,13229,5178,8051,0,107.527,6,normal
1780594867.7333097,77.14394619999803,77309,0.052002,-0.015869,1.051758,0.351145,3.21374,-0.847328,1.053162,3.342064,8054,13233,5179,8054,0,107.527,6,normal
1780594867.7634518,77.17408830000204,77340,0.043213,-0.049316,1.049805,2.251908,3.259542,-0.519084,1.05185,3.995642,8056,13238,5182,8056,1,107.527,14,normal
1780594867.794786,77.2054225000029,77371,0.045654,-0.040039,1.058838,2.152672,3.236641,-0.389313,1.060578,3.906585,8060,13243,5183,8060,0,107.527,6,normal
1780594867.8252137,77.2358499999973,77402,0.048584,-0.010498,1.065674,0.557252,3.755725,-1.045802,1.066832,3.938236,8064,13249,5185,8064,0,103.943,0,normal
1780594867.857224,77.2678603999957,77434,0.041748,-0.061523,1.05249,2.122137,2.709924,-0.160305,1.055113,3.4457,8066,13254,5188,8066,1,103.943,14,normal
1780594867.8876944,77.29833079999662,77465,0.036865,-0.000244,1.048096,1.343511,2.587786,-0.59542,1.048744,2.975934,8071,13261,5190,8071,0,103.943,0,normal
1780594867.9354606,77.34609710000223,77496,0.032959,-0.05127,1.046143,1.045802,2.694656,-1.160305,1.047916,3.114672,8073,13265,5192,8073,0,103.943,0,normal
1780594867.952093,77.36272940000345,77528,0.053711,-0.015869,1.057129,3.030534,3.885496,-0.152672,1.058611,4.929962,8077,13271,5194,8077,0,103.943,6,normal
1780594867.9844408,77.39507729999605,77560,0.052734,-0.010254,1.05542,0.51145,3.290076,-1.236641,1.056786,3.551826,8081,13277,5196,8081,0,103.943,1,normal
1780594868.0155036,77.4261400999967,77591,0.049805,-0.053955,1.04126,2.290076,2.549618,-0.480916,1.043846,3.460677,8083,13282,5199,8083,1,103.943,14,normal
1780594868.0465548,77.45719119999558,77623,0.034424,0.014404,1.047852,1.587786,2.51145,-0.908397,1.048516,3.10703,8088,13289,5201,8088,0,103.943,0,normal
1780594868.0791707,77.48980719999236,77655,0.036621,-0.047363,1.048096,0.679389,2.679389,-1.152672,1.049804,2.994887,8090,13293,5203,8090,0,102.767,1,normal
1780594868.1087198,77.51935629999207,77686,0.041504,-0.016846,1.052246,2.923664,3.21374,-0.244275,1.053199,4.351506,8093,13298,5205,8093,1,102.767,14,normal
1780594868.139176,77.54981229999976,77717,0.055664,0.010742,1.041016,0.78626,2.29771,-1.007634,1.042558,2.629259,8098,13305,5207,8098,0,102.767,0,normal
1780594868.1713266,77.58196300000418,77748,0.038086,-0.041748,1.058838,1.801527,2.458015,-0.908397,1.060345,3.180019,8100,13309,5209,8100,0,102.767,1,normal
1780594868.2027266,77.61336299999675,77779,0.040039,-0.024658,1.060547,2.793893,3.175573,-0.045802,1.061589,4.229917,8103,13315,5212,8103,0,102.767,6,normal
1780594868.2327998,77.64343630000076,77810,0.057861,-0.011719,1.052002,0.229008,3.396947,-0.969466,1.053657,3.539994,8106,13319,5213,8106,0,102.767,5,normal
1780594868.2649121,77.67554860000382,77841,0.042236,-0.038574,1.050537,2.343511,2.763359,-0.847328,1.052093,3.721043,8108,13324,5216,8108,1,102.767,13,normal
1780594868.296489,77.70712540000386,77873,0.040771,0.00293,1.056396,1.603053,2.679389,-0.503817,1.057187,3.16271,8113,13331,5218,8113,0,102.767,0,normal
1780594868.326436,77.73707239999203,77904,0.043701,-0.005615,1.07251,0.748092,3.496183,-1.167939,1.073414,3.761252,8115,13335,5220,8115,0,102.767,0,normal
1780594868.3587985,77.76943489999394,77935,0.039307,-0.062744,1.050293,2.374046,2.580153,-0.29771,1.052899,3.518794,8117,13340,5223,8117,1,96.429,14,normal
1780594868.3898206,77.80045709999104,77966,0.041748,0.009033,1.042725,1.10687,2.580153,-1.053435,1.043599,2.998679,8121,13345,5224,8121,0,96.429,6,normal
1780594868.419768,77.83040459999756,77997,0.044434,-0.056396,1.041504,0.916031,2.29771,-1.305344,1.043976,2.796874,8123,13349,5226,8123,0,96.429,0,normal
1780594868.4512126,77.86184909999429,78028,0.041748,-0.016357,1.055176,2.984733,2.877863,-0.091603,1.056128,4.147182,8126,13354,5228,8126,1,96.429,14,normal
1780594868.481593,77.89222939999308,78059,0.049805,-0.001709,1.033936,0.526718,3.320611,-0.839695,1.035136,3.465397,8131,13361,5230,8131,0,96.429,0,normal
1780594868.5142393,77.9248757000023,78090,0.044678,-0.039795,1.047607,1.671756,2.870229,-0.770992,1.049314,3.409899,8133,13365,5232,8133,0,96.429,0,normal
1780594868.5450466,77.95568299999286,78121,0.03833,-0.031982,1.065186,2.412214,2.984733,0.053435,1.066355,3.838002,8137,13371,5234,8137,0,96.429,5,normal
1780594868.5748544,77.98549079999793,78152,0.043701,0.002441,1.060547,0.572519,3.648855,-1.152672,1.06145,3.869182,8141,13377,5236,8141,0,96.429,0,normal
1780594868.606761,78.01739749999251,78183,0.032227,-0.057129,1.039551,2.160305,2.633588,-0.274809,1.041618,3.417342,8143,13382,5239,8143,1,96.429,14,normal
1780594868.6381166,78.04875309999625,78215,0.039795,0.00415,1.065918,1.206107,2.450382,-0.877863,1.066669,2.868746,8148,13389,5241,8148,0,110.714,1,normal
1780594868.6698232,78.08045959999436,78246,0.033936,-0.03418,1.062256,0.908397,3.160305,-1.312977,1.063347,3.54071,8150,13393,5243,8150,0,110.714,0,normal
1780594868.701254,78.11189020000165,78277,0.058594,-0.05542,1.052002,2.763359,3.099237,-0.358779,1.055089,4.16775,8152,13398,5246,8152,1,110.714,14,normal
1780594868.7322319,78.14286829999764,78309,0.056152,0.002441,1.043213,0.442748,2.541985,-1.229008,1.044726,2.858002,8157,13405,5248,8157,0,110.714,1,normal
1780594868.7634468,78.17408329999307,78340,0.03833,-0.030762,1.055664,1.618321,2.969466,-1.030534,1.056808,3.535349,8159,13409,5250,8159,0,110.714,1,normal
1780594868.8042707,78.21490710000216,78371,0.046631,-0.02124,1.058106,2.534351,3.045802,-0.305344,1.059346,3.97405,8163,13415,5252,8163,0,110.714,6,normal
1780594868.832612,78.2432484000019,78408,0.043457,0.014893,1.060303,0.229008,3.625954,-0.801527,1.061297,3.720542,8167,13421,5254,8167,0,110.714,1,normal
1780594868.864774,78.27541029998974,78440,0.041504,-0.043213,1.057373,2.183206,3.389313,-0.206107,1.059069,4.036869,8171,13427,5256,8171,0,110.714,6,normal
1780594868.8942733,78.30490970000392,78471,0.052246,0.008301,1.067139,0.534351,3.694656,-0.961832,1.068449,3.855015,8174,13431,5257,8174,0,101.563,6,normal
1780594868.9251716,78.33580810000421,78502,0.045166,-0.05127,1.060303,2.282443,2.48855,-0.19084,1.062502,3.382136,8176,13436,5260,8176,1,101.563,14,normal
1780594868.9558895,78.36652579999645,78533,0.043213,-0.023438,1.052246,2.045802,2.328244,-0.312977,1.053394,3.115121,8181,13443,5262,8181,0,101.563,1,normal
1780594868.9888878,78.39952429999539,78565,0.052002,-0.02002,1.07666,0.816794,2.824427,-1.129771,1.078101,3.14975,8183,13447,5264,8183,0,101.563,0,normal
1780594869.0198445,78.43048100000306,78596,0.041504,-0.026611,1.05127,3.061069,3.290076,-0.564886,1.052425,4.52922,8186,13452,5266,8186,1,101.563,14,normal
1780594869.0497193,78.46035569999367,78627,0.047852,0.011963,1.052002,0.89313,2.229008,-1.099237,1.053158,2.640924,8190,13457,5267,8190,0,101.563,6,normal
1780594869.081773,78.49240940000163,78658,0.042969,-0.067871,1.044678,1.51145,2.916031,-1.038168,1.047762,3.444635,8192,13461,5269,8192,0,101.563,0,normal
1780594869.113102,78.52373829999124,78689,0.03833,-0.023193,1.054443,3.068702,3.610687,-0.427481,1.055395,4.757808,8196,13467,5271,8196,0,101.563,5,normal
1780594869.1441095,78.55474599999434,78721,0.049561,0.004639,1.060547,0.541985,3.335878,-1.053435,1.061714,3.539994,8200,13473,5273,8200,0,104.0,0,normal
1780594869.176071,78.58670739999798,78752,0.056641,-0.043457,1.04541,2.374046,2.610687,-0.267176,1.047845,3.538808,8202,13478,5276,8202,1,104.0,14,normal
1780594869.2074764,78.61811290000333,78784,0.04541,0.008545,1.060791,1.221374,2.312977,-0.816794,1.061797,2.740213,8207,13485,5278,8207,0,104.0,1,normal
1780594869.2374194,78.64805589999014,78815,0.049072,-0.010742,1.074219,0.580153,3.29771,-1.389313,1.075393,3.625142,8209,13489,5280,8209,0,104.0,1,normal
1780594869.2695172,78.68015369999921,78845,0.05249,-0.074707,1.049316,1.923664,2.847328,-0.389313,1.053281,3.458226,8211,13494,5283,8211,1,104.0,14,normal
1780594869.2986882,78.70932449999964,78876,0.041748,-0.012207,1.059082,1.244275,2.740458,-0.480916,1.059975,3.047886,8214,13499,5285,8214,0,104.0,1,normal
1780594869.3299098,78.74054630000319,78907,0.032715,-0.033691,1.060303,1.259542,2.900763,-1.19084,1.061342,3.379197,8216,13503,5287,8216,0,104.0,1,normal
1780594869.3607342,78.77137059999222,78938,0.052246,-0.030029,1.052246,2.977099,3.778626,0.10687,1.05397,4.81171,8219,13508,5289,8219,1,104.0,14,normal
1780594869.390973,78.80160959999193,78968,0.038818,0.011475,1.047119,0.778626,2.763359,-0.908397,1.047901,3.011245,8224,13515,5291,8224,0,104.0,0,normal
1780594869.4224691,78.83310560000245,78999,0.037598,-0.067627,1.056396,0.938931,2.503817,-1.08397,1.059226,2.885426,8226,13519,5293,8226,0,93.525,1,normal
1780594869.4544926,78.86512899999798,79030,0.048096,-0.01416,1.063965,3.290076,3.145038,-0.198473,1.065146,4.555794,8230,13525,5295,8230,0,93.525,6,normal
1780594869.484907,78.8955433999945,79062,0.04541,-0.005127,1.043945,0.229008,3.305344,-1.312977,1.044945,3.563938,8234,13531,5297,8234,0,93.525,0,normal
1780594869.5178556,78.92849209999258,79093,0.063721,-0.031494,1.049316,2.572519,2.664122,-0.221374,1.051721,3.710041,8236,13536,5300,8236,1,93.525,14,normal
1780594869.546988,78.95762439999089,79124,0.044434,-0.02417,1.0625,2.129771,2.419847,-0.465649,1.063703,3.257056,8240,13541,5301,8240,0,93.525,6,normal
1780594869.5783873,78.98902369999269,79155,0.050049,-0.012207,1.071533,0.854962,3.358779,-1.10687,1.072771,3.63834,8242,13545,5303,8242,0,93.525,0,normal
1780594869.6094449,79.02008139999816,79186,0.031494,-0.050293,1.036865,2.519084,2.328244,-0.221374,1.038562,3.43737,8244,13550,5306,8244,1,93.525,13,normal
1780594869.640825,79.05146139999852,79217,0.046631,-0.010254,1.049072,0.931298,2.572519,-0.694656,1.050158,2.822714,8249,13557,5308,8249,0,93.525,0,normal
1780594869.6710422,79.0816785999923,79248,0.032227,-0.044434,1.054199,0.541985,3.053435,-1.251908,1.055627,3.344322,8251,13561,5310,8251,0,93.525,0,normal
1780594869.70349,79.11412640000344,79279,0.057129,-0.0354,1.043213,2.992366,3.458015,-0.305344,1.045376,4.58316,8254,13566,5312,8254,1,100.0,13,normal
1780594869.7330656,79.14370210000197,79310,0.052246,0.010742,1.050049,0.832061,2.40458,-0.969466,1.051403,2.722902,8259,13573,5314,8259,0,100.0,0,normal
1780594869.7638001,79.1744364999904,79341,0.043213,-0.044922,1.049072,1.572519,2.89313,-0.763359,1.050922,3.380197,8261,13577,5316,8261,0,100.0,0,normal
1780594869.7944174,79.20505370000319,79372,0.050781,-0.028809,1.060059,2.770992,3.664122,-0.053435,1.061665,4.59424,8265,13583,5318,8265,0,100.0,6,normal
1780594869.8245032,79.23513970000204,79402,0.038086,0.000732,1.052978,0.458015,3.022901,-1.114504,1.053667,3.254201,8269,13589,5320,8269,0,100.0,0,normal
1780594869.856664,79.26730039999529,79433,0.052246,-0.045898,1.055908,2.099237,2.641221,-1.145038,1.058196,3.562858,8271,13593,5322,8271,0,100.0,1,normal
1780594869.887785,79.29842140000255,79464,0.051025,-0.029053,1.062256,2.152672,3.335878,-0.21374,1.063877,3.975898,8276,13599,5323,8276,0,100.0,6,normal
1780594869.9343634,79.34499969999888,79495,0.037354,0.017334,1.05127,0.328244,3.633588,-0.89313,1.052076,3.756113,8280,13605,5325,8280,0,100.0,0,normal
1780594869.9491684,79.35980489999929,79526,0.050049,-0.056885,1.046875,2.152672,2.587786,-0.312977,1.049613,3.38062,8282,13610,5328,8282,1,100.0,13,normal
1780594869.9793637,79.38999999999942,79557,0.026123,-0.006104,1.064209,1.740458,2.435115,-0.381679,1.064547,3.017392,8287,13617,5330,8287,0,118.705,0,normal
1780594870.0113149,79.42195139999967,79588,0.050781,-0.022949,1.061768,0.992366,3.167939,-1.450382,1.063229,3.622739,8289,13621,5332,8289,0,118.705,0,normal
1780594870.0427911,79.45342750000418,79619,0.053711,-0.063477,1.051758,2.526718,2.847328,-0.320611,1.05504,3.820258,8291,13626,5335,8291,1,118.705,13,normal
1780594870.073687,79.48432360000152,79650,0.034668,-0.005371,1.044189,0.839695,2.748092,-0.534351,1.044779,2.922777,8294,13631,5337,8294,0,118.705,0,normal
1780594870.1051123,79.5157487999968,79681,0.038574,-0.058105,1.052978,0.992366,2.412214,-1.061069,1.055286,2.815925,8296,13635,5339,8296,0,118.705,1,normal
1780594870.1357331,79.54636949999258,79713,0.040771,-0.031494,1.059814,2.51145,3.175573,-0.259542,1.061066,4.05697,8300,13641,5341,8300,0,118.705,6,normal
1780594870.1671891,79.57782550000411,79744,0.052734,-0.016846,1.057373,0.320611,3.610687,-1.259542,1.058821,3.837486,8304,13647,5343,8304,0,118.705,0,normal
1780594870.1985567,79.60919319999812,79775,0.056641,-0.043457,1.050293,2.496183,2.427481,-0.236641,1.052716,3.489927,8306,13652,5346,8306,1,118.705,13,normal
1780594870.2294352,79.64007159999164,79807,0.039307,0.001953,1.061768,1.656489,2.877863,-0.580153,1.062497,3.370849,8311,13659,5348,8311,0,96.0,0,normal
1780594870.2610276,79.67166409999481,79838,0.046143,-0.012939,1.069336,0.549618,3.030534,-0.946565,1.070409,3.222143,8313,13663,5350,8313,0,96.0,0,normal
1780594870.2927735,79.7034100000019,79869,0.055664,-0.023926,1.049561,2.916031,2.816794,-0.526718,1.051308,4.088398,8314,13666,5352,8314,1,96.0,17,normal
1780594870.3238435,79.73447999999917,79901,0.052246,0.012451,1.043701,0.450382,2.633588,-1.053435,1.045082,2.871995,8319,13673,5354,8319,0,96.0,0,normal
1780594870.355068,79.76570429999265,79932,0.039307,-0.029297,1.050049,1.763359,2.580153,-1.167939,1.051192,3.336271,8321,13677,5356,8321,0,96.0,1,normal
1780594870.3856628,79.7962991999957,79963,0.040527,-0.024658,1.067627,2.824427,3.259542,-0.099237,1.06868,4.314146,8325,13683,5358,8325,0,96.0,6,normal
1780594870.4160655,79.82670189999044,79994,0.054932,-0.000488,1.047363,0.366412,3.465649,-1.335878,1.048803,3.732231,8329,13689,5360,8329,0,96.0,0,normal
1780594870.447108,79.85774449999735,80024,0.04126,-0.035645,1.054443,2.061069,2.923664,-0.969466,1.055852,3.706168,8331,13693,5362,8331,0,96.0,1,normal
1780594870.4783103,79.88894669999718,80055,0.050049,-0.032227,1.064941,2.244275,2.862595,-0.29771,1.066604,3.649638,8335,13699,5364,8335,0,96.0,6,normal
1780594870.5090928,79.91972920000262,80086,0.046143,0.003906,1.064941,0.526718,3.580153,-0.992366,1.065948,3.752295,8339,13705,5366,8339,0,100.358,1,normal
1780594870.539732,79.95036849999451,80117,0.03418,-0.044678,1.039795,2.519084,2.21374,-0.480916,1.041315,3.387877,8341,13710,5369,8341,1,100.358,13,normal
1780594870.5718625,79.98249899999064,80148,0.026611,-0.002441,1.053467,1.59542,2.603053,-0.725191,1.053806,3.138018,8344,13715,5371,8344,0,100.358,0,normal
1780594870.6018102,80.01244659999793,80179,0.044189,-0.007324,1.062744,0.78626,2.580153,-1.10687,1.063688,2.915571,8346,13719,5373,8346,0,100.358,1,normal
1780594870.6342177,80.044854199994,80210,0.053467,-0.056885,1.050537,2.381679,2.748092,-0.51145,1.053434,3.672327,8348,13724,5376,8348,1,100.358,13,normal
1780594870.6642807,80.07491699999082,80241,0.04126,-0.000244,1.041992,0.832061,2.48855,-0.900763,1.042809,2.774271,8353,13731,5378,8353,0,100.358,0,normal
1780594870.6946256,80.10526209999807,80272,0.03833,-0.046631,1.059814,0.648855,2.778626,-1.251908,1.061532,3.115935,8355,13735,5380,8355,0,100.358,1,normal
1780594870.7257235,80.13636000000406,80303,0.041748,-0.015869,1.04834,3.244275,3.160305,-0.427481,1.049291,4.54924,8358,13740,5382,8358,1,100.358,13,normal
1780594870.7572246,80.16786099999445,80334,0.050293,0.000488,1.046875,0.427481,2.969466,-1.061069,1.048082,3.18219,8363,13747,5384,8363,0,100.358,0,normal
1780594870.789393,80.20002930000192,80365,0.050537,-0.036865,1.055908,2.167939,2.374046,-0.656489,1.05776,3.281315,8364,13750,5386,8364,1,89.606,18,normal
1780594870.8213644,80.23200079999515,80397,0.027588,-0.011475,1.052246,1.763359,2.664122,-0.267176,1.05267,3.205989,8368,13756,5388,8368,1,89.606,3,normal
1780594870.852615,80.26325150000048,80429,0.051514,-0.015625,1.063721,0.641221,2.984733,-1.099237,1.065082,3.244706,8371,13761,5390,8371,0,89.606,0,normal
1780594870.883683,80.29431949999707,80460,0.061523,-0.067139,1.050293,2.473282,2.816794,-0.320611,1.054233,3.762213,8373,13766,5393,8373,1,89.606,13,normal
1780594870.914174,80.32481049999478,80491,0.036133,-0.008789,1.05249,1.099237,2.557252,-0.778626,1.053147,2.890349,8378,13773,5395,8378,0,89.606,0,normal
1780594870.9452808,80.35591719999502,80522,0.023193,-0.043701,1.049316,0.961832,2.496183,-1.267176,1.050482,2.960031,8380,13777,5397,8380,0,89.606,0,normal
1780594870.9907362,80.40137269999832,80553,0.054199,-0.015137,1.060059,3.030534,3.458015,-0.473282,1.061551,4.622338,8383,13782,5399,8383,1,89.606,14,normal
1780594871.0065386,80.4171750999958,80584,0.036377,0.006104,1.040283,0.244275,3.503817,-1.236641,1.040937,3.723666,8388,13789,5401,8388,0,89.606,0,normal
1780594871.0384321,80.44906849999097,80615,0.036865,-0.037842,1.051025,1.427481,2.641221,-1.053435,1.052352,3.181741,8390,13793,5403,8390,0,104.0,0,normal
1780594871.068122,80.47875840000052,80646,0.043945,-0.037109,1.060059,2.496183,3.076336,-0.007634,1.061618,3.96167,8393,13797,5404,8393,0,104.0,6,normal
1780594871.0994155,80.51005189999705,80677,0.060791,0.009033,1.072022,0.519084,3.564885,-1.137405,1.073782,3.77777,8397,13803,5406,8397,0,104.0,0,normal
1780594871.1325865,80.54322289999982,80708,0.061279,-0.047852,1.049805,2.755725,2.320611,-0.419847,1.05268,3.627055,8399,13808,5409,8399,1,104.0,14,normal
1780594871.1633809,80.57401719999325,80739,0.039062,0.003418,1.050293,1.587786,2.496183,-0.763359,1.051025,3.055276,8404,13815,5411,8404,0,104.0,1,normal
1780594871.1925159,80.60315219999757,80770,0.04834,-0.00415,1.075928,0.656489,3.10687,-1.152672,1.077021,3.378205,8406,13819,5413,8406,0,104.0,0,normal
1780594871.2245803,80.63521680000122,80801,0.062744,-0.063477,1.045166,2.389313,3.152672,-0.351145,1.04897,3.97133,8408,13824,5416,8408,1,104.0,14,normal
1780594871.2536004,80.66423680000298,80831,0.030273,0.009033,1.063965,1.015267,2.59542,-0.412214,1.064434,2.817249,8414,13831,5417,8414,0,104.0,0,normal
1780594871.2860262,80.69666259999212,80862,0.033203,-0.024902,1.062256,0.80916,3.061069,-0.862595,1.063066,3.281608,8416,13835,5419,8416,0,104.0,0,normal
1780594871.3174303,80.72806670000136,80893,0.051514,-0.052734,1.060059,2.916031,3.236641,-0.206107,1.062619,4.361372,8419,13840,5421,8419,1,104.317,14,normal
1780594871.3494837,80.76012009999249,80925,0.05127,0.000732,1.044434,0.78626,2.832061,-1.045802,1.045692,3.119691,8424,13847,5423,8424,0,104.317,0,normal
1780594871.3798826,80.79051910000271,80956,0.04541,-0.029297,1.059814,1.793893,2.435115,-1.099237,1.061191,3.218098,8426,13851,5425,8426,0,104.317,0,normal
1780594871.411813,80.82244940000237,80987,0.052002,-0.035645,1.057617,2.656489,2.900763,-0.312977,1.059495,3.945797,8430,13857,5427,8430,0,104.317,5,normal
1780594871.4427078,80.85334429999057,81019,0.043457,-0.003174,1.066894,0.793893,3.709924,-0.801527,1.067784,3.87766,8434,13863,5429,8434,0,104.317,0,normal
1780594871.4742973,80.88493359999848,81050,0.028076,-0.06543,1.042969,2.267176,2.549618,-0.572519,1.045396,3.45954,8436,13868,5432,8436,1,104.317,15,normal
1780594871.5040479,80.91468419999,81081,0.029053,0.0,1.056396,0.992366,2.29771,-0.549618,1.056796,2.562488,8441,13875,5434,8441,0,104.317,1,normal
1780594871.534837,80.94547340000281,81111,0.046143,-0.002686,1.065674,0.587786,3.793893,-0.755725,1.066676,3.91283,8443,13879,5436,8443,0,104.317,0,normal
1780594871.5660765,80.97671299999638,81142,0.062744,-0.067627,1.052246,2.465649,2.671756,-0.282443,1.056282,3.64657,8444,13882,5438,8444,1,104.317,17,normal
1780594871.5980213,81.00865760000306,81174,0.036621,0.017334,1.04834,0.816794,2.549618,-1.076336,1.049122,2.885516,8449,13889,5440,8449,0,106.762,1,normal
1780594871.629081,81.03971739999542,81205,0.037109,-0.06665,1.055664,1.022901,2.59542,-1.152672,1.058417,3.018473,8451,13893,5442,8451,0,106.762,0,normal
1780594871.660351,81.07098750000296,81236,0.044678,-0.018066,1.059814,2.938931,3.664122,-0.312977,1.06091,4.707554,8455,13899,5444,8455,0,106.762,5,normal
1780594871.6921108,81.10274709999794,81268,0.045654,-0.013428,1.039795,0.503817,3.633588,-1.030534,1.040883,3.810354,8459,13905,5446,8459,0,106.762,1,normal
1780594871.723125,81.13376129999233,81299,0.048584,-0.038574,1.044678,2.274809,2.580153,-0.748092,1.046518,3.520168,8461,13910,5449,8461,1,106.762,14,normal
1780594871.75401,81.16464639999322,81330,0.039307,-0.019775,1.054199,1.91603,2.557252,-0.625954,1.055117,3.256153,8466,13917,5451,8466,0,106.762,0,normal
1780594871.783363,81.19399949999934,81361,0.058838,-0.004639,1.066162,0.717557,3.641221,-0.969466,1.067794,3.835785,8468,13921,5453,8468,0,106.762,1,normal
1780594871.8155897,81.22622620000038,81392,0.030762,-0.050537,1.035156,2.564885,2.427481,-0.557252,1.036846,3.575169,8470,13926,5456,8470,1,106.762,14,normal
1780594871.8501132,81.26074949999747,81423,0.043213,-0.016113,1.054932,1.10687,2.709924,-0.770992,1.055939,3.02709,8475,13933,5458,8475,0,106.762,0,normal
1780594871.8784769,81.28911339999468,81455,0.035156,-0.056641,1.058838,0.870229,2.458015,-1.038168,1.060934,2.806587,8477,13937,5460,8477,0,99.644,1,normal
1780594871.9095154,81.32015169999795,81486,0.04248,-0.019531,1.05542,3.206107,3.21374,-0.221374,1.056455,4.544915,8481,13943,5462,8481,0,99.644,6,normal
1780594871.9410017,81.35163799999282,81518,0.038086,0.005371,1.047363,0.358779,3.21374,-1.091603,1.048069,3.412982,8485,13949,5464,8485,0,99.644,0,normal
1780594871.973833,81.38446960000147,81549,0.055908,-0.03833,1.048584,2.541985,2.351145,-0.839695,1.050773,3.562956,8487,13954,5467,8487,1,99.644,14,normal
1780594872.0043685,81.4150049000018,81580,0.051758,-0.011475,1.05542,2.282443,2.526718,-0.328244,1.05675,3.420759,8491,13959,5468,8491,1,99.644,6,normal
1780594872.0348508,81.44548729999224,81611,0.047119,0.000244,1.05249,0.656489,3.740458,-0.847328,1.053544,3.891011,8495,13965,5470,8495,0,99.644,0,normal
1780594872.0661702,81.47680669999681,81642,0.028809,-0.055664,1.040527,2.412214,2.671756,-0.145038,1.042413,3.602512,8497,13970,5473,8497,1,99.644,14,normal
1780594872.0975907,81.50822719999996,81673,0.030273,0.002197,1.056396,1.10687,2.290076,-0.717557,1.056832,2.64282,8502,13977,5475,8502,0,99.644,1,normal
1780594872.1282058,81.53884229999676,81704,0.033447,-0.029297,1.057861,0.709924,2.923664,-0.977099,1.058795,3.16331,8504,13981,5477,8504,0,99.644,0,normal
1780594872.1585953,81.56923169999209,81735,0.05249,-0.046631,1.050781,3.053435,3.335878,-0.167939,1.053124,4.525456,8507,13986,5479,8507,1,107.143,14,normal
1780594872.1895435,81.60017979999247,81766,0.042236,0.003906,1.040039,0.625954,3.10687,-0.839695,1.040904,3.27865,8512,13993,5481,8512,0,107.143,0,normal
1780594872.221205,81.63184139999794,81797,0.031738,-0.05127,1.044678,1.435114,2.603053,-0.969466,1.046416,3.126548,8513,13995,5482,8513,0,107.143,6,normal
1780594872.251034,81.66167049999058,81828,0.044189,-0.019531,1.050537,2.648855,3.396947,-0.40458,1.051647,4.326588,8517,14001,5484,8517,0,107.143,6,normal
1780594872.282491,81.69312739999441,81860,0.042236,-0.005127,1.055664,0.343511,3.312977,-1.099237,1.056521,3.50744,8521,14007,5486,8521,0,107.143,1,normal
1780594872.3151762,81.72581259999424,81891,0.05127,-0.045654,1.058838,2.473282,2.389313,-0.396947,1.061061,3.46172,8523,14012,5489,8523,1,107.143,14,normal
1780594872.3460846,81.75672099999792,81923,0.021973,0.009766,1.051025,1.580153,2.251908,-0.870229,1.0513,2.885355,8528,14019,5491,8528,0,107.143,0,normal
1780594872.378232,81.78886839999177,81954,0.044434,-0.017822,1.065674,0.412214,3.145038,-0.946565,1.066749,3.310162,8530,14023,5493,8530,0,107.143,1,normal
1780594872.4077299,81.81836619999376,81985,0.052979,-0.060547,1.047363,2.763359,2.755725,-0.419847,1.050449,3.925104,8532,14028,5496,8532,1,100.0,14,normal
1780594872.438538,81.84917449999193,82016,0.047852,-0.008057,1.050049,0.89313,2.549618,-0.755725,1.051169,2.805237,8537,14035,5498,8537,0,100.0,0,normal
1780594872.469416,81.8800523999962,82047,0.035645,-0.060547,1.052734,0.740458,2.259542,-1.137405,1.055076,2.63581,8539,14039,5500,8539,0,100.0,1,normal
1780594872.500899,81.91153559999657,82078,0.036377,-0.022217,1.053467,3.083969,3.251908,-0.19084,1.054329,4.485777,8542,14044,5502,8542,0,100.0,14,normal
1780594872.5320091,81.94264549999207,82109,0.040527,0.001221,1.038086,0.206107,3.282443,-1.129771,1.038878,3.477542,8547,14051,5504,8547,0,100.0,0,normal
1780594872.5634334,81.97406979999505,82140,0.040039,-0.046875,1.045654,1.801527,2.839695,-0.877863,1.04747,3.47563,8549,14055,5506,8549,0,100.0,1,normal
1780594872.5950909,82.0057272999984,82171,0.05127,-0.029785,1.064453,2.274809,3.320611,-0.198473,1.066103,4.029964,8552,14061,5509,8552,0,100.0,6,normal
1780594872.6250074,82.03564380000171,82202,0.035645,0.000244,1.052734,0.274809,3.618321,-1.480916,1.053338,3.919296,8554,14065,5511,8554,0,100.0,0,normal
1780594872.6558163,82.06645279999066,82233,0.049561,-0.038574,1.046875,2.305344,2.70229,-0.145038,1.048757,3.554999,8556,14070,5514,8556,1,100.0,14,normal
1780594872.687313,82.0979493999912,82264,0.019531,0.00415,1.046387,1.717557,2.320611,-0.717557,1.046577,2.974916,8561,14077,5516,8561,0,103.943,1,normal
1780594872.718336,82.1289725999959,82295,0.047363,-0.006348,1.069092,0.656489,3.122137,-0.961832,1.070159,3.332242,8563,14081,5518,8563,0,103.943,0,normal
1780594872.7500412,82.1606776999979,82326,0.051025,-0.061279,1.04834,2.48855,2.694656,-0.412214,1.051368,3.691066,8565,14086,5521,8565,1,103.943,14,normal
1780594872.7798102,82.19044659999781,82357,0.045654,-0.003662,1.045166,1.022901,3.10687,-0.587786,1.046169,3.323321,8570,14093,5523,8570,0,103.943,0,normal
1780594872.812296,82.22293229999195,82388,0.037109,-0.058838,1.05127,0.862595,2.229008,-0.839695,1.053568,2.533305,8572,14097,5525,8572,0,103.943,0,normal
1780594872.8497488,82.26038520000293,82419,0.042969,-0.025635,1.050781,3.114504,3.259542,0.091603,1.051972,4.509228,8575,14102,5527,8575,1,103.943,14,normal
1780594872.8721116,82.28274809999857,82450,0.040771,0.003418,1.045166,0.656489,3.129771,-1.015267,1.045966,3.355177,8579,14107,5528,8579,0,103.943,6,normal
1780594872.9031124,82.31374879999203,82480,0.037598,-0.063721,1.04834,1.251908,2.427481,-1.0,1.050947,2.908597,8581,14111,5530,8581,0,103.943,0,normal
1780594872.9351013,82.3457378000021,82511,0.052246,-0.018799,1.057129,2.770992,3.526718,-0.099237,1.058586,4.486199,8585,14117,5532,8585,0,103.943,5,normal
1780594872.9662023,82.37683860000107,82543,0.047119,0.002686,1.056396,0.419847,3.740458,-0.984733,1.05745,3.890629,8589,14123,5534,8589,0,100.358,0,normal
1780594872.9974954,82.40813189999608,82574,0.042969,-0.031738,1.040527,2.129771,2.557252,-0.59542,1.041898,3.380826,8591,14128,5537,8591,1,100.358,14,normal
1780594873.0298054,82.44044189999113,82606,0.035156,0.00293,1.055908,1.427481,1.946565,-0.656489,1.056497,2.501558,8596,14135,5539,8596,0,100.358,1,normal
1780594873.0617025,82.4723387999984,82637,0.038818,-0.034424,1.062744,0.877863,3.389313,-1.061069,1.06401,3.658408,8598,14139,5541,8598,0,100.358,1,normal
1780594873.0919888,82.50262519999524,82668,0.055908,-0.052734,1.052734,3.053435,2.778626,-0.419847,1.055536,4.149759,8600,14144,5544,8600,1,100.358,14,normal
1780594873.123621,82.53425749999587,82699,0.053711,-0.017334,1.047852,0.70229,2.801527,-0.648855,1.04937,2.960199,8605,14151,5546,8605,0,100.358,1,normal
1780594873.1539419,82.56457829999272,82730,0.031494,-0.045166,1.055908,0.671756,2.274809,-1.366412,1.057343,2.737352,8607,14155,5548,8607,0,100.358,1,normal
1780594873.1845925,82.59522899999865,82761,0.046875,-0.022217,1.05957,2.832061,3.458015,-0.137405,1.060839,4.471836,8611,14161,5550,8611,0,100.358,6,normal
1780594873.2146323,82.62526859999343,82793,0.04541,-0.006836,1.04834,0.335878,3.40458,-1.114504,1.049345,3.598069,8615,14167,5552,8615,0,104.0,0,normal
1780594873.246922,82.65755839999474,82823,0.050537,-0.044922,1.05957,2.053435,2.419847,-0.923664,1.061726,3.305361,8617,14171,5554,8617,0,104.0,1,normal
1780594873.2774513,82.68808759999229,82854,0.056885,-0.027344,1.062744,2.206107,2.80916,-0.549618,1.064617,3.613913,8622,14177,5555,8622,0,104.0,6,normal
1780594873.3078034,82.71843989999616,82885,0.048096,0.006836,1.061523,0.480916,3.465649,-1.183206,1.062634,3.693505,8626,14183,5557,8626,0,104.0,0,normal
1780594873.3397272,82.75036360000377,82916,0.043701,-0.058594,1.051025,2.007634,2.557252,-0.366412,1.053564,3.271756,8628,14188,5560,8628,1,104.0,14,normal
1780594873.370419,82.78105550000328,82947,0.041992,-0.013428,1.05957,1.648855,2.709924,-0.259542,1.060487,3.18273,8633,14195,5562,8633,0,104.0,1,normal
1780594873.4012344,82.8118708999973,82979,0.056396,-0.026611,1.067383,0.938931,2.908397,-0.862595,1.069203,3.1756,8635,14199,5564,8635,0,104.0,0,normal
1780594873.4326837,82.84332020000147,83010,0.050293,-0.015625,1.046631,2.763359,3.175573,-0.076336,1.047955,4.210254,8637,14204,5567,8637,1,104.0,14,normal
1780594873.4634085,82.8740448000026,83041,0.046875,0.003418,1.052002,0.610687,2.679389,-0.854962,1.053051,2.878024,8642,14211,5569,8642,0,104.0,0,normal
1780594873.4979885,82.90862489999563,83072,0.03833,-0.062988,1.052246,1.412214,2.48855,-1.282443,1.054826,3.135584,8644,14215,5571,8644,0,103.943,0,normal
1780594873.5262632,82.93689969999832,83103,0.047607,-0.017578,1.057373,3.022901,3.206107,-0.633588,1.05859,4.451796,8648,14221,5573,8648,0,103.943,6,normal
1780594873.5574858,82.96812219999265,83135,0.044922,0.003906,1.069092,0.641221,3.198473,-1.572519,1.070042,3.621355,8650,14225,5575,8650,0,103.943,0,normal
1780594873.589504,83.00014039999223,83166,0.05957,-0.04248,1.046631,2.389313,2.839695,-0.687023,1.049185,3.774213,8652,14230,5578,8652,1,103.943,14,normal
1780594873.6212277,83.0318641999911,83198,0.04126,0.015869,1.053955,1.335878,2.122137,-0.656489,1.054882,2.592106,8657,14237,5580,8657,0,103.943,1,normal
1780594873.6534562,83.0640926999913,83230,0.031494,-0.041992,1.057129,0.51145,2.580153,-1.183206,1.058431,2.884224,8659,14241,5582,8659,0,103.943,0,normal
1780594873.684742,83.09537850000197,83261,0.045654,-0.01709,1.051025,3.229008,3.137405,-0.267176,1.052155,4.51012,8662,14246,5584,8662,1,103.943,14,normal
1780594873.714999,83.1256352999917,83292,0.051758,-0.004639,1.044189,0.740458,3.183206,-0.908397,1.045482,3.392088,8667,14253,5586,8667,0,103.943,1,normal
1780594873.7457676,83.15640399999393,83322,0.046875,-0.050537,1.061279,1.022901,2.374046,-0.992366,1.063515,2.768973,8669,14257,5588,8669,0,100.0,1,normal
1780594873.7776546,83.18829109999933,83353,0.04248,-0.019531,1.054443,3.053435,3.709924,-0.282443,1.055479,4.813188,8673,14263,5590,8673,0,100.0,6,normal
1780594873.807393,83.21802949999983,83385,0.045654,0.000244,1.057129,0.320611,3.564885,-1.282443,1.058114,3.802086,8677,14269,5592,8677,0,100.0,1,normal
1780594873.8398707,83.25050719999126,83416,0.043457,-0.044189,1.041992,2.450382,2.335878,-0.496183,1.043834,3.421534,8679,14274,5595,8679,1,100.0,13,normal
1780594873.8702996,83.28093599999556,83447,0.044434,-0.022705,1.060791,1.80916,3.160305,-0.496183,1.061964,3.675158,8684,14281,5597,8684,0,100.0,0,normal
1780594873.9017408,83.31237729999702,83479,0.045654,-0.009033,1.069336,0.900763,2.931298,-1.167939,1.070348,3.281458,8686,14285,5599,8686,0,100.0,1,normal
1780594873.932953,83.34358929999871,83510,0.067139,-0.063477,1.050293,2.549618,2.969466,-0.167939,1.054349,3.917459,8688,14290,5602,8688,1,100.0,13,normal
1780594873.9650276,83.37566409999272,83541,0.046631,-0.00293,1.040283,1.061069,2.587786,-0.625954,1.041332,2.866064,8693,14297,5604,8693,0,100.0,0,normal
1780594873.9949694,83.4056058999995,83571,0.027588,-0.04126,1.060059,0.908397,2.946565,-0.954198,1.06122,3.227681,8695,14301,5606,8695,0,100.0,0,normal
1780594874.026589,83.43722539998998,83602,0.054199,-0.049316,1.053955,2.908397,3.183206,-0.442748,1.056499,4.334466,8698,14306,5608,8698,1,103.571,13,normal
1780594874.0554962,83.4661325999914,83633,0.049561,-0.005615,1.043701,0.465649,2.946565,-0.587786,1.044892,3.040488,8701,14311,5610,8701,0,103.571,0,normal
1780594874.0882015,83.49883799999952,83664,0.032227,-0.045654,1.064941,1.625954,2.80916,-0.969466,1.066407,3.387473,8703,14315,5612,8703,0,103.571,0,normal
1780594874.1183467,83.52898309999728,83695,0.052002,-0.016846,1.057373,2.977099,3.335878,-0.221374,1.058785,4.476629,8707,14321,5614,8707,0,103.571,6,normal
1780594874.1489089,83.55954519999796,83726,0.053955,-0.008301,1.055664,0.366412,2.992366,-1.061069,1.057075,3.195995,8711,14327,5616,8711,0,103.571,0,normal
1780594874.1809337,83.59157009999035,83757,0.055176,-0.043701,1.048828,2.343511,2.832061,-0.59542,1.051187,3.723861,8713,14332,5619,8713,1,103.571,14,normal
1780594874.2105315,83.62116779999633,83788,0.044678,-0.021729,1.063721,1.89313,3.122137,-0.450382,1.06488,3.67893,8715,14335,5620,8715,0,103.571,6,normal
1780594874.2427697,83.65340619999915,83819,0.0354,-0.005615,1.070068,0.465649,3.748092,-1.038168,1.070668,3.91699,8719,14341,5622,8719,0,103.571,0,normal
1780594874.2739148,83.68455119999999,83850,0.037354,-0.062012,1.049561,2.389313,2.78626,-0.442748,1.052054,3.697038,8721,14346,5625,8721,1,103.571,14,normal
1780594874.304579,83.7152153999923,83881,0.031738,0.008057,1.046875,1.412214,2.312977,-0.641221,1.047387,2.784848,8726,14353,5627,8726,0,100.358,1,normal
1780594874.3356028,83.74623920000158,83912,0.033936,-0.034668,1.052978,0.862595,2.89313,-0.80916,1.054095,3.125542,8728,14357,5629,8728,0,100.358,0,normal
1780594874.3662658,83.77690230000007,83943,0.052002,-0.049072,1.053467,2.908397,2.755725,-0.305344,1.05589,4.018212,8731,14362,5631,8731,1,100.358,14,normal
1780594874.3968568,83.80749310000101,83974,0.053711,-0.004639,1.037842,0.236641,2.977099,-0.923664,1.039241,3.126064,8736,14369,5633,8736,0,100.358,0,normal
1780594874.435544,83.84618049999699,84011,0.03418,-0.050781,1.058838,1.389313,2.251908,-1.10687,1.060606,2.868178,8737,14372,5635,8737,1,100.358,20,normal
1780594874.46463,83.87526629999047,84042,0.056152,0.005127,1.04541,0.877863,2.496183,-0.984733,1.04693,2.823344,8742,14379,5637,8742,0,100.358,1,normal
1780594874.496858,83.90749440000218,84073,0.043213,-0.049561,1.051758,1.419847,2.641221,-0.992366,1.053811,3.158608,8744,14383,5639,8744,0,100.358,0,normal
1780594874.5284204,83.9390568999952,84105,0.042725,-0.036621,1.066162,2.427481,3.290076,-0.435114,1.067646,4.111762,8748,14389,5641,8748,0,100.358,5,normal
1780594874.55869,83.96932639999432,84136,0.04834,0.004395,1.056152,0.603053,3.381679,-1.290076,1.057267,3.669295,8752,14395,5643,8752,0,101.961,1,normal
1780594874.5911229,84.0017591999931,84167,0.046631,-0.027832,1.051758,2.412214,2.572519,-0.312977,1.053159,3.540422,8754,14400,5646,8754,1,101.961,14,normal
1780594874.6221702,84.03280669999367,84199,0.034912,0.008789,1.054688,1.732824,2.519084,-0.427481,1.055302,3.087265,8760,14407,5647,8760,0,101.961,0,normal
1780594874.6523259,84.06296219999786,84230,0.042969,-0.031494,1.063721,0.763359,3.29771,-1.053435,1.065054,3.545044,8762,14411,5649,8762,0,101.961,1,normal
1780594874.6831114,84.09374789999856,84261,0.067871,-0.052979,1.054688,2.984733,3.40458,-0.236641,1.058196,4.53385,8764,14416,5652,8764,1,101.961,14,normal
1780594874.713793,84.1244294999924,84291,0.02832,-0.004883,1.050049,1.091603,2.564885,-0.419847,1.050442,2.818955,8767,14421,5654,8767,0,101.961,1,normal
1780594874.7451785,84.15581480000401,84322,0.027344,-0.03125,1.057373,0.877863,2.251908,-1.351145,1.058188,2.768994,8769,14425,5656,8769,0,101.961,1,normal
1780594874.7765105,84.18714690000343,84353,0.048096,-0.019043,1.051514,3.137405,3.641221,0.030534,1.052785,4.80653,8772,14430,5658,8772,1,101.961,14,normal
1780594874.8081348,84.21877120000136,84385,0.051025,0.001709,1.043701,0.335878,2.496183,-1.229008,1.044949,2.802535,8777,14437,5660,8777,0,101.961,1,normal
1780594874.8400273,84.25066379999043,84416,0.051758,-0.044189,1.052246,1.89313,2.51145,-0.633588,1.054445,3.208233,8779,14441,5662,8779,0,96.429,1,normal
1780594874.8701456,84.2807821000024,84447,0.052979,-0.031738,1.066162,2.122137,3.229008,-0.480916,1.067949,3.893744,8784,14447,5663,8784,0,96.429,6,normal
1780594874.9011962,84.31183269999747,84478,0.047119,0.002441,1.059814,0.572519,3.541985,-0.877863,1.060864,3.693789,8788,14453,5665,8788,0,96.429,1,normal
1780594874.9325976,84.34323399999994,84509,0.0354,-0.054688,1.049316,2.305344,2.564885,-0.519084,1.051337,3.487506,8789,14456,5667,8789,1,96.429,17,normal
1780594874.9635644,84.37420089999796,84541,0.025879,0.006348,1.049072,1.282443,2.641221,-0.519084,1.049411,2.981637,8794,14463,5669,8794,0,96.429,0,normal
1780594874.995194,84.40583049999259,84572,0.026367,-0.036133,1.060791,0.770992,2.587786,-1.374046,1.061734,3.029698,8796,14467,5671,8796,0,96.429,1,normal
1780594875.027385,84.43802149999829,84603,0.042725,-0.012939,1.054443,3.320611,2.664122,0.114504,1.055388,4.258769,8799,14472,5673,8799,1,96.429,14,normal
1780594875.0577009,84.46833719999995,84635,0.048096,0.00293,1.049805,0.19084,3.732824,-0.916031,1.05091,3.848313,8804,14479,5675,8804,0,96.429,0,normal
1780594875.0890677,84.49970420000318,84666,0.051025,-0.043945,1.05542,2.465649,2.282443,-0.900763,1.057566,3.478555,8806,14483,5677,8806,0,108.0,1,normal
1780594875.1202364,84.53087279999454,84697,0.043945,-0.038818,1.061035,2.083969,2.778626,-0.259542,1.062654,3.482966,8811,14489,5678,8811,0,108.0,6,normal
1780594875.150899,84.56153540000378,84728,0.046631,-0.003418,1.069824,0.580153,3.70229,-0.992366,1.070845,3.876638,8815,14495,5680,8815,0,108.0,1,normal
1780594875.1815193,84.59215569999651,84758,0.055908,-0.041016,1.044189,2.244275,3.198473,-0.427481,1.046489,3.930616,8817,14500,5683,8817,1,108.0,13,normal
1780594875.212206,84.62284229999932,84789,0.036865,-0.021973,1.064453,1.679389,2.633588,-0.503817,1.065318,3.163853,8820,14505,5685,8820,0,108.0,0,normal
1780594875.2423706,84.6530070000008,84820,0.038086,-0.00708,1.065674,0.625954,3.847328,-1.251908,1.066378,4.094024,8822,14509,5687,8822,0,108.0,1,normal
1780594875.273917,84.68455330000143,84851,0.049561,-0.065674,1.051025,2.099237,2.80916,-0.259542,1.054241,3.516467,8824,14514,5690,8824,1,108.0,14,normal
1780594875.305529,84.71616559999529,84882,0.030273,-0.005615,1.035644,1.19084,2.916031,-0.320611,1.036102,3.16609,8829,14521,5692,8829,0,108.0,0,normal
1780594875.3365405,84.74717699999746,84913,0.030273,-0.031006,1.059326,0.938931,2.755725,-1.167939,1.060212,3.136829,8831,14525,5694,8831,0,108.0,1,normal
1780594875.3676147,84.77825109999685,84944,0.043701,-0.01709,1.046631,2.725191,3.549618,-0.259542,1.047682,4.482612,8834,14530,5696,8834,1,100.719,14,normal
1780594875.3978043,84.80844079999952,84975,0.050537,-0.00708,1.04834,0.29771,2.503817,-1.068702,1.049581,2.738586,8839,14537,5698,8839,0,100.719,1,normal
1780594875.429727,84.84036339999875,85006,0.038086,-0.044434,1.053223,1.40458,2.519084,-1.076336,1.054847,3.078494,8840,14539,5699,8840,0,100.719,5,normal
1780594875.460084,84.87072029999399,85037,0.046143,-0.018555,1.058838,2.29771,2.961832,-0.450382,1.060005,3.775548,8844,14545,5701,8844,0,100.719,6,normal
1780594875.4915051,84.90214150000247,85068,0.04834,-0.010986,1.047852,0.374046,3.519084,-0.984733,1.049024,3.673358,8848,14551,5703,8848,0,100.719,1,normal
1780594875.5231302,84.9337666999927,85099,0.060791,-0.046387,1.050049,2.282443,2.519084,-0.412214,1.052829,3.424215,8850,14556,5706,8850,1,100.719,14,normal
1780594875.5540996,84.96473599999445,85130,0.035889,-0.026611,1.060059,2.030534,2.549618,-0.70229,1.061,3.334192,8855,14563,5708,8855,0,100.719,1,normal
1780594875.5857866,84.99642309999035,85162,0.047852,-0.015625,1.066406,1.114504,2.366412,-1.122137,1.067594,2.846264,8857,14567,5710,8857,0,100.719,1,normal
1780594875.6165624,85.02719890000299,85193,0.054199,-0.071045,1.052246,2.717557,3.160305,-0.083969,1.056034,4.168896,8859,14572,5713,8859,1,100.719,14,normal
1780594875.647078,85.05771439999808,85224,0.049072,0.001465,1.04834,1.076336,2.465649,-0.717557,1.049489,2.784387,8864,14579,5715,8864,0,107.143,1,normal
1780594875.678291,85.08892759999435,85255,0.028809,-0.055908,1.057129,1.603053,2.427481,-1.229008,1.058998,3.15799,8866,14583,5717,8866,0,107.143,1,normal
1780594875.7107663,85.12140269999509,85286,0.044922,-0.010254,1.061279,2.992366,3.129771,-0.312977,1.062279,4.341391,8869,14587,5718,8869,0,107.143,6,normal
1780594875.741462,85.15209839999443,85318,0.050293,-0.001953,1.049561,0.396947,3.465649,-0.854962,1.050767,3.591552,8873,14593,5720,8873,0,107.143,1,normal
1780594875.773262,85.18389839999145,85349,0.053711,-0.039062,1.040283,1.91603,2.679389,-0.564886,1.042401,3.342065,8875,14598,5723,8875,1,107.143,14,normal
1780594875.804058,85.21469439999782,85381,0.050537,0.006836,1.053955,1.664122,2.557252,-0.870229,1.055188,3.172718,8880,14605,5725,8880,0,107.143,0,normal
1780594875.8361745,85.24681090000377,85412,0.049561,-0.023193,1.068359,0.465649,3.328244,-1.10687,1.06976,3.538248,8882,14609,5727,8882,0,107.143,1,normal
1780594875.8733506,85.28398710000329,85443,0.053223,-0.03418,1.049805,3.167939,2.862595,-0.351145,1.051708,4.284109,8884,14614,5730,8884,1,107.143,14,normal
1780594875.896882,85.30751849999069,85475,0.045654,-0.008789,1.043945,0.320611,2.832061,-0.984733,1.04498,3.01547,8889,14621,5732,8889,0,99.602,1,normal
1780594875.9280298,85.33866619999753,85504,0.038574,-0.047852,1.056396,1.076336,2.763359,-1.10687,1.058183,3.165409,8890,14623,5733,8890,0,99.602,5,normal
1780594875.9585865,85.36922290000075,85535,0.046387,-0.014404,1.067383,3.229008,2.992366,0.419847,1.068487,4.422332,8893,14628,5735,8893,1,99.602,14,normal
1780594875.990666,85.40130230000068,85567,0.043213,-0.012207,1.035889,0.19084,2.900763,-1.038168,1.036861,3.08685,8898,14635,5737,8898,0,99.602,1,normal
1780594876.0216143,85.43225080000411,85598,0.04541,-0.042725,1.050293,2.358779,2.534351,-0.664122,1.052142,3.525313,8900,14639,5739,8900,0,99.602,0,normal
1780594876.053159,85.4637953999918,85629,0.039551,-0.03418,1.060791,2.068702,2.717557,-0.503817,1.062078,3.452315,8903,14643,5740,8903,0,99.602,5,normal
1780594876.0850909,85.49572739998985,85661,0.046875,-0.012695,1.068604,0.801527,3.503817,-1.030534,1.069706,3.739142,8907,14649,5742,8907,0,99.602,1,normal
1780594876.1163614,85.52699790000042,85692,0.055176,-0.072021,1.051514,1.969466,2.648855,-0.396947,1.05542,3.324574,8909,14654,5745,8909,1,99.602,14,normal
1780594876.1458292,85.55646569999226,85723,0.042969,-0.008789,1.056152,1.48855,2.419847,-0.687023,1.057063,2.922916,8914,14661,5747,8914,0,99.602,1,normal
1780594876.1790757,85.58971210000163,85754,0.034912,-0.056396,1.053711,1.312977,2.526718,-1.541985,1.055796,3.238198,8916,14665,5749,8916,0,96.774,0,normal
1780594876.2086499,85.6192863000033,85785,0.050781,-0.02124,1.050537,2.824427,3.534351,-0.053435,1.051978,4.524586,8919,14670,5751,8919,1,96.774,14,normal
1780594876.2397242,85.65036050000344,85817,0.050781,-0.00415,1.046875,0.091603,3.0,-1.40458,1.048114,3.313795,8924,14677,5753,8924,0,96.774,1,normal
1780594876.271806,85.6824423999933,85847,0.046143,-0.044434,1.045898,1.496183,2.610687,-1.221374,1.047858,3.247461,8926,14681,5755,8926,0,96.774,0,normal
1780594876.3013508,85.71198720000393,85878,0.048584,-0.034668,1.06543,2.076336,2.78626,-0.503817,1.0671,3.51116,8929,14687,5758,8929,0,96.774,5,normal
1780594876.3317316,85.74236789999122,85908,0.037354,-0.009033,1.041992,-0.129771,3.801527,-0.801527,1.042701,3.887273,8933,14693,5760,8933,0,96.774,1,normal
1780594876.363858,85.77449440000055,85939,0.064941,-0.037598,1.05957,2.274809,3.374046,-0.687023,1.062224,4.126856,8935,14698,5763,8935,1,96.774,14,normal
1780594876.394471,85.8051073999959,85971,0.032715,-0.005371,1.062256,2.0,2.305344,-0.343511,1.062773,3.071256,8940,14705,5765,8940,0,96.774,1,normal
1780594876.424128,85.83476450000308,86001,0.048096,-0.00415,1.064697,0.48855,3.671756,-0.816794,1.065791,3.793102,8942,14709,5767,8942,0,96.774,0,normal
1780594876.4553192,85.86595559999114,86032,0.033447,-0.054688,1.037354,2.343511,2.40458,-0.015267,1.039332,3.35772,8944,14714,5770,8944,1,100.719,14,normal
1780594876.4861228,85.89675919999718,86062,0.046387,-0.020508,1.0625,1.923664,2.740458,-0.40458,1.06371,3.372578,8950,14721,5771,8950,0,100.719,1,normal
1780594876.5166245,85.9272609000036,86093,0.049316,-0.009277,1.065918,0.916031,3.267176,-1.19084,1.067098,3.59606,8952,14725,5773,8952,0,100.719,0,normal
1780594876.54805,85.95868640000117,86123,0.037354,-0.057617,1.052978,2.480916,2.610687,-0.10687,1.055215,3.603062,8953,14728,5775,8953,1,100.719,17,normal
1780594876.578468,85.98910449999676,86154,0.048584,0.01001,1.063721,1.08397,2.763359,-0.610687,1.064877,3.030525,8958,14735,5777,8958,0,100.719,1,normal
1780594876.6089113,86.01954759999353,86185,0.046143,-0.029785,1.071045,0.824427,2.770992,-1.236641,1.072452,3.144417,8960,14739,5779,8960,0,100.719,0,normal
1780594876.6395178,86.05015419999836,86216,0.05835,-0.026855,1.05542,3.129771,2.870229,-0.343511,1.057373,4.260479,8963,14744,5781,8963,1,100.719,14,normal
1780594876.6714485,86.0820848000003,86247,0.050781,0.014648,1.04541,0.48855,2.618321,-1.091603,1.046745,2.878521,8968,14751,5783,8968,0,100.719,0,normal
1780594876.7029817,86.1136181000038,86279,0.033936,-0.029541,1.049072,1.793893,2.748092,-0.969466,1.050037,3.421977,8970,14755,5785,8970,0,100.719,0,normal
1780594876.7437036,86.15434009999444,86310,0.037109,-0.032715,1.068359,2.328244,3.259542,-0.244275,1.069504,4.013104,8974,14761,5787,8974,0,107.914,5,normal
1780594876.765648,86.17628420000256,86341,0.039551,0.011963,1.055664,0.427481,3.709924,-0.664122,1.056472,3.793064,8978,14767,5789,8978,0,107.914,0,normal
1780594876.7978983,86.20853469999565,86373,0.039795,-0.0625,1.032471,1.938931,2.862595,-0.435114,1.035126,3.484714,8980,14772,5792,8980,1,107.914,14,normal
1780594876.8289196,86.23955610000121,86404,0.031006,0.014648,1.057129,1.374046,2.419847,-0.854962,1.057685,2.91112,8985,14779,5794,8985,0,107.914,0,normal
1780594876.8607776,86.27141400000255,86436,0.02832,-0.043945,1.047607,1.068702,2.916031,-1.10687,1.048911,3.297047,8987,14783,5796,8987,0,107.914,0,normal
1780594876.8907695,86.30140599999868,86467,0.041748,-0.007324,1.052978,2.740458,3.427481,-0.152672,1.053831,4.391018,8990,14788,5798,8990,1,107.914,14,normal
1780594876.922133,86.33276930000284,86498,0.047119,0.004639,1.044678,0.129771,3.427481,-0.832061,1.04575,3.529418,8995,14795,5800,8995,0,107.914,0,normal
1780594876.952948,86.36358439999458,86529,0.031006,-0.028809,1.056641,1.992366,2.48855,-1.198473,1.057488,3.405692,8997,14799,5802,8997,0,107.914,0,normal
1780594876.9830267,86.39366309999605,86560,0.041992,-0.027832,1.0625,2.160305,3.335878,-0.374046,1.063694,3.991856,9001,14805,5804,9001,0,108.0,5,normal
1780594877.0164454,86.42708179999318,86591,0.049561,0.022217,1.075928,0.40458,3.916031,-0.824427,1.077298,4.02227,9005,14811,5806,9005,0,108.0,0,normal
1780594877.045664,86.45630039999378,86622,0.038086,-0.039062,1.043213,2.267176,2.51145,-0.48855,1.044638,3.418501,9006,14814,5808,9006,1,108.0,17,normal
1780594877.07735,86.4879862999951,86654,0.049316,0.011475,1.053711,1.175572,2.312977,-0.839695,1.054927,2.727072,9011,14821,5810,9011,0,108.0,1,normal
1780594877.108021,86.51865749999706,86685,0.045898,-0.021484,1.0625,0.656489,2.862595,-1.022901,1.063708,3.109944,9013,14825,5812,9013,0,108.0,0,normal
1780594877.1384573,86.54909380000026,86715,0.062012,-0.070801,1.04541,2.244275,2.748092,-0.267176,1.049638,3.558112,9015,14830,5815,9015,1,108.0,14,normal
1780594877.1691713,86.57980779999343,86746,0.039062,-0.008545,1.042236,1.496183,2.580153,-0.885496,1.043003,3.111246,9020,14837,5817,9020,0,108.0,0,normal
1780594877.2012494,86.61188589999801,86777,0.029541,-0.044678,1.047852,1.08397,2.549618,-1.175572,1.04922,3.00957,9022,14841,5819,9022,0,108.0,0,normal
1780594877.2324793,86.64311569998972,86808,0.038574,-0.016846,1.049316,3.114504,3.045802,-0.274809,1.05016,4.364924,9025,14846,5821,9025,1,108.0,14,normal
1780594877.2628527,86.67348909999419,86839,0.042969,-0.003662,1.044922,0.396947,2.870229,-0.89313,1.045811,3.032072,9030,14853,5823,9030,0,103.943,0,normal
1780594877.2942846,86.70492109999759,86870,0.033691,-0.029541,1.05957,1.793893,2.916031,-1.122137,1.060517,3.602843,9032,14857,5825,9032,0,103.943,0,normal
1780594877.3252375,86.73587399999087,86901,0.045166,-0.038818,1.062012,2.40458,3.175573,-0.068702,1.06368,3.983841,9036,14863,5827,9036,0,103.943,5,normal
1780594877.3552256,86.76586210000096,86932,0.051758,-0.004883,1.058106,0.572519,3.534351,-0.755725,1.059382,3.659308,9040,14869,5829,9040,0,103.943,0,normal
1780594877.386212,86.79684850000194,86963,0.047852,-0.049072,1.044434,2.503817,2.40458,-0.152672,1.04668,3.474826,9042,14874,5832,9042,1,103.943,14,normal
1780594877.4172778,86.82791429999634,86994,0.036865,0.002197,1.057373,2.137405,2.580153,-0.229008,1.058018,3.358293,9047,14881,5834,9047,0,103.943,1,normal
1780594877.449682,86.86031849999563,87025,0.04834,-0.010498,1.067627,0.954198,3.229008,-1.160305,1.068772,3.561361,9049,14885,5836,9049,0,103.943,0,normal
1780594877.4800222,86.89065849999315,87056,0.037842,-0.056641,1.054199,2.282443,2.824427,-0.396947,1.056398,3.653013,9051,14890,5839,9051,1,103.943,14,normal
1780594877.5112488,86.92188519999036,87087,0.05835,-0.007324,1.049316,1.389313,2.458015,-0.725191,1.050963,2.915121,9056,14897,5841,9056,0,103.943,0,normal
1780594877.5435627,86.95419910000055,87118,0.041504,-0.046631,1.062256,1.122137,2.549618,-1.282443,1.064089,3.06666,9057,14899,5842,9057,0,96.774,6,normal
1780594877.5735633,86.98419970000396,87149,0.05542,-0.018799,1.051514,3.038168,3.351145,-0.038168,1.053141,4.523505,9060,14904,5844,9060,1,96.774,14,normal
1780594877.6042507,87.01488719999907,87180,0.051758,-0.005127,1.053223,0.061069,3.320611,-1.198473,1.054506,3.530796,9065,14911,5846,9065,0,96.774,0,normal
1780594877.6351488,87.04578529999708,87211,0.036865,-0.039062,1.051025,1.618321,3.122137,-0.587786,1.052397,3.565416,9067,14915,5848,9067,0,96.774,0,normal
1780594877.6662045,87.07684080000035,87242,0.05957,-0.036377,1.070557,2.137405,3.59542,-0.473282,1.07283,4.209458,9071,14921,5850,9071,0,96.774,6,normal
1780594877.6972795,87.1079158999928,87273,0.053955,0.007813,1.056641,0.458015,3.549618,-0.992366,1.058046,3.714076,9075,14927,5852,9075,0,96.774,0,normal
1780594877.7293987,87.14003519999096,87304,0.062012,-0.03833,1.049316,2.290076,2.534351,-0.229008,1.051846,3.423424,9077,14932,5855,9077,1,96.774,14,normal
1780594877.7585053,87.16914169999654,87335,0.03418,0.009277,1.052002,1.549618,2.519084,-0.687023,1.052598,3.036297,9081,14937,5856,9081,0,96.774,6,normal
1780594877.7906113,87.20124769999529,87366,0.053955,-0.015137,1.072754,0.763359,3.022901,-1.038168,1.074216,3.286098,9083,14941,5858,9083,0,96.774,0,normal
1780594877.8208792,87.23151569999754,87397,0.049561,-0.075684,1.050537,2.51145,2.870229,-0.48855,1.054425,3.845033,9085,14946,5861,9085,1,100.358,14,normal
1780594877.8512764,87.2619127999933,87428,0.049316,0.006348,1.053711,0.839695,2.816794,-0.80916,1.054884,3.048632,9090,14953,5863,9090,0,100.358,0,normal
1780594877.8838954,87.29453189999913,87459,0.037842,-0.062988,1.058106,1.221374,2.396947,-1.152672,1.060654,2.926732,9091,14955,5864,9091,0,100.358,6,normal
1780594877.9150078,87.32564429999911,87490,0.046143,-0.014404,1.051758,3.183206,3.320611,-0.152672,1.052868,4.602452,9094,14960,5866,9094,1,100.358,13,normal
1780594877.9532666,87.36390309999115,87521,0.055664,0.001709,1.043945,0.396947,3.343511,-1.519084,1.04543,3.693813,9099,14967,5868,9099,0,100.358,0,normal
1780594877.9757373,87.38637369999196,87552,0.044434,-0.032471,1.054443,1.755725,2.870229,-0.748092,1.055878,3.4468,9101,14971,5870,9101,0,100.358,0,normal
1780594878.0081844,87.41882089999854,87583,0.044189,-0.031006,1.056885,2.389313,3.152672,-0.40458,1.058262,3.976411,9106,14977,5871,9106,0,100.358,6,normal
1780594878.039099,87.44973549999122,87615,0.039551,-0.019043,1.065918,0.312977,3.969466,-0.78626,1.066821,4.058672,9110,14983,5873,9110,0,100.358,0,normal
1780594878.0707607,87.48139719999745,87646,0.025146,-0.064697,1.04248,2.076336,2.633588,0.038168,1.044789,3.353865,9112,14988,5876,9112,1,100.358,13,normal
1780594878.1020703,87.5127066999994,87677,0.040527,-0.010742,1.060303,1.045802,2.335878,-0.770992,1.061131,2.672912,9117,14995,5878,9117,0,114.286,1,normal
1780594878.1339586,87.54459499999939,87709,0.03833,-0.058838,1.058594,1.259542,2.236641,-1.21374,1.06092,2.839397,9119,14999,5880,9119,0,114.286,0,normal
1780594878.1647656,87.57540200000221,87740,0.046143,-0.014893,1.059814,3.259542,3.450382,-0.29771,1.060923,4.755878,9123,15005,5882,9123,0,114.286,6,normal
1780594878.1962993,87.60693569999421,87772,0.050537,0.001221,1.047607,0.312977,3.259542,-1.061069,1.048826,3.442156,9127,15011,5884,9127,0,114.286,0,normal
1780594878.227522,87.63815839999006,87803,0.041748,-0.047852,1.054688,2.442748,3.083969,-0.381679,1.056598,3.952666,9129,15016,5887,9129,1,114.286,14,normal
1780594878.2587402,87.66937649999454,87834,0.04248,-0.019775,1.05127,2.030534,2.572519,-0.122137,1.052313,3.27961,9134,15023,5889,9134,0,114.286,0,normal
1780594878.2909143,87.70155080000404,87866,0.055176,-0.018311,1.064697,0.824427,3.656489,-1.21374,1.066283,3.939893,9136,15027,5891,9136,0,114.286,0,normal
1780594878.3205929,87.7312294000003,87897,0.050537,-0.066895,1.049805,2.519084,2.343511,-0.259542,1.053147,3.45039,9138,15032,5894,9138,1,114.286,14,normal
1780594878.3507993,87.76143579999916,87927,0.045166,-0.008789,1.046875,1.053435,2.580153,-0.625954,1.047886,2.85635,9143,15039,5896,9143,0,104.0,1,normal
1780594878.3822217,87.79285810000147,87958,0.031494,-0.043457,1.062256,1.076336,2.648855,-1.290076,1.063611,3.136754,9144,15041,5897,9144,0,104.0,6,normal
1780594878.4129615,87.82359800000268,87989,0.056641,-0.02002,1.053711,3.251908,3.709924,-0.061069,1.055422,4.933779,9147,15046,5899,9147,1,104.0,13,normal
1780594878.4435396,87.85417609999422,88020,0.046143,0.005371,1.043457,0.51145,2.580153,-1.053435,1.044491,2.83346,9152,15053,5901,9152,0,104.0,0,normal
1780594878.4751177,87.8857541000034,88050,0.031006,-0.049316,1.048096,1.244275,2.374046,-1.450382,1.049713,3.047609,9154,15057,5903,9154,0,104.0,0,normal
1780594878.5051544,87.9157908999914,88081,0.046143,-0.01001,1.060059,3.320611,3.198473,-0.038168,1.06111,4.610656,9157,15062,5905,9157,0,104.0,13,normal
1780594878.5360456,87.94668189999356,88112,0.034912,0.001953,1.048584,0.290076,3.122137,-1.068702,1.049167,3.312704,9162,15069,5907,9162,0,104.0,0,normal
1780594878.5659237,87.97655999999552,88142,0.038574,-0.045898,1.055176,1.664122,2.503817,-1.198473,1.056878,3.23647,9164,15073,5909,9164,0,104.0,1,normal
1780594878.5971692,88.00780569999188,88173,0.046387,-0.035889,1.059326,2.259542,3.236641,0.129771,1.060948,3.949458,9168,15079,5911,9168,0,104.0,6,normal
1780594878.6287618,88.03939809999429,88204,0.042725,0.01123,1.062012,0.725191,3.503817,-1.167939,1.06293,3.76387,9172,15085,5913,9172,0,104.693,1,normal
1780594878.659993,88.07062929999665,88236,0.033691,-0.057373,1.03833,2.236641,2.900763,-0.374046,1.04046,3.68197,9174,15090,5916,9174,1,104.693,14,normal
1780594878.691107,88.10174339999503,88267,0.025391,0.015869,1.048096,1.725191,2.40458,-0.610687,1.048523,3.021792,9179,15097,5918,9179,0,104.693,0,normal
1780594878.7213843,88.1320207999961,88298,0.051514,-0.009033,1.076904,0.839695,2.954198,-1.061069,1.078174,3.249345,9181,15101,5920,9181,0,104.693,0,normal
1780594878.7531686,88.16380490000302,88329,0.066895,-0.032715,1.054688,3.206107,2.564885,-0.137405,1.057313,4.108118,9183,15106,5923,9183,1,104.693,14,normal
1780594878.7914386,88.20207509999454,88361,0.046387,-0.004883,1.044678,0.351145,2.854962,-1.030534,1.045718,3.055505,9188,15113,5925,9188,0,104.693,1,normal
1780594878.8161914,88.22682789999817,88392,0.037842,-0.046875,1.051025,1.557252,2.564885,-1.320611,1.05275,3.278366,9190,15117,5927,9190,0,104.693,0,normal
1780594878.8473911,88.25802749999275,88423,0.046143,-0.036621,1.060303,2.206107,3.435115,-0.312977,1.061938,4.094493,9193,15123,5930,9193,0,104.693,5,normal
1780594878.879783,88.29041929999948,88455,0.050049,-0.011719,1.060791,0.580153,4.045802,-1.030534,1.062036,4.215102,9197,15129,5932,9197,0,99.602,0,normal
1780594878.9111483,88.32178479999129,88487,0.048096,-0.070557,1.059326,1.992366,2.625954,-0.366412,1.062762,3.316537,9199,15134,5935,9199,1,99.602,14,normal
1780594878.9420753,88.35271160000411,88518,0.041016,-0.011475,1.044434,1.030534,2.480916,-0.633588,1.045302,2.760141,9204,15141,5937,9204,0,99.602,0,normal
1780594878.9744217,88.38505820000137,88549,0.031494,-0.055176,1.051514,1.068702,2.328244,-1.48855,1.053431,2.962874,9206,15145,5939,9206,0,99.602,0,normal
1780594879.0039167,88.41455309999583,88580,0.041748,-0.014893,1.059326,3.076336,3.343511,-0.198473,1.060253,4.54778,9209,15150,5941,9209,1,99.602,14,normal
1780594879.034124,88.44476040000154,88610,0.048096,-0.001221,1.044189,0.175573,2.755725,-1.267176,1.045297,3.038187,9214,15157,5943,9214,0,99.602,0,normal
1780594879.0650306,88.47566689999076,88641,0.028809,-0.052979,1.050781,1.610687,2.358779,-0.954198,1.05251,3.011419,9216,15161,5945,9216,0,99.602,0,normal
1780594879.0963666,88.50700309999229,88672,0.050049,-0.008789,1.062012,2.763359,2.977099,-0.381679,1.063227,4.079822,9220,15167,5947,9220,0,99.602,6,normal
1780594879.126627,88.53726349999488,88703,0.047363,0.000488,1.066162,0.122137,3.236641,-1.244275,1.067214,3.469724,9224,15173,5949,9224,0,99.602,0,normal
1780594879.1579125,88.56854900000326,88734,0.057373,-0.04834,1.044678,2.412214,2.70229,-0.778626,1.047368,3.705052,9226,15178,5952,9226,1,103.943,13,normal
1780594879.1902385,88.60087490000296,88765,0.047119,-0.022949,1.065918,1.770992,2.671756,-0.40458,1.067206,3.230848,9231,15185,5954,9231,0,103.943,0,normal
1780594879.221152,88.63178840000182,88797,0.038818,-0.034912,1.067139,0.801527,2.664122,-1.030534,1.068415,2.966815,9232,15187,5955,9232,0,103.943,5,normal
1780594879.2521224,88.66275879999739,88828,0.055176,-0.050293,1.050537,2.824427,2.748092,-0.290076,1.053186,3.951398,9234,15192,5958,9234,1,103.943,14,normal
1780594879.2827778,88.6934140999947,88859,0.041504,-0.003906,1.055664,1.045802,2.839695,-0.687023,1.056487,3.103154,9239,15199,5960,9239,0,103.943,0,normal
1780594879.3142986,88.72493509999185,88890,0.031738,-0.04248,1.057617,1.045802,2.358779,-1.015267,1.058946,2.77278,9241,15203,5962,9241,0,103.943,1,normal
1780594879.3463218,88.75695819999964,88922,0.039062,-0.04248,1.058594,2.541985,3.51145,0.114504,1.060166,4.336482,9245,15209,5964,9245,0,103.943,6,normal
1780594879.377502,88.78813839999202,88954,0.043945,0.010498,1.064209,0.480916,3.938931,-0.977099,1.065168,4.086708,9249,15215,5966,9249,0,103.943,1,normal
1780594879.409532,88.8201684999949,88985,0.035889,-0.056641,1.051025,2.419847,2.328244,-0.152672,1.053162,3.361501,9251,15220,5969,9251,1,99.602,13,normal
1780594879.4401205,88.85075689999212,89016,0.032471,0.002197,1.055176,1.320611,2.40458,-0.603053,1.055678,2.808859,9256,15227,5971,9256,0,99.602,0,normal
1780594879.472952,88.88358840000001,89047,0.042236,-0.013184,1.067627,0.557252,3.045802,-1.137405,1.068543,3.298655,9258,15231,5973,9258,0,99.602,1,normal
1780594879.502495,88.91313149999769,89078,0.057373,-0.043457,1.054932,2.839695,3.328244,-0.10687,1.057384,4.376356,9260,15236,5976,9260,1,99.602,14,normal
1780594879.5331469,88.94378329999745,89109,0.044434,0.010254,1.052734,1.0,2.801527,-1.206107,1.053722,3.209867,9265,15243,5978,9265,0,99.602,1,normal
1780594879.5636678,88.97430429999076,89140,0.03418,-0.059082,1.041748,1.328244,2.59542,-1.251908,1.043982,3.172966,9266,15245,5979,9266,0,99.602,6,normal
1780594879.5939343,89.00457079999615,89170,0.044434,-0.012939,1.056641,3.312977,3.480916,-0.19084,1.057654,4.809263,9269,15250,5981,9269,1,99.602,14,normal
1780594879.6250286,89.03566510000383,89201,0.038818,0.001221,1.038818,0.564886,2.740458,-0.793893,1.039544,2.908517,9274,15257,5983,9274,0,99.602,1,normal
1780594879.656859,89.06749539999873,89232,0.032471,-0.032227,1.059326,1.908397,2.832061,-0.816794,1.060313,3.511368,9276,15261,5985,9276,0,99.602,0,normal
1780594879.6881404,89.09877670000424,89263,0.045898,-0.032715,1.067383,2.389313,3.045802,-0.152672,1.06887,3.874149,9280,15267,5987,9280,0,104.317,5,normal
1780594879.7174587,89.12809519999428,89294,0.066406,-0.008545,1.049805,0.427481,3.557252,-1.221374,1.051938,3.785305,9284,15273,5989,9284,0,104.317,0,normal
1780594879.7483497,89.15898599999491,89324,0.053955,-0.041992,1.057129,2.496183,3.198473,-0.396947,1.059338,4.076608,9286,15278,5992,9286,1,104.317,14,normal
1780594879.7796867,89.1903231000033,89356,0.035156,-0.009766,1.050537,1.854962,2.419847,-0.412214,1.051171,3.076762,9291,15285,5994,9291,0,104.317,1,normal
1780594879.8110228,89.22165929999028,89387,0.040771,-0.013916,1.060059,0.801527,3.435115,-1.015267,1.060934,3.670589,9293,15289,5996,9293,0,104.317,0,normal
1780594879.8430076,89.25364389999595,89418,0.04541,-0.074219,1.050049,2.10687,2.526718,-0.175573,1.053648,3.294546,9295,15294,5999,9295,1,104.317,14,normal
1780594879.8723233,89.2829597999953,89449,0.030518,-0.00293,1.055664,1.389313,2.641221,-0.610687,1.056109,3.046174,9300,15301,6001,9300,0,104.317,1,normal
1780594879.905737,89.31637329999649,89480,0.024658,-0.049805,1.052002,0.862595,2.854962,-1.08397,1.053469,3.173306,9302,15305,6003,9302,0,104.317,0,normal
1780594879.935684,89.34632039999997,89511,0.045166,-0.015625,1.051025,2.885496,3.068702,-0.076336,1.052111,4.212938,9305,15310,6005,9305,1,104.317,14,normal
1780594879.9677482,89.37838470000133,89543,0.056152,-0.006348,1.054932,0.427481,3.641221,-0.70229,1.056444,3.732887,9310,15317,6007,9310,0,107.143,0,normal
1780594879.9981227,89.40875909999886,89574,0.055664,-0.042969,1.052002,2.175573,2.717557,-0.70229,1.05435,3.55126,9312,15321,6009,9312,0,107.143,0,normal
1780594880.036366,89.44700240000384,89611,0.056641,-0.035889,1.067139,1.717557,2.954198,-0.541985,1.069243,3.459919,9319,15329,6010,9319,0,107.143,0,normal
1780594880.0668468,89.4774832999974,89642,0.043701,-0.042725,1.050049,2.198473,3.244275,-0.534351,1.051826,3.955267,9320,15331,6011,9320,1,107.143,4,normal
1780594880.0998492,89.51048569999693,89674,0.042236,-0.013184,1.050537,1.671756,2.900763,-0.251908,1.051468,3.357477,9326,15339,6013,9326,0,107.143,1,normal
1780594880.1303828,89.54101919999812,89706,0.045654,-0.037109,1.073242,0.557252,3.045802,-1.21374,1.074854,3.325748,9328,15343,6015,9328,0,107.143,1,normal
1780594880.1624117,89.57304809999187,89737,0.060303,-0.063477,1.057129,3.137405,2.969466,-0.038168,1.060748,4.32001,9330,15348,6018,9330,1,107.143,14,normal
1780594880.1932938,89.60393019999901,89769,0.044189,0.003418,1.049561,0.251908,2.549618,-1.236641,1.050496,2.844871,9335,15355,6020,9335,0,107.143,0,normal
1780594880.2248316,89.63546799999312,89800,0.034424,-0.033691,1.056152,1.572519,2.748092,-1.183206,1.05725,3.380059,9337,15359,6022,9337,0,105.058,1,normal
1780594880.2561448,89.66678129999491,89832,0.049561,-0.033447,1.067139,2.137405,2.992366,-0.038168,1.068812,3.677528,9341,15365,6024,9341,0,105.058,6,normal
1780594880.2871857,89.69782220000343,89863,0.047852,0.016113,1.059082,0.374046,3.557252,-1.0,1.060285,3.714021,9345,15371,6026,9345,0,105.058,1,normal
1780594880.3171394,89.72777589999896,89894,0.055908,-0.051758,1.046631,2.48855,2.832061,-0.343511,1.0494,3.78569,9347,15376,6029,9347,1,105.058,14,normal
1780594880.3496752,89.76031169999624,89925,0.044189,0.019287,1.055908,1.877863,2.122137,-0.51145,1.057008,2.879482,9352,15383,6031,9352,0,105.058,0,normal
1780594880.3817945,89.79243079999287,89957,0.030762,-0.040771,1.057129,0.725191,3.244275,-1.21374,1.058362,3.538981,9354,15387,6033,9354,0,105.058,1,normal
1780594880.4127114,89.82334770000307,89988,0.051514,-0.022461,1.060791,3.19084,3.145038,0.030534,1.062278,4.480364,9357,15392,6035,9357,1,105.058,14,normal
1780594880.442983,89.85361939998984,90019,0.048096,-0.001465,1.049805,0.312977,2.839695,-0.938931,1.050907,3.007227,9362,15399,6037,9362,0,105.058,0,normal
1780594880.4744353,89.88507180000306,90050,0.027588,-0.034668,1.056152,1.534351,2.503817,-1.0,1.057081,3.10215,9364,15403,6039,9364,0,108.0,1,normal
1780594880.5056057,89.91624209999281,90081,0.04248,-0.026367,1.058106,2.557252,3.328244,-0.137405,1.059286,4.19948,9368,15409,6041,9368,0,108.0,6,normal
1780594880.5368037,89.94744009998976,90112,0.048096,-0.011963,1.050049,0.641221,3.396947,-1.137405,1.051218,3.639244,9372,15415,6043,9372,0,108.0,0,normal
1780594880.5677319,89.97836839999945,90143,0.047607,-0.04126,1.053711,2.603053,2.381679,-0.679389,1.055593,3.593028,9373,15418,6045,9373,1,108.0,18,normal
1780594880.5978796,90.00851610000245,90174,0.033936,-0.023682,1.055908,2.083969,2.633588,-0.450382,1.056719,3.388445,9377,15424,6047,9377,0,108.0,3,normal
