host_epoch_s,host_elapsed_s,time_ms,ax,ay,az,gx,gy,gz,acc_mag,gyro_mag,pulse_count,edge_count,rise_count,fall_count,state,pulse_rate_hz,last_edge_dt_ms,label
1780595591.8054938,0.027432400005636737,187,0.040771,-0.046387,1.057861,2.038168,3.175573,-0.648855,1.059662,3.82876,19,30,11,19,1,0.0,0,normal
1780595591.8362794,0.05821790000481997,217,0.067871,-0.033691,1.066162,2.587786,3.236641,-0.076336,1.068851,4.144672,23,36,13,23,0,0.0,5,normal
1780595591.8667345,0.08867300000565592,248,0.072998,0.005127,1.055908,0.664122,3.534351,-1.114504,1.058441,3.764946,27,42,15,27,0,0.0,0,normal
1780595591.8978631,0.11980179999954998,278,0.064453,-0.038818,1.055908,2.427481,2.961832,-0.419847,1.058585,3.852452,29,47,18,29,1,104.317,14,normal
1780595591.928314,0.15025259999674745,310,0.023682,-0.006836,1.048584,2.091603,2.183206,-0.358779,1.048874,3.044653,34,54,20,34,0,104.317,0,normal
1780595591.960363,0.1823015999980271,341,0.050293,-0.014404,1.060547,0.412214,2.984733,-0.885496,1.061836,3.140486,36,58,22,36,0,104.317,1,normal
1780595591.9925375,0.21447609999449924,373,0.052734,-0.030518,1.050537,3.21374,3.206107,-0.358779,1.052302,4.553676,37,61,24,37,1,104.317,17,normal
1780595592.0348134,0.25675200000114273,405,0.046631,-0.015869,1.050293,0.290076,2.48855,-0.961832,1.051447,2.683681,42,68,26,42,0,104.317,1,normal
1780595592.0551863,0.27712480000627693,436,0.039307,-0.04834,1.058838,2.114504,2.480916,-0.862595,1.060669,3.371964,44,72,28,44,0,104.317,0,normal
1780595592.086552,0.30849060000036843,467,0.064697,-0.030762,1.053955,1.992366,2.267176,-0.503817,1.056387,3.059974,49,78,29,49,0,104.317,5,normal
1780595592.1175303,0.33946889999788254,498,0.05957,0.010254,1.063477,0.206107,3.541985,-1.145038,1.065193,3.72817,53,84,31,53,0,104.317,0,normal
1780595592.1488326,0.3707711000024574,529,0.019287,-0.052246,1.044189,2.312977,2.610687,-0.419847,1.045674,3.513093,55,89,34,55,1,103.586,14,normal
1780595592.1793268,0.4012652999954298,561,0.046631,-0.003174,1.052978,1.725191,2.29771,-0.656489,1.054015,2.947326,60,96,36,60,0,103.586,1,normal
1780595592.210984,0.432922599997255,591,0.026611,-0.038818,1.045654,0.40458,2.656489,-0.908397,1.046713,2.836512,62,100,38,62,0,103.586,0,normal
1780595592.2412636,0.46320230000128504,622,0.066406,-0.051758,1.062256,3.10687,3.10687,-0.412214,1.065587,4.413072,65,105,40,65,1,103.586,14,normal
1780595592.2725754,0.49451390000467654,653,0.039551,-0.000244,1.047363,0.755725,2.725191,-0.89313,1.04811,2.965715,70,112,42,70,0,103.586,0,normal
1780595592.3026736,0.524612299996079,684,0.033203,-0.039551,1.051025,1.564886,2.519084,-0.80916,1.052293,3.073986,72,116,44,72,0,103.586,0,normal
1780595592.3346124,0.556551000001491,715,0.033936,-0.021729,1.062256,2.801527,3.70229,-0.40458,1.06302,4.660385,75,120,45,75,0,103.586,5,normal
1780595592.3658013,0.5877400000026682,746,0.026123,-0.011963,1.048584,0.236641,3.091603,-1.152672,1.048978,3.307969,79,126,47,79,0,103.586,0,normal
1780595592.3960743,0.618012799997814,777,0.060547,-0.035889,1.055664,2.610687,2.687023,-0.519084,1.058008,3.782225,81,131,50,81,1,103.586,14,normal
1780595592.4274235,0.6493619999964722,808,0.042725,-0.02417,1.053711,2.427481,2.633588,-0.206107,1.054854,3.587608,85,137,52,85,0,107.527,3,normal
1780595592.4589925,0.6809309999953257,840,0.053467,-0.007568,1.069092,0.412214,3.068702,-1.328244,1.070455,3.369137,88,142,54,88,0,107.527,1,normal
1780595592.4901218,0.7120604999945499,871,0.043213,-0.034668,1.049072,2.885496,2.969466,-0.40458,1.050534,4.160228,90,147,57,90,1,107.527,14,normal
1780595592.521379,0.7433176000049571,903,0.043457,-0.001221,1.045166,0.343511,2.717557,-1.160305,1.04607,2.974798,95,154,59,95,0,107.527,0,normal
1780595592.552853,0.774791699994239,934,0.030518,-0.03125,1.069336,1.969466,2.305344,-1.045802,1.070228,3.207352,96,156,60,96,0,107.527,5,normal
1780595592.5841472,0.8060857999953441,965,0.058105,-0.034668,1.058594,2.847328,3.129771,-0.061069,1.060754,4.231604,100,162,62,100,0,107.527,6,normal
1780595592.614582,0.8365206000016769,996,0.068848,0.000488,1.056885,0.519084,3.610687,-1.175572,1.059125,3.832555,104,168,64,104,0,107.527,1,normal
1780595592.6466846,0.8686232000036398,1027,0.061279,-0.045898,1.052246,2.221374,2.274809,-0.40458,1.055028,3.205143,106,173,67,106,1,107.527,14,normal
1780595592.6781015,0.9000401999946916,1059,0.018555,-0.001709,1.053955,1.480916,2.267176,-0.59542,1.05412,2.772674,111,180,69,111,0,103.586,0,normal
1780595592.7089014,0.9308400000008987,1090,0.052002,-0.022949,1.055664,0.358779,2.29771,-0.89313,1.057193,2.491159,113,184,71,113,0,103.586,0,normal
1780595592.7402647,0.9622033000050578,1121,0.043457,-0.010986,1.049316,3.091603,3.557252,-0.526718,1.050273,4.742308,115,189,74,115,1,103.586,14,normal
1780595592.7712276,0.9931662000017241,1152,0.039307,0.008301,1.04834,0.862595,2.610687,-0.89313,1.049109,2.890924,120,196,76,120,0,103.586,0,normal
1780595592.8025484,1.0244869000016479,1183,0.027344,-0.05542,1.053955,1.412214,2.412214,-0.900763,1.055765,2.93675,122,200,78,122,0,103.586,0,normal
1780595592.833889,1.055827500007581,1214,0.04248,-0.024658,1.052734,2.900763,3.755725,-0.435114,1.05388,4.76542,125,204,79,125,0,103.586,5,normal
1780595592.8650107,1.0869494000071427,1246,0.069336,0.015625,1.059326,0.748092,3.78626,-1.114504,1.061708,4.017153,129,210,81,129,0,103.586,0,normal
1780595592.8973572,1.1192958000028739,1278,0.025635,-0.054199,1.037354,2.480916,2.450382,-0.763359,1.039085,3.569598,131,215,84,131,1,103.586,14,normal
1780595592.927126,1.1490646000020206,1309,0.023926,0.003418,1.047119,1.396947,2.351145,-0.389313,1.047398,2.76241,136,222,86,136,0,100.0,0,normal
1780595592.9595168,1.1814554000011412,1340,0.049316,-0.033447,1.056396,0.70229,2.396947,-0.847328,1.058076,2.637524,138,226,88,138,0,100.0,0,normal
1780595592.9890587,1.2109974000049988,1371,0.044189,-0.014404,1.048096,2.847328,3.59542,-0.145038,1.049126,4.588612,141,231,90,141,1,100.0,14,normal
1780595593.020096,1.2420345999998972,1402,0.037109,-0.008057,1.047363,1.022901,2.946565,-0.664122,1.048052,3.188986,146,238,92,146,0,100.0,0,normal
1780595593.0517669,1.2737054000026546,1433,0.037354,-0.036621,1.062744,1.78626,2.450382,-0.954198,1.064031,3.178929,148,242,94,148,0,100.0,0,normal
1780595593.0835686,1.30550729999959,1464,0.036865,-0.026367,1.050049,3.030534,3.854962,-0.442748,1.051026,4.923504,152,248,96,152,0,100.0,6,normal
1780595593.1135247,1.3354632999980822,1495,0.042969,0.00415,1.05127,0.312977,3.442748,-1.358779,1.052156,3.714398,156,254,98,156,0,100.0,0,normal
1780595593.1440866,1.3660251999972388,1526,0.058838,-0.040283,1.062012,2.091603,3.351145,-0.534351,1.064403,3.98629,158,259,101,158,1,100.0,13,normal
1780595593.1763904,1.3983290000032866,1557,0.038086,-0.023193,1.050781,1.862595,2.458015,-0.603053,1.051727,3.142415,162,264,102,162,0,100.0,0,normal
1780595593.2072334,1.4291720000037458,1589,0.049316,-0.003418,1.05835,0.541985,2.526718,-1.068702,1.059503,2.796458,164,268,104,164,0,100.0,1,normal
1780595593.2387571,1.4606957000069087,1620,0.058105,-0.034424,1.061279,2.969466,3.083969,-0.396947,1.063426,4.299554,166,273,107,166,1,100.0,14,normal
1780595593.2693639,1.4913025999994716,1651,0.047852,0.010498,1.051025,1.374046,2.557252,-0.89313,1.052166,3.037305,171,280,109,171,0,100.0,1,normal
1780595593.3004606,1.522399299996323,1682,0.041504,-0.0625,1.056396,1.465649,2.206107,-1.053435,1.059057,2.850396,173,284,111,173,0,100.0,0,normal
1780595593.332889,1.5548278000060236,1713,0.037354,-0.022461,1.05127,3.022901,3.717557,-0.320611,1.052173,4.802182,177,290,113,177,0,100.0,5,normal
1780595593.3635843,1.5855228000000352,1745,0.029053,-0.010986,1.04541,0.244275,4.061068,-1.29771,1.045872,4.270363,181,296,115,181,0,100.0,0,normal
1780595593.3945339,1.6164724999980535,1775,0.048584,-0.044189,1.062256,2.351145,2.816794,-0.748092,1.064284,3.744576,183,301,118,183,1,100.0,14,normal
1780595593.42591,1.6478486999985762,1806,0.032715,-0.026123,1.052246,2.022901,2.89313,-0.335878,1.053078,3.546145,187,306,119,187,0,100.0,5,normal
1780595593.4556637,1.677602299998398,1837,0.05542,0.003662,1.062012,0.832061,3.21374,-1.007634,1.063463,3.469262,191,312,121,191,0,100.0,0,normal
1780595593.487656,1.7095947000052547,1868,0.037109,-0.054932,1.054688,2.633588,2.557252,-0.343511,1.056769,3.686912,193,317,124,193,1,103.943,14,normal
1780595593.517685,1.7396235000051092,1899,0.0354,0.001709,1.050537,1.282443,2.358779,-0.496183,1.051135,2.730328,197,322,125,197,0,103.943,1,normal
1780595593.5495112,1.7714498999994248,1930,0.031494,-0.036865,1.050293,0.541985,2.877863,-1.053435,1.051412,3.112164,199,326,127,199,0,103.943,0,normal
1780595593.5799983,1.801936799995019,1961,0.047119,-0.026367,1.056152,3.129771,3.290076,-0.419847,1.057532,4.5603,202,331,129,202,1,103.943,14,normal
1780595593.6103106,1.832249099999899,1992,0.046631,-0.006836,1.041748,0.816794,2.59542,-0.755725,1.042814,2.823912,207,338,131,207,0,103.943,0,normal
1780595593.6417654,1.8637040000030538,2022,0.033936,-0.063965,1.051025,1.045802,2.564885,-1.183206,1.053517,3.012028,209,342,133,209,0,103.943,1,normal
1780595593.67248,1.8944187000015518,2053,0.044678,-0.02124,1.057861,3.282443,3.244275,-0.114504,1.059017,4.616586,213,348,135,213,0,103.943,6,normal
1780595593.7030373,1.924975899994024,2085,0.04834,-0.013184,1.059814,0.427481,3.51145,-1.396947,1.060998,3.80322,217,354,137,217,0,103.943,1,normal
1780595593.735648,1.9575865999941016,2116,0.058594,-0.039307,1.047363,2.175573,2.496183,-0.557252,1.049737,3.357764,219,359,140,219,1,103.943,14,normal
1780595593.7669945,1.9889331000013044,2148,0.025391,0.002686,1.053955,1.343511,2.885496,-0.29771,1.054264,3.196833,224,366,142,224,0,110.714,0,normal
1780595593.7989693,2.0209079000051133,2179,0.044434,-0.032715,1.06665,0.656489,2.633588,-1.076336,1.068077,2.919805,226,370,144,226,0,110.714,0,normal
1780595593.8298101,2.0517487000033725,2210,0.045898,-0.018066,1.043945,3.015267,3.564885,-0.129771,1.04511,4.670876,229,375,146,229,1,110.714,14,normal
1780595593.8594465,2.081385199999204,2241,0.064697,0.007568,1.057617,0.89313,2.648855,-1.129771,1.059621,3.015045,232,380,148,232,0,110.714,0,normal
1780595593.8911312,2.113069800005178,2272,0.031006,-0.036133,1.062744,1.427481,3.015267,-1.0,1.06381,3.482748,234,384,150,234,0,110.714,0,normal
1780595593.9211454,2.1430839999957243,2303,0.035645,-0.022949,1.048828,3.038168,4.0,-0.51145,1.049684,5.048965,238,390,152,238,0,110.714,5,normal
1780595593.9520268,2.1739653999975417,2334,0.03833,-0.00293,1.046875,0.21374,3.076336,-1.122137,1.04758,3.281573,242,396,154,242,0,110.714,0,normal
1780595593.984442,2.206380600007833,2365,0.030762,-0.04248,1.052978,2.083969,2.717557,-0.458015,1.054284,3.455116,244,400,156,244,1,110.714,0,normal
1780595594.0149357,2.236874299996998,2396,0.037842,-0.026367,1.044678,2.175573,2.694656,-0.641221,1.045695,3.522138,249,406,157,249,0,110.714,6,normal
1780595594.0457716,2.267710200001602,2427,0.036133,-0.006592,1.056152,0.778626,3.572519,-1.068702,1.056791,3.809367,253,412,159,253,0,103.943,0,normal
1780595594.0776627,2.2996013999945717,2458,0.013428,-0.049561,1.047852,2.274809,2.755725,-0.641221,1.049109,3.630419,254,415,161,254,1,103.943,18,normal
1780595594.1082282,2.3301667000050656,2489,0.054199,-0.016846,1.056885,1.473282,2.648855,-1.007634,1.058408,3.194107,260,422,162,260,0,103.943,1,normal
1780595594.147022,2.3689606999978423,2521,0.045166,-0.055908,1.064209,0.89313,2.19084,-0.923664,1.066633,2.539806,262,426,164,262,0,103.943,0,normal
1780595594.1711214,2.39305990000139,2552,0.04834,-0.02002,1.052246,3.305344,3.725191,-0.251908,1.053546,4.986562,266,432,166,266,0,103.943,6,normal
1780595594.2030585,2.4249971999961417,2583,0.04541,-0.013672,1.047607,0.473282,2.740458,-1.21374,1.04868,3.034349,270,438,168,270,0,103.943,0,normal
1780595594.2334073,2.455345900001703,2614,0.04126,-0.043701,1.065918,1.816794,2.908397,-0.641221,1.067611,3.48865,272,442,170,272,0,103.943,1,normal
1780595594.26358,2.4855187000066508,2645,0.039307,-0.023926,1.058594,2.70229,2.984733,-0.633588,1.059593,4.075836,277,448,171,277,0,103.943,6,normal
1780595594.2958317,2.5177703000081237,2676,0.045898,0.014648,1.05249,0.519084,3.580153,-0.740458,1.053592,3.69259,281,454,173,281,0,103.943,1,normal
1780595594.3267117,2.5486501999985194,2707,0.039551,-0.054688,1.049316,2.290076,2.305344,-0.259542,1.051485,3.259819,283,459,176,283,1,107.143,14,normal
1780595594.358173,2.5801114000059897,2739,0.029053,0.01001,1.053711,1.526718,2.381679,-0.465649,1.054159,2.86707,288,466,178,288,0,107.143,1,normal
1780595594.3895338,2.6114724000071874,2770,0.055908,-0.047607,1.056396,0.778626,2.80916,-1.007634,1.058946,3.08431,290,470,180,290,0,107.143,0,normal
1780595594.4216785,2.6436170999950264,2802,0.040771,-0.013672,1.049316,2.916031,3.480916,-0.48855,1.050197,4.567132,294,476,182,294,0,107.143,5,normal
1780595594.4532912,2.6752299000072526,2834,0.042725,-0.01123,1.05127,0.427481,3.480916,-0.885496,1.052197,3.617129,298,482,184,298,0,107.143,0,normal
1780595594.4840665,2.706005100000766,2865,0.054199,-0.053711,1.056396,2.427481,2.641221,-1.007634,1.059149,3.726129,300,487,187,300,1,107.143,14,normal
1780595594.5157242,2.737662800005637,2896,0.029785,-0.020264,1.05835,2.229008,1.992366,-0.648855,1.058962,3.05925,305,494,189,305,0,107.143,1,normal
1780595594.5476685,2.7696069999947213,2928,0.045166,-0.037109,1.049561,0.618321,2.954198,-0.992366,1.051187,3.177168,307,498,191,307,0,107.143,0,normal
1780595594.579103,2.8010415000026114,2959,0.071289,-0.049072,1.060303,3.061069,2.938931,-0.351145,1.063829,4.258023,310,503,193,310,1,107.143,14,normal
1780595594.610063,2.832001799994032,2991,0.040527,-0.007568,1.044678,0.755725,3.122137,-1.053435,1.045491,3.380619,315,510,195,315,0,107.143,0,normal
1780595594.6414528,2.8633913999947254,3022,0.046631,-0.033203,1.05835,1.89313,3.137405,-0.938931,1.059897,3.782703,317,514,197,317,0,107.143,0,normal
1780595594.6716285,2.893567200007965,3053,0.044922,-0.03125,1.061523,2.458015,3.343511,-0.519084,1.062933,4.182147,321,520,199,321,0,107.143,5,normal
1780595594.7022994,2.9242380000068806,3084,0.057617,0.001465,1.063477,0.48855,3.572519,-1.091603,1.065037,3.767382,323,524,201,323,0,107.143,0,normal
1780595594.73402,2.9559584999951767,3115,0.03833,-0.046631,1.051514,2.320611,2.480916,-0.656489,1.053245,3.459936,325,529,204,325,1,107.143,14,normal
1780595594.765334,2.9872724000015296,3146,0.048096,-0.010254,1.054443,1.870229,2.259542,-0.572519,1.055589,2.988489,331,536,205,331,0,107.143,1,normal
1780595594.7969942,3.018932799997856,3178,0.042725,-0.038818,1.059326,0.580153,2.572519,-0.839695,1.060898,2.767583,333,540,207,333,0,107.143,0,normal
1780595594.8278718,3.0498102999990806,3209,0.061279,-0.039307,1.055664,3.29771,3.007634,0.061069,1.058171,4.463684,336,545,209,336,1,104.0,14,normal
1780595594.8580296,3.079968200006988,3240,0.033936,0.000244,1.045166,0.732824,2.755725,-1.08397,1.045717,3.05058,341,552,211,341,0,104.0,0,normal
1780595594.8896446,3.1115833000076236,3270,0.041748,-0.046387,1.056641,0.969466,2.916031,-0.78626,1.058482,3.171956,343,556,213,343,0,104.0,1,normal
1780595594.9201193,3.142057899996871,3301,0.053467,-0.021729,1.053223,3.221374,3.641221,-0.396947,1.054803,4.877838,347,562,215,347,0,104.0,6,normal
1780595594.949968,3.1719067999947583,3332,0.054199,-0.013672,1.047119,0.480916,2.801527,-1.19084,1.04861,3.081872,351,568,217,351,0,104.0,0,normal
1780595594.981655,3.2035936000029324,3362,0.062012,-0.027588,1.061523,1.549618,2.709924,-0.977099,1.063691,3.271044,353,572,219,353,0,104.0,1,normal
1780595595.012693,3.234631500003161,3393,0.062256,-0.039551,1.067627,2.656489,3.519084,-0.366412,1.070172,4.42438,357,578,221,357,0,104.0,5,normal
1780595595.0430775,3.265016100005596,3424,0.062744,-0.000732,1.062744,0.641221,3.603053,-1.587786,1.064595,3.989264,359,582,223,359,0,104.0,1,normal
1780595595.0743086,3.2962473000079626,3455,0.048096,-0.052979,1.051025,2.320611,2.366412,-0.580153,1.053458,3.364776,361,587,226,361,1,104.0,14,normal
1780595595.1060057,3.327944300006493,3487,0.019775,0.002441,1.050293,1.496183,2.366412,-0.709924,1.050482,2.888332,366,594,228,366,0,107.914,0,normal
1780595595.1368628,3.3588012999971397,3518,0.017334,-0.042725,1.045898,0.824427,2.633588,-1.19084,1.046914,3.005589,368,598,230,368,0,107.914,0,normal
1780595595.1682158,3.390154299995629,3549,0.047119,-0.046875,1.045898,2.969466,3.694656,-0.29771,1.048008,4.749404,371,603,232,371,1,107.914,14,normal
1780595595.1995356,3.4214743000047747,3581,0.037842,-0.006104,1.045898,0.526718,2.770992,-1.480916,1.046601,3.18574,376,610,234,376,0,107.914,0,normal
1780595595.2311904,3.453129000001354,3612,0.04834,-0.051758,1.059326,1.450382,2.633588,-1.343511,1.061691,3.293086,378,614,236,378,0,107.914,0,normal
1780595595.262439,3.4843776000052458,3643,0.053223,-0.037354,1.063477,2.839695,2.977099,-0.427481,1.065462,4.13639,382,620,238,382,0,107.914,5,normal
1780595595.2937362,3.5156749000016134,3675,0.053467,-0.003906,1.057129,0.885496,3.618321,-0.908397,1.058487,3.834258,386,626,240,386,0,107.914,0,normal
1780595595.3257785,3.5477170999947703,3706,0.020508,-0.049805,1.044189,2.145038,2.320611,-0.671756,1.045578,3.23074,388,631,243,388,1,107.914,14,normal
1780595595.355775,3.5777136999968207,3738,0.03125,-0.007324,1.053467,1.862595,2.641221,-0.687023,1.053956,3.304136,392,636,244,392,0,103.586,6,normal
1780595595.3875666,3.609505200001877,3768,0.037598,-0.042969,1.050049,0.641221,2.740458,-0.816794,1.0516,2.930602,394,640,246,394,0,103.586,0,normal
1780595595.4194403,3.641378900007112,3799,0.044678,-0.023438,1.041992,2.954198,3.022901,-0.687023,1.043213,4.282198,397,645,248,397,1,103.586,13,normal
1780595595.4475236,3.6694622000068193,3830,0.034912,0.009033,1.049561,0.572519,2.70229,-0.900763,1.05018,2.90543,402,652,250,402,0,103.586,0,normal
1780595595.4789915,3.700930100007099,3859,0.048828,-0.055664,1.060059,0.687023,2.725191,-0.816794,1.062642,2.926742,404,656,252,404,0,103.586,1,normal
1780595595.5117273,3.7336660000000848,3891,0.033691,-0.017334,1.053223,3.0,3.793893,-0.236641,1.053904,4.842481,408,662,254,408,0,103.586,6,normal
1780595595.5404408,3.7623793999955524,3922,0.030029,0.000244,1.049316,0.480916,2.412214,-1.458015,1.049746,2.859347,412,668,256,412,0,103.586,1,normal
1780595595.573063,3.795001599995885,3953,0.05835,-0.048828,1.058594,2.145038,3.290076,-0.473282,1.061324,3.955981,414,672,258,414,1,103.586,0,normal
1780595595.6050851,3.8270236999960616,3985,0.043701,-0.010742,1.064453,2.045802,2.259542,-0.396947,1.065404,3.073825,420,680,260,420,0,103.586,0,normal
1780595595.6366298,3.8585684999998193,4017,0.011963,-0.033936,1.044922,0.389313,2.961832,-0.839695,1.045541,3.103079,422,684,262,422,0,107.527,0,normal
1780595595.6671042,3.8890428000013344,4048,0.055908,-0.050293,1.052734,3.0,3.381679,-0.267176,1.055417,4.52848,424,689,265,424,1,107.527,14,normal
1780595595.6972914,3.9192299999995157,4079,0.044922,0.006348,1.044434,0.687023,2.816794,-0.78626,1.045418,3.004086,428,694,266,428,0,107.527,5,normal
1780595595.729201,3.951139600001625,4109,0.039307,-0.044678,1.062012,0.694656,2.526718,-0.877863,1.063678,2.763601,430,698,268,430,0,107.527,0,normal
1780595595.7604003,3.9823388999939198,4140,0.038574,-0.023682,1.04541,3.068702,3.198473,-0.267176,1.04639,4.440557,433,703,270,433,1,107.527,14,normal
1780595595.7899883,4.011926799998037,4171,0.048828,-0.010498,1.044189,0.412214,2.885496,-1.206107,1.045383,3.154473,438,710,272,438,0,107.527,0,normal
1780595595.8219342,4.043872800000827,4202,0.040039,-0.033691,1.065918,1.801527,2.78626,-0.648855,1.067202,3.380792,440,714,274,440,0,107.527,0,normal
1780595595.8524637,4.074402300000656,4233,0.031494,-0.030273,1.05249,2.442748,3.114504,-0.603053,1.053396,4.003852,444,720,276,444,0,107.527,6,normal
1780595595.8838468,4.105785399995511,4265,0.051514,-0.007324,1.062744,0.717557,3.122137,-1.358779,1.064017,3.479786,448,726,278,448,0,107.527,0,normal
1780595595.9159954,4.137933999998495,4296,0.029053,-0.055176,1.041016,2.290076,2.847328,-0.183206,1.042882,3.658592,450,731,281,450,1,100.358,13,normal
1780595595.9445598,4.1664983999944525,4327,0.037598,0.006348,1.047607,1.427481,2.40458,-0.610687,1.048301,2.86228,456,738,282,456,0,100.358,0,normal
1780595595.9764695,4.198408099997323,4357,0.027588,-0.043457,1.040039,0.129771,2.755725,-0.923664,1.041312,2.909298,458,742,284,458,0,100.358,1,normal
1780595596.0189328,4.240871500005596,4388,0.04541,-0.046631,1.049072,3.022901,3.022901,-0.557252,1.051089,4.311194,460,747,287,460,1,100.358,14,normal
1780595596.039417,4.261355700000422,4420,0.060303,-0.015137,1.050537,0.732824,2.687023,-0.961832,1.052375,2.946565,464,752,288,464,0,100.358,5,normal
1780595596.0708654,4.2928038999962155,4451,0.04126,-0.050293,1.068115,1.717557,3.053435,-1.40458,1.070094,3.774429,466,756,290,466,0,100.358,0,normal
1780595596.1020777,4.32401640000171,4483,0.035156,-0.009766,1.053467,2.274809,2.961832,-0.557252,1.054098,3.775942,469,762,293,469,0,100.358,5,normal
1780595596.1331084,4.355046900003799,4514,0.043457,-0.003906,1.059326,0.358779,3.969466,-0.870229,1.060224,4.079544,473,768,295,473,0,100.358,0,normal
1780595596.1644368,4.386375400004908,4545,0.029785,-0.044922,1.044678,2.396947,2.885496,-0.206107,1.046067,3.75685,475,773,298,475,1,100.358,14,normal
1780595596.194705,4.416643699994893,4576,0.028564,-0.006836,1.05249,1.847328,2.496183,-0.251908,1.0529,3.115607,480,780,300,480,0,107.143,1,normal
1780595596.2266886,4.44862720000674,4607,0.036133,-0.016602,1.060059,0.656489,2.358779,-1.099237,1.060804,2.683866,482,784,302,482,0,107.143,0,normal
1780595596.2570777,4.479016199999023,4638,0.057617,-0.024414,1.061768,2.931298,3.587786,-0.328244,1.06361,4.644616,485,789,304,485,1,107.143,14,normal
1780595596.2879877,4.509926400001859,4668,0.032959,0.004639,1.045654,1.450382,2.709924,-1.061069,1.046184,3.25164,488,794,306,488,0,107.143,0,normal
1780595596.3185952,4.540533799998229,4699,0.04834,-0.050781,1.055176,0.717557,2.366412,-0.854962,1.057502,2.616439,490,798,308,490,0,107.143,0,normal
1780595596.3500896,4.572028199996566,4730,0.037598,-0.018066,1.051758,3.160305,3.633588,-0.748092,1.052585,4.87341,494,804,310,494,0,107.143,5,normal
1780595596.380814,4.602752699996927,4762,0.054932,-0.001953,1.053955,0.427481,3.175573,-0.862595,1.055387,3.318294,498,810,312,498,0,107.143,0,normal
1780595596.4135377,4.635476399998879,4793,0.062012,-0.046875,1.053711,2.343511,3.312977,-0.366412,1.056574,4.07457,500,815,315,500,1,107.143,14,normal
1780595596.4448767,4.666815200005658,4825,0.021973,-0.012939,1.055908,2.091603,2.51145,-0.664122,1.056216,3.335153,506,822,316,506,0,107.143,0,normal
1780595596.4757354,4.69767409999622,4856,0.027344,-0.035889,1.042725,0.51145,3.343511,-1.145038,1.0437,3.570961,508,826,318,508,0,100.0,1,normal
1780595596.50691,4.728848600003403,4887,0.054199,-0.049316,1.053223,2.946565,3.091603,-0.503817,1.055769,4.300475,510,831,321,510,1,100.0,14,normal
1780595596.5372775,4.759216000005836,4918,0.028809,0.003418,1.044922,0.763359,3.091603,-0.564886,1.045325,3.234165,515,838,323,515,0,100.0,1,normal
1780595596.5681314,4.790070000002743,4949,0.035645,-0.044189,1.053467,1.267176,2.664122,-0.992366,1.054995,3.112567,517,842,325,517,0,100.0,1,normal
1780595596.5996037,4.821542200006661,4980,0.04541,-0.026855,1.046875,3.045802,3.610687,0.022901,1.048204,4.723822,521,848,327,521,0,100.0,6,normal
1780595596.6299014,4.851840000002994,5011,0.03125,-0.000732,1.056152,0.007634,3.366412,-1.122137,1.056615,3.548518,523,852,329,523,0,100.0,1,normal
1780595596.6599905,4.881929099996341,5040,0.051514,-0.053955,1.050049,1.061069,2.89313,-0.992366,1.052695,3.237415,525,856,331,525,0,100.0,0,normal
1780595596.6916463,4.913585000002058,5071,0.063232,-0.02417,1.06543,3.015267,3.839695,-0.59542,1.067578,4.918294,529,862,333,529,0,100.0,5,normal
1780595596.7211452,4.94308369999635,5102,0.05835,-0.015137,1.049805,0.541985,3.450382,-1.015267,1.051534,3.637258,533,868,335,533,0,100.0,0,normal
1780595596.7536013,4.975539999999455,5133,0.067139,-0.047363,1.05127,2.083969,3.145038,-0.603053,1.054475,3.820716,535,873,338,535,1,97.473,14,normal
1780595596.785102,5.007040500000585,5165,0.019287,-0.020996,1.048828,2.358779,2.870229,-0.419847,1.049216,3.73876,540,880,340,540,0,97.473,0,normal
1780595596.81618,5.038118600001326,5197,0.041016,-0.031738,1.055908,0.587786,2.557252,-0.78626,1.057181,2.739203,542,884,342,542,0,97.473,0,normal
1780595596.847428,5.06936670000141,5228,0.061279,-0.012695,1.059814,3.083969,3.427481,-0.519084,1.06166,4.639821,545,889,344,545,1,97.473,14,normal
1780595596.8784115,5.1003500999941025,5259,0.057129,-0.010742,1.047363,0.580153,2.687023,-0.885496,1.048975,2.88804,550,896,346,550,0,97.473,0,normal
1780595596.9095132,5.1314517999999225,5290,0.047119,-0.044678,1.061279,1.496183,2.59542,-1.137405,1.063264,3.204443,552,900,348,552,0,97.473,0,normal
1780595596.9400592,5.161997799994424,5320,0.038086,-0.028076,1.050537,3.381679,3.908397,-0.396947,1.051602,5.183521,556,906,350,556,0,97.473,6,normal
1780595596.970318,5.192256700000144,5351,0.045654,-0.005371,1.049316,0.580153,2.80916,-1.282443,1.050323,3.142072,560,912,352,560,0,97.473,0,normal
1780595597.0022,5.224138599995058,5382,0.035645,-0.051514,1.056641,1.78626,3.10687,-0.572519,1.058496,3.629207,562,916,354,562,0,97.473,1,normal
1780595597.032513,5.254451500004507,5413,0.049561,-0.03125,1.050537,2.557252,3.091603,-0.687023,1.05217,4.07057,567,922,355,567,0,114.286,6,normal
1780595597.0705216,5.292460199998459,5444,0.054932,-0.006592,1.054688,0.435114,3.51145,-1.076336,1.056138,3.698392,571,928,357,571,0,114.286,1,normal
1780595597.0943906,5.31632919999538,5475,0.036133,-0.046387,1.044434,2.442748,2.305344,-0.587786,1.046087,3.409856,573,933,360,573,1,114.286,14,normal
1780595597.1262164,5.34815510000044,5506,0.037354,-0.008301,1.048828,1.549618,2.343511,-0.862595,1.049526,2.938951,578,940,362,578,0,114.286,0,normal
1780595597.1642091,5.386147800003528,5538,0.035156,-0.040771,1.052978,0.732824,2.656489,-0.992366,1.054354,2.928951,580,944,364,580,0,114.286,1,normal
1780595597.194785,5.416723700007424,5575,0.061768,-0.005615,1.053467,1.442748,2.732824,-0.274809,1.055291,3.102478,586,952,366,586,0,114.286,0,normal
1780595597.2268085,5.448747200003709,5606,0.039307,-0.044678,1.053955,0.931298,2.832061,-1.198473,1.055634,3.213133,587,954,367,587,0,114.286,5,normal
1780595597.2590604,5.480998900005943,5638,0.05127,-0.019775,1.048096,3.114504,3.427481,-0.129771,1.049535,4.63299,591,960,369,591,0,114.286,6,normal
1780595597.289568,5.511506599999848,5670,0.036621,-0.016846,1.045654,0.557252,3.70229,-1.053435,1.046431,3.889371,595,966,371,595,0,108.949,1,normal
1780595597.3211055,5.543044000005466,5701,0.04834,-0.039551,1.050781,2.198473,2.862595,-0.389313,1.052636,3.630331,597,971,374,597,1,108.949,14,normal
1780595597.352922,5.574860599997919,5733,0.039795,-0.003906,1.052002,1.519084,2.206107,-0.412214,1.052762,2.710064,603,978,375,603,0,108.949,0,normal
1780595597.384127,5.606065600004513,5764,0.051758,-0.032959,1.047363,0.442748,2.129771,-0.908397,1.049159,2.357358,605,982,377,605,0,108.949,1,normal
1780595597.4149582,5.636896900003194,5795,0.035156,-0.018799,1.053467,2.89313,2.954198,-0.664122,1.054221,4.187905,607,987,380,607,1,108.949,14,normal
1780595597.446546,5.668484800000442,5827,0.046143,-0.009521,1.048096,0.59542,3.061069,-0.78626,1.049154,3.216034,612,994,382,612,0,108.949,1,normal
1780595597.4777944,5.699732900000527,5858,0.02832,-0.023682,1.069092,1.580153,3.145038,-0.931298,1.069729,3.640805,614,998,384,614,0,108.949,0,normal
1780595597.508853,5.730791499998304,5889,0.041504,-0.03833,1.064209,2.534351,3.29771,-0.358779,1.065707,4.174512,619,1004,385,619,0,108.949,6,normal
1780595597.538699,5.7606376000039745,5920,0.034424,-0.005859,1.045166,0.648855,3.633588,-0.977099,1.045749,3.818206,623,1010,387,623,0,112.0,0,normal
1780595597.5701783,5.792116900003748,5950,0.049561,-0.045654,1.051514,2.358779,3.21374,-0.549618,1.05367,4.024182,624,1012,388,624,1,112.0,5,normal
1780595597.6013782,5.823316800000612,5981,0.034912,-0.016602,1.051758,2.175573,2.671756,-0.137405,1.052468,3.448228,629,1018,389,629,0,112.0,5,normal
1780595597.632099,5.854037600001902,6012,0.045166,-0.01123,1.059326,0.549618,3.442748,-0.931298,1.060348,3.608588,633,1024,391,633,0,112.0,0,normal
1780595597.6636312,5.885569799997029,6043,0.033447,-0.049561,1.057129,2.229008,2.679389,-0.534351,1.058818,3.526065,635,1029,394,635,1,112.0,14,normal
1780595597.6941795,5.916118099994492,6074,0.037842,-0.018066,1.055176,1.763359,2.709924,-0.29771,1.056009,3.246807,641,1036,395,641,0,112.0,0,normal
1780595597.7261295,5.948068199999398,6106,0.049561,-0.044678,1.054932,0.961832,2.503817,-1.122137,1.05704,2.907475,643,1040,397,643,0,112.0,0,normal
1780595597.7572315,5.979170000005979,6137,0.052734,-0.025146,1.049805,3.152672,3.51145,-0.061069,1.051429,4.719465,647,1046,399,647,0,112.0,5,normal
1780595597.787088,6.00902660000429,6168,0.04541,-0.005127,1.045898,0.473282,2.832061,-1.091603,1.046896,3.071834,650,1050,400,650,0,112.0,6,normal
1780595597.81876,6.040698500000872,6199,0.050781,-0.052246,1.064453,1.656489,3.022901,-0.587786,1.066944,3.496766,652,1054,402,652,0,103.943,1,normal
1780595597.8512557,6.073194299999159,6231,0.034912,-0.029785,1.043701,2.030534,2.778626,-0.564886,1.04471,3.487539,657,1061,404,657,0,103.943,3,normal
1780595597.8810563,6.102994800006854,6262,0.031738,-0.008301,1.065186,0.778626,3.366412,-1.450382,1.065691,3.747345,660,1066,406,660,0,103.943,0,normal
1780595597.9133832,6.135321900001145,6293,0.028809,-0.048096,1.039062,2.29771,2.648855,-0.343511,1.040574,3.523337,662,1071,409,662,1,103.943,13,normal
1780595597.9432662,6.1652047999959905,6324,0.023926,0.003662,1.048828,1.618321,2.442748,-0.603053,1.049107,2.991597,668,1078,410,668,0,103.943,0,normal
1780595597.9742575,6.19619600000442,6355,0.027832,-0.052246,1.051025,0.648855,2.961832,-0.984733,1.052691,3.187971,670,1082,412,670,0,103.943,1,normal
1780595598.005942,6.227880699996604,6386,0.044678,-0.013672,1.049561,3.198473,3.274809,-0.480916,1.0506,4.602813,673,1087,414,673,1,103.943,14,normal
1780595598.0391536,6.261092300002929,6418,0.042725,-0.012695,1.041992,0.167939,2.679389,-1.030534,1.042945,2.875644,678,1094,416,678,0,103.943,0,normal
1780595598.0689602,6.290898799998104,6449,0.048096,-0.054443,1.056641,1.664122,2.908397,-0.862595,1.059135,3.460079,680,1098,418,680,0,112.0,0,normal
1780595598.0993967,6.321335200002068,6480,0.040039,-0.033936,1.056152,2.305344,2.732824,-0.480916,1.057456,3.607522,685,1104,419,685,0,112.0,5,normal
1780595598.1301746,6.35211320000235,6511,0.061523,0.006104,1.060303,0.755725,3.160305,-1.221374,1.062104,3.471369,689,1110,421,689,0,112.0,1,normal
1780595598.1610649,6.383003399998415,6541,0.051025,-0.059326,1.051758,2.152672,2.175573,-0.29771,1.054665,3.075019,691,1115,424,691,1,112.0,14,normal
1780595598.1928806,6.41481930000009,6573,0.029053,-0.00415,1.048828,1.335878,2.763359,-0.282443,1.049239,3.082288,696,1122,426,696,0,112.0,1,normal
1780595598.2238567,6.445795299994643,6604,0.041504,-0.043213,1.055664,0.725191,2.679389,-0.80916,1.057363,2.891326,698,1126,428,698,0,112.0,0,normal
1780595598.255357,6.477295699995011,6635,0.053955,-0.041748,1.052978,2.839695,3.030534,-0.534351,1.055186,4.187306,701,1131,430,701,1,112.0,14,normal
1780595598.2854073,6.507345999998506,6666,0.049561,0.008057,1.050049,0.854962,2.267176,-0.847328,1.051249,2.566907,706,1138,432,706,0,112.0,0,normal
1780595598.3166118,6.538550400000531,6697,0.026367,-0.038818,1.060059,1.08397,2.862595,-0.717557,1.061097,3.143936,708,1142,434,708,0,112.0,0,normal
1780595598.347837,6.569775700001628,6728,0.037842,-0.014648,1.060547,2.923664,3.916031,-0.206107,1.061323,4.891379,712,1148,436,712,0,114.695,5,normal
1780595598.3789704,6.600908899999922,6759,0.028564,-0.006836,1.049072,0.648855,3.305344,-1.198473,1.049483,3.575283,716,1154,438,716,0,114.695,0,normal
1780595598.4096327,6.631571300007636,6790,0.041016,-0.054932,1.050049,2.114504,2.89313,-0.221374,1.052284,3.590311,717,1156,439,717,1,114.695,4,normal
1780595598.4417639,6.6637024999945424,6821,0.031006,-0.020996,1.058838,1.961832,2.984733,-0.633588,1.0595,3.627513,722,1162,440,722,0,114.695,5,normal
1780595598.4714155,6.693354200004251,6852,0.036133,-0.008545,1.064453,0.847328,3.725191,-1.122137,1.0651,3.981734,726,1168,442,726,0,114.695,0,normal
1780595598.5035875,6.725526199996239,6883,0.016846,-0.049561,1.048096,2.427481,2.839695,-0.625954,1.049402,3.787922,728,1173,445,728,1,114.695,14,normal
1780595598.5339317,6.755870299995877,6914,0.050781,-0.012451,1.058106,1.305344,2.450382,-0.48855,1.059396,2.819038,734,1180,446,734,0,114.695,1,normal
1780595598.5664413,6.788379899997381,6946,0.060059,-0.056396,1.052002,0.984733,2.572519,-0.847328,1.055223,2.88193,736,1184,448,736,0,114.695,0,normal
1780595598.5966218,6.818560300001991,6977,0.058838,-0.02124,1.056641,3.10687,3.534351,-0.206107,1.058491,4.710282,739,1189,450,739,1,114.695,13,normal
1780595598.627636,6.849574499996379,7008,0.05542,-0.003174,1.059326,0.70229,2.854962,-1.40458,1.06078,3.258353,744,1196,452,744,0,114.286,0,normal
1780595598.658858,6.880796600002213,7039,0.05542,-0.030273,1.063232,1.580153,2.992366,-0.885496,1.065106,3.497891,746,1200,454,746,0,114.286,1,normal
1780595598.6903057,6.9122442999941995,7070,0.041992,-0.030273,1.054199,2.320611,3.442748,-0.435114,1.05547,4.174575,751,1206,455,751,0,114.286,6,normal
1780595598.7208023,6.942740900005447,7101,0.05835,0.014404,1.0625,0.29771,3.450382,-0.885496,1.064198,3.574614,755,1212,457,755,0,114.286,1,normal
1780595598.7521372,6.9740758999978425,7132,0.016113,-0.057373,1.040772,2.519084,2.816794,-0.145038,1.042476,3.781686,756,1215,459,756,1,114.286,18,normal
1780595598.7829416,7.0048802999954205,7163,0.037598,-0.019043,1.05835,1.847328,2.534351,-0.328244,1.059188,3.1533,762,1222,460,762,0,114.286,0,normal
1780595598.8136907,7.035629300007713,7194,0.031738,-0.04248,1.042969,0.40458,3.129771,-1.061069,1.044316,3.329417,764,1226,462,764,0,114.286,1,normal
1780595598.8457701,7.067708700007643,7225,0.054688,-0.044434,1.05835,2.564885,3.137405,-0.160305,1.060693,4.05557,766,1231,465,766,1,114.286,14,normal
1780595598.8767462,7.098684700002195,7257,0.05249,-0.008057,1.039062,0.625954,2.748092,-1.061069,1.040419,3.011593,771,1238,467,771,0,114.286,1,normal
1780595598.9086392,7.130577899995842,7288,0.026855,-0.03833,1.056396,1.832061,3.030534,-1.114504,1.057433,3.712506,773,1242,469,773,0,103.571,0,normal
1780595598.9404657,7.162404400005471,7319,0.053223,-0.041504,1.060303,2.625954,3.053435,0.061069,1.062449,4.027758,777,1248,471,777,0,103.571,6,normal
1780595598.9705875,7.192526099999668,7351,0.051025,0.0,1.063965,0.351145,3.480916,-1.076336,1.065188,3.660407,780,1252,472,780,0,103.571,5,normal
1780595599.0013978,7.223336499999277,7381,0.052734,-0.044189,1.066894,2.045802,2.480916,-0.656489,1.069111,3.281954,782,1257,475,782,1,103.571,14,normal
1780595599.0327582,7.254696899995906,7413,0.024414,0.000488,1.0625,1.389313,2.519084,-0.496183,1.062781,2.919276,787,1264,477,787,0,103.571,0,normal
1780595599.062874,7.2848127000033855,7443,0.048584,-0.014648,1.062988,0.580153,2.969466,-1.282443,1.064199,3.286178,789,1268,479,789,0,103.571,0,normal
1780595599.0939696,7.31590810000489,7474,0.041504,-0.060059,1.053223,2.412214,2.51145,-0.557252,1.05575,3.526569,791,1273,482,791,1,103.571,14,normal
1780595599.1248715,7.346810200004256,7505,0.046143,-0.014648,1.047119,1.442748,2.366412,-0.679389,1.048238,2.853594,796,1280,484,796,0,103.571,0,normal
1780595599.156216,7.378154399993946,7536,0.040039,-0.046875,1.052002,0.885496,2.351145,-1.114504,1.053807,2.748473,798,1284,486,798,0,103.571,0,normal
1780595599.1865957,7.4085343000042485,7567,0.048828,-0.021973,1.053223,3.206107,3.19084,-0.641221,1.054583,4.56856,801,1289,488,801,1,100.358,14,normal
1780595599.2191763,7.44111490000796,7599,0.03418,-0.015869,1.047852,0.480916,3.381679,-1.175572,1.048529,3.612341,806,1296,490,806,0,100.358,0,normal
1780595599.2496433,7.471581899997545,7630,0.040771,-0.052002,1.063477,2.206107,3.236641,-0.847328,1.065528,4.007582,807,1299,492,807,1,100.358,17,normal
1780595599.2823863,7.504324900000938,7662,0.029785,-0.008789,1.050781,2.007634,2.473282,-0.175573,1.05124,3.190383,812,1306,494,812,0,100.358,0,normal
1780595599.3143082,7.536246699994081,7693,0.046631,-0.009766,1.062012,0.671756,3.381679,-1.557252,1.06308,3.783126,814,1310,496,814,0,100.358,0,normal
1780595599.344388,7.566326500003925,7724,0.049805,-0.062988,1.052002,2.358779,2.679389,-0.435114,1.055062,3.596149,816,1315,499,816,1,100.358,14,normal
1780595599.374692,7.596630500003812,7755,0.051514,-0.006104,1.060059,1.51145,2.496183,-0.419847,1.061327,2.948166,821,1322,501,821,0,100.358,0,normal
1780595599.4075732,7.629511799997999,7786,0.041748,-0.049805,1.061035,1.076336,2.175573,-1.198473,1.063023,2.707019,823,1326,503,823,0,100.358,0,normal
1780595599.437172,7.659110599997803,7817,0.050781,-0.015625,1.049316,3.114504,3.740458,-0.557252,1.050661,4.899152,826,1331,505,826,1,100.0,14,normal
1780595599.4674263,7.689364999998361,7848,0.037842,-0.005127,1.050781,0.709924,3.099237,-1.389313,1.051475,3.469791,831,1338,507,831,0,100.0,0,normal
1780595599.4995368,7.721475400001509,7879,0.047607,-0.031982,1.067139,1.89313,3.083969,-0.954198,1.068679,3.742366,833,1342,509,833,0,100.0,0,normal
1780595599.530803,7.752741599993897,7910,0.038574,-0.02832,1.050293,2.526718,3.656489,-0.572519,1.051383,4.481293,838,1348,510,838,0,100.0,6,normal
1780595599.5609424,7.7828811000072164,7941,0.051025,0.014893,1.057129,0.59542,3.580153,-1.206107,1.058464,3.824488,842,1354,512,842,0,100.0,0,normal
1780595599.5923295,7.814268000001903,7972,0.045654,-0.050781,1.049072,2.458015,2.755725,-0.419847,1.051292,3.716468,843,1357,514,843,1,100.0,18,normal
1780595599.6223674,7.844306099999812,8003,0.023682,-0.012695,1.042725,2.068702,2.259542,-0.671756,1.043071,3.13629,849,1364,515,849,0,100.0,0,normal
1780595599.6535842,7.875522899994394,8034,0.024658,-0.04126,1.050293,0.335878,3.068702,-0.793893,1.051392,3.187478,851,1368,517,851,0,100.0,1,normal
1780595599.685229,7.907167700002901,8065,0.040527,-0.039307,1.05249,2.618321,3.038168,-0.145038,1.054003,4.013366,853,1373,520,853,1,100.0,14,normal
1780595599.715225,7.93716349999886,8096,0.040039,0.003418,1.047119,1.358779,2.725191,-0.770992,1.04789,3.141238,858,1380,522,858,0,114.695,1,normal
1780595599.746246,7.968184800003655,8126,0.04248,-0.041748,1.052734,1.053435,2.687023,-1.328244,1.054418,3.177114,860,1384,524,860,0,114.695,1,normal
1780595599.7777503,7.999688800002332,8157,0.04126,-0.024414,1.049072,2.954198,3.610687,-0.083969,1.050167,4.665983,863,1389,526,863,1,114.695,14,normal
1780595599.8084817,8.030420399998548,8189,0.036621,-0.010498,1.045166,0.526718,3.328244,-1.465649,1.04586,3.674611,868,1396,528,868,0,114.695,1,normal
1780595599.8395097,8.06144829999539,8219,0.032959,-0.032227,1.05957,1.580153,2.801527,-1.21374,1.060572,3.437819,870,1400,530,870,0,114.695,0,normal
1780595599.871707,8.09364550000464,8251,0.048828,-0.023926,1.060791,2.244275,2.755725,-0.519084,1.062184,3.59169,873,1406,533,873,0,114.695,5,normal
1780595599.9004488,8.122387499999604,8282,0.05957,-0.003662,1.054443,0.381679,3.770992,-0.984733,1.056131,3.91609,877,1412,535,877,0,114.695,0,normal
1780595599.9319937,8.153932300003362,8312,0.050537,-0.04248,1.056396,2.045802,2.51145,-0.351145,1.058457,3.258219,879,1417,538,879,1,114.695,14,normal
1780595599.9640174,8.185955900000408,8344,0.039795,-0.002441,1.050293,1.458015,2.099237,-0.549618,1.051049,2.614323,884,1424,540,884,0,114.695,1,normal
1780595599.993811,8.21574949999922,8375,0.03125,-0.019775,1.053223,0.648855,2.885496,-0.78626,1.053872,3.060279,886,1428,542,886,0,100.358,0,normal
1780595600.0268369,8.24877550000383,8406,0.049072,-0.017334,1.053711,3.015267,3.007634,-0.290076,1.054995,4.268705,888,1433,545,888,1,100.358,14,normal
1780595600.0564532,8.278391900006682,8437,0.056396,0.000977,1.054688,0.931298,2.320611,-1.114504,1.056195,2.737639,893,1440,547,893,0,100.358,0,normal
1780595600.0881343,8.310073000000557,8468,0.04126,-0.052002,1.062988,1.541985,2.244275,-1.076336,1.065059,2.927966,895,1444,549,895,0,100.358,0,normal
1780595600.119254,8.34119279999868,8499,0.057373,-0.020508,1.047363,2.763359,3.549618,-0.442748,1.049134,4.520174,899,1450,551,899,0,100.358,5,normal
1780595600.1517076,8.373646299995016,8531,0.044189,0.014404,1.054688,0.633588,3.40458,-1.030534,1.055711,3.613115,903,1456,553,903,0,100.358,0,normal
1780595600.1832192,8.405157700006384,8562,0.038086,-0.045654,1.051514,2.007634,2.870229,-0.274809,1.053193,3.51345,905,1461,556,905,1,100.358,14,normal
1780595600.2138746,8.435813200005214,8593,0.035156,-0.01001,1.053223,2.10687,2.412214,-0.549618,1.053857,3.249578,910,1468,558,910,0,100.358,1,normal
1780595600.243159,8.465097699998296,8624,0.041748,-0.006836,1.054199,0.435114,3.755725,-1.022901,1.055048,3.916774,912,1472,560,912,0,100.358,0,normal
1780595600.2754648,8.497403300003498,8655,0.033691,-0.051025,1.046143,2.381679,2.946565,-0.29771,1.047928,3.80043,914,1477,563,914,1,100.0,14,normal
1780595600.305565,8.527503799996339,8686,0.036621,0.000732,1.045654,1.122137,2.633588,-0.870229,1.046296,2.992035,919,1484,565,919,0,100.0,0,normal
1780595600.3367896,8.558728100004373,8717,0.031738,-0.04541,1.055664,1.015267,2.725191,-0.633588,1.057117,2.976385,921,1488,567,921,0,100.0,0,normal
1780595600.3680377,8.58997640000598,8748,0.039307,-0.017334,1.04834,3.351145,3.465649,-0.167939,1.04922,4.823806,925,1494,569,925,0,100.0,5,normal
1780595600.3978221,8.619760700006736,8779,0.036865,-0.00293,1.047607,0.40458,2.854962,-1.290076,1.04826,3.158922,929,1500,571,929,0,100.0,0,normal
1780595600.430262,8.652200600001379,8810,0.046143,-0.040283,1.055908,1.80916,3.206107,-0.80916,1.057683,3.769207,930,1502,572,930,0,100.0,5,normal
1780595600.4611378,8.68307630000345,8841,0.045654,-0.031494,1.064209,2.358779,3.358779,-0.480916,1.065653,4.132374,935,1508,573,935,0,100.0,6,normal
1780595600.4914365,8.713375100007397,8872,0.041016,0.004639,1.048828,0.473282,3.648855,-1.030534,1.04964,3.821013,939,1514,575,939,0,100.0,0,normal
1780595600.5216427,8.743581300004735,8902,0.050049,-0.040771,1.05542,2.160305,2.900763,-0.312977,1.057392,3.630331,941,1519,578,941,1,100.0,14,normal
1780595600.5534275,8.775366000001668,8933,0.029541,-0.022217,1.056396,2.145038,2.458015,-0.656489,1.057043,3.327763,946,1526,580,946,0,111.511,0,normal
1780595600.5847616,8.806700200002524,8965,0.045898,-0.01416,1.051758,0.480916,3.251908,-1.015267,1.052854,3.440488,948,1530,582,948,0,111.511,1,normal
1780595600.6171768,8.839115399998263,8996,0.048584,-0.058594,1.048584,2.748092,3.022901,-0.343511,1.051343,4.099748,950,1535,585,950,1,111.511,14,normal
1780595600.64594,8.867878599994583,9027,0.049561,0.004883,1.046631,0.908397,2.480916,-0.70229,1.047815,2.733741,955,1542,587,955,0,111.511,1,normal
1780595600.678754,8.900692800001707,9058,0.057861,-0.054688,1.056885,1.312977,2.770992,-0.847328,1.059879,3.181238,957,1546,589,957,0,111.511,1,normal
1780595600.7089143,8.930852899997262,9089,0.063965,-0.017578,1.054932,3.236641,3.541985,-0.603053,1.057015,4.835822,961,1552,591,961,0,111.511,5,normal
1780595600.7398322,8.961770800000522,9120,0.048096,-0.005371,1.046875,0.114504,3.320611,-1.244275,1.047993,3.547927,965,1558,593,965,0,111.511,1,normal
1780595600.7711396,8.993078200001037,9151,0.054199,-0.03833,1.068848,2.427481,3.030534,-0.664122,1.070907,3.939272,966,1560,594,966,1,111.511,5,normal
1780595600.8038735,9.025812100007897,9183,0.022217,-0.022949,1.044434,1.732824,2.664122,-0.29771,1.044922,3.191999,971,1568,597,971,0,100.0,1,normal
1780595600.8349898,9.056928499994683,9215,0.031006,-0.034912,1.05835,0.725191,2.419847,-0.801527,1.059379,2.650284,973,1572,599,973,0,100.0,0,normal
1780595600.8668694,9.088808100001188,9246,0.054199,-0.018311,1.064453,3.045802,2.541985,-0.412214,1.065989,3.988548,976,1577,601,976,1,100.0,14,normal
1780595600.8960905,9.118029000004753,9277,0.049805,-0.00293,1.050781,0.832061,2.717557,-1.076336,1.051965,3.039069,981,1584,603,981,0,100.0,1,normal
1780595600.927506,9.149444499998935,9308,0.045654,-0.049561,1.060303,1.519084,2.427481,-1.122137,1.062442,3.075626,983,1588,605,983,0,100.0,0,normal
1780595600.958618,9.180556599996635,9339,0.058594,-0.024414,1.056396,3.251908,3.10687,-0.603053,1.058302,4.537756,987,1594,607,987,0,100.0,5,normal
1780595600.9896665,9.211605000004056,9370,0.048584,-0.008301,1.034668,-0.061069,2.839695,-1.358779,1.035841,3.148631,990,1598,608,990,0,100.0,5,normal
1780595601.0243683,9.246306900007767,9401,0.056152,-0.05249,1.064453,2.137405,3.045802,-0.40458,1.067225,3.742872,992,1603,611,992,1,100.0,14,normal
1780595601.0527844,9.274723099995754,9432,0.047607,-0.02124,1.056152,1.885496,2.610687,-0.656489,1.057438,3.286603,996,1608,612,996,0,100.0,5,normal
1780595601.0838866,9.30582520000462,9463,0.066406,-0.010742,1.064697,0.671756,3.442748,-0.641221,1.06682,3.565801,1000,1614,614,1000,0,103.571,0,normal
1780595601.115127,9.33706560000428,9494,0.039307,-0.051758,1.059326,2.274809,2.312977,-0.641221,1.061318,3.30693,1002,1619,617,1002,1,103.571,14,normal
1780595601.1449096,9.366848300007405,9525,0.042969,-0.006592,1.061768,1.435114,2.59542,-0.641221,1.062657,3.034291,1007,1626,619,1007,0,103.571,0,normal
1780595601.174969,9.39690750000591,9555,0.041504,-0.015137,1.06543,0.496183,3.305344,-1.221374,1.066345,3.558546,1009,1630,621,1009,0,103.571,0,normal
1780595601.207559,9.429497699995409,9586,0.040527,-0.063232,1.046387,2.167939,2.931298,-0.450382,1.049079,3.673596,1011,1635,624,1011,1,103.571,14,normal
1780595601.2362525,9.458191099998658,9617,0.041992,0.017578,1.054199,1.29771,2.374046,-1.145038,1.055182,2.9379,1016,1642,626,1016,0,103.571,0,normal
1780595601.2675712,9.489509799997904,9647,0.030518,-0.053711,1.04541,0.847328,2.396947,-0.656489,1.047234,2.625699,1017,1644,627,1017,0,103.571,5,normal
1780595601.298381,9.520319799994468,9678,0.042969,-0.011963,1.055176,2.931298,3.519084,-0.580153,1.056118,4.616604,1020,1649,629,1020,1,103.571,14,normal
1780595601.3292754,9.55121400000644,9709,0.038574,-0.000977,1.039062,0.931298,2.946565,-0.961832,1.039779,3.236461,1025,1656,631,1025,0,103.571,0,normal
1780595601.3606763,9.582614900005865,9740,0.0354,-0.042725,1.071045,1.770992,2.908397,-0.969466,1.072481,3.540487,1027,1660,633,1027,0,97.473,0,normal
1780595601.39151,9.613448699994478,9771,0.054688,-0.035645,1.05835,2.580153,3.709924,-0.152672,1.060361,4.521508,1031,1666,635,1031,0,97.473,6,normal
1780595601.4233272,9.645265900006052,9802,0.051025,-0.011963,1.050049,0.427481,3.160305,-1.08397,1.051356,3.368272,1035,1672,637,1035,0,97.473,0,normal
1780595601.4530728,9.675011500003166,9833,0.050537,-0.048096,1.056152,2.167939,2.938931,-0.572519,1.058454,3.696627,1037,1677,640,1037,1,97.473,14,normal
1780595601.4838028,9.705741400000989,9864,0.03833,-0.018066,1.05127,1.778626,2.473282,-0.732824,1.052123,3.133316,1041,1683,642,1041,1,97.473,3,normal
1780595601.514418,9.736356599998544,9895,0.046387,-0.012451,1.047119,0.687023,3.290076,-1.198473,1.04822,3.568324,1044,1688,644,1044,0,97.473,1,normal
1780595601.547055,9.768993499994394,9926,0.039307,-0.05542,1.037598,2.076336,2.625954,-0.572519,1.03982,3.39626,1046,1693,647,1046,1,97.473,14,normal
1780595601.576724,9.798662700006389,9957,0.036865,-0.008789,1.048096,1.48855,2.48855,-0.870229,1.048781,3.027533,1051,1700,649,1051,0,97.473,0,normal
1780595601.6084003,9.83033900000737,9988,0.044434,-0.051758,1.053711,0.671756,2.740458,-0.832061,1.055917,2.941716,1052,1702,650,1052,0,97.473,5,normal
1780595601.6405401,9.862478800001554,10020,0.049561,-0.019531,1.043945,3.167939,3.152672,-0.305344,1.045304,4.479778,1056,1708,652,1056,0,103.571,6,normal
1780595601.67164,9.893578500006697,10052,0.052734,-0.009766,1.05249,0.870229,3.564885,-0.656489,1.053856,3.727825,1060,1714,654,1060,0,103.571,1,normal
1780595601.7023427,9.924281300001894,10083,0.052246,-0.042236,1.060059,2.0,3.015267,-0.259542,1.062185,3.627561,1062,1719,657,1062,1,103.571,13,normal
1780595601.7360213,9.957959799998207,10114,0.043457,-0.018066,1.05957,1.946565,2.580153,-0.59542,1.060615,3.286461,1066,1725,659,1066,0,103.571,3,normal
1780595601.7651238,9.987062500003958,10145,0.04541,-0.011963,1.068848,0.938931,2.984733,-1.320611,1.069879,3.396209,1069,1730,661,1069,0,103.571,1,normal
1780595601.7971566,10.019095199997537,10176,0.043945,-0.046387,1.048828,2.381679,2.450382,-0.78626,1.050773,3.506419,1071,1735,664,1071,1,103.571,14,normal
1780595601.8267915,10.048730199996498,10208,0.052002,-0.002441,1.052978,1.244275,2.435115,-1.0,1.054265,2.911701,1075,1740,665,1075,0,103.571,5,normal
1780595601.8583884,10.08032710000407,10238,0.021973,-0.043945,1.050049,0.824427,2.709924,-0.839695,1.051198,2.954396,1077,1744,667,1077,0,103.571,1,normal
1780595601.889814,10.111752400000114,10269,0.057373,-0.017822,1.048096,3.10687,3.526718,-0.503817,1.049816,4.726966,1080,1749,669,1080,1,103.571,14,normal
1780595601.9201362,10.142074799994589,10301,0.03833,0.000244,1.045898,0.557252,2.877863,-1.427481,1.046601,3.260418,1085,1756,671,1085,0,103.203,1,normal
1780595601.9524887,10.174427200006903,10332,0.04248,-0.036377,1.06543,2.038168,3.167939,-0.770992,1.066897,3.845048,1087,1760,673,1087,0,103.203,1,normal
1780595601.9839523,10.205890900004306,10363,0.042236,-0.015381,1.052246,2.259542,3.076336,-0.679389,1.053206,3.876976,1092,1766,674,1092,0,103.203,5,normal
1780595602.013828,10.235766600002535,10394,0.049805,0.006348,1.058594,0.366412,3.740458,-1.21374,1.059784,3.949487,1096,1772,676,1096,0,103.203,1,normal
1780595602.0463207,10.26825920000556,10425,0.024902,-0.040771,1.044678,2.51145,2.442748,-0.770992,1.04577,3.587315,1098,1777,679,1098,1,103.203,15,normal
1780595602.0777667,10.299705199999153,10457,0.035889,-0.005859,1.046143,1.305344,2.229008,-0.816794,1.046774,2.70916,1103,1784,681,1103,0,103.203,0,normal
1780595602.1130426,10.334981299994979,10488,0.044678,-0.045654,1.055664,0.732824,2.519084,-0.458015,1.057595,2.663192,1104,1786,682,1104,0,103.203,5,normal
1780595602.139679,10.361617500006105,10519,0.050293,-0.019043,1.057861,3.045802,2.946565,-0.221374,1.059227,4.243602,1107,1791,684,1107,1,103.203,14,normal
1780595602.172797,10.394735599998967,10551,0.048828,-0.016357,1.046387,0.465649,3.061069,-1.045802,1.047653,3.26813,1112,1798,686,1112,0,108.0,1,normal
1780595602.2025783,10.424517000006745,10582,0.038574,-0.032715,1.062988,1.923664,3.061069,-0.793893,1.064191,3.701472,1114,1802,688,1114,0,108.0,0,normal
1780595602.2332382,10.455176899995422,10613,0.045166,-0.021973,1.05542,2.129771,2.977099,-0.21374,1.056614,3.666705,1119,1808,689,1119,0,108.0,5,normal
1780595602.2649899,10.48692850000225,10644,0.043945,0.013428,1.061768,0.549618,3.564885,-0.916031,1.062761,3.721505,1123,1814,691,1123,0,108.0,1,normal
1780595602.295368,10.517306599998847,10675,0.041748,-0.046875,1.048584,2.51145,2.687023,-0.427481,1.050461,3.702731,1125,1819,694,1125,1,108.0,14,normal
1780595602.326589,10.548527799997828,10706,0.031982,-0.001221,1.055176,1.419847,2.366412,-0.603053,1.055661,2.824809,1131,1826,695,1131,0,108.0,0,normal
1780595602.3568063,10.578744800004642,10737,0.02002,-0.04834,1.042725,0.442748,2.534351,-1.08397,1.044036,2.791765,1133,1830,697,1133,0,108.0,0,normal
1780595602.388368,10.61030660000688,10768,0.04541,-0.04126,1.047607,2.687023,3.366412,-0.244275,1.049402,4.31422,1135,1835,700,1135,1,108.0,14,normal
1780595602.4172983,10.639236999995774,10798,0.054932,-0.018799,1.054932,1.282443,2.816794,-0.496183,1.056528,3.134515,1140,1842,702,1140,0,108.0,1,normal
1780595602.4491234,10.671062099994742,10829,0.041016,-0.049561,1.044434,0.916031,2.603053,-1.419847,1.046413,3.10338,1141,1844,703,1141,0,104.317,5,normal
1780595602.4812286,10.703167100000428,10861,0.039307,-0.013428,1.055908,2.89313,3.229008,-0.183206,1.056725,4.339384,1145,1850,705,1145,0,104.317,5,normal
1780595602.51272,10.734658600005787,10893,0.076172,-0.003418,1.060303,0.412214,3.618321,-1.007634,1.063041,3.778556,1149,1856,707,1149,0,104.317,1,normal
1780595602.5450447,10.766983199995593,10924,0.068604,-0.036865,1.059814,2.343511,2.557252,-0.396947,1.062672,3.491296,1151,1861,710,1151,1,104.317,14,normal
1780595602.5759413,10.797879999998258,10956,0.026123,-0.011475,1.051758,1.221374,2.740458,-0.419847,1.052145,3.029544,1156,1868,712,1156,0,104.317,0,normal
1780595602.60787,10.829808700000285,10988,0.03418,-0.050537,1.043213,0.717557,2.854962,-0.938931,1.044995,3.089868,1158,1872,714,1158,0,104.317,0,normal
1780595602.6390111,10.860949699999765,11019,0.050293,-0.019531,1.051514,3.007634,3.053435,-0.206107,1.052897,4.290898,1161,1877,716,1161,1,104.317,14,normal
1780595602.6719143,10.8938530000014,11051,0.049805,-0.018799,1.049316,0.557252,2.824427,-1.122137,1.050666,3.08984,1166,1884,718,1166,0,104.317,1,normal
1780595602.703098,10.925036600005114,11082,0.04126,-0.051758,1.044922,2.099237,2.748092,-0.969466,1.047016,3.591472,1168,1889,721,1168,1,106.719,14,normal
1780595602.735571,10.957509600004414,11114,0.029297,-0.016846,1.051514,2.229008,2.671756,-0.328244,1.052057,3.494925,1173,1896,723,1173,0,106.719,1,normal
1780595602.7725172,10.994455899999593,11146,0.049316,-0.049316,1.053467,0.580153,2.625954,-0.977099,1.055773,2.861282,1175,1900,725,1175,0,106.719,0,normal
1780595602.803537,11.025475500005996,11183,0.019043,-0.009766,1.043213,0.923664,2.450382,-0.48855,1.043432,2.66387,1181,1908,727,1181,0,106.719,1,normal
1780595602.8345828,11.05652139999438,11214,0.023682,-0.048584,1.055908,0.854962,2.450382,-0.717557,1.057291,2.692623,1183,1912,729,1183,0,106.719,1,normal
1780595602.8651867,11.087125200006994,11245,0.039551,-0.038574,1.048096,2.694656,3.389313,-0.580153,1.049551,4.36866,1185,1917,732,1185,1,106.719,14,normal
1780595602.896379,11.118317700005719,11276,0.031494,0.014404,1.04126,0.641221,2.519084,-1.099237,1.041836,2.822281,1190,1924,734,1190,0,106.719,1,normal
1780595602.9274037,11.1493424000073,11307,0.020264,-0.045166,1.050781,1.59542,2.633588,-0.709924,1.051947,3.159928,1192,1928,736,1192,0,106.719,0,normal
1780595602.9592283,11.18116700000246,11338,0.040771,-0.026855,1.05127,2.984733,3.015267,-0.694656,1.052402,4.299188,1195,1932,737,1195,0,105.469,5,normal
1780595602.9884732,11.210411699998076,11370,0.05542,-0.005127,1.049561,0.748092,3.076336,-1.29771,1.051035,3.421628,1199,1938,739,1199,0,105.469,1,normal
1780595603.0210247,11.242963299999246,11400,0.024414,-0.048828,1.058106,2.320611,2.877863,-0.687023,1.059513,3.76023,1201,1942,741,1201,1,105.469,0,normal
1780595603.0520854,11.274023999998462,11432,0.021484,-0.005371,1.052002,1.526718,2.251908,-0.740458,1.052235,2.819616,1206,1950,744,1206,0,105.469,1,normal
1780595603.0831966,11.30513520000386,11463,0.049561,-0.016113,1.049316,0.992366,3.267176,-0.984733,1.05061,3.55372,1208,1954,746,1208,0,105.469,0,normal
1780595603.1144707,11.336409399998956,11494,0.054199,-0.056885,1.049805,2.282443,2.824427,-0.358779,1.052741,3.649063,1210,1959,749,1210,1,105.469,14,normal
1780595603.146142,11.368080700005521,11526,0.037354,0.009033,1.048828,1.19084,3.236641,-0.618321,1.049532,3.50375,1215,1966,751,1215,0,105.469,1,normal
1780595603.1779518,11.399890500004403,11557,0.044678,-0.027588,1.059082,1.374046,3.061069,-1.19084,1.060383,3.560371,1216,1968,752,1216,0,105.469,5,normal
1780595603.2081287,11.430067299996153,11588,0.044922,-0.015869,1.057617,2.770992,3.0,-0.70229,1.05869,4.143864,1220,1974,754,1220,0,100.0,5,normal
1780595603.238241,11.460179500005324,11619,0.032227,-0.014404,1.048584,0.633588,2.961832,-1.389313,1.049178,3.332278,1224,1980,756,1224,0,100.0,1,normal
1780595603.270442,11.492380600000615,11650,0.02124,-0.04541,1.052246,2.21374,2.89313,-1.068702,1.05344,3.796442,1226,1984,758,1226,1,100.0,0,normal
1780595603.301927,11.523865600000136,11681,0.060059,-0.018799,1.053223,2.206107,2.969466,-0.564886,1.055101,3.742156,1231,1990,759,1231,0,100.0,5,normal
1780595603.3330753,11.555013999997755,11713,0.053711,-0.012207,1.06543,0.946565,3.641221,-0.89313,1.066853,3.866802,1235,1996,761,1235,0,100.0,0,normal
1780595603.3638077,11.585746199998539,11744,0.064697,-0.055176,1.054199,2.687023,2.633588,-0.320611,1.057623,3.776065,1237,2001,764,1237,1,100.0,14,normal
1780595603.3958504,11.617788999996264,11775,0.059082,-0.011719,1.053955,1.557252,2.396947,-0.732824,1.055675,2.950834,1242,2008,766,1242,0,100.0,1,normal
1780595603.4276853,11.649623899997096,11806,0.024658,-0.041992,1.064209,0.862595,2.465649,-0.709924,1.065322,2.706933,1244,2012,768,1244,0,100.0,0,normal
1780595603.4569383,11.678876799996942,11837,0.04541,-0.015381,1.044922,2.648855,3.374046,-0.770992,1.046021,4.358331,1246,2015,769,1246,1,100.0,16,normal
1780595603.488438,11.71037640000577,11868,0.045898,-0.016602,1.034668,1.045802,2.984733,-0.931298,1.035819,3.296914,1251,2022,771,1251,0,110.714,0,normal
1780595603.519854,11.741792600005283,11899,0.044678,-0.032227,1.064453,1.564886,2.526718,-1.022901,1.065878,3.143166,1253,2026,773,1253,0,110.714,0,normal
1780595603.552297,11.774235699995188,11931,0.056885,-0.016357,1.045898,2.305344,3.045802,-0.389313,1.047572,3.839672,1257,2032,775,1257,0,110.714,5,normal
1780595603.5825763,11.80451479999465,11962,0.060303,-0.008789,1.05249,0.419847,3.709924,-1.053435,1.054253,3.879373,1261,2038,777,1261,0,110.714,0,normal
1780595603.6132646,11.835203099995852,11993,0.027344,-0.055176,1.044922,2.21374,2.984733,-0.412214,1.046735,3.738876,1263,2043,780,1263,1,110.714,14,normal
1780595603.646745,11.868683499997132,12025,0.059814,-0.025391,1.057617,1.381679,2.450382,-0.671756,1.059611,2.892173,1268,2050,782,1268,0,110.714,0,normal
1780595603.6763875,11.898326199996518,12056,0.028564,-0.055908,1.051025,0.610687,2.534351,-1.122137,1.052899,2.838145,1270,2054,784,1270,0,110.714,0,normal
1780595603.707674,11.9296125999972,12087,0.043457,-0.022461,1.05542,2.725191,2.656489,-0.10687,1.056553,3.807232,1273,2059,786,1273,1,110.714,14,normal
1780595603.7390218,11.960960399999749,12119,0.0271,-0.015381,1.047852,0.251908,3.374046,-1.427481,1.048315,3.67224,1278,2066,788,1278,0,107.57,0,normal
1780595603.7692752,11.991213700006483,12150,0.020996,-0.049072,1.059326,2.343511,3.068702,-0.519084,1.06067,3.89595,1280,2071,791,1280,1,107.57,14,normal
1780595603.801333,12.023271600002772,12181,0.05249,-0.022705,1.052978,2.10687,3.175573,-0.656489,1.05453,3.867058,1282,2074,792,1282,0,107.57,5,normal
1780595603.832605,12.054543499994907,12212,0.057129,-0.005615,1.065674,0.778626,3.419847,-0.778626,1.067219,3.592753,1286,2080,794,1286,0,107.57,0,normal
1780595603.8632624,12.085200999994413,12243,0.026611,-0.04541,1.04541,2.374046,3.160305,-0.458015,1.046734,3.97912,1288,2085,797,1288,1,107.57,14,normal
1780595603.8958986,12.117837300000247,12275,0.053467,-0.010986,1.049561,1.381679,2.618321,-0.656489,1.050979,3.032428,1293,2092,799,1293,0,107.57,0,normal
1780595603.9262471,12.148185700003523,12306,0.038818,-0.057861,1.066894,0.900763,2.389313,-0.610687,1.069167,2.625477,1295,2096,801,1295,0,107.57,0,normal
1780595603.9581287,12.180067199995392,12337,0.048584,-0.016846,1.044678,3.022901,3.351145,-0.603053,1.045943,4.553216,1298,2101,803,1298,1,107.57,14,normal
1780595603.9882467,12.210185200005071,12368,0.053711,-0.011475,1.048828,0.755725,2.916031,-1.335878,1.050265,3.295288,1303,2108,805,1303,0,107.57,0,normal
1780595604.0186632,12.240601700003026,12399,0.047119,-0.026611,1.083496,1.801527,3.053435,-0.916031,1.084847,3.661704,1304,2110,806,1304,0,92.857,6,normal
1780595604.0498548,12.271793399995659,12430,0.043701,-0.018799,1.06543,2.610687,3.312977,-0.007634,1.066491,4.218004,1308,2116,808,1308,0,92.857,6,normal
1780595604.081073,12.3030116000009,12461,0.045654,-0.000732,1.046143,0.763359,3.564885,-1.145038,1.047139,3.821287,1312,2122,810,1312,0,92.857,0,normal
1780595604.113294,12.335232500001439,12492,0.045654,-0.033936,1.064453,2.274809,2.48855,-0.473282,1.065972,3.404648,1314,2127,813,1314,1,92.857,14,normal
1780595604.156952,12.378890399995726,12523,0.041748,-0.012695,1.050293,1.923664,2.167939,-0.343511,1.051199,2.918637,1319,2134,815,1319,0,92.857,0,normal
1780595604.173862,12.395800500002224,12554,0.030762,-0.013428,1.054443,0.916031,2.755725,-1.0,1.054977,3.07134,1321,2138,817,1321,0,92.857,0,normal
1780595604.2049723,12.42691090000153,12584,0.048096,-0.054932,1.062012,2.48855,2.832061,-0.526718,1.064518,3.806689,1323,2143,820,1323,1,92.857,14,normal
1780595604.2358556,12.457794100002502,12615,0.044434,0.001953,1.064697,1.236641,2.251908,-0.770992,1.065626,2.682313,1328,2150,822,1328,0,92.857,1,normal
1780595604.2666101,12.488548699999228,12646,0.043213,-0.046143,1.048096,0.641221,2.877863,-0.717557,1.050001,3.034493,1330,2154,824,1330,0,92.857,0,normal
1780595604.2965243,12.518462899999577,12677,0.060791,-0.008789,1.055176,3.076336,3.480916,-0.312977,1.056962,4.656026,1332,2157,825,1332,1,100.719,17,normal
1780595604.3272116,12.549150200007716,12707,0.044189,0.01001,1.05542,1.435114,3.038168,-0.725191,1.056392,3.437429,1337,2164,827,1337,0,100.719,0,normal
1780595604.3590517,12.580990300004487,12738,0.025391,-0.046875,1.05835,1.343511,2.435115,-0.748092,1.059691,2.880008,1339,2168,829,1339,0,100.719,0,normal
1780595604.3894756,12.61141409999982,12769,0.046875,-0.02002,1.046875,3.351145,3.450382,-0.435114,1.048115,4.829558,1342,2173,831,1342,0,100.719,14,normal
1780595604.4195223,12.64146100000653,12800,0.044434,-0.003662,1.056152,0.381679,2.908397,-1.229008,1.057093,3.180395,1347,2180,833,1347,0,100.719,0,normal
1780595604.4533725,12.675310999999056,12831,0.047607,-0.04126,1.064209,1.862595,3.053435,-0.587786,1.066072,3.624668,1349,2184,835,1349,0,100.719,1,normal
1780595604.4820614,12.703999999997905,12862,0.054443,-0.032715,1.052734,2.244275,2.954198,-0.458015,1.054649,3.73816,1354,2190,836,1354,0,100.719,6,normal
1780595604.5116732,12.733611799994833,12893,0.05249,0.0,1.056152,0.480916,3.70229,-1.305344,1.057456,3.955016,1358,2196,838,1358,0,100.719,0,normal
1780595604.5440483,12.765986900005373,12923,0.036865,-0.037598,1.054688,2.312977,2.732824,-0.51145,1.056001,3.616597,1360,2201,841,1360,1,100.719,14,normal
1780595604.5753162,12.797254899996915,12955,0.029053,-0.002441,1.044678,1.671756,2.312977,-0.732824,1.045084,2.946466,1366,2208,842,1366,0,122.302,0,normal
1780595604.6063738,12.828312400000868,12986,0.061768,-0.015381,1.062256,0.587786,2.78626,-0.977099,1.064161,3.010558,1368,2212,844,1368,0,122.302,1,normal
1780595604.638964,12.860902500004158,13018,0.054443,-0.031738,1.055176,3.007634,3.389313,-0.534351,1.057056,4.562766,1370,2217,847,1370,1,122.302,14,normal
1780595604.6687615,12.890700000003562,13049,0.036865,-0.012695,1.046143,0.412214,2.778626,-0.954198,1.046869,2.966678,1375,2224,849,1375,0,122.302,0,normal
1780595604.7004497,12.922388200007845,13080,0.039551,-0.030029,1.068604,1.580153,3.114504,-1.282443,1.069757,3.72044,1377,2228,851,1377,0,122.302,1,normal
1780595604.7327619,12.954700400005095,13112,0.045166,-0.036377,1.063477,2.381679,3.160305,-0.351145,1.065057,3.972811,1381,2234,853,1381,0,122.302,6,normal
1780595604.7631981,12.985136799994507,13143,0.046875,0.003174,1.05542,0.70229,3.503817,-0.862595,1.056465,3.676141,1385,2240,855,1385,0,122.302,0,normal
1780595604.794262,13.016200500002014,13174,0.039062,-0.052246,1.049316,2.068702,2.48855,-0.381679,1.051342,3.258541,1387,2245,858,1387,1,122.302,14,normal
1780595604.8256245,13.047563000000082,13206,0.040527,-0.009521,1.058594,1.389313,2.603053,-0.366412,1.059412,2.97327,1393,2252,859,1393,0,107.57,0,normal
1780595604.8568602,13.07879870000761,13237,0.030273,-0.053711,1.049561,0.862595,2.335878,-0.534351,1.05137,2.546748,1395,2256,861,1395,0,107.57,1,normal
1780595604.8877382,13.109676899999613,13268,0.058838,-0.030273,1.049561,2.923664,3.374046,-0.381679,1.051644,4.480812,1398,2261,863,1398,1,107.57,13,normal
1780595604.9182653,13.140203899994958,13299,0.038574,-0.003906,1.042725,0.816794,2.717557,-1.160305,1.043445,3.06571,1403,2268,865,1403,0,107.57,0,normal
1780595604.949052,13.170990800004802,13329,0.056885,-0.060303,1.054932,1.259542,2.618321,-0.717557,1.058184,2.992814,1405,2272,867,1405,0,107.57,1,normal
1780595604.9822805,13.204219100007322,13360,0.046631,-0.023926,1.052246,2.824427,3.656489,-0.625954,1.05355,4.662523,1409,2278,869,1409,0,107.57,6,normal
1780595605.013311,13.235249599994859,13392,0.052734,-0.023682,1.049072,0.267176,3.358779,-1.068702,1.050664,3.534813,1413,2284,871,1413,0,107.57,1,normal
1780595605.0507686,13.272707199997967,13423,0.047852,-0.034912,1.056885,2.274809,3.038168,-0.687023,1.058543,3.8571,1415,2289,874,1415,1,107.57,13,normal
1780595605.0755007,13.297439300004044,13454,0.038574,-0.028564,1.056641,2.076336,2.175573,-0.656489,1.05773,3.078192,1420,2296,876,1420,0,107.57,0,normal
1780595605.1063673,13.328305999995791,13486,0.046875,-0.01416,1.066162,0.541985,2.80916,-1.038168,1.067286,3.043505,1422,2300,878,1422,0,103.571,1,normal
1780595605.1378775,13.35981609999726,13517,0.064209,-0.032227,1.055664,3.435115,2.778626,-0.290076,1.058106,4.427744,1423,2303,880,1423,1,103.571,17,normal
1780595605.1693914,13.391330099999323,13549,0.046875,-0.012451,1.049805,0.984733,2.885496,-1.015267,1.050924,3.213496,1428,2310,882,1428,0,103.571,1,normal
1780595605.2008615,13.42280010000104,13580,0.034912,-0.037109,1.071045,1.824428,2.480916,-0.946565,1.072256,3.221718,1430,2314,884,1430,0,103.571,1,normal
1780595605.2307527,13.45269140000164,13611,0.054932,-0.022217,1.052978,2.587786,3.358779,-0.160305,1.054644,4.24308,1434,2320,886,1434,0,103.571,5,normal
1780595605.2626555,13.484594099994865,13642,0.047119,-0.020508,1.046875,0.770992,2.908397,-1.526718,1.048136,3.374028,1438,2326,888,1438,0,103.571,1,normal
1780595605.2940104,13.51594890000706,13673,0.050049,-0.037354,1.056885,2.244275,2.816794,-0.694656,1.058728,3.667921,1440,2331,891,1440,1,103.571,14,normal
1780595605.324184,13.546122500003548,13704,0.037354,-0.019287,1.052734,1.70229,2.946565,-0.732824,1.053573,3.480958,1444,2337,893,1444,0,103.571,4,normal
1780595605.3556278,13.577566499996465,13735,0.045898,-0.01001,1.053711,1.0,3.015267,-1.282443,1.054758,3.425857,1446,2340,894,1446,0,103.571,5,normal
1780595605.3864646,13.608403100006399,13766,0.043213,-0.060547,1.043457,2.450382,2.801527,-0.641221,1.046105,3.776783,1448,2345,897,1448,1,92.857,14,normal
1780595605.4178567,13.639795199997025,13798,0.057617,0.008057,1.047119,1.137405,2.854962,-0.832061,1.048734,3.183838,1453,2352,899,1453,0,92.857,0,normal
1780595605.449872,13.671810600004392,13829,0.037109,-0.056152,1.052002,1.389313,2.427481,-0.70229,1.054153,2.883759,1455,2356,901,1455,0,92.857,1,normal
1780595605.4815397,13.703478299998096,13860,0.053467,-0.020996,1.068604,2.961832,3.442748,-0.450382,1.070146,4.56375,1459,2362,903,1459,0,92.857,6,normal
1780595605.5127747,13.734713199999533,13892,0.052734,0.000244,1.057861,0.664122,3.656489,-1.10687,1.059175,3.877645,1463,2368,905,1463,0,92.857,1,normal
1780595605.5435474,13.765485900003114,13923,0.043701,-0.035156,1.055176,2.053435,2.70229,-0.778626,1.056665,3.482129,1465,2373,908,1465,1,92.857,14,normal
1780595605.5751073,13.797045900006196,13954,0.031006,-0.003662,1.04248,1.847328,2.519084,-0.458015,1.042948,3.157243,1470,2380,910,1470,0,92.857,0,normal
1780595605.6054096,13.827348200007691,13985,0.045166,-0.012695,1.064697,1.061069,3.656489,-0.938931,1.06573,3.921399,1472,2384,912,1472,0,92.857,1,normal
1780595605.635378,13.857316399997217,14016,0.040527,-0.055908,1.050049,2.0,2.419847,-0.396947,1.052317,3.164369,1473,2387,914,1473,1,100.0,17,normal
1780595605.6664038,13.888342399994144,14046,0.035156,0.005859,1.052734,1.465649,2.229008,-0.778626,1.053338,2.779003,1479,2394,915,1479,0,100.0,0,normal
1780595605.697204,13.91914280000492,14077,0.058838,-0.040771,1.05957,0.908397,3.21374,-0.969466,1.061986,3.477524,1481,2398,917,1481,0,100.0,0,normal
1780595605.7280607,13.949999300006311,14108,0.062256,-0.055664,1.050537,2.80916,2.778626,-0.48855,1.053851,3.98131,1483,2403,920,1483,1,100.0,14,normal
1780595605.7590814,13.981019900005776,14139,0.044434,0.00293,1.045654,0.778626,2.412214,-0.862595,1.046602,2.677518,1488,2410,922,1488,0,100.0,1,normal
1780595605.7898698,14.011808299997938,14170,0.045166,-0.052979,1.067139,1.51145,2.251908,-1.259542,1.069407,2.990321,1490,2414,924,1490,0,100.0,0,normal
1780595605.8215234,14.043462000001455,14201,0.055664,-0.019043,1.05542,3.122137,3.091603,-0.503817,1.057058,4.422622,1494,2420,926,1494,0,100.0,6,normal
1780595605.8524606,14.074399200006155,14232,0.045166,-0.006592,1.049805,0.183206,3.183206,-0.984733,1.050796,3.337074,1498,2426,928,1498,0,100.0,1,normal
1780595605.8833284,14.10526710000704,14262,0.044189,-0.035645,1.063477,1.709924,3.015267,-0.946565,1.064991,3.59328,1500,2430,930,1500,0,100.0,0,normal
1780595605.914114,14.136052600006224,14293,0.052246,-0.034424,1.063477,2.267176,2.954198,-0.572519,1.065316,3.767645,1504,2436,932,1504,0,111.913,5,normal
1780595605.9442272,14.166165799993905,14325,0.041504,0.002441,1.060059,0.824427,3.198473,-1.267176,1.060874,3.537746,1508,2442,934,1508,0,111.913,0,normal
1780595605.976201,14.198139700005413,14356,0.0271,-0.046631,1.043945,2.129771,2.748092,-0.496183,1.045338,3.511998,1510,2447,937,1510,1,111.913,14,normal
1780595606.0084825,14.230421000000206,14388,0.045898,-0.001221,1.044189,1.618321,2.419847,-0.656489,1.045198,2.984225,1515,2454,939,1515,0,111.913,1,normal
1780595606.0398688,14.261807400005637,14419,0.038574,-0.046387,1.05249,0.900763,2.961832,-0.778626,1.054218,3.192191,1517,2458,941,1517,0,111.913,0,normal
1780595606.077253,14.299191700003576,14450,0.043457,-0.003174,1.049316,2.938931,3.48855,-0.030534,1.050221,4.561604,1520,2463,943,1520,1,111.913,14,normal
1780595606.1007679,14.322706399994786,14481,0.046143,-0.008789,1.049072,0.793893,3.022901,-0.854962,1.050123,3.24024,1525,2470,945,1525,0,111.913,0,normal
1780595606.132492,14.354430599996704,14512,0.050049,-0.035645,1.05249,1.832061,3.396947,-0.89313,1.054282,3.961486,1527,2474,947,1527,0,111.913,0,normal
1780595606.1635091,14.385447799999383,14543,0.055664,-0.037842,1.058838,2.114504,3.290076,-0.572519,1.060975,3.952658,1531,2480,949,1531,0,108.0,5,normal
1780595606.1951244,14.41706300000078,14575,0.049072,-0.003662,1.063232,0.580153,3.755725,-0.854962,1.06437,3.895255,1535,2486,951,1535,0,108.0,0,normal
1780595606.2262304,14.448169099996448,14606,0.038818,-0.043457,1.043701,2.236641,2.458015,-0.48855,1.045326,3.35903,1537,2491,954,1537,1,108.0,14,normal
1780595606.2564008,14.478339499997674,14637,0.02832,-0.005859,1.049805,1.442748,2.442748,-0.633588,1.050203,2.906884,1542,2498,956,1542,0,108.0,0,normal
1780595606.2884393,14.51037780000479,14668,0.029053,-0.041992,1.051025,0.618321,3.015267,-0.641221,1.052265,3.144093,1544,2502,958,1544,0,108.0,0,normal
1780595606.3201222,14.54206079999858,14699,0.052734,-0.036621,1.057129,3.076336,3.473282,-0.458015,1.059077,4.662329,1547,2507,960,1547,1,108.0,14,normal
1780595606.3502734,14.572212099999888,14730,0.048096,0.006836,1.041992,1.022901,2.580153,-1.038168,1.043124,2.963327,1552,2514,962,1552,0,108.0,0,normal
1780595606.3803046,14.602243200002704,14760,0.05542,-0.054932,1.057373,1.045802,2.687023,-0.839695,1.060248,3.003145,1554,2518,964,1554,0,108.0,0,normal
1780595606.4118607,14.633799200004432,14791,0.058105,-0.015869,1.05835,3.419847,3.259542,-0.175573,1.060062,4.727663,1557,2523,966,1557,1,108.0,14,normal
1780595606.4429784,14.66491710000264,14822,0.05127,-0.011719,1.048096,0.541985,2.938931,-1.183206,1.049414,3.214194,1562,2530,968,1562,0,111.111,0,normal
1780595606.4728153,14.694753899995703,14853,0.046387,-0.032959,1.065674,2.068702,3.274809,-1.08397,1.067192,4.0223,1563,2532,969,1563,0,111.111,5,normal
1780595606.5050466,14.726985100001912,14884,0.043457,-0.025879,1.060059,2.541985,3.122137,-0.458015,1.061264,4.052062,1567,2538,971,1567,0,111.111,5,normal
1780595606.5360398,14.757978399997228,14915,0.060547,0.003906,1.071045,0.610687,3.603053,-1.038168,1.072762,3.799043,1571,2544,973,1571,0,111.111,0,normal
1780595606.5663104,14.788249100005487,14946,0.06958,-0.038574,1.053711,2.290076,2.625954,-0.40458,1.05671,3.507673,1573,2549,976,1573,1,111.111,14,normal
1780595606.5976906,14.819629300007364,14977,0.045654,-0.026855,1.054932,1.664122,3.038168,-0.70229,1.05626,3.534541,1578,2556,978,1578,0,111.111,1,normal
1780595606.6310635,14.853002100004232,15009,0.010742,-0.044434,1.057617,1.053435,2.328244,-0.938931,1.058605,2.722506,1580,2560,980,1580,0,111.111,0,normal
1780595606.6610641,14.883002700007637,15040,0.042969,-0.031738,1.046387,3.083969,2.900763,-0.274809,1.047749,4.242737,1583,2565,982,1583,1,111.111,14,normal
1780595606.6911933,14.913131900000735,15071,0.039062,0.010986,1.051025,0.748092,2.503817,-1.236641,1.051808,2.891024,1588,2572,984,1588,0,111.111,0,normal
1780595606.7235,14.945438700000523,15102,0.047607,-0.042725,1.052246,1.885496,2.687023,-0.954198,1.054189,3.418433,1590,2576,986,1590,0,100.0,0,normal
1780595606.753615,14.975553500000387,15133,0.053711,-0.019531,1.061523,2.862595,3.175573,-0.40458,1.063061,4.294461,1594,2582,988,1594,0,100.0,5,normal
1780595606.785009,15.00694750000548,15164,0.03833,-0.016357,1.045166,0.412214,3.396947,-1.045802,1.045997,3.57811,1598,2588,990,1598,0,100.0,0,normal
1780595606.8157904,15.03772900000331,15195,0.048828,-0.044189,1.064209,2.419847,3.198473,-0.59542,1.066245,4.054678,1600,2592,992,1600,0,100.0,0,normal
1780595606.8466551,15.06859369999438,15226,0.035889,-0.026611,1.056396,1.977099,2.900763,-0.549618,1.057341,3.553228,1605,2598,993,1605,0,100.0,5,normal
1780595606.8770404,15.098979100002907,15257,0.047607,-0.007813,1.06543,1.076336,3.374046,-1.122137,1.066521,3.715088,1609,2604,995,1609,0,100.0,0,normal
1780595606.9086087,15.130547199994908,15288,0.031494,-0.044189,1.049072,1.931298,2.679389,-0.419847,1.050475,3.329461,1611,2609,998,1611,1,100.0,14,normal
1780595606.9394536,15.161392099995282,15319,0.041748,0.002686,1.054932,1.450382,2.610687,-0.832061,1.055761,3.100261,1617,2616,999,1617,0,100.0,0,normal
1780595606.970277,15.192215700008092,15350,0.037109,-0.031982,1.047363,0.755725,2.374046,-0.969466,1.048508,2.673402,1618,2618,1000,1618,0,100.0,6,normal
1780595607.0017836,15.223722299997462,15381,0.05127,-0.018555,1.05249,2.832061,2.725191,-0.664122,1.053902,3.986012,1621,2623,1002,1621,1,111.111,14,normal
1780595607.033651,15.255589699998382,15413,0.035156,-0.01001,1.053955,0.473282,2.648855,-1.656489,1.054589,3.159808,1626,2630,1004,1626,0,111.111,0,normal
1780595607.065365,15.287303699995391,15444,0.046143,-0.038818,1.062988,1.931298,3.015267,-0.709924,1.064697,3.650444,1628,2634,1006,1628,0,111.111,0,normal
1780595607.095889,15.317827699996997,15475,0.052002,-0.030273,1.060547,2.152672,2.839695,-0.832061,1.062252,3.65926,1633,2640,1007,1633,0,111.111,5,normal
1780595607.1281433,15.350082000004477,15507,0.042236,-0.010742,1.060303,0.534351,3.625954,-1.10687,1.061198,3.828608,1637,2646,1009,1637,0,111.111,0,normal
1780595607.1596923,15.381630799995037,15538,0.033691,-0.046387,1.036621,2.587786,2.59542,-0.251908,1.038205,3.673731,1639,2651,1012,1639,1,111.111,14,normal
1780595607.190204,15.412142500004848,15569,0.039307,0.005615,1.049072,1.564886,2.648855,-0.519084,1.049823,3.120056,1643,2656,1013,1643,0,111.111,5,normal
1780595607.2213902,15.443328900000779,15600,0.041016,-0.041504,1.050293,0.778626,2.885496,-0.992366,1.051913,3.149149,1645,2660,1015,1645,0,111.111,0,normal
1780595607.2524915,15.47443000000203,15631,0.056885,-0.018555,1.051758,3.030534,3.160305,-0.458015,1.053458,4.402436,1648,2665,1017,1648,1,108.0,14,normal
1780595607.2818062,15.503744800007553,15662,0.044678,0.007324,1.050293,0.687023,2.732824,-1.022901,1.051268,2.997775,1653,2672,1019,1653,0,108.0,0,normal
1780595607.3135533,15.535491999995429,15693,0.034668,-0.050537,1.05835,1.801527,2.625954,-1.08397,1.060122,3.363944,1655,2676,1021,1655,0,108.0,0,normal
1780595607.3443644,15.566303100000368,15724,0.060303,-0.023926,1.065186,2.877863,4.08397,-0.419847,1.067159,5.013698,1659,2682,1023,1659,0,108.0,5,normal
1780595607.3762867,15.598225399997318,15755,0.05127,-0.01001,1.054443,0.48855,3.435115,-0.961832,1.055736,3.60053,1663,2688,1025,1663,0,108.0,0,normal
1780595607.4069114,15.628850099994452,15786,0.061279,-0.04248,1.05835,2.496183,3.236641,-0.312977,1.060973,4.099357,1665,2693,1028,1665,1,108.0,14,normal
1780595607.43743,15.65936839999631,15817,0.043945,-0.021729,1.056396,1.854962,2.381679,-0.450382,1.057533,3.052232,1669,2698,1029,1669,0,108.0,5,normal
1780595607.466825,15.688763500002096,15848,0.052246,0.006592,1.062744,1.0,3.381679,-0.961832,1.064048,3.655253,1672,2702,1030,1672,0,108.0,6,normal
1780595607.4990695,15.721008000007714,15878,0.040771,-0.041748,1.05542,2.183206,2.641221,-0.427481,1.057032,3.453285,1674,2707,1033,1674,1,108.0,14,normal
1780595607.5296154,15.751553900001454,15909,0.025635,-0.011963,1.048828,1.374046,2.816794,-0.320611,1.04921,3.150416,1680,2714,1034,1680,0,115.108,0,normal
1780595607.5611303,15.783068899996579,15941,0.047607,-0.048096,1.058106,0.908397,2.938931,-1.152672,1.060267,3.284989,1682,2718,1036,1682,0,115.108,0,normal
1780595607.5928314,15.814770099997986,15972,0.063721,-0.042969,1.054199,2.717557,3.175573,-0.496183,1.056997,4.208988,1685,2723,1038,1685,1,115.108,14,normal
1780595607.622551,15.844489600000088,16003,0.053711,-0.004395,1.045166,0.374046,2.564885,-0.847328,1.046554,2.726997,1690,2730,1040,1690,0,115.108,0,normal
1780595607.6550996,15.87703830000828,16034,0.049561,-0.0354,1.069092,1.931298,3.022901,-1.167939,1.070825,3.772522,1692,2734,1042,1692,0,115.108,0,normal
1780595607.6851156,15.907054099996458,16065,0.0625,-0.015869,1.057129,2.870229,3.755725,-0.648855,1.059094,4.771236,1696,2740,1044,1696,0,115.108,6,normal
1780595607.7159607,15.937899299999117,16096,0.040527,-0.002197,1.049072,0.519084,3.541985,-1.175572,1.049857,3.767901,1700,2746,1046,1700,0,115.108,0,normal
1780595607.7475157,15.969454300007783,16127,0.053223,-0.043701,1.050537,2.259542,3.076336,-0.351145,1.052792,3.833102,1702,2751,1049,1702,1,115.108,14,normal
1780595607.778856,16.00079469999764,16158,0.04126,-0.025879,1.054688,1.816794,2.618321,-0.732824,1.055811,3.270072,1706,2757,1051,1706,1,115.108,3,normal
1780595607.8099282,16.03186679999635,16190,0.05249,-0.05127,1.047852,0.587786,3.145038,-0.908397,1.050417,3.32595,1708,2760,1052,1708,0,99.644,5,normal
1780595607.841772,16.063710800008266,16221,0.052002,-0.041016,1.052246,2.366412,2.801527,-0.709924,1.054328,3.735298,1710,2765,1055,1710,1,99.644,13,normal
1780595607.87225,16.09418870000809,16252,0.045898,-0.000488,1.04541,1.282443,2.824427,-0.541985,1.046417,3.148936,1715,2772,1057,1715,0,99.644,0,normal
1780595607.9028795,16.124818199998117,16283,0.030273,-0.042725,1.061035,1.496183,2.679389,-0.89313,1.062326,3.196149,1717,2776,1059,1717,0,99.644,1,normal
1780595607.9340725,16.156011099999887,16314,0.038574,-0.018555,1.048828,3.099237,3.526718,-0.145038,1.049701,4.697238,1721,2782,1061,1721,0,99.644,6,normal
1780595607.965557,16.187495799997123,16345,0.046143,-0.016846,1.052002,0.137405,3.435115,-1.343511,1.053148,3.691059,1725,2788,1063,1725,0,99.644,0,normal
1780595607.9964015,16.218340200008242,16376,0.040039,-0.04834,1.051758,1.671756,3.152672,-0.496183,1.053629,3.602819,1727,2792,1065,1727,0,99.644,1,normal
1780595608.0271842,16.249122799999896,16407,0.040283,-0.029297,1.057861,2.381679,3.10687,-0.572519,1.059033,3.956364,1732,2798,1066,1732,0,99.644,6,normal
1780595608.0668178,16.28875639999751,16438,0.048584,0.001465,1.054199,0.442748,3.480916,-0.770992,1.055319,3.592664,1734,2802,1068,1734,0,99.644,0,normal
1780595608.0900533,16.311992000002647,16469,0.040039,-0.049805,1.038818,2.358779,2.427481,-0.427481,1.040782,3.411633,1736,2807,1071,1736,1,100.358,14,normal
1780595608.121639,16.343577599996934,16501,0.046631,-0.008545,1.046387,1.396947,2.175573,-1.038168,1.04746,2.786103,1742,2814,1072,1742,0,100.358,0,normal
1780595608.1525483,16.37448690000747,16532,0.036865,-0.044434,1.053223,0.671756,2.969466,-1.175572,1.054804,3.26358,1744,2818,1074,1744,0,100.358,1,normal
1780595608.1839323,16.405870800008415,16563,0.061279,-0.032959,1.05249,2.641221,3.175573,-0.435114,1.054788,4.153268,1747,2823,1076,1747,1,100.358,13,normal
1780595608.2140615,16.436000100002275,16594,0.04248,-0.012939,1.04834,0.519084,2.641221,-0.984733,1.04928,2.866216,1752,2830,1078,1752,0,100.358,0,normal
1780595608.2450862,16.467024700003094,16625,0.03125,-0.033691,1.057129,1.832061,2.923664,-1.183206,1.058127,3.647497,1754,2834,1080,1754,0,100.358,1,normal
1780595608.2772098,16.49914840000565,16656,0.045654,-0.015381,1.064209,2.374046,3.267176,-0.358779,1.065299,4.054534,1758,2840,1082,1758,0,100.358,6,normal
1780595608.3077862,16.529724799998803,16688,0.048096,0.002441,1.054443,0.641221,3.656489,-0.931298,1.055542,3.827322,1761,2844,1083,1761,0,100.358,5,normal
1780595608.33943,16.561368599999696,16719,0.039062,-0.038086,1.050049,2.51145,2.465649,-0.160305,1.051465,3.523138,1763,2849,1086,1763,1,108.0,14,normal
1780595608.3706086,16.592547199994442,16750,0.037598,-0.005859,1.049316,1.541985,2.633588,-0.770992,1.050006,3.147686,1769,2856,1087,1769,0,108.0,0,normal
1780595608.4073217,16.629260200003046,16786,0.042725,-0.020752,1.061523,2.351145,3.129771,-0.358779,1.062586,3.930912,1771,2861,1090,1771,1,108.0,14,normal
1780595608.4380047,16.659943399994518,16818,0.030518,0.005127,1.044678,1.847328,2.625954,-0.916031,1.045136,3.338768,1777,2868,1091,1777,0,108.0,0,normal
1780595608.4704757,16.69241430000693,16849,0.04248,-0.029053,1.050781,0.480916,2.587786,-1.335878,1.052041,2.951692,1779,2872,1093,1779,0,108.0,0,normal
1780595608.5011148,16.72305349999806,16880,0.046143,-0.062744,1.048584,2.465649,2.78626,-0.458015,1.051472,3.748659,1781,2877,1096,1781,1,108.0,13,normal
1780595608.531092,16.753030599997146,16911,0.056641,-0.001221,1.04541,1.129771,2.358779,-0.725191,1.046944,2.71406,1785,2882,1097,1785,0,108.0,6,normal
1780595608.5624676,16.784406300008413,16942,0.037598,-0.047119,1.048828,0.961832,2.755725,-0.839695,1.050559,3.037142,1787,2886,1099,1787,0,108.0,1,normal
1780595608.5943186,16.81625720000011,16973,0.03418,-0.010986,1.053955,3.175573,3.129771,-0.419847,1.054566,4.478392,1791,2892,1101,1791,0,110.236,6,normal
1780595608.6246202,16.846558799996274,17004,0.044922,-0.020508,1.047607,0.389313,2.427481,-0.938931,1.048771,2.631695,1795,2898,1103,1795,0,110.236,0,normal
1780595608.6560986,16.878037200003746,17035,0.020264,-0.032715,1.06665,1.748092,2.954198,-0.572519,1.067344,3.48007,1796,2900,1104,1796,0,110.236,4,normal
1780595608.687727,16.90966550000303,17067,0.035645,-0.026855,1.047363,1.732824,2.442748,-0.526718,1.048314,3.04091,1800,2907,1107,1800,0,110.236,3,normal
1780595608.7186086,16.940547300007893,17098,0.046631,-0.019287,1.060791,0.78626,3.534351,-1.08397,1.061991,3.779528,1803,2912,1109,1803,0,110.236,1,normal
1780595608.7504606,16.972399200007203,17129,0.043701,-0.047119,1.047852,2.198473,2.664122,-0.366412,1.04982,3.473484,1805,2917,1112,1805,1,110.236,13,normal
1780595608.780839,17.002777600006084,17160,0.040527,0.00293,1.052734,1.633588,2.396947,-0.618321,1.053518,2.965853,1811,2924,1113,1811,0,110.236,0,normal
1780595608.8117974,17.03373599999759,17191,0.035889,-0.050049,1.053955,0.564886,2.534351,-0.984733,1.055753,2.777,1813,2928,1115,1813,0,110.236,1,normal
1780595608.8431363,17.06507500000589,17222,0.057617,-0.018799,1.045898,3.267176,3.137405,-0.587786,1.047653,4.56763,1816,2933,1117,1816,1,110.236,14,normal
1780595608.875456,17.09739470000204,17254,0.030518,-0.009521,1.04248,0.290076,2.687023,-1.267176,1.042971,2.984957,1820,2938,1118,1820,0,103.203,5,normal
1780595608.9056716,17.127610299998196,17285,0.033691,-0.047607,1.053955,2.053435,3.419847,-0.755725,1.055568,4.059935,1822,2942,1120,1822,0,103.203,0,normal
1780595608.935723,17.157661599994753,17316,0.043457,-0.031006,1.057129,2.320611,3.083969,-0.519084,1.058476,3.894297,1827,2948,1121,1827,0,103.203,5,normal
1780595608.9674835,17.18942209999659,17347,0.044189,-0.006104,1.06958,0.763359,3.549618,-0.885496,1.07051,3.737193,1831,2954,1123,1831,0,103.203,1,normal
1780595608.9987693,17.220707900007255,17378,0.028076,-0.039551,1.05835,2.198473,2.618321,-0.679389,1.05946,3.485751,1833,2959,1126,1833,1,103.203,15,normal
1780595609.0380783,17.260017000007792,17410,0.044189,-0.014648,1.051758,1.442748,2.748092,-0.519084,1.052788,3.1469,1838,2966,1128,1838,0,103.203,1,normal
1780595609.0615692,17.28350780000619,17441,0.032715,-0.040283,1.05957,1.007634,2.671756,-0.862595,1.06084,2.982897,1840,2970,1130,1840,0,103.203,1,normal
1780595609.0929866,17.31492530000105,17472,0.051025,-0.022705,1.059326,3.015267,3.129771,-0.259542,1.060797,4.353696,1843,2975,1132,1843,1,103.203,14,normal
1780595609.1247027,17.3466413999995,17504,0.039551,-0.015625,1.043945,0.015267,2.717557,-1.114504,1.044811,2.937255,1848,2982,1134,1848,0,112.0,1,normal
1780595609.1550639,17.377002399996854,17535,0.036133,-0.053467,1.058838,2.29771,2.839695,-0.694656,1.060802,3.718318,1849,2984,1135,1849,0,112.0,5,normal
1780595609.1868927,17.408831299995654,17566,0.039795,-0.02417,1.049561,1.961832,2.954198,-0.435114,1.050593,3.57287,1852,2990,1138,1852,0,112.0,5,normal
1780595609.2170565,17.438995200005593,17597,0.035889,-0.004883,1.04541,0.748092,3.717557,-1.015267,1.046037,3.925639,1856,2996,1140,1856,0,112.0,1,normal
1780595609.2478042,17.469742800007225,17628,0.029297,-0.044678,1.043701,2.152672,2.832061,-0.061069,1.045068,3.55785,1858,3001,1143,1858,1,112.0,15,normal
1780595609.2783813,17.500320000006468,17659,0.026611,-0.002686,1.05249,1.374046,2.801527,-0.59542,1.05283,3.176646,1863,3008,1145,1863,0,112.0,1,normal
1780595609.3088217,17.530760299996473,17689,0.055176,-0.009033,1.070068,1.114504,3.450382,-0.839695,1.071528,3.721873,1865,3012,1147,1865,0,112.0,0,normal
1780595609.3398523,17.561790899999323,17719,0.031494,-0.046631,1.049072,2.503817,2.396947,-0.458015,1.05058,3.496317,1867,3017,1150,1867,1,112.0,14,normal
1780595609.3710747,17.593013300007442,17750,0.036621,0.003418,1.047852,1.229008,2.664122,-0.419847,1.048497,2.963828,1872,3024,1152,1872,0,112.0,1,normal
1780595609.401711,17.62364950000483,17781,0.039795,-0.03833,1.060303,0.778626,2.496183,-1.068702,1.061741,2.824768,1874,3028,1154,1874,0,93.863,0,normal
1780595609.4330194,17.65495799999917,17812,0.062744,-0.013916,1.052978,2.931298,3.068702,-0.503817,1.054938,4.273555,1877,3033,1156,1877,1,93.863,14,normal
1780595609.463876,17.685814600001322,17843,0.050049,0.006348,1.042236,0.984733,2.458015,-1.08397,1.043457,2.861211,1882,3040,1158,1882,0,93.863,0,normal
1780595609.4957633,17.71770190000825,17874,0.04834,-0.044189,1.054688,1.748092,2.992366,-0.70229,1.056719,3.536,1883,3042,1159,1883,0,93.863,6,normal
1780595609.5259192,17.74785780000093,17905,0.060303,-0.012451,1.053955,2.900763,3.007634,-0.496183,1.055752,4.207908,1887,3048,1161,1887,0,93.863,5,normal
1780595609.5576503,17.77958889999718,17936,0.071777,-0.011719,1.054688,0.290076,3.419847,-0.870229,1.057192,3.540734,1891,3054,1163,1891,0,93.863,0,normal
1780595609.588079,17.810017499999958,17967,0.06543,-0.043457,1.067627,2.427481,3.015267,-0.343511,1.070512,3.886193,1893,3058,1165,1893,1,93.863,0,normal
1780595609.618419,17.84035749999748,17998,0.064941,-0.021973,1.056885,1.862595,2.862595,-0.755725,1.059106,3.497833,1898,3064,1166,1898,0,93.863,5,normal
1780595609.6494977,17.871436400004313,18029,0.054688,-0.004639,1.06958,0.969466,3.351145,-0.908397,1.070987,3.604888,1902,3070,1168,1902,0,93.863,0,normal
1780595609.6809173,17.90285589999985,18060,0.047363,-0.040527,1.049561,2.083969,2.801527,-0.381679,1.05141,3.51243,1904,3075,1171,1904,1,107.527,14,normal
1780595609.7129717,17.934910399999353,18091,0.045166,-0.012695,1.054932,1.259542,2.748092,-0.824427,1.055974,3.13339,1908,3080,1172,1908,0,107.527,6,normal
1780595609.7426836,17.96462220000103,18122,0.026855,-0.046143,1.057617,0.687023,2.580153,-1.129771,1.058964,2.899236,1910,3084,1174,1910,0,107.527,0,normal
1780595609.7741294,17.996068000007654,18153,0.058105,-0.0354,1.050049,3.167939,3.068702,-0.564886,1.052251,4.446556,1913,3089,1176,1913,1,107.527,14,normal
1780595609.8042512,18.02618970000185,18184,0.063232,0.01416,1.047363,0.770992,2.343511,-1.099237,1.049366,2.700888,1918,3096,1178,1918,0,107.527,0,normal
1780595609.8361137,18.058052399996086,18215,0.037842,-0.041016,1.061768,1.91603,2.48855,-0.648855,1.063233,3.207034,1920,3100,1180,1920,0,107.527,0,normal
1780595609.867024,18.08896249999816,18246,0.053955,-0.016357,1.057129,2.671756,3.244275,-0.618321,1.058631,4.248049,1924,3106,1182,1924,0,107.527,6,normal
1780595609.8986244,18.1205631000048,18278,0.049316,0.001953,1.056885,0.572519,3.48855,-0.70229,1.058037,3.604298,1928,3112,1184,1928,0,107.527,0,normal
1780595609.9312918,18.153230500000063,18309,0.049561,-0.037354,1.056396,2.061069,3.091603,-0.083969,1.058218,3.716593,1930,3117,1187,1930,1,107.527,14,normal
1780595609.9622529,18.184191399996052,18341,0.037109,-0.016357,1.057373,1.076336,2.572519,-0.48855,1.05815,2.831084,1936,3124,1188,1936,0,113.879,1,normal
1780595610.0091677,18.23110629999428,18373,0.02832,-0.045166,1.043457,1.038168,2.709924,-0.954198,1.044818,3.054828,1937,3126,1189,1937,0,113.879,5,normal
1780595610.0251474,18.2470861000038,18404,0.043213,-0.01709,1.056396,2.931298,3.549618,-0.358779,1.057418,4.617469,1941,3132,1191,1941,0,113.879,5,normal
1780595610.0562894,18.27822799999558,18435,0.049072,-0.017334,1.05249,0.473282,3.122137,-0.946565,1.053776,3.296623,1945,3138,1193,1945,0,113.879,0,normal
1780595610.0874097,18.30934839999827,18466,0.040771,-0.039551,1.056641,1.824428,2.648855,-0.687023,1.058166,3.288916,1947,3142,1195,1947,0,113.879,0,normal
1780595610.1170037,18.338942200003657,18497,0.044189,-0.032227,1.060303,2.29771,3.320611,-0.358779,1.061712,4.053967,1951,3148,1197,1951,0,113.879,6,normal
1780595610.1485302,18.3704687999998,18528,0.042725,0.005127,1.058594,0.633588,3.572519,-1.282443,1.059468,3.848244,1955,3154,1199,1955,0,113.879,0,normal
1780595610.1800864,18.40202500000305,18559,0.038574,-0.045654,1.042725,2.343511,2.221374,-0.267176,1.044436,3.240051,1957,3159,1202,1957,1,113.879,14,normal
1780595610.2113297,18.43326829999569,18590,0.038574,-0.002441,1.054688,1.816794,2.916031,-0.557252,1.055396,3.48059,1963,3166,1203,1963,0,113.879,0,normal
1780595610.2414596,18.463398199994117,18621,0.043457,-0.019531,1.062012,0.832061,2.984733,-1.335878,1.06308,3.374244,1965,3170,1205,1965,0,103.571,0,normal
1780595610.272958,18.49489669999457,18652,0.040283,-0.059814,1.050781,2.801527,2.763359,-0.389313,1.053253,3.954272,1967,3175,1208,1967,1,103.571,14,normal
1780595610.3030279,18.524966400000267,18683,0.032959,-0.005127,1.040772,1.335878,2.755725,-0.793893,1.041306,3.163678,1972,3182,1210,1972,0,103.571,0,normal
1780595610.3344526,18.556391300007817,18714,0.048584,-0.057129,1.057373,1.29771,2.59542,-0.870229,1.060029,3.029448,1973,3184,1211,1973,0,103.571,5,normal
1780595610.364249,18.586187699998845,18744,0.037598,-0.00415,1.049561,3.007634,3.152672,-0.175573,1.050242,4.360737,1976,3189,1213,1976,1,103.571,14,normal
1780595610.3957376,18.617676199995913,18775,0.044678,0.000488,1.049805,0.496183,2.229008,-1.236641,1.050755,2.596913,1981,3196,1215,1981,0,103.571,0,normal
1780595610.4275577,18.649496400001226,18806,0.029053,-0.029297,1.073486,2.022901,2.725191,-0.824427,1.074279,3.492632,1983,3200,1217,1983,0,103.571,1,normal
1780595610.4582105,18.68014910000784,18837,0.033447,-0.031738,1.052978,2.435115,3.763359,-0.290076,1.053988,4.491859,1986,3206,1220,1986,0,103.571,6,normal
1780595610.4885006,18.710439200003748,18868,0.043701,-0.01416,1.060059,0.648855,3.40458,-0.770992,1.061054,3.550578,1990,3212,1222,1990,0,103.571,0,normal
1780595610.5198288,18.74176730000181,18899,0.046631,-0.045166,1.058838,2.450382,2.824427,-0.251908,1.060826,3.747695,1992,3217,1225,1992,1,97.122,14,normal
1780595610.5511518,18.773090300004696,18931,0.041748,-0.008545,1.051025,1.755725,2.748092,-0.717557,1.051889,3.339082,1998,3224,1226,1998,0,97.122,0,normal
1780595610.582782,18.80472070000542,18962,0.05542,-0.041992,1.058838,0.717557,3.145038,-0.816794,1.061118,3.327658,2000,3228,1228,2000,0,97.122,1,normal
1780595610.615273,18.837211499994737,18993,0.05957,-0.046875,1.048096,2.587786,2.877863,-0.80916,1.050833,3.953918,2002,3233,1231,2002,1,97.122,14,normal
1780595610.644562,18.866500500007533,19024,0.062012,-0.01001,1.043945,1.183206,2.740458,-0.633588,1.045833,3.051478,2007,3240,1233,2007,0,97.122,0,normal
1780595610.6757338,18.89767249999568,19055,0.030518,-0.047363,1.055664,1.603053,2.587786,-0.679389,1.057167,3.118972,2009,3244,1235,2009,0,97.122,1,normal
1780595610.7070746,18.929013200002373,19086,0.048096,-0.01709,1.053955,2.954198,3.59542,-0.625954,1.05519,4.695333,2013,3250,1237,2013,0,97.122,6,normal
1780595610.7382884,18.960226900002453,19117,0.044922,-0.01001,1.046387,0.389313,2.740458,-1.129771,1.047398,2.989658,2017,3256,1239,2017,0,97.122,1,normal
1780595610.76975,18.99168869999994,19148,0.050537,-0.039062,1.068848,2.10687,2.824427,-0.923664,1.070754,3.642725,2019,3260,1241,2019,0,97.122,0,normal
1780595610.8006654,19.022603899997193,19179,0.04541,-0.019043,1.055908,2.351145,2.854962,-0.587786,1.057056,3.744888,2024,3266,1242,2024,0,114.286,5,normal
1780595610.8323758,19.054314299995895,19211,0.031738,-0.015869,1.059326,0.938931,3.480916,-1.015267,1.05992,3.745549,2027,3270,1243,2027,0,114.286,5,normal
1780595610.863741,19.08567960000073,19242,0.039551,-0.048828,1.047852,2.19084,2.931298,-0.358779,1.049734,3.677092,2029,3275,1246,2029,1,114.286,14,normal
1780595610.8941255,19.116064000001643,19273,0.041748,-0.007568,1.052978,1.290076,2.877863,-0.366412,1.053833,3.175004,2034,3282,1248,2034,0,114.286,1,normal
1780595610.9249372,19.14687579999736,19304,0.031982,-0.049072,1.049072,0.961832,2.885496,-1.175572,1.050706,3.260856,2036,3286,1250,2036,0,114.286,0,normal
1780595610.9563909,19.17832950000593,19335,0.050537,-0.015869,1.045654,3.053435,3.335878,-0.236641,1.046995,4.528526,2039,3291,1252,2039,1,114.286,14,normal
1780595610.986703,19.208641599994735,19366,0.03833,-0.007813,1.045898,0.320611,2.969466,-1.244275,1.04663,3.235543,2044,3298,1254,2044,0,114.286,1,normal
1780595611.0174105,19.239349099996616,19397,0.030518,-0.039307,1.056641,1.770992,2.59542,-1.053435,1.057812,3.313962,2046,3302,1256,2046,0,114.286,0,normal
1780595611.0486903,19.27062890000525,19428,0.050781,-0.032959,1.063965,2.19084,3.251908,-0.335878,1.065686,3.935416,2050,3308,1258,2050,0,114.286,5,normal
1780595611.0956402,19.31757870000729,19460,0.042236,-0.007813,1.056396,0.839695,3.610687,-0.961832,1.057269,3.829787,2054,3314,1260,2054,0,106.762,1,normal
1780595611.112307,19.334245799997007,19491,0.041992,-0.045654,1.05127,2.389313,2.832061,-0.709924,1.053098,3.772715,2056,3319,1263,2056,1,106.762,14,normal
1780595611.145068,19.36700660000497,19523,0.045654,-0.012939,1.05249,1.251908,2.984733,-0.503817,1.053559,3.275628,2061,3326,1265,2061,0,106.762,1,normal
1780595611.17518,19.397118499997305,19554,0.026123,-0.04541,1.063232,1.068702,2.847328,-0.839695,1.064522,3.155074,2063,3330,1267,2063,0,106.762,0,normal
1780595611.2061558,19.428094400005648,19585,0.048096,-0.018311,1.049805,3.183206,3.160305,-0.320611,1.051065,4.497012,2066,3335,1269,2066,1,106.762,14,normal
1780595611.2369194,19.458858099998906,19616,0.033936,0.000488,1.04541,0.862595,2.969466,-0.969466,1.045961,3.240626,2071,3342,1271,2071,0,106.762,1,normal
1780595611.2689674,19.4909059000056,19647,0.030273,-0.03418,1.055664,2.030534,2.679389,-1.343511,1.056651,3.62039,2073,3346,1273,2073,0,106.762,0,normal
1780595611.2997942,19.52173279999988,19678,0.05957,-0.025879,1.059326,2.450382,3.419847,-0.496183,1.061315,4.236263,2077,3352,1275,2077,0,106.762,6,normal
1780595611.3311882,19.553126900005736,19710,0.047607,-0.007568,1.063721,0.671756,3.503817,-0.977099,1.064812,3.699015,2081,3358,1277,2081,0,108.0,0,normal
1780595611.3623238,19.58426230000623,19741,0.0354,-0.045166,1.043701,2.328244,2.832061,-0.419847,1.045278,3.690198,2083,3363,1280,2083,1,108.0,14,normal
1780595611.3935971,19.615535799995996,19772,0.045166,0.002441,1.065186,1.40458,2.465649,-0.366412,1.066145,2.861211,2089,3370,1281,2089,0,108.0,1,normal
1780595611.424078,19.646016500002588,19803,0.061279,-0.028564,1.062012,1.061069,2.770992,-1.007634,1.064162,3.133623,2091,3374,1283,2091,0,108.0,0,normal
1780595611.4540632,19.676001900006668,19834,0.046387,-0.023438,1.057373,3.10687,3.0,-0.328244,1.05865,4.331326,2094,3379,1285,2094,1,108.0,14,normal
1780595611.4833488,19.705287500008126,19864,0.061523,-0.009277,1.047607,1.29771,3.068702,-0.412214,1.049453,3.357217,2099,3386,1287,2099,0,108.0,1,normal
1780595611.5142615,19.736200100000133,19894,0.033203,-0.044678,1.056885,0.526718,2.755725,-0.916031,1.05835,2.951367,2101,3390,1289,2101,0,108.0,0,normal
1780595611.5459774,19.767915899996297,19925,0.044678,-0.043213,1.048828,3.335878,3.244275,-0.503817,1.050668,4.680516,2104,3395,1291,2104,1,108.0,14,normal
1780595611.576698,19.798636699997587,19956,0.04126,0.002441,1.042969,0.458015,2.526718,-0.824427,1.043787,2.696991,2109,3402,1293,2109,0,108.0,0,normal
1780595611.6088984,19.8308371000021,19987,0.033691,-0.042236,1.052002,1.923664,2.549618,-0.793893,1.053388,3.291094,2111,3406,1295,2111,0,108.303,0,normal
1780595611.6404216,19.862360200000694,20018,0.040771,-0.015137,1.053223,2.793893,3.381679,-0.419847,1.05412,4.40657,2115,3412,1297,2115,0,108.303,5,normal
1780595611.6701243,19.89206290000584,20050,0.069092,-0.010254,1.053955,1.0,3.587786,-1.290076,1.056267,3.941638,2118,3416,1298,2118,0,108.303,6,normal
1780595611.7008297,19.922768400007044,20080,0.054199,-0.040771,1.055908,2.412214,3.236641,-0.427481,1.058084,4.059232,2120,3421,1301,2120,1,108.303,14,normal
1780595611.7327726,19.95471130000078,20111,0.04541,-0.021729,1.060303,2.091603,2.740458,-0.259542,1.061497,3.457206,2124,3426,1302,2124,0,108.303,5,normal
1780595611.7640264,19.98596489999909,20142,0.037842,-0.006348,1.068115,1.007634,3.335878,-0.70229,1.068804,3.554802,2128,3432,1304,2128,0,108.303,0,normal
1780595611.7940154,20.015953900001477,20173,0.027832,-0.046387,1.038086,2.229008,2.755725,-0.442748,1.039494,3.571907,2130,3437,1307,2130,1,108.303,14,normal
1780595611.8256269,20.047565400003805,20205,0.04834,0.002686,1.047852,1.022901,3.007634,-1.022901,1.048969,3.337441,2135,3444,1309,2135,0,108.303,0,normal
1780595611.857389,20.079327600004035,20236,0.027588,-0.061279,1.055908,1.045802,2.503817,-1.061069,1.058045,2.913532,2137,3448,1311,2137,0,108.303,0,normal
1780595611.8879178,20.109856299997773,20267,0.051025,-0.018799,1.05835,3.022901,3.770992,-0.549618,1.059746,4.864195,2140,3453,1313,2140,1,103.571,14,normal
1780595611.9173603,20.139298800000688,20298,0.03125,-0.003174,1.044678,0.450382,2.374046,-1.335878,1.04515,2.76107,2145,3460,1315,2145,0,103.571,0,normal
1780595611.949241,20.17117960000178,20328,0.047363,-0.036621,1.058838,1.801527,2.580153,-0.748092,1.060529,3.234552,2147,3464,1317,2147,0,103.571,0,normal
1780595611.9805145,20.202453100006096,20359,0.060791,-0.018066,1.058838,2.839695,3.824427,-0.763359,1.060735,4.824192,2151,3470,1319,2151,0,103.571,6,normal
1780595612.011123,20.23306149999553,20390,0.054688,-0.02002,1.044189,0.59542,3.442748,-1.114504,1.045812,3.667309,2154,3474,1320,2154,0,103.571,6,normal
1780595612.0418167,20.263755299994955,20421,0.042725,-0.039307,1.06543,2.335878,3.045802,-0.618321,1.06701,3.887873,2156,3479,1323,2156,1,103.571,14,normal
1780595612.073972,20.2959106000053,20452,0.053955,-0.031738,1.051025,1.923664,2.580153,-0.526718,1.052888,3.261151,2161,3486,1325,2161,0,103.571,0,normal
1780595612.1049058,20.326844499999424,20484,0.043213,-0.020752,1.056641,0.641221,3.282443,-1.137405,1.057727,3.532603,2163,3490,1327,2163,0,103.571,0,normal
1780595612.1355836,20.357522300007986,20515,0.036377,-0.056152,1.054932,2.687023,2.961832,-0.328244,1.057051,4.012516,2165,3495,1330,2165,1,103.571,13,normal
1780595612.166229,20.388167600001907,20546,0.044922,-0.001221,1.04834,1.122137,2.687023,-0.847328,1.049303,3.032697,2170,3502,1332,2170,0,107.527,0,normal
1780595612.1986396,20.420578300007037,20577,0.01416,-0.060059,1.054932,1.038168,2.641221,-0.916031,1.056735,2.982106,2172,3506,1334,2172,0,107.527,1,normal
1780595612.228856,20.45079459999397,20608,0.042725,-0.017578,1.04834,3.137405,3.526718,-0.335878,1.049357,4.732215,2176,3512,1336,2176,0,107.527,6,normal
1780595612.2601278,20.482066299999133,20639,0.028564,-0.007813,1.050537,0.564886,2.717557,-1.251908,1.050954,3.044912,2180,3518,1338,2180,0,107.527,0,normal
1780595612.2935107,20.51544920000015,20670,0.042725,-0.048828,1.05127,2.167939,3.282443,-0.496183,1.05327,3.96492,2182,3522,1340,2182,0,107.527,1,normal
1780595612.3217762,20.543714800005546,20701,0.036865,-0.03125,1.054199,2.114504,2.847328,-0.496183,1.055306,3.581145,2187,3528,1341,2187,0,107.527,6,normal
1780595612.3529274,20.574866099996143,20732,0.050293,0.006836,1.059814,0.541985,3.89313,-1.206107,1.061029,4.111557,2191,3534,1343,2191,0,107.527,1,normal
1780595612.3839788,20.605917499997304,20763,0.041748,-0.053467,1.052734,2.21374,2.748092,-0.694656,1.054918,3.596554,2193,3539,1346,2193,1,107.527,15,normal
1780595612.4161355,20.638074100002996,20794,0.025391,-0.010254,1.056152,1.671756,2.465649,-0.519084,1.056507,3.023845,2199,3546,1347,2199,0,107.527,0,normal
1780595612.4463568,20.668295499999658,20825,0.037354,-0.048096,1.051025,0.381679,3.519084,-0.763359,1.052788,3.621098,2201,3550,1349,2201,0,111.111,1,normal
1780595612.4768782,20.698816699994495,20856,0.051514,-0.046631,1.046387,2.427481,2.961832,-0.458015,1.048691,3.856798,2203,3555,1352,2203,1,111.111,14,normal
1780595612.5084498,20.730388500000117,20887,0.041504,-0.005859,1.043701,0.458015,2.587786,-0.900763,1.044542,2.778091,2207,3560,1353,2207,0,111.111,5,normal
1780595612.538891,20.760829699996975,20918,0.030029,-0.052246,1.043945,1.167939,2.480916,-0.946565,1.045683,2.900864,2209,3564,1355,2209,0,111.111,0,normal
1780595612.570995,20.792933799995808,20949,0.05835,-0.017822,1.050781,3.022901,3.78626,-0.641221,1.052551,4.887213,2213,3570,1357,2213,0,111.111,6,normal
1780595612.6019435,20.823881999996956,20981,0.04541,-0.008789,1.051514,0.961832,2.89313,-1.465649,1.05253,3.382816,2217,3576,1359,2217,0,111.111,1,normal
1780595612.6340978,20.85603650000121,21012,0.056396,-0.050537,1.055908,2.534351,2.770992,-0.679389,1.05862,3.816137,2219,3581,1362,2219,1,111.111,14,normal
1780595612.6651504,20.887089099996956,21044,0.063232,0.006348,1.040283,1.618321,2.70229,-0.80916,1.042222,3.252088,2224,3588,1364,2224,0,111.111,0,normal
1780595612.6965144,20.918453000005684,21075,0.041748,-0.049072,1.049805,0.610687,2.801527,-0.78626,1.05178,2.973162,2226,3592,1366,2226,0,100.0,0,normal
1780595612.7276063,20.949544799994328,21106,0.054932,-0.044678,1.050293,2.503817,3.129771,-0.29771,1.052677,4.019104,2228,3597,1369,2228,1,100.0,14,normal
1780595612.7569673,20.978905800002394,21137,0.040283,0.003662,1.046387,1.08397,2.664122,-0.709924,1.047168,2.962521,2233,3604,1371,2233,0,100.0,1,normal
1780595612.7899299,21.01186840000446,21168,0.047607,-0.046387,1.067871,1.78626,2.496183,-0.977099,1.069938,3.221238,2235,3608,1373,2235,0,100.0,0,normal
1780595612.82001,21.041948600002797,21199,0.056885,-0.018066,1.064453,2.885496,3.450382,-0.458015,1.066125,4.521172,2239,3614,1375,2239,0,100.0,5,normal
1780595612.852028,21.07396660000086,21231,0.054199,-0.009277,1.057129,0.183206,3.129771,-1.114504,1.058558,3.327334,2243,3620,1377,2243,0,100.0,1,normal
1780595612.883744,21.105682499997783,21262,0.036865,-0.050781,1.049805,2.229008,2.587786,-0.648855,1.051678,3.476511,2245,3625,1380,2245,1,100.0,14,normal
1780595612.915184,21.13712260000466,21294,0.044189,-0.006104,1.053223,1.221374,2.450382,-0.59542,1.054167,2.801901,2250,3632,1382,2250,0,100.0,0,normal
1780595612.9471796,21.169118100006017,21325,0.033203,-0.05127,1.052246,0.870229,2.816794,-0.801527,1.054017,3.055172,2252,3636,1384,2252,0,104.0,0,normal
1780595612.9771662,21.199104900006205,21356,0.053467,-0.040039,1.056152,2.679389,2.877863,-0.503817,1.058262,3.964222,2254,3641,1387,2254,1,104.0,14,normal
1780595613.0067556,21.22869420000643,21387,0.029785,0.004883,1.046631,0.557252,2.412214,-1.496183,1.047066,2.892727,2259,3648,1389,2259,0,104.0,1,normal
1780595613.0376348,21.259573400006047,21417,0.032227,-0.05835,1.049072,0.862595,2.610687,-0.862595,1.051188,2.881636,2261,3652,1391,2261,0,104.0,0,normal
1780595613.0686977,21.290636200006702,21448,0.037842,-0.018311,1.046143,3.061069,3.351145,-0.351145,1.046987,4.55232,2264,3657,1393,2264,1,104.0,14,normal
1780595613.0999522,21.321890899998834,21479,0.039551,-0.010254,1.044922,0.557252,2.755725,-1.435114,1.04572,3.156597,2269,3664,1395,2269,0,104.0,0,normal
1780595613.131701,21.353639699998894,21510,0.029297,-0.029541,1.060059,2.091603,3.083969,-0.839695,1.060875,3.819785,2271,3668,1397,2271,0,104.0,0,normal
1780595613.162077,21.38401550000708,21541,0.046143,-0.033936,1.057373,2.312977,3.236641,-0.519084,1.058923,4.011877,2276,3674,1398,2276,0,104.0,6,normal
1780595613.1932185,21.415157099996577,21572,0.050537,-0.001709,1.056396,0.603053,3.679389,-1.099237,1.057606,3.887146,2280,3680,1400,2280,0,104.0,0,normal
1780595613.2228699,21.444808600004762,21602,0.05127,-0.050781,1.062256,2.480916,3.030534,-0.618321,1.064704,3.965022,2282,3684,1402,2282,1,108.303,0,normal
1780595613.2543397,21.476278200003435,21633,0.062012,-0.028809,1.052734,2.045802,2.778626,-0.793893,1.054953,3.540668,2287,3690,1403,2287,0,108.303,5,normal
1780595613.285285,21.507223599997815,21664,0.032471,-0.01001,1.06665,0.694656,3.458015,-1.152672,1.067192,3.71067,2291,3696,1405,2291,0,108.303,0,normal
1780595613.3171415,21.53908020000381,21695,0.030029,-0.051025,1.040772,2.206107,2.458015,-0.389313,1.042454,3.325704,2293,3701,1408,2293,1,108.303,14,normal
1780595613.3476071,21.569545799997286,21727,0.03833,-0.00293,1.050293,1.076336,2.496183,-0.900763,1.050996,2.863704,2297,3706,1409,2297,0,108.303,5,normal
1780595613.3784573,21.60039599999436,21758,0.025635,-0.054443,1.042725,0.984733,2.778626,-0.877863,1.04446,3.075891,2299,3710,1411,2299,0,108.303,0,normal
1780595613.409959,21.63189780000539,21789,0.064697,-0.019531,1.054443,3.083969,3.572519,0.038168,1.056607,4.719662,2302,3715,1413,2302,1,108.303,14,normal
1780595613.4419014,21.66384009999456,21820,0.037842,-0.014404,1.046143,0.503817,3.244275,-0.977099,1.046926,3.425474,2307,3722,1415,2307,0,108.303,0,normal
1780595613.4721284,21.694067000003997,21851,0.029541,-0.026123,1.056396,1.847328,2.59542,-0.870229,1.057132,3.302442,2309,3726,1417,2309,0,108.303,0,normal
1780595613.5041158,21.726054400001885,21882,0.044678,-0.034424,1.06543,2.145038,3.068702,-0.679389,1.066922,3.805219,2313,3732,1419,2313,0,110.714,5,normal
1780595613.5345347,21.7564732000028,21914,0.03833,-0.005127,1.05835,0.740458,3.29771,-0.824427,1.059056,3.478915,2317,3738,1421,2317,0,110.714,0,normal
1780595613.5649135,21.78685220000625,21944,0.051514,-0.04834,1.05127,2.412214,2.572519,-0.603053,1.05364,3.577751,2319,3743,1424,2319,1,110.714,14,normal
1780595613.596456,21.818394700007048,21976,0.038086,0.007813,1.05835,1.099237,2.59542,-0.534351,1.059063,2.868808,2322,3748,1426,2322,0,110.714,0,normal
1780595613.6273787,21.84931730000244,22006,0.032227,-0.010986,1.04834,0.877863,3.48855,-1.08397,1.048893,3.757075,2324,3752,1428,2324,0,110.714,0,normal
1780595613.6585014,21.88043990000733,22037,0.060303,-0.052246,1.052246,2.458015,2.755725,-0.10687,1.055267,3.694223,2326,3757,1431,2326,1,110.714,14,normal
1780595613.6884131,21.91035180000472,22068,0.053467,-0.003662,1.049072,1.21374,2.175573,-0.80916,1.05044,2.619356,2331,3764,1433,2331,0,110.714,0,normal
1780595613.7197149,21.941653500005486,22099,0.048096,-0.062988,1.054199,1.152672,2.473282,-0.854962,1.057174,2.8595,2333,3768,1435,2333,0,110.714,0,normal
1780595613.7509637,21.97290229999635,22130,0.050293,-0.021729,1.047119,3.015267,3.374046,-0.419847,1.048551,4.54448,2336,3773,1437,2336,1,110.714,13,normal
1780595613.7827568,22.004695399999036,22161,0.047607,-0.017578,1.04834,0.435114,2.992366,-1.206107,1.049567,3.255499,2341,3780,1439,2341,0,100.358,0,normal
1780595613.8144143,22.036352800001623,22192,0.052734,-0.044922,1.060059,1.78626,2.89313,-1.091603,1.06232,3.571067,2343,3784,1441,2343,0,100.358,1,normal
1780595613.8448527,22.066791300007026,22223,0.063965,-0.037598,1.05957,2.137405,3.030534,-0.236641,1.062165,3.715997,2348,3790,1442,2348,0,100.358,6,normal
1780595613.876307,22.098245700006373,22255,0.045654,-0.003662,1.067139,1.244275,3.358779,-1.015267,1.068121,3.722953,2352,3796,1444,2352,0,100.358,0,normal
1780595613.9067402,22.128678900000523,22286,0.027588,-0.04126,1.041504,2.435115,2.572519,-0.580153,1.042686,3.589459,2354,3801,1447,2354,1,100.358,14,normal
1780595613.9379148,22.159853400007705,22317,0.033203,-0.00293,1.053711,1.328244,2.969466,-0.320611,1.054238,3.268754,2360,3808,1448,2360,0,100.358,1,normal
1780595613.9686148,22.190553499996895,22348,0.011963,-0.047852,1.055664,0.694656,3.053435,-0.740458,1.056816,3.217808,2362,3812,1450,2362,0,100.358,1,normal
1780595614.006333,22.22827170000528,22385,0.047363,-0.026611,1.044678,3.21374,3.465649,-0.633588,1.046089,4.768677,2368,3820,1452,2368,0,100.358,0,normal
1780595614.0372434,22.259181999994325,22416,0.044434,-0.057617,1.047607,0.931298,2.78626,-0.847328,1.050131,3.057536,2370,3824,1454,2370,0,113.725,0,normal
1780595614.0698555,22.291794100005063,22447,0.066406,-0.010498,1.05127,3.198473,3.534351,-0.549618,1.053417,4.798328,2373,3829,1456,2373,1,113.725,14,normal
1780595614.0982485,22.32018720000633,22478,0.070801,-0.000244,1.047363,0.694656,2.648855,-1.030534,1.049754,2.925916,2378,3836,1458,2378,0,113.725,0,normal
1780595614.1302936,22.352232300007017,22509,0.052734,-0.049805,1.060791,1.816794,2.900763,-0.854962,1.063268,3.527907,2380,3840,1460,2380,0,113.725,0,normal
1780595614.1609786,22.38291709999612,22540,0.053467,-0.030029,1.064941,2.801527,3.709924,-0.496183,1.066706,4.675284,2384,3846,1462,2384,0,113.725,5,normal
1780595614.1930325,22.41497120000713,22572,0.032959,0.002686,1.060547,0.793893,3.687023,-1.007634,1.061062,3.90381,2387,3850,1463,2387,0,113.725,6,normal
1780595614.2244942,22.446432800003095,22603,0.036621,-0.047363,1.057861,2.503817,2.175573,-0.114504,1.059554,3.318934,2389,3855,1466,2389,1,113.725,14,normal
1780595614.2559786,22.477917299998808,22635,0.033447,0.009033,1.052734,1.274809,2.244275,-0.80916,1.053304,2.70493,2395,3862,1467,2395,0,113.725,1,normal
1780595614.2869546,22.50889320000715,22666,0.044189,-0.055664,1.059814,0.603053,2.458015,-0.977099,1.062195,2.712975,2397,3866,1469,2397,0,108.0,0,normal
1780595614.3172326,22.539171199998236,22697,0.060303,-0.018799,1.057861,2.755725,3.40458,-0.221374,1.059745,4.38568,2400,3871,1471,2400,1,108.0,14,normal
1780595614.3484485,22.570387200001278,22728,0.054932,-0.005859,1.045654,0.564886,2.671756,-1.366412,1.047112,3.053598,2405,3878,1473,2405,0,108.0,0,normal
1780595614.380724,22.6026625999948,22759,0.047607,-0.053711,1.052246,1.732824,2.587786,-0.618321,1.054691,3.17516,2407,3882,1475,2407,0,108.0,0,normal
1780595614.410444,22.63238270000147,22790,0.054688,-0.033447,1.055176,2.59542,3.618321,-0.572519,1.057121,4.489568,2411,3888,1477,2411,0,108.0,6,normal
1780595614.4405024,22.662441099993885,22820,0.028809,-0.009033,1.049805,0.236641,2.900763,-1.267176,1.050239,3.174297,2413,3892,1479,2413,0,108.0,0,normal
1780595614.4726567,22.694595299995854,22851,0.034668,-0.028809,1.056396,2.145038,3.022901,-0.587786,1.057358,3.752947,2415,3896,1481,2415,0,108.0,1,normal
1780595614.5028803,22.724818899994716,22882,0.044434,-0.031982,1.047363,1.992366,3.40458,-0.328244,1.048793,3.958337,2420,3902,1482,2420,0,108.0,6,normal
1780595614.5342343,22.75617290000082,22913,0.055664,-0.003418,1.069336,0.679389,3.473282,-1.328244,1.070789,3.780144,2424,3908,1484,2424,0,108.0,0,normal
1780595614.566036,22.787974599996232,22944,0.043213,-0.056152,1.046631,2.541985,2.229008,-0.480916,1.049026,3.414886,2426,3913,1487,2426,1,104.317,13,normal
1780595614.5969481,22.818886699998984,22976,0.036865,0.000977,1.056396,1.603053,2.534351,-0.412214,1.05704,3.026985,2432,3920,1488,2432,0,104.317,0,normal
1780595614.6297095,22.851648199997726,23007,0.032227,-0.049805,1.062256,0.694656,2.862595,-0.916031,1.063911,3.08482,2434,3924,1490,2434,0,104.317,1,normal
1780595614.66014,22.88207870000042,23038,0.061279,-0.044922,1.053955,2.908397,3.396947,-0.267176,1.05669,4.479889,2437,3929,1492,2437,1,104.317,13,normal
1780595614.688548,22.91048679999949,23069,0.043457,-0.007813,1.048584,0.465649,2.381679,-1.221374,1.049513,2.716796,2441,3934,1493,2441,0,104.317,6,normal
1780595614.7209933,22.942932000005385,23099,0.050781,-0.061523,1.051025,0.992366,2.160305,-0.992366,1.054048,2.576141,2443,3938,1495,2443,0,104.317,1,normal
1780595614.7516694,22.97360789999948,23130,0.058594,-0.013428,1.05835,2.648855,3.755725,-0.442748,1.060055,4.617134,2447,3944,1497,2447,0,104.317,6,normal
1780595614.782453,23.00439170000027,23162,0.048096,-0.007324,1.057129,0.633588,2.916031,-1.305344,1.058248,3.257083,2451,3950,1499,2451,0,104.317,0,normal
1780595614.814254,23.036192700004904,23193,0.049561,-0.044678,1.050293,2.374046,2.954198,-0.473282,1.05241,3.819343,2453,3955,1502,2453,1,104.317,13,normal
1780595614.8461695,23.06810810000752,23225,0.028564,-0.002197,1.051025,2.045802,2.763359,-0.366412,1.051416,3.457704,2459,3962,1503,2459,0,117.438,0,normal
1780595614.8767195,23.098658100003377,23256,0.042969,-0.007813,1.06543,0.564886,2.80916,-1.10687,1.066324,3.071748,2461,3966,1505,2461,0,117.438,1,normal
1780595614.908322,23.130260699996143,23287,0.058594,-0.038086,1.055664,2.580153,2.778626,-0.473282,1.057975,3.82125,2463,3971,1508,2463,1,117.438,13,normal
1780595614.9384592,23.16039780000574,23318,0.056641,0.002441,1.050293,1.076336,3.068702,-0.694656,1.051822,3.325354,2468,3978,1510,2468,0,117.438,0,normal
1780595614.97199,23.19392859999789,23349,0.037842,-0.055176,1.060547,0.748092,2.854962,-0.916031,1.062655,3.090236,2470,3982,1512,2470,0,117.438,1,normal
1780595615.0016499,23.223588499997277,23380,0.059082,-0.021484,1.057617,3.061069,3.687023,-0.290076,1.059484,4.800878,2474,3988,1514,2474,0,117.438,6,normal
1780595615.033367,23.255305500002578,23412,0.050293,-0.005859,1.058838,0.732824,3.358779,-1.442748,1.060048,3.728263,2477,3992,1515,2477,0,117.438,5,normal
1780595615.0644267,23.28636519999418,23443,0.045166,-0.046143,1.059326,2.305344,2.984733,-0.641221,1.061292,3.825494,2479,3997,1518,2479,1,117.438,13,normal
1780595615.0945895,23.316528099996503,23474,0.044678,-0.027588,1.056641,1.931298,2.419847,-0.961832,1.057944,3.24202,2483,4003,1520,2483,0,117.438,3,normal
1780595615.1266565,23.348595200004638,23505,0.05249,-0.007324,1.060547,0.992366,3.717557,-1.015267,1.06187,3.979421,2486,4008,1522,2486,0,96.429,1,normal
1780595615.1569524,23.378891100001056,23536,0.027588,-0.050049,1.037598,2.442748,2.664122,-0.564886,1.03917,3.658368,2488,4013,1525,2488,1,96.429,13,normal
1780595615.1877897,23.409728400001768,23567,0.038818,-0.003906,1.045654,1.320611,2.183206,-0.534351,1.046382,2.606901,2493,4020,1527,2493,0,96.429,0,normal
1780595615.2200546,23.44199330000265,23598,0.02002,-0.050293,1.046387,0.862595,2.709924,-0.89313,1.047786,2.980845,2495,4024,1529,2495,0,96.429,1,normal
1780595615.2513204,23.473259000005783,23629,0.044189,-0.020752,1.049316,2.679389,3.335878,-0.145038,1.050452,4.28115,2498,4029,1531,2498,1,96.429,14,normal
1780595615.281981,23.50391959999979,23660,0.039307,-0.010498,1.044922,0.816794,2.603053,-1.183206,1.045714,2.973721,2503,4036,1533,2503,0,96.429,0,normal
1780595615.3130107,23.53494939999655,23691,0.021484,-0.028809,1.059814,1.992366,2.587786,-0.885496,1.060424,3.383824,2505,4040,1535,2505,0,96.429,1,normal
1780595615.3439922,23.565930800003116,23722,0.04541,-0.026123,1.056641,2.183206,3.633588,-0.229008,1.057938,4.245208,2509,4046,1537,2509,0,96.429,6,normal
1780595615.374577,23.59651560000202,23753,0.03418,-0.013672,1.050049,0.541985,2.847328,-1.08397,1.050694,3.094514,2513,4052,1539,2513,0,96.429,1,normal
1780595615.4065082,23.628446899994742,23784,0.054199,-0.041748,1.049316,2.374046,3.099237,-0.312977,1.051544,3.916544,2515,4057,1542,2515,1,103.943,13,normal
1780595615.4377437,23.659682199999224,23816,0.026611,-0.023438,1.044434,1.900763,2.778626,-0.610687,1.045035,3.421491,2520,4064,1544,2520,0,103.943,0,normal
1780595615.468531,23.6904693999968,23847,0.048096,-0.021484,1.057373,0.679389,2.427481,-1.068702,1.058684,2.737948,2522,4068,1546,2522,0,103.943,1,normal
1780595615.4993484,23.721286900006817,23878,0.058594,-0.023438,1.045654,3.068702,3.236641,-0.862595,1.047557,4.54278,2524,4073,1549,2524,1,103.943,14,normal
1780595615.5308602,23.7527989000082,23909,0.047363,0.003174,1.049316,0.763359,2.885496,-1.038168,1.05039,3.160158,2528,4078,1550,2528,0,103.943,5,normal
1780595615.5624068,23.7843453999958,23940,0.054443,-0.06543,1.054443,1.358779,2.473282,-0.832061,1.057873,2.942062,2530,4082,1552,2530,0,103.943,1,normal
1780595615.592377,23.814315600000555,23971,0.049316,-0.014893,1.056885,3.015267,3.549618,-0.648855,1.058139,4.702408,2534,4088,1554,2534,0,103.943,6,normal
1780595615.6249475,23.84688620000088,24003,0.041504,-0.027344,1.05249,0.320611,3.656489,-1.061069,1.053663,3.820807,2538,4094,1556,2538,0,103.943,1,normal
1780595615.6554308,23.877369399997406,24034,0.044434,-0.042969,1.04248,2.381679,2.89313,-0.427481,1.044311,3.771649,2540,4099,1559,2540,1,100.0,14,normal
1780595615.6871426,23.90908130000753,24066,0.050781,0.002441,1.057373,1.51145,2.137405,-0.648855,1.058595,2.697034,2546,4106,1560,2546,0,100.0,1,normal
1780595615.718451,23.940389600000344,24097,0.058594,-0.017334,1.06665,0.641221,2.816794,-1.061069,1.068399,3.077558,2548,4110,1562,2548,0,100.0,1,normal
1780595615.749777,23.971715799998492,24128,0.049072,-0.023193,1.054932,2.816794,2.694656,-0.473282,1.056327,3.926767,2550,4115,1565,2550,1,100.0,14,normal
1780595615.7795687,24.001507399996626,24159,0.056885,0.001709,1.059082,1.236641,2.832061,-0.671756,1.06061,3.162453,2553,4120,1567,2553,0,100.0,1,normal
1780595615.8100147,24.03195330000017,24189,0.022705,-0.051025,1.053223,0.618321,2.633588,-0.740458,1.054702,2.804707,2555,4124,1569,2555,0,100.0,0,normal
1780595615.8410597,24.06299819999549,24220,0.036377,-0.014648,1.045898,2.931298,3.19084,-0.435114,1.046633,4.354686,2558,4129,1571,2558,1,100.0,14,normal
1780595615.8716266,24.09356530000514,24251,0.043945,-0.001465,1.03833,0.648855,3.221374,-1.358779,1.039261,3.555916,2563,4136,1573,2563,0,100.0,1,normal
1780595615.9032013,24.125139900002978,24281,0.027588,-0.039551,1.058838,1.358779,2.343511,-1.045802,1.059935,2.903795,2565,4140,1575,2565,0,100.0,0,normal
1780595615.9332309,24.155169499994372,24312,0.046143,-0.016357,1.053223,2.923664,3.366412,-0.267176,1.05436,4.466758,2569,4146,1577,2569,0,104.317,5,normal
1780595615.9646077,24.186546400000225,24343,0.032471,-0.011719,1.049316,0.21374,2.664122,-1.099237,1.049884,2.889906,2573,4152,1579,2573,0,104.317,1,normal
1780595615.9949143,24.216852900004596,24374,0.047852,-0.044189,1.068359,2.183206,2.816794,-0.572519,1.070343,3.609501,2575,4156,1581,2575,0,104.317,0,normal
1780595616.026264,24.248202600007062,24405,0.035645,-0.023438,1.047363,2.343511,3.045802,-0.534351,1.048232,3.880011,2580,4162,1582,2580,0,104.317,5,normal
1780595616.0563195,24.278258100006497,24436,0.027344,-0.004639,1.062012,0.847328,3.221374,-0.938931,1.062374,3.460752,2582,4166,1584,2582,0,104.317,0,normal
1780595616.090909,24.31284759999835,24467,0.031494,-0.04541,1.057129,2.374046,2.89313,-0.412214,1.058572,3.765132,2584,4171,1587,2584,1,104.317,14,normal
1780595616.1257856,24.347724100007326,24499,0.043701,-0.007568,1.043701,1.625954,2.496183,-0.51145,1.044643,3.022621,2589,4178,1589,2589,0,104.317,1,normal
1780595616.1513548,24.373293399999966,24530,0.039551,-0.057373,1.046631,1.175572,2.320611,-0.961832,1.048948,2.773504,2591,4182,1591,2591,0,104.317,0,normal
1780595616.182341,24.40427970000019,24561,0.057373,-0.02417,1.054443,2.656489,3.564885,-0.274809,1.05628,4.454308,2594,4187,1593,2594,1,104.317,14,normal
1780595616.2133694,24.435307899999316,24592,0.053467,-0.007324,1.045898,0.648855,3.229008,-1.152672,1.04729,3.489435,2599,4194,1595,2599,0,107.143,0,normal
1780595616.2448766,24.466815299994778,24623,0.046875,-0.032959,1.057373,1.847328,3.007634,-0.78626,1.058925,3.61617,2601,4198,1597,2601,0,107.143,0,normal
1780595616.276756,24.49869469999976,24654,0.057373,-0.034668,1.063232,2.274809,2.755725,-0.40458,1.065343,3.596173,2605,4204,1599,2605,0,107.143,6,normal
1780595616.3072293,24.52916790000745,24686,0.033691,-0.010742,1.059082,0.824427,3.641221,-1.091603,1.059672,3.889701,2609,4210,1601,2609,0,107.143,0,normal
1780595616.3393285,24.561267099998076,24717,0.026855,-0.050293,1.056152,2.160305,2.832061,-0.70229,1.05769,3.630524,2611,4215,1604,2611,1,107.143,14,normal
1780595616.370531,24.592469600000186,24749,0.037109,-0.013428,1.046875,1.21374,2.625954,-0.725191,1.047618,2.982399,2615,4220,1605,2615,0,107.143,5,normal
1780595616.4007106,24.622649199998705,24780,0.046143,-0.054443,1.057861,1.19084,2.503817,-1.0,1.060266,2.947405,2617,4224,1607,2617,0,107.143,0,normal
1780595616.4323256,24.65426419999858,24811,0.058105,-0.024902,1.057373,3.091603,3.083969,-0.610687,1.059261,4.409288,2620,4229,1609,2620,1,107.143,14,normal
1780595616.4658499,24.68778839999868,24843,0.044922,-0.018799,1.046875,0.160305,3.473282,-1.175572,1.048007,3.670335,2625,4236,1611,2625,0,103.586,0,normal
1780595616.495248,24.71718669999973,24874,0.040771,-0.044678,1.065918,2.450382,3.282443,-0.641221,1.067633,4.146078,2627,4240,1613,2627,0,103.586,0,normal
1780595616.5258508,24.74778950000473,24905,0.03125,-0.023682,1.049316,2.160305,2.671756,-0.572519,1.050049,3.483242,2632,4246,1614,2632,0,103.586,5,normal
1780595616.557274,24.779212699999334,24936,0.037109,-0.01416,1.069824,0.80916,3.251908,-0.969466,1.070561,3.488483,2636,4252,1616,2636,0,103.586,0,normal
1780595616.5894854,24.811423899998772,24967,0.030518,-0.04541,1.045166,2.160305,2.755725,-0.51145,1.046597,3.538718,2638,4257,1619,2638,1,103.586,14,normal
1780595616.6198957,24.841834399994696,24998,0.034668,0.0,1.047852,1.259542,2.832061,-0.458015,1.048425,3.133176,2641,4262,1621,2641,0,103.586,1,normal
1780595616.651217,24.873155499997665,25029,0.015381,-0.042969,1.053467,0.778626,2.679389,-1.381679,1.054455,3.113587,2643,4266,1623,2643,0,103.586,0,normal
1780595616.6820881,24.904026699994574,25060,0.052246,-0.022949,1.050781,3.160305,3.732824,-0.503817,1.05233,4.916842,2646,4271,1625,2646,1,103.586,14,normal
1780595616.7134662,24.935404799995013,25092,0.053955,-0.005615,1.047119,0.664122,2.801527,-1.351145,1.048523,3.180441,2651,4278,1627,2651,0,103.586,0,normal
1780595616.7456336,24.96757229999639,25123,0.032959,-0.031006,1.060303,1.900763,2.656489,-0.908397,1.061268,3.39043,2653,4282,1629,2653,0,100.0,0,normal
1780595616.776341,24.99827959999675,25154,0.049072,-0.036621,1.063232,2.259542,2.763359,-0.496183,1.064994,3.60387,2657,4288,1631,2657,0,100.0,5,normal
1780595616.8057568,25.027695299999323,25185,0.073486,-0.000977,1.058106,0.656489,3.70229,-0.885496,1.060655,3.862904,2661,4294,1633,2661,0,100.0,0,normal
1780595616.8366573,25.05859590000182,25215,0.042236,-0.039795,1.068115,2.274809,3.267176,-0.587786,1.06969,4.024262,2663,4298,1635,2663,1,100.0,0,normal
1780595616.8678868,25.089825500006555,25246,0.027344,-0.028564,1.046875,1.877863,2.656489,-0.496183,1.047622,3.29082,2668,4304,1636,2668,0,100.0,5,normal
1780595616.8972917,25.11923029999889,25277,0.054443,-0.007324,1.068604,0.770992,3.541985,-0.992366,1.070014,3.758308,2670,4308,1638,2670,0,100.0,0,normal
1780595616.9304566,25.152395199998864,25308,0.032227,-0.047363,1.041016,2.358779,2.717557,-0.259542,1.042591,3.607813,2672,4313,1641,2672,1,100.0,14,normal
1780595616.9608386,25.182777099995292,25339,0.047119,0.007568,1.049805,1.625954,2.282443,-0.458015,1.050889,2.839551,2678,4320,1642,2678,0,100.0,0,normal
1780595616.9909558,25.212894500000402,25370,0.032471,-0.039062,1.047119,0.801527,2.816794,-0.51145,1.04835,2.972937,2680,4324,1644,2680,0,100.0,0,normal
1780595617.0371115,25.259050199994817,25401,0.050293,-0.047852,1.056885,3.022901,3.335878,-0.534351,1.059162,4.533381,2682,4329,1647,2682,1,104.317,14,normal
1780595617.0532284,25.275167100000544,25432,0.068115,-0.010498,1.047852,0.908397,3.045802,-0.59542,1.050116,3.233669,2687,4336,1649,2687,0,104.317,0,normal
1780595617.0853858,25.307324299996253,25463,0.048584,-0.04248,1.050293,1.59542,2.717557,-0.946565,1.052274,3.29036,2689,4340,1651,2689,0,104.317,0,normal
1780595617.115477,25.337415700007114,25494,0.044922,-0.01416,1.049561,3.167939,3.641221,-0.78626,1.050617,4.890044,2693,4346,1653,2693,0,104.317,5,normal
1780595617.1467354,25.368674099998316,25525,0.06665,-0.011719,1.059082,0.396947,3.389313,-0.832061,1.061242,3.512454,2697,4352,1655,2697,0,104.317,0,normal
1780595617.176889,25.39882750000106,25556,0.057373,-0.045166,1.055908,1.992366,3.175573,-0.709924,1.05843,3.815466,2699,4356,1657,2699,1,104.317,0,normal
1780595617.2081666,25.430105100007495,25587,0.047363,-0.021973,1.05957,2.122137,2.694656,-0.244275,1.060856,3.43865,2704,4362,1658,2704,0,104.317,6,normal
1780595617.2384007,25.46033929999976,25618,0.046143,-0.000488,1.059814,1.068702,3.519084,-0.862595,1.060819,3.777585,2706,4366,1660,2706,0,104.317,0,normal
1780595617.2715378,25.493476300005568,25649,0.031982,-0.051758,1.046875,2.389313,2.78626,-0.335878,1.048641,3.685766,2708,4371,1663,2708,1,104.317,14,normal
1780595617.3017452,25.523683899999014,25680,0.048584,-0.000244,1.059326,1.343511,2.580153,-0.725191,1.06044,2.998018,2714,4378,1664,2714,0,114.695,1,normal
1780595617.3322315,25.55417010000383,25711,0.052246,-0.043457,1.047363,1.091603,2.396947,-0.648855,1.049566,2.712557,2716,4382,1666,2716,0,114.695,0,normal
1780595617.3637314,25.58567000000039,25742,0.06665,-0.030029,1.062988,3.251908,2.984733,-0.496183,1.065499,4.441817,2719,4387,1668,2719,1,114.695,13,normal
1780595617.3955317,25.617470199998934,25773,0.057373,-0.013428,1.045654,0.870229,2.740458,-0.984733,1.047313,3.039261,2724,4394,1670,2724,0,114.695,0,normal
1780595617.4261346,25.648073200005456,25804,0.050049,-0.032471,1.058594,1.618321,2.580153,-1.068702,1.060274,3.227735,2726,4398,1672,2726,0,114.695,1,normal
1780595617.45664,25.67857869999716,25835,0.057617,-0.017578,1.061035,2.580153,3.335878,-0.709924,1.062744,4.276594,2731,4404,1673,2731,0,114.695,6,normal
1780595617.4878843,25.70982279999589,25866,0.057129,-0.013916,1.052246,0.618321,3.175573,-1.007634,1.053888,3.388496,2735,4410,1675,2735,0,114.695,0,normal
1780595617.5175285,25.73946710000746,25897,0.053223,-0.034912,1.059082,2.40458,2.984733,-0.618321,1.060993,3.88239,2737,4415,1678,2737,1,114.695,14,normal
1780595617.5508165,25.772755099998903,25928,0.046387,-0.023682,1.057129,1.763359,2.541985,-0.587786,1.058411,3.149066,2741,4421,1680,2741,0,114.695,3,normal
1780595617.5821362,25.804074800005765,25960,0.039062,-0.011719,1.066406,1.015267,2.763359,-0.78626,1.067186,3.04715,2744,4426,1682,2744,0,107.143,1,normal
1780595617.6131327,25.835071399997105,25991,0.034912,-0.051025,1.040527,2.427481,3.335878,-0.442748,1.042362,4.14931,2746,4431,1685,2746,1,107.143,13,normal
1780595617.6436622,25.865600799996173,26022,0.043945,0.015869,1.052978,1.175572,2.526718,-0.938931,1.054015,2.940725,2751,4438,1687,2751,0,107.143,0,normal
1780595617.6757576,25.89769630000228,26053,0.033936,-0.056885,1.054932,1.10687,2.534351,-0.427481,1.057009,2.798363,2753,4442,1689,2753,0,107.143,1,normal
1780595617.7055764,25.92751500000304,26084,0.040283,-0.02002,1.056152,3.099237,3.419847,-0.366412,1.05711,4.629782,2757,4448,1691,2757,0,107.143,6,normal
1780595617.7382984,25.9602370000066,26116,0.048828,-0.023682,1.054688,0.267176,3.435115,-1.068702,1.056083,3.607426,2759,4452,1693,2759,0,107.143,0,normal
1780595617.7692974,25.991235900000902,26147,0.059082,-0.039795,1.057617,2.572519,2.977099,-0.587786,1.060013,3.978249,2761,4457,1696,2761,1,107.143,14,normal
1780595617.8008156,26.02275410000584,26179,0.027344,-0.000732,1.052978,1.992366,2.725191,-0.519084,1.053334,3.4155,2767,4464,1697,2767,0,107.143,0,normal
1780595617.8313482,26.05328670000017,26210,0.041504,-0.015137,1.058106,0.656489,3.083969,-0.770992,1.059027,3.245963,2769,4468,1699,2769,0,100.0,1,normal
1780595617.8632262,26.085164699994493,26241,0.034424,-0.05249,1.045654,2.717557,3.053435,-0.80916,1.047537,4.166932,2771,4473,1702,2771,1,100.0,14,normal
1780595617.8925872,26.11452570000256,26272,0.048584,0.01416,1.047363,0.931298,3.122137,-0.648855,1.048585,3.322058,2776,4480,1704,2776,0,100.0,0,normal
1780595617.924769,26.14670759999717,26303,0.040527,-0.054443,1.063232,1.335878,2.587786,-0.900763,1.065396,3.048374,2778,4484,1706,2778,0,100.0,1,normal
1780595617.9545095,26.176448199999868,26334,0.041016,-0.01416,1.048584,3.236641,3.70229,-0.580153,1.049481,4.951704,2782,4490,1708,2782,0,100.0,6,normal
1780595617.9856596,26.207598199995118,26365,0.035156,-0.006348,1.048584,0.435114,3.068702,-1.351145,1.049192,3.381102,2786,4496,1710,2786,0,100.0,0,normal
1780595618.027207,26.24914549999812,26395,0.027832,-0.0271,1.058106,1.70229,2.450382,-0.816794,1.058818,3.093431,2788,4500,1712,2788,0,100.0,0,normal
1780595618.0467768,26.268715500002145,26425,0.048828,-0.021484,1.050781,3.061069,3.022901,-0.793893,1.052134,4.374738,2792,4506,1714,2792,0,100.0,5,normal
1780595618.0781796,26.300118200000725,26457,0.049316,-0.020752,1.046387,0.396947,3.564885,-1.259542,1.047754,3.801634,2794,4510,1716,2794,0,100.0,1,normal
1780595618.109863,26.33180159999756,26488,0.050781,-0.045898,1.061523,2.816794,3.091603,-0.305344,1.063728,4.193516,2796,4515,1719,2796,1,97.122,14,normal
1780595618.140769,26.36270749999676,26519,0.021973,-0.018555,1.050049,1.740458,2.847328,-0.29771,1.050443,3.350388,2802,4522,1720,2802,0,97.122,0,normal
1780595618.1721098,26.394048500005738,26551,0.053223,-0.030273,1.060547,0.70229,2.908397,-0.908397,1.062313,3.126846,2804,4526,1722,2804,0,97.122,0,normal
1780595618.2037363,26.425675000005867,26582,0.052246,-0.017822,1.060303,2.816794,2.824427,-0.740458,1.061739,4.057092,2806,4531,1725,2806,1,97.122,14,normal
1780595618.2336388,26.455577300002915,26613,0.049561,0.001465,1.055176,0.923664,2.977099,-0.832061,1.05634,3.226236,2811,4538,1727,2811,0,97.122,1,normal
1780595618.2651372,26.48707590000413,26643,0.037354,-0.050293,1.053711,0.717557,2.625954,-0.89313,1.055572,2.864996,2813,4542,1729,2813,0,97.122,0,normal
1780595618.2947178,26.516656499996316,26674,0.0354,-0.009766,1.05249,3.305344,3.335878,-0.267176,1.053131,4.703697,2816,4547,1731,2816,1,97.122,14,normal
1780595618.3267105,26.548649100004695,26705,0.037354,0.001465,1.037354,0.374046,3.160305,-1.320611,1.038027,3.445498,2821,4554,1733,2821,0,97.122,1,normal
1780595618.357433,26.57937160000438,26736,0.046143,-0.030762,1.051758,1.587786,3.145038,-0.679389,1.053219,3.588022,2823,4558,1735,2823,0,97.122,0,normal
1780595618.3894205,26.61135910000303,26767,0.054688,-0.039551,1.055908,2.335878,3.152672,-0.755725,1.058063,3.995846,2827,4564,1737,2827,0,111.111,6,normal
1780595618.4195037,26.641442299995106,26799,0.066895,0.006836,1.059814,0.534351,3.671756,-1.091603,1.061945,3.867676,2831,4570,1739,2831,0,111.111,0,normal
1780595618.4527366,26.67467530000431,26830,0.041504,-0.050781,1.048096,2.167939,2.541985,-0.29771,1.050146,3.354143,2833,4575,1742,2833,1,111.111,14,normal
1780595618.4830592,26.704997799999546,26862,0.044189,-0.000977,1.043701,1.541985,2.450382,-0.396947,1.044637,2.922269,2838,4582,1744,2838,0,111.111,1,normal
1780595618.5153868,26.737325399997644,26893,0.038086,-0.053711,1.049072,1.198473,3.221374,-0.70229,1.051136,3.508105,2840,4586,1746,2840,0,111.111,0,normal
1780595618.5446746,26.766613200001302,26924,0.036865,-0.009766,1.052246,3.160305,3.40458,0.022901,1.052937,4.645344,2843,4591,1748,2843,1,111.111,14,normal
1780595618.5744197,26.79635829999461,26954,0.049805,0.002197,1.047607,0.78626,2.770992,-0.725191,1.048793,2.97027,2846,4596,1750,2846,0,111.111,1,normal
1780595618.6060183,26.827957000001334,26984,0.056152,-0.059082,1.050537,0.847328,2.534351,-1.167939,1.053694,2.91633,2848,4600,1752,2848,0,111.111,0,normal
1780595618.6369083,26.858846899995115,27015,0.056152,-0.016357,1.048828,3.251908,3.328244,-0.473282,1.050458,4.677191,2851,4605,1754,2851,1,111.111,14,normal
1780595618.6683443,26.890282799999113,27047,0.032471,-0.001953,1.047852,0.351145,2.648855,-1.572519,1.048356,3.100412,2856,4612,1756,2856,0,103.571,0,normal
1780595618.6997614,26.92170000000624,27078,0.050537,-0.052734,1.053955,2.183206,3.122137,-0.374046,1.056483,3.82806,2858,4616,1758,2858,0,103.571,0,normal
1780595618.73109,26.95302869999432,27109,0.034668,-0.019287,1.055176,2.0,2.694656,-0.496183,1.055921,3.392252,2863,4622,1759,2863,0,103.571,5,normal
1780595618.760765,26.982703700006823,27140,0.048584,-0.004395,1.062012,0.549618,3.687023,-1.007634,1.063131,3.861547,2867,4628,1761,2867,0,103.571,0,normal
1780595618.793677,27.015615800002706,27171,0.02417,-0.043457,1.049316,2.48855,2.78626,-0.419847,1.050494,3.759308,2868,4631,1763,2868,1,103.571,17,normal
1780595618.8238983,27.045836999997846,27203,0.02832,-0.01001,1.045166,1.221374,2.969466,-0.725191,1.045597,3.291714,2873,4638,1765,2873,0,103.571,1,normal
1780595618.856876,27.078814599997713,27234,0.043945,-0.059082,1.056152,0.954198,2.572519,-0.816794,1.058716,2.862779,2875,4642,1767,2875,0,103.571,0,normal
1780595618.8868124,27.108751100007794,27265,0.049561,-0.024414,1.052246,3.145038,3.022901,-0.282443,1.053695,4.37138,2878,4647,1769,2878,1,103.571,14,normal
1780595618.9180076,27.139946199997212,27297,0.034668,-0.013916,1.049805,0.236641,3.389313,-0.984733,1.050469,3.537392,2883,4654,1771,2883,0,108.0,0,normal
1780595618.9496584,27.17159690000699,27328,0.044189,-0.044434,1.068359,2.251908,3.038168,-0.717557,1.070196,3.849213,2885,4658,1773,2885,0,108.0,0,normal
1780595618.9802961,27.20223470000201,27359,0.043213,-0.026611,1.051514,2.10687,3.312977,-0.633588,1.052738,3.976953,2890,4664,1774,2890,0,108.0,5,normal
1780595619.0103335,27.23227219999535,27390,0.042969,-0.001221,1.05957,0.59542,3.045802,-1.160305,1.060442,3.313268,2894,4670,1776,2894,0,108.0,0,normal
1780595619.0423687,27.264307200006442,27421,0.042236,-0.048584,1.055176,2.580153,3.038168,-0.526718,1.057138,4.020582,2896,4675,1779,2896,1,108.0,14,normal
1780595619.0733874,27.295326100007514,27452,0.022217,-0.003662,1.046875,1.091603,2.381679,-0.549618,1.047117,2.676952,2900,4680,1780,2900,0,108.0,1,normal
1780595619.1061485,27.32808720000321,27483,0.021973,-0.046875,1.052246,0.603053,2.732824,-0.977099,1.053519,2.964241,2902,4684,1782,2902,0,108.0,0,normal
1780595619.135357,27.357295599998906,27514,0.053467,-0.032959,1.048096,3.007634,3.335878,-0.603053,1.049976,4.531844,2905,4689,1784,2905,1,108.0,14,normal
1780595619.1653895,27.387328199998592,27545,0.048584,0.00293,1.042725,0.89313,2.59542,-0.847328,1.04386,2.872604,2910,4696,1786,2910,0,108.0,0,normal
1780595619.1970706,27.419009200006258,27575,0.029541,-0.053467,1.056641,0.954198,2.343511,-1.137405,1.058405,2.774208,2912,4700,1788,2912,0,104.317,0,normal
1780595619.2276864,27.44962509999459,27606,0.048096,-0.018066,1.059326,3.099237,2.908397,-0.40458,1.060571,4.269394,2915,4705,1790,2915,1,104.317,14,normal
1780595619.2581084,27.48004700000456,27637,0.04126,-0.008301,1.041504,0.412214,3.099237,-1.152672,1.042354,3.332243,2920,4712,1792,2920,0,104.317,0,normal
1780595619.290491,27.51242959999945,27668,0.039551,-0.027588,1.066894,1.610687,2.946565,-0.816794,1.067984,3.455968,2922,4716,1794,2922,0,104.317,0,normal
1780595619.321514,27.543452500001877,27699,0.040771,-0.030518,1.056152,2.274809,3.335878,-0.183206,1.05738,4.041832,2926,4722,1796,2926,0,104.317,5,normal
1780595619.3511984,27.573137100000167,27730,0.043213,0.006592,1.061768,0.564886,3.366412,-0.89313,1.062667,3.528386,2930,4728,1798,2930,0,104.317,0,normal
1780595619.3824983,27.604436800000258,27761,0.05127,-0.043457,1.056152,2.167939,2.427481,-0.038168,1.058289,3.254855,2932,4733,1801,2932,1,104.317,14,normal
1780595619.4136045,27.635542999996687,27792,0.03833,-0.023438,1.053223,1.732824,2.610687,-0.526718,1.05418,3.177389,2935,4738,1803,2935,0,104.317,0,normal
1780595619.4457858,27.667724400002044,27824,0.041504,-0.054443,1.044922,0.641221,3.053435,-0.526718,1.047162,3.164184,2937,4742,1805,2937,0,104.317,0,normal
1780595619.4771159,27.699054500000784,27855,0.056641,-0.01416,1.052002,3.122137,3.381679,-0.717557,1.053621,4.658152,2940,4747,1807,2940,1,100.0,14,normal
1780595619.5066035,27.72854219999863,27886,0.048828,0.00415,1.046875,0.755725,2.80916,-1.137405,1.048021,3.12349,2945,4754,1809,2945,0,100.0,0,normal
1780595619.537673,27.759611600005883,27916,0.032227,-0.048828,1.056641,1.236641,2.587786,-0.832061,1.058259,2.986343,2947,4758,1811,2947,0,100.0,0,normal
1780595619.5678854,27.789824100007536,27947,0.03125,-0.014893,1.0625,3.007634,3.335878,-0.282443,1.063064,4.500413,2950,4763,1813,2950,0,100.0,14,normal
1780595619.6048136,27.82675229999586,27983,0.050049,0.000977,1.04541,0.580153,2.381679,-1.229008,1.046608,2.742158,2955,4770,1815,2955,0,100.0,0,normal
1780595619.6354642,27.857402900001034,28014,0.061768,-0.037598,1.053467,3.022901,3.038168,-0.335878,1.055946,4.298978,2957,4775,1818,2957,1,100.0,14,normal
1780595619.665627,27.887565600001835,28045,0.048096,-0.006104,1.050293,0.709924,2.877863,-0.885496,1.051411,3.093572,2962,4782,1820,2962,0,100.0,1,normal
1780595619.6982737,27.920212199998787,28076,0.033447,-0.045654,1.057861,1.40458,2.458015,-0.923664,1.059374,2.977892,2964,4786,1822,2964,0,100.0,0,normal
1780595619.7290657,27.95100420000381,28107,0.040527,-0.015869,1.057617,2.80916,3.183206,-0.557252,1.058512,4.281905,2968,4792,1824,2968,0,111.111,5,normal
1780595619.7604866,27.982425299996976,28139,0.043457,-0.023926,1.049561,0.732824,3.763359,-0.664122,1.050732,3.891138,2972,4798,1826,2972,0,111.111,1,normal
1780595619.793321,28.015259399995557,28170,0.057861,-0.043945,1.054932,2.374046,2.89313,-0.770992,1.057431,3.821089,2973,4801,1828,2973,1,111.111,17,normal
1780595619.8234086,28.04534729999432,28202,0.036621,-0.007813,1.052734,1.557252,2.320611,-0.641221,1.0534,2.867304,2979,4808,1829,2979,0,111.111,0,normal
1780595619.8552475,28.077186199996504,28233,0.054688,-0.026123,1.068604,0.946565,2.709924,-0.961832,1.070321,3.027341,2981,4812,1831,2981,0,111.111,1,normal
1780595619.8864977,28.108436299997265,28265,0.040527,-0.02002,1.047852,2.725191,3.496183,-0.328244,1.048826,4.444964,2983,4817,1834,2983,1,111.111,14,normal
1780595619.9189723,28.140910800007987,28297,0.046631,-0.020264,1.052002,0.442748,2.320611,-1.328244,1.05323,2.710257,2988,4824,1836,2988,0,111.111,0,normal
1780595619.9484675,28.170406000004732,28328,0.054199,-0.049805,1.065186,1.946565,3.221374,-0.671756,1.067726,3.8233,2990,4828,1838,2990,0,111.111,1,normal
1780595619.979357,28.201295499995467,28358,0.043457,-0.016357,1.052734,2.557252,3.816794,-0.725191,1.053758,4.651167,2994,4834,1840,2994,0,103.586,6,normal
1780595620.0105922,28.23253090000071,28389,0.031494,-0.005615,1.042969,0.374046,3.206107,-1.305344,1.043459,3.481803,2998,4840,1842,2998,0,103.586,0,normal
1780595620.043248,28.265186500007985,28420,0.052734,-0.04126,1.045898,2.145038,3.160305,-0.526718,1.048039,3.855665,3000,4845,1845,3000,1,103.586,14,normal
1780595620.072843,28.294781699994928,28452,0.039307,-0.007813,1.061035,1.70229,2.519084,-0.824427,1.061792,3.15012,3003,4850,1847,3003,0,103.586,0,normal
1780595620.1027718,28.324710400003823,28482,0.042236,-0.000732,1.059082,0.824427,3.618321,-0.908397,1.059924,3.820616,3005,4854,1849,3005,0,103.586,0,normal
1780595620.1354938,28.357432400007383,28513,0.029053,-0.052246,1.046875,2.007634,2.534351,-0.244275,1.04858,3.242406,3007,4859,1852,3007,1,103.586,14,normal
1780595620.166099,28.388037600001553,28545,0.055664,-0.00708,1.05127,1.114504,2.534351,-0.465649,1.052766,2.807469,3012,4866,1854,3012,0,103.586,0,normal
1780595620.1987572,28.420695900000283,28576,0.034668,-0.05127,1.056152,0.961832,2.160305,-1.48855,1.057964,2.794248,3014,4870,1856,3014,0,103.586,0,normal
1780595620.2291517,28.45109030000458,28607,0.047363,-0.012451,1.056885,2.572519,3.160305,-0.839695,1.058019,4.160586,3017,4875,1858,3017,1,103.586,14,normal
1780595620.2597995,28.481738000002224,28638,0.044189,-0.000977,1.041504,0.389313,3.137405,-1.267176,1.042441,3.405966,3022,4882,1860,3022,0,100.0,1,normal
1780595620.291322,28.51326049999625,28669,0.038818,-0.03418,1.06665,1.671756,2.625954,-1.091603,1.067904,3.298788,3024,4886,1862,3024,0,100.0,0,normal
1780595620.3222647,28.544203299999936,28700,0.054443,-0.047607,1.056152,2.320611,3.236641,-0.503817,1.058626,4.014338,3028,4892,1864,3028,0,100.0,6,normal
1780595620.3529596,28.574898200007738,28732,0.049561,0.006836,1.058106,0.480916,3.526718,-0.961832,1.059288,3.687023,3032,4898,1866,3032,0,100.0,1,normal
1780595620.3850136,28.606952100002673,28763,0.022949,-0.04834,1.043945,2.328244,2.717557,-0.358779,1.045316,3.596465,3034,4903,1869,3034,1,100.0,15,normal
1780595620.41686,28.63879860000452,28795,0.04834,-0.01001,1.05249,1.206107,2.687023,-0.335878,1.053647,2.964389,3039,4910,1871,3039,0,100.0,0,normal
1780595620.4474807,28.66941940000106,28826,0.023193,-0.053955,1.046143,0.854962,2.473282,-0.954198,1.04779,2.785423,3041,4914,1873,3041,0,100.0,1,normal
1780595620.4780483,28.699986899999203,28857,0.047119,-0.016602,1.050537,2.969466,3.343511,-0.519084,1.051724,4.501804,3044,4919,1875,3044,1,100.0,14,normal
1780595620.5098395,28.731778200002736,28888,0.037354,0.007568,1.049805,0.732824,2.694656,-0.885496,1.050496,2.929558,3049,4926,1877,3049,0,108.0,0,normal
1780595620.539915,28.76185379999515,28919,0.043213,-0.038086,1.04541,1.908397,2.816794,-0.977099,1.046996,3.53992,3051,4930,1879,3051,0,108.0,1,normal
1780595620.5724626,28.794401100007235,28950,0.047607,-0.020752,1.060547,2.557252,3.641221,-0.458015,1.061818,4.473009,3055,4936,1881,3055,0,108.0,6,normal
1780595620.6033187,28.82525720000558,28981,0.038818,-0.024902,1.047363,0.458015,3.519084,-1.045802,1.048378,3.699653,3059,4942,1883,3059,0,108.0,0,normal
1780595620.6345863,28.8565249999956,29012,0.030273,-0.036133,1.055908,2.458015,2.961832,-0.251908,1.05696,3.857168,3061,4947,1886,3061,1,108.0,14,normal
1780595620.6638937,28.885832400002982,29043,0.043945,-0.022461,1.054932,2.183206,2.946565,-0.458015,1.056086,3.695729,3065,4952,1887,3065,0,108.0,6,normal
1780595620.6951008,28.917039499996463,29074,0.04541,-0.007813,1.062256,0.816794,3.587786,-0.770992,1.063255,3.759493,3069,4958,1889,3069,0,108.0,0,normal
1780595620.7263212,28.948259800003143,29105,0.023438,-0.045898,1.047852,2.19084,2.816794,-0.40458,1.049118,3.59135,3070,4961,1891,3070,1,108.0,18,normal
1780595620.758129,28.980067600001348,29136,0.052734,-0.009033,1.053467,1.343511,2.419847,-0.603053,1.054824,2.83273,3076,4968,1892,3076,0,108.0,0,normal
1780595620.787955,29.009893599999486,29167,0.037109,-0.043701,1.044434,0.664122,3.0,-0.534351,1.046006,3.118748,3078,4972,1894,3078,0,103.943,0,normal
1780595620.818609,29.040547600001446,29197,0.042725,-0.052734,1.056152,2.381679,2.816794,-0.374046,1.058331,3.707646,3080,4977,1897,3080,1,103.943,14,normal
1780595620.849321,29.071259500007727,29228,0.051758,-0.023438,1.059326,1.458015,2.70229,-0.603053,1.060849,3.129194,3085,4984,1899,3085,0,103.943,0,normal
1780595620.8802645,29.102203100002953,29259,0.030029,-0.057617,1.057373,1.152672,2.480916,-0.916031,1.059367,2.88491,3087,4988,1901,3087,0,103.943,0,normal
1780595620.9119186,29.133857199994964,29290,0.038086,-0.012207,1.049316,3.129771,3.244275,-0.343511,1.050078,4.520928,3090,4993,1903,3090,1,103.943,14,normal
1780595620.9422128,29.164151500008302,29321,0.043945,0.004395,1.043457,0.870229,2.664122,-1.183206,1.044391,3.042174,3095,5000,1905,3095,0,103.943,0,normal
1780595620.974761,29.196699699998135,29352,0.040527,-0.036377,1.057129,1.946565,2.51145,-1.229008,1.058531,3.406898,3097,5004,1907,3097,0,103.943,0,normal
1780595621.0051932,29.227131899999222,29383,0.035645,-0.035645,1.053955,2.312977,3.229008,-0.732824,1.05516,4.038984,3101,5010,1909,3101,0,103.943,6,normal
1780595621.03623,29.258168700005626,29415,0.056641,-0.001953,1.063965,0.78626,3.740458,-0.763359,1.065473,3.897685,3105,5016,1911,3105,0,103.943,1,normal
1780595621.0688777,29.29081629999564,29446,0.029541,-0.047607,1.04248,2.358779,2.465649,-0.229008,1.043985,3.419898,3107,5021,1914,3107,1,103.943,15,normal
1780595621.1000216,29.32196020000265,29478,0.04541,-0.003174,1.049805,1.183206,2.625954,-0.763359,1.050791,2.979652,3112,5028,1916,3112,0,103.943,0,normal
1780595621.1313484,29.353287100006128,29509,0.041992,-0.054932,1.052002,0.900763,2.916031,-0.862595,1.054272,3.171542,3114,5032,1918,3114,0,103.943,1,normal
1780595621.162304,29.384242500003893,29540,0.049805,-0.005859,1.04834,2.816794,3.21374,-0.687023,1.049539,4.328332,3117,5037,1920,3117,1,103.943,14,normal
1780595621.1919348,29.41387340000074,29571,0.067871,-0.008301,1.055176,0.526718,2.938931,-0.816794,1.057389,3.095464,3122,5044,1922,3122,0,103.943,0,normal
1780595621.223669,29.445607700006803,29602,0.052002,-0.048096,1.065186,1.931298,2.648855,-0.694656,1.067538,3.350954,3124,5048,1924,3124,0,103.943,1,normal
1780595621.254385,29.476323599999887,29633,0.038574,-0.02417,1.06958,2.870229,3.244275,-0.610687,1.070548,4.374526,3128,5054,1926,3128,0,103.943,6,normal
1780595621.2854125,29.507351199994446,29664,0.052002,-0.02002,1.053467,0.709924,3.48855,-1.236641,1.054939,3.76872,3132,5060,1928,3132,0,103.943,0,normal
1780595621.3175638,29.539502500003437,29695,0.060547,-0.044678,1.053711,2.114504,2.801527,-0.564886,1.056394,3.555106,3134,5065,1931,3134,1,103.943,14,normal
1780595621.3503747,29.572313399999985,29727,0.033936,-0.027588,1.055664,1.557252,2.832061,-0.59542,1.05657,3.286355,3139,5072,1933,3139,0,113.879,0,normal
1780595621.3813398,29.60327839999809,29759,0.035645,-0.053711,1.060547,0.725191,2.282443,-0.938931,1.062504,2.57236,3140,5074,1934,3140,0,113.879,6,normal
1780595621.4120114,29.633950100003858,29790,0.062256,-0.030273,1.051758,2.954198,3.061069,-0.381679,1.054034,4.271196,3143,5079,1936,3143,1,113.879,14,normal
1780595621.442095,29.66403359999822,29821,0.048096,0.012939,1.045166,1.061069,2.572519,-0.763359,1.046352,2.885557,3148,5086,1938,3148,0,113.879,0,normal
1780595621.4742386,29.696177300007548,29852,0.027588,-0.047607,1.053955,1.519084,2.396947,-0.633588,1.05539,2.907646,3150,5090,1940,3150,0,113.879,0,normal
1780595621.5061927,29.728131299998495,29883,0.052246,-0.018311,1.054199,3.007634,3.679389,-1.022901,1.055652,4.861079,3154,5096,1942,3154,0,113.879,6,normal
1780595621.5368288,29.758767399995122,29915,0.049072,-0.01709,1.04541,0.664122,3.083969,-1.030534,1.046701,3.318724,3158,5102,1944,3158,0,113.879,1,normal
1780595621.567032,29.78897069999948,29946,0.054443,-0.047852,1.052734,1.854962,2.70229,-0.656489,1.055227,3.342788,3160,5107,1947,3160,1,113.879,14,normal
1780595621.5991788,29.821117300001788,29977,0.017822,-0.010742,1.04834,1.687023,2.305344,-0.458015,1.048546,2.89317,3166,5114,1948,3166,0,108.0,0,normal
1780595621.6299138,29.85185239999555,30008,0.0354,-0.013184,1.05835,1.183206,3.10687,-0.770992,1.059024,3.412777,3168,5118,1950,3168,0,108.0,1,normal
1780595621.6614432,29.88338179999846,30039,0.036133,-0.04834,1.062256,2.274809,2.618321,-0.19084,1.063969,3.473727,3170,5123,1953,3170,1,108.0,14,normal
1780595621.691026,29.912964500006638,30070,0.044189,-0.005615,1.055664,1.229008,2.557252,-0.198473,1.056603,2.844185,3175,5130,1955,3175,0,108.0,0,normal
1780595621.722751,29.944689600000856,30101,0.025391,-0.047852,1.059814,0.984733,2.549618,-1.0,1.061198,2.91037,3177,5134,1957,3177,0,108.0,1,normal
1780595621.7532082,29.97514670000237,30131,0.066895,-0.041016,1.046631,2.80916,2.885496,-0.183206,1.049568,4.031256,3179,5139,1960,3179,1,108.0,14,normal
1780595621.7831633,30.00510189999477,30162,0.049805,-0.00708,1.053955,1.045802,2.732824,-0.801527,1.055155,3.033888,3184,5146,1962,3184,0,108.0,0,normal
1780595621.8152187,30.037157400001888,30193,0.033691,-0.051514,1.052734,1.167939,2.412214,-0.641221,1.054532,2.755725,3186,5150,1964,3186,0,108.0,1,normal
1780595621.846913,30.06885169999441,30224,0.063721,-0.023438,1.054199,2.625954,3.633588,-0.816794,1.056383,4.556946,3190,5156,1966,3190,0,108.0,6,normal
1780595621.8780332,30.099971699994057,30256,0.037109,-0.019287,1.056641,0.877863,3.40458,-1.022901,1.057468,3.661712,3193,5160,1967,3193,0,96.774,5,normal
1780595621.9086194,30.130558000004385,30287,0.05249,-0.040039,1.063965,2.679389,2.633588,-0.541985,1.066011,3.795874,3195,5165,1970,3195,1,96.774,14,normal
1780595621.9388342,30.160772700008238,30318,0.023682,-0.016113,1.048828,1.977099,2.29771,-0.923664,1.049219,3.16884,3199,5171,1972,3199,0,96.774,3,normal
1780595621.9703777,30.192316300002858,30349,0.030762,-0.011963,1.063965,0.984733,3.206107,-0.59542,1.064477,3.406368,3202,5176,1974,3202,0,96.774,0,normal
1780595622.0036924,30.225631099994644,30380,0.019531,-0.046875,1.04248,2.419847,2.465649,-0.435114,1.043717,3.482012,3204,5181,1977,3204,1,96.774,14,normal
1780595622.038356,30.260294599996996,30411,0.026855,0.001465,1.054688,1.030534,2.473282,-0.374046,1.05503,2.705372,3208,5186,1978,3208,0,96.774,6,normal
1780595622.0638351,30.2857737000013,30442,0.037842,-0.04248,1.051758,0.839695,2.389313,-0.977099,1.053295,2.714522,3210,5190,1980,3210,0,96.774,0,normal
1780595622.0935268,30.315465499996208,30473,0.042236,-0.005371,1.052978,2.793893,3.29771,-0.450382,1.053839,4.345524,3213,5195,1982,3213,1,96.774,14,normal
1780595622.1252186,30.347157199998037,30503,0.058105,-0.011475,1.045654,1.358779,2.396947,-0.442748,1.04733,2.790638,3218,5202,1984,3218,0,96.774,0,normal
1780595622.1553838,30.377322500004084,30534,0.035889,-0.055664,1.059814,1.038168,2.534351,-1.0,1.061882,2.915601,3220,5206,1986,3220,0,97.122,0,normal
1780595622.1863558,30.408294499997282,30564,0.044678,-0.037354,1.046875,2.740458,3.206107,-0.725191,1.048494,4.279618,3223,5211,1988,3223,1,97.122,14,normal
1780595622.2160954,30.438034100006917,30595,0.037598,-0.002197,1.056885,0.770992,2.610687,-0.78626,1.057556,2.833429,3228,5218,1990,3228,0,97.122,0,normal
1780595622.247902,30.46984049999446,30626,0.030518,-0.040283,1.061523,1.458015,2.290076,-0.709924,1.062726,2.80611,3230,5222,1992,3230,0,97.122,0,normal
1780595622.2798488,30.501787400004105,30657,0.039062,-0.019531,1.049805,2.374046,3.633588,-0.480916,1.050713,4.366959,3233,5226,1993,3233,0,97.122,5,normal
1780595622.3103862,30.53232480000588,30689,0.040283,-0.016602,1.049072,0.450382,2.801527,-1.412214,1.049977,3.169502,3237,5232,1995,3237,0,97.122,0,normal
1780595622.3428996,30.564838200007216,30720,0.057129,-0.040283,1.052734,2.320611,2.450382,-0.549618,1.055053,3.41931,3239,5237,1998,3239,1,97.122,14,normal
1780595622.3731098,30.59504850000667,30751,0.050781,-0.02124,1.048096,1.748092,2.167939,-0.793893,1.04954,2.895868,3244,5244,2000,3244,0,97.122,1,normal
1780595622.4026425,30.62458119999792,30782,0.055176,-0.006592,1.055908,0.862595,3.541985,-0.778626,1.057369,3.727732,3246,5248,2002,3246,0,97.122,0,normal
1780595622.4351616,30.65710019999824,30813,0.064209,-0.055908,1.04834,2.053435,2.961832,-0.290076,1.051791,3.615687,3248,5253,2005,3248,1,100.358,14,normal
1780595622.465801,30.687739700006205,30845,0.034668,0.009033,1.047363,1.442748,2.51145,-0.572519,1.047976,2.952403,3253,5260,2007,3253,0,100.358,0,normal
1780595622.4979563,30.719894800000475,30876,0.036133,-0.062012,1.05249,1.10687,2.519084,-0.992366,1.054934,2.925019,3255,5264,2009,3255,0,100.358,0,normal
1780595622.5296762,30.751614799999516,30907,0.041504,-0.016602,1.054199,3.083969,3.412214,-0.29771,1.055147,4.60898,3259,5270,2011,3259,0,100.358,6,normal
1780595622.560317,30.782255600002827,30939,0.033691,-0.02002,1.048584,0.618321,3.725191,-0.59542,1.049316,3.822812,3261,5274,2013,3261,0,100.358,1,normal
1780595622.592055,30.81399369999417,30970,0.060791,-0.036865,1.060547,2.167939,2.862595,-0.755725,1.062927,3.669541,3263,5279,2016,3263,1,100.358,13,normal
1780595622.6235054,30.845444000005955,31002,0.033691,-0.007813,1.058594,1.793893,2.564885,-0.694656,1.059159,3.206125,3269,5286,2017,3269,0,100.358,0,normal
1780595622.6550965,30.877035199999227,31033,0.048584,-0.013428,1.065918,0.709924,2.763359,-1.312977,1.067109,3.140709,3271,5290,2019,3271,0,100.358,1,normal
1780595622.686227,30.908165600005304,31064,0.059814,-0.052246,1.050781,2.427481,2.839695,-0.480916,1.053778,3.766671,3273,5295,2022,3273,1,99.602,13,normal
1780595622.7166662,30.938604800001485,31095,0.047363,-0.000488,1.049072,1.045802,2.564885,-0.641221,1.050141,2.84315,3278,5302,2024,3278,0,99.602,0,normal
1780595622.7480223,30.969960999995237,31126,0.035645,-0.052979,1.059326,1.374046,2.687023,-0.625954,1.061249,3.082193,3280,5306,2026,3280,0,99.602,0,normal
1780595622.7794888,31.00142749999941,31157,0.057861,-0.018799,1.049072,3.129771,3.709924,-0.656489,1.050835,4.897956,3284,5312,2028,3284,0,99.602,5,normal
1780595622.8088837,31.03082220000215,31188,0.033203,-0.004395,1.049072,0.541985,3.0,-1.374046,1.049607,3.343912,3288,5318,2030,3288,0,99.602,0,normal
1780595622.840036,31.061974600001122,31218,0.051025,-0.04248,1.057373,1.496183,2.832061,-0.755725,1.059455,3.290935,3290,5322,2032,3290,0,99.602,0,normal
1780595622.8707135,31.09265220000816,31249,0.05542,-0.01416,1.061035,2.549618,3.78626,-0.305344,1.062576,4.574882,3294,5328,2034,3294,0,99.602,5,normal
1780595622.9011106,31.123049200003152,31280,0.043945,-0.010742,1.045166,0.59542,3.305344,-1.137405,1.046145,3.545915,3298,5334,2036,3298,0,99.602,0,normal
1780595622.9332118,31.155150499995216,31311,0.02832,-0.038818,1.057129,2.465649,2.770992,-0.572519,1.05822,3.753079,3300,5338,2038,3300,1,99.602,0,normal
1780595622.9637601,31.18569870000647,31342,0.054443,-0.023926,1.056152,2.221374,2.755725,-0.656489,1.057825,3.59993,3305,5344,2039,3305,0,115.108,5,normal
1780595622.9950604,31.216999099997338,31373,0.058838,-0.005371,1.067871,1.007634,3.312977,-0.801527,1.069504,3.554376,3309,5350,2041,3309,0,115.108,0,normal
1780595623.0279236,31.2498620999977,31404,0.027588,-0.049072,1.042969,2.114504,2.770992,-0.343511,1.044487,3.502503,3311,5355,2044,3311,1,115.108,14,normal
1780595623.0726616,31.29460029999609,31435,0.056152,-0.009277,1.053711,1.305344,2.572519,-0.625954,1.055247,2.95188,3317,5362,2045,3317,0,115.108,1,normal
1780595623.088332,31.310270500005572,31466,0.062744,-0.049316,1.054688,1.129771,2.778626,-0.671756,1.057703,3.073825,3319,5366,2047,3319,0,115.108,0,normal
1780595623.1187522,31.34069090000412,31497,0.066895,-0.025146,1.057129,2.923664,3.366412,-0.59542,1.059542,4.49834,3321,5371,2050,3321,1,115.108,14,normal
1780595623.1495683,31.371506900002714,31528,0.054443,-0.002686,1.043945,1.267176,2.816794,-0.732824,1.045368,3.174444,3326,5378,2052,3326,0,115.108,1,normal
1780595623.1806748,31.402613300000667,31559,0.05127,-0.045898,1.054443,1.51145,2.70229,-1.129771,1.056686,3.295942,3328,5382,2054,3328,0,115.108,0,normal
1780595623.2121217,31.434060400002636,31590,0.053223,-0.014648,1.062256,2.496183,3.755725,-0.664122,1.063689,4.55823,3331,5386,2055,3331,0,115.108,5,normal
1780595623.2426844,31.46462290000636,31621,0.049561,-0.004639,1.055176,0.381679,2.541985,-1.534351,1.056349,2.993593,3335,5392,2057,3335,0,107.527,0,normal
1780595623.275214,31.497152500000084,31652,0.06958,-0.043457,1.060791,2.053435,3.068702,-0.412214,1.063958,3.715299,3337,5396,2059,3337,0,107.527,0,normal
1780595623.3060849,31.52802339999471,31684,0.061768,-0.01709,1.057129,1.748092,2.396947,-0.526718,1.05907,3.013073,3342,5404,2062,3342,0,107.527,0,normal
1780595623.3380275,31.559966200002236,31716,0.027344,-0.037842,1.065186,0.80916,2.40458,-1.091603,1.066208,2.761946,3344,5408,2064,3344,0,107.527,1,normal
1780595623.368367,31.59030549999443,31747,0.057617,-0.053467,1.049561,2.816794,3.0,-0.167939,1.0525,4.11856,3346,5413,2067,3346,1,107.527,14,normal
1780595623.3994718,31.62141029999475,31778,0.034668,-0.003906,1.043457,1.091603,2.923664,-0.923664,1.04404,3.254622,3351,5420,2069,3351,0,107.527,0,normal
1780595623.430641,31.65257950000523,31809,0.036377,-0.05835,1.062012,0.908397,2.442748,-0.816794,1.064235,2.731182,3353,5424,2071,3353,0,107.527,1,normal
1780595623.46211,31.684048600000096,31840,0.043457,-0.010986,1.05127,3.007634,3.419847,-0.396947,1.052225,4.571518,3357,5430,2073,3357,0,107.527,6,normal
1780595623.4921687,31.714107199994032,31871,0.034912,-0.013184,1.042969,0.274809,3.335878,-0.977099,1.043636,3.486879,3361,5436,2075,3361,0,104.0,0,normal
1780595623.5230906,31.745029099998646,31902,0.030029,-0.027344,1.054688,1.832061,2.931298,-0.801527,1.055469,3.548436,3363,5440,2077,3363,0,104.0,0,normal
1780595623.5552056,31.77714429999469,31933,0.043213,-0.04126,1.062256,2.183206,3.267176,-0.381679,1.063935,3.947975,3367,5446,2079,3367,0,104.0,6,normal
1780595623.585202,31.807140699995216,31964,0.057617,0.005859,1.06543,0.770992,3.48855,-1.076336,1.067002,3.731341,3371,5452,2081,3371,0,104.0,0,normal
1780595623.6168966,31.838835300004575,31995,0.044189,-0.033936,1.05249,2.328244,2.564885,-0.48855,1.053964,3.498291,3373,5457,2084,3373,1,104.0,14,normal
1780595623.6477895,31.869728100005887,32026,0.025635,-0.022217,1.048828,1.549618,2.312977,-0.862595,1.049377,2.914662,3378,5464,2086,3378,0,104.0,1,normal
1780595623.6787133,31.900651999996626,32057,0.028809,-0.021729,1.063477,1.053435,3.076336,-0.923664,1.064089,3.380344,3380,5468,2088,3380,0,104.0,0,normal
1780595623.710187,31.932125599996652,32088,0.045654,-0.063721,1.04248,2.091603,2.80916,-0.21374,1.045423,3.508827,3381,5471,2090,3381,1,104.0,17,normal
1780595623.7407823,31.96272090000275,32119,0.033691,-0.016113,1.043457,1.244275,2.870229,-0.618321,1.044125,3.188848,3386,5478,2092,3386,0,104.0,1,normal
1780595623.7716289,31.993567400000757,32150,0.04126,-0.04541,1.060303,0.931298,2.610687,-1.10687,1.062076,2.984655,3388,5482,2094,3388,0,96.774,0,normal
1780595623.802988,32.0249266000028,32181,0.043701,-0.013672,1.053467,2.862595,3.381679,-0.419847,1.054462,4.450447,3391,5487,2096,3391,1,96.774,14,normal
1780595623.8346686,32.05660730000818,32213,0.050781,-0.015625,1.048584,0.221374,3.259542,-1.305344,1.049929,3.518173,3396,5494,2098,3396,0,96.774,1,normal
1780595623.865316,32.08725460000278,32244,0.04126,-0.048096,1.060791,1.977099,3.183206,-0.992366,1.062682,3.876405,3397,5496,2099,3397,0,96.774,5,normal
1780595623.8963466,32.11828510000487,32275,0.051758,-0.039795,1.058594,2.21374,2.946565,-0.366412,1.060605,3.703667,3402,5502,2100,3402,0,96.774,5,normal
1780595623.9273925,32.149331199994776,32306,0.059082,-0.005859,1.067383,0.679389,3.534351,-0.969466,1.069033,3.727341,3406,5508,2102,3406,0,96.774,1,normal
1780595623.9590416,32.1809801000054,32337,0.039307,-0.049072,1.049072,2.274809,2.114504,-0.358779,1.050955,3.126436,3408,5513,2105,3408,1,96.774,14,normal
1780595623.9902148,32.212153400003444,32369,0.0271,0.001709,1.055664,1.167939,2.679389,-0.801527,1.056013,3.030784,3414,5520,2106,3414,0,96.774,0,normal
1780595624.0207407,32.24267940000573,32400,0.042969,-0.052979,1.057617,1.0,2.656489,-1.045802,1.059815,3.025001,3416,5524,2108,3416,0,112.0,0,normal
1780595624.0520945,32.27403299999423,32430,0.061279,-0.043701,1.05127,2.10687,2.816794,-0.534351,1.05396,3.557915,3418,5529,2111,3418,1,112.0,14,normal
1780595624.08247,32.3044086000009,32461,0.061279,-0.013672,1.054199,1.091603,2.419847,-0.732824,1.056067,2.753959,3423,5536,2113,3423,0,112.0,0,normal
1780595624.11354,32.33547849999741,32492,0.041504,-0.047363,1.058106,1.10687,2.366412,-0.961832,1.059978,2.783916,3425,5540,2115,3425,0,112.0,0,normal
1780595624.1445181,32.36645679999492,32523,0.048584,-0.008057,1.049316,2.969466,3.687023,-0.549618,1.050471,4.765915,3428,5545,2117,3428,1,112.0,14,normal
1780595624.1758194,32.397758000006434,32554,0.047852,-0.011963,1.047119,0.419847,2.954198,-1.343511,1.04828,3.272397,3433,5552,2119,3433,0,112.0,0,normal
1780595624.2069914,32.42893009999534,32585,0.044678,-0.034424,1.068848,1.80916,2.664122,-0.717557,1.070335,3.299318,3435,5556,2121,3435,0,112.0,0,normal
1780595624.2381542,32.460092799999984,32616,0.057861,-0.04248,1.065918,2.198473,3.114504,-0.389313,1.068332,3.832099,3438,5562,2124,3438,0,112.0,5,normal
1780595624.268403,32.49034170000232,32647,0.047607,-0.016602,1.058594,0.641221,3.335878,-1.045802,1.059794,3.554286,3442,5568,2126,3442,0,112.0,0,normal
1780595624.3005273,32.52246599999489,32678,0.056885,-0.041992,1.051514,2.259542,2.793893,-0.29771,1.053888,3.605551,3444,5573,2129,3444,1,100.719,14,normal
1780595624.330367,32.552305699995486,32709,0.047852,-0.023438,1.050049,1.938931,2.0,-0.969466,1.0514,2.94946,3449,5580,2131,3449,0,100.719,1,normal
1780595624.3622875,32.58422620000783,32740,0.052979,-0.003418,1.062988,1.053435,3.312977,-0.938931,1.064313,3.600991,3451,5584,2133,3451,0,100.719,0,normal
1780595624.3940754,32.61601389999851,32771,0.05542,-0.056641,1.045898,1.801527,2.641221,-0.374046,1.048896,3.218922,3453,5589,2136,3453,1,100.719,14,normal
1780595624.4237494,32.64568810000492,32803,0.04126,0.006836,1.053467,1.557252,2.091603,-0.862595,1.054297,2.746618,3458,5596,2138,3458,0,100.719,0,normal
1780595624.4561543,32.678092899994226,32834,0.032959,-0.05542,1.05127,1.282443,2.748092,-0.641221,1.053245,3.09965,3460,5600,2140,3460,0,100.719,1,normal
1780595624.4880636,32.71000229999481,32865,0.047119,-0.011719,1.069824,2.832061,3.618321,-0.549618,1.070926,4.627623,3464,5606,2142,3464,0,100.719,6,normal
1780595624.5184863,32.7404247999948,32897,0.059814,-0.004883,1.052734,0.870229,3.419847,-1.137405,1.054444,3.707606,3467,5610,2143,3467,0,100.719,5,normal
1780595624.5496607,32.77159920000122,32928,0.062744,-0.034912,1.055664,2.137405,2.717557,-0.435114,1.058103,3.484672,3469,5615,2146,3469,1,100.0,14,normal
1780595624.580868,32.802806599996984,32959,0.039551,-0.023193,1.054688,2.091603,2.572519,-0.473282,1.055684,3.349127,3473,5620,2147,3473,0,100.0,6,normal
1780595624.610916,32.83285459999752,32990,0.052246,-0.00708,1.064209,1.045802,3.549618,-1.236641,1.065514,3.901637,3477,5626,2149,3477,0,100.0,0,normal
1780595624.6424546,32.86439329999848,33021,0.026611,-0.042236,1.049072,2.175573,2.40458,-0.389313,1.050259,3.265989,3479,5631,2152,3479,1,100.0,14,normal
1780595624.6736503,32.8955888000055,33052,0.040283,-0.012695,1.053711,1.427481,2.312977,-0.564886,1.054557,2.776087,3484,5638,2154,3484,0,100.0,0,normal
1780595624.705083,32.927021600000444,33083,0.030762,-0.048584,1.043457,1.08397,2.564885,-0.610687,1.04504,2.850713,3486,5642,2156,3486,0,100.0,0,normal
1780595624.7361774,32.958115999994334,33114,0.056152,-0.031494,1.05835,2.862595,3.290076,-0.335878,1.060306,4.373999,3489,5647,2158,3489,1,100.0,14,normal
1780595624.7669387,32.98887719999766,33145,0.063477,-0.001465,1.04541,0.625954,3.015267,-0.832061,1.047337,3.189981,3494,5654,2160,3494,0,100.0,0,normal
1780595624.7978475,33.01978620000591,33176,0.043457,-0.04248,1.056641,1.541985,2.923664,-0.770992,1.058387,3.394106,3496,5658,2162,3496,0,100.0,0,normal
1780595624.8288116,33.05075029999716,33207,0.047363,-0.01001,1.057617,2.992366,3.114504,-0.610687,1.058724,4.362032,3500,5664,2164,3500,0,111.111,5,normal
1780595624.8591666,33.08110530000704,33238,0.028809,-0.005371,1.051025,0.412214,3.229008,-1.099237,1.051434,3.435802,3504,5670,2166,3504,0,111.111,1,normal
1780595624.8909223,33.11286090000067,33269,0.064209,-0.042236,1.060303,2.435115,3.419847,-0.198473,1.063084,4.20292,3506,5674,2168,3506,1,111.111,0,normal
1780595624.9231384,33.145077000008314,33301,0.045898,-0.021484,1.053711,1.946565,2.442748,-0.587786,1.054929,3.178305,3510,5680,2170,3510,0,111.111,0,normal
1780595624.9547057,33.17664429999422,33333,0.030273,-0.025391,1.057129,0.938931,2.70229,-1.015267,1.057867,3.035578,3512,5684,2172,3512,0,111.111,1,normal
1780595624.9861195,33.2080580000038,33364,0.04541,-0.053467,1.04834,2.21374,2.931298,-0.480916,1.050684,3.70465,3514,5689,2175,3514,1,111.111,14,normal
1780595625.0159924,33.23793089999526,33395,0.02832,-0.006104,1.057129,1.366412,2.748092,-0.816794,1.057526,3.175884,3519,5696,2177,3519,0,111.111,0,normal
1780595625.0570302,33.27896870000404,33426,0.022217,-0.055908,1.05835,1.251908,2.083969,-0.938931,1.060058,2.606107,3521,5700,2179,3521,0,111.111,1,normal
1780595625.0784504,33.30038899999636,33457,0.037109,-0.018311,1.045166,2.839695,3.687023,-0.366412,1.045985,4.668218,3525,5706,2181,3525,0,100.0,6,normal
1780595625.109661,33.33159960000194,33488,0.035156,-0.005615,1.041992,0.633588,2.824427,-1.183206,1.0426,3.127107,3529,5712,2183,3529,0,100.0,0,normal
1780595625.1403852,33.36232380000001,33519,0.03833,-0.030518,1.060059,1.824428,3.419847,-0.78626,1.06119,3.955009,3531,5716,2185,3531,0,100.0,1,normal
1780595625.171222,33.39316059999692,33550,0.030518,-0.029541,1.056396,2.221374,3.114504,-0.458015,1.05725,3.852845,3535,5722,2187,3535,0,100.0,6,normal
1780595625.2078016,33.42974029999459,33586,0.047363,-0.005615,1.059082,0.80916,3.412214,-0.854962,1.060155,3.609557,3537,5726,2189,3537,0,100.0,0,normal
1780595625.2387192,33.46065789999557,33617,0.044189,-0.014404,1.044922,2.664122,3.709924,-0.603053,1.045955,4.607033,3541,5732,2191,3541,0,100.0,5,normal
1780595625.2694345,33.49137309999787,33648,0.040039,-0.013184,1.053711,0.236641,2.992366,-1.389313,1.054554,3.307634,3545,5738,2193,3545,0,100.0,0,normal
1780595625.3003585,33.52229720000469,33679,0.043945,-0.046143,1.059814,2.274809,2.877863,-0.854962,1.061728,3.766671,3547,5742,2195,3547,0,100.0,0,normal
1780595625.3319025,33.55384110000159,33710,0.034912,-0.02832,1.052978,1.877863,2.717557,-0.671756,1.053938,3.370866,3552,5748,2196,3552,0,106.719,5,normal
1780595625.3617995,33.5837382000027,33741,0.055176,0.011963,1.064453,0.908397,3.40458,-0.816794,1.065949,3.617112,3554,5752,2198,3554,0,106.719,1,normal
1780595625.3945358,33.61647449999873,33772,0.026611,-0.045898,1.030273,2.122137,2.847328,-0.648855,1.031639,3.609952,3556,5757,2201,3556,1,106.719,15,normal
1780595625.4263437,33.6482823999977,33804,0.048096,-0.012207,1.046387,1.198473,2.427481,-0.374046,1.047563,2.732931,3561,5764,2203,3561,0,106.719,0,normal
1780595625.4568162,33.6787547999993,33835,0.030518,-0.053223,1.053223,0.938931,2.396947,-0.70229,1.055008,2.668362,3563,5768,2205,3563,0,106.719,1,normal
1780595625.4876816,33.70962029999646,33866,0.052734,-0.022949,1.048828,2.725191,3.312977,-0.541985,1.050404,4.323914,3566,5773,2207,3566,1,106.719,14,normal
1780595625.5189111,33.74084980000043,33897,0.03418,0.001465,1.046631,0.465649,2.923664,-0.664122,1.04719,3.03409,3571,5780,2209,3571,0,106.719,0,normal
1780595625.5492516,33.77119010000024,33927,0.029053,-0.050049,1.059814,1.290076,2.206107,-0.89313,1.061393,2.707192,3573,5784,2211,3573,0,106.719,0,normal
1780595625.5792294,33.80116790000466,33958,0.041016,-0.021729,1.037109,2.992366,3.59542,-0.534351,1.038147,4.708166,3575,5787,2212,3575,0,106.719,16,normal
1780595625.6106553,33.83259380000527,33989,0.045654,-0.015381,1.043701,0.725191,2.954198,-1.320611,1.044812,3.316203,3580,5794,2214,3580,0,100.358,0,normal
1780595625.6424832,33.86442189999798,34020,0.054443,-0.040283,1.060791,1.847328,3.10687,-0.70229,1.062951,3.682184,3582,5798,2216,3582,0,100.358,0,normal
1780595625.673685,33.89562379999552,34051,0.042725,-0.033447,1.058106,2.244275,3.114504,-0.78626,1.059496,3.91856,3586,5804,2218,3586,0,100.358,5,normal
1780595625.7041051,33.92604370000481,34083,0.050293,-0.006836,1.0625,0.625954,3.732824,-1.053435,1.063712,3.928807,3590,5810,2220,3590,0,100.358,0,normal
1780595625.735063,33.95700170000782,34113,0.058838,-0.032715,1.05835,2.40458,2.366412,-0.343511,1.060489,3.391152,3592,5815,2223,3592,1,100.358,14,normal
1780595625.766297,33.988235600001644,34144,0.016113,-0.010986,1.042725,1.755725,2.534351,-0.572519,1.042907,3.135807,3597,5822,2225,3597,0,100.358,1,normal
1780595625.7978187,34.01975730000413,34176,0.043701,-0.043701,1.063965,0.610687,3.076336,-1.045802,1.065758,3.306128,3599,5826,2227,3599,0,100.358,0,normal
1780595625.828738,34.0506766000035,34207,0.044678,-0.038818,1.04541,2.557252,2.923664,-0.374046,1.047084,3.902212,3601,5831,2230,3601,1,100.358,14,normal
1780595625.8598814,34.08181990000594,34238,0.029297,-0.002441,1.052002,0.870229,3.122137,-0.816794,1.052413,3.342483,3606,5838,2232,3606,0,100.358,1,normal
1780595625.8915458,34.11348450000514,34269,0.035645,-0.041504,1.057861,1.358779,2.427481,-0.832061,1.059275,2.903664,3608,5842,2234,3608,0,100.0,1,normal
1780595625.9227746,34.144713100002264,34300,0.054199,-0.018799,1.047363,2.603053,3.21374,-0.480916,1.048933,4.163568,3612,5848,2236,3612,0,100.0,6,normal
1780595625.9542947,34.17623339999409,34332,0.055664,-0.012207,1.052978,0.679389,2.977099,-1.183206,1.054519,3.274854,3616,5854,2238,3616,0,100.0,0,normal
1780595625.985685,34.20762370000011,34363,0.05542,-0.047119,1.061279,2.328244,2.664122,-0.458015,1.063769,3.567639,3618,5859,2241,3618,1,100.0,14,normal
1780595626.0162508,34.23818949999986,34394,0.032471,-0.022949,1.052002,1.587786,2.381679,-0.992366,1.052753,3.029563,3620,5863,2243,3620,0,100.0,3,normal
1780595626.0454004,34.267338999998174,34425,0.044189,-0.008545,1.0625,0.732824,3.19084,-1.099237,1.063453,3.453522,3623,5868,2245,3623,0,100.0,0,normal
1780595626.0771766,34.299115300003905,34455,0.039551,-0.046387,1.04248,2.183206,2.78626,-0.549618,1.044261,3.582138,3625,5873,2248,3625,1,100.0,14,normal
1780595626.107829,34.32976779999444,34486,0.04248,-0.004639,1.047852,1.80916,2.450382,-0.641221,1.048722,3.112651,3631,5880,2249,3631,0,100.0,1,normal
1780595626.138716,34.360654699994484,34517,0.043457,-0.029785,1.065918,1.030534,2.900763,-1.007634,1.067219,3.239098,3633,5884,2251,3633,0,100.0,0,normal
1780595626.1697192,34.391657800006215,34548,0.045166,-0.053223,1.048096,2.183206,2.541985,-0.198473,1.050418,3.356705,3635,5889,2254,3635,1,96.774,14,normal
1780595626.20057,34.42250860000786,34579,0.036621,-0.002197,1.043457,1.389313,2.816794,-0.282443,1.044102,3.153457,3640,5896,2256,3640,0,96.774,0,normal
1780595626.2306693,34.45260780000535,34609,0.059082,-0.038818,1.051758,1.580153,2.450382,-0.89313,1.054131,3.049415,3642,5900,2258,3642,0,96.774,0,normal
1780595626.261884,34.48382270000002,34640,0.045654,-0.009277,1.05127,2.839695,3.076336,-0.610687,1.052301,4.230916,3645,5905,2260,3645,1,96.774,14,normal
1780595626.2926123,34.51455100000021,34671,0.038574,0.000244,1.046631,0.572519,2.648855,-0.839695,1.047342,2.837128,3650,5912,2262,3650,0,96.774,1,normal
1780595626.3240957,34.54603430000134,34702,0.047607,-0.050293,1.05957,1.740458,2.679389,-0.755725,1.061831,3.283206,3652,5916,2264,3652,0,96.774,0,normal
1780595626.3550606,34.57699929999944,34733,0.056885,-0.013916,1.058106,2.564885,3.572519,-0.183206,1.059725,4.401715,3656,5922,2266,3656,0,96.774,5,normal
1780595626.386607,34.60854549999931,34764,0.036621,-0.019531,1.050049,0.236641,3.076336,-1.244275,1.050869,3.32687,3660,5928,2268,3660,0,96.774,0,normal
1780595626.4168901,34.63882880000165,34795,0.036621,-0.035645,1.067383,1.977099,2.984733,-0.427481,1.068606,3.605592,3662,5932,2270,3662,0,96.774,0,normal
1780595626.449006,34.67094480000378,34826,0.056396,-0.029541,1.053711,2.236641,3.21374,-0.801527,1.055632,3.99664,3667,5938,2271,3667,0,115.108,5,normal
1780595626.478858,34.700796499993885,34857,0.039795,-0.006104,1.05249,1.091603,3.335878,-0.816794,1.05326,3.603724,3671,5944,2273,3671,0,115.108,1,normal
1780595626.5102305,34.73216919999686,34887,0.067871,-0.036865,1.047607,2.10687,3.10687,-0.122137,1.050451,3.755857,3673,5949,2276,3673,1,115.108,15,normal
1780595626.5414026,34.76334119999956,34919,0.027588,-0.003906,1.059326,1.603053,2.396947,-0.687023,1.059692,2.96431,3679,5956,2277,3679,0,115.108,0,normal
1780595626.5730581,34.79499670000223,34950,0.040039,-0.02124,1.059814,1.007634,2.938931,-1.015267,1.060783,3.268548,3681,5960,2279,3681,0,115.108,1,normal
1780595626.603305,34.82524360000389,34981,0.053955,-0.05249,1.052978,2.282443,2.679389,-0.679389,1.055666,3.584724,3683,5965,2282,3683,1,115.108,13,normal
1780595626.633297,34.85523549999925,35012,0.041992,-0.00415,1.050781,1.145038,2.70229,-0.312977,1.051628,2.951514,3688,5972,2284,3688,0,115.108,0,normal
1780595626.6654744,34.88741310000478,35042,0.043945,-0.048096,1.060791,1.343511,2.725191,-0.923664,1.06279,3.175664,3689,5974,2285,3689,0,115.108,5,normal
1780595626.6967623,34.91870090000157,35074,0.048096,-0.013428,1.052734,3.022901,3.160305,-0.312977,1.053918,4.384451,3692,5979,2287,3692,1,115.108,14,normal
1780595626.7279794,34.949918099999195,35105,0.049561,-0.012939,1.049072,0.687023,2.900763,-1.152672,1.050322,3.196104,3697,5986,2289,3697,0,107.527,0,normal
1780595626.758152,34.98009070000262,35136,0.041504,-0.045654,1.057861,1.816794,2.534351,-0.900763,1.059659,3.245774,3699,5990,2291,3699,0,107.527,0,normal
1780595626.789806,35.01174440000614,35167,0.044434,-0.032959,1.064209,2.427481,3.29771,-0.603053,1.065646,4.138989,3704,5996,2292,3704,0,107.527,5,normal
1780595626.8195052,35.04144380000071,35198,0.059326,0.000732,1.053711,0.89313,3.465649,-0.961832,1.05538,3.705877,3708,6002,2294,3708,0,107.527,0,normal
1780595626.8509974,35.072936099997605,35228,0.045898,-0.047607,1.052978,2.312977,2.992366,-0.770992,1.055053,3.859864,3710,6006,2296,3710,0,107.527,0,normal
1780595626.8825824,35.104521100001875,35259,0.054443,-0.028564,1.062988,1.885496,2.564885,-0.580153,1.064765,3.235786,3715,6012,2297,3715,0,107.527,5,normal
1780595626.9111433,35.133081899999524,35290,0.053711,-0.006836,1.062744,1.160305,3.312977,-0.908397,1.064122,3.625922,3719,6018,2299,3719,0,107.527,0,normal
1780595626.943634,35.16557260000263,35321,0.038574,-0.04248,1.043213,2.167939,2.603053,-0.801527,1.04479,3.481134,3721,6023,2302,3721,1,107.527,14,normal
1780595626.9747195,35.196658100001514,35353,0.051514,-0.00293,1.058594,1.259542,3.022901,-0.580153,1.05985,3.325801,3726,6030,2304,3726,0,107.527,1,normal
1780595627.0069835,35.22892209999554,35384,0.033691,-0.046143,1.061768,1.305344,2.412214,-0.801527,1.063304,2.857471,3728,6034,2306,3728,0,111.111,0,normal
1780595627.0391474,35.261086099999375,35416,0.04126,-0.018311,1.054443,2.870229,3.312977,-0.572519,1.055409,4.420612,3732,6040,2308,3732,0,111.111,6,normal
1780595627.0703266,35.29226509999717,35448,0.059814,-0.02124,1.064697,0.992366,3.274809,-1.473282,1.066588,3.72555,3734,6044,2310,3734,0,111.111,1,normal
1780595627.1013196,35.32325820000551,35479,0.04541,-0.045898,1.056885,2.091603,2.633588,-0.656489,1.058855,3.426597,3736,6049,2313,3736,1,111.111,14,normal
1780595627.1327236,35.35466219999944,35511,0.020264,0.001465,1.05542,1.610687,2.419847,-0.740458,1.055615,2.999709,3742,6056,2314,3742,0,111.111,0,normal
1780595627.1654284,35.38736710000376,35542,0.034912,-0.034424,1.070312,0.992366,3.091603,-1.10687,1.071435,3.430446,3744,6060,2316,3744,0,111.111,0,normal
1780595627.19565,35.41758870000194,35573,0.049805,-0.061035,1.052978,2.610687,2.648855,-0.610687,1.055921,3.76896,3746,6065,2319,3746,1,111.111,14,normal
1780595627.2262573,35.44819599999755,35604,0.035645,0.016357,1.046631,1.381679,2.465649,-0.847328,1.047365,2.950666,3751,6072,2321,3751,0,111.111,0,normal
1780595627.257211,35.4791494999954,35635,0.035645,-0.055908,1.050049,0.969466,2.847328,-0.969466,1.05214,3.160222,3753,6076,2323,3753,0,99.602,0,normal
1780595627.288117,35.51005559999612,35666,0.040527,-0.01416,1.054199,2.732824,3.618321,-0.671756,1.055073,4.583866,3756,6081,2325,3756,1,99.602,14,normal
1780595627.3192315,35.541170099997544,35697,0.038574,-0.019531,1.047607,0.755725,2.664122,-0.908397,1.048499,2.914422,3760,6086,2326,3760,0,99.602,6,normal
1780595627.3514137,35.5733523999952,35728,0.042236,-0.038086,1.056641,1.687023,3.068702,-1.061069,1.05817,3.659077,3762,6090,2328,3762,0,99.602,0,normal
1780595627.3815768,35.60351539999829,35759,0.039551,-0.026123,1.060791,2.381679,3.145038,-0.847328,1.061849,4.03505,3767,6096,2329,3767,0,99.602,5,normal
1780595627.4111865,35.63312500000757,35790,0.047363,-0.000488,1.059814,0.885496,3.465649,-1.068702,1.060872,3.733222,3771,6102,2331,3771,0,99.602,0,normal
1780595627.44281,35.66474870000093,35821,0.0625,-0.04126,1.054199,2.030534,2.770992,-0.251908,1.056856,3.44455,3773,6107,2334,3773,1,99.602,14,normal
1780595627.4748602,35.69679889999679,35851,0.046875,-0.029297,1.059082,1.984733,2.885496,-0.816794,1.060524,3.596166,3777,6112,2335,3777,0,99.602,5,normal
1780595627.5043323,35.726270800005295,35882,0.044922,-0.013916,1.060791,0.80916,3.427481,-1.068702,1.061833,3.680284,3779,6116,2337,3779,0,99.602,0,normal
1780595627.5358262,35.75776490000135,35913,0.032715,-0.050049,1.039307,2.030534,2.48855,-0.480916,1.041025,3.24765,3781,6121,2340,3781,1,100.719,14,normal
1780595627.5679388,35.789877400005935,35945,0.039062,-0.017334,1.049072,1.480916,2.534351,-0.740458,1.049942,3.027264,3786,6128,2342,3786,0,100.719,1,normal
1780595627.5980575,35.819996200007154,35976,0.030762,-0.051025,1.049316,1.206107,2.519084,-0.923664,1.051007,2.941706,3788,6132,2344,3788,0,100.719,0,normal
1780595627.6305091,35.85244770000281,36007,0.0354,-0.013916,1.05127,2.969466,3.679389,-0.641221,1.051958,4.771457,3791,6137,2346,3791,1,100.719,14,normal
1780595627.6607528,35.882691299993894,36039,0.039795,-0.007568,1.044678,0.29771,2.984733,-1.137405,1.045463,3.207951,3796,6144,2348,3796,0,100.719,1,normal
1780595627.6936507,35.91558939999959,36070,0.042236,-0.02832,1.066894,1.923664,3.099237,-0.458015,1.068106,3.676347,3798,6148,2350,3798,0,100.719,1,normal
1780595627.7231245,35.945063000006485,36101,0.051758,-0.028564,1.056885,2.198473,2.862595,-0.679389,1.058537,3.672779,3801,6152,2351,3801,0,100.719,6,normal
1780595627.7545059,35.97644460000447,36132,0.060059,0.001465,1.072266,1.114504,3.374046,-1.030534,1.073947,3.699771,3805,6158,2353,3805,0,100.719,0,normal
1780595627.7854204,36.00735909999639,36163,0.044189,-0.048096,1.047852,2.183206,2.396947,-0.282443,1.049885,3.254461,3807,6163,2356,3807,1,104.0,14,normal
1780595627.8171303,36.03906890000508,36194,0.032471,-0.01001,1.054199,1.709924,3.007634,-0.671756,1.054747,3.524338,3813,6170,2357,3813,0,104.0,0,normal
1780595627.8464346,36.06837330000417,36225,0.02832,-0.006104,1.062988,1.099237,2.51145,-0.89313,1.063383,2.883294,3815,6174,2359,3815,0,104.0,0,normal
1780595627.87862,36.100558499994804,36256,0.058105,-0.038086,1.050537,2.267176,2.763359,-0.442748,1.052832,3.601703,3817,6179,2362,3817,1,104.0,14,normal
1780595627.9090939,36.131032499994035,36287,0.036377,-0.01001,1.051514,1.244275,2.458015,-0.564886,1.05219,2.812322,3822,6186,2364,3822,0,104.0,0,normal
1780595627.9401119,36.16205060000357,36318,0.030518,-0.049316,1.047119,1.282443,2.862595,-0.679389,1.048724,3.209468,3824,6190,2366,3824,0,104.0,0,normal
1780595627.984929,36.20686760000535,36349,0.064941,-0.013184,1.056885,2.770992,3.061069,-0.351145,1.05896,4.143892,3827,6195,2368,3827,1,104.0,14,normal
1780595628.0013938,36.22333239999716,36380,0.039795,-0.013916,1.050293,0.534351,2.725191,-1.236641,1.051139,3.03998,3830,6200,2370,3830,0,104.0,0,normal
1780595628.0312765,36.253215100005036,36410,0.03125,-0.051758,1.063721,1.618321,2.396947,-0.832061,1.065438,3.009425,3832,6204,2372,3832,0,104.0,0,normal
1780595628.0632148,36.28515330000664,36440,0.050537,-0.012451,1.045166,2.916031,3.473282,-0.534351,1.046461,4.566449,3835,6209,2374,3835,1,101.083,14,normal
1780595628.0935273,36.31546589999925,36471,0.048828,-0.017334,1.042969,0.763359,2.259542,-1.282443,1.044255,2.707934,3840,6216,2376,3840,0,101.083,1,normal
1780595628.1246502,36.34658880000643,36502,0.053467,-0.027832,1.063477,1.885496,2.770992,-0.717557,1.065183,3.427591,3842,6220,2378,3842,0,101.083,0,normal
1780595628.1566286,36.378567100007785,36533,0.052734,-0.030762,1.063965,2.10687,3.145038,-0.541985,1.065715,3.824123,3845,6224,2379,3845,0,101.083,6,normal
1780595628.1866367,36.40857519999554,36565,0.0625,0.0,1.060791,0.671756,3.694656,-1.274809,1.06263,3.965713,3849,6230,2381,3849,0,101.083,1,normal
1780595628.2179115,36.439850099995965,36595,0.036865,-0.043701,1.062256,2.053435,2.885496,-0.366412,1.063793,3.560469,3851,6235,2384,3851,1,101.083,14,normal
1780595628.249718,36.47165659999882,36627,0.029053,-0.003662,1.053955,1.442748,2.480916,-0.900763,1.054362,3.007963,3857,6242,2385,3857,0,101.083,0,normal
1780595628.2810173,36.50295589999587,36658,0.055176,-0.024414,1.068115,1.068702,3.183206,-0.580153,1.069818,3.407566,3859,6246,2387,3859,0,101.083,0,normal
1780595628.3114676,36.53340620000381,36689,0.046143,-0.04834,1.052978,2.320611,2.610687,-0.236641,1.055097,3.500988,3861,6251,2390,3861,1,101.083,14,normal
1780595628.3422723,36.564211000004434,36720,0.030762,0.001221,1.048828,1.381679,2.381679,-0.740458,1.04928,2.851265,3866,6258,2392,3866,0,110.714,0,normal
1780595628.373247,36.59518550000212,36751,0.0354,-0.052979,1.046387,1.19084,2.396947,-0.816794,1.048325,2.798322,3868,6262,2394,3868,0,110.714,0,normal
1780595628.4043999,36.62633860000642,36782,0.048096,-0.018799,1.042725,2.847328,3.068702,-0.618321,1.044002,4.231611,3871,6267,2396,3871,1,110.714,14,normal
1780595628.4353855,36.65732399999979,36813,0.058594,-0.01709,1.04834,0.656489,2.038168,-1.152672,1.050115,2.431822,3876,6274,2398,3876,0,110.714,0,normal
1780595628.4666748,36.68861339999421,36844,0.034912,-0.035645,1.056885,1.900763,2.931298,-0.877863,1.058062,3.602229,3878,6278,2400,3878,0,110.714,0,normal
1780595628.4990623,36.72100089999731,36875,0.047607,-0.034424,1.054199,2.412214,3.152672,-0.557252,1.055835,4.008572,3882,6284,2402,3882,0,110.714,6,normal
1780595628.5290086,36.7509471999947,36907,0.04541,0.008301,1.051514,0.801527,4.0,-0.671756,1.052526,4.134453,3885,6288,2403,3885,0,110.714,5,normal
1780595628.5596209,36.781559499999275,36937,0.036865,-0.052246,1.057617,2.229008,2.755725,-0.290076,1.059548,3.556212,3887,6293,2406,3887,1,110.714,14,normal
1780595628.5920098,36.81394839999848,36969,0.031006,0.01001,1.053467,1.290076,2.687023,-0.580153,1.05397,3.036605,3892,6300,2408,3892,0,110.714,0,normal
1780595628.6252897,36.84722830000101,37001,0.050049,-0.050537,1.055176,1.305344,2.51145,-0.954198,1.05757,2.986938,3894,6304,2410,3894,0,99.644,1,normal
1780595628.6543524,36.87629109999398,37032,0.054199,-0.017334,1.05249,2.984733,3.465649,-0.541985,1.054027,4.605768,3897,6309,2412,3897,1,99.644,14,normal
1780595628.6850328,36.90697140000702,37063,0.037598,0.006348,1.056641,0.59542,2.40458,-1.099237,1.057328,2.710138,3902,6316,2414,3902,0,99.644,0,normal
1780595628.7160563,36.93799489999947,37093,0.030762,-0.057129,1.051758,1.091603,2.442748,-0.839695,1.053757,2.804229,3904,6320,2416,3904,0,99.644,0,normal
1780595628.745931,36.96786950000387,37124,0.041748,-0.009277,1.056396,2.969466,3.442748,-0.580153,1.057262,4.58332,3907,6325,2418,3907,0,99.644,14,normal
1780595628.7776728,36.999611299994285,37155,0.038818,-0.010498,1.043945,0.89313,2.519084,-1.335878,1.04472,2.987982,3912,6332,2420,3912,0,99.644,0,normal
1780595628.807285,37.02922369999578,37186,0.030762,-0.0354,1.064697,1.80916,3.122137,-1.0,1.06573,3.744436,3914,6336,2422,3914,0,99.644,0,normal
1780595628.8387942,37.06073280000419,37216,0.050781,-0.01416,1.060059,2.641221,3.435115,-0.610687,1.061369,4.375957,3918,6342,2424,3918,0,99.644,5,normal
1780595628.869555,37.09149360000447,37247,0.048828,-0.016846,1.051514,0.603053,3.045802,-1.274809,1.052781,3.356444,3922,6348,2426,3922,0,99.644,0,normal
1780595628.9020133,37.12395199999446,37278,0.043213,-0.037354,1.063721,2.045802,2.946565,-0.351145,1.065253,3.604283,3924,6352,2428,3924,0,108.303,0,normal
1780595628.9332979,37.155236499995226,37310,0.026123,-0.004883,1.058594,1.839695,2.641221,-0.328244,1.058927,3.23547,3930,6360,2430,3930,0,108.303,0,normal
1780595628.963974,37.185912600005395,37341,0.031982,-0.012695,1.058838,1.312977,3.083969,-0.977099,1.059397,3.491346,3931,6362,2431,3931,0,108.303,5,normal
1780595628.9946563,37.216594900004566,37372,0.026367,-0.049072,1.049805,2.045802,2.854962,-0.435114,1.051282,3.539129,3933,6367,2434,3933,1,108.303,14,normal
1780595629.0268085,37.24874710000586,37404,0.031006,-0.003418,1.04126,1.381679,2.709924,-0.824427,1.041727,3.151572,3938,6374,2436,3938,0,108.303,0,normal
1780595629.060303,37.28224169999885,37435,0.03125,-0.05249,1.055908,0.908397,2.656489,-0.847328,1.057674,2.93259,3940,6378,2438,3940,0,108.303,0,normal
1780595629.0882063,37.31014499999583,37466,0.057373,-0.008057,1.049805,3.282443,3.70229,-0.351145,1.051402,4.960311,3943,6383,2440,3943,1,108.303,14,normal
1780595629.1194243,37.341362899998785,37496,0.050781,-0.011475,1.049072,0.80916,2.564885,-1.19084,1.050363,2.941339,3947,6388,2441,3947,0,108.303,6,normal
1780595629.1499956,37.37193419999676,37527,0.048584,-0.05835,1.064453,1.755725,2.541985,-0.763359,1.067158,3.182291,3949,6392,2443,3949,0,108.303,0,normal
1780595629.1817405,37.403679199996986,37558,0.043457,-0.021729,1.063477,2.541985,3.618321,-0.648855,1.064586,4.469334,3953,6398,2445,3953,0,103.571,5,normal
1780595629.212368,37.43430670000089,37590,0.053223,-0.004395,1.057129,0.961832,3.236641,-0.778626,1.058477,3.465144,3957,6404,2447,3957,0,103.571,0,normal
1780595629.2435071,37.46544569999969,37621,0.04126,-0.028809,1.063965,2.076336,2.732824,-0.427481,1.065154,3.458647,3959,6409,2450,3959,1,103.571,14,normal
1780595629.2754948,37.497433500000625,37653,0.05249,-0.006592,1.052734,1.290076,2.625954,-0.687023,1.054063,3.005318,3964,6416,2452,3964,0,103.571,0,normal
1780595629.3063774,37.52831609999703,37684,0.038086,-0.013184,1.06543,1.022901,2.496183,-1.053435,1.066192,2.896029,3966,6420,2454,3966,0,103.571,1,normal
1780595629.3379064,37.55984489999537,37715,0.06543,-0.035156,1.058838,2.633588,2.870229,-0.305344,1.06144,3.907331,3968,6425,2457,3968,1,103.571,14,normal
1780595629.3694181,37.59135669999523,37747,0.043213,-0.005371,1.04834,0.381679,2.862595,-1.076336,1.049244,3.081985,3973,6432,2459,3973,0,103.571,0,normal
1780595629.3998873,37.62182600000233,37778,0.038574,-0.048828,1.068359,2.19084,2.587786,-0.877863,1.07017,3.502436,3975,6436,2461,3975,0,103.571,0,normal
1780595629.4307911,37.65272969999933,37809,0.04248,-0.026123,1.05542,2.465649,3.29771,-0.870229,1.056598,4.208517,3979,6442,2463,3979,0,103.586,5,normal
1780595629.462953,37.68489160000172,37840,0.0354,-0.020996,1.052002,0.717557,2.740458,-1.198473,1.052807,3.075929,3983,6448,2465,3983,0,103.586,0,normal
1780595629.494008,37.71594660000119,37871,0.048584,-0.047852,1.058838,2.251908,2.801527,-0.51145,1.061031,3.630596,3985,6452,2467,3985,0,103.586,0,normal
1780595629.525527,37.74746559999767,37902,0.03418,-0.03125,1.049805,1.900763,2.916031,-0.671756,1.050826,3.545052,3988,6456,2468,3988,0,103.586,5,normal
1780595629.5551448,37.77708349999739,37933,0.038086,-0.01709,1.0625,0.80916,3.503817,-0.870229,1.06332,3.699834,3992,6462,2470,3992,0,103.586,0,normal
1780595629.586935,37.808873600006336,37964,0.034424,-0.042969,1.053467,2.221374,2.908397,-0.259542,1.054904,3.668874,3994,6467,2473,3994,1,103.586,14,normal
1780595629.618169,37.84010760000092,37995,0.039551,-0.00293,1.061523,1.053435,2.473282,-0.916031,1.062264,2.840064,3999,6474,2475,3999,0,103.586,0,normal
1780595629.648823,37.87076160000288,38026,0.056641,-0.013916,1.064697,0.854962,3.007634,-1.022901,1.066294,3.289855,4001,6478,2477,4001,0,103.586,1,normal
1780595629.6797945,37.90173310000682,38057,0.055908,-0.048584,1.051025,2.618321,3.038168,-0.587786,1.053632,4.053586,4003,6483,2480,4003,1,103.586,14,normal
1780595629.7100182,37.931956700005685,38088,0.052979,-0.00415,1.037354,1.007634,2.900763,-1.007634,1.038714,3.231885,4008,6490,2482,4008,0,103.943,0,normal
1780595629.7424667,37.964405399994575,38119,0.043945,-0.053711,1.050537,1.129771,2.503817,-0.78626,1.052827,2.857216,4010,6494,2484,4010,0,103.943,1,normal
1780595629.7719877,37.9939263999986,38150,0.064209,-0.007813,1.05249,2.801527,3.526718,-0.557252,1.054476,4.538372,4013,6499,2486,4013,1,103.943,14,normal
1780595629.8036685,38.02560710000398,38181,0.047363,-0.004639,1.044922,0.450382,2.78626,-1.290076,1.046005,3.103286,4018,6506,2488,4018,0,103.943,0,normal
1780595629.8352401,38.05717870000808,38212,0.050049,-0.032715,1.054199,1.870229,2.748092,-0.778626,1.055894,3.414092,4020,6510,2490,4020,0,103.943,0,normal
1780595629.8663337,38.08827229999588,38243,0.053711,-0.036621,1.050293,1.977099,3.167939,-0.412214,1.052303,3.756951,4024,6516,2492,4024,0,103.943,6,normal
1780595629.8974972,38.11943580000661,38275,0.050781,0.002441,1.067871,1.145038,3.465649,-0.656489,1.069081,3.708478,4028,6522,2494,4028,0,103.943,0,normal
1780595629.9293625,38.151301200006856,38306,0.026367,-0.044434,1.049072,2.267176,2.442748,-0.519084,1.050344,3.372914,4030,6527,2497,4030,1,103.943,15,normal
1780595629.9596522,38.18159079999896,38337,0.018555,-0.001221,1.047852,1.175572,2.664122,-0.618321,1.048017,2.976884,4033,6532,2499,4033,0,103.943,0,normal
1780595629.990078,38.21201669999573,38368,0.040527,-0.026611,1.068359,0.938931,2.885496,-1.053435,1.069459,3.212072,4035,6536,2501,4035,0,96.429,1,normal
1780595630.03717,38.259108600002946,38399,0.045654,-0.05249,1.042725,2.725191,3.007634,-0.48855,1.045043,4.087934,4037,6541,2504,4037,1,96.429,14,normal
1780595630.0513806,38.273319200001424,38430,0.027832,-0.000244,1.044922,1.282443,2.458015,-1.045802,1.045292,2.96314,4042,6548,2506,4042,0,96.429,0,normal
1780595630.0843234,38.30626199999824,38460,0.035645,-0.049805,1.050537,1.21374,2.587786,-0.763359,1.052321,2.958466,4044,6552,2508,4044,0,96.429,1,normal
1780595630.1139507,38.33588929999678,38491,0.065918,-0.019043,1.05957,2.969466,3.442748,-0.282443,1.06179,4.555218,4046,6555,2509,4046,1,96.429,17,normal
1780595630.1440823,38.36602080000739,38522,0.040039,0.00708,1.046875,0.816794,2.847328,-0.763359,1.047664,3.058946,4051,6562,2511,4051,0,96.429,0,normal
1780595630.1766121,38.39855080000416,38553,0.046143,-0.029785,1.061035,2.10687,2.572519,-1.091603,1.062456,3.499765,4053,6566,2513,4053,0,96.429,0,normal
1780595630.2064717,38.42841029999545,38584,0.061035,-0.014893,1.061279,2.770992,3.580153,-0.473282,1.063137,4.55191,4057,6572,2515,4057,0,96.429,5,normal
1780595630.2384226,38.46036130000721,38615,0.045654,-0.008057,1.056641,0.366412,2.916031,-0.954198,1.057657,3.089982,4061,6578,2517,4061,0,96.429,0,normal
1780595630.268845,38.49078370000643,38646,0.072021,-0.045898,1.053467,2.221374,3.061069,-0.610687,1.056923,3.831133,4063,6582,2519,4063,1,100.719,0,normal
1780595630.299671,38.52160950000689,38677,0.063965,-0.023438,1.053467,1.740458,2.977099,-1.0,1.055667,3.590587,4068,6588,2520,4068,0,100.719,5,normal
1780595630.3308253,38.55276390000654,38708,0.062988,0.000732,1.062012,0.977099,3.679389,-0.870229,1.063878,3.905115,4072,6594,2522,4072,0,100.719,1,normal
1780595630.3619566,38.58389520000492,38739,0.045166,-0.048584,1.049805,2.519084,2.335878,-0.419847,1.051898,3.46098,4074,6599,2525,4074,1,100.719,15,normal
1780595630.3937144,38.61565310000151,38770,0.025146,-0.013184,1.058838,1.633588,2.427481,-0.770992,1.059218,3.025839,4080,6606,2526,4080,0,100.719,0,normal
1780595630.4238968,38.645835400006035,38801,0.046143,-0.030273,1.057373,1.08397,3.343511,-0.80916,1.058812,3.606771,4082,6610,2528,4082,0,100.719,0,normal
1780595630.45426,38.676198800007114,38832,0.053223,-0.044434,1.043701,2.40458,3.091603,-0.442748,1.046001,3.941578,4084,6615,2531,4084,1,100.719,14,normal
1780595630.485418,38.70735660000355,38863,0.046875,-0.00708,1.047852,1.29771,3.129771,-0.763359,1.048923,3.473073,4089,6622,2533,4089,0,100.719,0,normal
1780595630.5151143,38.73705280000286,38893,0.040283,-0.046143,1.056152,0.832061,2.458015,-0.885496,1.057927,2.741946,4091,6626,2535,4091,0,100.719,0,normal
1780595630.546911,38.768849600004614,38924,0.043457,-0.010986,1.047119,2.778626,3.183206,-0.671756,1.048078,4.278414,4094,6631,2537,4094,1,111.511,14,normal
1780595630.5777774,38.79971599999408,38955,0.042969,0.000488,1.050781,1.038168,2.656489,-0.89313,1.05166,2.988713,4099,6638,2539,4099,0,111.511,0,normal
1780595630.6074994,38.829438000000664,38986,0.042236,-0.055908,1.049805,1.70229,2.526718,-0.89313,1.05214,3.174866,4101,6642,2541,4101,0,111.511,0,normal
1780595630.639565,38.861503499996616,39016,0.053711,-0.01001,1.067383,3.358779,3.061069,-0.366412,1.06878,4.559144,4104,6647,2543,4104,1,111.511,14,normal
1780595630.6692765,38.89121509999677,39047,0.057373,-0.019043,1.056152,0.671756,2.923664,-1.114504,1.057881,3.200185,4109,6654,2545,4109,0,111.511,0,normal
1780595630.7014325,38.92337099999713,39078,0.04248,-0.029541,1.064209,1.89313,2.824427,-0.824427,1.065466,3.498716,4111,6658,2547,4111,0,111.511,0,normal
1780595630.731475,38.953413700000965,39109,0.046143,-0.027588,1.051514,2.351145,3.335878,-0.244275,1.052887,4.088476,4114,6664,2550,4114,0,111.511,5,normal
1780595630.7623966,38.984335300003295,39140,0.068359,-0.007568,1.056396,0.862595,3.175573,-1.21374,1.058633,3.507349,4118,6670,2552,4118,0,111.511,1,normal
1780595630.8001077,39.02204630000051,39177,0.062744,-0.039062,1.05249,2.068702,3.022901,-0.335878,1.055082,3.678352,4121,6676,2555,4121,0,106.719,6,normal
1780595630.8310864,39.05302500000107,39208,0.055908,-0.025635,1.048584,0.740458,3.175573,-0.862595,1.050386,3.372923,4125,6682,2557,4125,0,106.719,0,normal
1780595630.8622365,39.084175199997844,39239,0.05249,-0.047607,1.050537,2.099237,3.152672,-0.473282,1.052924,3.817084,4127,6687,2560,4127,1,106.719,14,normal
1780595630.8924325,39.114371100004064,39270,0.034668,-0.025635,1.062012,2.045802,2.580153,-0.671756,1.062887,3.360617,4131,6692,2561,4131,0,106.719,5,normal
1780595630.923263,39.145201699997415,39301,0.05127,-0.014893,1.06958,1.290076,3.282443,-0.687023,1.070912,3.59315,4134,6696,2562,4134,0,106.719,6,normal
1780595630.955171,39.177109800002654,39332,0.041992,-0.050781,1.050537,2.091603,2.664122,-0.709924,1.052602,3.460685,4136,6701,2565,4136,1,106.719,14,normal
1780595630.987572,39.2095105000044,39363,0.042725,-0.013672,1.057129,1.038168,2.282443,-0.603053,1.05808,2.578956,4141,6708,2567,4141,0,106.719,1,normal
1780595631.017976,39.239914599995245,39395,0.031982,-0.048096,1.067383,1.091603,2.916031,-1.053435,1.068944,3.287029,4143,6712,2569,4143,0,106.719,0,normal
1780595631.0493634,39.2713020999945,39426,0.04541,-0.012695,1.055176,2.89313,3.427481,-0.580153,1.056229,4.522654,4146,6717,2571,4146,1,106.719,14,normal
1780595631.0790977,39.30103640000743,39457,0.038086,0.001465,1.03833,0.931298,2.549618,-1.206107,1.039029,2.97028,4150,6722,2572,4150,0,103.571,5,normal
1780595631.11134,39.3332786999963,39488,0.052246,-0.052979,1.056396,1.694656,2.755725,-0.946565,1.059014,3.370737,4152,6726,2574,4152,0,103.571,1,normal
1780595631.1415768,39.36351530000684,39519,0.03833,-0.026123,1.052246,2.427481,3.305344,-0.59542,1.053268,4.14397,4156,6732,2576,4156,0,103.571,6,normal
1780595631.1737435,39.395682000002125,39551,0.050293,0.008057,1.066162,0.900763,3.580153,-1.007634,1.067378,3.826773,4160,6738,2578,4160,0,103.571,0,normal
1780595631.2050686,39.42700720000721,39582,0.055908,-0.0354,1.047363,2.198473,2.992366,-0.534351,1.049452,3.751409,4162,6743,2581,4162,1,103.571,14,normal
1780595631.2372906,39.459229300002335,39614,0.041992,-0.003174,1.052246,1.259542,2.633588,-0.770992,1.053088,3.019381,4167,6750,2583,4167,0,103.571,0,normal
1780595631.267029,39.48896770000283,39645,0.04248,-0.052002,1.047607,0.885496,2.70229,-0.725191,1.049757,2.934685,4169,6754,2585,4169,0,103.571,0,normal
1780595631.2995055,39.52144419999968,39676,0.068115,-0.025391,1.057373,2.832061,3.267176,-0.465649,1.059869,4.348774,4171,6759,2588,4171,1,103.571,14,normal
1780595631.3295293,39.55146780000359,39707,0.050049,-0.003662,1.056396,0.610687,2.961832,-0.854962,1.057588,3.142666,4176,6766,2590,4176,0,104.0,1,normal
1780595631.3599558,39.58189430000493,39738,0.040527,-0.048828,1.0625,1.450382,2.450382,-0.900763,1.064393,2.986528,4178,6770,2592,4178,0,104.0,1,normal
1780595631.390538,39.612476599999354,39768,0.055176,-0.00708,1.050293,2.725191,3.458015,-0.320611,1.051765,4.414445,4181,6775,2594,4181,1,104.0,14,normal
1780595631.4220936,39.64403219999804,39799,0.039551,0.00293,1.05249,0.70229,2.847328,-0.923664,1.053237,3.074678,4186,6782,2596,4186,0,104.0,0,normal
1780595631.4517305,39.673669099996914,39829,0.047119,-0.048096,1.057129,1.335878,2.687023,-0.725191,1.059271,3.087161,4188,6786,2598,4188,0,104.0,1,normal
1780595631.4822874,39.704226100002415,39860,0.05542,-0.014893,1.059814,2.946565,2.969466,-0.610687,1.061367,4.227637,4190,6789,2599,4190,1,104.0,15,normal
1780595631.5129316,39.73487010000099,39891,0.042725,-0.013672,1.044434,0.618321,3.030534,-1.19084,1.045396,3.314296,4195,6796,2601,4195,0,104.0,0,normal
1780595631.5448048,39.76674340000318,39922,0.044922,-0.029785,1.060303,1.641221,2.900763,-0.778626,1.061672,3.422615,4197,6800,2603,4197,0,104.0,0,normal
1780595631.5760398,39.79797840000538,39953,0.056885,-0.040283,1.060547,2.10687,3.045802,-0.534351,1.062835,3.741836,4201,6806,2605,4201,0,104.0,5,normal
1780595631.6073391,39.82927780000318,39985,0.054932,0.005371,1.066894,0.770992,3.580153,-0.885496,1.068321,3.767762,4205,6812,2607,4205,0,104.317,0,normal
1780595631.6399283,39.86186699999962,40016,0.018555,-0.037598,1.038086,2.259542,2.587786,-0.465649,1.038932,3.466843,4206,6815,2609,4206,1,104.317,17,normal
1780595631.6703858,39.89232450000418,40048,0.048584,-0.011963,1.05127,1.08397,2.442748,-0.51145,1.05246,2.720954,4211,6822,2611,4211,0,104.317,1,normal
1780595631.7020464,39.92398500000127,40079,0.026367,-0.046875,1.070068,1.045802,2.473282,-0.916031,1.071419,2.837242,4213,6826,2613,4213,0,104.317,1,normal
1780595631.7328787,39.95481730000756,40110,0.059814,-0.015381,1.049072,2.519084,3.641221,-0.938931,1.050889,4.526132,4216,6831,2615,4216,1,104.317,14,normal
1780595631.764625,39.98656360000314,40142,0.036621,-0.008301,1.047852,0.534351,3.152672,-1.51145,1.048524,3.536856,4221,6838,2617,4221,0,104.317,0,normal
1780595631.7968473,40.018786000000546,40173,0.046143,-0.04126,1.053467,2.022901,2.557252,-0.534351,1.055284,3.304118,4223,6842,2619,4223,0,104.317,1,normal
1780595631.8267632,40.048701699997764,40205,0.047607,-0.019775,1.054199,1.900763,2.877863,-0.618321,1.055459,3.5039,4228,6848,2620,4228,0,104.317,5,normal
1780595631.8593116,40.08125010000367,40236,0.030029,-0.015625,1.055176,0.931298,3.572519,-1.022901,1.055719,3.830996,4232,6854,2622,4232,0,107.57,0,normal
1780595631.890213,40.11215169999923,40267,0.023682,-0.046875,1.040283,1.847328,3.175573,-0.366412,1.041608,3.692038,4234,6859,2625,4234,1,107.57,14,normal
1780595631.9202206,40.14215929999773,40298,0.017334,-0.001709,1.050537,1.167939,2.610687,-0.328244,1.050682,2.878804,4237,6864,2627,4237,0,107.57,1,normal
1780595631.9520462,40.17398469999898,40329,0.037109,-0.035889,1.067383,0.824427,2.793893,-0.648855,1.06863,2.984382,4239,6868,2629,4239,0,107.57,0,normal
1780595631.9828854,40.20482400000037,40360,0.031738,-0.010498,1.062256,2.465649,3.48855,-0.885496,1.062782,4.36274,4242,6873,2631,4242,1,107.57,14,normal
1780595632.026498,40.24843669999973,40392,0.054932,-0.012695,1.035889,0.816794,2.473282,-1.435114,1.037422,2.973858,4247,6880,2633,4247,0,107.57,1,normal
1780595632.0454037,40.2673422999942,40423,0.054688,-0.027832,1.067627,1.992366,2.633588,-0.877863,1.069389,3.417009,4249,6884,2635,4249,0,107.57,0,normal
1780595632.0778072,40.29974570000195,40454,0.049316,-0.039062,1.064209,2.129771,3.526718,-0.89313,1.066067,4.215606,4252,6888,2636,4252,0,107.57,6,normal
1780595632.107485,40.32942370000819,40486,0.047363,0.003662,1.066894,1.076336,3.519084,-1.282443,1.067952,3.897064,4256,6894,2638,4256,0,96.0,0,normal
1780595632.140149,40.36208770000667,40516,0.055176,-0.036377,1.047363,2.48855,2.748092,-0.59542,1.049446,3.754918,4258,6899,2641,4258,1,96.0,14,normal
1780595632.1699522,40.391890700004296,40547,0.057129,-0.029785,1.045166,1.854962,2.862595,-0.900763,1.04715,3.52799,4262,6905,2643,4262,1,96.0,3,normal
1780595632.200084,40.42202270000416,40578,0.048828,0.000244,1.062012,1.129771,3.427481,-1.007634,1.063134,3.74691,4265,6910,2645,4265,0,96.0,0,normal
1780595632.231868,40.453806599995005,40609,0.040527,-0.040527,1.039551,2.175573,2.557252,-0.40458,1.04113,3.381766,4266,6913,2647,4266,1,96.0,18,normal
1780595632.2629642,40.4849028000026,40640,0.042725,-0.010254,1.048584,1.10687,2.343511,-0.70229,1.049504,2.685222,4272,6920,2648,4272,0,96.0,1,normal
1780595632.2941408,40.51607949999743,40671,0.025391,-0.049561,1.055176,0.717557,2.48855,-0.832061,1.056644,2.720311,4274,6924,2650,4274,0,96.0,0,normal
1780595632.3251448,40.54708329999994,40702,0.040527,-0.035645,1.043701,2.664122,3.412214,-0.519084,1.045096,4.360068,4276,6929,2653,4276,1,96.0,14,normal
1780595632.3554087,40.57734720000008,40733,0.051514,-0.00293,1.049805,0.854962,3.061069,-0.877863,1.051072,3.297233,4281,6936,2655,4281,0,96.0,1,normal
1780595632.3873117,40.60925029999635,40764,0.03833,-0.051514,1.063965,1.40458,2.435115,-0.824427,1.065901,2.929558,4283,6940,2657,4283,0,97.122,0,normal
1780595632.4186766,40.6406152999989,40795,0.034424,-0.011475,1.048828,2.816794,3.725191,-0.671756,1.049456,4.71833,4287,6946,2659,4287,0,97.122,6,normal
1780595632.4481149,40.670053399997414,40826,0.026367,-0.01001,1.041748,0.450382,2.435115,-1.206107,1.04213,2.754509,4291,6952,2661,4291,0,97.122,0,normal
1780595632.4809835,40.702922199998284,40857,0.047119,-0.051514,1.05542,2.221374,3.244275,-0.29771,1.057726,3.943153,4293,6956,2663,4293,0,97.122,1,normal
1780595632.5103655,40.73230400000466,40888,0.053467,-0.027832,1.057129,1.977099,3.328244,-0.656489,1.058846,3.926462,4298,6962,2664,4298,0,97.122,6,normal
1780595632.5419233,40.763861900006304,40919,0.045166,-0.002686,1.05249,0.633588,3.839695,-1.076336,1.053462,4.03772,4302,6968,2666,4302,0,97.122,0,normal
1780595632.572529,40.79446770000504,40950,0.047852,-0.040527,1.053223,2.167939,2.793893,-0.496183,1.055088,3.570994,4304,6973,2669,4304,1,97.122,14,normal
1780595632.6037686,40.82570729999861,40981,0.019287,-0.007568,1.047363,1.526718,2.541985,-0.381679,1.047568,2.989688,4308,6978,2670,4308,0,97.122,5,normal
1780595632.635216,40.857154700002866,41012,0.041504,-0.018066,1.063721,0.984733,3.145038,-1.206107,1.064683,3.509367,4310,6982,2672,4310,0,97.122,0,normal
1780595632.6658669,40.88780549999501,41043,0.04248,-0.040527,1.047607,2.40458,2.801527,-0.244275,1.049251,3.700031,4312,6987,2675,4312,1,103.943,14,normal
1780595632.6972084,40.9191470000078,41074,0.040283,-0.012939,1.047607,1.236641,2.351145,-0.374046,1.048461,2.682736,4317,6994,2677,4317,0,103.943,1,normal
1780595632.728487,40.950425700008054,41105,0.024414,-0.052002,1.054443,0.916031,2.496183,-0.732824,1.056007,2.758092,4319,6998,2679,4319,0,103.943,0,normal
1780595632.7594042,40.98134280000522,41136,0.041992,-0.009766,1.050049,2.610687,3.793893,-0.396947,1.050934,4.622432,4322,7003,2681,4322,1,103.943,14,normal
1780595632.7892997,41.01123829999415,41167,0.040771,-0.005127,1.04126,0.587786,3.19084,-1.381679,1.04207,3.52647,4327,7010,2683,4327,0,103.943,1,normal
1780595632.8218622,41.04380090000632,41198,0.04126,-0.0354,1.066406,1.679389,2.641221,-0.854962,1.067791,3.244589,4329,7014,2685,4329,0,103.943,0,normal
1780595632.8529549,41.07489340000029,41229,0.0354,-0.030029,1.050293,2.435115,2.908397,-0.48855,1.051318,3.824557,4333,7020,2687,4333,0,103.943,6,normal
1780595632.8835568,41.10549549999996,41261,0.067139,-0.008545,1.053467,1.038168,3.564885,-0.80916,1.055639,3.800124,4337,7026,2689,4337,0,103.943,0,normal
1780595632.915382,41.13732059999893,41292,0.040771,-0.043945,1.050537,2.122137,2.80916,-0.274809,1.052246,3.531341,4339,7031,2692,4339,1,103.943,14,normal
1780595632.9468896,41.168828299996676,41323,0.022217,-0.023438,1.051514,1.687023,2.549618,-0.549618,1.052009,3.106232,4344,7038,2694,4344,0,114.286,1,normal
1780595632.975822,41.197760499999276,41355,0.03125,-0.0625,1.057373,0.603053,2.480916,-0.618321,1.059679,2.626964,4346,7042,2696,4346,0,114.286,0,normal
1780595633.007368,41.229306799999904,41385,0.049561,-0.049072,1.051514,2.335878,2.748092,-0.335878,1.053824,3.622312,4348,7047,2699,4348,1,114.286,14,normal
1780595633.0385451,41.26048379999702,41416,0.043701,-0.01416,1.052978,1.221374,2.801527,-0.625954,1.05398,3.119636,4352,7052,2700,4352,0,114.286,5,normal
1780595633.0810013,41.30293999999412,41447,0.01416,-0.047607,1.044678,0.877863,2.687023,-0.923664,1.045858,2.973868,4354,7056,2702,4354,0,114.286,0,normal
1780595633.101316,41.32325450000644,41478,0.044678,-0.022705,1.041992,2.89313,2.931298,-0.557252,1.043197,4.156108,4357,7061,2704,4357,1,114.286,14,normal
1780595633.132822,41.35476060000656,41510,0.042725,-0.011963,1.048096,0.29771,3.282443,-1.618321,1.049034,3.671788,4362,7068,2706,4362,0,114.286,1,normal
1780595633.1638968,41.38583539999672,41541,0.05127,-0.041748,1.062744,1.908397,3.145038,-0.603053,1.064799,3.727857,4364,7072,2708,4364,0,114.286,1,normal
1780595633.1947694,41.41670810000505,41572,0.044678,-0.038086,1.05542,1.900763,2.687023,-0.740458,1.057051,3.373614,4369,7078,2709,4369,0,114.286,6,normal
1780595633.226032,41.44797059999837,41603,0.061768,-0.000488,1.062744,1.167939,3.198473,-1.045802,1.064538,3.562024,4373,7084,2711,4373,0,103.571,0,normal
1780595633.2565894,41.47852810000768,41634,0.043213,-0.050781,1.053223,2.160305,2.40458,-0.740458,1.055331,3.316203,4375,7089,2714,4375,1,103.571,14,normal
1780595633.2888558,41.51079440000467,41665,0.037354,-0.014893,1.059326,1.374046,2.343511,-0.732824,1.060089,2.81373,4380,7096,2716,4380,0,103.571,0,normal
1780595633.3208992,41.542837900007726,41697,0.042725,-0.042236,1.064941,1.114504,2.526718,-0.961832,1.066635,2.924302,4382,7100,2718,4382,0,103.571,0,normal
1780595633.3498974,41.571836000002804,41728,0.039062,-0.006836,1.05835,2.664122,3.541985,-0.19084,1.059092,4.436172,4385,7105,2720,4385,1,103.571,14,normal
1780595633.381955,41.60389349999605,41759,0.043457,0.008545,1.053711,0.839695,2.389313,-1.122137,1.054641,2.770036,4390,7112,2722,4390,0,103.571,0,normal
1780595633.4130676,41.635006099997554,41790,0.046631,-0.057861,1.051514,1.610687,2.160305,-0.89313,1.054136,2.838822,4392,7116,2724,4392,0,103.571,0,normal
1780595633.4447823,41.666720900000655,41821,0.044922,-0.019531,1.057129,3.122137,3.21374,-0.610687,1.058263,4.522036,4396,7122,2726,4396,0,103.571,5,normal
1780595633.4747608,41.69669949999661,41853,0.052734,0.000732,1.062256,0.618321,3.526718,-1.267176,1.063564,3.79813,4400,7128,2728,4400,0,108.0,1,normal
1780595633.5063202,41.728258899995126,41883,0.039551,-0.043701,1.052002,2.045802,2.824427,-0.862595,1.053652,3.592599,4402,7132,2730,4402,0,108.0,0,normal
1780595633.5374818,41.75942040000518,41914,0.043457,-0.034912,1.063721,2.274809,2.938931,-0.312977,1.06518,3.729615,4407,7138,2731,4407,0,108.0,6,normal
1780595633.5676134,41.789552000002004,41945,0.05835,-0.010742,1.061768,1.076336,3.633588,-0.709924,1.063424,3.855574,4411,7144,2733,4411,0,108.0,0,normal
1780595633.5997422,41.82168079999974,41976,0.013916,-0.046387,1.054932,2.053435,2.694656,-0.366412,1.056043,3.407642,4413,7149,2736,4413,1,108.0,14,normal
1780595633.629024,41.85096260000137,42007,0.029297,-0.001953,1.057129,1.549618,2.564885,-0.725191,1.057537,3.083157,4419,7156,2737,4419,0,108.0,0,normal
1780595633.6619585,41.883897100007744,42038,0.061523,-0.015137,1.067871,1.19084,3.358779,-0.931298,1.069749,3.683315,4421,7160,2739,4421,0,108.0,0,normal
1780595633.6912446,41.91318329999922,42069,0.055908,-0.044434,1.045898,2.290076,2.618321,-0.366412,1.048334,3.497758,4423,7165,2742,4423,1,108.0,14,normal
1780595633.7215943,41.94353299999784,42100,0.041748,0.0,1.054688,1.290076,2.389313,-0.763359,1.055513,2.820608,4428,7172,2744,4428,0,108.0,0,normal
1780595633.752541,41.97447970000212,42130,0.044922,-0.057129,1.053955,0.770992,2.900763,-0.717557,1.056458,3.086057,4430,7176,2746,4430,0,108.303,0,normal
1780595633.7837105,42.00564909999957,42161,0.044922,-0.033691,1.048096,2.854962,3.290076,-0.458015,1.049599,4.38009,4433,7181,2748,4433,1,108.303,14,normal
1780595633.8168025,42.03874099999666,42193,0.039795,-0.01123,1.046875,0.694656,2.969466,-0.80916,1.047691,3.155157,4438,7188,2750,4438,0,108.303,1,normal
1780595633.8456202,42.06755880000128,42224,0.040039,-0.021729,1.059814,2.129771,2.40458,-0.977099,1.060793,3.357477,4440,7192,2752,4440,0,108.303,0,normal
1780595633.8781593,42.10009789999458,42255,0.048096,-0.030762,1.060059,2.061069,2.992366,-0.778626,1.061595,3.715982,4443,7196,2753,4443,0,108.303,6,normal
1780595633.9098141,42.13175270000647,42287,0.047852,0.003174,1.067871,0.900763,3.801527,-1.122137,1.068947,4.064748,4447,7202,2755,4447,0,108.303,0,normal
1780595633.9416912,42.16362970000773,42318,0.053955,-0.038574,1.056396,2.045802,2.48855,-0.40458,1.058477,3.246824,4449,7207,2758,4449,1,108.303,14,normal
1780595633.9740527,42.19599130000279,42349,0.02417,-0.000977,1.053955,2.007634,2.290076,-0.48855,1.054233,3.084432,4454,7214,2760,4454,0,108.303,1,normal
1780595634.003809,42.225747599994065,42380,0.037598,-0.013672,1.065918,0.923664,2.374046,-0.923664,1.066668,2.709687,4456,7218,2762,4456,0,104.0,0,normal
1780595634.0332882,42.25522690000071,42411,0.041504,-0.050049,1.048096,2.381679,3.167939,-0.389313,1.05011,3.982436,4457,7221,2764,4457,1,104.0,17,normal
1780595634.0804565,42.302395200007595,42442,0.037842,-0.014648,1.054932,1.015267,2.312977,-0.763359,1.055712,2.638815,4462,7228,2766,4462,0,104.0,0,normal
1780595634.0955136,42.31745220000448,42473,0.021484,-0.054932,1.049072,1.091603,2.557252,-1.007634,1.050729,2.957442,4464,7232,2768,4464,0,104.0,0,normal
1780595634.127436,42.34937460000219,42504,0.039795,-0.010254,1.058594,2.587786,3.335878,-0.70229,1.059391,4.279945,4467,7237,2770,4467,1,104.0,14,normal
1780595634.1572247,42.37916320000659,42535,0.05249,-0.014893,1.053467,0.694656,3.076336,-1.038168,1.054879,3.320269,4472,7244,2772,4472,0,104.0,1,normal
1780595634.1889307,42.41086940000241,42566,0.024902,-0.018311,1.056641,1.89313,2.793893,-0.633588,1.057093,3.433833,4473,7246,2773,4473,0,104.0,5,normal
1780595634.2196999,42.441638500007684,42597,0.04541,-0.037598,1.06543,2.099237,3.29771,-0.648855,1.06706,3.962663,4477,7252,2775,4477,0,104.0,6,normal
1780595634.251518,42.47345669999777,42628,0.049072,-0.01416,1.060547,0.618321,3.458015,-1.114504,1.061776,3.685418,4481,7258,2777,4481,0,104.0,0,normal
1780595634.2821586,42.504097199998796,42659,0.061768,-0.044922,1.053711,2.282443,3.374046,-0.641221,1.056475,4.123699,4483,7263,2780,4483,1,96.774,14,normal
1780595634.312618,42.53455670000403,42690,0.039795,-0.031006,1.056152,1.793893,2.290076,-0.816794,1.057356,3.021532,4487,7268,2781,4487,0,96.774,6,normal
1780595634.3446486,42.56658719999541,42721,0.038086,-0.01001,1.054199,1.160305,2.862595,-0.870229,1.054934,3.209059,4491,7274,2783,4491,0,96.774,0,normal
1780595634.3755372,42.597475700007635,42752,0.03418,-0.045166,1.037109,2.312977,2.854962,-0.717557,1.038655,3.743736,4493,7279,2786,4493,1,96.774,14,normal
1780595634.4062357,42.628174299999955,42783,0.040771,-0.001709,1.052978,1.160305,2.015267,-0.847328,1.053769,2.47499,4498,7286,2788,4498,0,96.774,1,normal
1780595634.4368072,42.65874569999869,42814,0.057861,-0.018311,1.064941,0.89313,2.305344,-0.740458,1.066669,2.580808,4500,7290,2790,4500,0,96.774,0,normal
1780595634.4685385,42.690477199997986,42845,0.054199,-0.031006,1.048584,2.717557,2.587786,-0.51145,1.050441,3.78726,4502,7295,2793,4502,1,96.774,14,normal
1780595634.4985337,42.720472300003166,42876,0.058838,-0.008301,1.061035,1.045802,2.687023,-0.748092,1.062698,2.978831,4507,7302,2795,4507,0,96.774,0,normal
1780595634.5298502,42.751788900000975,42907,0.036133,-0.055176,1.063232,1.312977,2.351145,-0.694656,1.065276,2.781068,4509,7306,2797,4509,0,96.774,1,normal
1780595634.5599215,42.78186000000278,42938,0.047119,-0.008789,1.041748,2.961832,3.183206,-0.541985,1.04285,4.381666,4512,7311,2799,4512,0,103.943,14,normal
1780595634.5897682,42.81170679999923,42968,0.044678,-0.010254,1.041016,0.671756,2.572519,-0.946565,1.042024,2.82225,4515,7316,2801,4515,0,103.943,0,normal
1780595634.621969,42.84390770000755,42999,0.028076,-0.036621,1.062012,1.984733,2.709924,-0.526718,1.063014,3.400042,4517,7320,2803,4517,0,103.943,0,normal
1780595634.6531928,42.87513139999646,43030,0.044678,-0.008057,1.053955,2.572519,2.854962,-0.641221,1.054932,3.89613,4521,7326,2805,4521,0,103.943,5,normal
1780595634.6835122,42.9054507999972,43061,0.0271,-0.003662,1.047852,0.374046,3.320611,-1.137405,1.048208,3.52988,4525,7332,2807,4525,0,103.943,0,normal
1780595634.7149704,42.936908999996376,43092,0.045898,-0.038818,1.064453,2.29771,3.221374,-0.40458,1.066149,3.977487,4527,7336,2809,4527,1,103.943,0,normal
1780595634.747219,42.96915770000487,43123,0.031738,-0.032959,1.057373,1.946565,3.114504,-0.816794,1.058362,3.762499,4531,7342,2811,4531,0,103.943,5,normal
1780595634.7785919,43.00053040000785,43155,0.049072,-0.020508,1.062988,1.236641,2.824427,-1.007634,1.064318,3.243763,4535,7348,2813,4535,0,103.943,1,normal
1780595634.80962,43.03155850000621,43186,0.05249,-0.053223,1.050049,1.977099,2.572519,-0.549618,1.052706,3.290723,4537,7353,2816,4537,1,103.943,14,normal
1780595634.8405335,43.062472100005834,43217,0.037109,-0.006104,1.044189,1.08397,2.832061,-0.755725,1.044866,3.125169,4542,7360,2818,4542,0,107.527,0,normal
1780595634.8717053,43.09364390000701,43248,0.035156,-0.048828,1.049805,1.076336,2.282443,-0.778626,1.051528,2.64089,4544,7364,2820,4544,0,107.527,1,normal
1780595634.903438,43.12537660000089,43280,0.050781,-0.016113,1.050293,2.900763,3.229008,-0.21374,1.051643,4.345872,4547,7369,2822,4547,1,107.527,14,normal
1780595634.9340675,43.15600620000623,43311,0.034668,-0.002441,1.055176,0.618321,3.473282,-1.053435,1.055748,3.681812,4552,7376,2824,4552,0,107.527,0,normal
1780595634.9650645,43.18700320000062,43342,0.043457,-0.027588,1.049805,1.900763,2.580153,-0.938931,1.051066,3.339414,4554,7380,2826,4554,0,107.527,0,normal
1780595634.9964197,43.218358199999784,43373,0.050049,-0.037598,1.063232,2.038168,2.70229,-0.366412,1.065074,3.40452,4558,7386,2828,4558,0,107.527,6,normal
1780595635.0268571,43.24879569999757,43404,0.052979,-0.027344,1.053223,0.725191,3.206107,-1.061069,1.054909,3.454112,4562,7392,2830,4562,0,107.527,0,normal
1780595635.0572498,43.279188300002716,43435,0.0625,-0.052734,1.050293,2.251908,2.603053,-0.59542,1.053472,3.493065,4564,7397,2833,4564,1,107.527,14,normal
1780595635.0895746,43.31151329999557,43466,0.04126,-0.0354,1.048828,1.885496,2.160305,-0.854962,1.050236,2.992152,4569,7404,2835,4569,0,107.527,0,normal
1780595635.1235828,43.34552149999945,43498,0.048096,-0.012451,1.056396,1.022901,2.389313,-0.900763,1.057564,2.75073,4571,7408,2837,4571,0,103.203,1,normal
1780595635.1515462,43.37348490000295,43529,0.048096,-0.04834,1.052002,2.358779,2.946565,-0.206107,1.05421,3.780022,4573,7413,2840,4573,1,103.203,15,normal
1780595635.1836183,43.40555690000474,43560,0.026855,0.002441,1.046631,0.89313,2.580153,-0.816794,1.046978,2.849916,4576,7418,2842,4576,0,103.203,0,normal
1780595635.2137747,43.435713200000464,43591,0.033691,-0.055908,1.05127,1.259542,2.496183,-0.671756,1.053294,2.875523,4578,7422,2844,4578,0,103.203,0,normal
1780595635.245233,43.467171600001166,43622,0.04834,-0.005127,1.044678,2.671756,3.854962,-0.358779,1.045808,4.704012,4581,7427,2846,4581,1,103.203,14,normal
1780595635.2757843,43.49772280000616,43653,0.026123,-0.007568,1.041748,0.557252,3.183206,-1.198473,1.042103,3.44669,4586,7434,2848,4586,0,103.203,0,normal
1780595635.3072274,43.529166000007535,43684,0.028076,-0.025391,1.053711,2.091603,2.549618,-0.59542,1.054391,3.351101,4588,7438,2850,4588,0,103.203,0,normal
1780595635.3381371,43.560075800007326,43715,0.042969,-0.040527,1.066162,2.175573,2.977099,-0.526718,1.067797,3.724737,4591,7442,2851,4591,0,103.203,6,normal
1780595635.3709521,43.59289080000599,43747,0.040527,0.000732,1.06543,0.862595,3.328244,-0.877863,1.0662,3.54851,4595,7448,2853,4595,0,103.203,1,normal
1780595635.4010258,43.62296439999773,43778,0.037354,-0.044922,1.043945,2.29771,2.381679,-0.503817,1.045579,3.347491,4597,7453,2856,4597,1,92.857,14,normal
1780595635.431859,43.653797599996324,43809,0.04248,-0.002197,1.056396,1.664122,2.503817,-0.412214,1.057252,3.034522,4603,7460,2857,4603,0,92.857,0,normal
1780595635.4630194,43.68495809999877,43840,0.041016,-0.009521,1.070068,0.938931,3.534351,-1.08397,1.070896,3.814213,4605,7464,2859,4605,0,92.857,0,normal
1780595635.4941883,43.71612680000544,43871,0.042236,-0.046387,1.048828,2.458015,2.80916,-0.244275,1.050703,3.740707,4607,7469,2862,4607,1,92.857,14,normal
1780595635.5246518,43.74659029999748,43902,0.031494,-0.00293,1.044434,1.183206,2.412214,-0.358779,1.044912,2.710622,4612,7476,2864,4612,0,92.857,0,normal
1780595635.5561945,43.77813310000056,43933,0.031982,-0.050293,1.057861,1.061069,2.610687,-0.801527,1.059539,2.929846,4614,7480,2866,4614,0,92.857,0,normal
1780595635.5868473,43.80878580000717,43964,0.040283,-0.006836,1.057617,2.938931,3.473282,-0.160305,1.058406,4.552659,4617,7485,2868,4617,1,92.857,14,normal
1780595635.6180983,43.840036800000235,43995,0.057861,-0.017334,1.047119,0.832061,2.503817,-0.870229,1.04886,2.778259,4622,7492,2870,4622,0,92.857,1,normal
1780595635.64871,43.870648600001005,44026,0.031982,-0.021729,1.054688,1.946565,3.221374,-0.480916,1.055396,3.794423,4624,7496,2872,4624,0,92.857,0,normal
1780595635.6806662,43.90260470000794,44057,0.03833,-0.024658,1.063965,2.183206,2.961832,-0.473282,1.064941,3.70983,4628,7502,2874,4628,0,111.111,6,normal
1780595635.7118118,43.93375039999955,44089,0.050781,0.005615,1.064453,0.870229,3.312977,-1.091603,1.065678,3.595096,4632,7508,2876,4632,0,111.111,0,normal
1780595635.7435417,43.96548030000122,44120,0.037354,-0.039062,1.055176,2.282443,2.343511,-0.458015,1.056559,3.303236,4634,7513,2879,4634,1,111.111,14,normal
1780595635.774581,43.99651949999679,44151,0.052002,-0.006836,1.046143,1.458015,2.770992,-0.572519,1.047456,3.183078,4639,7520,2881,4639,0,111.111,1,normal
1780595635.805216,44.02715480000188,44182,0.041748,-0.019531,1.063477,1.152672,3.137405,-1.175572,1.064475,3.543153,4641,7524,2883,4641,0,111.111,0,normal
1780595635.8363008,44.05823939999391,44213,0.033691,-0.039307,1.040772,2.175573,2.824427,-0.29771,1.042058,3.577588,4643,7529,2886,4643,1,111.111,14,normal
1780595635.866035,44.08797370000684,44244,0.040039,0.002686,1.042236,1.503817,2.900763,-0.770992,1.043009,3.35713,4647,7534,2887,4647,0,111.111,5,normal
1780595635.8969665,44.11890499999572,44274,0.032959,-0.041992,1.056152,1.038168,2.580153,-0.908397,1.0575,2.925776,4649,7538,2889,4649,0,111.111,1,normal
1780595635.928397,44.15033560000302,44305,0.049072,-0.044922,1.054932,2.541985,2.496183,-0.694656,1.057027,3.629761,4651,7543,2892,4651,1,111.111,14,normal
1780595635.958658,44.180596599995624,44336,0.044678,-0.014648,1.054932,1.129771,2.526718,-0.740458,1.055979,2.865129,4656,7550,2894,4656,0,100.358,0,normal
1780595636.0068815,44.22882000000391,44367,0.04834,-0.062256,1.061768,1.290076,2.427481,-1.221374,1.064689,3.008108,4658,7554,2896,4658,0,100.358,0,normal
1780595636.0214138,44.24335249999422,44398,0.050049,-0.019287,1.055176,2.793893,3.374046,-0.396947,1.056538,4.39859,4661,7559,2898,4661,1,100.358,14,normal
1780595636.0534978,44.27543650000007,44430,0.035889,-0.004395,1.051025,0.503817,3.244275,-1.274809,1.051647,3.521972,4666,7566,2900,4666,0,100.358,0,normal
1780595636.0849316,44.30687030000263,44461,0.046143,-0.04248,1.050293,2.419847,2.549618,-0.442748,1.052164,3.542914,4668,7570,2902,4668,0,100.358,0,normal
1780595636.115522,44.337460399998236,44492,0.052246,-0.038086,1.062744,1.732824,2.969466,-0.70229,1.064709,3.509077,4673,7576,2903,4673,0,100.358,5,normal
1780595636.1452355,44.36717420000059,44523,0.047363,0.005615,1.055176,1.068702,3.557252,-0.832061,1.056253,3.806375,4677,7582,2905,4677,0,100.358,0,normal
1780595636.1776514,44.39958990000014,44554,0.041992,-0.05127,1.04126,2.175573,2.442748,-0.259542,1.043367,3.281386,4679,7587,2908,4679,1,100.358,14,normal
1780595636.2086606,44.43059930000163,44585,0.035889,-0.024658,1.060059,1.740458,2.503817,-0.572519,1.060953,3.102591,4684,7594,2910,4684,0,100.358,0,normal
1780595636.2398522,44.46179070000653,44616,0.049805,-0.02417,1.067627,1.259542,3.29771,-1.030534,1.069061,3.677409,4686,7598,2912,4686,0,107.143,0,normal
1780595636.2702014,44.49214010000287,44647,0.042236,-0.052246,1.052246,2.229008,2.839695,-0.381679,1.054389,3.630154,4688,7603,2915,4688,1,107.143,14,normal
1780595636.3011842,44.52312270000402,44678,0.041748,-0.009521,1.05542,1.236641,2.221374,-0.557252,1.056288,2.602751,4693,7610,2917,4693,0,107.143,1,normal
1780595636.33164,44.5535785999964,44709,0.033936,-0.047607,1.055176,1.10687,2.572519,-1.068702,1.056794,2.997522,4695,7614,2919,4695,0,107.143,1,normal
1780595636.3632722,44.585210799996275,44740,0.043701,-0.012695,1.048096,2.59542,3.320611,-0.473282,1.049083,4.241068,4698,7619,2921,4698,1,107.143,14,normal
1780595636.3998313,44.6217697999964,44776,0.05249,-0.01123,1.046143,0.633588,2.70229,-0.908397,1.047519,2.920444,4703,7626,2923,4703,0,107.143,0,normal
1780595636.4292586,44.65119720000075,44807,0.048828,-0.043945,1.053223,2.29771,2.519084,-0.709924,1.055269,3.482707,4705,7631,2926,4705,1,107.143,14,normal
1780595636.460644,44.68258259999857,44837,0.041748,-0.004639,1.04541,1.122137,2.748092,-0.480916,1.046254,3.007072,4710,7638,2928,4710,0,107.143,1,normal
1780595636.4908612,44.712799800006906,44868,0.020996,-0.049316,1.058106,0.931298,2.641221,-1.091603,1.059462,3.005822,4712,7642,2930,4712,0,103.175,0,normal
1780595636.5223727,44.744311400005245,44899,0.043213,-0.033936,1.05127,2.687023,3.038168,-0.78626,1.052704,4.131436,4715,7647,2932,4715,1,103.175,14,normal
1780595636.5534122,44.775350900003104,44930,0.043213,-0.006104,1.040039,1.198473,2.687023,-0.740458,1.040954,3.033926,4720,7654,2934,4720,0,103.175,0,normal
1780595636.5844219,44.80636040000536,44961,0.031494,-0.056396,1.056885,1.450382,2.763359,-0.503817,1.058857,3.161264,4722,7658,2936,4722,0,103.175,1,normal
1780595636.6153727,44.837311299997964,44992,0.04126,-0.011963,1.057129,3.320611,2.900763,-0.374046,1.058001,4.425019,4725,7663,2938,4725,0,103.175,15,normal
1780595636.646896,44.86883439999656,45023,0.045654,-0.018555,1.048828,0.587786,2.427481,-1.10687,1.049985,2.731907,4730,7670,2940,4730,0,103.175,0,normal
1780595636.679064,44.90100260000327,45055,0.037842,-0.041992,1.055908,2.312977,2.977099,-0.351145,1.05742,3.786328,4732,7674,2942,4732,1,103.175,0,normal
1780595636.7093532,44.93129170000611,45086,0.037354,-0.026855,1.046143,1.671756,2.740458,-0.908397,1.047154,3.336175,4737,7680,2943,4737,0,103.175,5,normal
1780595636.7393758,44.961314400003175,45117,0.03833,-0.005859,1.06665,0.740458,3.030534,-0.847328,1.067355,3.232705,4741,7686,2945,4741,0,103.175,0,normal
1780595636.7722876,44.99422609999601,45148,0.034424,-0.051514,1.037598,2.122137,2.977099,-0.427481,1.039446,3.680941,4743,7691,2948,4743,1,110.714,15,normal
1780595636.803758,45.025696400000015,45180,0.03833,-0.000977,1.053223,0.984733,2.030534,-0.900763,1.05392,2.429844,4747,7696,2949,4747,0,110.714,0,normal
1780595636.834797,45.05673549999483,45211,0.034668,-0.055176,1.047119,0.885496,2.038168,-1.030534,1.049145,2.449537,4749,7700,2951,4749,0,110.714,0,normal
1780595636.8655343,45.08747300000687,45242,0.049561,-0.019775,1.058594,2.740458,2.839695,-0.549618,1.059938,3.984477,4752,7705,2953,4752,1,110.714,14,normal
1780595636.8954513,45.11738989999867,45273,0.038086,0.008057,1.044189,0.793893,2.770992,-0.78626,1.044915,2.987786,4757,7712,2955,4757,0,110.714,0,normal
1780595636.9279072,45.14984589999949,45304,0.032227,-0.057373,1.049316,1.770992,2.862595,-0.625954,1.051378,3.423841,4759,7716,2957,4759,0,110.714,0,normal
1780595636.960099,45.182037499995204,45335,0.04541,-0.016113,1.058838,2.122137,3.351145,-0.633588,1.059934,4.016848,4762,7720,2958,4762,0,110.714,6,normal
1780595636.990766,45.21270459999505,45367,0.061035,-0.01001,1.057373,0.763359,3.358779,-0.839695,1.05918,3.545306,4766,7726,2960,4766,0,110.714,1,normal
1780595637.0222769,45.24421550000261,45398,0.062988,-0.043213,1.05249,2.351145,3.145038,-0.725191,1.055258,3.993125,4768,7731,2963,4768,1,100.0,15,normal
1780595637.0524626,45.27440120000392,45429,0.033691,-0.023438,1.050537,1.549618,2.366412,-0.465649,1.051338,2.866715,4772,7737,2965,4772,0,100.0,3,normal
1780595637.0929022,45.31484069999715,45460,0.053223,-0.019043,1.069092,0.969466,3.412214,-1.045802,1.070585,3.698212,4775,7742,2967,4775,0,100.0,0,normal
1780595637.1146972,45.33663590000651,45491,0.040771,-0.046875,1.03418,2.038168,2.679389,-0.229008,1.036044,3.37427,4776,7745,2969,4776,1,100.0,18,normal
1780595637.1446197,45.36655829999654,45522,0.02417,-0.003906,1.046143,1.129771,2.221374,-0.816794,1.046429,2.622601,4781,7752,2971,4781,0,100.0,0,normal
1780595637.1757765,45.39771499999915,45553,0.03833,-0.057617,1.055908,1.0,2.328244,-0.969466,1.058173,2.71304,4783,7756,2973,4783,0,100.0,0,normal
1780595637.206514,45.42845239999588,45583,0.039551,-0.045654,1.047363,2.358779,2.78626,-0.664122,1.049104,3.710544,4785,7761,2976,4785,1,100.0,14,normal
1780595637.2370217,45.458960300005856,45614,0.042236,-0.019531,1.044434,1.564886,2.862595,-0.51145,1.04547,3.302257,4790,7768,2978,4790,0,100.0,1,normal
1780595637.2684019,45.49034050000773,45645,0.031738,-0.05127,1.057373,1.10687,2.725191,-1.015267,1.059091,3.111687,4792,7772,2980,4792,0,100.0,1,normal
1780595637.299291,45.52122959999542,45676,0.063965,-0.031738,1.055664,2.725191,2.717557,-0.312977,1.058076,3.861313,4795,7777,2982,4795,1,97.122,14,normal
1780595637.3308334,45.55277209999622,45707,0.033691,0.005615,1.03833,0.664122,3.175573,-0.748092,1.038892,3.329408,4800,7784,2984,4800,0,97.122,0,normal
1780595637.360012,45.58195069999783,45738,0.036865,-0.051514,1.064697,1.862595,2.29771,-1.122137,1.06658,3.16353,4802,7788,2986,4802,0,97.122,0,normal
1780595637.3902447,45.61218330000702,45768,0.050781,-0.002441,1.053223,2.778626,3.549618,-0.442748,1.054449,4.529523,4805,7793,2988,4805,1,97.122,14,normal
1780595637.4212472,45.64318579999963,45798,0.040527,-0.009521,1.043701,0.70229,2.992366,-0.480916,1.044531,3.111069,4810,7800,2990,4810,0,97.122,0,normal
1780595637.4520864,45.67402510000102,45829,0.032715,-0.042236,1.064697,1.816794,2.435115,-0.816794,1.066037,3.146057,4812,7804,2992,4812,0,97.122,0,normal
1780595637.4831586,45.70509730000049,45860,0.044922,-0.008789,1.059082,2.70229,3.160305,-0.221374,1.060071,4.164002,4816,7810,2994,4816,0,97.122,5,normal
1780595637.5131273,45.73506600000837,45890,0.045654,-0.011719,1.050537,0.465649,2.969466,-0.954198,1.051594,3.153578,4820,7816,2996,4820,0,97.122,1,normal
1780595637.5443158,45.76625440000498,45921,0.048584,-0.031494,1.059082,1.961832,2.923664,-0.824427,1.060663,3.616114,4822,7820,2998,4822,0,97.122,1,normal
1780595637.5755348,45.797473500002525,45952,0.054199,-0.016113,1.056885,2.458015,3.145038,-0.633588,1.058396,4.0416,4826,7826,3000,4826,0,112.319,6,normal
1780595637.6059582,45.82789679999405,45984,0.063965,0.0,1.05249,0.977099,3.343511,-1.206107,1.054432,3.686256,4830,7832,3002,4830,0,112.319,0,normal
1780595637.6374683,45.85940689999552,46014,0.04126,-0.043213,1.054443,2.114504,3.29771,-0.480916,1.056135,3.946808,4832,7836,3004,4832,0,112.319,0,normal
1780595637.6698432,45.8917819000053,46045,0.046875,-0.025635,1.053955,1.480916,2.458015,-0.671756,1.055308,2.947237,4836,7842,3006,4836,0,112.319,5,normal
1780595637.699379,45.92131760000484,46076,0.042725,-0.007813,1.059326,0.89313,3.473282,-0.854962,1.060216,3.686778,4840,7848,3008,4840,0,112.319,0,normal
1780595637.7315242,45.95346279999649,46107,0.027588,-0.047607,1.036377,2.358779,3.053435,-0.236641,1.037837,3.865657,4842,7853,3011,4842,1,112.319,14,normal
1780595637.7627468,45.98468540000613,46139,0.045654,-0.014648,1.052002,1.08397,2.053435,-1.030534,1.053094,2.540391,4847,7860,3013,4847,0,112.319,1,normal
1780595637.7932417,46.01518030000443,46170,0.025391,-0.056885,1.058838,1.015267,2.427481,-0.832061,1.060669,2.759666,4849,7864,3015,4849,0,112.319,1,normal
1780595637.8249173,46.046856000000844,46201,0.056885,-0.012939,1.053223,2.618321,3.572519,-0.427481,1.054837,4.449858,4851,7867,3016,4851,1,112.319,16,normal
1780595637.8554947,46.07743340000161,46233,0.026367,-0.008545,1.047363,0.480916,2.938931,-0.969466,1.04773,3.131846,4856,7874,3018,4856,0,106.762,0,normal
1780595637.886753,46.1086917000066,46263,0.056152,-0.064209,1.051514,1.671756,2.625954,-0.931298,1.054968,3.249264,4858,7878,3020,4858,0,106.762,1,normal
1780595637.9164214,46.13836009999795,46294,0.052734,-0.016113,1.061035,2.709924,3.206107,-0.78626,1.062467,4.27095,4862,7884,3022,4862,0,106.762,5,normal
1780595637.9491,46.17103870000574,46325,0.054199,-0.022949,1.055908,0.396947,3.030534,-0.748092,1.057547,3.14664,4866,7890,3024,4866,0,106.762,0,normal
1780595637.9789968,46.2009354000038,46356,0.042236,-0.044189,1.05957,1.984733,2.80916,-0.564886,1.061332,3.485634,4868,7894,3026,4868,0,106.762,0,normal
1780595638.011173,46.23311169999943,46387,0.051514,-0.029053,1.050537,1.625954,2.274809,-0.740458,1.0522,2.892536,4873,7900,3027,4873,0,106.762,5,normal
1780595638.0437617,46.26570040000661,46419,0.039307,-0.010254,1.071533,0.931298,2.969466,-1.129771,1.072303,3.310804,4877,7906,3029,4877,0,106.762,1,normal
1780595638.0727851,46.29472380000516,46450,0.032715,-0.040283,1.048584,2.099237,2.671756,-0.954198,1.049867,3.529245,4879,7911,3032,4879,1,106.762,14,normal
1780595638.1033876,46.32532610000635,46481,0.038086,0.001709,1.059814,0.977099,2.145038,-0.946565,1.0605,2.540058,4885,7918,3033,4885,0,106.762,0,normal
1780595638.1357265,46.35766500000318,46512,0.016846,-0.053955,1.05542,0.870229,2.480916,-1.076336,1.056932,2.840905,4887,7922,3035,4887,0,111.111,0,normal
1780595638.1660688,46.388007300003665,46543,0.049805,-0.013672,1.043213,2.824427,3.305344,-0.648855,1.044491,4.395873,4890,7927,3037,4890,1,111.111,14,normal
1780595638.195705,46.41764359999797,46574,0.050049,0.000732,1.05127,0.450382,2.40458,-0.862595,1.05246,2.594016,4895,7934,3039,4895,0,111.111,0,normal
1780595638.227495,46.44943360000616,46604,0.030518,-0.056885,1.056885,1.442748,2.770992,-0.900763,1.058854,3.251353,4897,7938,3041,4897,0,111.111,0,normal
1780595638.2585645,46.480503200000385,46635,0.052734,-0.015137,1.053467,2.832061,3.030534,-0.633588,1.054894,4.195967,4899,7941,3042,4899,1,111.111,16,normal
1780595638.2909582,46.51289670000551,46667,0.048828,-0.016113,1.05542,0.244275,2.503817,-1.320611,1.056672,2.841264,4904,7948,3044,4904,0,111.111,0,normal
1780595638.3209863,46.54292480000004,46698,0.047607,-0.043945,1.067139,2.061069,2.89313,-0.572519,1.069104,3.598052,4906,7952,3046,4906,0,111.111,0,normal
1780595638.353288,46.575226500004646,46729,0.043457,-0.0271,1.054932,1.717557,2.664122,-0.618321,1.056174,3.229531,4911,7958,3047,4911,0,111.111,5,normal
1780595638.3833795,46.605318000001716,46760,0.054199,0.001221,1.064697,0.923664,3.274809,-1.122137,1.066076,3.582837,4915,7964,3049,4915,0,111.111,1,normal
1780595638.4145563,46.63649489999807,46791,0.053467,-0.050049,1.049561,2.312977,3.0,-0.603053,1.052113,3.835823,4916,7967,3051,4916,1,103.943,18,normal
1780595638.446099,46.66803770000115,46822,0.041748,-0.013184,1.049805,1.396947,2.19084,-0.870229,1.050717,2.740171,4922,7974,3052,4922,0,103.943,0,normal
1780595638.477692,46.69963060000737,46854,0.051514,-0.045898,1.062256,0.923664,2.664122,-0.900763,1.064494,2.96008,4924,7978,3054,4924,0,103.943,0,normal
1780595638.5093374,46.73127610000665,46885,0.043945,-0.010742,1.04541,2.694656,3.396947,-0.412214,1.046388,4.355496,4927,7983,3056,4927,1,103.943,14,normal
1780595638.539419,46.761357499999576,46916,0.040771,0.000977,1.046387,0.954198,2.435115,-0.847328,1.047181,2.749226,4932,7990,3058,4932,0,103.943,0,normal
1780595638.571728,46.793666500001564,46947,0.038818,-0.05957,1.058838,1.961832,2.534351,-0.923664,1.061222,3.335398,4934,7994,3060,4934,0,103.943,0,normal
1780595638.6019094,46.823848,46978,0.032227,-0.009277,1.060059,2.748092,2.847328,-0.541985,1.060589,3.994125,4938,8000,3062,4938,0,103.943,5,normal
1780595638.6319556,46.85389430000214,47009,0.04126,-0.016602,1.054688,0.40458,2.435115,-1.183206,1.055625,2.737416,4942,8006,3064,4942,0,103.943,1,normal
1780595638.6638203,46.88575879999553,47040,0.042725,-0.044434,1.059814,2.664122,2.778626,-0.343511,1.061606,3.864752,4944,8010,3066,4944,0,103.943,0,normal
1780595638.694658,46.91659660000005,47071,0.047119,-0.023682,1.057129,2.022901,3.030534,-0.580153,1.058443,3.689559,4949,8016,3067,4949,0,117.857,5,normal
1780595638.7278128,46.949751299995114,47103,0.047852,-0.013916,1.072998,1.183206,3.534351,-1.137405,1.074155,3.896832,4953,8022,3069,4953,0,117.857,1,normal
1780595638.756999,46.97893759999715,47134,0.03125,-0.043701,1.041748,2.053435,3.221374,-0.343511,1.043132,3.835602,4955,8027,3072,4955,1,117.857,14,normal
1780595638.7882638,47.01020230000722,47164,0.038818,-0.020264,1.053223,1.442748,2.450382,-1.030534,1.054133,3.024548,4960,8034,3074,4960,0,117.857,0,normal
1780595638.819784,47.041722499998286,47196,0.031006,-0.057129,1.05127,0.839695,3.114504,-0.977099,1.053277,3.370452,4962,8038,3076,4962,0,117.857,0,normal
1780595638.8496883,47.071626999997534,47227,0.047119,-0.01123,1.053223,2.923664,3.335878,-0.755725,1.054336,4.499668,4965,8043,3078,4965,1,117.857,14,normal
1780595638.8802545,47.10219309999957,47258,0.037109,0.003418,1.045166,0.877863,2.763359,-0.679389,1.04583,2.97798,4970,8050,3080,4970,0,117.857,0,normal
1780595638.9099174,47.13185600000725,47288,0.037842,-0.057617,1.057129,1.229008,2.29771,-0.564886,1.059374,2.666276,4972,8054,3082,4972,0,117.857,0,normal
1780595638.941614,47.16355250000197,47318,0.054199,-0.020996,1.056641,3.015267,2.992366,-0.366412,1.058238,4.263842,4975,8059,3084,4975,1,117.857,14,normal
1780595638.971538,47.19347660000494,47349,0.039551,0.005371,1.048828,0.587786,2.740458,-0.992366,1.049587,2.97328,4978,8064,3086,4978,0,104.317,1,normal
1780595639.0015223,47.223460900000646,47379,0.03125,-0.05542,1.05957,1.259542,2.832061,-0.89313,1.061479,3.225631,4980,8068,3088,4980,0,104.317,1,normal
1780595639.0324163,47.254354999997304,47409,0.036621,-0.048584,1.036377,2.709924,2.984733,-0.412214,1.038161,4.052436,4982,8073,3091,4982,1,104.317,14,normal
1780595639.062525,47.284463600008166,47440,0.057129,-0.003418,1.056396,0.900763,2.679389,-0.671756,1.057946,2.90547,4987,8080,3093,4987,0,104.317,0,normal
1780595639.0948856,47.31682429999637,47471,0.037842,-0.054199,1.05835,1.221374,2.259542,-1.099237,1.060412,2.793851,4989,8084,3095,4989,0,104.317,0,normal
1780595639.1249259,47.34686449999572,47502,0.044434,-0.009766,1.050537,2.832061,3.557252,-0.572519,1.051522,4.582836,4992,8089,3097,4992,1,104.317,14,normal
1780595639.1559205,47.37785910000093,47533,0.030273,-0.007324,1.037842,0.625954,2.572519,-1.038168,1.038309,2.843847,4997,8096,3099,4997,0,104.317,0,normal
1780595639.1877959,47.40973460000532,47564,0.050781,-0.033447,1.060547,2.229008,2.725191,-0.694656,1.062289,3.58855,4999,8100,3101,4999,0,104.317,0,normal
1780595639.2196374,47.4415760999982,47595,0.043457,-0.026367,1.052002,2.091603,3.068702,-0.763359,1.053229,3.791366,5003,8106,3103,5003,0,104.317,6,normal
1780595639.2496068,47.4715453999961,47627,0.066162,0.009033,1.060547,0.603053,3.961832,-1.358779,1.062647,4.231556,5007,8112,3105,5007,0,104.317,1,normal
1780595639.2820477,47.50398639999912,47658,0.052979,-0.039062,1.049316,2.076336,3.19084,-0.244275,1.051379,3.814748,5009,8117,3108,5009,1,104.317,15,normal
1780595639.3122025,47.534141099997214,47689,0.038574,-0.002197,1.048096,1.625954,2.778626,-0.648855,1.048808,3.284129,5015,8124,3109,5015,0,104.317,0,normal
1780595639.3438232,47.5657618999976,47720,0.05249,-0.021484,1.06665,0.816794,2.89313,-1.091603,1.068157,3.198273,5017,8128,3111,5017,0,104.317,0,normal
1780595639.374797,47.5967357000045,47751,0.044434,-0.040039,1.050049,2.503817,2.824427,-0.366412,1.051751,3.792196,5019,8133,3114,5019,1,104.317,14,normal
1780595639.4040177,47.62595630000578,47782,0.038818,0.0,1.05127,1.366412,2.923664,-0.763359,1.051986,3.316265,5024,8140,3116,5024,0,104.317,0,normal
1780595639.436008,47.65794649999589,47812,0.024414,-0.045898,1.054199,0.977099,2.671756,-0.618321,1.05548,2.911241,5026,8144,3118,5026,0,104.317,0,normal
1780595639.4663126,47.688251200001105,47843,0.052979,-0.030762,1.051758,2.877863,3.458015,-0.854962,1.05354,4.579402,5029,8149,3120,5029,1,104.317,14,normal
1780595639.4972982,47.719236799996,47874,0.043701,-0.009521,1.050537,0.839695,2.427481,-0.48855,1.051489,2.614657,5034,8156,3122,5034,0,104.317,1,normal
1780595639.528667,47.75060549999762,47905,0.039307,-0.051514,1.052734,1.694656,2.335878,-0.641221,1.054727,2.95624,5036,8160,3124,5036,0,104.317,1,normal
1780595639.56045,47.78238859999692,47936,0.040283,-0.014893,1.054443,2.717557,3.312977,-0.229008,1.055318,4.291081,5039,8164,3125,5039,0,104.317,6,normal
1780595639.592826,47.814764499999,47968,0.050049,-0.019531,1.052734,0.694656,3.320611,-0.824427,1.054104,3.49123,5043,8170,3127,5043,0,104.317,0,normal
1780595639.62296,47.84489880000183,47999,0.03833,-0.039551,1.064209,2.305344,3.21374,-0.725191,1.065633,4.021024,5045,8175,3130,5045,1,104.317,14,normal
1780595639.653093,47.87503179999476,48030,0.051514,-0.02832,1.053955,1.885496,3.045802,-0.129771,1.055593,3.584528,5049,8180,3131,5049,0,104.317,5,normal
1780595639.6837697,47.90570839999418,48061,0.036133,-0.007568,1.068115,1.122137,3.152672,-1.0,1.068753,3.49264,5053,8186,3133,5053,0,104.317,0,normal
1780595639.715713,47.93765170000552,48091,0.05835,-0.041504,1.052002,1.801527,2.694656,-0.206107,1.054436,3.247946,5054,8189,3135,5054,1,104.317,17,normal
1780595639.7458436,47.96778219999396,48122,0.025391,-0.005371,1.045166,1.465649,2.641221,-0.335878,1.045488,3.039242,5060,8196,3136,5060,0,104.317,0,normal
1780595639.7767346,47.99867309999536,48153,0.045654,-0.020752,1.0625,0.832061,3.534351,-0.877863,1.063683,3.735586,5062,8200,3138,5062,0,104.317,1,normal
1780595639.808225,48.030163600007654,48184,0.04248,-0.040771,1.053711,2.419847,2.312977,-0.748092,1.055355,3.430039,5064,8205,3141,5064,1,100.358,15,normal
1780595639.8381996,48.06013820000226,48215,0.046875,-0.002197,1.052978,0.877863,2.572519,-0.374046,1.054024,2.743794,5070,8212,3142,5070,0,100.358,1,normal
1780595639.8695223,48.09146100000362,48246,0.05127,-0.045654,1.067383,1.145038,2.717557,-1.007634,1.069588,3.116337,5071,8214,3143,5071,0,100.358,6,normal
1780595639.9003327,48.122271200001705,48277,0.058838,-0.016113,1.057373,2.59542,3.427481,-0.259542,1.059131,4.30711,5074,8219,3145,5074,1,100.358,14,normal
1780595639.9323604,48.15429910000239,48308,0.042969,0.006592,1.053223,0.580153,2.374046,-1.045802,1.054119,2.658265,5079,8226,3147,5079,0,100.358,0,normal
1780595639.9617848,48.18372349999845,48339,0.046875,-0.060303,1.049561,1.740458,2.351145,-0.870229,1.052336,3.051946,5081,8230,3149,5081,0,100.358,0,normal
1780595639.9929302,48.21486880000157,48370,0.049561,-0.014893,1.062256,2.465649,3.70229,-0.755725,1.063516,4.511928,5085,8236,3151,5085,0,100.358,6,normal
1780595640.0241866,48.246125200006645,48401,0.046387,-0.015381,1.044434,0.358779,3.458015,-1.48855,1.045576,3.781848,5089,8242,3153,5089,0,100.358,0,normal
1780595640.0563872,48.27832589999889,48432,0.041992,-0.044922,1.058594,2.038168,2.984733,-0.877863,1.060378,3.719328,5091,8246,3155,5091,0,100.358,1,normal
1780595640.0872383,48.30917690000206,48463,0.033447,-0.031982,1.060059,1.91603,3.030534,-0.656489,1.061068,3.645036,5096,8252,3156,5096,0,114.695,6,normal
1780595640.1194725,48.341411100002006,48495,0.033936,-0.005615,1.070801,1.198473,3.625954,-0.954198,1.071353,3.93629,5100,8258,3158,5100,0,114.695,0,normal
1780595640.1497505,48.371689200008404,48526,0.036377,-0.042236,1.037842,2.083969,2.59542,-0.48855,1.039338,3.364196,5102,8263,3161,5102,1,114.695,14,normal
1780595640.180387,48.402325600007316,48557,0.03418,-0.001221,1.045166,0.984733,2.435115,-0.580153,1.045725,2.689992,5108,8270,3162,5108,0,114.695,0,normal
1780595640.212292,48.4342306000035,48588,0.049072,-0.031738,1.05957,0.870229,2.534351,-0.923664,1.061181,2.834324,5110,8274,3164,5110,0,114.695,1,normal
1780595640.243744,48.46568259999913,48619,0.062012,-0.033691,1.048096,2.587786,3.122137,-0.679389,1.050469,4.111685,5112,8279,3167,5112,1,114.695,14,normal
1780595640.2737415,48.49568019999424,48651,0.027832,-0.002441,1.041016,0.610687,2.0,-1.381679,1.04139,2.506387,5117,8286,3169,5117,0,114.695,0,normal
1780595640.3042264,48.526164900002186,48681,0.038574,-0.053955,1.047363,1.519084,2.358779,-1.022901,1.049461,2.986265,5119,8290,3171,5119,0,114.695,0,normal
1780595640.3346286,48.55656710000767,48712,0.056641,-0.007813,1.061035,2.816794,3.083969,-0.450382,1.062575,4.200957,5122,8295,3173,5122,1,114.695,14,normal
1780595640.3656602,48.58759870000358,48743,0.045654,-0.02124,1.051514,0.572519,2.778626,-0.885496,1.052718,2.971976,5127,8302,3175,5127,0,110.714,0,normal
1780595640.3976018,48.619540500003495,48774,0.035889,-0.02832,1.063721,2.076336,2.587786,-0.900763,1.064703,3.437904,5129,8306,3177,5129,0,110.714,0,normal
1780595640.4280686,48.65000720000535,48805,0.044922,-0.017822,1.051514,2.221374,2.938931,-0.51145,1.052624,3.719328,5133,8312,3179,5133,0,110.714,6,normal
1780595640.4594417,48.681380199996056,48836,0.035156,-0.015625,1.047363,0.732824,3.679389,-1.21374,1.04807,3.943108,5137,8318,3181,5137,0,110.714,0,normal
1780595640.4906397,48.71257830000832,48867,0.064453,-0.041748,1.049072,2.320611,3.343511,-0.175573,1.051879,4.073712,5139,8323,3184,5139,1,110.714,14,normal
1780595640.5211473,48.74308590000146,48898,0.032959,-0.025635,1.053223,1.862595,2.473282,-0.778626,1.05405,3.192592,5143,8328,3185,5143,0,110.714,5,normal
1780595640.551618,48.77355670000543,48929,0.044922,-0.005127,1.062012,1.030534,3.335878,-0.816794,1.062974,3.585699,5147,8334,3187,5147,0,110.714,0,normal
1780595640.5843382,48.80627689999528,48960,0.039062,-0.039307,1.046875,2.221374,2.664122,-0.381679,1.048341,3.48966,5149,8339,3190,5149,1,110.714,14,normal
1780595640.614386,48.83632460000808,48991,0.026123,-0.001953,1.050293,1.167939,2.274809,-0.305344,1.05062,2.575281,5154,8346,3192,5154,0,110.714,0,normal
1780595640.6454487,48.86738730000798,49022,0.041016,-0.040283,1.0625,1.08397,3.312977,-0.564886,1.064054,3.531275,5156,8350,3194,5156,0,103.943,1,normal
1780595640.6766136,48.89855220000027,49053,0.04541,-0.019043,1.053711,2.732824,3.412214,-0.343511,1.054861,4.385149,5158,8355,3197,5158,1,103.943,14,normal
1780595640.7084837,48.930422400007956,49085,0.026367,0.008789,1.041992,0.519084,2.80916,-0.984733,1.042363,3.021676,5163,8362,3199,5163,0,103.943,0,normal
1780595640.7398608,48.96179929999926,49116,0.040527,-0.037354,1.062256,1.770992,2.519084,-1.015267,1.063685,3.24237,5165,8366,3201,5165,0,103.943,0,normal
1780595640.7708855,48.99282400000084,49147,0.045654,-0.025635,1.054932,2.465649,3.427481,-0.793893,1.05623,4.296198,5169,8372,3203,5169,0,103.943,5,normal
1780595640.8006084,49.022546899999725,49178,0.029541,-0.004639,1.043701,0.59542,2.877863,-1.458015,1.044129,3.280614,5173,8378,3205,5173,0,103.943,0,normal
1780595640.8330266,49.05496520000452,49209,0.054443,-0.050293,1.058594,2.122137,3.122137,-0.221374,1.061185,3.781562,5175,8382,3207,5175,0,103.943,0,normal
1780595640.864893,49.08683149999706,49241,0.046143,-0.021484,1.052246,1.503817,2.625954,-0.832061,1.053476,3.13838,5180,8389,3209,5180,0,103.943,4,normal
1780595640.8949692,49.11690789999557,49272,0.056152,-0.012451,1.06543,0.763359,3.221374,-1.022901,1.066981,3.46501,5182,8392,3210,5182,0,104.0,5,normal
1780595640.9252617,49.14720029999444,49303,0.036865,-0.044434,1.042969,1.938931,2.305344,-0.740458,1.044566,3.10199,5184,8397,3213,5184,1,104.0,14,normal
1780595640.9558065,49.177745099994354,49333,0.035156,-0.001709,1.054199,1.610687,2.519084,-0.80916,1.054787,3.097554,5190,8404,3214,5190,0,104.0,1,normal
1780595640.9878106,49.20974920000299,49364,0.029297,-0.024658,1.063721,0.954198,3.007634,-0.916031,1.06441,3.285646,5192,8408,3216,5192,0,104.0,0,normal
1780595641.0192618,49.241200400007074,49395,0.040771,-0.043701,1.049072,2.167939,2.946565,-0.419847,1.050773,3.682184,5194,8413,3219,5194,1,104.0,14,normal
1780595641.048954,49.27089270000579,49426,0.041748,-0.006104,1.053223,1.21374,2.725191,-0.709924,1.054067,3.066565,5198,8418,3220,5198,0,104.0,5,normal
1780595641.0803347,49.30227329999616,49457,0.019043,-0.04834,1.049316,1.229008,2.564885,-1.068702,1.050602,3.038293,5200,8422,3222,5200,0,104.0,1,normal
1780595641.1119263,49.33386500000779,49488,0.050293,0.001221,1.05249,2.78626,3.320611,-0.78626,1.053692,4.40544,5203,8427,3224,5203,1,104.0,14,normal
1780595641.1413553,49.36329389999446,49519,0.053711,-0.007568,1.052002,0.396947,2.427481,-1.061069,1.053399,2.678824,5208,8434,3226,5208,0,104.0,0,normal
1780595641.1726556,49.39459429999988,49550,0.050781,-0.055664,1.0625,1.938931,2.312977,-0.89313,1.065168,3.147538,5210,8438,3228,5210,0,100.719,0,normal
1780595641.2045364,49.42647510000097,49581,0.042236,-0.01416,1.060791,2.748092,3.480916,-0.603053,1.061726,4.475764,5214,8444,3230,5214,0,100.719,5,normal
1780595641.2361543,49.458093000008375,49612,0.055664,-0.015869,1.056396,0.435114,3.114504,-1.038168,1.057981,3.311684,5216,8448,3232,5216,0,100.719,0,normal
1780595641.2669256,49.488864300001296,49643,0.051514,-0.052979,1.054688,1.862595,2.992366,-0.854962,1.057273,3.62691,5218,8452,3234,5218,0,100.719,0,normal
1780595641.297757,49.519695499999216,49674,0.055176,-0.032959,1.059326,1.801527,3.129771,-0.969466,1.061274,3.739095,5223,8458,3235,5223,0,100.719,5,normal
1780595641.3275003,49.54943889999413,49705,0.054199,0.003906,1.060059,1.068702,3.221374,-1.015267,1.06145,3.542618,5227,8464,3237,5227,0,100.719,1,normal
1780595641.3586721,49.580610699995304,49735,0.050537,-0.041748,1.055908,2.427481,2.824427,-0.435114,1.057941,3.749584,5229,8469,3240,5229,1,100.719,14,normal
1780595641.3902256,49.61216430000786,49766,0.037109,-0.020996,1.057617,1.656489,2.664122,-0.534351,1.058476,3.1823,5233,8475,3242,5233,0,100.719,3,normal
1780595641.4225476,49.64448610000545,49798,0.057129,-0.039551,1.066406,1.053435,3.748092,-0.885496,1.068668,3.992746,5236,8480,3244,5236,0,100.719,0,normal
1780595641.4525564,49.67449510000006,49829,0.047119,-0.049805,1.053711,2.053435,2.648855,-0.854962,1.055939,3.4589,5238,8485,3247,5238,1,100.358,14,normal
1780595641.4843733,49.706311899994034,49860,0.054932,-0.013428,1.055908,0.854962,3.007634,-0.725191,1.057421,3.209786,5243,8492,3249,5243,0,100.358,1,normal
1780595641.5152311,49.737169700005325,49891,0.028809,-0.044189,1.063232,1.160305,2.862595,-1.251908,1.06454,3.332872,5245,8496,3251,5245,0,100.358,0,normal
1780595641.5458002,49.767738700000336,49922,0.060303,-0.014893,1.054199,3.053435,3.068702,-0.465649,1.056028,4.35399,5248,8501,3253,5248,1,100.358,14,normal
1780595641.5761242,49.798062899993965,49953,0.052734,0.000977,1.044189,0.503817,2.816794,-0.923664,1.045521,3.006878,5253,8508,3255,5253,0,100.358,0,normal
1780595641.606446,49.82838469999842,49984,0.04126,-0.039551,1.060303,1.839695,2.740458,-0.885496,1.061842,3.41741,5255,8512,3257,5255,0,100.358,0,normal
1780595641.6370497,49.8589881999942,50014,0.052734,-0.008789,1.05957,3.083969,3.221374,-0.564886,1.060918,4.495244,5258,8517,3259,5258,1,100.358,14,normal
1780595641.6681073,49.890045799998916,50045,0.04834,-0.016357,1.056396,0.442748,2.557252,-1.251908,1.057628,2.881465,5263,8524,3261,5263,0,100.358,0,normal
1780595641.6992383,49.92117689999577,50076,0.040527,-0.027344,1.070068,2.015267,2.885496,-0.725191,1.071184,3.593507,5265,8528,3263,5265,0,100.358,0,normal
1780595641.7314906,49.953429300003336,50107,0.052734,-0.031006,1.057129,1.977099,3.21374,-0.274809,1.058897,3.783196,5270,8534,3264,5270,0,115.108,6,normal
1780595641.7630475,49.98498599999584,50139,0.041016,0.00415,1.062744,1.053435,3.633588,-0.671756,1.063543,3.842388,5274,8540,3266,5274,0,115.108,0,normal
1780595641.7938762,50.01581470000383,50170,0.035156,-0.039551,1.041504,2.076336,2.618321,-0.305344,1.042847,3.355594,5276,8545,3269,5276,1,115.108,14,normal
1780595641.8243403,50.04627900000196,50201,0.016357,-0.005859,1.050293,1.473282,2.183206,-0.717557,1.050437,2.729806,5281,8552,3271,5281,0,115.108,0,normal
1780595641.8553648,50.07730350000202,50232,0.040527,-0.011963,1.06958,1.183206,3.160305,-0.725191,1.070414,3.45158,5283,8556,3273,5283,0,115.108,0,normal
1780595641.8868997,50.10883840000315,50263,0.039795,-0.050781,1.044678,2.038168,2.854962,-0.78626,1.046668,3.594877,5285,8561,3276,5285,1,115.108,14,normal
1780595641.9178467,50.13978520000819,50294,0.038574,-0.014648,1.049805,1.366412,2.564885,-0.519084,1.050615,2.952146,5290,8568,3278,5290,0,115.108,1,normal
1780595641.9477506,50.16968920000363,50325,0.026123,-0.049072,1.059814,1.29771,2.450382,-1.030534,1.061271,2.958111,5292,8572,3280,5292,0,115.108,1,normal
1780595641.9874442,50.209382800007006,50362,0.039795,-0.010986,1.055664,2.847328,3.328244,-0.641221,1.056471,4.426698,5298,8580,3282,5298,0,109.804,0,normal
1780595642.0178564,50.23979500000132,50394,0.02832,-0.048096,1.057861,1.251908,2.519084,-0.435114,1.059333,2.846469,5300,8584,3284,5300,0,109.804,0,normal
1780595642.0595136,50.281452099996386,50425,0.052734,-0.013672,1.056641,2.687023,3.648855,-0.396947,1.058044,4.548824,5303,8589,3286,5303,1,109.804,14,normal
1780595642.0790226,50.30096130000311,50456,0.048584,0.00415,1.039307,0.603053,3.122137,-0.961832,1.04045,3.322128,5308,8596,3288,5308,0,109.804,1,normal
1780595642.1106231,50.33256179999444,50487,0.043945,-0.028564,1.062012,2.038168,2.687023,-0.778626,1.063304,3.461283,5310,8600,3290,5310,0,109.804,0,normal
1780595642.142334,50.364272599996184,50518,0.053711,-0.030518,1.057617,2.320611,3.015267,-0.862595,1.05942,3.901428,5313,8604,3291,5313,0,109.804,6,normal
1780595642.1745896,50.39652829999977,50550,0.054199,0.01416,1.055664,0.946565,3.572519,-1.198473,1.057149,3.885256,5317,8610,3293,5317,0,109.804,0,normal
1780595642.2056003,50.42753879999509,50581,0.053711,-0.042725,1.042725,2.038168,2.633588,-0.083969,1.044981,3.331211,5319,8615,3296,5319,1,109.804,14,normal
1780595642.2368457,50.45878440000524,50613,0.035889,0.008545,1.057861,1.145038,2.435115,-0.770992,1.058504,2.799165,5325,8622,3297,5325,0,107.57,0,normal
1780595642.2677116,50.48965030000545,50644,0.050293,-0.032227,1.055908,0.717557,3.045802,-1.114504,1.057596,3.321734,5327,8626,3299,5327,0,107.57,0,normal
1780595642.299569,50.52150750000146,50675,0.049561,-0.014648,1.062744,2.839695,3.931298,-0.389313,1.064,4.865237,5328,8629,3301,5328,1,107.57,17,normal
1780595642.3303661,50.552304800003185,50707,0.03833,-0.011475,1.039062,0.763359,2.358779,-1.122137,1.039833,2.72135,5333,8636,3303,5333,0,107.57,1,normal
1780595642.361302,50.583240599997225,50738,0.035889,-0.036865,1.057129,1.992366,2.89313,-0.961832,1.05838,3.642094,5335,8640,3305,5335,0,107.57,0,normal
1780595642.3933685,50.61530700000003,50769,0.047363,-0.036133,1.057617,2.290076,3.015267,-0.709924,1.059294,3.852308,5339,8646,3307,5339,0,107.57,6,normal
1780595642.4253361,50.64727479999419,50801,0.059326,0.005615,1.073486,0.885496,3.175573,-1.244275,1.075139,3.523717,5343,8652,3309,5343,0,107.57,0,normal
1780595642.4566588,50.678597499994794,50832,0.022949,-0.033691,1.043213,2.221374,2.847328,-0.358779,1.044009,3.629119,5344,8655,3311,5344,1,107.57,18,normal
1780595642.487076,50.70901469999808,50864,0.040771,-0.00708,1.053467,0.984733,2.29771,-0.580153,1.054279,2.566271,5349,8662,3313,5349,0,95.618,0,normal
1780595642.5174975,50.73943610000424,50894,0.049316,-0.015869,1.072754,1.396947,3.267176,-1.221374,1.074004,3.757346,5351,8666,3315,5351,0,95.618,0,normal
1780595642.5493548,50.77129330000025,50925,0.048096,-0.051758,1.043213,2.068702,2.763359,-0.343511,1.045603,3.46896,5353,8671,3318,5353,1,95.618,14,normal
1780595642.5798914,50.80183009999746,50956,0.040771,-0.013916,1.054688,0.969466,2.664122,-0.961832,1.055567,2.993749,5358,8678,3320,5358,0,95.618,0,normal
1780595642.6096292,50.83156780000718,50987,0.034424,-0.0625,1.052978,0.954198,3.007634,-0.778626,1.055393,3.250018,5359,8680,3321,5359,0,95.618,5,normal
1780595642.6418512,50.86378980000154,51017,0.042969,-0.038086,1.056641,2.343511,2.961832,-0.083969,1.0582,3.77777,5361,8685,3324,5361,1,95.618,15,normal
1780595642.6704316,50.89237030000368,51048,0.043213,-0.009033,1.049561,1.183206,3.244275,-0.793893,1.050489,3.543383,5366,8692,3326,5366,0,95.618,0,normal
1780595642.7031481,50.92508670000825,51079,0.041016,-0.057129,1.064453,1.312977,2.763359,-0.763359,1.066774,3.153217,5368,8696,3328,5368,0,95.618,0,normal
1780595642.7340727,50.95601130000432,51110,0.056885,-0.008301,1.05957,2.954198,3.648855,-0.343511,1.061129,4.70738,5371,8701,3330,5371,1,95.618,14,normal
1780595642.764982,50.98692049999954,51141,0.025879,-0.002197,1.039062,0.282443,2.465649,-1.435114,1.039387,2.866836,5376,8708,3332,5376,0,97.473,0,normal
1780595642.7961242,51.01806289999513,51172,0.039062,-0.032227,1.053955,1.931298,2.78626,-1.045802,1.055171,3.547796,5378,8712,3334,5378,0,97.473,0,normal
1780595642.8268697,51.04880829999456,51203,0.03833,-0.031494,1.060547,2.022901,3.274809,-0.641221,1.061707,3.902264,5382,8718,3336,5382,0,97.473,6,normal
1780595642.85825,51.0801885999972,51235,0.047607,-0.004639,1.056152,0.900763,3.587786,-0.832061,1.057235,3.791558,5386,8724,3338,5386,0,97.473,0,normal
1780595642.8918693,51.113807800007635,51266,0.044189,-0.041016,1.0354,2.129771,2.832061,-0.320611,1.037154,3.557989,5388,8729,3341,5388,1,97.473,14,normal
1780595642.9271455,51.149084200005746,51298,0.035156,0.00708,1.048096,0.946565,2.503817,-0.816794,1.048709,2.798613,5393,8736,3343,5393,0,97.473,0,normal
1780595642.95255,51.17448859999422,51329,0.037598,-0.053467,1.063721,0.938931,2.725191,-1.274809,1.065727,3.151729,5395,8740,3345,5395,0,97.473,0,normal
1780595642.984547,51.206485600007,51360,0.062012,-0.012451,1.05249,2.664122,3.19084,-0.419847,1.054389,4.177952,5397,8745,3348,5397,1,97.473,14,normal
1780595643.0149276,51.23686620000808,51391,0.046387,-0.000244,1.046875,0.40458,2.587786,-0.885496,1.047902,2.764856,5402,8752,3350,5402,0,104.0,1,normal
1780595643.0462382,51.26817690000462,51422,0.037842,-0.05249,1.056641,1.572519,2.603053,-0.801527,1.05862,3.14502,5404,8756,3352,5404,0,104.0,1,normal
1780595643.0773764,51.29931499999657,51453,0.061768,-0.014893,1.060547,2.824427,3.435115,-0.580153,1.062448,4.484861,5408,8762,3354,5408,0,104.0,6,normal
1780595643.1088512,51.330789900006494,51485,0.047607,-0.015381,1.06958,0.419847,3.068702,-1.396947,1.07075,3.397744,5412,8768,3356,5412,0,104.0,0,normal
1780595643.1400378,51.361976400003186,51516,0.056641,-0.052246,1.049805,2.290076,2.877863,-0.29771,1.052629,3.689875,5414,8772,3358,5414,1,104.0,0,normal
1780595643.170512,51.39245050000318,51547,0.040283,-0.025146,1.051514,1.832061,2.633588,-0.748092,1.052585,3.294218,5419,8778,3359,5419,0,104.0,5,normal
1780595643.2008195,51.422758100001374,51578,0.044922,0.005859,1.058106,0.89313,3.648855,-1.251908,1.059075,3.959684,5423,8784,3361,5423,0,104.0,0,normal
1780595643.232333,51.45427159999963,51609,0.044434,-0.04541,1.034668,2.114504,2.442748,-0.541985,1.036617,3.275957,5425,8789,3364,5425,1,104.0,14,normal
1780595643.2641516,51.48609020000731,51640,0.038086,-0.00293,1.056641,1.221374,2.21374,-0.351145,1.057331,2.552588,5430,8796,3366,5430,0,104.0,0,normal
1780595643.2946796,51.51661829999648,51671,0.041504,-0.025635,1.062012,0.916031,3.358779,-1.145038,1.063131,3.664917,5432,8800,3368,5432,0,107.143,1,normal
1780595643.3265347,51.548473300004844,51702,0.025635,-0.043701,1.047852,2.396947,2.908397,-0.51145,1.049076,3.803381,5433,8803,3370,5433,1,107.143,17,normal
1780595643.3567173,51.5786558999971,51733,0.050049,-0.004639,1.053711,0.832061,2.587786,-1.045802,1.054909,2.912501,5438,8810,3372,5438,0,107.143,0,normal
1780595643.3881192,51.610057900004904,51764,0.041504,-0.063232,1.060791,1.259542,2.618321,-0.954198,1.063484,3.058193,5440,8814,3374,5440,0,107.143,0,normal
1780595643.4191592,51.64109770000505,51795,0.045898,-0.012451,1.046631,2.687023,3.259542,-0.59542,1.047711,4.266056,5443,8819,3376,5443,1,107.143,14,normal
1780595643.4499812,51.671919800006435,51826,0.039551,-0.013672,1.051514,0.564886,2.992366,-1.099237,1.052346,3.237541,5448,8826,3378,5448,0,107.143,0,normal
1780595643.4810507,51.7029892999999,51857,0.041992,-0.028076,1.054688,1.740458,2.839695,-0.900763,1.055896,3.45028,5449,8828,3379,5449,0,107.143,5,normal
1780595643.5128574,51.73479600000428,51888,0.052246,-0.026367,1.063721,2.076336,2.801527,-0.282443,1.065329,3.498499,5454,8834,3380,5454,0,107.143,6,normal
1780595643.5440729,51.76601140000275,51920,0.05249,-0.011475,1.05957,0.938931,3.503817,-0.946565,1.060932,3.748908,5458,8840,3382,5458,0,107.143,1,normal
1780595643.576641,51.79857970000012,51952,0.023926,-0.040283,1.041992,2.251908,3.045802,-0.48855,1.043045,3.819251,5460,8845,3385,5460,1,99.644,14,normal
1780595643.6064203,51.82835900000646,51983,0.033203,-0.008057,1.05127,1.175572,2.381679,-0.335878,1.051825,2.677159,5466,8852,3386,5466,0,99.644,1,normal
1780595643.6378472,51.85978590000013,52014,0.022461,-0.044189,1.054688,0.854962,2.48855,-0.78626,1.055852,2.746278,5468,8856,3388,5468,0,99.644,0,normal
1780595643.669213,51.891151699994225,52045,0.05835,-0.033691,1.048828,2.709924,2.908397,-0.862595,1.05099,4.067743,5471,8861,3390,5471,1,99.644,14,normal
1780595643.7001827,51.92212119999749,52076,0.043945,-0.008057,1.056641,0.59542,2.908397,-0.778626,1.057585,3.06913,5476,8868,3392,5476,0,99.644,0,normal
1780595643.7298348,51.951773399996455,52107,0.040527,-0.044922,1.077393,1.687023,2.290076,-0.78626,1.07909,2.951051,5478,8872,3394,5478,0,99.644,0,normal
1780595643.762473,51.984411600002204,52138,0.054443,-0.012939,1.056152,2.916031,3.343511,-0.51145,1.057634,4.465858,5482,8878,3396,5482,0,99.644,5,normal
1780595643.7941153,52.016053800005466,52170,0.031738,-0.017334,1.050049,0.908397,3.183206,-1.167939,1.050671,3.51028,5486,8884,3398,5486,0,99.644,1,normal
1780595643.8249605,52.046899099994334,52201,0.050049,-0.037842,1.046875,2.259542,3.221374,-0.152672,1.048754,3.937777,5488,8889,3401,5488,1,99.644,14,normal
1780595643.856818,52.07875660000718,52232,0.023438,-0.022949,1.047363,1.748092,2.618321,-0.564886,1.047877,3.198519,5492,8895,3403,5492,1,114.286,3,normal
1780595643.887832,52.109770499999286,52264,0.048096,-0.008789,1.057617,0.885496,3.374046,-1.175572,1.058747,3.681068,5495,8900,3405,5495,0,114.286,0,normal
1780595643.9187396,52.140678099996876,52295,0.041748,-0.033936,1.043701,2.442748,3.076336,-0.175573,1.045087,3.932135,5496,8903,3407,5496,1,114.286,18,normal
1780595643.9505465,52.17248500000278,52326,0.052246,-0.006104,1.054443,1.129771,2.954198,-0.603053,1.055755,3.219836,5501,8910,3409,5501,0,114.286,0,normal
1780595643.979799,52.20173760000034,52356,0.018311,-0.041992,1.056885,0.900763,2.351145,-0.832061,1.057877,2.651713,5503,8914,3411,5503,0,114.286,0,normal
1780595644.0098548,52.23179340000206,52387,0.04126,-0.00415,1.051758,2.648855,3.19084,-0.793893,1.052575,4.22234,5506,8919,3413,5506,1,114.286,14,normal
1780595644.0403497,52.262288300000364,52417,0.037842,0.004639,1.046143,1.175572,2.564885,-0.877863,1.046837,2.954869,5511,8926,3415,5511,0,114.286,1,normal
1780595644.0716574,52.29359600000316,52448,0.0354,-0.06543,1.060547,0.923664,2.557252,-1.053435,1.063153,2.915891,5512,8928,3416,5512,0,114.286,5,normal
1780595644.1032798,52.32521840000118,52480,0.047852,-0.018555,1.050049,2.70229,3.549618,-0.480916,1.051302,4.48703,5515,8933,3418,5515,0,114.286,14,normal
1780595644.1338246,52.35576320000109,52510,0.045654,0.001465,1.041016,0.641221,3.045802,-0.984733,1.042017,3.264624,5520,8940,3420,5520,0,100.719,0,normal
1780595644.165718,52.387656799997785,52541,0.032227,-0.056152,1.049072,1.534351,2.496183,-0.679389,1.051068,3.007779,5522,8944,3422,5522,0,100.719,0,normal
1780595644.195495,52.41743339999812,52572,0.056152,-0.012207,1.061035,2.70229,3.21374,-0.671756,1.06259,4.252264,5526,8950,3424,5526,0,100.719,5,normal
1780595644.226957,52.44889559999865,52603,0.034424,-0.011719,1.052002,0.10687,3.648855,-1.221374,1.05263,3.849327,5529,8954,3425,5529,0,100.719,6,normal
1780595644.259081,52.48101960000349,52634,0.0354,-0.040771,1.052002,2.725191,2.80916,-0.48855,1.053387,3.944202,5531,8958,3427,5531,0,100.719,0,normal
1780595644.2884676,52.510406300003524,52665,0.047852,-0.03125,1.05835,1.656489,2.839695,-0.496183,1.059892,3.324758,5536,8964,3428,5536,0,100.719,5,normal
1780595644.3190727,52.54101129999617,52696,0.038086,0.000732,1.05957,1.389313,3.40458,-1.183206,1.060255,3.862814,5540,8970,3430,5540,0,100.719,1,normal
1780595644.3499172,52.57185580000805,52726,0.044678,-0.050781,1.045654,2.335878,2.664122,-0.427481,1.04784,3.568839,5542,8975,3433,5542,1,100.719,13,normal
1780595644.3812916,52.60323029999563,52757,0.044189,-0.029297,1.055908,1.687023,2.717557,-0.969466,1.057238,3.342308,5546,8980,3434,5546,0,100.719,6,normal
1780595644.4119554,52.63389399999869,52788,0.045654,-0.016357,1.063232,1.305344,3.450382,-0.877863,1.064338,3.792057,5548,8984,3436,5548,0,100.719,0,normal
1780595644.4431822,52.66512089999742,52819,0.029053,-0.044678,1.043701,1.824428,2.274809,-0.793893,1.045061,3.022178,5550,8989,3439,5550,1,100.719,14,normal
1780595644.4739356,52.695874099998036,52850,0.04541,0.005127,1.058594,1.229008,2.427481,-0.51145,1.05958,2.76852,5555,8996,3441,5555,0,100.719,1,normal
1780595644.5058413,52.72777979999955,52881,0.056885,-0.023926,1.066406,0.900763,2.801527,-0.954198,1.06819,3.09361,5557,9000,3443,5557,0,100.719,0,normal
1780595644.5361836,52.75812230000156,52912,0.057861,-0.023438,1.05249,2.78626,3.045802,-0.435114,1.05434,4.15084,5559,9005,3446,5559,1,100.719,14,normal
1780595644.5664287,52.78836720000254,52943,0.052002,0.010498,1.039062,1.076336,2.549618,-0.793893,1.040416,2.879118,5564,9012,3448,5564,0,100.719,1,normal
1780595644.5988247,52.82076329999836,52974,0.056396,-0.059326,1.05835,1.603053,2.641221,-0.48855,1.06151,3.12802,5566,9016,3450,5566,0,100.719,1,normal
1780595644.6293335,52.85127210000064,53005,0.052979,-0.016113,1.061768,2.687023,3.80916,-0.671756,1.06321,4.709676,5570,9022,3452,5570,0,100.719,6,normal
1780595644.6620562,52.88399469999422,53037,0.038818,-0.013184,1.05249,0.541985,3.603053,-1.015267,1.053288,3.782395,5574,9028,3454,5574,0,100.719,0,normal
1780595644.6905563,52.91249479999533,53068,0.03833,-0.051025,1.042725,2.40458,3.053435,-0.442748,1.044676,3.911713,5576,9032,3456,5576,1,100.0,0,normal
1780595644.722714,52.944652499994845,53098,0.059082,-0.033691,1.062256,2.10687,2.938931,-0.793893,1.064431,3.702227,5581,9038,3457,5581,0,100.0,5,normal
1780595644.7526364,52.97457510000095,53130,0.053467,0.001465,1.064697,0.755725,3.541985,-0.847328,1.06604,3.719508,5585,9044,3459,5585,0,100.0,0,normal
1780595644.7841387,53.00607719999971,53161,0.020752,-0.043945,1.042236,2.122137,2.977099,-0.396947,1.043369,3.67752,5587,9049,3462,5587,1,100.0,15,normal
1780595644.8167827,53.03872140000749,53192,0.046631,-0.004639,1.052246,1.603053,2.251908,-0.954198,1.053289,2.924272,5593,9056,3463,5593,0,100.0,0,normal
1780595644.8461213,53.06806000000506,53223,0.064453,-0.013184,1.069336,1.175572,2.984733,-1.221374,1.071358,3.432544,5595,9060,3465,5595,0,100.0,1,normal
1780595644.8771799,53.099118400001316,53254,0.046387,-0.045166,1.045166,2.625954,3.053435,-0.305344,1.047169,4.038853,5597,9065,3468,5597,1,100.0,14,normal
1780595644.9088345,53.130773099997896,53285,0.041748,-0.003662,1.049561,1.343511,2.763359,-1.137405,1.050397,3.27641,5602,9072,3470,5602,0,100.0,0,normal
1780595644.9382377,53.16017620000639,53315,0.028564,-0.052246,1.054932,1.290076,2.610687,-0.557252,1.056611,2.96488,5603,9074,3471,5603,0,100.0,6,normal
1780595644.9742906,53.19622929999605,53346,0.046387,-0.031494,1.056885,2.908397,3.274809,-0.564886,1.058371,4.416134,5605,9079,3474,5605,1,104.317,14,normal
1780595645.0005944,53.22253300000739,53377,0.027588,-0.00415,1.042236,0.656489,3.114504,-0.442748,1.04261,3.213586,5610,9086,3476,5610,0,104.317,1,normal
1780595645.0311277,53.25306630000705,53408,0.040039,-0.045654,1.064453,1.526718,2.29771,-0.847328,1.066184,2.88588,5612,9090,3478,5612,0,104.317,0,normal
1780595645.0636022,53.28554070000246,53439,0.032959,-0.008301,1.053711,2.748092,3.519084,-0.572519,1.054259,4.501526,5616,9096,3480,5616,0,104.317,6,normal
1780595645.0937672,53.31570570000622,53470,0.032227,-0.005859,1.044922,0.526718,2.656489,-1.045802,1.045435,2.903113,5619,9100,3481,5619,0,104.317,5,normal
1780595645.1255648,53.34750340000028,53501,0.029297,-0.025391,1.065674,1.89313,3.236641,-0.534351,1.066379,3.787521,5621,9104,3483,5621,0,104.317,1,normal
1780595645.1560469,53.37798550000298,53532,0.037354,-0.029297,1.061279,2.21374,3.19084,-0.564886,1.06234,3.924436,5626,9110,3484,5626,0,104.317,6,normal
1780595645.1870744,53.40901309999754,53563,0.053223,-0.003662,1.064697,0.916031,3.717557,-0.793893,1.066033,3.910193,5630,9116,3486,5630,0,104.317,0,normal
1780595645.2183893,53.44032779999543,53594,0.057129,-0.03418,1.055176,2.236641,2.931298,-0.129771,1.057274,3.689432,5632,9121,3489,5632,1,104.317,14,normal
1780595645.249352,53.47129060000589,53626,0.04541,-0.001221,1.056885,0.969466,2.709924,-0.519084,1.05786,2.924551,5637,9128,3491,5637,0,114.286,1,normal
1780595645.281206,53.503144500005874,53657,0.042969,-0.044922,1.048584,1.022901,2.145038,-1.022901,1.050425,2.587246,5639,9132,3493,5639,0,114.286,0,normal
1780595645.312106,53.5340445000038,53688,0.046631,-0.036621,1.049805,2.358779,3.045802,-0.206107,1.051478,3.857878,5641,9137,3496,5641,1,114.286,14,normal
1780595645.3431726,53.56511110000429,53719,0.031494,-0.004395,1.051514,1.091603,2.80916,-0.641221,1.051994,3.081257,5646,9144,3498,5646,0,114.286,0,normal
1780595645.3743117,53.59625020000385,53750,0.010986,-0.056885,1.045654,1.328244,2.618321,-0.648855,1.047258,3.0068,5648,9148,3500,5648,0,114.286,0,normal
1780595645.4055371,53.62747580000723,53781,0.044189,-0.013672,1.051514,2.923664,3.343511,-0.480916,1.05253,4.467456,5651,9153,3502,5651,1,114.286,13,normal
1780595645.4359362,53.65787490000366,53812,0.033691,-0.004883,1.040527,0.328244,3.122137,-0.832061,1.041084,3.24774,5656,9160,3504,5656,0,114.286,0,normal
1780595645.4674473,53.68938579999667,53843,0.0271,-0.026123,1.066894,2.061069,2.847328,-0.89313,1.067558,3.626701,5658,9164,3506,5658,0,114.286,0,normal
1780595645.4980693,53.72000800000387,53874,0.036621,-0.026367,1.059326,1.91603,3.0,-0.717557,1.060287,3.631262,5662,9170,3508,5662,0,114.286,6,normal
1780595645.5286198,53.750558400002774,53905,0.047119,-0.005859,1.056885,0.740458,3.587786,-0.938931,1.057951,3.781809,5666,9176,3510,5666,0,103.943,1,normal
1780595645.560005,53.781943499998306,53936,0.043701,-0.045166,1.052734,2.198473,3.19084,-0.358779,1.054609,3.89146,5668,9181,3513,5668,1,103.943,15,normal
1780595645.5923386,53.814277099998435,53968,0.041504,-0.012695,1.057861,1.870229,2.671756,-0.580153,1.058751,3.312494,5674,9188,3514,5674,0,103.943,0,normal
1780595645.624211,53.846149799996056,54000,0.02417,-0.05542,1.046875,1.229008,2.435115,-1.129771,1.04862,2.952393,5676,9192,3516,5676,0,103.943,0,normal
1780595645.6554155,53.87735409999732,54031,0.05249,-0.019531,1.058594,2.89313,2.633588,-0.740458,1.060074,3.981741,5679,9197,3518,5679,1,103.943,14,normal
1780595645.6858687,53.907807399999,54062,0.05957,0.01001,1.053223,0.78626,2.198473,-0.961832,1.054953,2.525195,5683,9202,3519,5683,0,103.943,6,normal
1780595645.7172172,53.93915580000612,54093,0.04126,-0.051758,1.060303,1.824428,2.282443,-1.076336,1.062367,3.113933,5685,9206,3521,5685,0,103.943,0,normal
1780595645.749015,53.97095360000094,54124,0.056396,-0.020752,1.05542,2.625954,3.51145,-0.778626,1.057129,4.453334,5689,9212,3523,5689,0,103.943,6,normal
1780595645.7807746,54.002713299996685,54156,0.047363,-0.011963,1.04834,0.816794,3.389313,-1.114504,1.049477,3.660152,5693,9218,3525,5693,0,107.57,1,normal
1780595645.8115356,54.03347429999849,54187,0.050781,-0.044434,1.05127,2.274809,3.335878,-0.450382,1.053433,4.062718,5695,9223,3528,5695,1,107.57,14,normal
1780595645.8425567,54.06449540000176,54218,0.0354,-0.018066,1.042725,1.824428,2.473282,-0.70229,1.043482,3.152598,5699,9228,3529,5699,0,107.57,6,normal
1780595645.8724742,54.09441279999737,54249,0.039795,-0.011475,1.063721,1.19084,3.335878,-0.954198,1.064527,3.668334,5701,9232,3531,5701,0,107.57,0,normal
1780595645.9039402,54.125878699996974,54280,0.032227,-0.04834,1.05249,2.122137,2.839695,-0.396947,1.054092,3.567198,5703,9237,3534,5703,1,107.57,14,normal
1780595645.9348583,54.15679700000328,54311,0.050049,-0.006104,1.050293,1.114504,2.274809,-0.610687,1.051502,2.605727,5708,9244,3536,5708,0,107.57,1,normal
1780595645.9658563,54.18779500000528,54342,0.033936,-0.049316,1.064941,0.954198,2.496183,-1.198473,1.066623,2.928782,5710,9248,3538,5710,0,107.57,0,normal
1780595645.9969552,54.21889380000357,54373,0.053223,-0.029541,1.058594,2.725191,2.908397,-0.694656,1.060342,4.045737,5712,9253,3541,5712,1,107.57,14,normal
1780595646.0268178,54.24875630000315,54405,0.03833,-0.007324,1.051514,0.557252,2.351145,-1.0,1.052238,2.615036,5715,9258,3543,5715,0,107.57,0,normal
1780595646.0588453,54.28078390000155,54435,0.052734,-0.04834,1.046875,0.938931,2.442748,-0.854962,1.049316,2.753102,5717,9262,3545,5717,0,86.022,1,normal
1780595646.090352,54.312290700007,54466,0.054443,-0.010986,1.053711,2.89313,3.603053,-0.358779,1.055174,4.634751,5720,9267,3547,5720,1,86.022,14,normal
1780595646.1205442,54.34248269999807,54497,0.052002,-0.008789,1.043457,0.519084,3.122137,-1.244275,1.044789,3.400796,5725,9274,3549,5725,0,86.022,0,normal
1780595646.1519027,54.37384139999631,54528,0.046387,-0.030029,1.05835,1.465649,3.076336,-0.664122,1.059791,3.471747,5727,9278,3551,5727,0,86.022,0,normal
1780595646.1835737,54.40551229999983,54559,0.046631,-0.032959,1.057617,2.259542,3.21374,-0.732824,1.059158,3.996334,5730,9282,3552,5730,0,86.022,5,normal
1780595646.2155309,54.43746960000135,54591,0.034668,-0.01001,1.061035,1.015267,3.564885,-1.10687,1.061648,3.868376,5734,9288,3554,5734,0,86.022,1,normal
1780595646.2470484,54.4689870000002,54622,0.041992,-0.044678,1.062988,2.015267,2.51145,-0.458015,1.064755,3.252455,5736,9293,3557,5736,1,86.022,14,normal
1780595646.2776341,54.49957280000672,54653,0.044189,-0.013428,1.058594,1.671756,2.480916,-0.763359,1.059601,3.087463,5742,9300,3558,5742,0,86.022,0,normal
1780595646.3081305,54.53006910000113,54684,0.051758,-0.016113,1.060303,1.183206,2.862595,-0.961832,1.061688,3.243386,5744,9304,3560,5744,0,86.022,0,normal
1780595646.3394833,54.56142179999733,54715,0.04834,-0.053711,1.049561,2.21374,2.793893,-0.603053,1.052045,3.615267,5746,9309,3563,5746,1,103.571,14,normal
1780595646.3692622,54.59120090000215,54746,0.043701,-0.00708,1.04126,1.480916,2.40458,-1.015267,1.0422,3.000981,5751,9316,3565,5751,0,103.571,0,normal
1780595646.400029,54.62196750000294,54776,0.036377,-0.038574,1.05835,1.007634,2.824427,-0.778626,1.059677,3.098221,5753,9320,3567,5753,0,103.571,0,normal
1780595646.431443,54.65338160000101,54807,0.059326,-0.008301,1.061523,2.679389,3.137405,-0.412214,1.063212,4.146366,5756,9325,3569,5756,1,103.571,14,normal
1780595646.4609156,54.68285420000029,54838,0.04834,0.003906,1.049805,1.129771,2.641221,-0.946565,1.050924,3.024635,5761,9332,3571,5761,0,103.571,1,normal
1780595646.4935193,54.715457900005276,54869,0.039062,-0.053711,1.058106,1.587786,2.503817,-0.740458,1.060188,3.055886,5763,9336,3573,5763,0,103.571,1,normal
1780595646.524208,54.746146699995734,54900,0.060059,-0.013428,1.065918,2.938931,3.648855,-0.603053,1.067693,4.72389,5767,9342,3575,5767,0,103.571,6,normal
1780595646.5557694,54.777708099994925,54932,0.044678,-0.00708,1.051025,0.908397,3.358779,-0.977099,1.051998,3.614042,5771,9348,3577,5771,0,103.571,0,normal
1780595646.587349,54.80928750000021,54963,0.067871,-0.042725,1.052978,2.236641,3.732824,-0.618321,1.056028,4.395323,5773,9352,3579,5773,1,103.571,0,normal
1780595646.617657,54.83959550000145,54994,0.050049,-0.020264,1.056885,1.992366,2.946565,-0.816794,1.058263,3.64951,5778,9358,3580,5778,0,114.695,5,normal
1780595646.649793,54.871731599996565,55025,0.049561,0.010986,1.061035,0.839695,3.610687,-0.839695,1.062249,3.800952,5782,9364,3582,5782,0,114.695,0,normal
1780595646.6801186,54.90205710000009,55056,0.039551,-0.053711,1.031982,2.061069,2.480916,-0.351145,1.034136,3.244418,5784,9369,3585,5784,1,114.695,14,normal
1780595646.7123446,54.93428329999733,55087,0.052002,-0.00415,1.052002,1.244275,2.022901,-1.038168,1.053295,2.591938,5789,9376,3587,5789,0,114.695,0,normal
1780595646.7426176,54.964556299994,55118,0.049316,-0.027588,1.052978,0.725191,3.122137,-0.900763,1.054494,3.329417,5791,9380,3589,5791,0,114.695,1,normal
1780595646.7738047,54.99574320000829,55149,0.064453,-0.014404,1.058594,2.816794,2.709924,-0.80916,1.060652,3.991586,5793,9385,3592,5793,1,114.695,14,normal
1780595646.8057346,55.02767330000643,55181,0.04834,0.014893,1.057129,0.671756,3.21374,-0.832061,1.058338,3.386991,5798,9392,3594,5798,0,114.695,0,normal
1780595646.8360846,55.05802310000581,55212,0.055908,-0.030762,1.054932,2.068702,2.450382,-0.664122,1.05686,3.274898,5800,9396,3596,5800,0,114.695,0,normal
1780595646.8674133,55.089351899994654,55243,0.066162,-0.018555,1.064453,2.633588,3.717557,-0.534351,1.066669,4.587106,5804,9402,3598,5804,0,114.695,5,normal
1780595646.8981495,55.120088199997554,55274,0.047363,-0.011475,1.047363,0.503817,3.19084,-1.236641,1.048496,3.458984,5806,9406,3600,5806,0,100.0,0,normal
1780595646.9288523,55.15079090000654,55305,0.065674,-0.053223,1.054932,2.175573,3.267176,-0.351145,1.058313,3.94092,5808,9410,3602,5808,0,100.0,0,normal
1780595646.9607084,55.18264690000797,55336,0.049316,-0.026367,1.054932,2.038168,3.076336,-0.603053,1.056413,3.739204,5813,9416,3603,5813,0,100.0,5,normal
1780595646.9905648,55.21250350000628,55367,0.06665,0.009277,1.062012,0.847328,3.320611,-1.244275,1.064142,3.645907,5817,9422,3605,5817,0,100.0,1,normal
1780595647.0221229,55.24406140000792,55398,0.038574,-0.046875,1.040527,2.229008,2.778626,-0.48855,1.042297,3.595542,5819,9427,3608,5819,1,100.0,15,normal
1780595647.053785,55.2757236000034,55430,0.033203,-0.01709,1.050293,1.320611,2.816794,-0.534351,1.050957,3.15656,5825,9434,3609,5825,0,100.0,0,normal
1780595647.0846,55.30653859999438,55461,0.033447,-0.05542,1.050293,1.259542,2.931298,-1.045802,1.052286,3.357477,5827,9438,3611,5827,0,100.0,0,normal
1780595647.1162457,55.33818429999519,55492,0.053467,-0.015869,1.058106,2.625954,3.099237,-0.29771,1.059574,4.073025,5830,9443,3613,5830,1,100.0,14,normal
1780595647.1464288,55.36836750000657,55523,0.059326,0.012939,1.057861,0.931298,3.0,-0.70229,1.059602,3.218777,5835,9450,3615,5835,0,100.0,0,normal
1780595647.188866,55.410804400002235,55553,0.050049,-0.047363,1.062256,1.51145,2.427481,-0.870229,1.064488,2.989054,5837,9454,3617,5837,0,111.111,0,normal
1780595647.2080696,55.430008099996485,55584,0.048828,-0.012695,1.046143,2.89313,3.732824,-0.030534,1.047358,4.722828,5840,9459,3619,5840,1,111.111,14,normal
1780595647.239563,55.46150150000176,55615,0.044922,0.002686,1.0354,0.633588,2.534351,-1.198473,1.036378,2.874144,5845,9466,3621,5845,0,111.111,0,normal
1780595647.270591,55.492529600000125,55646,0.029541,-0.032471,1.053467,1.862595,2.977099,-0.587786,1.054381,3.5606,5847,9470,3623,5847,0,111.111,0,normal
1780595647.30206,55.52399850000802,55677,0.049805,-0.032715,1.05957,2.244275,3.343511,-0.755725,1.061245,4.097189,5851,9476,3625,5851,0,111.111,6,normal
1780595647.3337083,55.55564679999952,55709,0.059814,0.010986,1.069336,0.938931,3.778626,-0.916031,1.071064,3.99984,5853,9480,3627,5853,0,111.111,1,normal
1780595647.3641872,55.58612589999393,55740,0.053223,-0.050537,1.049072,2.40458,2.458015,-0.343511,1.051636,3.455697,5855,9485,3630,5855,1,111.111,15,normal
1780595647.396356,55.61829480000597,55771,0.043701,-0.019043,1.05542,1.51145,2.274809,-0.908397,1.056496,2.878268,5861,9492,3631,5861,0,111.111,0,normal
1780595647.4274683,55.64940690000367,55803,0.023926,-0.058594,1.04541,0.740458,2.984733,-1.053435,1.047324,3.250636,5863,9496,3633,5863,0,104.0,0,normal
1780595647.457333,55.67927160000545,55834,0.043213,-0.016846,1.048096,2.732824,3.251908,-0.656489,1.049121,4.298164,5866,9501,3635,5866,1,104.0,14,normal
1780595647.4883702,55.71030880000035,55865,0.039062,0.009277,1.052002,0.610687,2.366412,-1.030534,1.052768,2.652328,5869,9506,3637,5869,0,104.0,0,normal
1780595647.5196526,55.741591199999675,55895,0.030518,-0.052979,1.05127,1.099237,2.770992,-0.748092,1.053046,3.073493,5871,9510,3639,5871,0,104.0,0,normal
1780595647.5500145,55.771953200004646,55926,0.043945,-0.015381,1.055664,2.664122,3.221374,-0.526718,1.05669,4.21334,5874,9515,3641,5874,1,104.0,14,normal
1780595647.5864868,55.80842549999943,55962,0.050293,-0.002441,1.045898,0.931298,3.312977,-0.877863,1.04711,3.551588,5879,9522,3643,5879,0,104.0,0,normal
1780595647.617206,55.83914470000309,55993,0.066406,-0.008301,1.056885,2.977099,3.389313,-0.709924,1.059001,4.566679,5881,9527,3646,5881,1,104.0,14,normal
1780595647.647906,55.86984470000607,56024,0.043457,-0.016113,1.052978,1.366412,2.732824,-0.51145,1.053998,3.097901,5886,9534,3648,5886,0,104.0,1,normal
1780595647.6789129,55.90085140000156,56055,0.064697,-0.055176,1.061279,1.763359,2.48855,-0.885496,1.06468,3.175912,5888,9538,3650,5888,0,99.206,1,normal
1780595647.710611,55.93254959999467,56086,0.048828,-0.013916,1.055908,2.839695,3.839695,-0.763359,1.057128,4.836304,5892,9544,3652,5892,0,99.206,6,normal
1780595647.742245,55.96418350000749,56118,0.057129,-0.015381,1.053711,0.778626,3.328244,-1.007634,1.055371,3.563537,5896,9550,3654,5896,0,99.206,0,normal
1780595647.774191,55.99612939999497,56149,0.052002,-0.054199,1.047852,2.167939,3.022901,-0.015267,1.05054,3.719963,5898,9554,3656,5898,1,99.206,1,normal
1780595647.803677,56.02561579999747,56180,0.035156,-0.025635,1.049805,1.709924,2.618321,-0.687023,1.050706,3.201787,5903,9560,3657,5903,0,99.206,5,normal
1780595647.8345907,56.056529199995566,56211,0.049072,-0.001465,1.068604,1.40458,3.656489,-0.931298,1.069731,4.026173,5907,9566,3659,5907,0,99.206,0,normal
1780595647.8665063,56.08844490000047,56242,0.037354,-0.046631,1.044189,2.358779,2.603053,-0.244275,1.045897,3.521278,5908,9569,3661,5908,1,99.206,18,normal
1780595647.8967497,56.11868840000534,56273,0.033203,-0.002197,1.046143,1.061069,2.381679,-0.51145,1.046672,2.657037,5914,9576,3662,5914,0,99.206,0,normal
1780595647.926831,56.14876959999674,56304,0.03418,-0.046631,1.057861,0.885496,2.725191,-0.847328,1.05944,2.988099,5916,9580,3664,5916,0,99.206,0,normal
1780595647.959146,56.18108470000152,56335,0.063965,-0.045166,1.048096,2.877863,3.396947,-0.725191,1.051017,4.510792,5918,9585,3667,5918,1,107.143,14,normal
1780595647.9909806,56.21291930000007,56367,0.040771,-0.014648,1.047363,0.335878,2.709924,-1.022901,1.048259,2.915961,5923,9592,3669,5923,0,107.143,1,normal
1780595648.0221982,56.24413679999998,56399,0.060791,-0.053467,1.057129,1.954198,3.0,-0.381679,1.060224,3.600635,5925,9596,3671,5925,0,107.143,1,normal
1780595648.055418,56.277356699996744,56430,0.054932,-0.033936,1.063477,1.89313,3.076336,-0.793893,1.065435,3.698385,5929,9602,3673,5929,0,107.143,6,normal
1780595648.0853517,56.30729019999853,56461,0.05127,0.000977,1.073242,0.763359,3.427481,-1.19084,1.074466,3.707889,5933,9608,3675,5933,0,107.143,0,normal
1780595648.1163542,56.33829290000722,56492,0.062988,-0.039062,1.059082,2.152672,2.343511,-0.290076,1.061672,3.195338,5935,9613,3678,5935,1,107.143,14,normal
1780595648.1473749,56.36931340000592,56523,0.044434,-0.006348,1.060791,1.564886,2.427481,-0.549618,1.06174,2.940002,5938,9618,3680,5938,0,107.143,1,normal
1780595648.1778772,56.399815800003125,56554,0.033691,-0.018799,1.064941,0.801527,2.717557,-1.129771,1.06564,3.050237,5940,9622,3682,5940,0,107.143,0,normal
1780595648.2089643,56.43090289999964,56585,0.038818,-0.052734,1.032471,2.244275,3.206107,-0.610687,1.034545,3.960913,5942,9627,3685,5942,1,96.0,14,normal
1780595648.23972,56.4616587000055,56616,0.032227,-0.012451,1.052246,1.015267,2.854962,-0.885496,1.052813,3.156846,5947,9634,3687,5947,0,96.0,0,normal
1780595648.2708082,56.492746799995075,56647,0.046631,-0.047363,1.059082,1.312977,2.793893,-1.251908,1.061166,3.331219,5949,9638,3689,5949,0,96.0,0,normal
1780595648.3004622,56.522400800007745,56678,0.041504,-0.006348,1.049561,2.931298,3.396947,-0.534351,1.0504,4.518549,5951,9641,3690,5951,1,96.0,17,normal
1780595648.331542,56.55348060000688,56708,0.043945,-0.000732,1.043945,0.816794,2.938931,-0.801527,1.04487,3.153873,5956,9648,3692,5956,0,96.0,1,normal
1780595648.3635366,56.585475300002145,56739,0.041504,-0.041016,1.06665,1.633588,2.778626,-0.633588,1.068245,3.284936,5958,9652,3694,5958,0,96.0,0,normal
1780595648.393597,56.615535500008264,56770,0.047607,-0.013916,1.051758,3.114504,3.534351,-0.541985,1.052927,4.74189,5962,9658,3696,5962,0,96.0,6,normal
1780595648.4241982,56.64613680000184,56800,0.058838,-0.004395,1.04834,0.80916,2.381679,-1.351145,1.049999,2.855298,5966,9664,3698,5966,0,96.0,1,normal
1780595648.4548786,56.676817100000335,56831,0.053955,-0.036865,1.050537,1.954198,2.648855,-0.656489,1.052568,3.356531,5968,9668,3700,5968,0,96.0,1,normal
1780595648.4869196,56.70885819999967,56862,0.050049,-0.031006,1.05957,2.038168,3.122137,-0.435114,1.061205,3.753824,5972,9674,3702,5972,0,108.303,6,normal
1780595648.518206,56.740144399998826,56893,0.068359,-0.012451,1.05835,0.801527,3.465649,-1.007634,1.060628,3.697092,5976,9680,3704,5976,0,108.303,0,normal
1780595648.547862,56.769800599999144,56924,0.066162,-0.04248,1.062256,2.328244,2.832061,-0.358779,1.065162,3.68375,5978,9685,3707,5978,1,108.303,14,normal
1780595648.57974,56.80167869999423,56955,0.055908,-0.024902,1.056641,1.91603,2.641221,-0.503817,1.058412,3.301674,5982,9691,3709,5982,0,108.303,3,normal
1780595648.611394,56.833332499998505,56987,0.031738,-0.034424,1.060059,0.969466,2.679389,-1.114504,1.061092,3.059593,5985,9696,3711,5985,0,108.303,0,normal
1780595648.641255,56.863193500001216,57018,0.038574,-0.048096,1.041748,2.59542,2.78626,-0.21374,1.043571,3.813808,5987,9701,3714,5987,1,108.303,14,normal
1780595648.6715393,56.89347789999738,57048,0.038574,0.001709,1.050293,1.167939,2.671756,-0.801527,1.051002,3.024038,5993,9708,3715,5993,0,108.303,1,normal
1780595648.7022374,56.92417589999968,57079,0.042725,-0.050049,1.053467,0.870229,2.778626,-0.969466,1.05552,3.068864,5995,9712,3717,5995,0,108.303,0,normal
1780595648.7333257,56.955264400006854,57109,0.063232,-0.041504,1.05249,2.526718,3.137405,-0.022901,1.055204,4.028416,5997,9717,3720,5997,1,108.303,14,normal
1780595648.7633176,56.98525620000146,57140,0.049561,-0.004883,1.037354,1.564886,2.641221,-0.625954,1.038548,3.133167,6002,9724,3722,6002,0,107.914,0,normal
1780595648.795642,57.01758040000277,57171,0.03418,-0.046143,1.053223,1.587786,2.80916,-0.740458,1.054787,3.310698,6004,9728,3724,6004,0,107.914,0,normal
1780595648.8257184,57.0476570000028,57202,0.059326,-0.011963,1.05835,3.244275,3.480916,-0.290076,1.060078,4.767205,6008,9734,3726,6008,0,107.914,5,normal
1780595648.8573577,57.07929629999853,57233,0.046143,-0.015869,1.051758,0.664122,2.709924,-1.282443,1.052889,3.070734,6012,9740,3728,6012,0,107.914,0,normal
1780595648.8872333,57.10917179999524,57264,0.031494,-0.031738,1.052002,1.847328,2.59542,-1.022901,1.052952,3.345916,6014,9744,3730,6014,0,107.914,0,normal
1780595648.918353,57.140291799994884,57294,0.052002,-0.012695,1.05835,2.854962,3.854962,-0.832061,1.059702,4.868662,6018,9750,3732,6018,0,107.914,5,normal
1780595648.9497602,57.171698899997864,57325,0.044189,-0.011475,1.054443,0.664122,3.51145,-1.114504,1.055431,3.743456,6021,9754,3733,6021,0,107.914,6,normal
1780595648.981916,57.20385449999594,57357,0.047607,-0.041992,1.047607,2.030534,2.977099,-0.541985,1.049529,3.644165,6023,9759,3736,6023,1,107.914,14,normal
1780595649.0122833,57.234221999999136,57388,0.038574,-0.013916,1.058594,1.839695,2.526718,-0.770992,1.059388,3.219194,6028,9766,3738,6028,0,107.914,1,normal
1780595649.0435908,57.26552939999965,57420,0.053223,-0.038818,1.058106,1.305344,2.473282,-0.610687,1.060154,2.862514,6030,9770,3740,6030,0,100.0,0,normal
1780595649.07543,57.29736860000412,57451,0.049072,-0.007324,1.054932,2.801527,2.908397,-0.389313,1.056098,4.056956,6032,9775,3743,6032,1,100.0,14,normal
1780595649.1057885,57.32772699999623,57482,0.04126,0.005127,1.043701,0.977099,2.625954,-0.885496,1.044529,2.938445,6037,9782,3745,6037,0,100.0,0,normal
1780595649.1359007,57.357839400006924,57512,0.038086,-0.049072,1.053955,1.290076,2.282443,-0.732824,1.055784,2.722292,6039,9786,3747,6039,0,100.0,0,normal
1780595649.1668856,57.388824199995724,57543,0.046875,-0.003906,1.05249,2.961832,3.458015,-0.656489,1.053541,4.600141,6042,9791,3749,6042,1,100.0,14,normal
1780595649.1980278,57.4199665000051,57574,0.051025,-0.017822,1.052246,0.534351,2.580153,-1.435114,1.053633,3.000379,6045,9796,3751,6045,0,100.0,1,normal
1780595649.2300904,57.45202890000655,57605,0.041992,-0.028564,1.055176,1.938931,2.870229,-0.961832,1.056397,3.594828,6047,9800,3753,6047,0,100.0,0,normal
1780595649.26048,57.482418500003405,57636,0.049561,-0.03418,1.05542,2.274809,3.480916,-0.274809,1.057136,4.16738,6051,9806,3755,6051,0,100.0,6,normal
1780595649.2905498,57.51248839999607,57667,0.049316,-0.016846,1.046631,1.099237,3.519084,-0.954198,1.047928,3.80825,6055,9812,3757,6055,0,100.0,1,normal
1780595649.3200808,57.54201930000272,57697,0.045898,-0.042725,1.053223,2.114504,3.0,-0.389313,1.055088,3.690893,6057,9816,3759,6057,0,97.473,0,normal
1780595649.3527107,57.57464930000424,57728,0.031982,-0.025146,1.064697,1.854962,2.679389,-0.870229,1.065474,3.373027,6060,9822,3762,6060,0,97.473,5,normal
1780595649.385238,57.60717649999424,57760,0.052979,-0.01123,1.068359,0.900763,3.832061,-0.854962,1.069731,4.028278,6064,9828,3764,6064,0,97.473,1,normal
1780595649.4149847,57.63692319999973,57791,0.01709,-0.04248,1.040527,1.954198,2.916031,-0.389313,1.041534,3.531811,6066,9833,3767,6066,1,97.473,14,normal
1780595649.447338,57.669276600005105,57822,0.052002,-0.013916,1.056641,1.374046,2.847328,-0.343511,1.058011,3.180138,6070,9838,3768,6070,0,97.473,5,normal
1780595649.47806,57.69999870000174,57854,0.045654,-0.059082,1.062012,1.48855,2.694656,-0.763359,1.064633,3.171698,6072,9842,3770,6072,0,97.473,1,normal
1780595649.509574,57.73151250000228,57885,0.041016,-0.016357,1.056641,2.732824,3.21374,-0.305344,1.057563,4.22962,6076,9848,3772,6076,0,97.473,6,normal
1780595649.539788,57.761726600001566,57916,0.058594,-0.007568,1.046875,0.412214,2.923664,-1.351145,1.048541,3.247049,6080,9854,3774,6080,0,97.473,0,normal
1780595649.5702744,57.792212900007144,57946,0.054199,-0.035889,1.057861,1.847328,2.961832,-1.053435,1.059857,3.646203,6082,9858,3776,6082,0,97.473,1,normal
1780595649.602818,57.82475670000713,57977,0.063232,-0.018799,1.064941,2.641221,3.389313,-0.40458,1.066983,4.315922,6086,9864,3778,6086,0,103.571,6,normal
1780595649.6326993,57.85463780000282,58008,0.052246,-0.019531,1.046631,0.572519,3.10687,-1.10687,1.048116,3.347474,6090,9870,3780,6090,0,103.571,0,normal
1780595649.6638093,57.88574779999908,58039,0.063965,-0.033936,1.053467,2.480916,3.145038,-0.48855,1.055952,4.035454,6092,9875,3783,6092,1,103.571,14,normal
1780595649.6942115,57.916150100005325,58070,0.042725,-0.026367,1.058594,1.709924,2.603053,-0.48855,1.059784,3.152524,6096,9880,3784,6096,0,103.571,6,normal
1780595649.7259421,57.94788069999777,58101,0.05835,-0.010986,1.069092,1.175572,3.793893,-0.900763,1.070739,4.07271,6100,9886,3786,6100,0,103.571,0,normal
1780595649.756312,57.97825040000316,58132,0.025635,-0.039307,1.04541,1.847328,2.732824,-0.48855,1.046463,3.334611,6102,9891,3789,6102,1,103.571,14,normal
1780595649.7882848,58.01022349999403,58163,0.031738,-0.004883,1.050049,0.862595,2.564885,-1.030534,1.05054,2.895636,6107,9898,3791,6107,0,103.571,0,normal
1780595649.8182716,58.040210200008005,58194,0.039062,-0.046875,1.05542,0.78626,2.526718,-1.099237,1.057182,2.865454,6109,9902,3793,6109,0,103.571,0,normal
1780595649.8503182,58.0722567000048,58225,0.057373,-0.022217,1.040283,2.748092,3.183206,-0.648855,1.042101,4.255094,6112,9907,3795,6112,1,103.571,14,normal
1780595649.88051,58.102448699995875,58256,0.050049,0.016602,1.04834,0.870229,2.648855,-0.755725,1.049665,2.888746,6117,9914,3797,6117,0,111.111,0,normal
1780595649.9112961,58.13323479999963,58287,0.049561,-0.040039,1.055908,1.427481,2.816794,-0.679389,1.057829,3.230108,6119,9918,3799,6119,0,111.111,0,normal
1780595649.9434245,58.16536310000811,58318,0.057129,-0.017822,1.062256,2.847328,3.045802,-0.732824,1.06394,4.233346,6123,9924,3801,6123,0,111.111,5,normal
1780595649.973323,58.195261600005324,58349,0.04248,-0.018066,1.053467,0.534351,3.519084,-1.076336,1.054478,3.7186,6127,9930,3803,6127,0,111.111,0,normal
1780595650.004539,58.226477600008366,58380,0.045898,-0.040283,1.062012,2.244275,2.847328,-0.824427,1.063766,3.718027,6129,9934,3805,6129,0,111.111,0,normal
1780595650.0346675,58.256606099996134,58411,0.058838,-0.023438,1.060547,2.015267,2.70229,-0.671756,1.062436,3.437285,6134,9940,3806,6134,0,111.111,5,normal
1780595650.0667017,58.28864020000037,58442,0.060059,0.00415,1.067871,0.793893,3.618321,-0.938931,1.069567,3.821532,6138,9946,3808,6138,0,111.111,1,normal
1780595650.0978513,58.31978990000789,58473,0.040039,-0.043945,1.049072,2.183206,3.038168,-0.48855,1.050755,3.773001,6140,9951,3811,6140,1,111.111,15,normal
1780595650.1285841,58.35052269999869,58504,0.045898,-0.002441,1.057129,0.954198,2.320611,-0.748092,1.058128,2.618276,6143,9956,3813,6143,0,111.111,0,normal
1780595650.1587467,58.38068529999873,58535,0.040039,-0.050537,1.05249,0.908397,2.480916,-0.717557,1.054463,2.737703,6145,9960,3815,6145,0,100.358,1,normal
1780595650.1900673,58.412005999998655,58566,0.061279,-0.037598,1.052978,2.923664,3.0,-0.160305,1.05543,4.192077,6147,9965,3818,6147,1,100.358,14,normal
1780595650.2223523,58.44429090000631,58596,0.024658,-0.013916,1.052734,1.351145,2.603053,-0.267176,1.053115,2.944972,6152,9972,3820,6152,0,100.358,0,normal
1780595650.2511253,58.47306390000449,58627,0.026855,-0.03833,1.056641,0.916031,2.709924,-0.725191,1.057677,2.951051,6154,9976,3822,6154,0,100.358,1,normal
1780595650.2821066,58.504045199995744,58658,0.0354,0.0,1.055908,3.053435,3.389313,-0.335878,1.056501,4.574246,6157,9981,3824,6157,1,100.358,14,normal
1780595650.3126826,58.5346212000004,58689,0.0354,0.002441,1.043457,0.442748,2.740458,-0.854962,1.04406,2.904668,6162,9988,3826,6162,0,100.358,0,normal
1780595650.3453453,58.56728380000277,58720,0.031982,-0.038574,1.067139,1.961832,2.717557,-1.061069,1.068314,3.515646,6164,9992,3828,6164,0,100.358,1,normal
1780595650.3749473,58.59688599999936,58751,0.036133,-0.038086,1.055664,2.29771,3.251908,-0.305344,1.056969,3.993446,6168,9998,3830,6168,0,100.358,6,normal
1780595650.4065013,58.62843989999965,58782,0.049561,-0.011475,1.048584,0.603053,3.259542,-1.21374,1.049817,3.530078,6172,10004,3832,6172,0,100.358,0,normal
1780595650.4365075,58.65844600000128,58813,0.047607,-0.044189,1.052978,2.587786,3.0,-0.557252,1.05498,4.000896,6174,10009,3835,6174,1,104.317,14,normal
1780595650.4674816,58.689420199996675,58843,0.046387,-0.034424,1.059082,2.152672,2.671756,-0.51145,1.060656,3.468985,6178,10014,3836,6178,0,104.317,6,normal
1780595650.4979398,58.719878400006564,58874,0.044922,0.000244,1.063965,0.862595,3.541985,-1.08397,1.064913,3.803251,6182,10020,3838,6182,0,104.317,0,normal
1780595650.5303674,58.75230609999562,58905,0.050781,-0.045654,1.061768,2.503817,2.526718,-0.427481,1.063961,3.582756,6184,10025,3841,6184,1,104.317,14,normal
1780595650.560158,58.78209670000069,58936,0.035645,-0.020752,1.054932,1.633588,2.412214,-0.748092,1.055738,3.007828,6189,10032,3843,6189,0,104.317,1,normal
1780595650.592609,58.814547600006335,58968,0.031982,-0.044189,1.055176,0.961832,2.839695,-0.717557,1.056585,3.082836,6191,10036,3845,6191,0,104.317,0,normal
1780595650.622948,58.844886599996244,58999,0.046387,-0.002197,1.052734,3.022901,3.312977,-0.29771,1.053758,4.494706,6193,10039,3846,6193,1,104.317,17,normal
1780595650.6549232,58.8768618000031,59030,0.042969,0.010742,1.045654,0.801527,2.862595,-0.641221,1.046592,3.041062,6198,10046,3848,6198,0,104.317,0,normal
1780595650.6864934,58.90843199999654,59061,0.038574,-0.050293,1.061768,1.694656,2.526718,-1.022901,1.063658,3.209749,6200,10050,3850,6200,0,104.317,0,normal
1780595650.7170963,58.9390349000023,59092,0.041748,-0.012207,1.050781,2.854962,2.938931,-0.419847,1.051681,4.118786,6204,10056,3852,6204,0,107.527,5,normal
1780595650.7485235,58.97046209999826,59123,0.036377,-0.02002,1.044189,0.78626,3.19084,-1.312977,1.045015,3.538866,6208,10062,3854,6208,0,107.527,0,normal
1780595650.7793565,59.00129509999533,59155,0.070312,-0.042725,1.047363,2.083969,2.480916,-0.099237,1.05059,3.241562,6209,10065,3856,6209,1,107.527,17,normal
1780595650.8108132,59.03275179999764,59186,0.050049,-0.019043,1.054199,1.51145,2.793893,-0.587786,1.055558,3.230451,6214,10072,3858,6214,0,107.527,0,normal
1780595650.8429732,59.06491180000012,59218,0.053955,-0.025635,1.049316,0.824427,2.450382,-0.89313,1.051015,2.735276,6216,10076,3860,6216,0,107.527,0,normal
1780595650.8734481,59.0953867000062,59249,0.04541,-0.020264,1.044922,2.946565,3.0,-0.564886,1.046104,4.242799,6219,10081,3862,6219,1,107.527,14,normal
1780595650.9044023,59.12634079999407,59280,0.036865,0.00708,1.038818,0.877863,2.763359,-0.763359,1.039496,2.998252,6224,10088,3864,6224,0,107.527,0,normal
1780595650.936697,59.158635600004345,59311,0.030762,-0.055908,1.051758,1.969466,2.259542,-0.709924,1.053692,3.080311,6226,10092,3866,6226,0,107.527,0,normal
1780595650.9661858,59.188124499996775,59342,0.044189,-0.02417,1.060791,2.419847,3.229008,-0.564886,1.061986,4.074463,6230,10098,3868,6230,0,104.0,5,normal
1780595650.9959934,59.217931999999564,59373,0.029541,-0.027344,1.049316,0.290076,3.648855,-1.175572,1.050088,3.84451,6234,10104,3870,6234,0,104.0,0,normal
1780595651.043226,59.26516470000206,59404,0.045166,-0.042236,1.064697,2.427481,2.908397,-0.824427,1.066492,3.876998,6236,10108,3872,6236,0,104.0,0,normal
1780595651.0601945,59.282133100001374,59435,0.030273,-0.026123,1.052978,1.908397,2.969466,-0.717557,1.053737,3.602026,6241,10114,3873,6241,0,104.0,5,normal
1780595651.0907624,59.31270110000332,59466,0.037598,-0.012695,1.071777,1.137405,3.068702,-0.954198,1.072512,3.408976,6245,10120,3875,6245,0,104.0,0,normal
1780595651.1229365,59.34487519999675,59497,0.022949,-0.049561,1.036865,2.290076,3.053435,-0.198473,1.038303,3.821951,6247,10125,3878,6247,1,104.0,14,normal
1780595651.1530857,59.37502439999662,59528,0.01709,0.002441,1.045898,0.908397,2.412214,-0.80916,1.046041,2.701611,6253,10132,3879,6253,0,104.0,1,normal
1780595651.1837814,59.4057199999952,59559,0.040527,-0.030273,1.054932,0.862595,2.870229,-0.755725,1.056144,3.090858,6255,10136,3881,6255,0,104.0,0,normal
1780595651.2145336,59.436472200002754,59590,0.043701,-0.015137,1.044189,2.80916,2.854962,-0.519084,1.045213,4.038767,6258,10141,3883,6258,1,104.0,14,normal
1780595651.2450714,59.46701010000834,59621,0.052002,0.002197,1.042725,1.038168,3.083969,-0.625954,1.044023,3.31368,6263,10148,3885,6263,0,118.28,1,normal
1780595651.2767599,59.49869839999883,59652,0.02832,-0.052734,1.055664,1.801527,2.709924,-0.854962,1.05736,3.364542,6264,10150,3886,6264,0,118.28,5,normal
1780595651.3078172,59.52975580000202,59683,0.058105,-0.026367,1.055908,2.664122,3.59542,-0.534351,1.057834,4.506675,6268,10156,3888,6268,0,118.28,5,normal
1780595651.3370063,59.55894489999628,59714,0.04541,-0.025635,1.052002,0.572519,2.70229,-1.061069,1.053294,2.959057,6272,10162,3890,6272,0,118.28,1,normal
1780595651.3683155,59.590254099995946,59744,0.04248,-0.029541,1.062256,1.740458,3.21374,-0.900763,1.063515,3.764133,6274,10166,3892,6274,0,118.28,0,normal
1780595651.4002273,59.622166000001016,59775,0.034668,-0.030518,1.054443,2.175573,3.274809,-0.732824,1.055454,3.999315,6277,10172,3895,6277,0,118.28,6,normal
1780595651.430276,59.65221450000536,59807,0.042969,0.008301,1.058106,1.022901,3.427481,-0.839695,1.05901,3.674104,6281,10178,3897,6281,0,118.28,1,normal
1780595651.4626908,59.68462939999881,59838,0.032227,-0.050049,1.044189,2.099237,2.938931,-0.503817,1.045885,3.646634,6283,10183,3900,6283,1,118.28,15,normal
1780595651.4937065,59.71564510000462,59870,0.053467,-0.008057,1.048096,1.175572,2.496183,-0.694656,1.04949,2.84525,6287,10188,3901,6287,0,118.28,5,normal
1780595651.5253682,59.74730689999706,59901,0.046875,-0.055664,1.057861,1.206107,2.259542,-0.89313,1.060361,2.712546,6289,10192,3903,6289,0,92.857,1,normal
1780595651.55681,59.7787485000008,59932,0.059814,-0.025391,1.053223,2.770992,2.969466,-0.51145,1.055225,4.093618,6292,10197,3905,6292,1,92.857,14,normal
1780595651.5875854,59.80952409999736,59963,0.04834,-0.010742,1.039062,0.526718,2.984733,-0.908397,1.040242,3.164055,6297,10204,3907,6297,0,92.857,0,normal
1780595651.6188862,59.84082490000583,59994,0.048584,-0.043457,1.061523,1.847328,2.465649,-1.076336,1.063523,3.263517,6299,10208,3909,6299,0,92.857,0,normal
1780595651.650993,59.872931599995354,60025,0.057617,-0.021973,1.05542,2.603053,3.007634,-0.671756,1.05722,4.033981,6303,10214,3911,6303,0,92.857,5,normal
1780595651.6801355,59.90207419999933,60056,0.057373,-0.009277,1.067627,0.48855,3.167939,-1.122137,1.069208,3.396132,6307,10220,3913,6307,0,92.857,0,normal
1780595651.7120402,59.933978700006264,60087,0.049072,-0.038086,1.05249,2.21374,2.916031,-0.625954,1.054322,3.714256,6309,10224,3915,6309,1,92.857,0,normal
1780595651.7426708,59.96460940000543,60118,0.05127,-0.027344,1.04834,2.129771,3.099237,-0.885496,1.049949,3.863327,6314,10230,3916,6314,0,92.857,6,normal
1780595651.773661,59.99559950000548,60149,0.054932,0.008789,1.053955,1.198473,3.320611,-1.267176,1.055422,3.750804,6317,10234,3917,6317,0,92.857,6,normal
1780595651.8051333,60.02707189999637,60180,0.032715,-0.046875,1.052978,2.305344,2.946565,-0.419847,1.054529,3.764721,6319,10239,3920,6319,1,107.527,14,normal
1780595651.8354466,60.057385299995076,60212,0.042969,0.001465,1.045166,1.19084,2.48855,-0.51145,1.04605,2.805808,6324,10246,3922,6324,0,107.527,0,normal
1780595651.867088,60.08902660000604,60242,0.046875,-0.054199,1.056152,0.862595,2.48855,-0.763359,1.05858,2.742201,6326,10250,3924,6326,0,107.527,0,normal
1780595651.8970916,60.11903030000394,60273,0.065186,-0.042725,1.062256,2.885496,3.19084,-0.740458,1.065111,4.365298,6329,10255,3926,6329,1,107.527,14,normal
1780595651.9283557,60.15029429999413,60304,0.051758,-0.01001,1.048096,0.465649,3.0,-0.847328,1.049421,3.151951,6333,10260,3927,6333,0,107.527,5,normal
1780595651.958464,60.180402400001185,60334,0.02832,-0.049316,1.057373,1.343511,2.564885,-0.931298,1.058901,3.041542,6335,10264,3929,6335,0,107.527,0,normal
1780595651.990641,60.21257980000519,60365,0.038818,-0.012695,1.045898,2.89313,3.503817,-0.435114,1.046696,4.564675,6338,10269,3931,6338,1,107.527,14,normal
1780595652.0208764,60.24281510000583,60397,0.043701,-0.009277,1.043701,0.259542,3.427481,-0.877863,1.044657,3.547623,6343,10276,3933,6343,0,107.527,1,normal
1780595652.0538394,60.27577809999639,60428,0.055908,-0.042236,1.061768,2.48855,2.763359,-0.755725,1.064077,3.794753,6345,10280,3935,6345,1,107.527,0,normal
1780595652.085122,60.307060799998,60460,0.025879,-0.01709,1.050537,1.832061,2.564885,-0.709924,1.050995,3.230956,6350,10288,3938,6350,0,110.714,1,normal
1780595652.1165698,60.338508400003775,60492,0.04834,-0.0271,1.062744,0.938931,2.839695,-1.183206,1.064188,3.216432,6352,10292,3940,6352,0,110.714,1,normal
1780595652.147477,60.36941549999756,60523,0.054688,-0.058594,1.047363,2.870229,3.045802,-0.656489,1.050426,4.236284,6354,10297,3943,6354,1,110.714,14,normal
1780595652.1788886,60.40082720000646,60554,0.054932,0.012695,1.053955,0.954198,2.78626,-1.007634,1.055462,3.112726,6357,10302,3945,6357,0,110.714,0,normal
1780595652.2094002,60.43133890000172,60585,0.052979,-0.05249,1.047852,1.381679,2.725191,-0.480916,1.050502,3.093054,6359,10306,3947,6359,0,110.714,1,normal
1780595652.2415066,60.46344510000199,60616,0.047852,-0.008301,1.053467,2.870229,3.870229,-0.740458,1.054586,4.874953,6363,10312,3949,6363,0,110.714,6,normal
1780595652.2708135,60.49275210000633,60647,0.042725,-0.009277,1.046143,0.564886,3.274809,-1.267176,1.047056,3.556572,6367,10318,3951,6367,0,110.714,0,normal
1780595652.302236,60.524174599995604,60678,0.061279,-0.050537,1.049805,2.053435,3.244275,-0.633588,1.052805,3.891446,6369,10322,3953,6369,0,110.714,1,normal
1780595652.3341033,60.55604189999576,60709,0.044922,-0.026611,1.061035,2.114504,2.549618,-0.473282,1.062319,3.345994,6374,10328,3954,6374,0,110.714,6,normal
1780595652.3644643,60.58640280000691,60740,0.062988,0.004395,1.060547,0.885496,3.656489,-1.244275,1.062425,3.962604,6378,10334,3956,6378,0,100.0,0,normal
1780595652.3960335,60.617972100008046,60771,0.056152,-0.031982,1.05835,2.259542,2.282443,-0.465649,1.060321,3.24529,6380,10339,3959,6380,1,100.0,14,normal
1780595652.4258366,60.647775200006436,60802,0.043701,-0.009766,1.047607,1.732824,2.358779,-0.229008,1.048564,2.935807,6384,10344,3960,6384,0,100.0,5,normal
1780595652.4552367,60.67717530000664,60832,0.027588,-0.006836,1.056885,0.954198,3.396947,-1.175572,1.057267,3.719101,6386,10348,3962,6386,0,100.0,0,normal
1780595652.4881613,60.71009989999584,60863,0.023438,-0.048828,1.033936,2.083969,2.977099,-0.572519,1.035353,3.678835,6388,10353,3965,6388,1,100.0,14,normal
1780595652.5177011,60.73963979999826,60894,0.022217,-0.000488,1.051025,0.961832,2.633588,-0.801527,1.05126,2.916051,6393,10360,3967,6393,0,100.0,0,normal
1780595652.5489006,60.770839100005105,60925,0.036865,-0.047607,1.052246,0.732824,2.877863,-0.885496,1.053968,3.098908,6395,10364,3969,6395,0,100.0,0,normal
1780595652.5794163,60.80135490000248,60956,0.040527,-0.018799,1.043945,3.0,3.358779,-0.740458,1.044901,4.563954,6398,10369,3971,6398,1,100.0,14,normal
1780595652.609771,60.83170969999628,60986,0.059814,-0.017578,1.060059,1.29771,2.51145,-0.763359,1.06189,2.928165,6403,10376,3973,6403,0,100.0,1,normal
1780595652.6391673,60.86110589999589,61016,0.032715,-0.03418,1.049072,0.503817,2.70229,-1.267176,1.050139,3.026869,6405,10380,3975,6405,0,97.826,0,normal
1780595652.6708553,60.89279399999941,61047,0.053467,-0.013916,1.043945,2.694656,3.59542,-0.442748,1.045406,4.514891,6407,10385,3978,6407,1,97.826,14,normal
1780595652.7013812,60.92331969999941,61078,0.043701,0.00708,1.052246,0.572519,2.740458,-0.847328,1.053177,2.925039,6412,10392,3980,6412,0,97.826,1,normal
1780595652.732145,60.954083799995715,61109,0.026367,-0.055176,1.060791,1.381679,2.70229,-0.572519,1.062552,3.088558,6414,10396,3982,6414,0,97.826,0,normal
1780595652.764861,60.98679969999648,61140,0.060303,-0.018799,1.05542,2.641221,3.160305,-0.694656,1.057308,4.176856,6418,10402,3984,6418,0,97.826,5,normal
1780595652.795609,61.01754749999964,61171,0.046143,-0.028076,1.052978,0.312977,3.748092,-1.10687,1.054363,3.920626,6422,10408,3986,6422,0,97.826,1,normal
1780595652.826574,61.048512699999264,61202,0.028076,-0.046387,1.05957,2.274809,2.732824,-0.503817,1.060957,3.591228,6423,10410,3987,6423,0,97.826,5,normal
1780595652.8573885,61.079326999999466,61233,0.048096,-0.037842,1.052734,1.793893,2.709924,-0.526718,1.054512,3.29229,6428,10416,3988,6428,0,97.826,5,normal
1780595652.8894691,61.11140769999474,61265,0.028809,-0.02002,1.061279,1.160305,3.183206,-1.244275,1.061859,3.609339,6432,10422,3990,6432,0,97.826,1,normal
1780595652.920998,61.14293669999461,61296,0.039062,-0.044922,1.047363,2.183206,2.458015,-0.427481,1.049054,3.315263,6434,10427,3993,6434,1,103.571,14,normal
1780595652.9519632,61.173901800008025,61327,0.047119,-0.015137,1.046631,1.091603,2.290076,-0.679389,1.0478,2.626331,6439,10434,3995,6439,0,103.571,0,normal
1780595652.9826248,61.204563299994334,61359,0.025146,-0.044678,1.062744,0.816794,2.412214,-0.70229,1.06398,2.641806,6441,10438,3997,6441,0,103.571,1,normal
1780595653.0144024,61.236341099996935,61390,0.04126,-0.011963,1.050781,3.267176,3.160305,-0.290076,1.051659,4.55479,6445,10444,3999,6445,0,103.571,6,normal
1780595653.0451655,61.267104099999415,61421,0.03418,-0.004883,1.042969,0.396947,2.580153,-1.572519,1.04354,3.047552,6449,10450,4001,6449,0,103.571,0,normal
1780595653.0771368,61.29907540000568,61452,0.033936,-0.032959,1.052978,1.824428,3.541985,-0.244275,1.054041,3.991724,6451,10454,4003,6451,0,103.571,1,normal
1780595653.1093998,61.33133830000588,61484,0.04834,-0.02002,1.054199,1.877863,2.89313,-0.610687,1.055497,3.502786,6454,10459,4005,6454,0,103.571,3,normal
1780595653.139833,61.36177160000079,61516,0.049805,-0.009033,1.060547,0.877863,2.755725,-1.328244,1.061754,3.182593,6457,10464,4007,6457,0,103.571,0,normal
1780595653.1781533,61.4000917999947,61553,0.051025,-0.053467,1.040039,2.236641,3.137405,-0.503817,1.042662,3.885834,6461,10472,4011,6461,0,105.058,1,normal
1780595653.2091916,61.431130199998734,61585,0.048828,-0.05127,1.054688,0.557252,2.725191,-0.885496,1.057061,2.919126,6463,10476,4013,6463,0,105.058,0,normal
1780595653.2409103,61.462848800001666,61616,0.045166,-0.005859,1.056396,2.671756,3.083969,-0.221374,1.057378,4.086338,6466,10481,4015,6466,1,105.058,14,normal
1780595653.270539,61.492477699997835,61647,0.059814,-0.009521,1.051025,0.587786,2.977099,-0.610687,1.052769,3.095408,6471,10488,4017,6471,0,105.058,1,normal
1780595653.302253,61.524191699994844,61678,0.043701,-0.055176,1.058838,1.374046,2.564885,-0.564886,1.061175,2.964074,6473,10492,4019,6473,0,105.058,0,normal
1780595653.3342664,61.556205100001534,61710,0.04541,-0.02417,1.063965,2.320611,3.221374,-0.633588,1.065208,4.020438,6477,10498,4021,6477,0,105.058,6,normal
1780595653.3654737,61.58741239999654,61742,0.040283,0.012451,1.054688,0.839695,3.664122,-1.10687,1.05553,3.918678,6481,10504,4023,6481,0,105.058,1,normal
1780595653.3975482,61.61948690000281,61773,0.035645,-0.04126,1.043945,2.267176,2.580153,-0.503817,1.045368,3.47147,6483,10509,4026,6483,1,105.058,15,normal
1780595653.4293182,61.65125690000423,61804,0.038818,-0.006104,1.053467,1.473282,2.503817,-0.687023,1.054199,2.98524,6489,10516,4027,6489,0,111.554,0,normal
1780595653.4601772,61.68211569999403,61835,0.043701,-0.020996,1.071533,0.977099,3.015267,-0.946565,1.072629,3.307952,6491,10520,4029,6491,0,111.554,1,normal
1780595653.4905796,61.712518200001796,61866,0.052246,-0.054199,1.058594,3.015267,2.633588,-0.068702,1.061267,4.004041,6493,10525,4032,6493,1,111.554,14,normal
1780595653.5225413,61.74447999999393,61898,0.040039,-0.013428,1.054688,0.312977,2.534351,-0.824427,1.055533,2.683388,6498,10532,4034,6498,0,111.554,0,normal
1780595653.5533426,61.775281299997005,61929,0.035645,-0.034912,1.057861,2.030534,2.954198,-1.167939,1.059037,3.770204,6500,10536,4036,6500,0,111.554,1,normal
1780595653.5835054,61.805443999997806,61960,0.057129,-0.015869,1.060303,2.618321,3.122137,-0.770992,1.061959,4.14702,6504,10542,4038,6504,0,111.554,6,normal
1780595653.6146069,61.83654540000134,61991,0.043701,-0.007813,1.051514,0.541985,3.412214,-1.236641,1.05245,3.669636,6506,10546,4040,6506,0,111.554,0,normal
1780595653.6461346,61.86807320000662,62022,0.050537,-0.03833,1.054443,2.267176,2.824427,-0.259542,1.056349,3.631093,6508,10551,4043,6508,1,111.554,14,normal
1780595653.677107,61.899045700003626,62053,0.037354,-0.026123,1.054688,1.908397,2.381679,-0.549618,1.055672,3.101041,6512,10556,4044,6512,0,111.554,5,normal
1780595653.708216,61.93015460000606,62084,0.057373,-0.007568,1.06958,0.954198,3.312977,-0.984733,1.071144,3.585528,6516,10562,4046,6516,0,96.429,0,normal
1780595653.7394555,61.96139409999887,62115,0.043213,-0.044189,1.048096,2.290076,2.503817,-0.244275,1.049916,3.401943,6518,10567,4049,6518,1,96.429,14,normal
1780595653.7702549,61.99219350000203,62146,0.027344,-0.009033,1.046387,1.21374,2.587786,-0.625954,1.046783,2.926025,6521,10572,4051,6521,0,96.429,0,normal
1780595653.8002758,62.02221429999918,62177,0.025635,-0.044922,1.056396,0.709924,2.656489,-1.137405,1.057662,2.97567,6523,10576,4053,6523,0,96.429,0,normal
1780595653.832338,62.05427680000139,62208,0.061768,-0.030762,1.057129,2.992366,3.305344,-0.48855,1.059379,4.485336,6525,10581,4056,6525,1,96.429,14,normal
1780595653.862481,62.08441969999694,62239,0.050049,0.00708,1.046875,0.618321,2.755725,-1.244275,1.048095,3.086189,6530,10588,4058,6530,0,96.429,0,normal
1780595653.893932,62.115870800000266,62270,0.026123,-0.038574,1.060303,1.78626,2.549618,-0.969466,1.061326,3.260543,6532,10592,4060,6532,0,96.429,0,normal
1780595653.9255872,62.14752589999989,62301,0.053467,-0.019287,1.056396,2.770992,3.114504,-0.725191,1.057924,4.231364,6536,10598,4062,6536,0,96.429,5,normal
1780595653.955722,62.177660600005765,62332,0.037598,-0.00708,1.048096,0.183206,3.312977,-1.183206,1.048794,3.522692,6540,10604,4064,6540,0,96.429,0,normal
1780595653.9990382,62.220976900003734,62363,0.04126,-0.048096,1.050293,2.328244,3.305344,-0.29771,1.052203,4.053967,6541,10607,4066,6541,1,89.606,17,normal
1780595654.0193784,62.24131710000802,62395,0.04126,-0.013672,1.056641,1.961832,2.603053,-0.389313,1.057534,3.282718,6546,10614,4068,6546,0,89.606,1,normal
1780595654.0500104,62.27194900000177,62427,0.041016,-0.043945,1.054443,0.694656,2.740458,-1.0,1.056155,2.998776,6548,10618,4070,6548,0,89.606,0,normal
1780595654.082126,62.30406439999933,62457,0.031738,-0.042969,1.050049,2.122137,3.10687,-0.572519,1.051407,3.80577,6550,10623,4073,6550,1,89.606,14,normal
1780595654.112443,62.33438159999787,62488,0.047607,-0.01123,1.045898,1.206107,2.572519,-0.541985,1.047042,2.892455,6555,10630,4075,6555,0,89.606,1,normal
1780595654.143464,62.36540260000038,62519,0.042725,-0.056885,1.061035,1.183206,2.267176,-0.671756,1.063418,2.64411,6557,10634,4077,6557,0,89.606,0,normal
1780595654.1735914,62.395529900008114,62550,0.044678,-0.01001,1.042725,2.793893,3.59542,-0.381679,1.043729,4.569307,6560,10639,4079,6560,1,89.606,14,normal
1780595654.2037342,62.425672700002906,62581,0.043701,-0.006836,1.040772,0.465649,2.732824,-1.08397,1.041711,2.9766,6565,10646,4081,6565,0,89.606,1,normal
1780595654.2357857,62.45772429999488,62611,0.031982,-0.040039,1.052978,1.91603,2.519084,-0.709924,1.054225,3.243601,6567,10650,4083,6567,0,89.606,0,normal
1780595654.2670057,62.48894440000004,62642,0.047119,-0.014648,1.052734,2.908397,3.343511,-0.358779,1.05389,4.44596,6570,10654,4084,6570,0,103.943,6,normal
1780595654.2974217,62.519360399994184,62673,0.034668,-0.011719,1.047363,0.374046,3.183206,-0.992366,1.048002,3.35522,6574,10660,4086,6574,0,103.943,1,normal
1780595654.3290882,62.551026800007094,62704,0.046631,-0.040527,1.049805,2.320611,3.389313,-0.534351,1.051621,4.142247,6576,10664,4088,6576,0,103.943,0,normal
1780595654.3616178,62.58355650000158,62736,0.044678,-0.02417,1.049316,1.770992,2.21374,-0.80916,1.050545,2.948186,6581,10672,4091,6581,0,103.943,0,normal
1780595654.3930552,62.614993900002446,62768,0.043701,-0.04541,1.061279,0.519084,2.396947,-0.923664,1.063149,2.620679,6583,10676,4093,6583,0,103.943,1,normal
1780595654.423757,62.64569580000534,62799,0.053223,-0.05127,1.054199,3.076336,2.862595,-0.839695,1.056786,4.285252,6585,10681,4096,6585,1,103.943,14,normal
1780595654.4545488,62.67648740000732,62830,0.056396,-0.015625,1.041016,1.19084,2.458015,-0.717557,1.042659,2.823974,6590,10688,4098,6590,0,103.943,0,normal
1780595654.4852881,62.70722680000472,62861,0.038086,-0.05542,1.052002,1.351145,2.229008,-0.40458,1.054149,2.637755,6591,10690,4099,6591,0,103.943,5,normal
1780595654.5161834,62.73812189999444,62892,0.044678,-0.010986,1.0625,2.923664,3.541985,-0.305344,1.063496,4.602902,6595,10696,4101,6595,0,100.0,6,normal
1780595654.5470471,62.76898570000776,62923,0.049561,-0.012939,1.050781,0.328244,3.40458,-0.755725,1.052029,3.50286,6599,10702,4103,6599,0,100.0,0,normal
1780595654.5776427,62.79958140000235,62953,0.041016,-0.027344,1.063477,1.656489,2.740458,-1.129771,1.064618,3.395651,6601,10706,4105,6601,0,100.0,1,normal
1780595654.608639,62.83057750000444,62984,0.060059,-0.031738,1.068604,2.206107,2.908397,-0.549618,1.07076,3.69158,6605,10712,4107,6605,0,100.0,6,normal
1780595654.6384037,62.86034230000223,63015,0.048584,-0.022461,1.047852,0.610687,2.969466,-1.29771,1.049218,3.297684,6609,10718,4109,6609,0,100.0,0,normal
1780595654.6695378,62.89147640000738,63045,0.037354,-0.031006,1.061279,2.152672,2.725191,-0.351145,1.062389,3.490554,6611,10722,4111,6611,0,100.0,1,normal
1780595654.7001402,62.92207879999478,63076,0.039062,-0.037109,1.053711,2.229008,2.854962,-0.625954,1.055088,3.675745,6616,10728,4112,6616,0,100.0,6,normal
1780595654.7305732,62.95251180000196,63107,0.048584,0.009033,1.062988,0.549618,3.320611,-1.251908,1.064136,3.591074,6620,10734,4114,6620,0,100.0,0,normal
1780595654.763429,62.9853676000057,63138,0.030518,-0.052002,1.043701,2.244275,2.877863,-0.656489,1.045441,3.708078,6621,10737,4116,6621,1,100.0,18,normal
1780595654.7942955,63.01623409999593,63170,0.057373,-0.004639,1.05835,1.335878,2.564885,-0.839695,1.059914,3.011361,6627,10744,4117,6627,0,115.108,1,normal
1780595654.8258266,63.04776519999723,63201,0.028809,-0.050781,1.063232,0.946565,2.290076,-1.091603,1.064834,2.707772,6629,10748,4119,6629,0,115.108,0,normal
1780595654.8561392,63.078077900005155,63232,0.052979,-0.005859,1.056152,2.877863,3.045802,-0.610687,1.057496,4.234612,6632,10753,4121,6632,1,115.108,14,normal
1780595654.886943,63.108881699998165,63263,0.049316,0.004883,1.043457,0.51145,2.435115,-1.160305,1.044633,2.745482,6637,10760,4123,6637,0,115.108,0,normal
1780595654.9189668,63.14090529999521,63294,0.046875,-0.062012,1.060059,1.458015,2.450382,-1.038168,1.062905,3.034464,6639,10764,4125,6639,0,115.108,0,normal
1780595654.9501355,63.172074000001885,63325,0.061768,-0.013184,1.059082,2.526718,3.687023,-0.694656,1.060964,4.523382,6643,10770,4127,6643,0,115.108,6,normal
1780595654.9799657,63.20190430000366,63356,0.053467,-0.025879,1.049805,0.389313,3.29771,-0.732824,1.051484,3.400513,6647,10776,4129,6647,0,115.108,0,normal
1780595655.011546,63.233484399999725,63387,0.052002,-0.047607,1.066406,2.473282,3.175573,-0.534351,1.068734,4.060408,6649,10780,4131,6649,1,115.108,0,normal
1780595655.0429268,63.26486530000693,63418,0.048828,-0.030762,1.055908,1.854962,2.19084,-0.870229,1.057484,2.99966,6654,10786,4132,6654,0,115.108,5,normal
1780595655.087506,63.30944460000319,63449,0.043213,-0.017578,1.074463,1.038168,3.274809,-1.0,1.075475,3.578012,6658,10792,4134,6658,0,111.111,0,normal
1780595655.104709,63.32664749999822,63480,0.027344,-0.048096,1.042969,2.175573,2.114504,-0.870229,1.044435,3.156191,6660,10797,4137,6660,1,111.111,14,normal
1780595655.1356633,63.35760190000292,63512,0.047852,-0.004395,1.055908,1.129771,2.78626,-0.427481,1.057001,3.036835,6665,10804,4139,6665,0,111.111,0,normal
1780595655.1674142,63.389352700003656,63543,0.03418,-0.051514,1.059326,1.114504,2.282443,-0.625954,1.061128,2.616005,6667,10808,4141,6667,0,111.111,0,normal
1780595655.1982694,63.42020799999591,63574,0.036377,-0.015381,1.048096,3.038168,3.244275,-0.114504,1.04884,4.446222,6670,10813,4143,6670,1,111.111,14,normal
1780595655.2287068,63.45064540000749,63605,0.02417,-0.005859,1.040527,0.770992,2.847328,-1.450382,1.040824,3.287144,6675,10820,4145,6675,0,111.111,1,normal
1780595655.2602782,63.482216899996274,63636,0.04126,-0.036133,1.05127,1.900763,2.854962,-0.549618,1.052699,3.473584,6677,10824,4147,6677,0,111.111,0,normal
1780595655.2911825,63.51312119999784,63667,0.037109,-0.0271,1.060791,2.549618,3.328244,-0.40458,1.061786,4.21206,6681,10830,4149,6681,0,111.111,6,normal
1780595655.3215997,63.543538400001125,63698,0.043457,0.004883,1.04126,0.877863,3.267176,-0.854962,1.042178,3.489418,6685,10836,4151,6685,0,111.111,0,normal
1780595655.3538845,63.575823100007256,63729,0.051025,-0.036377,1.047607,2.061069,2.748092,-0.282443,1.04948,3.446706,6687,10841,4154,6687,1,103.571,14,normal
1780595655.3842633,63.60620180000842,63760,0.027588,-0.005859,1.044678,1.748092,2.152672,-0.931298,1.045058,2.925258,6693,10848,4155,6693,0,103.571,0,normal
1780595655.4161708,63.63810949999606,63791,0.03418,-0.017578,1.05542,0.946565,3.328244,-0.938931,1.056119,3.585357,6694,10850,4156,6694,0,103.571,5,normal
1780595655.446326,63.6682645999972,63822,0.021973,-0.047607,1.040039,2.221374,2.610687,-0.603053,1.04136,3.480497,6696,10855,4159,6696,1,103.571,14,normal
1780595655.4771996,63.69913819999783,63853,0.037842,-0.002686,1.061279,0.847328,2.870229,-0.748092,1.061957,3.084772,6701,10862,4161,6701,0,103.571,0,normal
1780595655.508327,63.73026559999562,63884,0.025635,-0.050781,1.054443,1.076336,2.312977,-0.793893,1.055977,2.671821,6703,10866,4163,6703,0,103.571,1,normal
1780595655.540511,63.76244950000546,63915,0.036377,-0.005615,1.045654,2.977099,3.358779,-0.526718,1.046302,4.519064,6706,10871,4165,6706,1,103.571,14,normal
1780595655.5699747,63.79191319999518,63946,0.027832,-0.001953,1.030029,0.625954,2.709924,-1.091603,1.030407,2.987826,6711,10878,4167,6711,0,103.571,0,normal
1780595655.6019316,63.82387029999518,63977,0.032715,-0.042969,1.054199,1.832061,2.740458,-0.748092,1.055582,3.380266,6713,10882,4169,6713,0,103.571,1,normal
1780595655.6349566,63.856895100005204,64008,0.048096,-0.010742,1.057861,2.885496,3.129771,-0.305344,1.059008,4.267879,6717,10888,4171,6717,0,107.527,6,normal
1780595655.6651466,63.8870850999956,64040,0.067627,0.013672,1.060791,1.015267,3.48855,-0.885496,1.063032,3.739632,6721,10894,4173,6721,0,107.527,0,normal
1780595655.696427,63.91836559999501,64071,0.062256,-0.048828,1.044189,2.259542,2.839695,-0.366412,1.047183,3.647418,6723,10899,4176,6723,1,107.527,14,normal
1780595655.7267554,63.94869390000531,64102,0.03418,-0.019287,1.050537,2.015267,2.503817,-0.251908,1.05127,3.223951,6728,10906,4178,6728,0,107.527,0,normal
1780595655.7591178,63.98105650000798,64134,0.05127,-0.032227,1.070312,1.274809,3.061069,-1.167939,1.072024,3.515588,6730,10910,4180,6730,0,107.527,0,normal
1780595655.7892609,64.0111995000043,64165,0.050293,-0.013916,1.05249,2.732824,3.091603,-0.519084,1.053783,4.15882,6733,10915,4182,6733,1,107.527,14,normal
1780595655.8203123,64.0422508000047,64196,0.045166,0.006592,1.055908,0.969466,2.854962,-0.625954,1.056894,3.079365,6738,10922,4184,6738,0,107.527,0,normal
1780595655.8519027,64.07384130000719,64227,0.041992,-0.058594,1.056885,2.091603,2.51145,-0.549618,1.05934,3.314252,6740,10926,4186,6740,0,107.527,0,normal
1780595655.8825886,64.10452730000543,64258,0.043945,-0.019775,1.054443,2.70229,3.946565,-0.580153,1.055544,4.818124,6744,10932,4188,6744,0,108.0,5,normal
1780595655.9136245,64.13556310000422,64289,0.038086,-0.017578,1.039795,0.564886,3.160305,-1.045802,1.040641,3.376437,6747,10936,4189,6747,0,108.0,5,normal
1780595655.9446738,64.16661230000318,64320,0.047607,-0.050293,1.052734,2.312977,3.198473,-0.351145,1.05501,3.962751,6749,10940,4191,6749,0,108.0,0,normal
1780595655.9754083,64.1973469999939,64351,0.054932,-0.022949,1.063721,2.007634,2.664122,-1.007634,1.065385,3.484748,6754,10946,4192,6754,0,108.0,5,normal
1780595656.006162,64.22810059999756,64382,0.046631,-0.00415,1.053711,0.78626,3.717557,-0.694656,1.05475,3.862769,6758,10952,4194,6758,0,108.0,1,normal
1780595656.036925,64.25886380000156,64413,0.029053,-0.047852,1.043457,2.29771,2.557252,-0.473282,1.044958,3.470303,6760,10957,4197,6760,1,108.0,15,normal
1780595656.0831542,64.30509290000191,64445,0.03418,-0.012939,1.056396,1.290076,2.78626,-0.671756,1.057028,3.143055,6773,10971,4198,6773,0,108.0,0,normal
1780595656.1013255,64.32326410000678,64477,0.045654,-0.054932,1.047119,1.21374,2.160305,-0.648855,1.049552,2.561464,6775,10975,4200,6775,0,108.0,1,normal
1780595656.1326602,64.35459869999613,64508,0.057373,-0.018555,1.063477,2.824427,3.10687,-0.778626,1.065185,4.270396,6779,10981,4202,6779,0,140.0,6,normal
1780595656.1638024,64.38574110000627,64539,0.053955,-0.018311,1.052978,0.412214,3.183206,-1.221374,1.054519,3.434308,6783,10987,4204,6783,0,140.0,0,normal
1780595656.1952038,64.41714249999495,64570,0.049561,-0.042725,1.057617,2.083969,3.229008,-0.496183,1.059639,3.874999,6785,10991,4206,6785,0,140.0,1,normal
1780595656.2250826,64.44702130000223,64601,0.055176,-0.037109,1.060059,1.900763,2.931298,-0.603053,1.062142,3.54529,6790,10997,4207,6790,0,140.0,6,normal
1780595656.256231,64.47816959999909,64632,0.052246,0.005615,1.076904,0.816794,3.236641,-1.19084,1.078185,3.544164,6794,11003,4209,6794,0,140.0,0,normal
1780595656.2875147,64.50945320000756,64663,0.054443,-0.049072,1.060791,2.290076,2.557252,-0.40458,1.06332,3.45654,6796,11008,4212,6796,1,140.0,14,normal
1780595656.3197305,64.54166919999989,64694,0.04541,-0.019287,1.058838,1.564886,2.465649,-0.992366,1.059987,3.084328,6799,11013,4214,6799,0,140.0,1,normal
1780595656.350251,64.57218950000242,64725,0.050537,-0.014893,1.056885,0.732824,2.717557,-1.206107,1.058197,3.062163,6801,11017,4216,6801,0,140.0,0,normal
1780595656.380582,64.60252080000646,64756,0.055908,-0.046875,1.045898,1.984733,2.603053,-0.740458,1.04844,3.356088,6803,11022,4219,6803,1,140.0,14,normal
1780595656.4108753,64.63281399999687,64786,0.034424,-0.005127,1.043701,1.29771,2.549618,-0.519084,1.044281,2.907585,6808,11029,4221,6808,0,104.317,0,normal
1780595656.4418833,64.6638219000015,64816,0.043213,-0.018799,1.057373,0.870229,2.641221,-1.282443,1.058423,3.062353,6810,11033,4223,6810,0,104.317,0,normal
1780595656.4731042,64.69504279999819,64847,0.047363,-0.047119,1.051514,1.832061,3.038168,-0.458015,1.053634,3.577246,6812,11038,4226,6812,1,104.317,14,normal
1780595656.502479,64.72441779999644,64878,0.037354,-0.000732,1.04248,1.396947,2.541985,-1.076336,1.04315,3.093808,6817,11045,4228,6817,0,104.317,0,normal
1780595656.5355496,64.75748820000445,64909,0.036377,-0.052002,1.05127,1.274809,2.312977,-0.572519,1.053183,2.702365,6819,11049,4230,6819,0,104.317,0,normal
1780595656.56436,64.78629849999561,64940,0.056152,-0.003174,1.050781,3.0,3.618321,-0.40458,1.052285,4.717619,6822,11054,4232,6822,1,104.317,14,normal
1780595656.5954764,64.81741489999695,64970,0.050537,-0.005615,1.04541,0.709924,2.89313,-0.839695,1.046646,3.095041,6825,11059,4234,6825,0,104.317,0,normal
1780595656.625958,64.8478965999966,65001,0.050049,-0.036133,1.055908,1.992366,2.435115,-0.984733,1.057711,3.296818,6827,11063,4236,6827,0,104.317,0,normal
1780595656.6569588,64.87889750000613,65032,0.060059,-0.011719,1.063232,2.633588,3.80916,-0.48855,1.064992,4.656626,6831,11069,4238,6831,0,104.317,5,normal
1780595656.6870034,64.90894209999533,65063,0.041992,-0.001465,1.047119,0.335878,3.21374,-1.358779,1.047962,3.505313,6835,11075,4240,6835,0,97.473,0,normal
1780595656.718539,64.9404777000018,65094,0.054443,-0.040039,1.05835,2.358779,2.78626,-0.412214,1.060505,3.673826,6837,11079,4242,6837,1,97.473,0,normal
1780595656.751368,64.97330660000443,65126,0.032227,-0.02832,1.047607,1.931298,2.580153,-0.206107,1.048486,3.229486,6844,11087,4243,6844,0,97.473,0,normal
1780595656.78389,65.00582869999926,65158,0.031738,-0.035156,1.065674,0.641221,2.709924,-0.961832,1.066726,2.946179,6846,11091,4245,6846,0,97.473,1,normal
1780595656.814127,65.03606549999677,65189,0.052979,-0.016602,1.055664,2.732824,2.80916,-0.618321,1.057123,3.967623,6848,11096,4248,6848,1,97.473,14,normal
1780595656.8452141,65.06715269999404,65221,0.04834,-0.008545,1.042725,0.618321,2.374046,-1.335878,1.043879,2.793382,6853,11103,4250,6853,0,97.473,0,normal
1780595656.8772979,65.09923659999913,65252,0.041748,-0.040527,1.062256,1.641221,2.625954,-0.694656,1.063848,3.173608,6855,11107,4252,6855,0,97.473,1,normal
1780595656.9081967,65.13013540000247,65283,0.038086,-0.029053,1.060059,2.160305,3.236641,-0.755725,1.06114,3.964074,6858,11113,4255,6858,0,97.473,6,normal
1780595656.93899,65.16092870000284,65315,0.047363,-0.006836,1.056885,0.977099,3.687023,-1.221374,1.057968,4.005074,6862,11119,4257,6862,0,107.143,0,normal
1780595656.9712706,65.1932092000061,65346,0.041992,-0.04541,1.041504,2.259542,2.992366,-0.396947,1.043339,3.77059,6863,11122,4259,6863,1,107.143,18,normal
1780595657.002738,65.22467670000333,65378,0.037109,0.004395,1.053955,0.778626,2.473282,-0.732824,1.054617,2.694516,6868,11129,4261,6868,0,107.143,0,normal
1780595657.0487,65.27063860000635,65409,0.041992,-0.039551,1.054443,1.10687,2.305344,-0.938931,1.05602,2.724218,6870,11133,4263,6870,0,107.143,0,normal
1780595657.0656416,65.28758020000532,65440,0.042969,-0.041016,1.048096,2.618321,3.167939,-0.664122,1.049778,4.163232,6872,11138,4266,6872,1,107.143,14,normal
1780595657.094786,65.3167245000077,65471,0.054932,0.000244,1.047119,0.801527,2.648855,-1.007634,1.048559,2.9452,6877,11145,4268,6877,0,107.143,0,normal
1780595657.126108,65.34804650000297,65501,0.026367,-0.05127,1.056152,1.160305,2.717557,-0.862595,1.057725,3.07823,6879,11149,4270,6879,0,107.143,0,normal
1780595657.1572719,65.3792104000022,65532,0.040527,-0.013672,1.053711,3.015267,3.083969,-0.778626,1.054579,4.382803,6882,11154,4272,6882,1,107.143,14,normal
1780595657.1885428,65.41048150000279,65564,0.05542,-0.029297,1.053223,0.587786,2.78626,-1.114504,1.055086,3.057917,6887,11161,4274,6887,0,107.143,1,normal
1780595657.221697,65.44363560000784,65596,0.067627,-0.030273,1.060547,2.358779,3.045802,-0.053435,1.063132,3.852739,6889,11166,4277,6889,1,96.085,14,normal
1780595657.252515,65.47445379999408,65628,0.026611,-0.018066,1.042969,1.351145,2.854962,-0.671756,1.043465,3.229188,6895,11173,4278,6895,0,96.085,0,normal
1780595657.2845802,65.50651890000154,65659,0.039551,-0.016113,1.063477,0.641221,3.450382,-1.022901,1.064334,3.655492,6897,11177,4280,6897,0,96.085,0,normal
1780595657.314705,65.5366434000025,65690,0.049805,-0.036133,1.054199,2.374046,2.740458,-0.572519,1.055993,3.670692,6899,11182,4283,6899,1,96.085,14,normal
1780595657.345275,65.56721350000589,65721,0.028564,-0.003906,1.043457,1.183206,2.923664,-0.748092,1.043855,3.241516,6904,11189,4285,6904,0,96.085,0,normal
1780595657.3757439,65.59768249999615,65752,0.034424,-0.04248,1.054199,1.274809,2.572519,-0.832061,1.055616,2.9892,6906,11193,4287,6906,0,96.085,0,normal
1780595657.4068003,65.62873880000552,65782,0.066162,-0.025146,1.044922,2.954198,3.122137,-0.633588,1.047316,4.344705,6908,11196,4288,6908,1,96.085,17,normal
1780595657.4384384,65.66037700000743,65813,0.053467,-0.014404,1.041748,0.885496,2.603053,-0.580153,1.043219,2.810083,6913,11203,4290,6913,0,96.085,0,normal
1780595657.4686043,65.69054300000425,65844,0.044434,-0.036133,1.048584,1.832061,2.717557,-0.78626,1.050147,3.370426,6915,11207,4292,6915,0,96.085,0,normal
1780595657.4992957,65.7212342999992,65875,0.065674,-0.013428,1.054688,3.0,3.396947,-0.648855,1.056816,4.578238,6919,11213,4294,6919,0,107.527,5,normal
1780595657.5314512,65.75338989999727,65906,0.048096,-0.004883,1.054443,0.343511,3.305344,-1.160305,1.055551,3.519887,6923,11219,4296,6923,0,107.527,0,normal
1780595657.5620306,65.78396919999796,65937,0.053955,-0.040283,1.059326,2.312977,3.221374,-0.274809,1.061464,3.975253,6925,11223,4298,6925,0,107.527,0,normal
1780595657.5935276,65.81546620000154,65968,0.054932,-0.028564,1.053711,1.931298,2.801527,-0.78626,1.055528,3.492373,6930,11229,4299,6930,0,107.527,5,normal
1780595657.6250842,65.84702270000707,66000,0.035889,-0.004639,1.069336,1.122137,3.610687,-0.969466,1.069948,3.903347,6934,11235,4301,6934,0,107.527,1,normal
1780595657.6561713,65.87810990000435,66031,0.042969,-0.059326,1.05127,1.91603,2.694656,-0.664122,1.053818,3.372448,6936,11240,4304,6936,1,107.527,14,normal
1780595657.6887467,65.9106851999968,66063,0.044434,0.004883,1.049072,1.320611,2.687023,-0.847328,1.050024,3.111602,6941,11247,4306,6941,0,107.527,0,normal
1780595657.7191644,65.94110300000466,66094,0.046875,-0.05542,1.056885,1.312977,2.587786,-0.755725,1.059374,2.998611,6943,11251,4308,6943,0,107.527,1,normal
1780595657.7492006,65.97113910000189,66125,0.040283,-0.007568,1.046631,2.984733,3.618321,-0.358779,1.047433,4.704211,6947,11257,4310,6947,0,112.0,5,normal
1780595657.7813613,66.00329999999667,66156,0.046143,-0.010498,1.035889,0.725191,3.167939,-0.969466,1.036969,3.391401,6950,11261,4311,6950,0,112.0,6,normal
1780595657.8124754,66.03441409999505,66187,0.038574,-0.041992,1.056152,1.351145,3.137405,-0.625954,1.05769,3.472855,6952,11265,4313,6952,0,112.0,0,normal
1780595657.8429666,66.06490510000731,66218,0.039062,-0.040527,1.05957,2.083969,3.40458,-0.29771,1.061064,4.00284,6956,11271,4315,6956,0,112.0,5,normal
1780595657.873649,66.09558750000724,66249,0.043213,-0.02002,1.062256,0.89313,3.770992,-1.061069,1.063323,4.017951,6960,11277,4317,6960,0,112.0,0,normal
1780595657.9045064,66.1264450000017,66280,0.042969,-0.033691,1.059326,2.21374,2.969466,-0.519084,1.060732,3.74003,6962,11282,4320,6962,1,112.0,14,normal
1780595657.9355922,66.15753080000286,66311,0.033936,-0.023193,1.052978,1.763359,2.59542,-0.854962,1.05378,3.252168,6967,11289,4322,6967,0,112.0,0,normal
1780595657.9658298,66.18776840000646,66342,0.019531,-0.000732,1.05957,1.366412,2.664122,-1.10687,1.059751,3.192145,6969,11293,4324,6969,0,112.0,1,normal
1780595657.9978914,66.21983000000182,66373,0.025635,-0.046631,1.047607,2.061069,2.916031,-0.732824,1.048958,3.645308,6971,11298,4327,6971,1,112.0,14,normal
1780595658.0289164,66.25085500000569,66404,0.037354,-0.017334,1.049561,1.435114,2.435115,-0.709924,1.050368,2.914332,6977,11305,4328,6977,0,107.527,0,normal
1780595658.0614076,66.28334619999805,66436,0.047852,-0.055908,1.052734,1.091603,2.343511,-0.671756,1.055303,2.671123,6979,11309,4330,6979,0,107.527,0,normal
1780595658.0925078,66.31444650000776,66467,0.047852,-0.014404,1.05542,3.122137,3.427481,-0.320611,1.056602,4.647382,6982,11314,4332,6982,1,107.527,14,normal
1780595658.1223612,66.34429989999626,66498,0.043457,-0.008057,1.042725,0.778626,2.580153,-1.557252,1.043661,3.112632,6987,11321,4334,6987,0,107.527,0,normal
1780595658.1541214,66.37606009999581,66529,0.053223,-0.05127,1.052978,1.78626,2.969466,-0.954198,1.055569,3.594293,6989,11325,4336,6989,0,107.527,0,normal
1780595658.184774,66.40671250000014,66560,0.040771,-0.042969,1.063721,2.183206,2.931298,-0.610687,1.065369,3.705649,6993,11331,4338,6993,0,107.527,5,normal
1780595658.2160769,66.43801549999625,66592,0.052002,-0.003906,1.066894,1.114504,3.381679,-0.824427,1.068168,3.654799,6996,11335,4339,6996,0,107.527,5,normal
1780595658.2481997,66.47013820000575,66623,0.02832,-0.052002,1.047607,1.961832,2.328244,-0.679389,1.049279,3.119467,6998,11340,4342,6998,1,107.527,14,normal
1780595658.2803793,66.50231789999816,66655,0.049072,-0.016846,1.055176,1.435114,2.748092,-0.572519,1.056451,3.152672,7003,11347,4344,7003,0,103.586,1,normal
1780595658.31156,66.53349859999435,66687,0.053467,-0.056152,1.062744,1.534351,2.396947,-0.648855,1.065569,2.919006,7005,11351,4346,7005,0,103.586,1,normal
1780595658.3440464,66.5659849000076,66718,0.046631,-0.019043,1.061768,2.770992,3.572519,-0.343511,1.062962,4.534236,7009,11357,4348,7009,0,103.586,6,normal
1780595658.3775566,66.59949510000297,66750,0.056885,-0.026611,1.058594,0.610687,3.755725,-0.679389,1.060455,3.865227,7013,11363,4350,7013,0,103.586,0,normal
1780595658.4059527,66.62789129999874,66781,0.052002,-0.031738,1.060059,2.389313,2.763359,-0.419847,1.061808,3.677124,7015,11368,4353,7015,1,103.586,14,normal
1780595658.4384215,66.6603599999944,66813,0.031982,-0.013672,1.046387,1.740458,2.709924,-0.755725,1.046965,3.308172,7021,11375,4354,7021,0,103.586,0,normal
1780595658.4715595,66.69349809999403,66845,0.037598,-0.052246,1.05957,0.679389,2.503817,-1.015267,1.061524,2.785935,7023,11379,4356,7023,0,103.586,0,normal
1780595658.501815,66.72375380000449,66876,0.052246,-0.044678,1.053955,3.0,2.496183,-0.473282,1.056195,3.931275,7026,11384,4358,7026,1,103.586,14,normal
1780595658.5314412,66.75337980000768,66907,0.05249,-0.007568,1.048096,0.709924,2.427481,-1.152672,1.049437,2.779444,7031,11391,4360,7031,0,111.111,0,normal
1780595658.5638704,66.78580909999437,66938,0.041992,-0.05127,1.060303,1.763359,2.366412,-0.580153,1.062372,3.007643,7033,11395,4362,7033,0,111.111,0,normal
1780595658.5942302,66.81616879999638,66969,0.047363,-0.020264,1.04541,2.633588,3.198473,-0.549618,1.046679,4.179486,7037,11401,4364,7037,0,111.111,5,normal
1780595658.6252127,66.847151199996,67001,0.043213,0.001221,1.057129,0.664122,3.633588,-1.0,1.058012,3.82675,7039,11405,4366,7039,0,111.111,1,normal
1780595658.6561704,66.87810889999673,67031,0.054688,-0.050781,1.05249,2.083969,2.625954,-0.343511,1.055133,3.36995,7041,11409,4368,7041,0,111.111,0,normal
1780595658.6869738,66.90891240000201,67062,0.048584,-0.030273,1.062744,1.732824,2.70229,-0.694656,1.064285,3.284448,7044,11415,4371,7044,0,111.111,5,normal
1780595658.7186527,66.94059130000824,67093,0.058838,-0.000488,1.060791,0.89313,3.709924,-0.694656,1.062422,3.878629,7048,11421,4373,7048,0,111.111,1,normal
1780595658.7484357,66.9703742999991,67124,0.052979,-0.03125,1.05835,1.656489,2.687023,-0.679389,1.060135,3.228872,7050,11426,4376,7050,1,111.111,15,normal
1780595658.7864456,67.00838420000218,67161,0.047363,-0.010254,1.066162,1.671756,2.503817,-0.625954,1.067263,3.07501,7056,11433,4377,7056,0,98.425,0,normal
1780595658.8173492,67.03928769999766,67192,0.048584,-0.034912,1.049561,2.267176,2.366412,-0.351145,1.051264,3.295951,7058,11438,4380,7058,1,98.425,14,normal
1780595658.849244,67.07118280000577,67224,0.029785,-0.002197,1.057129,0.938931,2.519084,-0.618321,1.057551,2.758568,7063,11445,4382,7063,0,98.425,0,normal
1780595658.8806684,67.10260690000723,67255,0.033447,-0.052734,1.058106,1.08397,2.717557,-0.641221,1.059947,2.995208,7065,11449,4384,7065,0,98.425,0,normal
1780595658.9109588,67.13289740000619,67286,0.055176,-0.021729,1.048096,2.801527,3.603053,-0.59542,1.049772,4.602724,7068,11454,4386,7068,1,98.425,14,normal
1780595658.9419136,67.16385230000014,67317,0.039795,0.012695,1.041016,1.061069,2.541985,-1.038168,1.041853,2.943696,7073,11461,4388,7073,0,98.425,1,normal
1780595658.9734364,67.19537499999569,67348,0.035889,-0.050781,1.048584,1.549618,2.618321,-0.984733,1.050426,3.197908,7075,11465,4390,7075,0,98.425,0,normal
1780595659.0045385,67.22647720000532,67379,0.057617,-0.014893,1.056885,2.916031,3.335878,-0.381679,1.058559,4.447134,7079,11471,4392,7079,0,98.425,6,normal
1780595659.035259,67.25719760000356,67410,0.040771,-0.01001,1.045654,0.580153,3.320611,-0.641221,1.046497,3.431355,7082,11475,4393,7082,0,98.425,5,normal
1780595659.066925,67.28886359999888,67441,0.039551,-0.040039,1.051758,2.351145,2.977099,-0.389313,1.053262,3.813472,7084,11479,4395,7084,0,100.0,0,normal
1780595659.096853,67.31879160000244,67472,0.034668,-0.029541,1.060303,2.267176,3.068702,-0.473282,1.06128,3.844608,7089,11485,4396,7089,0,100.0,5,normal
1780595659.1292138,67.35115240000596,67503,0.051514,-0.000732,1.067383,0.816794,3.343511,-1.068702,1.068625,3.603935,7093,11491,4398,7093,0,100.0,1,normal
1780595659.1590862,67.38102489999437,67534,0.038086,-0.037109,1.04834,2.305344,2.435115,-0.282443,1.049688,3.36514,7095,11496,4401,7095,1,100.0,14,normal
1780595659.1903763,67.41231499999412,67565,0.021729,-0.00293,1.057617,1.557252,2.641221,-0.755725,1.057844,3.15788,7101,11503,4402,7101,0,100.0,0,normal
1780595659.2197921,67.4417306999967,67596,0.031738,-0.009277,1.054443,0.70229,2.740458,-1.152672,1.054962,3.054828,7103,11507,4404,7103,0,100.0,1,normal
1780595659.2504995,67.47243799999706,67626,0.033691,-0.052979,1.04834,2.160305,2.381679,-0.160305,1.050218,3.219474,7105,11512,4407,7105,1,100.0,13,normal
1780595659.281766,67.50370460000704,67657,0.044678,-0.000488,1.052246,1.526718,2.59542,-0.366412,1.053194,3.033369,7111,11519,4408,7111,0,100.0,1,normal
1780595659.311719,67.53365759999724,67687,0.041016,-0.015625,1.064697,0.931298,3.167939,-1.229008,1.065602,3.523296,7113,11523,4410,7113,0,100.0,0,normal
1780595659.3439975,67.56593620000058,67718,0.029541,-0.049072,1.048096,2.221374,2.717557,-0.625954,1.04966,3.56531,7115,11528,4413,7115,1,111.913,14,normal
1780595659.3751066,67.59704520000378,67749,0.048584,-0.010498,1.053467,0.992366,2.610687,-0.717557,1.054639,2.883638,7120,11535,4415,7120,0,111.913,0,normal
1780595659.405224,67.62716279999586,67780,0.036621,-0.050293,1.05835,1.29771,2.389313,-0.572519,1.060177,2.778605,7122,11539,4417,7122,0,111.913,0,normal
1780595659.4355216,67.65746010000294,67811,0.04834,-0.005127,1.050781,3.267176,3.381679,-0.473282,1.051905,4.725906,7124,11542,4418,7124,1,111.913,17,normal
1780595659.466463,67.68840169999748,67842,0.03833,-0.009521,1.036621,0.687023,2.679389,-0.78626,1.037373,2.875644,7129,11549,4420,7129,0,111.913,1,normal
1780595659.4986897,67.72062819999701,67873,0.037842,-0.030273,1.053955,1.80916,2.694656,-0.984733,1.055069,3.391745,7131,11553,4422,7131,0,111.913,0,normal
1780595659.5310993,67.75303789999452,67904,0.041748,-0.032471,1.05957,1.977099,3.244275,-0.717557,1.06089,3.86641,7136,11559,4423,7136,0,111.913,6,normal
1780595659.5607648,67.78270350000821,67936,0.065186,0.004395,1.057861,0.854962,3.396947,-1.160305,1.059877,3.690056,7140,11565,4425,7140,0,111.913,1,normal
1780595659.5922723,67.81421080000291,67967,0.063477,-0.036133,1.063721,2.0,2.694656,-0.137405,1.066225,3.358579,7142,11570,4428,7142,1,111.913,15,normal
1780595659.6226664,67.84460500000569,67998,0.040771,-0.008545,1.055176,1.282443,2.519084,-0.824427,1.055998,2.944507,7147,11577,4430,7147,0,114.286,0,normal
1780595659.6536894,67.87562790000811,68029,0.054199,-0.025391,1.067139,0.80916,2.541985,-0.870229,1.068816,2.806016,7149,11581,4432,7149,0,114.286,1,normal
1780595659.6845944,67.90653290000046,68060,0.055664,-0.053711,1.054688,2.137405,2.564885,-0.587786,1.05752,3.390078,7151,11586,4435,7151,1,114.286,13,normal
1780595659.7154303,67.93736880000506,68091,0.041992,0.008301,1.052246,1.427481,2.427481,-0.625954,1.053116,2.88482,7154,11591,4437,7154,0,114.286,0,normal
1780595659.7469213,67.96885990000737,68122,0.048584,-0.051758,1.050781,1.022901,2.59542,-0.633588,1.053176,2.860763,7156,11595,4439,7156,0,114.286,0,normal
1780595659.7795208,68.00145929999417,68153,0.049316,-0.013672,1.052002,2.931298,3.10687,-0.900763,1.053246,4.365378,7160,11601,4441,7160,0,114.286,5,normal
1780595659.8098671,68.03180579999753,68184,0.063232,-0.01709,1.043701,0.832061,2.923664,-1.633588,1.045754,3.450905,7164,11607,4443,7164,0,114.286,0,normal
1780595659.8406465,68.06258510000771,68215,0.037598,-0.040527,1.054199,2.244275,2.900763,-0.59542,1.055648,3.715605,7166,11611,4445,7166,0,114.286,0,normal
1780595659.8712828,68.09322140000586,68246,0.046875,-0.035889,1.062012,2.137405,3.221374,-0.740458,1.063651,3.936245,7169,11615,4446,7169,0,114.286,6,normal
1780595659.9025452,68.12448379999842,68277,0.059814,-0.014893,1.062012,1.007634,3.389313,-1.160305,1.063799,3.721435,7173,11621,4448,7173,0,93.19,0,normal
1780595659.9336252,68.15556389999983,68308,0.059082,-0.041992,1.064453,2.030534,2.549618,-0.374046,1.066918,3.280782,7175,11626,4451,7175,1,93.19,14,normal
1780595659.9644394,68.18637799999851,68339,0.036133,-0.025146,1.056396,1.748092,2.916031,-0.770992,1.057313,3.486185,7180,11633,4453,7180,0,93.19,0,normal
1780595659.996624,68.2185626999999,68371,0.0354,-0.038086,1.05957,0.900763,2.740458,-1.022901,1.060845,3.060688,7182,11637,4455,7182,0,93.19,1,normal
1780595660.0265238,68.24846250000701,68402,0.049316,-0.057617,1.052978,2.557252,2.862595,-0.282443,1.055706,3.848865,7184,11642,4458,7184,1,93.19,14,normal
1780595660.0705118,68.29245049999736,68433,0.037598,0.011475,1.049561,0.877863,2.557252,-0.916031,1.050296,2.854696,7189,11649,4460,7189,0,93.19,0,normal
1780595660.0881975,68.31013600000006,68464,0.036865,-0.056396,1.053955,1.305344,2.503817,-0.641221,1.056106,2.895546,7191,11653,4462,7191,0,93.19,1,normal
1780595660.1199775,68.34191620000638,68495,0.038086,-0.016113,1.047852,2.870229,3.458015,-0.541985,1.048667,4.52657,7195,11659,4464,7195,0,93.19,6,normal
1780595660.1515782,68.37351679999847,68526,0.047119,-0.013672,1.040283,0.801527,2.679389,-1.145038,1.041439,3.022033,7199,11665,4466,7199,0,93.19,0,normal
1780595660.1824539,68.4043926000013,68557,0.03418,-0.046387,1.056152,1.80916,2.832061,-0.633588,1.057723,3.419805,7201,11669,4468,7201,0,100.0,0,normal
1780595660.2128632,68.43480180000188,68588,0.045654,-0.028076,1.062012,2.312977,3.015267,-0.717557,1.063363,3.867375,7206,11675,4469,7206,0,100.0,5,normal
1780595660.2441425,68.46608120000747,68619,0.053711,-0.008789,1.063721,1.091603,3.282443,-1.351145,1.065112,3.713707,7209,11679,4470,7209,0,100.0,6,normal
1780595660.275477,68.49741549999453,68650,0.05249,-0.039307,1.050049,1.847328,3.030534,-0.519084,1.052094,3.58695,7211,11684,4473,7211,1,100.0,14,normal
1780595660.3064492,68.52838790000533,68681,0.025146,-0.005127,1.054932,1.709924,2.694656,-0.793893,1.055244,3.288659,7216,11691,4475,7216,0,100.0,0,normal
1780595660.3368268,68.55876539999736,68712,0.036621,-0.01416,1.070068,0.992366,3.40458,-1.152672,1.070788,3.728888,7218,11695,4477,7218,0,100.0,0,normal
1780595660.367673,68.58961150000687,68742,0.041992,-0.044189,1.039062,2.21374,2.290076,-0.442748,1.040849,3.215762,7220,11700,4480,7220,1,100.0,14,normal
1780595660.3978138,68.61975240000174,68773,0.030762,-0.011719,1.054199,1.335878,2.175573,-0.564886,1.054713,2.614724,7225,11707,4482,7225,0,100.0,1,normal
1780595660.4284356,68.6503742000059,68804,0.046631,-0.01709,1.060547,0.778626,2.587786,-1.0,1.061709,2.881475,7227,11711,4484,7227,0,100.0,0,normal
1780595660.458152,68.68009059999895,68834,0.028076,-0.048096,1.041992,2.183206,2.70229,-0.435114,1.043479,3.501155,7229,11716,4487,7229,1,101.083,14,normal
1780595660.4904206,68.71235909999814,68865,0.037109,-0.013672,1.045654,1.198473,2.870229,-0.083969,1.046402,3.111528,7234,11723,4489,7234,0,101.083,1,normal
1780595660.5211904,68.74312899999495,68896,0.012451,-0.045654,1.060547,1.305344,2.770992,-0.664122,1.061602,3.134227,7235,11725,4490,7235,0,101.083,5,normal
1780595660.5529282,68.77486679999856,68927,0.038086,-0.01709,1.044434,2.954198,3.015267,-0.526718,1.045267,4.254004,7238,11730,4492,7238,1,101.083,14,normal
1780595660.585266,68.80720480000309,68959,0.047363,-0.011963,1.049316,0.412214,2.992366,-1.435114,1.050453,3.344208,7243,11737,4494,7243,0,101.083,0,normal
1780595660.614745,68.8366834000044,68990,0.044189,-0.041992,1.05249,2.053435,2.938931,-0.687023,1.054254,3.650467,7245,11741,4496,7245,0,101.083,1,normal
1780595660.6450799,68.86701840000751,69021,0.050049,-0.032715,1.0625,2.374046,3.167939,-0.832061,1.064181,4.045276,7250,11747,4497,7250,0,101.083,6,normal
1780595660.6768458,68.89878440000757,69052,0.068359,0.00415,1.05957,1.091603,3.694656,-0.778626,1.061781,3.930438,7254,11753,4499,7254,0,101.083,1,normal
1780595660.7085795,68.93051809999452,69083,0.041992,-0.052002,1.048096,2.152672,2.679389,-0.274809,1.050225,3.447991,7256,11758,4502,7256,1,101.083,14,normal
1780595660.740784,68.96272260000114,69115,0.0354,-0.000244,1.054443,1.48855,2.625954,-0.694656,1.055037,3.097412,7262,11765,4503,7262,0,117.438,1,normal
1780595660.7718728,68.99381139999605,69146,0.051758,-0.044434,1.060547,0.961832,2.656489,-0.519084,1.062738,2.872543,7264,11769,4505,7264,0,117.438,0,normal
1780595660.8026695,69.02460819999396,69177,0.04126,-0.010986,1.056152,2.549618,3.030534,-0.503817,1.057015,3.992308,7267,11774,4507,7267,1,117.438,14,normal
1780595660.8327472,69.05468590000237,69208,0.044922,0.003174,1.064209,0.51145,2.778626,-1.068702,1.065161,3.020674,7272,11781,4509,7272,0,117.438,0,normal
1780595660.8649328,69.08687129999453,69239,0.047607,-0.05835,1.061768,1.763359,2.374046,-0.740458,1.064435,3.048574,7274,11785,4511,7274,0,117.438,0,normal
1780595660.8953998,69.11733829999866,69270,0.039307,-0.022461,1.051025,2.78626,3.244275,-0.656489,1.052,4.326608,7278,11791,4513,7278,0,117.438,5,normal
1780595660.9258149,69.14775350000127,69301,0.033691,-0.020996,1.048828,0.450382,2.778626,-1.045802,1.049579,3.002883,7282,11797,4515,7282,0,117.438,0,normal
1780595660.9630089,69.18494750000536,69332,0.040283,-0.047852,1.054199,2.465649,2.938931,-0.267176,1.056053,3.845533,7284,11801,4517,7284,0,117.438,0,normal
1780595660.989221,69.21115960000316,69363,0.032715,-0.022461,1.053223,1.854962,2.977099,-0.748092,1.05397,3.586592,7289,11807,4518,7289,0,117.438,5,normal
1780595661.0194447,69.24138330000278,69394,0.071289,-0.000732,1.058594,0.900763,3.572519,-1.022901,1.060992,3.823688,7293,11813,4520,7293,0,111.111,1,normal
1780595661.0514808,69.2734194000077,69425,0.033691,-0.048828,1.041016,2.19084,2.755725,-0.21374,1.042705,3.526965,7295,11818,4523,7295,1,111.111,14,normal
1780595661.081144,69.30308270000387,69457,0.03833,-0.012207,1.055176,1.274809,2.29771,-0.305344,1.055942,2.645344,7300,11825,4525,7300,0,111.111,1,normal
1780595661.1128864,69.33482499999809,69488,0.020752,-0.04834,1.056885,1.114504,2.519084,-0.709924,1.058193,2.844626,7302,11829,4527,7302,0,111.111,1,normal
1780595661.1443932,69.3663319000043,69519,0.056885,-0.011719,1.048584,2.458015,3.435115,-0.48855,1.050191,4.25212,7305,11834,4529,7305,1,111.111,14,normal
1780595661.1754055,69.39734399999725,69550,0.044922,-0.007813,1.041504,0.465649,2.633588,-1.175572,1.042502,2.921401,7309,11839,4530,7309,0,111.111,5,normal
1780595661.2068624,69.42880100000184,69581,0.042236,-0.029297,1.064453,2.045802,2.610687,-0.633588,1.065694,3.376748,7311,11843,4532,7311,0,111.111,1,normal
1780595661.2374256,69.45936409999558,69612,0.053711,-0.030762,1.0625,2.076336,3.625954,-0.480916,1.064301,4.205948,7315,11849,4534,7315,0,111.111,6,normal
1780595661.2680924,69.4900309000077,69643,0.054932,-0.007813,1.058106,0.78626,3.145038,-1.312977,1.059559,3.497625,7319,11855,4536,7319,0,111.111,0,normal
1780595661.299973,69.52191160000802,69674,0.057861,-0.039307,1.048584,2.503817,3.053435,-0.641221,1.050914,4.000466,7321,11860,4539,7321,1,100.0,14,normal
1780595661.3306594,69.552597899994,69705,0.057129,-0.020752,1.05835,1.793893,2.442748,-0.694656,1.060093,3.109279,7325,11865,4540,7325,0,100.0,6,normal
1780595661.362343,69.58428169999388,69736,0.044922,-0.002441,1.063721,1.259542,3.793893,-1.122137,1.064672,4.152019,7327,11869,4542,7327,0,100.0,0,normal
1780595661.3911347,69.61307330000272,69766,0.035156,-0.053711,1.044434,2.061069,2.419847,-0.419847,1.046404,3.206234,7329,11874,4545,7329,1,100.0,14,normal
1780595661.4213853,69.64332380000269,69797,0.019043,-0.007813,1.058838,1.824428,2.534351,-0.603053,1.059038,3.180431,7334,11881,4547,7334,0,100.0,1,normal
1780595661.4521322,69.67407079999975,69828,0.053955,-0.015137,1.065918,0.954198,3.076336,-1.221374,1.06739,3.444719,7336,11885,4549,7336,0,100.0,0,normal
1780595661.4840615,69.70600020000711,69858,0.035645,-0.04541,1.049561,2.198473,2.854962,-0.465649,1.051147,3.633307,7338,11890,4552,7338,1,100.0,14,normal
1780595661.512621,69.7345595999941,69889,0.045654,-0.004395,1.057373,1.0,2.29771,-0.549618,1.058367,2.565453,7344,11897,4553,7344,0,100.0,1,normal
1780595661.5450315,69.7669700999977,69919,0.041748,-0.019043,1.062988,0.748092,3.603053,-1.053435,1.063978,3.82771,7346,11901,4555,7346,0,100.0,0,normal
1780595661.575896,69.79783470000257,69950,0.043945,-0.04126,1.042236,2.229008,2.862595,-0.587786,1.043978,3.67538,7348,11906,4558,7348,1,97.826,14,normal
1780595661.6074488,69.82938740000827,69981,0.050781,-0.011719,1.052734,1.282443,2.572519,-0.183206,1.054024,2.880291,7353,11913,4560,7353,0,97.826,1,normal
1780595661.6359954,69.85793399999966,70012,0.0271,-0.053711,1.057129,1.0,2.59542,-0.923664,1.058839,2.930761,7355,11917,4562,7355,0,97.826,0,normal
1780595661.665922,69.88786060000712,70042,0.062744,-0.036377,1.052978,3.0,3.183206,-0.236641,1.055473,4.380502,7357,11922,4565,7357,1,97.826,14,normal
1780595661.6968975,69.9188359999971,70072,0.037109,-0.006348,1.057861,1.381679,2.633588,-0.519084,1.058531,3.018985,7362,11929,4567,7362,0,97.826,1,normal
1780595661.7276819,69.94962050000322,70103,0.014893,-0.054199,1.048584,1.068702,2.816794,-0.625954,1.050089,3.077056,7364,11933,4569,7364,0,97.826,1,normal
1780595661.7588382,69.98077690000355,70134,0.049561,-0.00293,1.047363,2.839695,3.396947,-0.656489,1.048539,4.475946,7367,11938,4571,7367,1,97.826,14,normal
1780595661.7898817,70.011820300002,70165,0.048584,-0.004639,1.041504,0.80916,3.114504,-0.671756,1.042647,3.287268,7372,11945,4573,7372,0,97.826,0,normal
1780595661.8220916,70.04403030000685,70196,0.040283,-0.041504,1.066162,2.038168,2.564885,-0.938931,1.06773,3.407984,7374,11949,4575,7374,0,97.826,0,normal
1780595661.852574,70.07451269999729,70227,0.039551,-0.019287,1.056885,2.541985,3.580153,-0.603053,1.0578,4.432026,7378,11955,4577,7378,0,108.303,5,normal
1780595661.883853,70.1057914999983,70258,0.034668,-0.018799,1.046875,0.664122,3.251908,-1.458015,1.047618,3.625158,7382,11961,4579,7382,0,108.303,0,normal
1780595661.9151108,70.13704950000101,70290,0.056885,-0.031982,1.047363,1.961832,2.610687,-0.473282,1.049394,3.299768,7384,11966,4582,7384,1,108.303,14,normal
1780595661.9482021,70.17014070000732,70321,0.03833,-0.028076,1.05249,1.648855,2.549618,-0.679389,1.053562,3.111406,7389,11973,4584,7389,0,108.303,1,normal
1780595661.9795613,70.20149999999558,70353,0.056641,-0.013428,1.064697,0.755725,2.633588,-0.992366,1.066287,2.914052,7391,11977,4586,7391,0,108.303,0,normal
1780595662.0106196,70.23255820000486,70384,0.05127,-0.02832,1.052002,3.083969,3.10687,-0.221374,1.053631,4.383208,7392,11980,4588,7392,1,108.303,17,normal
1780595662.0407605,70.26269909999974,70416,0.039307,0.000488,1.039307,0.48855,2.816794,-0.931298,1.04005,3.006713,7397,11987,4590,7397,0,108.303,1,normal
1780595662.0719857,70.29392430000007,70447,0.043701,-0.040283,1.06665,1.908397,3.236641,-0.656489,1.068305,3.814289,7399,11991,4592,7399,0,108.303,1,normal
1780595662.103982,70.32592070000828,70478,0.037109,-0.026367,1.05127,2.320611,3.122137,-0.557252,1.052255,3.929823,7403,11997,4594,7403,0,99.602,6,normal
1780595662.1338184,70.35575699999754,70510,0.0625,-0.00708,1.057617,1.122137,3.038168,-1.099237,1.059486,3.420231,7407,12003,4596,7407,0,99.602,0,normal
1780595662.1660428,70.38798139999562,70540,0.047119,-0.034668,1.050049,2.21374,3.061069,-0.732824,1.051677,3.848093,7408,12006,4598,7408,1,99.602,18,normal
1780595662.1967459,70.41868460000842,70572,0.039062,-0.030029,1.05542,1.70229,2.48855,-0.587786,1.056569,3.071834,7413,12013,4600,7413,0,99.602,1,normal
1780595662.2281537,70.45009240000218,70603,0.064697,-0.022705,1.070312,1.114504,3.045802,-1.022901,1.072506,3.400787,7415,12017,4602,7415,0,99.602,0,normal
1780595662.2588694,70.48080800000753,70634,0.049316,-0.050537,1.05542,2.10687,2.480916,-0.59542,1.057779,3.308832,7417,12022,4605,7417,1,99.602,14,normal
1780595662.2905004,70.5124388999975,70665,0.041016,-0.010498,1.049072,1.183206,2.480916,-0.305344,1.049926,2.76553,7422,12029,4607,7422,0,99.602,1,normal
1780595662.320675,70.54261340000085,70696,0.009277,-0.049072,1.048828,1.022901,2.549618,-0.763359,1.050016,2.851245,7424,12033,4609,7424,0,99.602,0,normal
1780595662.3530202,70.57495870000275,70727,0.050781,-0.017822,1.055176,2.717557,3.236641,-0.091603,1.056547,4.227216,7427,12038,4611,7427,1,99.602,14,normal
1780595662.3831027,70.60504120000405,70758,0.044922,-0.009277,1.034424,0.732824,2.732824,-1.076336,1.03544,3.027187,7432,12045,4613,7432,0,103.571,0,normal
1780595662.4142802,70.63621880000574,70789,0.042236,-0.03418,1.066406,1.641221,2.572519,-0.328244,1.067789,3.069072,7434,12049,4615,7434,0,103.571,1,normal
1780595662.4459774,70.66791610000655,70820,0.04541,-0.035645,1.059814,2.29771,2.854962,-0.832061,1.061386,3.758005,7438,12055,4617,7438,0,103.571,6,normal
1780595662.4753966,70.69733530000667,70851,0.053711,-0.018799,1.048096,0.763359,3.183206,-0.832061,1.049639,3.37755,7442,12061,4619,7442,0,103.571,0,normal
1780595662.5070312,70.72896979999496,70881,0.037354,-0.024902,1.061279,1.91603,2.625954,-0.641221,1.062228,3.313302,7444,12065,4621,7444,0,103.571,0,normal
1780595662.5384588,70.76039749999472,70912,0.055664,-0.038086,1.062256,2.045802,3.007634,-0.351145,1.064395,3.654376,7448,12071,4623,7448,0,103.571,5,normal
1780595662.570537,70.7924755999993,70944,0.047363,-0.01416,1.06958,1.137405,3.21374,-0.748092,1.070722,3.490194,7452,12077,4625,7452,0,103.571,0,normal
1780595662.6018338,70.82377240000642,70976,0.052002,-0.057861,1.060791,2.274809,2.725191,-0.557252,1.06364,3.59332,7454,12082,4628,7454,1,103.571,14,normal
1780595662.6328464,70.85478500000318,71007,0.045898,-0.026611,1.057129,1.320611,2.603053,-0.770992,1.058459,3.018994,7459,12089,4630,7459,0,103.571,1,normal
1780595662.6636698,70.88560850000067,71038,0.024902,-0.057129,1.059326,0.977099,2.496183,-0.923664,1.061158,2.835279,7461,12093,4632,7461,0,103.571,0,normal
1780595662.694303,70.91624170000432,71069,0.04541,-0.019043,1.043701,2.671756,2.862595,-0.328244,1.044862,3.929437,7464,12098,4634,7464,1,103.571,14,normal
1780595662.7262313,70.9481700000033,71101,0.034912,0.001953,1.053467,0.351145,3.19084,-1.282443,1.054047,3.456793,7467,12103,4636,7467,0,103.571,0,normal
1780595662.7574313,70.97936990000017,71132,0.039062,-0.033447,1.056396,1.923664,2.877863,-0.541985,1.057647,3.503759,7469,12107,4638,7469,0,103.571,1,normal
1780595662.7898607,71.01179940000293,71164,0.035889,-0.026367,1.052002,1.740458,2.877863,-0.648855,1.052944,3.425244,7474,12114,4640,7474,0,103.571,3,normal
1780595662.8208683,71.04280680000375,71195,0.048828,-0.013916,1.062012,0.885496,3.801527,-0.778626,1.063225,3.980197,7477,12119,4642,7477,0,103.571,0,normal
1780595662.852304,71.07424260000698,71226,0.034668,-0.053955,1.038086,2.10687,3.015267,-0.564886,1.040065,3.721536,7479,12124,4645,7479,1,103.571,14,normal
1780595662.8832912,71.1052297999995,71258,0.054688,-0.014404,1.047119,1.305344,2.519084,-0.80916,1.048645,2.95033,7484,12131,4647,7484,0,103.571,0,normal
1780595662.914459,71.13639770000009,71289,0.038818,-0.053467,1.05127,1.229008,2.236641,-0.442748,1.053344,2.590183,7486,12135,4649,7486,0,99.602,0,normal
1780595662.945064,71.16700270000729,71320,0.053955,-0.016113,1.052734,2.832061,3.442748,-0.412214,1.054239,4.476942,7489,12140,4651,7489,1,99.602,14,normal
1780595662.9772563,71.19919480000681,71351,0.068115,-0.020508,1.053467,0.717557,2.458015,-1.167939,1.055866,2.814393,7493,12145,4652,7493,0,99.602,5,normal
1780595663.0116162,71.23355489999813,71382,0.044434,-0.025146,1.064697,1.938931,2.633588,-0.465649,1.065921,3.303342,7495,12149,4654,7495,0,99.602,0,normal
1780595663.0395749,71.26151340000797,71413,0.046631,-0.032471,1.053955,2.114504,3.083969,-0.603053,1.055486,3.787567,7500,12155,4655,7500,0,99.602,6,normal
1780595663.06915,71.2910886000027,71445,0.035889,-0.002441,1.059814,1.091603,3.656489,-1.21374,1.060425,4.004332,7504,12161,4657,7504,0,99.602,1,normal
1780595663.1021073,71.32404599999427,71476,0.023193,-0.039551,1.042725,2.129771,2.458015,-0.625954,1.043732,3.312036,7506,12166,4660,7506,1,99.602,14,normal
1780595663.1317682,71.35370690000127,71507,0.036377,-0.005371,1.047119,1.519084,2.396947,-0.923664,1.047765,2.984313,7512,12173,4661,7512,0,99.602,0,normal
1780595663.1637845,71.38572310000018,71538,0.048096,-0.014404,1.068848,0.877863,3.114504,-0.908397,1.070026,3.360946,7514,12177,4663,7514,0,99.602,1,normal
1780595663.1943452,71.41628380000475,71569,0.042969,-0.033691,1.047119,2.587786,2.709924,-0.648855,1.048542,3.802806,7516,12182,4666,7516,1,107.143,13,normal
1780595663.2245588,71.44649750000099,71600,0.037109,-0.009277,1.042969,0.961832,2.80916,-0.709924,1.04367,3.052948,7521,12189,4668,7521,0,107.143,0,normal
1780595663.256314,71.47825270000612,71631,0.027588,-0.049805,1.053467,1.526718,2.656489,-0.900763,1.055004,3.193614,7523,12193,4670,7523,0,107.143,0,normal
1780595663.2862453,71.50818390000495,71662,0.053467,-0.004395,1.062744,3.091603,3.40458,-0.70229,1.064097,4.652138,7526,12198,4672,7526,1,107.143,14,normal
1780595663.317557,71.53949579999608,71692,0.060303,-0.016357,1.042969,0.564886,2.824427,-1.061069,1.044839,3.069585,7531,12205,4674,7531,0,107.143,0,normal
1780595663.3489802,71.57091870000295,71723,0.052246,-0.035156,1.072022,1.725191,2.709924,-0.648855,1.07387,3.277344,7533,12209,4676,7533,0,107.143,0,normal
1780595663.3805544,71.60249309999926,71754,0.053955,-0.018555,1.051758,2.687023,3.366412,-0.48855,1.053304,4.334916,7536,12213,4677,7536,0,107.143,5,normal
1780595663.4119098,71.63384840000072,71786,0.055664,-0.01709,1.051514,1.129771,3.122137,-1.206107,1.053125,3.532537,7540,12219,4679,7540,0,107.143,0,normal
1780595663.4432898,71.66522830000031,71817,0.039551,-0.037109,1.049805,2.145038,2.839695,-0.290076,1.051205,3.570602,7542,12224,4682,7542,1,107.143,14,normal
1780595663.4732955,71.69523399999889,71849,0.027832,-0.000488,1.059814,1.19084,2.59542,-0.687023,1.06018,2.937057,7547,12231,4684,7547,0,110.714,0,normal
1780595663.5048776,71.72681619999639,71879,0.044189,-0.005615,1.069336,1.145038,2.832061,-1.412214,1.070263,3.365417,7549,12235,4686,7549,0,110.714,0,normal
1780595663.5362458,71.7581843999942,71910,0.036865,-0.049805,1.047363,2.022901,2.679389,-0.51145,1.049195,3.396003,7551,12240,4689,7551,1,110.714,14,normal
1780595663.5669713,71.78890980000142,71941,0.035889,-0.015625,1.047119,1.160305,2.664122,-0.862595,1.04785,3.031159,7556,12247,4691,7556,0,110.714,0,normal
1780595663.5975106,71.81944910000311,71972,0.022705,-0.055664,1.041992,1.282443,2.458015,-0.80916,1.043725,2.88812,7558,12251,4693,7558,0,110.714,1,normal
1780595663.629647,71.85158570000203,72003,0.033936,-0.013916,1.045898,2.793893,3.137405,-0.496183,1.046541,4.230289,7561,12256,4695,7561,1,110.714,14,normal
1780595663.661164,71.88310269999783,72035,0.052002,-0.013428,1.053467,0.70229,3.251908,-0.671756,1.054835,3.39402,7564,12261,4697,7564,0,110.714,0,normal
1780595663.6925404,71.91447899999912,72066,0.047363,-0.042725,1.056885,1.954198,3.167939,-0.625954,1.058808,3.77446,7566,12265,4699,7566,0,110.714,1,normal
1780595663.7225096,71.94444829999702,72097,0.038818,-0.036621,1.059082,2.129771,3.122137,-0.694656,1.060426,3.842683,7571,12271,4700,7571,0,110.714,6,normal
1780595663.754219,71.9761576000019,72128,0.043945,-0.006592,1.053223,0.89313,3.679389,-1.198473,1.05416,3.971388,7575,12277,4702,7575,0,100.358,0,normal
1780595663.7846181,72.00655669999833,72159,0.039551,-0.041748,1.038574,1.923664,2.671756,-0.29771,1.040165,3.305661,7577,12282,4705,7577,1,100.358,14,normal
1780595663.8167667,72.03870540000207,72191,0.039795,0.001221,1.045654,0.977099,2.664122,-0.793893,1.046412,2.946614,7581,12287,4706,7581,0,100.358,1,normal
1780595663.8474617,72.06940039999608,72222,0.035645,-0.048584,1.052978,0.992366,2.312977,-0.931298,1.054701,2.683648,7583,12291,4708,7583,0,100.358,0,normal
1780595663.8792238,72.10116249999555,72253,0.064209,-0.040527,1.051514,2.633588,3.290076,-0.725191,1.054251,4.276247,7586,12296,4710,7586,1,100.358,14,normal
1780595663.9094846,72.13142330000119,72285,0.027344,-0.005615,1.050781,0.839695,2.969466,-1.160305,1.051152,3.296835,7591,12303,4712,7591,0,100.358,1,normal
1780595663.9406729,72.16261149999627,72316,0.037598,-0.022217,1.055176,1.770992,2.763359,-0.763359,1.056079,3.36976,7593,12307,4714,7593,0,100.358,0,normal
1780595663.9722712,72.19420990000071,72347,0.04834,-0.03125,1.067383,1.862595,3.061069,-0.763359,1.068934,3.663621,7597,12313,4716,7597,0,100.358,6,normal
1780595664.0034735,72.22541210000054,72378,0.047852,-0.023926,1.050537,0.938931,3.694656,-0.992366,1.051898,3.939146,7601,12319,4718,7601,0,104.0,1,normal
1780595664.0343857,72.25632440000481,72409,0.046631,-0.026367,1.052002,2.343511,2.770992,-0.274809,1.053365,3.639501,7603,12324,4721,7603,1,104.0,13,normal
1780595664.0656633,72.2876019999967,72440,0.037354,-0.02417,1.051025,1.709924,2.633588,-0.725191,1.051967,3.222658,7607,12330,4723,7607,1,104.0,3,normal
1780595664.0964935,72.31843220000155,72471,0.044678,-0.014648,1.069092,1.312977,2.78626,-0.961832,1.070125,3.226805,7610,12335,4725,7610,0,104.0,0,normal
1780595664.1283,72.35023860000365,72502,0.042725,-0.049072,1.053711,2.122137,2.954198,-0.419847,1.055718,3.66156,7612,12340,4728,7612,1,104.0,14,normal
1780595664.1575863,72.37952489999589,72533,0.019043,-0.007568,1.041992,0.862595,2.267176,-0.732824,1.042194,2.534006,7617,12347,4730,7617,0,104.0,0,normal
1780595664.1898186,72.41175719999592,72564,0.021973,-0.050537,1.057617,0.748092,2.633588,-1.038168,1.059052,2.928006,7618,12349,4731,7618,0,104.0,6,normal
1780595664.220626,72.44256480000331,72595,0.057129,-0.029297,1.049316,2.603053,2.961832,-0.412214,1.051279,3.964626,7620,12354,4734,7620,1,104.0,14,normal
1780595664.251697,72.47363560000667,72626,0.052979,-0.012939,1.049805,0.801527,2.854962,-0.687023,1.05122,3.043888,7625,12361,4736,7625,0,104.0,0,normal
1780595664.2824445,72.50438300000678,72657,0.027588,-0.033936,1.0625,1.587786,2.465649,-0.610687,1.0634,2.995568,7627,12365,4738,7627,0,93.19,0,normal
1780595664.3139749,72.53591340000276,72688,0.046875,-0.025391,1.064941,2.78626,2.877863,-0.480916,1.066275,4.034429,7631,12371,4740,7631,0,93.19,5,normal
1780595664.346371,72.56830949999858,72720,0.046143,-0.023682,1.050293,0.992366,3.083969,-0.793893,1.051573,3.335555,7635,12377,4742,7635,0,93.19,1,normal
1780595664.3821175,72.60405609999725,72757,0.047363,-0.033936,1.054932,2.59542,3.221374,-0.206107,1.056539,4.141972,7638,12383,4745,7638,0,93.19,6,normal
1780595664.4114835,72.6334222000005,72787,0.028809,-0.007324,1.049805,0.587786,2.80916,-1.08397,1.050225,3.067876,7642,12389,4747,7642,0,93.19,0,normal
1780595664.4410796,72.66301829999429,72817,0.047607,-0.044678,1.0625,1.557252,2.816794,-0.770992,1.064504,3.309651,7644,12393,4749,7644,0,93.19,0,normal
1780595664.4714046,72.69334310000704,72847,0.03125,-0.00708,1.047607,2.610687,3.587786,-0.648855,1.048097,4.484296,7647,12398,4751,7647,1,93.19,14,normal
1780595664.5024886,72.72442719999526,72877,0.03833,-0.014648,1.052978,0.366412,2.832061,-0.931298,1.053778,3.003688,7652,12405,4753,7652,0,93.19,0,normal
1780595664.534771,72.75670959999843,72908,0.026367,-0.037842,1.061768,1.618321,2.496183,-0.679389,1.062769,3.051469,7654,12409,4755,7654,0,107.57,0,normal
1780595664.5655017,72.78744030000234,72939,0.047363,-0.025146,1.059814,2.51145,3.450382,-0.435114,1.06117,4.289737,7658,12415,4757,7658,0,107.57,5,normal
1780595664.5961792,72.81811779999407,72970,0.041992,-0.01001,1.046387,0.435114,3.496183,-1.206107,1.047277,3.723884,7662,12421,4759,7662,0,107.57,0,normal
1780595664.6272242,72.84916270000394,73001,0.052979,-0.04248,1.052734,2.152672,2.938931,-0.21374,1.054922,3.649246,7663,12423,4760,7663,0,107.57,5,normal
1780595664.658414,72.88035259999742,73032,0.043701,-0.016357,1.055176,2.091603,2.519084,-0.694656,1.056207,3.347108,7668,12429,4761,7668,0,107.57,5,normal
1780595664.6875813,72.90951979999954,73063,0.04248,0.002197,1.058838,1.0,3.435115,-0.847328,1.059692,3.67668,7672,12435,4763,7672,0,107.57,1,normal
1780595664.7190466,72.9409852999961,73093,0.046143,-0.033936,1.061523,2.328244,2.954198,-0.519084,1.063068,3.797033,7674,12440,4766,7674,1,107.57,14,normal
1780595664.749603,72.97154159999627,73124,0.032715,-0.024414,1.046875,1.885496,2.854962,-0.358779,1.047671,3.440149,7678,12446,4768,7678,0,107.57,4,normal
1780595664.7806451,73.00258380000014,73155,0.053955,-0.015625,1.06958,0.984733,3.274809,-0.778626,1.071054,3.507183,7681,12451,4770,7681,0,107.57,1,normal
1780595664.8118665,73.03380520000064,73186,0.0354,-0.048096,1.050293,2.389313,2.770992,-0.473282,1.051989,3.689338,7683,12456,4773,7683,1,104.317,13,normal
1780595664.8418083,73.06374700000742,73217,0.041504,-0.006836,1.039795,1.458015,2.221374,-0.618321,1.040645,2.728119,7688,12463,4775,7688,0,104.317,0,normal
1780595664.8734922,73.09543090000807,73248,0.042969,-0.048584,1.046875,1.236641,2.740458,-0.664122,1.048882,3.079034,7690,12467,4777,7690,0,104.317,0,normal
1780595664.9036658,73.12560430000303,73279,0.053467,-0.008545,1.052978,2.709924,3.496183,-0.564886,1.05437,4.459381,7693,12472,4779,7693,1,104.317,14,normal
1780595664.9352975,73.15723609999986,73310,0.046387,0.003662,1.044678,0.687023,3.061069,-0.770992,1.045713,3.230568,7698,12479,4781,7698,0,104.317,0,normal
1780595664.9659288,73.18786730000284,73341,0.039062,-0.04834,1.054199,2.045802,2.374046,-0.770992,1.05603,3.227356,7700,12483,4783,7700,0,104.317,0,normal
1780595664.9975123,73.2194509999972,73372,0.059082,-0.015381,1.056396,2.694656,3.847328,-0.206107,1.058159,4.701658,7704,12489,4785,7704,0,104.317,5,normal
1780595665.028312,73.25025050000113,73404,0.064453,-0.005615,1.06958,0.70229,3.40458,-1.076336,1.071535,3.639076,7706,12493,4787,7706,0,104.317,1,normal
1780595665.060449,73.28238760000386,73434,0.043457,-0.043945,1.05957,2.465649,3.320611,-0.175573,1.061371,4.139651,7708,12497,4789,7708,0,104.317,0,normal
1780595665.1072733,73.32921189999615,73465,0.047119,-0.019287,1.057373,1.603053,3.007634,-0.78626,1.058598,3.497691,7713,12503,4790,7713,0,107.527,5,normal
1780595665.1241395,73.34607810000307,73497,0.055176,-0.01709,1.068604,1.19084,3.427481,-1.221374,1.070164,3.828509,7717,12509,4792,7717,0,107.527,1,normal
1780595665.153162,73.375100499994,73528,0.044434,-0.045166,1.048584,2.152672,3.099237,-0.740458,1.050496,3.845457,7719,12514,4795,7719,1,107.527,14,normal
1780595665.1848085,73.40674720000243,73559,0.052979,-0.006592,1.048828,1.389313,2.282443,-0.732824,1.050186,2.770698,7724,12521,4797,7724,0,107.527,0,normal
1780595665.2161224,73.43806109999423,73590,0.037109,-0.044678,1.060791,1.122137,2.80916,-0.839695,1.06238,3.139372,7726,12525,4799,7726,0,107.527,1,normal
1780595665.2462296,73.46816820000822,73621,0.057861,-0.001465,1.05542,3.022901,3.053435,-0.748092,1.057006,4.361312,7729,12530,4801,7729,1,107.527,13,normal
1780595665.2783072,73.50024570000824,73652,0.064697,-0.011475,1.044922,0.59542,3.068702,-1.015267,1.046986,3.286674,7734,12537,4803,7734,0,107.527,0,normal
1780595665.3087919,73.53073060000315,73683,0.046875,-0.04541,1.068604,1.839695,2.496183,-0.984733,1.070595,3.253476,7736,12541,4805,7736,0,107.527,0,normal
1780595665.3394923,73.56143090000842,73714,0.056641,-0.020752,1.05957,2.633588,3.923664,-0.351145,1.061286,4.73859,7740,12547,4807,7740,0,107.527,5,normal
1780595665.3703413,73.59227999999712,73745,0.057129,-0.017334,1.052246,0.572519,3.427481,-0.961832,1.053938,3.605624,7744,12553,4809,7744,0,110.714,0,normal
1780595665.4027517,73.6246902999992,73776,0.064209,-0.042725,1.058594,2.10687,3.152672,-0.335878,1.061399,3.806712,7746,12557,4811,7746,0,110.714,0,normal
1780595665.4337542,73.65569290000712,73807,0.049561,-0.016846,1.050781,1.687023,2.755725,-0.564886,1.052084,3.280116,7751,12563,4812,7751,0,110.714,5,normal
1780595665.4650447,73.68698329999461,73839,0.042236,-0.014893,1.061523,1.122137,3.045802,-1.076336,1.062468,3.419737,7753,12567,4814,7753,0,110.714,1,normal
1780595665.4956584,73.71759689999453,73870,0.0354,-0.05249,1.049316,2.343511,2.70229,-0.618321,1.051225,3.629978,7755,12572,4817,7755,1,110.714,14,normal
1780595665.5270743,73.74901300000784,73901,0.060059,-0.017578,1.045898,1.282443,2.259542,-0.70229,1.047769,2.691357,7761,12579,4818,7761,0,110.714,0,normal
1780595665.5564406,73.77837909999653,73932,0.034424,-0.053955,1.060059,1.10687,2.59542,-0.923664,1.061989,2.968926,7763,12583,4820,7763,0,110.714,0,normal
1780595665.588548,73.81048650000594,73962,0.037109,-0.047607,1.053223,2.625954,3.083969,-0.366412,1.054951,4.067034,7765,12588,4823,7765,1,110.714,13,normal
1780595665.618874,73.840812800001,73993,0.04834,0.00415,1.047852,1.08397,2.671756,-0.839695,1.048974,3.003058,7770,12595,4825,7770,0,110.714,0,normal
1780595665.649799,73.87173780000012,74024,0.038574,-0.047363,1.053955,1.442748,2.694656,-0.549618,1.055724,3.105604,7772,12599,4827,7772,0,100.358,0,normal
1780595665.681378,73.90331660000084,74055,0.041992,-0.012939,1.044922,2.763359,3.564885,-0.694656,1.045845,4.563672,7775,12604,4829,7775,1,100.358,14,normal
1780595665.7107346,73.93267310000374,74086,0.039307,-0.008057,1.046143,0.633588,3.114504,-1.007634,1.046912,3.334201,7780,12611,4831,7780,0,100.358,0,normal
1780595665.7429962,73.96493489999557,74117,0.047363,-0.033447,1.053467,1.900763,2.847328,-0.587786,1.055061,3.473568,7782,12615,4833,7782,0,100.358,0,normal
1780595665.7741733,73.99611190000724,74148,0.046143,-0.031494,1.057373,2.374046,3.167939,-0.603053,1.058848,4.004448,7786,12621,4835,7786,0,100.358,6,normal
1780595665.8054388,74.0273773999943,74180,0.064453,0.015381,1.058106,0.847328,3.412214,-0.763359,1.060178,3.597761,7790,12627,4837,7790,0,100.358,0,normal
1780595665.8378282,74.0597667999973,74211,0.036133,-0.057861,1.034424,2.473282,2.900763,-0.564886,1.036671,3.853654,7792,12632,4840,7792,1,100.358,15,normal
1780595665.8685791,74.09051779999572,74243,0.04248,-0.013672,1.046143,1.183206,3.076336,-0.396947,1.047094,3.319847,7797,12639,4842,7797,0,100.358,0,normal
1780595665.9015384,74.12347710000176,74274,0.018799,-0.050537,1.051758,1.312977,2.473282,-0.839695,1.053139,2.923375,7799,12643,4844,7799,0,108.0,1,normal
1780595665.930029,74.15196760000254,74305,0.040039,-0.015137,1.046143,2.740458,3.137405,-0.946565,1.047018,4.271932,7802,12648,4846,7802,1,108.0,14,normal
1780595665.9612272,74.183165800001,74336,0.049805,0.011475,1.050537,0.541985,2.877863,-0.778626,1.05178,3.030198,7807,12655,4848,7807,0,108.0,0,normal
1780595665.9936628,74.21560150000732,74367,0.026367,-0.035645,1.056396,1.854962,2.717557,-0.465649,1.057326,3.323075,7808,12657,4849,7808,0,108.0,5,normal
1780595666.0307355,74.25267400000303,74399,0.040527,-0.033936,1.065674,2.129771,2.839695,-0.450382,1.066984,3.578077,7812,12663,4851,7812,0,108.0,6,normal
1780595666.0558343,74.27777299999434,74430,0.041748,-0.003418,1.047363,1.167939,3.526718,-1.099237,1.0482,3.874292,7816,12669,4853,7816,0,108.0,0,normal
1780595666.085848,74.30778679999639,74461,0.05249,-0.051025,1.040527,2.0,2.778626,-0.358779,1.043099,3.442308,7818,12674,4856,7818,1,108.0,14,normal
1780595666.117443,74.33938160000253,74491,0.043701,-0.017822,1.045898,1.91603,2.801527,-0.992366,1.046963,3.536173,7822,12679,4857,7822,0,108.0,5,normal
1780595666.146579,74.3685175999999,74522,0.039795,-0.005859,1.062988,0.916031,3.633588,-1.129771,1.063749,3.91388,7826,12685,4859,7826,0,108.0,0,normal
1780595666.1783566,74.40029530000174,74553,0.042725,-0.044678,1.057129,2.312977,2.664122,-0.412214,1.058935,3.552088,7828,12690,4862,7828,1,103.943,14,normal
1780595666.2099624,74.4319009000028,74584,0.031738,-0.006104,1.049561,1.198473,2.534351,-0.625954,1.050058,2.872472,7834,12697,4863,7834,0,103.943,0,normal
1780595666.240924,74.46286250000412,74615,0.029053,-0.049316,1.057129,1.015267,2.450382,-1.007634,1.058677,2.837334,7836,12701,4865,7836,0,103.943,1,normal
1780595666.272207,74.49414569999499,74646,0.046631,-0.04248,1.052734,2.916031,3.061069,-0.687023,1.054622,4.28315,7837,12704,4867,7837,1,103.943,17,normal
1780595666.3022468,74.52418530000432,74677,0.053955,-0.00293,1.045898,0.931298,2.793893,-0.89313,1.047293,3.077472,7842,12711,4869,7842,0,103.943,0,normal
1780595666.3341017,74.55604039999889,74708,0.041504,-0.053467,1.050049,1.175572,2.465649,-1.145038,1.052228,2.961842,7844,12715,4871,7844,0,103.943,0,normal
1780595666.3640647,74.5860032000055,74739,0.040283,-0.005371,1.056641,2.763359,3.206107,-0.435114,1.057422,4.25495,7847,12720,4873,7847,1,103.943,14,normal
1780595666.3946517,74.61659030000737,74769,0.045166,0.006348,1.038086,0.854962,2.725191,-0.755725,1.039087,2.954445,7852,12727,4875,7852,0,103.943,0,normal
1780595666.4264724,74.6484111000027,74800,0.048584,-0.047363,1.057129,2.091603,2.732824,-0.916031,1.059304,3.561214,7853,12729,4876,7853,0,103.943,6,normal
1780595666.4574218,74.67936049999844,74831,0.042969,-0.014648,1.057129,2.763359,3.442748,-0.442748,1.058103,4.436743,7857,12735,4878,7857,0,104.317,5,normal
1780595666.4872708,74.70920949999709,74862,0.043213,-0.018555,1.056396,0.473282,3.717557,-1.030534,1.057443,3.886673,7861,12741,4880,7861,0,104.317,0,normal
1780595666.5193539,74.74129249999532,74893,0.049805,-0.049561,1.050781,2.221374,3.236641,-0.450382,1.053128,3.951353,7863,12745,4882,7863,0,104.317,0,normal
1780595666.551298,74.77323649999744,74924,0.056885,-0.01709,1.066894,1.755725,3.022901,-0.793893,1.068546,3.584796,7868,12751,4883,7868,0,104.317,5,normal
1780595666.581076,74.80301440000767,74956,0.037842,-0.020752,1.0625,0.984733,2.938931,-1.358779,1.063376,3.384272,7872,12757,4885,7872,0,104.317,1,normal
1780595666.6130998,74.83503849999397,74987,0.040283,-0.046875,1.041016,1.992366,2.977099,-0.114504,1.042849,3.584097,7874,12762,4888,7874,1,104.317,14,normal
1780595666.6443257,74.86626429999887,75019,0.043457,-0.002197,1.046631,1.007634,2.679389,-0.740458,1.047535,2.956811,7879,12769,4890,7879,0,104.317,0,normal
1780595666.6768887,74.89882719999878,75050,0.044189,-0.049561,1.056396,1.694656,2.694656,-0.854962,1.058481,3.296057,7881,12773,4892,7881,0,104.317,1,normal
1780595666.708147,74.93008570000529,75082,0.032471,-0.009033,1.05835,2.496183,3.251908,-0.534351,1.058886,4.134171,7885,12779,4894,7885,0,111.554,6,normal
1780595666.739364,74.96130249999987,75113,0.049072,-0.027344,1.054199,0.641221,3.137405,-1.19084,1.055695,3.416515,7889,12785,4896,7889,0,111.554,0,normal
1780595666.7704446,74.99238320000586,75144,0.057617,-0.043701,1.053711,2.068702,3.053435,-0.534351,1.05619,3.726731,7891,12789,4898,7891,0,111.554,0,normal
1780595666.8016477,75.02358619999723,75175,0.035156,-0.031738,1.05249,2.022901,2.549618,-0.801527,1.053555,3.351884,7896,12795,4899,7896,0,111.554,5,normal
1780595666.8318288,75.05376749999414,75206,0.047607,-0.012207,1.066406,1.198473,3.793893,-0.877863,1.067538,4.074384,7898,12799,4901,7898,0,111.554,0,normal
1780595666.8622348,75.08417339999869,75237,0.03125,-0.043945,1.046631,2.053435,2.419847,-0.129771,1.048019,3.176334,7900,12804,4904,7900,1,111.554,14,normal
1780595666.8952339,75.11717240000144,75268,0.027588,-0.009766,1.055908,0.633588,2.671756,-0.778626,1.056314,2.854115,7906,12811,4905,7906,0,111.554,0,normal
1780595666.924804,75.14674260000174,75299,0.033447,-0.028809,1.05835,0.496183,2.870229,-1.145038,1.05927,3.12978,7908,12815,4907,7908,0,111.554,0,normal
1780595666.957486,75.17942450000555,75330,0.053955,-0.029785,1.052978,2.824427,3.160305,-0.366412,1.05478,4.254313,7910,12820,4910,7910,1,111.554,14,normal
1780595666.9873033,75.20924189999641,75362,0.045898,-0.00708,1.04541,0.396947,2.51145,-1.198473,1.046441,2.810923,7915,12827,4912,7915,0,107.143,0,normal
1780595667.019527,75.24146560000372,75393,0.054443,-0.041748,1.052246,1.91603,2.687023,-0.870229,1.05448,3.412999,7917,12831,4914,7917,0,107.143,1,normal
1780595667.0501163,75.27205480000703,75424,0.050537,-0.019043,1.05835,2.145038,3.526718,-0.770992,1.059727,4.199209,7921,12837,4916,7921,0,107.143,6,normal
1780595667.0808954,75.3028340000019,75455,0.055664,-0.018555,1.056641,0.687023,3.030534,-1.0,1.058268,3.264374,7924,12841,4917,7924,0,107.143,6,normal
1780595667.121285,75.3432235000073,75485,0.031006,-0.036133,1.061035,1.931298,2.847328,-0.694656,1.062103,3.509948,7926,12845,4919,7926,0,107.143,0,normal
1780595667.1411526,75.36309120000806,75516,0.041016,-0.032959,1.067139,2.312977,3.076336,-0.824427,1.068435,3.936164,7930,12851,4921,7930,0,107.143,5,normal
1780595667.1726072,75.39454570000817,75547,0.046143,-0.014404,1.054932,0.816794,3.725191,-1.053435,1.056038,3.956504,7934,12857,4923,7934,0,107.143,0,normal
1780595667.2037418,75.42568050000409,75578,0.049805,-0.043945,1.054932,2.312977,2.709924,-0.374046,1.057021,3.582382,7936,12862,4926,7936,1,107.143,14,normal
1780595667.236022,75.45796050000354,75609,0.023438,-0.010986,1.053955,1.740458,2.572519,-0.961832,1.054273,3.251487,7940,12867,4927,7940,0,107.143,5,normal
1780595667.2652624,75.48720089999551,75640,0.046143,-0.010986,1.064209,1.045802,3.335878,-1.167939,1.065266,3.685901,7942,12871,4929,7942,0,97.122,0,normal
1780595667.2973342,75.5192728999973,75671,0.024414,-0.04834,1.040772,2.206107,2.992366,-0.312977,1.04218,3.730833,7944,12876,4932,7944,1,97.122,14,normal
1780595667.3276188,75.54955739999423,75702,0.034424,-0.015137,1.04834,1.091603,2.519084,-0.755725,1.049014,2.847543,7949,12883,4934,7949,0,97.122,0,normal
1780595667.3601906,75.58212920000369,75733,0.020752,-0.056396,1.046143,1.129771,2.564885,-0.938931,1.047867,2.955776,7951,12887,4936,7951,0,97.122,1,normal
1780595667.390494,75.61243269999977,75764,0.04126,-0.009033,1.059326,2.671756,2.748092,-0.656489,1.060168,3.888607,7954,12892,4938,7954,1,97.122,14,normal
1780595667.4208956,75.64283409999916,75795,0.031982,-0.010742,1.051514,0.564886,2.694656,-0.862595,1.052055,2.885193,7959,12899,4940,7959,0,97.122,0,normal
1780595667.451384,75.67332260000694,75826,0.023682,-0.030762,1.051758,1.954198,2.282443,-0.793893,1.052474,3.107845,7961,12903,4942,7961,0,97.122,1,normal
1780595667.4821613,75.70409990000189,75857,0.03833,-0.017822,1.055664,2.412214,3.725191,-0.709924,1.05651,4.49442,7965,12909,4944,7965,0,97.122,6,normal
1780595667.5145707,75.73650929999712,75888,0.04126,-0.015625,1.043701,0.480916,2.78626,-1.022901,1.044633,3.0068,7969,12915,4946,7969,0,97.122,0,normal
1780595667.545076,75.76701460000186,75919,0.050293,-0.04126,1.055664,2.435115,3.328244,-0.412214,1.057666,4.144504,7971,12919,4948,7971,1,103.943,0,normal
1780595667.5765948,75.79853339999681,75950,0.038086,-0.018799,1.05542,1.961832,2.824427,-0.633588,1.056274,3.4968,7976,12925,4949,7976,0,103.943,5,normal
1780595667.6059556,75.8278941000026,75981,0.040039,-0.007324,1.061523,1.198473,3.587786,-0.694656,1.062304,3.845919,7980,12931,4951,7980,0,103.943,0,normal
1780595667.6394737,75.86141230000067,76012,0.033203,-0.047852,1.046387,2.122137,2.862595,-0.343511,1.048006,3.579933,7981,12934,4953,7981,1,103.943,17,normal
1780595667.6703136,75.89225230000739,76044,0.046143,-0.01709,1.051514,1.328244,2.717557,-0.442748,1.052664,3.057021,7986,12941,4955,7986,0,103.943,1,normal
1780595667.7007983,75.92273679999926,76075,0.04126,-0.061279,1.054199,1.129771,2.160305,-0.824427,1.056784,2.573516,7988,12945,4957,7988,0,103.943,1,normal
1780595667.7305896,75.95252829999663,76106,0.048828,-0.004639,1.059326,2.458015,3.236641,-0.587786,1.060461,4.10648,7991,12950,4959,7991,1,103.943,14,normal
1780595667.76263,75.98456850000366,76137,0.04541,0.003662,1.046875,0.442748,2.80916,-1.137405,1.047866,3.062857,7996,12957,4961,7996,0,103.943,0,normal
1780595667.7936783,76.01561679999577,76168,0.039551,-0.037598,1.060547,2.160305,2.389313,-1.129771,1.06195,3.41352,7998,12961,4963,7998,0,103.943,1,normal
1780595667.8253517,76.0472904000053,76200,0.047363,-0.033691,1.058594,2.076336,3.007634,-0.59542,1.060188,3.702912,8001,12967,4966,8001,0,106.762,6,normal
1780595667.8559806,76.0779193000053,76231,0.053467,-0.001709,1.059814,0.89313,3.221374,-1.183206,1.061164,3.546112,8005,12973,4968,8005,0,106.762,0,normal
1780595667.8881364,76.11007490000338,76262,0.054932,-0.0354,1.046875,2.244275,2.519084,-0.450382,1.048913,3.403733,8007,12978,4971,8007,1,106.762,14,normal
1780595667.918734,76.14067269999941,76293,0.036377,-0.003418,1.047852,1.671756,2.10687,-1.091603,1.048488,2.902631,8012,12985,4973,8012,0,106.762,1,normal
1780595667.948629,76.17056749999756,76324,0.05835,-0.022461,1.071045,0.908397,3.59542,-0.877863,1.072868,3.810888,8014,12989,4975,8014,0,106.762,0,normal
1780595667.9809313,76.2028699000075,76355,0.040283,-0.050537,1.050293,2.061069,2.564885,-0.709924,1.05228,3.3661,8016,12994,4978,8016,1,106.762,14,normal
1780595668.01271,76.23464880000392,76387,0.05249,-0.009521,1.057861,0.938931,2.816794,-0.641221,1.059206,3.037612,8021,13001,4980,8021,0,106.762,1,normal
1780595668.0437815,76.2657201999973,76418,0.026611,-0.044678,1.063965,1.496183,2.503817,-0.778626,1.065235,3.018927,8023,13005,4982,8023,0,106.762,0,normal
1780595668.076199,76.298137699996,76449,0.034424,-0.013184,1.058106,2.992366,3.053435,-0.580153,1.058747,4.314429,8026,13009,4983,8026,0,106.762,6,normal
1780595668.106706,76.32864459999837,76481,0.051758,-0.025146,1.051025,0.572519,3.679389,-1.496183,1.052599,4.01301,8030,13015,4985,8030,0,103.203,0,normal
1780595668.1390114,76.36095010000281,76512,0.061768,-0.027832,1.057129,2.129771,2.541985,-0.251908,1.059298,3.325818,8032,13020,4988,8032,1,103.203,14,normal
1780595668.1707387,76.3926771999977,76544,0.040283,-0.004639,1.056641,1.450382,2.541985,-0.694656,1.057418,3.007963,8038,13027,4989,8038,0,103.203,0,normal
1780595668.2019594,76.4238980000082,76575,0.050293,-0.024414,1.077637,1.068702,2.549618,-1.152672,1.079086,2.995218,8040,13031,4991,8040,0,103.203,0,normal
1780595668.2317207,76.45365920000768,76606,0.056152,-0.052734,1.053711,1.977099,3.045802,-0.328244,1.056523,3.646035,8042,13036,4994,8042,1,103.203,14,normal
1780595668.2631907,76.4851292999956,76637,0.055176,-0.013428,1.043457,1.160305,2.603053,-0.687023,1.045001,2.931586,8047,13043,4996,8047,0,103.203,0,normal
1780595668.2941139,76.5160523999948,76668,0.04126,-0.049072,1.049072,1.08397,2.526718,-0.839695,1.051029,2.874783,8049,13047,4998,8049,0,103.203,0,normal
1780595668.3241253,76.54606380000769,76699,0.052002,-0.006348,1.049805,3.045802,2.923664,-0.877863,1.051111,4.312234,8052,13052,5000,8052,1,103.203,14,normal
1780595668.3555543,76.57749290000356,76730,0.057129,-0.012939,1.036377,0.992366,2.473282,-0.969466,1.038031,2.835803,8057,13059,5002,8057,0,103.203,1,normal
1780595668.386837,76.60877570000594,76761,0.040283,-0.041748,1.057617,1.770992,2.580153,-0.961832,1.059207,3.273946,8059,13063,5004,8059,0,103.571,0,normal
1780595668.4189165,76.6408550000051,76792,0.052734,-0.036865,1.053955,2.312977,2.969466,-1.007634,1.055917,3.896526,8063,13069,5006,8063,0,103.571,6,normal
1780595668.4516912,76.67362980000325,76824,0.036621,0.008301,1.064697,0.732824,3.916031,-0.900763,1.065359,4.084569,8066,13073,5007,8066,0,103.571,5,normal
1780595668.481166,76.70310440000321,76855,0.044434,-0.04126,1.061768,2.152672,2.396947,-0.557252,1.063498,3.269538,8068,13078,5010,8068,1,103.571,14,normal
1780595668.5129566,76.73489520000294,76886,0.032471,0.000244,1.05249,1.091603,2.801527,-0.801527,1.052991,3.111687,8073,13085,5012,8073,0,103.571,0,normal
1780595668.5445127,76.76645130000543,76918,0.03833,-0.057373,1.046143,1.068702,2.694656,-0.78626,1.048416,3.003582,8075,13089,5014,8075,0,103.571,1,normal
1780595668.5756032,76.79754179999873,76949,0.056396,-0.014893,1.057617,3.038168,3.51145,-0.381679,1.059224,4.659016,8078,13094,5016,8078,1,103.571,13,normal
1780595668.6059616,76.82790020000539,76980,0.029785,0.007324,1.056152,0.633588,2.839695,-0.938931,1.056598,3.057269,8083,13101,5018,8083,0,103.571,0,normal
1780595668.6363366,76.85827510000672,77011,0.04248,-0.042236,1.060303,1.748092,2.717557,-0.900763,1.061994,3.354447,8085,13105,5020,8085,0,104.0,0,normal
1780595668.6681266,76.89006530000188,77042,0.05127,-0.016846,1.063477,2.633588,3.122137,-0.618321,1.064845,4.131083,8089,13111,5022,8089,0,104.0,5,normal
1780595668.6986892,76.9206278000056,77073,0.045898,-0.017822,1.046875,0.839695,2.59542,-0.748092,1.048032,2.828592,8093,13117,5024,8093,0,104.0,0,normal
1780595668.7308183,76.95275700000639,77104,0.059326,-0.039795,1.052734,2.519084,3.007634,-0.312977,1.055155,3.935683,8094,13119,5025,8094,1,104.0,5,normal
1780595668.7610083,76.98294689999602,77135,0.043945,-0.022949,1.054443,2.145038,2.847328,-0.610687,1.055608,3.616822,8099,13125,5026,8099,0,104.0,5,normal
1780595668.7926593,77.0145979999943,77166,0.047363,-0.006104,1.06958,0.969466,3.557252,-1.160305,1.070646,3.865257,8103,13131,5028,8103,0,104.0,0,normal
1780595668.8234048,77.04534340000828,77197,0.031738,-0.04126,1.050293,2.053435,2.89313,-0.671756,1.051582,3.610824,8105,13136,5031,8105,1,104.0,14,normal
1780595668.856336,77.0782748000056,77229,0.046631,-0.013184,1.056885,1.473282,2.381679,-0.633588,1.057995,2.871305,8110,13143,5033,8110,0,104.0,1,normal
1780595668.8865213,77.10845990000234,77260,0.034912,-0.046875,1.062012,1.389313,2.145038,-0.763359,1.063619,2.667226,8111,13145,5034,8111,0,104.0,5,normal
1780595668.9172156,77.13915430000634,77291,0.056885,-0.003174,1.056641,2.992366,2.992366,-0.145038,1.058175,4.23433,8114,13150,5036,8114,1,103.571,14,normal
1780595668.9475973,77.16953579999972,77322,0.049561,-0.001465,1.052978,0.641221,2.053435,-1.122137,1.054145,2.426304,8119,13157,5038,8119,0,103.571,0,normal
1780595668.9782007,77.20013939999626,77353,0.043457,-0.026367,1.057617,1.992366,2.358779,-0.801527,1.058838,3.189954,8121,13161,5040,8121,0,103.571,1,normal
1780595669.0097492,77.23168769999756,77384,0.043701,-0.038086,1.062012,2.076336,3.465649,-0.59542,1.063593,4.083677,8125,13167,5042,8125,0,103.571,6,normal
1780595669.0514355,77.27337409999745,77415,0.059814,-0.021973,1.052978,0.572519,3.221374,-0.854962,1.054905,3.381714,8129,13173,5044,8129,0,103.571,0,normal
1780595669.0723104,77.29424899999867,77446,0.064941,-0.050781,1.058106,2.656489,2.854962,-0.534351,1.061312,3.936149,8131,13178,5047,8131,1,103.571,14,normal
1780595669.1027055,77.32464400000754,77477,0.047607,-0.028564,1.059082,2.061069,2.610687,-0.587786,1.060536,3.377748,8135,13183,5048,8135,0,103.571,6,normal
1780595669.1339974,77.3559360000072,77508,0.047607,-0.011475,1.070557,0.854962,3.778626,-0.854962,1.071676,3.967358,8139,13189,5050,8139,0,103.571,0,normal
1780595669.1651125,77.38705109999864,77539,0.036621,-0.050537,1.045898,2.076336,2.847328,-0.442748,1.047759,3.551686,8141,13194,5053,8141,1,103.571,14,normal
1780595669.1966603,77.41859889999614,77570,0.040283,-0.006104,1.053223,0.679389,2.229008,-0.671756,1.05401,2.42514,8147,13201,5054,8147,0,118.28,1,normal
1780595669.2282932,77.45023180000135,77601,0.034424,-0.052979,1.062988,0.70229,2.534351,-1.076336,1.064864,2.841592,8149,13205,5056,8149,0,118.28,0,normal
1780595669.258492,77.48043049999978,77632,0.059814,-0.022705,1.047852,2.931298,2.847328,-0.549618,1.049803,4.123332,8151,13210,5059,8151,1,118.28,14,normal
1780595669.2889335,77.51087209999969,77664,0.029297,-0.009521,1.047363,0.48855,2.435115,-0.908397,1.047816,2.644551,8156,13217,5061,8156,0,118.28,1,normal
1780595669.320642,77.54258049999771,77695,0.039062,-0.0354,1.053467,1.938931,3.129771,-0.625954,1.054785,3.734534,8158,13221,5063,8158,0,118.28,0,normal
1780595669.3519986,77.57393719999527,77726,0.035645,-0.035645,1.063232,2.175573,3.335878,-0.549618,1.064427,4.020358,8162,13227,5065,8162,0,118.28,6,normal
1780595669.3847764,77.60671490000095,77758,0.052734,0.011719,1.054443,0.862595,3.473282,-1.290076,1.055826,3.804216,8165,13231,5066,8165,0,118.28,5,normal
1780595669.4151933,77.63713200000348,77789,0.054932,-0.041748,1.042725,2.061069,3.274809,-0.328244,1.045005,3.883314,8167,13236,5069,8167,1,118.28,15,normal
1780595669.4465659,77.66850450000493,77820,0.030518,-0.010742,1.053223,1.343511,2.969466,-0.480916,1.053719,3.294546,8173,13243,5070,8173,0,104.0,0,normal
1780595669.475906,77.69784459999937,77851,0.053955,-0.044434,1.060791,1.053435,3.076336,-0.877863,1.063091,3.368117,8175,13247,5072,8175,0,104.0,0,normal
1780595669.5073664,77.72930500000075,77882,0.050537,-0.050537,1.051514,2.480916,3.129771,-0.282443,1.05394,4.003772,8177,13252,5075,8177,1,104.0,14,normal
1780595669.5373914,77.75933010000153,77913,0.053223,-0.006592,1.051514,1.29771,2.648855,-0.923664,1.05288,3.090896,8181,13257,5076,8181,0,104.0,6,normal
1780595669.5688279,77.79076649999479,77943,0.044678,-0.046875,1.059082,1.053435,2.519084,-0.839695,1.06106,2.856676,8183,13261,5078,8183,0,104.0,0,normal
1780595669.5998826,77.82182120000653,77974,0.042969,-0.003906,1.046631,3.022901,3.122137,-0.70229,1.04752,4.402145,8185,13266,5081,8185,1,104.0,14,normal
1780595669.630383,77.85232160000305,78005,0.039307,0.003174,1.056885,0.549618,2.625954,-0.847328,1.05762,2.813482,8190,13273,5083,8190,0,104.0,0,normal
1780595669.6618674,77.88380589999724,78036,0.036865,-0.052734,1.057373,1.694656,3.0,-1.007634,1.059329,3.589873,8192,13277,5085,8192,0,104.0,0,normal
1780595669.692187,77.91412570000102,78066,0.047363,-0.018066,1.054443,2.656489,3.603053,-0.51145,1.055661,4.505608,8195,13282,5087,8195,1,104.0,14,normal
1780595669.7237363,77.94567489999463,78097,0.049561,-0.023682,1.058106,0.435114,2.267176,-1.48855,1.05953,2.746851,8200,13289,5089,8200,0,97.473,1,normal
1780595669.754809,77.97674739999638,78128,0.045898,-0.038086,1.064209,1.824428,2.648855,-1.152672,1.065879,3.416668,8202,13293,5091,8202,0,97.473,0,normal
1780595669.7861004,78.0080389000068,78159,0.045166,-0.031006,1.060791,2.458015,2.824427,-0.694656,1.062205,3.80812,8206,13299,5093,8206,0,97.473,6,normal
1780595669.8172047,78.03914340000483,78191,0.05127,0.00708,1.060059,0.793893,3.48855,-1.175572,1.061321,3.765928,8210,13305,5095,8210,0,97.473,1,normal
1780595669.8479834,78.06992189999437,78222,0.032471,-0.041504,1.039795,2.320611,2.198473,-0.343511,1.041129,3.215046,8212,13310,5098,8212,1,97.473,15,normal
1780595669.8781714,78.1001099999994,78253,0.040527,-0.000977,1.057129,1.618321,2.351145,-0.633588,1.057906,2.923744,8218,13317,5099,8218,0,97.473,0,normal
1780595669.9102585,78.13219709999976,78284,0.056396,-0.023193,1.067139,0.832061,3.412214,-1.08397,1.06888,3.675666,8220,13321,5101,8220,0,97.473,0,normal
1780595669.9410224,78.16296099999454,78315,0.050781,-0.033203,1.054932,2.603053,2.587786,-0.564886,1.056675,3.713707,8221,13324,5103,8221,1,97.473,18,normal
1780595669.9768176,78.19875609999872,78352,0.037354,-0.008789,1.040527,0.992366,2.480916,-0.816794,1.041235,2.794081,8226,13331,5105,8226,0,101.961,0,normal
1780595670.009625,78.23156359999848,78383,0.030029,-0.052734,1.040772,2.19084,2.671756,-0.328244,1.042539,3.470706,8228,13336,5108,8228,1,101.961,14,normal
1780595670.040636,78.26257469999837,78414,0.041504,-0.01709,1.050537,1.274809,2.656489,-0.679389,1.051496,3.023845,8233,13343,5110,8233,0,101.961,1,normal
1780595670.0713904,78.29332900000736,78445,0.030518,-0.052979,1.064697,1.152672,2.412214,-0.816794,1.066451,2.795457,8235,13347,5112,8235,0,101.961,0,normal
1780595670.101766,78.323704800001,78476,0.040771,-0.002441,1.047363,2.877863,3.732824,-0.549618,1.048159,4.74533,8238,13352,5114,8238,1,101.961,14,normal
1780595670.1323864,78.35432500000752,78507,0.033936,-0.009277,1.045166,0.587786,2.450382,-1.175572,1.045758,2.780618,8243,13359,5116,8243,0,101.961,1,normal
1780595670.163494,78.38543270000082,78537,0.037598,-0.054688,1.056396,1.389313,2.312977,-0.572519,1.058479,2.75823,8245,13363,5118,8245,0,101.961,1,normal
1780595670.1945493,78.41648790000181,78568,0.047852,-0.016602,1.056152,2.59542,3.21374,-0.351145,1.057366,4.145797,8249,13369,5120,8249,0,101.961,6,normal
1780595670.2252047,78.44714340000064,78599,0.041748,-0.021729,1.057617,0.549618,2.419847,-1.396947,1.058664,2.847666,8251,13373,5122,8251,0,101.961,0,normal
1780595670.2570345,78.4789732000063,78630,0.046631,-0.03833,1.057617,2.129771,2.954198,-0.664122,1.059338,3.701928,8253,13377,5124,8253,0,97.122,1,normal
1780595670.287365,78.50930350000272,78661,0.053467,-0.032471,1.056152,2.251908,2.877863,-0.435114,1.058003,3.680015,8258,13383,5125,8258,0,97.122,6,normal
1780595670.3184526,78.54039130000456,78692,0.054443,0.013428,1.063721,1.022901,3.259542,-0.908397,1.065198,3.534986,8262,13389,5127,8262,0,97.122,0,normal
1780595670.349196,78.57113460000255,78723,0.062012,-0.036621,1.049072,2.198473,2.664122,-0.59542,1.051541,3.505047,8264,13394,5130,8264,1,97.122,14,normal
1780595670.3803227,78.602261299995,78754,0.045898,-0.024658,1.042236,1.832061,2.465649,-0.343511,1.043538,3.090934,8267,13399,5132,8267,0,97.122,1,normal
1780595670.4119933,78.63393189999624,78786,0.050781,-0.032227,1.062744,1.038168,2.557252,-0.816794,1.064445,2.878278,8269,13403,5134,8269,0,97.122,0,normal
1780595670.442856,78.66479460000119,78817,0.043945,-0.019043,1.043945,3.022901,2.725191,-0.519084,1.045043,4.102931,8271,13408,5137,8271,1,97.122,14,normal
1780595670.4727314,78.69466999999713,78848,0.037842,0.008301,1.045166,1.068702,2.572519,-1.145038,1.045884,3.011825,8276,13415,5139,8276,0,97.122,1,normal
1780595670.5039532,78.72589190000144,78878,0.045166,-0.056396,1.069336,1.19084,2.78626,-0.969466,1.071774,3.181384,8278,13419,5141,8278,0,97.122,1,normal
1780595670.536575,78.75851379999949,78909,0.054688,-0.01709,1.058106,2.48855,3.480916,-0.419847,1.059656,4.299526,8281,13424,5143,8281,1,100.358,14,normal
1780595670.5657835,78.78772209999443,78940,0.043945,-0.011963,1.046631,0.351145,2.625954,-1.282443,1.047621,2.943399,8286,13431,5145,8286,0,100.358,0,normal
1780595670.599082,78.82102070000838,78971,0.050049,-0.043213,1.05957,1.908397,2.603053,-0.793893,1.061632,3.323873,8288,13435,5147,8288,0,100.358,0,normal
1780595670.6283567,78.8502953999996,79002,0.055908,-0.012695,1.053711,2.503817,3.244275,-0.374046,1.05527,4.115134,8292,13441,5149,8292,0,100.358,5,normal
1780595670.6611612,78.88309990000562,79034,0.038818,0.015381,1.055664,0.832061,3.679389,-1.305344,1.05649,3.99176,8296,13447,5151,8296,0,100.358,0,normal
1780595670.692691,78.91462979999778,79066,0.034424,-0.049561,1.041016,2.480916,2.732824,-0.221374,1.042763,3.697605,8298,13452,5154,8298,1,100.358,14,normal
1780595670.7231872,78.94512590000522,79097,0.037109,0.004395,1.049316,1.045802,2.687023,-0.427481,1.049982,2.914882,8303,13459,5156,8303,0,100.358,1,normal
1780595670.7532563,78.97519490000559,79128,0.046143,-0.032471,1.062012,0.877863,2.70229,-0.908397,1.06351,2.982985,8305,13463,5158,8305,0,100.358,0,normal
1780595670.785922,79.00786070000322,79159,0.05542,-0.016602,1.045166,2.709924,2.832061,-0.694656,1.046766,3.980804,8307,13468,5161,8307,1,104.0,14,normal
1780595670.8155625,79.0375012000004,79190,0.03833,0.010986,1.042725,1.129771,2.709924,-0.801527,1.043487,3.043438,8312,13475,5163,8312,0,104.0,0,normal
1780595670.8482594,79.07019810000202,79221,0.033203,-0.041748,1.064209,1.59542,2.671756,-0.816794,1.065545,3.217265,8314,13479,5165,8314,0,104.0,1,normal
1780595670.878001,79.09993959999701,79252,0.04126,-0.011719,1.057861,3.061069,3.687023,-0.854962,1.05873,4.867776,8317,13484,5167,8317,0,104.0,15,normal
1780595670.9088867,79.13082540000323,79283,0.037842,-0.012939,1.048828,0.129771,3.305344,-1.099237,1.04959,3.485751,8321,13489,5168,8321,0,104.0,6,normal
1780595670.9398756,79.16181410000718,79314,0.026611,-0.035645,1.05542,2.022901,2.335878,-0.839695,1.056357,3.202115,8323,13493,5170,8323,0,104.0,0,normal
1780595670.9721866,79.19412509999529,79345,0.043213,-0.030762,1.056641,2.282443,3.351145,-0.687023,1.057971,4.112386,8327,13499,5172,8327,0,104.0,5,normal
1780595671.0011978,79.22313640000357,79376,0.04541,-0.006348,1.056152,0.778626,3.045802,-1.366412,1.057147,3.427864,8331,13505,5174,8331,0,104.0,0,normal
1780595671.0336616,79.25560010000481,79407,0.038086,-0.04126,1.047363,2.328244,2.748092,-0.358779,1.048867,3.619593,8333,13510,5177,8333,1,104.0,14,normal
1780595671.0661132,79.28805190000276,79439,0.053711,-0.000732,1.052246,1.10687,2.557252,-1.015267,1.053616,2.965715,8338,13517,5179,8338,0,110.714,0,normal
1780595671.0972576,79.31919629999902,79471,0.039062,-0.052002,1.054199,1.229008,2.725191,-0.732824,1.056204,3.078012,8340,13521,5181,8340,0,110.714,1,normal
1780595671.1285832,79.35052170000563,79502,0.06665,-0.015381,1.052002,2.78626,3.519084,-0.954198,1.054223,4.588866,8343,13526,5183,8343,1,110.714,13,normal
1780595671.159551,79.38148959999671,79533,0.051025,-0.012451,1.049805,0.221374,3.160305,-0.977099,1.051118,3.315307,8348,13533,5185,8348,0,110.714,0,normal
1780595671.1893678,79.41130649999832,79564,0.044434,-0.034668,1.064941,2.038168,2.40458,-0.977099,1.066432,3.30013,8349,13535,5186,8349,0,110.714,5,normal
1780595671.2193875,79.44132620000164,79594,0.037354,-0.008301,1.047119,3.068702,3.40458,-0.175573,1.047818,4.58682,8352,13540,5188,8352,1,110.714,14,normal
1780595671.249596,79.4715348000027,79624,0.041016,0.003906,1.055176,0.648855,2.496183,-0.885496,1.05598,2.726912,8357,13547,5190,8357,0,110.714,0,normal
1780595671.2808924,79.502831100006,79655,0.049561,-0.058594,1.059814,1.763359,2.480916,-0.679389,1.062589,3.118645,8359,13551,5192,8359,0,110.714,0,normal
1780595671.3125136,79.53445210000791,79686,0.045898,-0.020264,1.058106,2.641221,3.351145,-0.458015,1.059294,4.291386,8363,13557,5194,8363,0,110.714,5,normal
1780595671.3432825,79.56522099999711,79718,0.045898,-0.003662,1.050781,1.10687,3.358779,-0.900763,1.05179,3.649374,8366,13561,5195,8366,0,100.358,5,normal
1780595671.374981,79.59691960000782,79749,0.05127,-0.045166,1.04126,2.473282,2.740458,-0.335878,1.043499,3.706757,8368,13566,5198,8368,1,100.358,14,normal
1780595671.4082892,79.63022780000756,79781,0.048828,0.003174,1.055176,1.442748,2.580153,-0.618321,1.05631,3.020104,8373,13573,5200,8373,0,100.358,0,normal
1780595671.4399083,79.661846899995,79813,0.032471,-0.057373,1.043945,0.664122,2.442748,-0.603053,1.046025,2.602259,8375,13577,5202,8375,0,100.358,1,normal
1780595671.46935,79.69128870000714,79844,0.05127,-0.008301,1.055908,2.80916,3.198473,-0.480916,1.057185,4.284028,8378,13582,5204,8378,1,100.358,13,normal
1780595671.5005064,79.72244510000746,79875,0.060059,-0.000977,1.052246,0.610687,2.48855,-0.877863,1.053959,2.70859,8382,13587,5205,8382,0,100.358,6,normal
1780595671.5307627,79.75270140000794,79906,0.046875,-0.053711,1.066162,2.053435,2.29771,-1.0,1.068543,3.239764,8384,13591,5207,8384,0,100.358,0,normal
1780595671.561841,79.78377959999489,79936,0.055664,-0.017822,1.054932,3.10687,3.351145,-0.381679,1.056549,4.585684,8387,13596,5209,8387,1,100.358,14,normal
1780595671.5922935,79.81423200000427,79967,0.038574,-0.005371,1.037598,0.572519,2.427481,-1.099237,1.038328,2.725576,8392,13603,5211,8392,0,100.358,0,normal
1780595671.623433,79.8453717000084,79998,0.037354,-0.029541,1.053711,1.70229,3.015267,-0.770992,1.054787,3.547402,8394,13607,5213,8394,0,100.0,0,normal
1780595671.6539898,79.87592839999706,80028,0.041016,-0.011719,1.055664,2.946565,3.740458,-0.549618,1.056526,4.793261,8398,13613,5215,8398,0,100.0,5,normal
1780595671.684375,79.90631370000483,80059,0.035645,-0.018799,1.052002,0.099237,3.29771,-1.389313,1.052774,3.579795,8402,13619,5217,8402,0,100.0,1,normal
1780595671.7148201,79.93675870000152,80089,0.037842,-0.033936,1.064453,1.862595,2.603053,-0.793893,1.065666,3.297789,8404,13623,5219,8404,0,100.0,0,normal
1780595671.7466784,79.96861690000514,80120,0.050781,-0.0354,1.053955,2.320611,3.145038,-0.694656,1.055771,3.969767,8408,13629,5221,8408,0,100.0,6,normal
1780595671.7771144,79.99905300000682,80152,0.037598,0.001221,1.061035,0.916031,3.709924,-0.977099,1.061702,3.944283,8412,13635,5223,8412,0,100.0,0,normal
1780595671.8096263,80.0315649999975,80183,0.047607,-0.040039,1.047852,2.122137,2.885496,-0.549618,1.049696,3.62376,8414,13640,5226,8414,1,100.0,14,normal
1780595671.8404732,80.06241189999855,80214,0.042969,-0.013184,1.052246,1.541985,2.0,-0.770992,1.053206,2.640482,8420,13647,5227,8420,0,100.0,1,normal
1780595671.8716776,80.09361630000058,80245,0.055908,-0.01416,1.066894,1.08397,3.015267,-0.854962,1.068452,3.316291,8422,13651,5229,8422,0,100.0,0,normal
1780595671.902257,80.1241955000005,80276,0.040771,-0.044922,1.040527,2.083969,3.015267,-0.473282,1.042294,3.695776,8424,13656,5232,8424,1,107.914,14,normal
1780595671.931995,80.15393359999871,80307,0.052734,-0.018311,1.050537,0.954198,2.59542,-0.641221,1.052019,2.838638,8429,13663,5234,8429,0,107.914,1,normal
1780595671.9644456,80.18638430000283,80338,0.039307,-0.05835,1.061035,1.381679,2.274809,-0.732824,1.063365,2.760584,8431,13667,5236,8431,0,107.914,0,normal
1780595671.9958336,80.21777220000513,80369,0.047119,-0.019287,1.05957,2.847328,3.099237,-0.671756,1.060793,4.261902,8434,13672,5238,8434,1,107.914,14,normal
1780595672.0273201,80.24925870000152,80401,0.046387,-0.017334,1.052002,0.29771,3.236641,-1.030534,1.053167,3.409762,8439,13679,5240,8439,0,107.914,1,normal
1780595672.0585134,80.28045190000557,80432,0.025879,-0.043945,1.055176,1.923664,2.862595,-0.465649,1.056408,3.480196,8440,13681,5241,8440,0,107.914,5,normal
1780595672.0891793,80.31111789999704,80463,0.035156,-0.031738,1.056641,2.0,3.290076,-0.740458,1.057702,3.920826,8445,13687,5242,8445,0,107.914,6,normal
1780595672.1201475,80.34208610000496,80494,0.043213,0.000244,1.057861,0.916031,3.282443,-1.290076,1.058744,3.643877,8449,13693,5244,8449,0,107.914,0,normal
1780595672.1509619,80.37290050000593,80525,0.03833,-0.039795,1.050293,2.198473,2.70229,-0.503817,1.051745,3.51987,8451,13698,5247,8451,1,107.914,14,normal
1780595672.1828053,80.40474389999872,80556,0.03418,-0.010254,1.060547,1.824428,2.290076,-0.755725,1.061147,3.023922,8456,13705,5249,8456,0,114.286,1,normal
1780595672.214681,80.43661960000463,80588,0.038086,-0.039795,1.056152,0.885496,2.282443,-0.763359,1.057588,2.564442,8458,13709,5251,8458,0,114.286,0,normal
1780595672.24649,80.46842849999666,80619,0.062744,-0.009277,1.057373,2.969466,2.885496,-0.496183,1.059274,4.170134,8461,13714,5253,8461,1,114.286,14,normal
1780595672.2756603,80.49759889999405,80650,0.056152,-0.000488,1.043945,0.916031,2.78626,-0.740458,1.045454,3.025001,8466,13721,5255,8466,0,114.286,1,normal
1780595672.308405,80.53034349999507,80681,0.038086,-0.046387,1.054443,1.816794,2.541985,-0.648855,1.05615,3.19115,8468,13725,5257,8468,0,114.286,1,normal
1780595672.3397794,80.56171789999644,80713,0.063477,-0.022949,1.063232,2.679389,3.832061,-0.732824,1.065373,4.732954,8472,13731,5259,8472,0,114.286,6,normal
1780595672.3712578,80.59319650000543,80744,0.051758,-0.012207,1.04248,0.725191,2.748092,-0.847328,1.043836,2.965784,8476,13737,5261,8476,0,114.286,0,normal
1780595672.4006076,80.62254630000098,80775,0.056885,-0.042969,1.049805,2.312977,3.21374,-0.900763,1.052222,4.06071,8478,13742,5264,8478,1,114.286,14,normal
1780595672.4326444,80.65458289999515,80806,0.041504,-0.021729,1.063232,1.984733,2.70229,-0.458015,1.064264,3.383979,8482,13747,5265,8482,0,104.0,5,normal
1780595672.4629838,80.68492250000418,80837,0.05542,0.015869,1.056396,0.778626,3.801527,-0.832061,1.057968,3.968651,8486,13753,5267,8486,0,104.0,0,normal
1780595672.4949327,80.71687129999918,80868,0.044678,-0.043701,1.045654,2.229008,2.824427,-0.358779,1.04752,3.61588,8487,13756,5269,8487,1,104.0,17,normal
1780595672.5250273,80.74696600000607,80899,0.050781,0.000244,1.051025,1.770992,2.625954,-0.931298,1.052251,3.301418,8492,13763,5271,8492,0,104.0,0,normal
1780595672.5562687,80.77820729999803,80930,0.036621,-0.027344,1.061035,0.587786,3.21374,-1.007634,1.062019,3.41891,8494,13767,5273,8494,0,104.0,1,normal
1780595672.5871308,80.80906929999765,80961,0.04248,-0.054688,1.050293,2.343511,2.503817,-0.335878,1.052573,3.445861,8496,13772,5276,8496,1,104.0,13,normal
1780595672.6178994,80.83983799999987,80992,0.059326,0.002197,1.054199,1.21374,3.160305,-0.557252,1.055869,3.430922,8501,13779,5278,8501,0,104.0,0,normal
1780595672.6500232,80.87196180000319,81023,0.050781,-0.05127,1.064941,1.366412,2.473282,-0.816794,1.067384,2.94132,8502,13781,5279,8502,0,104.0,5,normal
1780595672.6808577,80.90279629999714,81054,0.040771,-0.013916,1.047119,2.862595,3.534351,-0.427481,1.048005,4.568242,8505,13786,5281,8505,1,104.0,14,normal
1780595672.7111044,80.93304299999727,81085,0.039307,-0.004395,1.038574,0.656489,3.59542,-1.175572,1.039327,3.83927,8510,13793,5283,8510,0,100.358,0,normal
1780595672.741342,80.96328070000163,81115,0.051758,-0.054932,1.05127,1.610687,2.328244,-0.694656,1.053975,2.915061,8512,13797,5285,8512,0,100.358,0,normal
1780595672.773579,80.99551750000683,81146,0.048584,-0.01416,1.061035,2.664122,3.633588,-0.740458,1.062241,4.566047,8516,13803,5287,8516,0,100.358,5,normal
1780595672.8048933,81.02683180000167,81178,0.045654,-0.006592,1.046387,1.10687,3.580153,-0.961832,1.047403,3.868821,8519,13807,5288,8519,0,100.358,5,normal
1780595672.8358684,81.05780700000469,81209,0.043457,-0.036377,1.062012,2.328244,3.259542,-0.709924,1.063523,4.068086,8521,13812,5291,8521,1,100.358,13,normal
1780595672.8654914,81.08742999999959,81240,0.039551,-0.01709,1.050049,1.671756,2.70229,-0.442748,1.050932,3.208296,8525,13818,5293,8525,0,100.358,3,normal
1780595672.896773,81.11871170000813,81271,0.049805,-0.009277,1.066406,1.229008,3.022901,-1.19084,1.067609,3.473685,8528,13823,5295,8528,0,100.358,0,normal
1780595672.928418,81.15035660000285,81302,0.031006,-0.036133,1.043945,2.290076,2.419847,-0.305344,1.04503,3.345646,8530,13828,5298,8530,1,100.358,14,normal
1780595672.9595087,81.18144719999691,81334,0.0354,-0.008301,1.044434,1.229008,2.717557,-0.541985,1.045066,3.03139,8535,13835,5300,8535,0,100.358,0,normal
1780595672.990911,81.212849500007,81364,0.01001,-0.052734,1.051514,1.038168,2.419847,-0.740458,1.052883,2.735275,8537,13839,5302,8537,0,96.774,0,normal
1780595673.021775,81.24371360000805,81395,0.044922,-0.025635,1.056641,2.770992,2.480916,-0.358779,1.057906,3.736585,8539,13844,5305,8539,1,96.774,14,normal
1780595673.0515368,81.27347539999755,81426,0.040771,-0.000244,1.046631,1.129771,2.748092,-0.435114,1.047425,3.002951,8544,13851,5307,8544,0,96.774,0,normal
1780595673.0829258,81.30486449999444,81457,0.038818,-0.047607,1.05127,1.564886,2.465649,-0.664122,1.053063,2.994887,8546,13855,5309,8546,0,96.774,1,normal
1780595673.1149256,81.33686429999943,81488,0.037842,-0.012207,1.05249,2.870229,3.59542,-0.496183,1.053241,4.627252,8550,13861,5311,8550,0,96.774,6,normal
1780595673.144879,81.366817800008,81519,0.031738,-0.015137,1.052246,-0.015267,3.183206,-1.015267,1.052833,3.341228,8554,13867,5313,8554,0,96.774,0,normal
1780595673.176358,81.39829670000472,81550,0.04248,-0.024902,1.063965,2.053435,3.122137,-0.877863,1.065104,3.838617,8556,13871,5315,8556,0,96.774,0,normal
1780595673.2079725,81.42991110000003,81581,0.05835,-0.034668,1.055176,2.10687,3.259542,-0.938931,1.057356,3.993132,8560,13877,5317,8560,0,96.774,5,normal
1780595673.238197,81.4601357000065,81612,0.052002,-0.02002,1.061523,0.938931,3.374046,-0.854962,1.062985,3.605099,8564,13883,5319,8564,0,96.774,0,normal
1780595673.2688606,81.49079920000804,81643,0.050537,-0.044189,1.042969,2.40458,3.0,-0.473282,1.045127,3.873758,8566,13888,5322,8566,1,103.943,14,normal
1780595673.298979,81.52091760000621,81673,0.042236,-0.029785,1.061523,1.80916,2.870229,-0.618321,1.062781,3.44871,8570,13893,5323,8570,0,103.943,5,normal
1780595673.33002,81.55195850000018,81705,0.052979,-0.019531,1.068848,1.259542,3.51145,-1.29771,1.070338,3.949782,8574,13899,5325,8574,0,103.943,1,normal
1780595673.3616548,81.5835933000053,81735,0.039795,-0.042725,1.045654,2.053435,3.030534,-0.687023,1.047283,3.724612,8575,13902,5327,8575,1,103.943,18,normal
1780595673.3935344,81.61547299999802,81767,0.046387,-0.02002,1.049805,1.206107,2.633588,-0.526718,1.05102,2.944132,8581,13909,5328,8581,0,103.943,1,normal
1780595673.4266148,81.64855339999485,81799,0.03418,-0.051514,1.054932,1.351145,2.312977,-0.748092,1.056742,2.781204,8583,13913,5330,8583,0,103.943,0,normal
1780595673.4559965,81.67793520000123,81830,0.041992,-0.011719,1.053711,2.862595,3.534351,-0.48855,1.054612,4.57436,8586,13918,5332,8586,1,103.943,14,normal
1780595673.4874423,81.70938090000709,81861,0.040283,-0.00415,1.044434,0.519084,3.305344,-1.129771,1.045218,3.531448,8591,13925,5334,8591,0,103.943,0,normal
1780595673.5185049,81.74044340000546,81892,0.03125,-0.022949,1.053955,1.717557,3.099237,-0.564886,1.054668,3.588087,8593,13929,5336,8593,0,103.943,0,normal
1780595673.5502515,81.77219010000408,81923,0.049561,-0.025146,1.056885,2.305344,3.167939,-0.389313,1.058345,3.93726,8597,13935,5338,8597,0,110.714,5,normal
1780595673.580994,81.80293259999598,81955,0.039062,0.015381,1.057129,0.969466,3.618321,-0.839695,1.057962,3.838905,8601,13941,5340,8601,0,110.714,1,normal
1780595673.6136613,81.83559980000427,81986,0.038818,-0.048584,1.042969,2.167939,2.89313,-0.022901,1.044821,3.61534,8603,13946,5343,8603,1,110.714,14,normal
1780595673.6434305,81.86536910000723,82018,0.049316,-0.005127,1.047852,1.099237,2.549618,-0.664122,1.049024,2.854809,8609,13953,5344,8609,0,110.714,0,normal
1780595673.675653,81.8975916000054,82049,0.03418,-0.047607,1.046143,1.061069,2.48855,-1.068702,1.047783,2.908758,8611,13957,5346,8611,0,110.714,1,normal
1780595673.7072406,81.92917920000036,82080,0.0625,-0.020752,1.052978,2.839695,2.709924,-0.870229,1.055036,4.020554,8614,13962,5348,8614,1,110.714,14,normal
1780595673.7376819,81.95962039999722,82111,0.062012,-0.015625,1.049316,0.717557,2.793893,-0.832061,1.051263,3.002175,8619,13969,5350,8619,0,110.714,0,normal
1780595673.767185,81.98912369999744,82142,0.057617,-0.041992,1.060547,1.778626,2.633588,-1.0,1.062941,3.33156,8621,13973,5352,8621,0,110.714,0,normal
1780595673.7984374,82.02037589999964,82172,0.044189,-0.006836,1.049561,3.015267,3.656489,-0.122137,1.050513,4.740956,8623,13976,5353,8623,1,110.714,16,normal
1780595673.8283048,82.05024330000742,82203,0.04248,-0.005859,1.048096,0.526718,2.526718,-1.328244,1.048973,2.902752,8628,13983,5355,8628,0,110.714,1,normal
1780595673.8607368,82.08267540000088,82234,0.033691,-0.026123,1.053467,1.877863,2.664122,-0.992366,1.054329,3.407155,8630,13987,5357,8630,0,110.714,0,normal
1780595673.8917422,82.11368080000102,82265,0.039795,-0.027344,1.054199,2.259542,3.343511,-0.862595,1.055304,4.12658,8634,13993,5359,8634,0,110.714,6,normal
1780595673.9236531,82.14559179999924,82297,0.053467,0.012451,1.053223,0.793893,3.671756,-1.122137,1.054652,3.920618,8638,13999,5361,8638,0,110.714,1,normal
1780595673.9593115,82.18125009999494,82328,0.051514,-0.032227,1.046143,2.412214,2.519084,-0.099237,1.047906,3.489184,8639,14002,5363,8639,1,110.714,18,normal
1780595673.9862814,82.20821989999968,82359,0.041748,-0.010254,1.054199,1.740458,2.564885,-0.709924,1.055075,3.179909,8645,14009,5364,8645,0,110.714,1,normal
1780595674.0173724,82.23931089999678,82391,0.03418,-0.052734,1.058106,1.038168,2.938931,-0.961832,1.05997,3.261937,8647,14013,5366,8647,0,110.714,0,normal
1780595674.0486128,82.2705513999972,82422,0.065918,-0.036865,1.060547,2.900763,3.10687,-0.465649,1.063233,4.275968,8649,14018,5369,8649,1,110.714,14,normal
1780595674.0792305,82.3011692,82453,0.052734,-0.002197,1.050537,1.251908,2.366412,-0.793893,1.051862,2.792391,8654,14025,5371,8654,0,104.0,1,normal
1780595674.1095982,82.3315367000032,82484,0.052002,-0.048096,1.063721,1.648855,2.59542,-0.70229,1.066076,3.154067,8655,14027,5372,8655,0,104.0,5,normal
1780595674.1421525,82.36409119999735,82515,0.054688,-0.01709,1.059082,2.694656,3.274809,-0.427481,1.060631,4.262428,8659,14033,5374,8659,0,104.0,6,normal
1780595674.1738424,82.39578099999926,82547,0.047119,-0.020996,1.042236,0.732824,3.435115,-1.122137,1.043512,3.687307,8663,14039,5376,8663,0,104.0,0,normal
1780595674.2053328,82.42727139999624,82578,0.053955,-0.054443,1.050293,2.267176,2.847328,-0.40458,1.053086,3.66211,8665,14044,5379,8665,1,104.0,14,normal
1780595674.2346408,82.4565794999944,82609,0.037842,-0.018311,1.061035,2.0,2.824427,-0.908397,1.061868,3.578069,8669,14049,5380,8669,0,104.0,5,normal
1780595674.2635748,82.4855133999954,82639,0.064453,0.001465,1.057129,1.29771,3.145038,-0.89313,1.059093,3.517527,8672,14053,5381,8672,0,104.0,6,normal
1780595674.295669,82.51760760000616,82669,0.044678,-0.042969,1.061523,2.503817,3.274809,-0.366412,1.063332,4.138566,8674,14057,5383,8674,0,104.0,0,normal
1780595674.3269992,82.54893780000566,82700,0.033203,-0.026123,1.050049,1.763359,2.687023,-0.885496,1.050898,3.333711,8679,14063,5384,8679,0,104.0,5,normal
1780595674.3577054,82.57964389999688,82731,0.040283,-0.001953,1.071289,0.80916,2.641221,-1.099237,1.072048,2.973064,8683,14069,5386,8683,0,104.317,1,normal
1780595674.3889031,82.61084180000762,82762,0.034912,-0.04541,1.046875,2.312977,2.51145,-0.48855,1.048441,3.449047,8685,14074,5389,8685,1,104.317,15,normal
1780595674.4198496,82.64178819999506,82794,0.032227,0.002441,1.052246,1.29771,2.557252,-0.694656,1.052742,2.950616,8691,14081,5390,8691,0,104.317,1,normal
1780595674.449953,82.67189159999543,82824,0.047852,-0.016113,1.064697,0.908397,2.648855,-1.229008,1.065894,3.058117,8693,14085,5392,8693,0,104.317,0,normal
1780595674.482682,82.70462069999485,82855,0.046631,-0.046631,1.046631,2.236641,2.824427,-0.717557,1.048706,3.673533,8695,14090,5395,8695,1,104.317,14,normal
1780595674.5121698,82.734108500008,82886,0.03418,-0.012451,1.052002,1.290076,2.557252,-0.473282,1.052631,2.903072,8700,14097,5397,8700,0,104.317,0,normal
1780595674.5436845,82.76562310000008,82917,0.030273,-0.055664,1.060547,1.221374,2.305344,-0.938931,1.062438,2.772716,8702,14101,5399,8702,0,104.317,0,normal
1780595674.574592,82.79653079999844,82948,0.055908,-0.014893,1.062012,2.763359,3.0,-0.557252,1.063587,4.116635,8705,14106,5401,8705,1,104.317,14,normal
1780595674.606123,82.82806159999745,82979,0.049316,-0.013672,1.053467,0.328244,2.740458,-1.030534,1.054709,2.946159,8710,14113,5403,8710,0,104.317,1,normal
1780595674.6358838,82.85782239999389,83010,0.047852,-0.0354,1.057373,1.832061,2.450382,-0.847328,1.059047,3.17471,8712,14117,5405,8712,0,103.943,1,normal
1780595674.6675918,82.88953040000342,83041,0.064697,-0.022705,1.047852,2.740458,3.725191,-0.541985,1.050092,4.656276,8716,14123,5407,8716,0,103.943,6,normal
1780595674.6987224,82.92066089999571,83072,0.056885,-0.01001,1.057861,0.167939,3.328244,-1.358779,1.059437,3.598846,8720,14129,5409,8720,0,103.943,0,normal
1780595674.7294562,82.95139489999565,83103,0.061768,-0.047852,1.05542,2.21374,3.175573,-0.519084,1.058308,3.905682,8722,14133,5411,8722,0,103.943,0,normal
1780595674.7606292,82.98256770000444,83134,0.04248,-0.025635,1.057861,1.923664,2.725191,-0.534351,1.059024,3.378266,8727,14139,5412,8727,0,103.943,5,normal
1780595674.7929876,83.01492630000575,83166,0.045166,-0.016357,1.068848,1.091603,3.847328,-0.969466,1.069927,4.115021,8731,14145,5414,8731,0,103.943,0,normal
1780595674.8239145,83.04585320000479,83197,0.042969,-0.052002,1.053955,2.137405,2.870229,-0.473282,1.056112,3.609808,8733,14150,5417,8733,1,103.943,14,normal
1780595674.8547342,83.07667290000245,83229,0.042236,0.002686,1.051758,1.381679,2.70229,-0.480916,1.052609,3.072896,8738,14157,5419,8738,0,103.943,0,normal
1780595674.8860362,83.10797480000474,83259,0.033447,-0.050293,1.063721,1.419847,2.320611,-1.038168,1.065434,2.911871,8740,14161,5421,8740,0,103.943,0,normal
1780595674.917394,83.13933249999536,83290,0.065186,-0.023438,1.05127,3.007634,2.557252,-0.29771,1.053549,3.959044,8743,14166,5423,8743,1,110.714,14,normal
1780595674.9479735,83.16991199999757,83321,0.043457,0.001221,1.050781,0.969466,2.564885,-1.053435,1.05168,2.937384,8748,14173,5425,8748,0,110.714,0,normal
1780595674.9789512,83.20088980000583,83352,0.050049,-0.035156,1.059326,1.648855,2.541985,-0.847328,1.06109,3.146168,8749,14175,5426,8749,0,110.714,6,normal
1780595675.0093346,83.23127309999836,83383,0.063232,-0.02417,1.064209,2.610687,3.312977,-0.679389,1.06636,4.272362,8753,14181,5428,8753,0,110.714,6,normal
1780595675.0410564,83.26299499999732,83415,0.058594,-0.022217,1.05127,0.923664,3.206107,-1.076336,1.053136,3.50582,8757,14187,5430,8757,0,110.714,1,normal
1780595675.0732155,83.29515400000673,83446,0.053223,-0.04541,1.051025,2.167939,3.351145,-0.412214,1.053351,4.012487,8759,14192,5433,8759,1,110.714,14,normal
1780595675.1024206,83.3243591000064,83477,0.030518,-0.032471,1.048096,1.671756,2.70229,-0.59542,1.049042,3.232903,8763,14198,5435,8763,1,110.714,3,normal
1780595675.1451814,83.3671200999961,83508,0.046875,-0.013916,1.070312,1.259542,2.770992,-1.244275,1.071429,3.288322,8765,14201,5436,8765,0,110.714,5,normal
1780595675.1658912,83.38782970000466,83540,0.028564,-0.044189,1.05127,2.587786,2.70229,-0.580153,1.052586,3.786236,8767,14206,5439,8767,1,96.0,14,normal
1780595675.1972573,83.41919580000103,83571,0.032227,-0.008057,1.050293,1.236641,2.816794,-0.335878,1.050818,3.09458,8772,14213,5441,8772,0,96.0,0,normal
1780595675.227508,83.44944660000328,83601,0.022949,-0.050293,1.068115,0.862595,2.267176,-1.076336,1.069545,2.6538,8774,14217,5443,8774,0,96.0,0,normal
1780595675.2589245,83.48086310000508,83632,0.060547,-0.037109,1.048096,2.755725,3.083969,-0.793893,1.050499,4.211313,8776,14222,5446,8776,1,96.0,14,normal
1780595675.2885604,83.51049899999634,83663,0.047119,0.001709,1.047852,1.038168,2.351145,-0.877863,1.048912,2.715938,8781,14229,5448,8781,0,96.0,1,normal
1780595675.3199925,83.54193120000127,83694,0.036133,-0.047607,1.054199,1.21374,2.335878,-0.938931,1.055892,2.794832,8783,14233,5450,8783,0,96.0,1,normal
1780595675.3518393,83.5737780000054,83725,0.048584,-0.020508,1.052246,2.885496,3.465649,-0.435114,1.053567,4.530578,8787,14239,5452,8787,0,96.0,6,normal
1780595675.382993,83.6049314999982,83756,0.049072,-0.025635,1.051025,0.351145,2.679389,-1.08397,1.052483,2.911601,8791,14245,5454,8791,0,96.0,0,normal
1780595675.4128013,83.63473980000708,83787,0.033447,-0.03125,1.066894,1.89313,2.610687,-0.664122,1.067876,3.29252,8793,14249,5456,8793,0,96.0,0,normal
1780595675.4429998,83.66493840000476,83817,0.042969,-0.018311,1.048828,2.709924,3.534351,-0.519084,1.049868,4.483835,8797,14255,5458,8797,0,108.303,5,normal
1780595675.4755216,83.69746009999653,83848,0.033691,-0.016113,1.04248,0.931298,2.832061,-1.175572,1.043149,3.204662,8801,14261,5460,8801,0,108.303,0,normal
1780595675.5073736,83.72931219999737,83880,0.057861,-0.032227,1.043213,1.91603,3.038168,-0.473282,1.045313,3.622932,8803,14266,5463,8803,1,108.303,14,normal
1780595675.5384848,83.76042350000353,83912,0.036377,-0.000244,1.05249,1.007634,2.725191,-0.900763,1.053119,3.041934,8808,14273,5465,8808,0,108.303,0,normal
1780595675.5772302,83.79916890000459,83950,0.023193,-0.056396,1.050781,0.961832,2.51145,-1.022901,1.052549,2.877296,8810,14278,5468,8810,1,108.303,15,normal
1780595675.6072097,83.82914820000587,83981,0.059814,0.001709,1.053711,1.374046,2.458015,-0.328244,1.055409,2.835064,8815,14285,5470,8815,0,108.303,0,normal
1780595675.6379392,83.85987790000218,84012,0.046143,-0.043213,1.056396,0.931298,3.007634,-0.969466,1.058286,3.294395,8817,14289,5472,8817,0,108.303,0,normal
1780595675.6699095,83.8918479999993,84043,0.057129,-0.005371,1.061768,2.793893,2.801527,-0.709924,1.063317,4.019749,8820,14294,5474,8820,1,108.303,14,normal
1780595675.7011056,83.92304409999633,84074,0.051514,0.009277,1.050293,0.862595,3.114504,-0.694656,1.051596,3.305564,8825,14301,5476,8825,0,108.949,1,normal
1780595675.7330284,83.95496699999785,84105,0.045654,-0.052246,1.057861,1.664122,2.328244,-0.526718,1.060134,2.909889,8826,14303,5477,8826,0,108.949,5,normal
1780595675.7638025,83.98574109999754,84137,0.062988,-0.022217,1.063232,2.229008,3.137405,-0.770992,1.065328,3.925075,8830,14309,5479,8830,0,108.949,6,normal
1780595675.7955914,84.01752989999659,84169,0.052734,-0.004883,1.061768,1.015267,3.442748,-1.206107,1.063088,3.786552,8834,14315,5481,8834,0,108.949,0,normal
1780595675.826296,84.04823460000625,84200,0.032227,-0.043457,1.043945,2.137405,2.549618,-0.366412,1.045346,3.347134,8836,14320,5484,8836,1,108.949,14,normal
1780595675.858317,84.08025539999653,84231,0.027832,-0.016602,1.05835,1.900763,2.89313,-0.648855,1.058846,3.521948,8841,14327,5486,8841,0,108.949,0,normal
1780595675.8901515,84.11208999999508,84263,0.040771,-0.038818,1.060059,0.992366,2.70229,-1.030534,1.061552,3.05764,8842,14329,5487,8842,0,108.949,5,normal
1780595675.920145,84.14208360000339,84294,0.05957,-0.02124,1.053223,2.580153,3.114504,-0.40458,1.05512,4.064604,8844,14334,5490,8844,1,108.949,14,normal
1780595675.9522395,84.17417820000264,84326,0.058594,-0.010498,1.051758,0.549618,2.687023,-1.129771,1.053441,2.966236,8849,14341,5492,8849,0,95.238,0,normal
1780595675.984295,84.20623350000824,84357,0.044678,-0.039795,1.058838,1.91603,2.305344,-0.664122,1.060527,3.070316,8851,14345,5494,8851,0,95.238,1,normal
1780595676.0234997,84.24543840000115,84388,0.062012,-0.019287,1.057861,2.984733,3.374046,-0.557252,1.059853,4.53909,8855,14351,5496,8855,0,95.238,6,normal
1780595676.0445457,84.26648419999401,84419,0.057617,-0.018799,1.051025,0.740458,2.70229,-0.900763,1.052771,2.943132,8858,14355,5497,8858,0,95.238,6,normal
1780595676.0757167,84.29765540000517,84450,0.056885,-0.049805,1.055176,2.244275,3.29771,-0.366412,1.057881,4.005736,8860,14359,5499,8860,0,95.238,0,normal
1780595676.1071658,84.32910440000705,84480,0.04248,-0.031494,1.060059,2.083969,3.21374,-0.458015,1.061377,3.857568,8864,14365,5501,8864,0,95.238,6,normal
1780595676.1388535,84.36079220000829,84512,0.043213,0.015137,1.060059,0.931298,3.328244,-1.007634,1.061047,3.599979,8868,14371,5503,8868,0,95.238,1,normal
1780595676.169914,84.39185260000522,84543,0.031982,-0.04834,1.046143,2.320611,2.351145,-0.48855,1.047747,3.339431,8870,14376,5506,8870,1,95.238,14,normal
1780595676.2033012,84.42523979999532,84576,0.045166,-0.022217,1.053955,0.977099,3.045802,-0.229008,1.055156,3.206879,8882,14389,5507,8882,0,132.0,0,normal
1780595676.2340066,84.45594519999577,84607,0.041748,-0.047852,1.059814,1.496183,2.465649,-1.076336,1.061715,3.07839,8884,14393,5509,8884,0,132.0,0,normal
1780595676.2633033,84.48524180000823,84638,0.041992,0.000488,1.051514,3.061069,3.671756,-0.312977,1.052352,4.790604,8887,14398,5511,8887,1,132.0,14,normal
1780595676.2935958,84.51553449999483,84668,0.046875,-0.001465,1.050781,0.832061,2.59542,-0.984733,1.051827,2.89797,8892,14405,5513,8892,0,132.0,0,normal
1780595676.3243074,84.54624609999883,84698,0.043945,-0.049805,1.058594,1.19084,2.740458,-0.458015,1.060676,3.02291,8894,14409,5515,8894,0,132.0,0,normal
1780595676.3561263,84.57806480000727,84729,0.03833,-0.001953,1.042725,2.770992,3.51145,-0.526718,1.043431,4.50401,8897,14414,5517,8897,1,132.0,14,normal
1780595676.3861556,84.60809409999638,84760,0.042725,-0.003174,1.046387,0.358779,2.503817,-0.931298,1.047263,2.695392,8902,14421,5519,8902,0,132.0,1,normal
1780595676.4163957,84.63833430000523,84791,0.032227,-0.033447,1.065674,1.91603,3.0,-0.816794,1.066685,3.652167,8904,14425,5521,8904,0,132.0,1,normal
1780595676.448134,84.6700725999981,84821,0.043213,-0.018555,1.060791,2.870229,3.725191,-0.633588,1.061833,4.745176,8908,14431,5523,8908,0,132.0,6,normal
1780595676.4794421,84.70138070000394,84853,0.0354,-0.020264,1.040039,0.946565,2.603053,-1.175572,1.040839,3.00896,8912,14437,5525,8912,0,108.303,0,normal
1780595676.5103078,84.73224640000262,84884,0.048584,-0.055176,1.053955,2.427481,2.984733,-0.175573,1.056516,3.851249,8914,14441,5527,8914,1,108.303,0,normal
1780595676.5412002,84.76313880000089,84915,0.041992,-0.013916,1.053711,1.992366,2.625954,-0.778626,1.054639,3.386948,8919,14447,5528,8919,0,108.303,5,normal
1780595676.5717838,84.79372240000521,84946,0.038086,0.002686,1.060059,1.290076,3.267176,-0.51145,1.060746,3.549692,8923,14453,5530,8923,0,108.303,0,normal
1780595676.6039906,84.82592909999948,84977,0.036865,-0.044678,1.05127,1.992366,2.709924,-0.603053,1.052864,3.417146,8925,14458,5533,8925,1,108.303,14,normal
1780595676.6356678,84.85760640000808,85009,0.029785,-0.011475,1.048828,1.236641,2.312977,-0.244275,1.049314,2.634163,8930,14465,5535,8930,0,108.303,0,normal
1780595676.666065,84.88800370000536,85040,0.033203,-0.062012,1.058106,0.877863,2.664122,-0.854962,1.060441,2.93243,8932,14469,5537,8932,0,108.303,1,normal
1780595676.6969728,84.91891150000447,85071,0.053711,-0.00293,1.05542,2.763359,3.389313,-0.557252,1.05679,4.408416,8935,14474,5539,8935,1,108.303,13,normal
1780595676.7286265,84.95056510000722,85102,0.042236,0.009766,1.04834,0.687023,2.412214,-1.08397,1.049236,2.732355,8940,14481,5541,8940,0,108.303,0,normal
1780595676.7592826,84.98122129999683,85133,0.049561,-0.050537,1.05957,1.763359,2.793893,-0.625954,1.061932,3.362602,8942,14485,5543,8942,0,107.143,0,normal
1780595676.7913647,85.01330330000201,85164,0.054932,-0.017334,1.058106,2.78626,3.564885,-0.412214,1.059672,4.543299,8946,14491,5545,8946,0,107.143,5,normal
1780595676.8215044,85.0434430000023,85196,0.053223,-0.004639,1.051025,0.854962,3.320611,-1.396947,1.052382,3.70255,8950,14497,5547,8950,0,107.143,1,normal
1780595676.8516743,85.07361300000048,85226,0.03125,-0.058105,1.05249,1.938931,2.908397,-0.442748,1.054556,3.523387,8952,14501,5549,8952,0,107.143,0,normal
1780595676.8825328,85.10447140000178,85256,0.038574,-0.031982,1.059082,2.389313,3.290076,-0.610687,1.060267,4.111734,8956,14507,5551,8956,0,107.143,6,normal
1780595676.915269,85.1372074999963,85288,0.035156,0.01001,1.064941,0.687023,3.832061,-0.954198,1.065569,4.00839,8959,14511,5552,8959,0,107.143,5,normal
1780595676.9462852,85.16822390000743,85320,0.029297,-0.052002,1.044434,2.21374,2.473282,-0.603053,1.046138,3.37364,8961,14516,5555,8961,1,107.143,14,normal
1780595676.977293,85.19923159999598,85351,0.029053,-0.003906,1.054443,1.137405,2.763359,-0.389313,1.054851,3.013537,8966,14523,5557,8966,0,107.143,0,normal
1780595677.0084577,85.23039620000054,85382,0.031006,-0.05957,1.061035,0.908397,2.717557,-1.244275,1.063158,3.123863,8968,14527,5559,8968,0,107.143,0,normal
1780595677.0520246,85.2739631000004,85414,0.03833,-0.014648,1.050781,2.770992,3.068702,-0.40458,1.051582,4.154397,8971,14532,5561,8971,1,103.203,14,normal
1780595677.0734944,85.29543310000736,85446,0.031494,-0.011963,1.048828,0.335878,2.717557,-1.21374,1.049369,2.995179,8976,14539,5563,8976,0,103.203,1,normal
1780595677.1035428,85.32548149999639,85477,0.022461,-0.034912,1.054199,2.236641,2.259542,-0.40458,1.055016,3.204962,8978,14543,5565,8978,0,103.203,1,normal
1780595677.134619,85.35655749999569,85508,0.034424,-0.026855,1.057861,2.496183,2.961832,-0.541985,1.058762,3.911154,8983,14549,5566,8983,0,103.203,6,normal
1780595677.1666503,85.38858880000771,85539,0.041992,0.014893,1.056152,0.885496,3.137405,-1.396947,1.057092,3.54667,8987,14555,5568,8987,0,103.203,0,normal
1780595677.1976957,85.4196343000076,85570,0.047852,-0.038086,1.047852,2.030534,2.534351,-0.374046,1.049635,3.268932,8989,14560,5571,8989,1,103.203,14,normal
1780595677.2285843,85.45052290000604,85601,0.042236,-0.026123,1.050537,1.755725,2.717557,-0.694656,1.05171,3.309114,8994,14567,5573,8994,0,103.203,1,normal
1780595677.2578256,85.47976430000563,85632,0.049805,-0.011719,1.068848,1.061069,3.0,-0.748092,1.070072,3.268869,8996,14571,5575,8996,0,103.203,0,normal
1780595677.290874,85.51281250000466,85663,0.051758,-0.052246,1.061035,2.152672,2.725191,-0.641221,1.063581,3.531547,8998,14576,5578,8998,1,103.203,14,normal
1780595677.321303,85.54324159999669,85695,0.035889,0.008057,1.047119,1.10687,2.984733,-0.923664,1.047765,3.314656,9003,14583,5580,9003,0,113.879,1,normal
1780595677.3535345,85.57547300000442,85726,0.038818,-0.056641,1.054688,1.503817,2.610687,-0.763359,1.05692,3.108033,9005,14587,5582,9005,0,113.879,1,normal
1780595677.384624,85.60656260000542,85757,0.047852,-0.01416,1.059082,2.900763,3.648855,-0.40458,1.060257,4.678916,9009,14593,5584,9009,0,113.879,6,normal
1780595677.4160273,85.63796599999478,85789,0.066162,-0.020264,1.05957,0.671756,3.618321,-0.954198,1.061827,3.801841,9013,14599,5586,9013,0,113.879,0,normal
1780595677.4459846,85.66792330000317,85820,0.050049,-0.044189,1.055908,2.183206,3.587786,-0.450382,1.058017,4.223913,9015,14603,5588,9015,1,113.879,0,normal
1780595677.4783237,85.70026230000076,85851,0.033691,-0.021973,1.056396,2.19084,2.641221,-0.564886,1.057162,3.477776,9020,14609,5589,9020,0,113.879,5,normal
1780595677.5079772,85.72991579999507,85882,0.059082,-0.009033,1.05957,0.877863,3.328244,-1.007634,1.061255,3.586527,9023,14613,5590,9023,0,113.879,5,normal
1780595677.539902,85.76184049999574,85913,0.025879,-0.043701,1.041992,2.053435,2.587786,-0.450382,1.043229,3.334078,9025,14618,5593,9025,1,113.879,15,normal
1780595677.571728,85.79366660000233,85945,0.042969,-0.014648,1.058594,1.328244,2.320611,-0.473282,1.059567,2.715412,9030,14625,5595,9030,0,108.0,0,normal
1780595677.6027544,85.82469290000154,85976,0.041504,-0.05835,1.053711,1.099237,2.847328,-0.748092,1.056141,3.14249,9032,14629,5597,9032,0,108.0,1,normal
1780595677.6321454,85.85408410000673,86007,0.043945,-0.002197,1.058838,3.038168,3.0,-0.40458,1.059752,4.28884,9035,14634,5599,9035,1,108.0,14,normal
1780595677.6631365,85.88507499999832,86037,0.042725,-0.007813,1.050049,1.412214,2.755725,-0.59542,1.050947,3.153236,9039,14639,5600,9039,0,108.0,6,normal
1780595677.6946042,85.91654269999708,86068,0.025635,-0.050537,1.047363,1.572519,2.51145,-0.870229,1.048895,3.088284,9041,14643,5602,9041,0,108.0,0,normal
1780595677.7255423,85.94748079999408,86099,0.035889,0.0,1.050049,2.908397,3.160305,-0.435114,1.050662,4.3169,9044,14648,5604,9044,1,108.0,14,normal
1780595677.7556572,85.97759579999547,86129,0.047119,0.007813,1.048828,0.709924,2.412214,-0.900763,1.049915,2.670982,9049,14655,5606,9049,0,108.0,1,normal
1780595677.7866619,86.00860040000407,86160,0.037354,-0.049316,1.052978,1.480916,2.167939,-0.938931,1.054794,2.788308,9051,14659,5608,9051,0,108.0,0,normal
1780595677.8184683,86.04040700000769,86191,0.053955,-0.020508,1.060547,3.160305,3.320611,-0.435114,1.062116,4.604706,9055,14665,5610,9055,0,108.0,6,normal
1780595677.849321,86.07125959999394,86222,0.04248,-0.011719,1.050049,0.450382,3.038168,-1.328244,1.050973,3.346273,9057,14669,5612,9057,0,97.473,0,normal
1780595677.8802006,86.1021391999966,86253,0.040771,-0.048584,1.063965,1.816794,2.748092,-0.78626,1.065854,3.38688,9059,14673,5614,9059,0,97.473,1,normal
1780595677.9106648,86.13260330000776,86284,0.060791,-0.043457,1.059814,2.068702,2.78626,-0.465649,1.062446,3.501371,9064,14679,5615,9064,0,97.473,5,normal
1780595677.9414628,86.16340140000102,86315,0.049805,-0.008789,1.053223,0.862595,3.282443,-1.320611,1.054436,3.641774,9068,14685,5617,9068,0,97.473,0,normal
1780595677.9736273,86.19556599999487,86346,0.056885,-0.047363,1.04834,2.160305,2.473282,-0.465649,1.05095,3.316756,9070,14690,5620,9070,1,97.473,14,normal
1780595678.003622,86.225560699997,86377,0.043213,-0.014404,1.048584,1.877863,2.290076,-0.580153,1.049573,3.017846,9073,14695,5622,9073,0,97.473,1,normal
1780595678.0349176,86.25685610000801,86409,0.047363,-0.040283,1.05542,0.641221,2.572519,-1.29771,1.05725,2.951791,9075,14699,5624,9075,0,97.473,1,normal
1780595678.066257,86.2881955000048,86440,0.042725,-0.017578,1.046875,2.816794,3.396947,-0.198473,1.047894,4.417348,9077,14704,5627,9077,1,97.473,14,normal
1780595678.111455,86.33339359999809,86471,0.054443,-0.026611,1.054932,1.076336,2.862595,-0.801527,1.056671,3.16155,9082,14711,5629,9082,0,97.473,0,normal
1780595678.1283338,86.35027249999985,86502,0.039551,-0.044434,1.057373,1.198473,2.29771,-1.022901,1.059045,2.786061,9084,14715,5631,9084,0,96.429,0,normal
1780595678.1597764,86.38171509999665,86533,0.048584,-0.01709,1.053223,3.351145,2.908397,-0.725191,1.054481,4.496092,9086,14718,5632,9086,1,96.429,17,normal
1780595678.1890862,86.41102470000624,86564,0.040039,-0.002441,1.041748,0.389313,3.145038,-1.412214,1.04252,3.469464,9091,14725,5634,9091,0,96.429,0,normal
1780595678.2207317,86.44267030000628,86594,0.047852,-0.0354,1.060547,1.832061,2.923664,-0.763359,1.062216,3.533692,9093,14729,5636,9093,0,96.429,0,normal
1780595678.2514246,86.4733630999981,86625,0.037842,-0.015869,1.050781,2.816794,3.251908,-0.603053,1.051582,4.344296,9097,14735,5638,9097,0,96.429,6,normal
1780595678.2820654,86.50400400000217,86656,0.038818,-0.014648,1.044434,0.679389,3.48855,-1.114504,1.045257,3.724737,9101,14741,5640,9101,0,96.429,0,normal
1780595678.3135328,86.53547139999864,86687,0.036865,-0.029053,1.05542,1.717557,3.015267,-0.610687,1.056463,3.523461,9103,14745,5642,9103,0,96.429,1,normal
1780595678.3438146,86.56575320000411,86718,0.049805,-0.033936,1.0625,2.083969,3.229008,-0.625954,1.064208,3.893744,9108,14751,5643,9108,0,96.429,6,normal
1780595678.3758209,86.59775939999963,86749,0.036865,0.005859,1.05835,1.122137,3.763359,-1.160305,1.059008,4.09492,9112,14757,5645,9112,0,96.429,0,normal
1780595678.406423,86.62836160000006,86779,0.056641,-0.047119,1.046875,2.10687,3.236641,-0.679389,1.049464,3.921265,9114,14761,5647,9114,0,108.303,0,normal
1780595678.4379106,86.65984910000407,86811,0.024902,-0.009277,1.05127,1.21374,2.78626,-0.946565,1.051605,3.183142,9121,14769,5648,9121,0,108.303,0,normal
1780595678.4680946,86.69003310000699,86842,0.034912,-0.019531,1.062012,1.038168,3.160305,-1.076336,1.062765,3.496258,9123,14773,5650,9123,0,108.303,1,normal
1780595678.500067,86.72200560000783,86873,0.0354,-0.052979,1.041504,2.366412,3.381679,-0.534351,1.043451,4.161874,9125,14778,5653,9125,1,108.303,14,normal
1780595678.5297875,86.751726100003,86904,0.041504,-0.006592,1.054199,1.251908,2.519084,-0.641221,1.055036,2.885173,9130,14785,5655,9130,0,108.303,0,normal
1780595678.5621574,86.78409600000305,86935,0.043457,-0.050293,1.054443,0.977099,2.458015,-0.709924,1.056536,2.738714,9132,14789,5657,9132,0,108.303,0,normal
1780595678.5916345,86.81357320000825,86966,0.039795,-0.00293,1.054688,2.778626,3.19084,-0.916031,1.055442,4.329126,9135,14794,5659,9135,1,108.303,14,normal
1780595678.6240542,86.84599270000763,86997,0.050293,0.002686,1.05542,0.961832,2.618321,-0.687023,1.056621,2.872756,9140,14801,5661,9140,0,108.303,0,normal
1780595678.6554103,86.87734880000062,87028,0.043701,-0.054443,1.062988,1.885496,2.732824,-0.618321,1.065278,3.377239,9142,14805,5663,9142,0,108.303,0,normal
1780595678.6866026,86.90854109999782,87059,0.041992,-0.02417,1.049805,2.480916,3.19084,-0.847328,1.050922,4.129694,9146,14811,5665,9146,0,114.286,5,normal
1780595678.717167,86.93910560000222,87090,0.041016,-0.019287,1.055664,0.641221,2.656489,-1.290076,1.056637,3.021985,9150,14817,5667,9150,0,114.286,1,normal
1780595678.7488773,86.97081600000092,87121,0.057617,-0.048096,1.052002,2.137405,3.007634,-0.183206,1.054676,3.69431,9152,14821,5669,9152,0,114.286,1,normal
1780595678.7794483,87.00138689999585,87152,0.060547,-0.029297,1.070801,2.007634,3.053435,-0.946565,1.072911,3.774923,9157,14827,5670,9157,0,114.286,6,normal
1780595678.8094833,87.03142200000002,87183,0.064453,-0.003174,1.059326,0.931298,3.664122,-1.114504,1.06129,3.941475,9161,14833,5672,9161,0,114.286,0,normal
1780595678.8408067,87.06274530000519,87214,0.045898,-0.04541,1.048828,2.198473,2.664122,-0.351145,1.050814,3.471906,9163,14838,5675,9163,1,114.286,14,normal
1780595678.8713858,87.09332450000511,87245,0.04126,-0.017822,1.05957,1.816794,2.519084,-0.687023,1.060523,3.180963,9166,14843,5677,9166,0,114.286,1,normal
1780595678.9026332,87.1245717999991,87276,0.056152,-0.009521,1.062744,1.244275,3.458015,-0.931298,1.064269,3.791227,9168,14847,5679,9168,0,114.286,0,normal
1780595678.9334433,87.15538199999719,87307,0.061035,-0.056641,1.046875,2.290076,2.793893,-0.549618,1.050181,3.654089,9170,14852,5682,9170,1,114.286,14,normal
1780595678.9652705,87.18720909999683,87339,0.045166,0.010986,1.057617,1.145038,2.732824,-0.832061,1.058638,3.077624,9175,14859,5684,9175,0,103.571,1,normal
1780595678.9960573,87.21799580000516,87370,0.037354,-0.053467,1.052978,1.320611,2.587786,-0.519084,1.054996,2.951288,9177,14863,5686,9177,0,103.571,1,normal
1780595679.028167,87.2501057000045,87401,0.05249,-0.011963,1.054199,2.847328,3.221374,-0.587786,1.055573,4.339358,9181,14869,5688,9181,0,103.571,6,normal
1780595679.0583851,87.28032370000437,87432,0.031982,-0.018066,1.04248,0.366412,3.343511,-1.534351,1.043127,3.696966,9185,14875,5690,9185,0,103.571,0,normal
1780595679.089454,87.31139260000782,87463,0.045898,-0.043945,1.062012,1.923664,2.885496,-0.938931,1.063911,3.592793,9187,14879,5692,9187,0,103.571,0,normal
1780595679.1211574,87.34309599999688,87494,0.051025,-0.03833,1.059814,2.175573,3.137405,-0.778626,1.061734,3.896496,9191,14885,5694,9191,0,103.571,5,normal
1780595679.1529949,87.37493360000371,87526,0.049072,0.010986,1.060547,0.992366,3.78626,-0.961832,1.061738,4.030592,9195,14891,5696,9195,0,103.571,0,normal
1780595679.185156,87.40709459999925,87557,0.030029,-0.04834,1.044434,2.007634,3.030534,-0.381679,1.045983,3.65519,9197,14896,5699,9197,1,103.571,14,normal
1780595679.2159948,87.4379334999976,87589,0.047363,-0.02124,1.044922,1.244275,2.847328,-0.839695,1.04621,3.218786,9203,14903,5700,9203,0,112.0,0,normal
1780595679.247059,87.46899760000815,87620,0.025391,-0.053955,1.05957,0.870229,2.694656,-1.038168,1.061247,3.016001,9205,14907,5702,9205,0,112.0,0,normal
1780595679.2781732,87.50011170000653,87651,0.047607,-0.023682,1.045166,2.80916,3.862595,-0.824427,1.046518,4.84672,9208,14912,5704,9208,1,112.0,14,normal
1780595679.3067687,87.52870720000647,87682,0.048584,-0.000488,1.046875,0.564886,2.40458,-0.80916,1.048002,2.5992,9213,14919,5706,9213,0,112.0,0,normal
1780595679.3381107,87.56004939999548,87711,0.043457,-0.054688,1.049072,0.938931,2.641221,-0.931298,1.051395,2.953804,9215,14923,5708,9215,0,112.0,0,normal
1780595679.368895,87.59083370000008,87742,0.052246,-0.022217,1.056885,2.969466,2.80916,-0.59542,1.058408,4.130815,9217,14928,5711,9217,1,112.0,14,normal
1780595679.399076,87.62101459999394,87773,0.043945,-0.002441,1.053223,0.908397,2.931298,-0.954198,1.054142,3.21375,9222,14935,5713,9222,0,112.0,1,normal
1780595679.4296086,87.65154730000359,87804,0.028076,-0.050537,1.060059,1.725191,2.59542,-0.580153,1.061634,3.170026,9224,14939,5715,9224,0,112.0,0,normal
1780595679.4598355,87.68177419999847,87834,0.041748,-0.000977,1.052002,2.923664,3.381679,-0.541985,1.05283,4.503034,9227,14944,5717,9227,1,112.0,14,normal
1780595679.490817,87.7127557000058,87865,0.044922,0.0,1.049316,0.70229,2.732824,-0.992366,1.050278,2.991042,9232,14951,5719,9232,0,105.072,0,normal
1780595679.5218658,87.74380440000095,87895,0.024414,-0.047607,1.054199,1.358779,2.389313,-0.725191,1.055556,2.84271,9234,14955,5721,9234,0,105.072,1,normal
1780595679.5524874,87.77442610000435,87926,0.055176,-0.023438,1.050049,3.022901,3.022901,-0.625954,1.051759,4.32061,9237,14960,5723,9237,1,105.072,14,normal
1780595679.5839,87.80583850000403,87957,0.040039,-0.014893,1.042236,0.458015,3.038168,-1.396947,1.043111,3.37516,9242,14967,5725,9242,0,105.072,0,normal
1780595679.6146808,87.83661929999653,87988,0.030762,-0.029541,1.060303,1.625954,2.938931,-0.755725,1.06116,3.442697,9243,14969,5726,9243,0,105.072,6,normal
1780595679.6474602,87.86939890000212,88019,0.060791,-0.036865,1.055176,2.305344,3.282443,-0.114504,1.057568,4.012749,9248,14975,5727,9248,0,105.072,6,normal
1780595679.6774018,87.89934050000738,88051,0.048828,-0.002686,1.06543,0.832061,3.335878,-0.908397,1.066551,3.556064,9252,14981,5729,9252,0,105.072,1,normal
1780595679.7082844,87.93022310000379,88082,0.047852,-0.044434,1.050537,2.29771,2.022901,-0.366412,1.052565,3.083157,9254,14986,5732,9254,1,105.072,14,normal
1780595679.740279,87.96221749999677,88113,0.036377,-0.012451,1.055664,1.152672,2.328244,-0.671756,1.056364,2.683399,9260,14993,5733,9260,0,105.072,0,normal
1780595679.7720532,87.99399190000258,88145,0.049072,-0.045898,1.05249,0.709924,2.587786,-1.015267,1.054633,2.869041,9261,14995,5734,9261,0,103.571,6,normal
1780595679.802618,88.02455659999396,88176,0.052734,-0.007324,1.049072,2.778626,3.679389,-0.251908,1.050422,4.617588,9264,15000,5736,9264,1,103.571,14,normal
1780595679.8337407,88.05567940000037,88207,0.044922,0.008301,1.048096,0.908397,2.80916,-0.633588,1.049091,3.019602,9269,15007,5738,9269,0,103.571,1,normal
1780595679.8647053,88.08664389999467,88238,0.037109,-0.054199,1.066894,1.198473,2.267176,-0.938931,1.068915,2.730937,9271,15011,5740,9271,0,103.571,0,normal
1780595679.8958645,88.117803000001,88269,0.040527,-0.016602,1.062256,2.923664,3.465649,-0.557252,1.063158,4.568267,9275,15017,5742,9275,0,103.571,6,normal
1780595679.9277513,88.14968980000413,88301,0.039551,-0.012695,1.053223,1.053435,3.450382,-1.290076,1.054042,3.831339,9278,15021,5743,9278,0,103.571,5,normal
1780595679.9605908,88.18252940000093,88333,0.053223,-0.036621,1.057861,2.007634,2.412214,-0.572519,1.059832,3.190164,9280,15026,5746,9280,1,103.571,14,normal
1780595679.991293,88.21323160000611,88364,0.039062,-0.02002,1.047852,1.633588,2.389313,-0.458015,1.048771,2.930393,9285,15033,5748,9285,0,103.571,1,normal
1780595680.0236833,88.24562190000142,88396,0.047852,-0.022949,1.057617,0.648855,2.633588,-0.969466,1.058948,2.880392,9287,15037,5750,9287,0,103.586,0,normal
1780595680.0697715,88.29171010000573,88427,0.051025,-0.026855,1.05835,2.80916,2.572519,-0.442748,1.059919,3.834744,9290,15042,5752,9290,1,103.586,14,normal
1780595680.0846236,88.30656230000022,88458,0.047852,0.003906,1.053955,0.946565,2.312977,-0.816794,1.055048,2.629259,9294,15047,5753,9294,0,103.586,5,normal
1780595680.1158822,88.33782070000598,88489,0.047607,-0.04834,1.051025,1.29771,2.427481,-0.603053,1.053213,2.81787,9296,15051,5755,9296,0,103.586,1,normal
1780595680.146803,88.36874160000298,88520,0.045654,-0.004395,1.047363,2.862595,3.725191,-0.641221,1.048367,4.741588,9299,15056,5757,9299,1,103.586,15,normal
1780595680.1784365,88.40037519999896,88551,0.041504,-0.015137,1.033447,0.450382,3.251908,-1.244275,1.034391,3.510836,9304,15063,5759,9304,0,103.586,0,normal
1780595680.2094865,88.43142510000325,88582,0.053467,-0.028076,1.056152,1.770992,2.954198,-0.664122,1.057877,3.507814,9306,15067,5761,9306,0,103.586,0,normal
1780595680.240958,88.4628967000026,88613,0.04126,-0.028076,1.057129,2.564885,2.816794,-0.549618,1.058306,3.849032,9311,15073,5762,9311,0,103.586,6,normal
1780595680.2721531,88.49409170000581,88645,0.059326,0.006104,1.062744,0.954198,3.694656,-0.59542,1.064416,3.86206,9313,15077,5764,9313,0,103.586,0,normal
1780595680.303307,88.52524570000242,88676,0.034424,-0.042725,1.051025,2.030534,2.78626,-0.549618,1.052456,3.491188,9315,15082,5767,9315,1,100.0,15,normal
1780595680.3346732,88.55661179999879,88708,0.037109,-0.01001,1.056641,1.053435,3.045802,-0.389313,1.057339,3.246259,9321,15089,5768,9321,0,100.0,1,normal
1780595680.365549,88.58748770000238,88739,0.03833,-0.049805,1.058106,0.839695,2.740458,-0.557252,1.05997,2.919885,9323,15093,5770,9323,0,100.0,0,normal
1780595680.3966594,88.61859800000093,88770,0.044434,-0.003906,1.046143,2.931298,3.053435,-0.603053,1.047093,4.27547,9326,15098,5772,9326,1,100.0,14,normal
1780595680.4274647,88.64940330000536,88801,0.041992,0.009277,1.042969,0.725191,2.885496,-0.885496,1.043855,3.104206,9331,15105,5774,9331,0,100.0,0,normal
1780595680.4583757,88.6803144000005,88832,0.035156,-0.047607,1.05542,1.519084,2.679389,-0.633588,1.057078,3.144547,9333,15109,5776,9333,0,100.0,0,normal
1780595680.4910712,88.71300980000524,88863,0.040283,-0.015137,1.063965,2.580153,3.687023,-0.473282,1.064835,4.524967,9337,15115,5778,9337,0,100.0,5,normal
1780595680.5201385,88.74207720000413,88894,0.039551,-0.020508,1.046387,0.480916,3.221374,-0.877863,1.047335,3.373303,9341,15121,5780,9341,0,100.0,1,normal
1780595680.5509655,88.77290409999841,88925,0.041016,-0.048096,1.052978,2.015267,3.167939,-0.541985,1.054874,3.793532,9343,15125,5782,9343,0,100.0,0,normal
1780595680.5826943,88.80463300000702,88956,0.038086,-0.031738,1.064453,2.458015,3.167939,-0.732824,1.065607,4.076114,9347,15131,5784,9347,0,114.286,6,normal
1780595680.6123755,88.834314000007,88987,0.048584,0.003906,1.0625,0.938931,3.320611,-1.206107,1.063617,3.655508,9351,15137,5786,9351,0,114.286,0,normal
1780595680.6438427,88.86578130000271,89017,0.062256,-0.035645,1.050293,2.251908,2.801527,-0.122137,1.05274,3.596465,9353,15142,5789,9353,1,114.286,14,normal
1780595680.6751535,88.89709199999925,89048,0.051758,-0.012695,1.060547,2.045802,3.045802,-0.725191,1.061885,3.740069,9357,15147,5790,9357,0,114.286,5,normal
1780595680.7054183,88.92735700000776,89079,0.057861,0.005127,1.06543,1.312977,3.259542,-1.045802,1.067012,3.666364,9361,15153,5792,9361,0,114.286,0,normal
1780595680.7368186,88.95875720000186,89110,0.037842,-0.04541,1.049805,2.099237,2.847328,-0.519084,1.051468,3.575405,9363,15158,5795,9363,1,114.286,14,normal
1780595680.7678292,88.98976769999717,89141,0.042236,-0.007568,1.051514,1.251908,2.267176,-0.541985,1.052389,2.64596,9368,15165,5797,9368,0,114.286,0,normal
1780595680.7989826,89.02092120000452,89172,0.04834,-0.041016,1.061768,0.610687,3.312977,-0.839695,1.063658,3.471864,9370,15169,5799,9370,0,114.286,0,normal
1780595680.8301318,89.05207040000823,89203,0.052246,-0.049561,1.050293,3.030534,2.824427,-0.312977,1.052759,4.154453,9372,15174,5802,9372,1,114.286,14,normal
1780595680.8614824,89.083421000003,89235,0.051025,0.007568,1.05542,0.526718,2.900763,-0.946565,1.05668,3.096424,9377,15181,5804,9377,0,107.527,0,normal
1780595680.893753,89.11569170000439,89266,0.045166,-0.03418,1.067383,1.687023,2.847328,-0.839695,1.068885,3.414442,9379,15185,5806,9379,0,107.527,0,normal
1780595680.9244785,89.14641709999705,89297,0.057617,-0.023682,1.053223,2.412214,3.862595,-0.824427,1.055063,4.627969,9383,15191,5808,9383,0,107.527,5,normal
1780595680.9546607,89.17659930000082,89329,0.047852,-0.002686,1.054688,1.022901,3.351145,-1.129771,1.055776,3.681424,9386,15195,5809,9386,0,107.527,5,normal
1780595680.987178,89.2091167000035,89360,0.036621,-0.044922,1.045166,2.038168,2.984733,-0.480916,1.046772,3.646099,9388,15200,5812,9388,1,107.527,14,normal
1780595681.0182407,89.2401794000034,89391,0.023193,-0.004395,1.052002,1.419847,2.770992,-0.732824,1.052267,3.198655,9393,15207,5814,9393,0,107.527,0,normal
1780595681.0509064,89.2728449999995,89422,0.033691,-0.009277,1.062744,1.221374,3.015267,-0.977099,1.063318,3.396809,9395,15211,5816,9395,0,107.527,1,normal
1780595681.0797796,89.30171830000472,89453,0.033691,-0.054199,1.043457,2.206107,2.51145,-0.603053,1.045407,3.396758,9397,15216,5819,9397,1,107.527,14,normal
1780595681.110108,89.3320464999997,89484,0.036865,-0.020996,1.050293,1.29771,2.419847,-0.358779,1.05115,2.769194,9403,15223,5820,9403,0,107.527,1,normal
1780595681.140433,89.36237170000095,89515,0.0354,-0.052246,1.051758,0.877863,2.618321,-0.954198,1.05365,2.92177,9405,15227,5822,9405,0,100.0,0,normal
1780595681.1779203,89.39985889999662,89551,0.063232,-0.054932,1.047607,2.022901,2.847328,-0.328244,1.05095,3.508155,9409,15235,5826,9409,0,100.0,1,normal
1780595681.208311,89.43024960000184,89582,0.04834,-0.006592,1.062256,1.160305,2.832061,-1.152672,1.063376,3.270402,9411,15239,5828,9411,0,100.0,0,normal
1780595681.2394547,89.46139340000809,89613,0.057861,-0.063477,1.041748,2.10687,3.053435,-0.21374,1.045283,3.715919,9413,15244,5831,9413,1,100.0,14,normal
1780595681.2710118,89.49295040000288,89644,0.052979,-0.018311,1.057617,1.709924,2.916031,-0.740458,1.059102,3.460542,9418,15251,5833,9418,0,100.0,0,normal
1780595681.3017979,89.52373640000587,89675,0.040283,-0.05127,1.06543,1.030534,2.541985,-0.694656,1.067423,2.829529,9420,15255,5835,9420,0,100.0,1,normal
1780595681.3330386,89.55497719999403,89706,0.043701,-0.013672,1.046387,2.793893,3.732824,-0.618321,1.047388,4.703418,9423,15260,5837,9423,1,100.0,14,normal
1780595681.3628216,89.58476009999868,89737,0.052002,-0.008789,1.049316,0.534351,2.839695,-0.984733,1.050641,3.05272,9428,15267,5839,9428,0,100.0,0,normal
1780595681.3948393,89.61677799999597,89768,0.053467,-0.03418,1.065918,2.10687,2.778626,-0.839695,1.067805,3.586746,9429,15269,5840,9429,0,94.862,5,normal
1780595681.4254801,89.64741869999852,89799,0.05835,-0.021973,1.058838,2.816794,3.183206,-0.633588,1.060672,4.297507,9433,15275,5842,9433,0,94.862,5,normal
1780595681.4558618,89.67780030000722,89830,0.047363,-0.008057,1.045898,0.70229,2.748092,-0.70229,1.047001,2.922059,9437,15281,5844,9437,0,94.862,0,normal
1780595681.4884698,89.71040840000205,89861,0.064453,-0.041992,1.049561,2.160305,3.198473,-0.435114,1.052376,3.884131,9439,15285,5846,9439,0,94.862,0,normal
1780595681.5193043,89.74124279999523,89892,0.061035,-0.020264,1.061523,2.167939,2.526718,-0.496183,1.06347,3.366074,9444,15291,5847,9444,0,94.862,5,normal
1780595681.5500858,89.77202440000838,89924,0.043701,-0.003418,1.062744,1.229008,3.40458,-0.793893,1.063648,3.705657,9447,15295,5848,9447,0,94.862,5,normal
1780595681.5809906,89.80292909999844,89954,0.050537,-0.036865,1.050781,2.091603,2.29771,-0.557252,1.052642,3.156708,9449,15300,5851,9449,1,94.862,14,normal
1780595681.612284,89.83422259999497,89985,0.026855,-0.017578,1.056152,1.633588,2.770992,-0.725191,1.05664,3.29741,9455,15307,5852,9455,0,94.862,0,normal
1780595681.6433806,89.86531920000562,90016,0.053955,-0.034668,1.068604,1.061069,2.572519,-1.061069,1.070526,2.978186,9457,15311,5854,9457,0,94.862,1,normal
1780595681.6748674,89.89680600000429,90047,0.063232,-0.055176,1.057861,2.381679,2.854962,-0.450382,1.061185,3.745136,9459,15316,5857,9459,1,107.527,13,normal
1780595681.7053921,89.92733079999743,90078,0.048828,-0.011963,1.041504,1.244275,3.160305,-0.641221,1.042716,3.456431,9464,15323,5859,9464,0,107.527,0,normal
1780595681.736991,89.95892960000492,90109,0.042725,-0.045166,1.043701,1.19084,2.946565,-0.557252,1.045551,3.226589,9466,15327,5861,9466,0,107.527,0,normal
1780595681.7670395,89.98897809999471,90140,0.049805,-0.010498,1.053467,2.801527,3.793893,-0.175573,1.054696,4.719428,9469,15332,5863,9469,1,107.527,14,normal
1780595681.7974806,90.0194191000046,90171,0.039307,-0.002441,1.043213,0.717557,2.816794,-1.129771,1.043956,3.118589,9474,15339,5865,9474,0,107.527,0,normal
