host_epoch_s,host_elapsed_s,time_ms,ax,ay,az,gx,gy,gz,acc_mag,gyro_mag,pulse_count,edge_count,rise_count,fall_count,state,pulse_rate_hz,last_edge_dt_ms,label
1780604019.2262313,0.02038159999938216,190,0.035156,-0.017578,1.051025,0.984733,3.076336,-1.183206,1.05176,3.439988,23,43,20,23,1,0.0,0,damping
1780604019.257024,0.051174300009734,221,0.026123,-0.02417,1.053711,1.625954,2.503817,-1.312977,1.054312,3.261401,27,48,21,27,1,0.0,6,damping
1780604019.2890666,0.08321700000669807,252,0.048584,-0.030273,1.063721,1.648855,2.923664,-0.900763,1.06526,3.475329,31,54,23,31,0,123.016,0,damping
1780604019.3202593,0.11440960000618361,284,0.037354,-0.032227,1.049561,2.465649,2.748092,-1.167939,1.050719,3.872404,33,68,35,33,1,123.016,0,damping
1780604019.3524585,0.14660880000155885,315,0.039551,-0.018066,1.048096,1.145038,3.137405,-1.114504,1.048997,3.520872,38,75,37,38,0,123.016,1,damping
1780604019.3847106,0.17886080000607762,347,0.031494,-0.045166,1.049561,1.78626,2.946565,-1.152672,1.051004,3.633404,40,79,39,40,0,123.016,0,damping
1780604019.4138007,0.20795100000395905,378,0.036133,-0.009033,1.053467,1.656489,3.480916,-1.038168,1.054125,3.992308,42,84,42,42,1,123.016,14,damping
1780604019.4457507,0.2399011000088649,409,0.050537,-0.017334,1.056152,1.21374,3.587786,-1.221374,1.057503,3.979589,47,91,44,47,0,123.016,0,damping
1780604019.477446,0.271596500009764,440,0.043945,-0.047852,1.053711,2.748092,2.816794,-1.374046,1.055712,4.168254,51,97,46,51,0,123.016,0,damping
1780604019.507665,0.30181530000118073,471,0.046387,-0.027344,1.052978,0.679389,3.374046,-0.694656,1.054354,3.511168,53,102,49,53,1,123.016,13,damping
1780604019.5388892,0.3330395000084536,502,0.053223,-0.006836,1.062744,0.870229,3.305344,-0.916031,1.064098,3.538602,58,109,51,58,0,108.0,0,damping
1780604019.5698884,0.364038800005801,533,0.042725,-0.029541,1.047363,2.80916,3.282443,-0.625954,1.04865,4.365505,60,113,53,60,0,108.0,1,damping
1780604019.6018105,0.39596090000122786,564,0.040771,-0.03833,1.067871,1.870229,3.465649,-0.717557,1.069336,4.00292,64,120,56,64,1,108.0,1,damping
1780604019.6319802,0.42613059999712277,595,0.047607,-0.034424,1.057373,1.435114,2.587786,-1.061069,1.059004,3.143574,69,127,58,69,0,108.0,0,damping
1780604019.662312,0.4564624000049662,626,0.057861,-0.021973,1.066894,1.137405,3.40458,-1.122137,1.068688,3.760857,70,129,59,70,0,108.0,6,damping
1780604019.693351,0.4875014999997802,656,0.040283,-0.019531,1.050781,1.732824,3.389313,-0.78626,1.051734,3.886943,73,134,61,73,1,108.0,14,damping
1780604019.7234032,0.5175536000024294,687,0.05127,-0.003662,1.058838,1.442748,3.343511,-0.671756,1.060085,3.702951,78,141,63,78,0,108.0,0,damping
1780604019.7544203,0.5485706000035862,718,0.056152,-0.032471,1.062988,2.458015,3.145038,-1.129771,1.064966,4.148432,80,145,65,80,0,108.0,0,damping
1780604019.7864041,0.5805545000039274,749,0.045898,-0.030762,1.061035,1.954198,3.267176,-0.89313,1.062473,3.910372,83,150,67,83,1,108.0,14,damping
1780604019.8172328,0.6113830999966012,780,0.047363,-0.010498,1.055176,0.725191,3.312977,-0.946565,1.05629,3.521037,88,157,69,88,0,107.914,1,damping
1780604019.848121,0.64227120000578,811,0.04126,-0.034668,1.053223,1.519084,3.038168,-1.022901,1.0546,3.547451,90,161,71,90,0,107.914,1,damping
1780604019.8779898,0.6721401999966474,842,0.049316,-0.03125,1.063721,1.80916,3.519084,-0.824427,1.065322,4.041867,93,166,73,93,1,107.914,13,damping
1780604019.9106061,0.7047565999964718,873,0.053711,-0.047607,1.057129,0.839695,3.198473,-1.022901,1.059563,3.461451,99,175,76,99,0,107.914,0,damping
1780604019.940332,0.7344824000028893,904,0.049072,-0.020264,1.061035,1.679389,3.29771,-0.847328,1.062363,3.796473,101,179,78,101,0,107.914,0,damping
1780604019.97151,0.7656602000060957,935,0.040527,-0.036621,1.057373,1.458015,3.396947,-0.870229,1.058783,3.797678,104,184,80,104,1,107.914,14,damping
1780604020.0024292,0.7965795000054641,966,0.049072,-0.02832,1.055908,0.854962,2.679389,-0.816794,1.057427,2.928692,107,189,82,107,0,107.914,0,damping
1780604020.0340989,0.8282491999998456,997,0.047607,-0.021729,1.052002,1.534351,3.541985,-0.908397,1.053303,3.965485,110,195,85,110,0,107.914,1,damping
1780604020.065463,0.8596134000108577,1029,0.036377,-0.018799,1.057373,1.557252,2.862595,-0.740458,1.058166,3.34182,114,201,87,114,0,107.914,7,damping
1780604020.0978324,0.8919828000070993,1061,0.036621,-0.007568,1.060303,1.641221,2.832061,-0.526718,1.060962,3.31536,118,207,89,118,0,106.762,1,damping
1780604020.1302207,0.9243711000017356,1093,0.050537,-0.0271,1.056396,1.862595,3.007634,-1.022901,1.057952,3.682587,123,219,96,123,1,106.762,1,damping
1780604020.1612039,0.9553543000074569,1124,0.031738,-0.005859,1.056885,1.687023,2.267176,-1.366412,1.057377,3.138983,128,226,98,128,0,106.762,0,damping
1780604020.191487,0.9856374000082724,1155,0.047607,-0.01123,1.068115,1.343511,3.206107,-0.824427,1.069235,3.57265,131,232,101,131,0,106.762,1,damping
1780604020.223578,1.0177283000084572,1187,0.039062,-0.022705,1.048828,1.580153,2.923664,-1.549618,1.049801,3.66688,133,244,111,133,1,106.762,0,damping
1780604020.255692,1.0498423000099137,1218,0.034668,-0.01709,1.052978,1.068702,3.083969,-1.549618,1.053688,3.613075,136,249,113,136,0,106.762,0,damping
1780604020.2874959,1.0816462000075262,1250,0.031982,-0.024658,1.056641,1.908397,2.587786,-1.320611,1.057412,3.476008,138,253,115,138,0,106.762,0,damping
1780604020.3174036,1.1115540000027977,1281,0.044678,-0.019531,1.052734,1.770992,3.358779,-1.251908,1.053863,3.998135,140,258,118,140,1,106.762,14,damping
1780604020.3487184,1.1428687000006903,1312,0.04126,-0.008789,1.050781,2.10687,2.580153,-1.076336,1.051628,3.500656,145,265,120,145,0,107.57,1,damping
1780604020.3791254,1.1732757999998285,1343,0.035156,-0.045654,1.061279,2.557252,2.908397,-1.129771,1.062842,4.03419,147,269,122,147,0,107.57,0,damping
1780604020.4111483,1.2052986000053352,1374,0.045898,-0.01416,1.056396,1.366412,3.679389,-1.465649,1.057488,4.189644,149,274,125,149,1,107.57,14,damping
1780604020.4418006,1.2359510000096634,1405,0.046875,-0.01709,1.05542,1.366412,3.320611,-0.984733,1.056599,3.723337,154,281,127,154,0,107.57,1,damping
1780604020.4843776,1.2785280000098282,1436,0.034424,-0.031982,1.053223,1.870229,2.70229,-0.801527,1.05427,3.382687,156,285,129,156,0,107.57,1,damping
1780604020.502798,1.296948400005931,1466,0.04126,-0.015381,1.053223,1.442748,3.427481,-1.709924,1.054143,4.093042,158,292,134,158,1,107.57,14,damping
1780604020.5346181,1.3287684000097215,1497,0.041748,-0.026611,1.059326,2.145038,3.290076,-1.08397,1.060482,4.074406,163,299,136,163,0,107.57,1,damping
1780604020.5657508,1.3599013000057312,1529,0.031494,-0.039307,1.048584,2.679389,2.946565,-1.10687,1.049793,4.133586,164,301,137,164,0,107.57,6,damping
1780604020.597076,1.391226200008532,1560,0.05127,-0.010986,1.057129,2.290076,3.167939,-1.389313,1.058428,4.148552,166,306,140,166,1,107.57,13,damping
1780604020.6267629,1.420913299996755,1591,0.047607,-0.006104,1.060059,1.21374,2.954198,-1.10687,1.061145,3.38018,172,315,143,172,0,96.774,0,damping
1780604020.6576579,1.4518081999995047,1621,0.026855,-0.041504,1.047607,1.51145,2.618321,-0.656489,1.048773,3.093713,174,319,145,174,0,96.774,0,damping
1780604020.6887012,1.4828514999971958,1652,0.046143,-0.019775,1.050537,1.145038,3.419847,-1.351145,1.051736,3.851241,176,324,148,176,1,96.774,13,damping
1780604020.7201025,1.5142529000004288,1683,0.045654,-0.02002,1.055908,1.748092,2.610687,-1.19084,1.057084,3.360002,181,331,150,181,0,96.774,0,damping
1780604020.7510781,1.5452285000064876,1714,0.040283,-0.039307,1.053955,1.763359,2.687023,-1.114504,1.055457,3.401712,183,335,152,183,0,96.774,0,damping
1780604020.781535,1.5756853000057163,1745,0.042969,-0.011475,1.046143,1.984733,3.259542,-1.374046,1.047087,4.05608,186,342,156,186,1,96.774,14,damping
1780604020.8131866,1.6073369000077946,1777,0.046387,-0.016357,1.050781,0.954198,3.374046,-0.725191,1.051932,3.580584,190,347,157,190,0,96.774,7,damping
1780604020.8450243,1.6391746000008425,1808,0.035889,-0.031494,1.053711,1.656489,3.045802,-0.977099,1.054792,3.602164,192,351,159,192,0,96.774,1,damping
1780604020.875562,1.6697124000056647,1839,0.040527,-0.021973,1.056641,1.282443,3.0,-1.10687,1.057646,3.44526,195,356,161,195,1,96.774,13,damping
1780604020.9059622,1.70011269999668,1870,0.046875,-0.002197,1.047119,0.580153,3.19084,-0.862595,1.04817,3.355906,200,363,163,200,0,100.358,0,damping
1780604020.937681,1.731831199998851,1901,0.044922,-0.025635,1.055908,1.89313,2.610687,-1.335878,1.057174,3.490587,202,367,165,202,0,100.358,1,damping
1780604020.968582,1.7627323000051547,1932,0.041992,-0.035645,1.052978,1.824428,3.267176,-1.022901,1.054418,3.879342,205,372,167,205,1,100.358,14,damping
1780604021.0001,1.7942503000085708,1963,0.049805,-0.021729,1.057617,1.137405,3.389313,-1.015267,1.059012,3.716436,210,379,169,210,0,100.358,0,damping
1780604021.0313668,1.825517100005527,1995,0.03833,-0.014893,1.051758,1.564886,3.458015,-0.992366,1.052561,3.923204,212,383,171,212,0,100.358,1,damping
1780604021.0638363,1.8579866000072798,2026,0.04834,-0.016602,1.056641,1.847328,3.320611,-0.564886,1.057876,3.841637,216,389,173,216,0,100.358,6,damping
1780604021.0943732,1.8885236000060104,2058,0.044189,-0.008057,1.060791,1.351145,3.259542,-0.656489,1.061742,3.589037,220,395,175,220,0,100.358,0,damping
1780604021.1259313,1.9200817000091774,2089,0.048584,-0.039551,1.054199,1.687023,2.969466,-0.519084,1.056059,3.45445,222,399,177,222,0,100.358,0,damping
1780604021.1569998,1.9511502000095788,2120,0.058105,-0.024414,1.056152,2.038168,2.473282,-0.534351,1.058031,3.249121,227,405,178,227,0,108.0,6,damping
1780604021.1871133,1.9812636999995448,2151,0.049561,-0.013184,1.061279,1.389313,3.19084,-0.648855,1.062518,3.54015,231,411,180,231,0,108.0,0,damping
1780604021.2195773,2.0137277000030736,2183,0.043701,-0.018311,1.046143,1.473282,2.778626,-0.70229,1.047215,3.222504,237,423,186,237,1,108.0,0,damping
1780604021.250578,2.04472830001032,2214,0.040039,-0.022949,1.057617,1.10687,3.122137,-0.847328,1.058624,3.419191,241,428,187,241,0,108.0,6,damping
1780604021.2813442,2.075494600008824,2245,0.035645,-0.014648,1.056885,0.740458,3.122137,-0.618321,1.057587,3.267773,244,432,188,244,0,108.0,6,damping
1780604021.313218,2.10736850000103,2276,0.050781,-0.013916,1.05127,0.977099,2.648855,-0.687023,1.052587,2.905711,246,437,191,246,1,108.0,13,damping
1780604021.3435361,2.137686500005657,2307,0.039062,-0.026123,1.055176,1.862595,2.992366,-0.51145,1.056222,3.561615,251,444,193,251,0,108.0,7,damping
1780604021.37458,2.1687302000063937,2338,0.043213,-0.023926,1.069824,1.633588,3.580153,-0.59542,1.070964,3.980029,255,450,195,255,0,108.0,0,damping
1780604021.4063284,2.200478700004169,2370,0.041748,-0.012695,1.048584,1.183206,3.671756,-0.778626,1.049491,3.935483,257,462,205,257,1,120.0,1,damping
1780604021.4378467,2.2319971000106307,2401,0.033691,-0.026123,1.062256,1.526718,2.977099,-1.099237,1.063111,3.521691,259,465,206,259,0,120.0,6,damping
1780604021.4690595,2.263209900003858,2432,0.051758,-0.019287,1.053467,1.335878,3.748092,-0.40458,1.054914,3.999556,263,471,208,263,0,120.0,1,damping
1780604021.5078537,2.302003999997396,2464,0.043945,-0.019775,1.057373,0.862595,3.19084,-0.763359,1.05847,3.392381,265,486,221,265,1,120.0,0,damping
1780604021.531849,2.3259992000093916,2495,0.050049,-0.012451,1.061279,1.374046,2.954198,-0.885496,1.062532,3.376299,270,493,223,270,0,120.0,1,damping
1780604021.562349,2.3564995000051567,2526,0.042236,-0.032471,1.051758,1.610687,2.824427,-0.885496,1.053106,3.369838,272,497,225,272,0,120.0,0,damping
1780604021.593085,2.387235400005011,2557,0.043457,-0.008545,1.052002,1.778626,2.847328,-1.061069,1.052934,3.520888,274,502,228,274,1,120.0,13,damping
1780604021.6252177,2.419368000002578,2588,0.041016,-0.010986,1.05127,1.717557,2.641221,-1.030534,1.052127,3.314823,279,510,231,279,1,120.0,3,damping
1780604021.6560528,2.45020310000109,2620,0.047852,-0.011963,1.056641,1.717557,3.053435,-0.984733,1.057791,3.639116,282,515,233,282,0,100.0,1,damping
1780604021.6890318,2.483182299998589,2652,0.030029,-0.031494,1.050537,1.78626,3.129771,-1.335878,1.051438,3.843274,284,527,243,284,1,100.0,0,damping
1780604021.7197177,2.5138681000098586,2683,0.04541,-0.013916,1.05249,1.648855,2.885496,-1.137405,1.053561,3.51262,289,534,245,289,0,100.0,0,damping
1780604021.7501001,2.544250600010855,2714,0.04834,-0.029297,1.056641,1.748092,3.167939,-0.984733,1.058152,3.749848,291,538,247,291,0,100.0,1,damping
1780604021.7827532,2.5769035999983316,2746,0.052734,-0.032471,1.052734,2.015267,2.847328,-1.007634,1.054554,3.630965,293,550,257,293,1,100.0,0,damping
1780604021.8140905,2.6082408000074793,2777,0.043701,-0.024902,1.05249,1.587786,2.946565,-0.954198,1.053691,3.480489,298,557,259,298,0,100.0,0,damping
1780604021.8450751,2.639225400009309,2808,0.037354,-0.012451,1.049805,1.709924,2.870229,-0.80916,1.050543,3.437556,300,561,261,300,0,100.0,0,damping
1780604021.875153,2.669303500006208,2839,0.038818,-0.028564,1.051025,1.755725,2.862595,-1.076336,1.05213,3.526404,303,568,265,303,1,100.0,1,damping
1780604021.9077125,2.701862700007041,2870,0.032715,-0.019043,1.050293,1.320611,2.740458,-0.946565,1.050975,3.185924,308,575,267,308,0,104.0,1,damping
1780604021.937807,2.7319573999993736,2901,0.043213,-0.031006,1.054443,1.053435,3.167939,-0.633588,1.055784,3.398087,309,577,268,309,0,104.0,6,damping
1780604021.9695334,2.76368370000273,2933,0.040527,-0.01709,1.057129,1.839695,2.610687,-1.236641,1.058044,3.424828,314,590,276,314,1,104.0,1,damping
1780604022.000384,2.794534400003613,2964,0.037842,-0.016113,1.05542,1.816794,3.221374,-1.29771,1.056221,3.919444,320,597,277,320,0,104.0,0,damping
1780604022.0314217,2.8255719000007957,2995,0.039062,-0.037598,1.055664,1.671756,3.183206,-0.725191,1.057055,3.667897,323,603,280,323,0,104.0,0,damping
1780604022.0639682,2.8581186000083108,3027,0.030762,-0.031006,1.049805,1.465649,3.045802,-1.007634,1.050713,3.527089,325,615,290,325,1,104.0,0,damping
1780604022.0954661,2.889616600004956,3058,0.039795,-0.02002,1.052978,1.580153,2.793893,-1.129771,1.05392,3.402808,329,620,291,329,0,104.0,6,damping
1780604022.126365,2.9205154000082985,3089,0.04126,-0.032471,1.060059,1.48855,2.954198,-0.801527,1.061358,3.40375,331,624,293,331,0,104.0,1,damping
1780604022.1571693,2.951319700005115,3121,0.043457,-0.021729,1.052002,1.557252,3.091603,-1.015267,1.053123,3.607466,334,639,305,334,1,103.586,0,damping
1780604022.1894994,2.9836497000069357,3152,0.043701,-0.018066,1.055908,1.763359,2.51145,-0.984733,1.056967,3.222812,339,646,307,339,0,103.586,0,damping
1780604022.2210166,3.0151670000050217,3184,0.041992,-0.02002,1.058594,1.473282,2.656489,-1.091603,1.059615,3.227862,341,650,309,341,0,103.586,1,damping
1780604022.2525067,3.0466570999997202,3215,0.041504,-0.021729,1.048096,1.419847,2.908397,-1.374046,1.049142,3.516069,343,655,312,343,1,103.586,14,damping
1780604022.2835019,3.077652300009504,3246,0.050537,-0.013428,1.053467,1.114504,2.938931,-0.969466,1.054764,3.28927,348,662,314,348,0,103.586,0,damping
1780604022.3138735,3.108023900000262,3278,0.036133,-0.036377,1.055908,1.114504,3.022901,-1.0,1.057152,3.373433,350,666,316,350,0,103.586,0,damping
1780604022.345413,3.1395634000073187,3309,0.053711,-0.022461,1.061279,2.061069,2.587786,-1.358779,1.062875,3.57644,352,671,319,352,1,103.586,14,damping
1780604022.3772228,3.171373200006201,3340,0.040039,-0.01416,1.054199,1.603053,2.969466,-0.557252,1.055054,3.42024,357,678,321,357,0,103.586,1,damping
1780604022.408414,3.2025643000088166,3372,0.032959,-0.02124,1.055908,1.717557,2.572519,-0.900763,1.056636,3.221682,359,682,323,359,0,99.602,0,damping
1780604022.4582236,3.2523740000033285,3403,0.048096,-0.019043,1.054443,1.534351,3.10687,-1.236641,1.055711,3.679152,361,689,328,361,1,99.602,14,damping
1780604022.4700947,3.264244999998482,3434,0.038574,-0.021484,1.055176,1.679389,2.679389,-1.122137,1.056099,3.355394,365,694,329,365,0,99.602,7,damping
1780604022.5015097,3.295659900002647,3465,0.040039,-0.011963,1.05542,1.748092,3.129771,-0.801527,1.056247,3.673382,367,698,331,367,0,99.602,0,damping
1780604022.532142,3.3262923000002047,3496,0.039062,-0.035889,1.053711,1.610687,3.038168,-0.832061,1.055045,3.537952,369,703,334,369,1,99.602,13,damping
1780604022.5632477,3.357398000007379,3527,0.045898,-0.008545,1.061035,1.664122,2.931298,-1.282443,1.062062,3.606448,375,712,337,375,0,99.602,1,damping
1780604022.5942025,3.3883528000005754,3558,0.040039,-0.042969,1.055664,1.671756,2.687023,-0.984733,1.057297,3.314296,377,716,339,377,0,99.602,0,damping
1780604022.6266437,3.420794100005878,3590,0.038818,-0.036377,1.053223,1.381679,3.167939,-1.259542,1.054565,3.678494,379,728,349,379,1,99.602,1,damping
1780604022.6584644,3.4526149000012083,3621,0.045166,-0.014893,1.050781,1.580153,2.969466,-1.076336,1.051857,3.531729,382,733,351,382,0,99.602,0,damping
1780604022.6899714,3.4841217000066536,3653,0.045166,-0.006104,1.064209,1.099237,2.80916,-0.984733,1.065184,3.173232,384,737,353,384,0,88.968,1,damping
1780604022.7195091,3.513659500007634,3684,0.044678,-0.026855,1.049316,1.312977,3.59542,-0.877863,1.05061,3.927034,386,744,358,386,1,88.968,14,damping
1780604022.751238,3.545388400001684,3714,0.037842,-0.012207,1.057617,1.664122,2.908397,-1.091603,1.058364,3.524156,391,751,360,391,0,88.968,0,damping
1780604022.7819288,3.5760792000073707,3746,0.041504,-0.008057,1.062744,1.557252,2.618321,-1.030534,1.063585,3.215997,393,755,362,393,0,88.968,0,damping
1780604022.813286,3.607436400008737,3777,0.038086,-0.036865,1.047852,2.0,3.061069,-1.183206,1.049191,3.843191,395,760,365,395,1,88.968,13,damping
1780604022.844799,3.638949300002423,3808,0.037842,-0.011475,1.055664,1.496183,3.183206,-1.129771,1.056404,3.694286,401,769,368,401,0,88.968,1,damping
1780604022.8758144,3.6699649000074714,3839,0.043701,-0.039062,1.055908,1.664122,3.19084,-0.656489,1.057534,3.658106,403,773,370,403,0,88.968,0,damping
1780604022.9080558,3.7022062000032747,3871,0.040771,-0.035156,1.059082,1.755725,3.061069,-1.076336,1.060449,3.689338,405,785,380,405,1,88.968,0,damping
1780604022.9392762,3.7334266000107164,3902,0.043457,-0.020264,1.060791,1.40458,3.061069,-1.48855,1.061874,3.682223,410,792,382,410,0,88.968,0,damping
1780604022.9695868,3.763737300003413,3933,0.040283,-0.027588,1.061768,1.992366,3.40458,-0.572519,1.06289,3.986034,412,796,384,412,0,100.0,1,damping
1780604023.000233,3.7943833000026643,3965,0.038818,-0.033691,1.050781,1.343511,3.221374,-1.007634,1.052038,3.63285,414,805,391,414,1,100.0,1,damping
1780604023.0313842,3.825534500007052,3995,0.043945,-0.008789,1.053467,1.343511,2.503817,-1.076336,1.05442,3.038523,419,812,393,419,0,100.0,0,damping
1780604023.0626376,3.856788000004599,4026,0.046875,-0.041016,1.053467,1.572519,3.358779,-1.114504,1.055306,3.87251,421,816,395,421,0,100.0,0,damping
1780604023.0939837,3.888133900007233,4057,0.038086,-0.018799,1.052246,1.725191,3.061069,-0.931298,1.053103,3.635071,424,823,399,424,1,100.0,1,damping
1780604023.1249993,3.9191496999992523,4088,0.036133,-0.009521,1.05542,1.778626,2.770992,-1.022901,1.056081,3.447932,429,830,401,429,0,100.0,0,damping
1780604023.155821,3.9499714999983553,4119,0.044678,-0.034668,1.05542,1.519084,3.175573,-0.847328,1.056934,3.620752,430,832,402,430,0,100.0,6,damping
1780604023.187603,3.9817533000023104,4151,0.044678,-0.011963,1.052734,1.122137,3.068702,-0.847328,1.05375,3.375513,433,845,412,433,1,100.0,1,damping
1780604023.2174432,4.011593500006711,4182,0.033447,-0.01416,1.056641,1.29771,2.977099,-1.229008,1.057265,3.47241,438,852,414,438,0,100.0,0,damping
1780604023.2485716,4.042721899997559,4212,0.046631,-0.007324,1.053467,1.450382,3.351145,-1.08397,1.054524,3.809038,441,858,417,441,0,103.943,0,damping
1780604023.2812233,4.075373700005002,4244,0.050293,-0.029785,1.049316,2.030534,2.870229,-0.755725,1.050943,3.596165,446,871,425,446,1,103.943,0,damping
1780604023.3131564,4.107306799996877,4276,0.05127,-0.016113,1.06543,1.870229,2.900763,-1.175572,1.066784,3.646115,449,876,427,449,0,103.943,1,damping
1780604023.3444452,4.13859550000052,4308,0.045166,-0.010986,1.05249,1.21374,3.320611,-0.908397,1.053516,3.650316,451,880,429,451,0,103.943,1,damping
1780604023.3762696,4.17041990000871,4339,0.042725,-0.018311,1.056641,1.40458,3.290076,-0.923664,1.057663,3.694672,454,887,433,454,1,103.943,1,damping
1780604023.4076886,4.2018390000012005,4370,0.041748,-0.013672,1.05249,1.381679,3.236641,-0.916031,1.053407,3.636481,459,894,435,459,0,103.943,0,damping
1780604023.4389398,4.233090100009576,4402,0.031982,-0.035156,1.059326,1.030534,2.358779,-1.022901,1.060392,2.769867,461,898,437,461,0,103.943,0,damping
1780604023.4695492,4.263699600007385,4433,0.041992,-0.015137,1.052002,1.274809,3.076336,-1.19084,1.052948,3.536535,463,903,440,463,1,103.943,14,damping
1780604023.511521,4.305671499998425,4464,0.042236,-0.02417,1.057617,1.435114,3.076336,-0.70229,1.058736,3.466498,469,910,441,469,0,111.111,0,damping
1780604023.5334818,4.327632300002733,4496,0.034424,-0.030029,1.055664,1.763359,2.778626,-0.984733,1.056652,3.435098,472,916,444,472,0,111.111,1,damping
1780604023.5637105,4.3578607000090415,4527,0.040039,-0.018066,1.053711,2.183206,3.381679,-1.267176,1.054626,4.219938,474,921,447,474,1,111.111,14,damping
1780604023.5945842,4.3887344999966444,4558,0.042725,-0.009033,1.056641,2.244275,3.167939,-0.89313,1.057543,3.983753,479,928,449,479,0,111.111,0,damping
1780604023.6255507,4.419701100006932,4589,0.040771,-0.026367,1.05957,1.633588,3.21374,-0.534351,1.060682,3.644484,481,932,451,481,0,111.111,0,damping
1780604023.656732,4.450882400007686,4620,0.044189,-0.015869,1.053223,1.503817,3.0,-1.51145,1.054269,3.680482,484,939,455,484,1,111.111,1,damping
1780604023.6884325,4.48258270000224,4651,0.046143,-0.020996,1.052002,1.221374,3.091603,-1.137405,1.053223,3.513325,489,946,457,489,0,111.111,1,damping
1780604023.718581,4.512731199996779,4682,0.04834,-0.011475,1.057373,1.664122,2.580153,-0.70229,1.05854,3.149556,491,950,459,491,0,111.111,0,damping
1780604023.7497308,4.5438811000058195,4713,0.046387,-0.019287,1.052002,1.465649,3.175573,-1.175572,1.053201,3.689764,492,953,461,492,1,111.111,17,damping
1780604023.7809246,4.5750748999998905,4744,0.035645,-0.018799,1.05835,1.641221,3.335878,-1.152672,1.059116,3.892344,497,960,463,497,0,100.0,0,damping
1780604023.8113112,4.605461600003764,4775,0.061035,-0.019531,1.064941,2.053435,2.877863,-0.80916,1.066868,3.626766,500,966,466,500,0,100.0,1,damping
1780604023.8434932,4.637643599999137,4807,0.035156,-0.028564,1.053467,1.954198,3.259542,-0.59542,1.05444,3.846821,502,978,476,502,1,100.0,0,damping
1780604023.8746657,4.6688161000056425,4838,0.04248,-0.012207,1.052978,1.473282,3.198473,-0.938931,1.053906,3.644501,507,985,478,507,0,100.0,0,damping
1780604023.9041603,4.698310500010848,4869,0.040771,-0.008301,1.055176,1.465649,3.29771,-0.740458,1.055996,3.683924,509,989,480,509,0,100.0,0,damping
1780604023.936791,4.730941200003144,4900,0.048584,-0.030273,1.053711,1.725191,2.832061,-1.007634,1.055265,3.465859,515,1004,489,515,1,100.0,0,damping
1780604023.9686458,4.762796199996956,4931,0.047119,-0.015625,1.057373,1.572519,3.083969,-0.877863,1.058538,3.57132,520,1011,491,520,0,100.0,1,damping
1780604023.999426,4.793576299998676,4963,0.04248,-0.006348,1.057129,1.007634,3.465649,-0.679389,1.058001,3.672549,522,1015,493,522,0,100.0,0,damping
1780604024.0306911,4.82484139999724,4994,0.046387,-0.02002,1.055664,1.709924,3.465649,-0.923664,1.056872,3.973376,524,1020,496,524,1,108.0,14,damping
1780604024.0620577,4.856208199998946,5025,0.045898,-0.022217,1.05542,1.847328,3.091603,-0.977099,1.056651,3.731669,529,1027,498,529,0,108.0,0,damping
1780604024.094333,4.888483200003975,5057,0.039795,-0.017822,1.056152,1.40458,2.572519,-1.022901,1.057052,3.104356,531,1031,500,531,0,108.0,1,damping
1780604024.1245375,4.918687900004443,5088,0.044922,-0.024414,1.05542,1.458015,3.099237,-0.862595,1.056658,3.532018,533,1036,503,533,1,108.0,14,damping
1780604024.1553676,4.949517900007777,5119,0.039795,-0.015381,1.051758,1.480916,3.59542,-1.076336,1.052623,4.034682,538,1043,505,538,0,108.0,0,damping
1780604024.1909885,4.985138900010497,5149,0.05127,-0.032471,1.062744,1.610687,3.312977,-1.08397,1.064475,3.839938,540,1047,507,540,0,108.0,0,damping
1780604024.2187264,5.012876799999503,5181,0.039551,-0.028564,1.057129,1.717557,2.572519,-0.694656,1.058254,3.170238,545,1063,518,545,1,108.0,0,damping
1780604024.2491794,5.043329699998139,5212,0.038574,-0.012939,1.059082,1.664122,3.114504,-1.022901,1.059863,3.676379,549,1068,519,549,0,108.0,6,damping
1780604024.280037,5.074187200007145,5243,0.054688,-0.031738,1.059326,1.435114,3.320611,-0.946565,1.061212,3.739251,551,1072,521,551,0,108.0,0,damping
1780604024.3114269,5.1055772000108846,5274,0.045654,-0.016357,1.054443,1.48855,2.992366,-0.961832,1.055558,3.47781,553,1077,524,553,1,103.571,14,damping
1780604024.341714,5.135864199997741,5305,0.038086,-0.005859,1.047852,1.641221,3.160305,-0.954198,1.04856,3.686683,558,1085,527,558,1,103.571,3,damping
1780604024.3727944,5.166944700002205,5336,0.040283,-0.037354,1.057861,1.312977,3.679389,-0.51145,1.059287,3.939974,561,1090,529,561,0,103.571,1,damping
1780604024.405061,5.199211400002241,5368,0.054932,-0.021484,1.05249,1.503817,2.923664,-0.564886,1.054142,3.335922,563,1103,540,563,1,103.571,0,damping
1780604024.4364457,5.230596100009279,5399,0.036377,-0.019287,1.048096,1.389313,2.748092,-0.954198,1.048904,3.22377,568,1110,542,568,0,103.571,0,damping
1780604024.4673953,5.261545600005775,5430,0.050781,-0.023926,1.058106,2.030534,2.946565,-0.89313,1.059593,3.688224,570,1114,544,570,0,103.571,0,damping
1780604024.499546,5.293696499997168,5462,0.040527,-0.033936,1.054199,1.778626,3.320611,-0.977099,1.055524,3.891618,572,1128,556,572,1,103.571,0,damping
1780604024.5304234,5.32457379999687,5493,0.047119,-0.015869,1.055908,1.755725,3.282443,-0.89313,1.057078,3.828144,577,1135,558,577,0,103.571,1,damping
1780604024.5621197,5.35627000000386,5525,0.043945,-0.009521,1.056885,1.167939,3.473282,-1.21374,1.057841,3.860173,578,1137,559,578,0,99.602,6,damping
1780604024.6028974,5.397047799997381,5556,0.042725,-0.018799,1.056885,1.900763,3.312977,-1.450382,1.057915,4.085624,580,1142,562,580,1,99.602,14,damping
1780604024.63037,5.424520300002769,5593,0.04834,-0.0271,1.05957,1.427481,3.435115,-0.854962,1.061019,3.816893,586,1151,565,586,0,99.602,0,damping
1780604024.6615283,5.4556786000030115,5625,0.042236,-0.013428,1.047119,1.618321,2.931298,-0.587786,1.048057,3.399553,588,1163,575,588,1,99.602,0,damping
1780604024.6934016,5.487552000005962,5656,0.039795,-0.026123,1.053711,1.480916,3.129771,-1.061069,1.054786,3.621387,593,1170,577,593,0,99.602,0,damping
1780604024.725272,5.51942229999986,5688,0.044678,-0.033447,1.05542,1.885496,3.076336,-0.954198,1.056895,3.732216,595,1174,579,595,0,99.602,1,damping
1780604024.7569413,5.551091600005748,5720,0.043213,-0.032471,1.054932,1.59542,3.40458,-1.129771,1.056316,3.925928,598,1188,590,598,1,99.602,0,damping
1780604024.7873406,5.5814909000037005,5750,0.04126,-0.007324,1.052978,1.374046,2.763359,-1.007634,1.053812,3.246457,603,1195,592,603,0,99.602,1,damping
1780604024.8181438,5.612294300008216,5781,0.047607,-0.040771,1.054688,2.030534,2.709924,-0.931298,1.056548,3.51199,605,1199,594,605,0,105.469,0,damping
1780604024.850289,5.644439399999101,5813,0.046631,-0.034912,1.049072,1.816794,3.137405,-1.038168,1.050688,3.771186,607,1204,597,607,1,105.469,13,damping
1780604024.8812084,5.675358699998469,5844,0.042725,-0.018555,1.05957,1.656489,2.770992,-0.877863,1.060594,3.345593,613,1211,598,613,0,105.469,1,damping
1780604024.91254,5.706690300008631,5876,0.04248,-0.018799,1.052978,1.687023,2.847328,-0.923664,1.054003,3.436056,615,1215,600,615,0,105.469,1,damping
1780604024.9438503,5.738000600002124,5907,0.042236,-0.021484,1.052002,1.832061,3.244275,-1.160305,1.053069,3.902317,617,1220,603,617,1,105.469,14,damping
1780604024.976317,5.7704673999978695,5938,0.04834,-0.016113,1.060547,1.618321,3.030534,-1.183206,1.06177,3.633604,622,1227,605,622,0,105.469,0,damping
1780604025.0060947,5.800245000005816,5970,0.053467,-0.016602,1.059326,1.0,3.0,-0.89313,1.060804,3.285982,624,1231,607,624,0,105.469,0,damping
1780604025.0373673,5.831517800004804,6000,0.042725,-0.026611,1.061279,1.610687,2.778626,-1.137405,1.062472,3.407164,626,1236,610,626,1,105.469,14,damping
1780604025.0690007,5.8631509999977425,6031,0.047119,-0.013184,1.04834,1.564886,2.763359,-1.343511,1.049481,3.448194,632,1243,611,632,0,108.0,1,damping
1780604025.1001184,5.8942688000097405,6063,0.045166,-0.007324,1.056152,1.656489,2.923664,-0.78626,1.057143,3.451082,634,1247,613,634,0,108.0,1,damping
1780604025.1304607,5.924611000009463,6093,0.036377,-0.024414,1.041992,1.458015,2.847328,-0.954198,1.042913,3.3382,636,1252,616,636,1,108.0,14,damping
1780604025.1621475,5.956297900003847,6124,0.043945,-0.013428,1.055908,1.412214,3.122137,-1.068702,1.056908,3.589459,642,1261,619,642,0,108.0,0,damping
1780604025.1924422,5.986592600005679,6156,0.043945,0.000244,1.066162,1.977099,2.977099,-0.770992,1.067067,3.656018,644,1265,621,644,0,108.0,0,damping
1780604025.2240188,6.018169200004195,6187,0.049561,-0.033936,1.057373,1.946565,2.671756,-1.152672,1.059078,3.500864,645,1268,623,645,1,108.0,18,damping
1780604025.2561812,6.050331600010395,6218,0.054932,-0.025146,1.055176,1.480916,3.549618,-1.183206,1.056904,4.024038,650,1275,625,650,0,108.0,1,damping
1780604025.2883787,6.082529000006616,6250,0.041016,-0.01123,1.055664,0.778626,3.343511,-1.022901,1.05652,3.58213,652,1279,627,652,0,108.0,1,damping
1780604025.3188543,6.113004800005001,6281,0.032715,-0.020996,1.046631,1.610687,2.916031,-1.137405,1.047352,3.520119,654,1286,632,654,1,88.0,14,damping
1780604025.3503966,6.1445469000027515,6313,0.048584,-0.020508,1.055664,1.610687,2.740458,-1.022901,1.05698,3.339274,666,1300,634,666,0,88.0,0,damping
1780604025.3811913,6.17534169999999,6344,0.035156,-0.031006,1.048828,1.725191,2.534351,-0.908397,1.049875,3.197562,668,1304,636,668,0,88.0,0,damping
1780604025.4131515,6.207301800008281,6375,0.045166,-0.015381,1.054443,2.015267,3.343511,-1.305344,1.055522,4.116344,670,1309,639,670,1,88.0,13,damping
1780604025.4577394,6.251889799998025,6406,0.045654,-0.014404,1.05542,1.59542,3.083969,-0.70229,1.056505,3.542519,676,1318,642,676,0,88.0,0,damping
1780604025.4742255,6.268375900006504,6437,0.039795,-0.02124,1.060547,1.160305,2.916031,-1.312977,1.061506,3.401978,678,1322,644,678,0,88.0,1,damping
1780604025.5057907,6.299941000004765,6468,0.043457,-0.022217,1.056152,2.10687,3.061069,-1.099237,1.05728,3.875224,679,1325,646,679,1,88.0,17,damping
1780604025.5367386,6.330889100005152,6499,0.043213,-0.014893,1.051758,1.847328,3.137405,-1.358779,1.05275,3.886156,684,1332,648,684,0,88.0,0,damping
1780604025.5677133,6.361863700003596,6530,0.037354,-0.011475,1.060303,1.183206,2.717557,-0.923664,1.061022,3.104553,686,1336,650,686,0,88.0,0,damping
1780604025.5982363,6.392386599996826,6561,0.043701,-0.037109,1.047607,1.007634,2.854962,-1.366412,1.049175,3.321628,688,1343,655,688,1,121.429,14,damping
1780604025.6303964,6.4245467000000644,6593,0.044922,-0.028564,1.055176,1.290076,3.152672,-1.10687,1.056518,3.581731,692,1348,656,692,0,121.429,6,damping
1780604025.6626282,6.4567785000108415,6625,0.037109,-0.051025,1.053467,2.244275,2.954198,-1.08397,1.055354,3.865106,694,1352,658,694,0,121.429,1,damping
1780604025.6930296,6.487180099997204,6656,0.052246,-0.015625,1.051514,2.396947,3.167939,-1.137405,1.052927,4.132176,696,1357,661,696,1,121.429,14,damping
1780604025.7249262,6.519076700002188,6687,0.043701,-0.028809,1.053223,1.664122,3.061069,-0.450382,1.054522,3.513159,702,1366,664,702,0,121.429,1,damping
1780604025.7564065,6.550556900008814,6718,0.050781,-0.022705,1.061523,1.419847,3.19084,-0.732824,1.06298,3.568537,704,1370,666,704,0,121.429,0,damping
1780604025.7868001,6.580950600007782,6749,0.050049,-0.017578,1.055908,1.648855,3.129771,-1.129771,1.05724,3.713566,706,1375,669,706,1,121.429,14,damping
1780604025.8191502,6.613300600001821,6780,0.045166,-0.029541,1.051514,1.961832,3.267176,-1.038168,1.052898,3.949812,711,1382,671,711,0,121.429,0,damping
1780604025.8486269,6.642777200002456,6811,0.036377,-0.017334,1.061768,1.923664,2.839695,-0.862595,1.062532,3.536724,713,1386,673,713,0,100.0,0,damping
1780604025.8799016,6.674051900001359,6842,0.052246,-0.021729,1.054443,2.21374,3.10687,-1.412214,1.05596,4.067879,715,1393,678,715,1,100.0,14,damping
1780604025.9107592,6.704909499996575,6873,0.04541,-0.025146,1.052734,1.610687,3.122137,-0.977099,1.054013,3.646475,720,1400,680,720,0,100.0,1,damping
1780604025.9422128,6.736363200005144,6905,0.04541,-0.044189,1.052002,1.740458,3.022901,-0.656489,1.053908,3.54938,722,1404,682,722,0,100.0,1,damping
1780604025.973669,6.767819500004407,6936,0.04126,-0.010498,1.062256,1.908397,3.114504,-0.854962,1.063109,3.75141,724,1409,685,724,1,100.0,14,damping
1780604026.004709,6.798859400005313,6967,0.033936,-0.027588,1.053223,1.656489,3.442748,-0.48855,1.05413,3.851642,730,1418,688,730,0,100.0,0,damping
1780604026.0355794,6.829729800010682,6998,0.048096,-0.041504,1.053223,1.91603,3.198473,-0.694656,1.055137,3.792618,732,1422,690,732,0,100.0,0,damping
1780604026.0665803,6.860730600004899,7029,0.050537,-0.013428,1.052978,2.21374,2.656489,-1.259542,1.054276,3.680221,734,1427,693,734,1,100.0,14,damping
1780604026.0972824,6.8914328000100795,7060,0.030762,-0.019287,1.047363,1.679389,2.725191,-0.862595,1.047992,3.31528,740,1434,694,740,0,100.0,1,damping
1780604026.1291022,6.923252599997795,7092,0.036133,-0.041992,1.051025,2.099237,3.442748,-0.763359,1.052484,4.103904,742,1438,696,742,0,103.203,1,damping
1780604026.160958,6.95510849999846,7123,0.045898,-0.02002,1.050049,1.748092,3.129771,-1.175572,1.051242,3.772699,746,1445,699,746,1,103.203,14,damping
1780604026.1932778,6.987428300009924,7155,0.049072,-0.011963,1.052246,1.114504,3.374046,-0.709924,1.053458,3.623575,751,1452,701,751,0,103.203,1,damping
1780604026.2242594,7.018409800002701,7186,0.03833,-0.027588,1.053711,1.648855,2.992366,-0.870229,1.054769,3.52566,752,1454,702,752,0,103.203,6,damping
1780604026.254713,7.048863300005905,7217,0.049805,-0.019287,1.05957,2.038168,3.335878,-1.206107,1.060916,4.091076,755,1459,704,755,1,103.203,13,damping
1780604026.2845576,7.078707900000154,7248,0.040039,-0.00708,1.060303,1.900763,3.21374,-0.877863,1.061082,3.83558,761,1468,707,761,0,103.203,0,damping
1780604026.3170016,7.111151899996912,7279,0.045898,-0.03833,1.054443,2.374046,2.839695,-0.633588,1.056138,3.755182,763,1472,709,763,0,103.203,1,damping
1780604026.3478463,7.141996600010316,7310,0.056152,-0.018799,1.05957,2.961832,3.114504,-1.137405,1.061224,4.445928,765,1477,712,765,1,103.203,14,damping
1780604026.3778903,7.172040700010257,7341,0.040527,-0.008057,1.054199,2.206107,3.267176,-1.038168,1.055009,4.076658,770,1484,714,770,0,103.203,1,damping
1780604026.4096353,7.203785700010485,7372,0.037842,-0.034912,1.054932,1.496183,3.160305,-0.679389,1.056187,3.561974,772,1488,716,772,0,107.143,0,damping
1780604026.4475396,7.241690000009839,7404,0.045898,-0.012451,1.058838,1.351145,3.358779,-1.137405,1.059905,3.794822,775,1495,720,775,1,107.143,13,damping
1780604026.4729788,7.267129100000602,7435,0.054443,-0.020752,1.058838,0.862595,3.557252,-0.885496,1.06044,3.765928,780,1502,722,780,0,107.143,0,damping
1780604026.5038013,7.297951800006558,7466,0.037354,-0.024414,1.060059,1.870229,3.160305,-1.160305,1.060997,3.851181,782,1506,724,782,0,107.143,1,damping
1780604026.5345035,7.3286538000102155,7497,0.037598,-0.016846,1.056396,2.648855,3.412214,-1.099237,1.0572,4.457348,785,1511,726,785,1,107.143,14,damping
1780604026.5666385,7.3607887999969535,7529,0.04541,-0.01123,1.056641,1.328244,3.244275,-0.984733,1.057676,3.641326,790,1518,728,790,0,107.143,1,damping
1780604026.5970013,7.391151700008777,7560,0.051514,-0.039795,1.057861,1.740458,2.900763,-1.183206,1.059862,3.583797,792,1522,730,792,0,107.143,0,damping
1780604026.6301754,7.424325800006045,7591,0.051025,-0.042236,1.056396,1.290076,3.473282,-0.740458,1.058471,3.778394,795,1527,732,795,1,107.143,14,damping
1780604026.660215,7.454365300000063,7623,0.045898,-0.041992,1.056396,0.48855,3.236641,-0.89313,1.058227,3.392965,800,1534,734,800,0,111.554,0,damping
1780604026.6919167,7.486067100006039,7654,0.036377,-0.02002,1.063477,1.305344,3.343511,-0.946565,1.064287,3.712004,802,1538,736,802,0,111.554,0,damping
1780604026.7234762,7.517626600005315,7686,0.046143,-0.015625,1.047607,1.732824,3.244275,-0.748092,1.048739,3.75335,806,1544,738,806,0,111.554,6,damping
1780604026.7555952,7.5497455000004265,7718,0.040039,-0.020508,1.057129,0.206107,3.549618,-0.633588,1.058086,3.611607,810,1550,740,810,0,111.554,0,damping
1780604026.7866228,7.580773200010299,7749,0.039307,-0.039062,1.049072,0.847328,2.832061,-0.977099,1.050535,3.1134,812,1554,742,812,0,111.554,1,damping
1780604026.8185477,7.612698099997942,7780,0.041748,-0.02417,1.061768,0.916031,2.824427,-0.770992,1.062863,3.067724,817,1562,745,817,0,111.554,7,damping
1780604026.8494523,7.643602700001793,7812,0.047607,-0.008301,1.065918,2.435115,2.931298,-1.068702,1.067013,3.95783,821,1568,747,821,0,111.554,1,damping
1780604026.881356,7.675506400002632,7843,0.049561,-0.041504,1.05249,3.603053,2.89313,-1.038168,1.054474,4.73603,823,1572,749,823,0,111.554,0,damping
1780604026.912233,7.70638340000005,7874,0.036621,-0.022949,1.046387,2.282443,3.076336,-0.778626,1.047279,3.908919,828,1578,750,828,0,111.554,6,damping
1780604026.94446,7.738610200001858,7906,0.042236,-0.022949,1.059326,1.007634,3.229008,-1.129771,1.060416,3.566258,832,1584,752,832,0,111.554,0,damping
1780604026.9748857,7.769035999997868,7937,0.031494,-0.015137,1.052002,0.587786,3.175573,-0.839695,1.052582,3.336891,834,1589,755,834,1,111.554,14,damping
1780604027.0068235,7.800973899997189,7968,0.040771,-0.033936,1.05957,1.351145,3.045802,-0.793893,1.060897,3.425313,838,1594,756,838,0,111.554,7,damping
1780604027.0380673,7.8322177000081865,8000,0.044678,-0.015625,1.061279,1.290076,2.908397,-0.954198,1.062334,3.321681,842,1600,758,842,0,111.554,1,damping
1780604027.0688615,7.863011800000095,8031,0.032959,-0.020264,1.03833,1.099237,2.572519,-0.740458,1.039051,2.893865,844,1605,761,844,1,111.554,14,damping
1780604027.0994523,7.893602700001793,8062,0.038818,-0.024658,1.055664,1.748092,2.832061,-1.358779,1.056665,3.594812,849,1612,763,849,0,111.554,6,damping
1780604027.13044,7.924590299997362,8093,0.041504,-0.015625,1.055908,2.526718,3.19084,-0.740458,1.056839,4.136912,853,1618,765,853,0,111.554,0,damping
1780604027.1628423,7.9569926999975,8125,0.040283,-0.020264,1.038574,2.19084,2.519084,-0.664122,1.039553,3.403912,855,1630,775,855,1,107.57,1,damping
1780604027.1933315,7.987481900010607,8156,0.039062,-0.023682,1.050293,1.78626,2.572519,-1.183206,1.051286,3.347918,860,1637,777,860,0,107.57,0,damping
1780604027.224909,8.019059400001424,8188,0.032959,-0.007813,1.060791,1.335878,2.961832,-0.854962,1.061332,3.359759,862,1641,779,862,0,107.57,0,damping
1780604027.2569876,8.051137900009053,8219,0.045166,-0.020996,1.053711,1.763359,2.946565,-1.091603,1.054887,3.603232,864,1648,784,864,1,107.57,14,damping
1780604027.2884638,8.082614300001296,8250,0.043945,-0.014648,1.050049,1.519084,2.580153,-1.122137,1.05107,3.197498,870,1655,785,870,0,107.57,1,damping
1780604027.3190947,8.113245000000461,8282,0.040771,-0.009766,1.057373,1.580153,2.992366,-0.938931,1.058204,3.511799,872,1659,787,872,0,107.57,0,damping
1780604027.3504038,8.144554099999368,8313,0.046875,-0.020996,1.053223,1.839695,3.259542,-1.068702,1.054474,3.892456,874,1664,790,874,1,107.57,13,damping
1780604027.3818152,8.175965500005987,8344,0.040283,-0.023438,1.051758,1.931298,3.328244,-0.992366,1.05279,3.973904,881,1673,792,881,0,107.57,0,damping
1780604027.4135697,8.207720000005793,8376,0.043701,-0.041504,1.04834,1.862595,3.083969,-1.007634,1.050071,3.74105,883,1677,794,883,0,111.554,1,damping
1780604027.4448652,8.239015500003006,8407,0.05542,-0.01709,1.057373,1.801527,3.152672,-1.183206,1.058962,3.819007,885,1682,797,885,1,111.554,14,damping
1780604027.4765701,8.270720600005006,8439,0.05127,-0.003906,1.057617,0.580153,3.473282,-0.862595,1.058866,3.625512,890,1689,799,890,0,111.554,1,damping
1780604027.5074594,8.301609700007248,8470,0.051514,-0.044922,1.05542,1.610687,3.358779,-0.541985,1.057631,3.764234,892,1693,801,892,0,111.554,1,damping
1780604027.5538845,8.348034800001187,8501,0.04541,-0.038086,1.05957,1.610687,3.320611,-0.793893,1.061227,3.775054,895,1698,803,895,1,111.554,14,damping
1780604027.5700831,8.364233400003286,8533,0.048584,-0.044922,1.05835,2.114504,2.717557,-1.007634,1.060416,3.587697,900,1705,805,900,0,111.554,1,damping
1780604027.601031,8.39518130000215,8564,0.031982,-0.015381,1.055176,2.137405,3.564885,-1.236641,1.055772,4.33661,902,1709,807,902,0,111.554,0,damping
1780604027.632458,8.426608299996587,8595,0.045898,-0.031494,1.05835,2.145038,3.534351,-0.725191,1.059812,4.197467,905,1714,809,905,1,111.554,14,damping
1780604027.66272,8.456870200010599,8626,0.052734,-0.022217,1.054199,1.267176,2.938931,-0.89313,1.055751,3.32276,910,1721,811,910,0,108.0,1,damping
1780604027.6950471,8.48919740000565,8657,0.045898,-0.008545,1.054932,1.519084,3.419847,-0.900763,1.055964,3.848941,912,1725,813,912,0,108.0,0,damping
1780604027.726221,8.520371400009026,8688,0.050293,-0.029541,1.059082,1.29771,3.648855,-0.305344,1.060687,3.884769,915,1730,815,915,1,108.0,14,damping
1780604027.756165,8.550315400003456,8719,0.048096,-0.037842,1.055664,0.51145,3.564885,-0.748092,1.057436,3.678264,920,1737,817,920,0,108.0,1,damping
1780604027.7879198,8.582070200005546,8750,0.050537,-0.022949,1.058106,1.824428,3.129771,-1.145038,1.05956,3.799357,922,1741,819,922,0,108.0,0,damping
1780604027.819343,8.613493400000152,8781,0.061279,-0.017822,1.055664,2.343511,3.099237,-0.877863,1.057591,3.98346,926,1748,822,926,1,108.0,3,damping
1780604027.8491373,8.643287600003532,8812,0.04126,-0.03833,1.059082,1.679389,3.458015,-0.839695,1.060578,3.934883,931,1755,824,931,0,108.0,1,damping
1780604027.8801699,8.67432020000706,8843,0.040039,-0.018311,1.064697,2.442748,3.160305,-0.916031,1.065607,4.098007,933,1759,826,933,0,108.0,0,damping
1780604027.9109795,8.705129900001339,8874,0.049072,-0.040039,1.054199,1.610687,3.465649,-0.282443,1.0561,3.832076,936,1764,828,936,1,108.0,14,damping
1780604027.9431527,8.737302900000941,8905,0.045898,-0.02002,1.059326,0.51145,3.030534,-0.618321,1.060509,3.13497,941,1771,830,941,0,111.111,1,damping
1780604027.973925,8.76807550000376,8936,0.04248,-0.014648,1.060059,1.335878,3.244275,-0.908397,1.061011,3.624234,944,1777,833,944,0,111.111,0,damping
1780604028.0058382,8.799988500002655,8968,0.04834,-0.014648,1.056396,2.137405,3.442748,-0.625954,1.057603,4.100345,948,1783,835,948,0,111.111,6,damping
1780604028.0369003,8.83105059999798,8999,0.033691,-0.04126,1.051514,1.78626,2.854962,-0.763359,1.052862,3.45315,952,1789,837,952,0,111.111,0,damping
1780604028.0683873,8.862537699998938,9030,0.040527,-0.038574,1.056396,1.343511,3.267176,-1.183206,1.057877,3.725512,954,1793,839,954,0,111.111,0,damping
1780604028.0999537,8.894103900005575,9062,0.032959,-0.027344,1.051514,1.374046,2.885496,-0.725191,1.052385,3.277193,958,1801,843,958,0,111.111,7,damping
1780604028.1303468,8.924497200001497,9093,0.046387,-0.012451,1.05957,1.335878,2.801527,-0.541985,1.060658,3.150694,962,1807,845,962,0,111.111,0,damping
1780604028.163025,8.957175200004713,9126,0.043213,-0.02124,1.053955,2.122137,2.923664,-0.396947,1.055054,3.634398,964,1819,855,964,1,111.111,0,damping
1780604028.195343,8.989493300003232,9157,0.038086,-0.026367,1.051025,1.816794,2.748092,-1.038168,1.052046,3.454062,966,1823,857,966,1,99.206,3,damping
1780604028.2268214,9.020971799996914,9188,0.043701,-0.018799,1.05542,1.198473,3.343511,-0.641221,1.056492,3.609234,969,1828,859,969,0,99.206,0,damping
1780604028.2576818,9.05183229999966,9220,0.040039,-0.028809,1.052002,1.229008,3.29771,-1.167939,1.053158,3.708023,971,1842,871,971,1,99.206,1,damping
1780604028.2900214,9.084171800001059,9251,0.04541,-0.01709,1.050781,1.503817,3.152672,-1.274809,1.051901,3.718325,977,1849,872,977,0,99.206,0,damping
1780604028.3202214,9.114371800009394,9283,0.043457,-0.026123,1.062744,2.412214,2.755725,-1.022901,1.063953,3.802515,979,1853,874,979,0,99.206,0,damping
1780604028.35147,9.145620399998734,9314,0.049561,-0.020752,1.055664,2.770992,2.70229,-1.473282,1.057031,4.141416,981,1858,877,981,1,99.206,14,damping
1780604028.3921032,9.186253499996383,9345,0.049316,-0.012939,1.052734,1.78626,3.229008,-1.076336,1.053968,3.843919,988,1867,879,988,0,99.206,0,damping
1780604028.4135084,9.207658800005447,9376,0.030029,-0.029053,1.057861,0.885496,2.78626,-1.206107,1.058686,3.1626,990,1871,881,990,0,99.206,0,damping
1780604028.4444308,9.238581099998555,9407,0.059326,-0.020508,1.049805,1.282443,3.312977,-1.328244,1.05168,3.792718,992,1876,884,992,1,104.0,14,damping
1780604028.4760904,9.270240800004103,9438,0.044678,-0.020264,1.051514,1.305344,3.381679,-0.694656,1.052658,3.69083,997,1883,886,997,0,104.0,0,damping
1780604028.5071237,9.301273999997647,9469,0.042725,-0.011475,1.055664,1.709924,2.694656,-1.091603,1.056591,3.372923,999,1887,888,999,0,104.0,0,damping
1780604028.5373597,9.331510000003618,9500,0.046387,-0.014648,1.055176,2.48855,3.175573,-1.274809,1.056296,4.231108,1001,1894,893,1001,1,104.0,14,damping
1780604028.5684335,9.36258380000072,9531,0.050293,-0.025391,1.051758,2.244275,3.473282,-1.312977,1.053266,4.338706,1005,1899,894,1005,0,104.0,6,damping
1780604028.5995545,9.393705000009504,9562,0.040039,-0.02124,1.056396,2.274809,2.916031,-0.961832,1.057368,3.821402,1007,1903,896,1007,0,104.0,0,damping
1780604028.6311212,9.425271600004635,9593,0.045898,-0.016846,1.063232,1.91603,3.030534,-1.412214,1.064356,3.853526,1009,1908,899,1009,1,104.0,14,damping
1780604028.6606767,9.454827000008663,9624,0.042236,-0.005615,1.05127,1.541985,2.923664,-1.198473,1.052133,3.515945,1015,1917,902,1015,0,104.0,0,damping
1780604028.6931963,9.487346599999,9655,0.038574,-0.036621,1.060791,1.167939,2.48855,-0.977099,1.062124,2.917479,1017,1921,904,1017,0,104.0,0,damping
1780604028.7236094,9.517759800000931,9686,0.05127,-0.015625,1.050781,1.587786,2.847328,-1.740458,1.052147,3.69561,1019,1926,907,1019,1,96.774,14,damping
1780604028.755834,9.549984500001301,9717,0.036621,-0.025146,1.053955,1.374046,3.580153,-0.854962,1.054891,3.928926,1024,1933,909,1024,0,96.774,1,damping
1780604028.7857335,9.57988390000537,9748,0.04126,-0.017334,1.054199,1.717557,2.938931,-0.717557,1.055149,3.478823,1026,1937,911,1026,0,96.774,0,damping
1780604028.8176687,9.611818999997922,9779,0.048096,-0.010498,1.061523,2.465649,3.229008,-1.59542,1.062664,4.364777,1028,1944,916,1028,1,96.774,14,damping
1780604028.8474882,9.641638500004774,9811,0.044678,0.0,1.060303,1.984733,3.076336,-0.763359,1.061244,3.739749,1033,1951,918,1033,0,96.774,0,damping
1780604028.878657,9.672807399998419,9841,0.032227,-0.021484,1.055176,2.076336,3.137405,-1.129771,1.055886,3.928214,1035,1955,920,1035,0,96.774,0,damping
1780604028.909171,9.70332139999664,9872,0.052979,-0.014893,1.051025,0.916031,2.908397,-1.366412,1.052465,3.341402,1037,1960,923,1037,1,96.774,14,damping
1780604028.941077,9.735227299999679,9903,0.044434,-0.025146,1.061768,0.946565,2.748092,-0.931298,1.062994,3.052099,1042,1967,925,1042,0,96.774,1,damping
1780604028.9713411,9.765491400001338,9934,0.04126,-0.027832,1.060059,1.038168,2.969466,-0.877863,1.061226,3.265909,1044,1971,927,1044,0,96.774,0,damping
1780604029.002264,9.796414299999014,9965,0.049805,-0.018066,1.059082,2.175573,2.961832,-1.312977,1.060406,3.902496,1046,1976,930,1046,1,96.774,14,damping
1780604029.033886,9.828036400009296,9996,0.030273,-0.023926,1.05127,2.641221,2.908397,-1.167939,1.051977,4.098646,1051,1983,932,1051,0,96.774,0,damping
1780604029.0634716,9.85762190000969,10027,0.046143,-0.015381,1.060547,2.160305,2.816794,-1.0,1.061662,3.687987,1053,1987,934,1053,0,96.774,0,damping
1780604029.0953674,9.889517700008582,10057,0.047852,-0.019043,1.057129,1.801527,3.465649,-1.053435,1.058383,4.045484,1056,1994,938,1056,1,96.774,2,damping
1780604029.1264997,9.920650100000785,10088,0.033447,-0.01123,1.051025,0.992366,3.038168,-1.091603,1.051617,3.377403,1061,2001,940,1061,0,96.774,1,damping
1780604029.1588378,9.952988100005314,10120,0.028564,-0.025635,1.050781,1.244275,2.496183,-0.923664,1.051482,2.938078,1063,2005,942,1063,0,96.774,0,damping
1780604029.1887205,9.982870799998636,10151,0.054199,-0.018066,1.059082,1.282443,2.938931,-1.183206,1.060622,3.417887,1065,2010,945,1065,1,96.774,14,damping
1780604029.2186825,10.01283279999916,10182,0.048096,-0.006592,1.056152,1.885496,3.137405,-0.89313,1.057267,3.767769,1070,2017,947,1070,0,96.774,0,damping
1780604029.2512302,10.045380499999737,10213,0.030762,-0.036621,1.055664,2.167939,2.503817,-1.122137,1.056747,3.496892,1073,2023,950,1073,0,96.774,0,damping
1780604029.2825274,10.076677700009895,10244,0.048584,-0.011719,1.060547,2.496183,3.526718,-1.114504,1.061724,4.46215,1075,2028,953,1075,1,103.943,14,damping
1780604029.3126523,10.106802700000117,10276,0.042236,-0.000488,1.05249,1.473282,3.633588,-1.0,1.053337,4.046421,1079,2033,954,1079,0,103.943,6,damping
1780604029.343532,10.137682400003541,10306,0.027588,-0.034424,1.057861,1.610687,2.70229,-0.801527,1.058781,3.246402,1081,2037,956,1081,0,103.943,0,damping
1780604029.3743327,10.16848310000205,10337,0.049561,-0.011963,1.057129,1.480916,2.778626,-1.221374,1.058358,3.377222,1084,2044,960,1084,1,103.943,2,damping
1780604029.4201643,10.214314700002433,10368,0.037109,-0.010742,1.053467,0.824427,2.793893,-1.053435,1.054175,3.097619,1089,2051,962,1089,0,103.943,1,damping
1780604029.4370544,10.231204700001399,10399,0.032715,-0.034424,1.057129,1.854962,2.267176,-1.030534,1.058195,3.105313,1091,2055,964,1091,0,103.943,0,damping
1780604029.4683285,10.262478899996495,10430,0.054932,-0.016602,1.060547,2.503817,2.885496,-0.923664,1.062098,3.930438,1093,2060,967,1093,1,103.943,14,damping
1780604029.5009115,10.29506190000393,10462,0.04541,-0.000488,1.051758,1.687023,2.549618,-1.206107,1.052738,3.286532,1098,2067,969,1098,0,103.943,1,damping
1780604029.5301924,10.324342799998703,10493,0.04126,-0.02417,1.054688,1.832061,2.839695,-1.114504,1.055771,3.558431,1102,2073,971,1102,0,103.943,0,damping
1780604029.5617235,10.355873900000006,10524,0.040283,-0.032715,1.057617,2.076336,3.160305,-1.022901,1.05889,3.917273,1105,2078,973,1105,1,107.143,14,damping
1780604029.591662,10.385812300010002,10555,0.043457,-0.001465,1.056396,1.038168,3.633588,-0.679389,1.057291,3.839573,1108,2083,975,1108,0,107.143,1,damping
1780604029.6237128,10.417863199996646,10586,0.036865,-0.034668,1.055908,1.442748,2.80916,-1.229008,1.05712,3.388711,1110,2087,977,1110,0,107.143,1,damping
1780604029.6542,10.448350400009076,10617,0.043213,-0.038574,1.047363,0.816794,3.381679,-1.038168,1.048964,3.630524,1114,2094,980,1114,1,107.143,1,damping
1780604029.6859643,10.480114700010745,10648,0.053711,-0.024902,1.059082,0.641221,2.870229,-0.847328,1.060736,3.060612,1119,2101,982,1119,0,107.143,1,damping
1780604029.71617,10.510320500005037,10679,0.03418,-0.028564,1.052246,1.816794,2.862595,-1.244275,1.053188,3.611566,1121,2105,984,1121,0,107.143,1,damping
1780604029.7479103,10.542060500010848,10710,0.033936,-0.026123,1.059082,2.114504,3.152672,-1.076336,1.059948,3.945753,1124,2110,986,1124,1,107.143,14,damping
1780604029.778182,10.572332499999902,10741,0.044922,-0.002197,1.056885,1.725191,2.656489,-1.290076,1.057841,3.420163,1129,2117,988,1129,0,107.143,0,damping
1780604029.8097627,10.603912999999011,10772,0.032959,-0.018555,1.057129,1.900763,2.961832,-1.038168,1.057805,3.669216,1131,2121,990,1131,0,107.143,1,damping
1780604029.8406358,10.634786100010388,10803,0.044678,-0.037109,1.053223,1.08397,3.503817,-1.091603,1.054823,3.826659,1134,2126,992,1134,1,103.943,14,damping
1780604029.8718805,10.666030799999135,10834,0.050293,-0.023926,1.054688,0.770992,3.076336,-0.854962,1.056157,3.284696,1139,2133,994,1139,0,103.943,0,damping
1780604029.9029922,10.697142600009101,10865,0.037109,-0.021729,1.055664,1.007634,3.030534,-1.08397,1.05654,3.372604,1141,2137,996,1141,0,103.943,0,damping
1780604029.9325597,10.726710100003402,10896,0.047119,-0.024414,1.052978,1.519084,3.40458,-1.08397,1.054315,3.882495,1144,2142,998,1144,1,103.943,13,damping
1780604029.9652984,10.759448800003156,10927,0.050537,-0.044434,1.055176,1.496183,2.78626,-1.053435,1.057319,3.333396,1150,2151,1001,1150,0,103.943,0,damping
1780604029.996201,10.790351500007091,10958,0.028564,-0.020508,1.051025,2.290076,3.465649,-0.885496,1.051613,4.247267,1152,2155,1003,1152,0,103.943,0,damping
1780604030.0269992,10.821149600000354,10989,0.040039,-0.032471,1.049316,2.709924,3.061069,-0.78626,1.050582,4.163176,1155,2160,1005,1155,1,103.943,15,damping
1780604030.057889,10.852039300007164,11020,0.051025,-0.027344,1.056152,1.587786,2.587786,-1.236641,1.057738,3.278259,1160,2167,1007,1160,0,103.943,0,damping
1780604030.0894246,10.883574999999837,11051,0.04126,-0.020996,1.053467,1.419847,3.038168,-0.89313,1.054483,3.470463,1163,2173,1010,1163,0,103.943,1,damping
1780604030.120603,10.914753400007612,11083,0.046387,-0.02124,1.055908,0.70229,3.412214,-0.687023,1.05714,3.550833,1167,2179,1012,1167,0,117.857,6,damping
1780604030.1526706,10.946821000005002,11114,0.04248,-0.019287,1.054932,1.21374,3.236641,-0.80916,1.055963,3.550176,1171,2185,1014,1171,0,117.857,1,damping
1780604030.1821964,10.976346700001159,11145,0.048584,-0.041504,1.060547,1.59542,3.221374,-1.099237,1.06247,3.759114,1173,2189,1016,1173,0,117.857,0,damping
1780604030.2192223,11.013372700006585,11176,0.046143,-0.0271,1.053223,2.236641,3.221374,-0.687023,1.054581,3.981434,1176,2195,1019,1176,0,117.857,7,damping
1780604030.2512248,11.045375200003036,11213,0.03418,-0.02124,1.05542,2.259542,2.885496,-1.526718,1.056187,3.9702,1180,2203,1023,1180,0,117.857,1,damping
1780604030.2824986,11.076649000009638,11244,0.04248,-0.033203,1.057129,1.885496,3.412214,-0.832061,1.058503,3.986304,1183,2208,1025,1183,1,117.857,14,damping
1780604030.3138168,11.107967100004316,11275,0.04248,-0.037842,1.056641,0.656489,3.473282,-0.862595,1.058171,3.638508,1186,2213,1027,1186,0,117.857,0,damping
1780604030.344355,11.138505399998394,11306,0.048096,-0.020264,1.059082,1.549618,3.229008,-1.198473,1.060367,3.776791,1188,2217,1029,1188,0,117.857,0,damping
1780604030.3749564,11.169106800007285,11337,0.053955,-0.016602,1.047607,1.526718,3.778626,-0.877863,1.049127,4.168876,1191,2222,1031,1191,1,94.488,14,damping
1780604030.4049535,11.199103799997829,11368,0.033936,-0.03833,1.052246,0.70229,3.679389,-1.0,1.053491,3.876998,1196,2229,1033,1196,0,94.488,1,damping
1780604030.435283,11.229433400003472,11398,0.051514,-0.02832,1.05957,2.10687,2.687023,-1.160305,1.0612,3.606287,1198,2233,1035,1198,0,94.488,1,damping
1780604030.4670932,11.261243500004639,11429,0.04248,-0.032959,1.053955,2.671756,2.961832,-1.099237,1.055326,4.137518,1201,2238,1037,1201,1,94.488,14,damping
1780604030.4982748,11.292425100007677,11460,0.040039,-0.040283,1.052246,0.946565,2.877863,-1.068702,1.053778,3.212508,1206,2245,1039,1206,0,94.488,0,damping
1780604030.5296714,11.323821800004225,11492,0.036377,-0.037354,1.053955,1.335878,3.381679,-0.885496,1.055244,3.742249,1209,2251,1042,1209,0,94.488,1,damping
1780604030.561523,11.35567330000049,11523,0.046875,-0.010986,1.04834,1.007634,3.450382,-0.580153,1.049445,3.641022,1213,2257,1044,1213,0,94.488,6,damping
1780604030.591821,11.385971199997584,11555,0.041748,-0.012939,1.05127,0.519084,3.519084,-0.877863,1.052178,3.663884,1217,2263,1046,1217,0,94.488,0,damping
1780604030.6232963,11.417446599996765,11586,0.05249,-0.046143,1.048828,1.465649,3.389313,-0.099237,1.051154,3.69397,1219,2267,1048,1219,0,94.488,0,damping
1780604030.6548011,11.448951500002295,11617,0.030762,-0.036621,1.05957,1.770992,3.099237,-0.503817,1.060649,3.604929,1224,2273,1049,1224,0,117.857,6,damping
1780604030.68697,11.481120399999782,11649,0.052979,-0.03833,1.068115,2.015267,3.099237,-1.045802,1.070115,3.84191,1229,2281,1052,1229,0,117.857,1,damping
1780604030.719509,11.513659300006111,11681,0.035889,-0.030029,1.057861,2.137405,2.961832,-0.763359,1.058896,3.731443,1231,2293,1062,1231,1,117.857,0,damping
1780604030.7501938,11.544344100009766,11712,0.042236,-0.012207,1.050781,1.816794,3.29771,-1.068702,1.051701,3.91379,1234,2298,1064,1234,0,117.857,0,damping
1780604030.779144,11.573294300003909,11743,0.033447,-0.018311,1.056152,1.70229,2.916031,-0.908397,1.05684,3.4966,1236,2302,1066,1236,0,117.857,0,damping
1780604030.811434,11.60558430000674,11773,0.03833,-0.015869,1.052246,1.167939,3.175573,-0.580153,1.053064,3.432917,1239,2309,1070,1239,1,117.857,2,damping
1780604030.8416677,11.635818000009749,11804,0.033203,-0.004639,1.052002,0.992366,2.664122,-0.923664,1.052536,2.98923,1244,2316,1072,1244,0,117.857,1,damping
1780604030.8730574,11.667207699996652,11835,0.042725,-0.029785,1.064209,1.396947,2.908397,-0.732824,1.065483,3.308665,1246,2320,1074,1246,0,117.857,0,damping
1780604030.9042737,11.698424000001978,11866,0.027832,-0.036865,1.049072,2.076336,3.068702,-1.022901,1.050089,3.843752,1248,2325,1077,1248,1,117.857,14,damping
1780604030.9352849,11.729435200002627,11897,0.052979,-0.018555,1.051025,2.076336,3.061069,-1.053435,1.052523,3.845912,1253,2332,1079,1253,0,103.571,1,damping
1780604030.9670413,11.761191500001587,11929,0.035645,-0.023193,1.054443,1.954198,2.847328,-1.122137,1.0553,3.631165,1255,2336,1081,1255,0,103.571,1,damping
1780604030.9978666,11.79201699999976,11960,0.052246,-0.014893,1.053223,1.946565,2.992366,-1.099237,1.054623,3.735196,1257,2343,1086,1257,1,103.571,14,damping
1780604031.0291693,11.823319700008142,11991,0.037109,-0.023193,1.056152,1.778626,3.748092,-0.961832,1.057059,4.258734,1262,2350,1088,1262,0,103.571,1,damping
1780604031.0613115,11.855461800005287,12023,0.034424,-0.032227,1.051514,1.564886,2.740458,-0.908397,1.05257,3.283925,1264,2354,1090,1264,0,103.571,0,damping
1780604031.0925667,11.88671720000275,12054,0.036865,-0.022705,1.062256,1.396947,3.274809,-1.496183,1.063138,3.861916,1266,2359,1093,1266,1,103.571,14,damping
1780604031.1223614,11.916511700008414,12085,0.046143,-0.01001,1.060547,1.641221,3.0,-0.732824,1.061597,3.497233,1272,2368,1096,1272,0,103.571,1,damping
1780604031.152304,11.946454300006735,12115,0.035889,-0.010742,1.052734,1.022901,3.274809,-0.938931,1.053401,3.557006,1274,2372,1098,1274,0,103.571,0,damping
1780604031.1837513,11.977901699996437,12146,0.045898,-0.02832,1.054932,2.259542,2.992366,-1.320611,1.056309,3.975399,1276,2377,1101,1276,1,103.571,14,damping
1780604031.2141194,12.008269700003439,12177,0.045166,-0.010498,1.045166,1.824428,3.076336,-1.221374,1.046194,3.779435,1281,2384,1103,1281,0,100.0,0,damping
1780604031.2450433,12.03919360000873,12208,0.045654,-0.003174,1.057373,1.580153,3.274809,-0.572519,1.058363,3.680901,1283,2388,1105,1283,0,100.0,1,damping
1780604031.277864,12.072014400007902,12239,0.036377,-0.0354,1.047852,1.40458,2.938931,-1.091603,1.04908,3.435369,1285,2396,1111,1285,1,100.0,0,damping
1780604031.3093681,12.10351850000734,12271,0.046387,-0.016357,1.053711,1.557252,2.877863,-0.877863,1.054858,3.387886,1290,2403,1113,1290,0,100.0,1,damping
1780604031.3404164,12.134566900000209,12303,0.042236,-0.026611,1.05835,1.70229,2.694656,-0.80916,1.059526,3.28842,1292,2407,1115,1292,0,100.0,0,damping
1780604031.3723772,12.166527499997756,12333,0.032227,-0.038574,1.049072,1.732824,2.977099,-0.664122,1.050276,3.508113,1294,2412,1118,1294,1,100.0,13,damping
1780604031.402947,12.197097299998859,12364,0.037109,-0.018555,1.053467,1.832061,3.10687,-1.183206,1.054284,3.795928,1299,2419,1120,1299,0,100.0,0,damping
1780604031.432446,12.226596300009987,12396,0.036377,-0.01709,1.057861,1.572519,3.0,-0.946565,1.058624,3.51693,1301,2423,1122,1301,0,100.0,1,damping
1780604031.4644196,12.258569900004659,12427,0.033447,-0.029785,1.051758,2.137405,3.267176,-1.061069,1.052711,4.045838,1303,2434,1131,1303,1,88.0,0,damping
1780604031.4948928,12.289043099997798,12458,0.038086,-0.009033,1.05127,1.816794,3.442748,-0.770992,1.051998,3.968335,1308,2441,1133,1308,0,88.0,0,damping
1780604031.5260925,12.320243000009214,12489,0.041504,-0.009277,1.053955,1.21374,3.099237,-0.656489,1.054813,3.392552,1310,2445,1135,1310,0,88.0,0,damping
1780604031.5570042,12.351154500007397,12520,0.046143,-0.03125,1.05957,1.442748,3.076336,-1.068702,1.061035,3.56195,1312,2451,1139,1312,1,88.0,0,damping
1780604031.5890555,12.383205999998609,12550,0.039551,-0.02417,1.050781,1.198473,2.870229,-0.839695,1.051803,3.221745,1316,2457,1141,1316,1,88.0,3,damping
1780604031.6207147,12.414864999998827,12582,0.051514,-0.034424,1.056396,1.427481,3.412214,-0.78626,1.058212,3.781416,1319,2462,1143,1319,0,88.0,0,damping
1780604031.6514742,12.44562450000376,12613,0.040039,-0.028076,1.050049,1.725191,2.374046,-0.847328,1.051187,3.054561,1322,2469,1147,1322,1,88.0,2,damping
1780604031.6819553,12.476105699999607,12644,0.043945,-0.013184,1.054688,1.778626,2.824427,-0.984733,1.055685,3.480029,1326,2475,1149,1326,0,88.0,3,damping
1780604031.7129838,12.507134200001019,12675,0.052002,-0.035645,1.06543,1.549618,3.259542,-0.618321,1.067293,3.661728,1328,2478,1150,1328,0,88.0,6,damping
1780604031.7449946,12.539145000002463,12706,0.05542,-0.015381,1.043945,1.206107,2.763359,-0.618321,1.045528,3.077851,1330,2485,1155,1330,1,96.774,0,damping
1780604031.7762835,12.570433900007629,12738,0.048584,-0.016113,1.050537,1.458015,2.89313,-1.068702,1.051783,3.411471,1335,2492,1157,1335,0,96.774,1,damping
1780604031.8075635,12.601714000003994,12770,0.056641,-0.015381,1.060791,1.167939,3.396947,-0.671756,1.062413,3.654392,1338,2498,1160,1338,0,96.774,0,damping
1780604031.8399196,12.634069899999304,12801,0.053467,-0.020508,1.054443,1.450382,2.969466,-0.969466,1.055997,3.444009,1340,2503,1163,1340,1,96.774,15,damping
1780604031.870648,12.664798199999495,12832,0.039062,-0.019287,1.049072,1.763359,3.175573,-0.687023,1.049976,3.696714,1344,2508,1164,1344,0,96.774,0,damping
1780604031.9011405,12.695290800009388,12864,0.0354,-0.01416,1.052734,1.290076,2.732824,-0.824427,1.053425,3.13246,1346,2512,1166,1346,0,96.774,1,damping
1780604031.932457,12.726607400007197,12895,0.037109,-0.025146,1.054932,2.076336,3.053435,-1.015267,1.055884,3.829544,1349,2519,1170,1349,1,96.774,2,damping
1780604031.9638622,12.7580125000095,12926,0.046875,-0.0271,1.053467,1.687023,3.015267,-1.389313,1.054857,3.723986,1354,2526,1172,1354,0,96.774,1,damping
1780604031.9956021,12.78975260000152,12958,0.041504,-0.035889,1.051514,1.282443,2.396947,-0.778626,1.052944,2.827768,1356,2530,1174,1356,0,103.175,0,damping
1780604032.0275166,12.821666999996523,12989,0.057861,-0.016602,1.056152,1.267176,3.19084,-0.954198,1.057866,3.563382,1358,2535,1177,1358,1,103.175,14,damping
1780604032.0585015,12.852651900000637,13020,0.047852,-0.021973,1.050293,1.549618,3.450382,-0.80916,1.051612,3.86797,1364,2542,1178,1364,0,103.175,1,damping
1780604032.0895004,12.883650800009491,13051,0.047119,-0.013184,1.061768,1.412214,3.389313,-0.709924,1.062894,3.739757,1367,2548,1181,1367,0,103.175,1,damping
1780604032.1208663,12.915016600003582,13082,0.060547,-0.017578,1.063477,2.175573,3.21374,-1.091603,1.065344,4.031481,1369,2553,1184,1369,1,103.175,14,damping
1780604032.1535718,12.94772219999868,13114,0.051514,-0.02002,1.054443,2.099237,3.267176,-1.19084,1.055891,4.061937,1373,2558,1185,1373,0,103.175,6,damping
1780604032.1826808,12.976831100007985,13146,0.05127,-0.026611,1.056152,2.030534,3.183206,-1.0,1.057731,3.905876,1375,2562,1187,1375,0,103.175,0,damping
1780604032.2143536,13.008503800010658,13176,0.050537,-0.019043,1.060303,1.618321,2.931298,-1.19084,1.061677,3.55381,1378,2569,1191,1378,1,103.175,3,damping
1780604032.245676,13.039826499996707,13207,0.050049,-0.020996,1.054932,1.030534,3.251908,-0.839695,1.056327,3.513118,1383,2576,1193,1383,0,103.175,1,damping
1780604032.2780502,13.072200599999633,13239,0.039307,-0.040283,1.053223,1.549618,2.625954,-0.763359,1.054725,3.143194,1385,2580,1195,1385,0,103.203,1,damping
1780604032.3075962,13.101746600004844,13270,0.048584,-0.017822,1.053711,2.10687,3.374046,-0.870229,1.054981,4.071902,1388,2585,1197,1388,1,103.203,14,damping
1780604032.3393004,13.133450799999991,13302,0.047607,-0.006104,1.056396,0.80916,3.206107,-0.755725,1.057486,3.3919,1393,2592,1199,1393,0,103.203,1,damping
1780604032.371059,13.165209400001913,13333,0.037354,-0.04248,1.056885,2.19084,2.870229,-1.0,1.058397,3.746731,1397,2598,1201,1397,0,103.203,0,damping
1780604032.4022095,13.19635990000097,13364,0.05542,-0.012939,1.056396,2.358779,3.48855,-0.923664,1.057928,4.311261,1400,2603,1203,1400,1,103.203,15,damping
1780604032.433092,13.227242399996612,13395,0.053223,-0.002686,1.059326,1.496183,3.450382,-0.419847,1.060666,3.784174,1405,2610,1205,1405,0,103.203,0,damping
1780604032.4638984,13.25804880000942,13426,0.030518,-0.035156,1.051758,1.59542,2.816794,-0.641221,1.052788,3.30013,1407,2614,1207,1407,0,103.203,1,damping
1780604032.4961107,13.29026100000192,13457,0.043945,-0.022217,1.058838,1.931298,3.122137,-1.206107,1.059982,3.86424,1410,2621,1211,1410,1,103.203,3,damping
1780604032.5256357,13.319786000007298,13488,0.048096,-0.004395,1.06665,1.778626,2.801527,-0.648855,1.067743,3.381283,1415,2628,1213,1415,0,103.203,1,damping
1780604032.5577784,13.351928800009773,13519,0.036133,-0.03833,1.050049,1.21374,2.519084,-0.78626,1.051369,2.904678,1417,2632,1215,1417,0,114.286,0,damping
1780604032.5885649,13.382715200001257,13550,0.043213,-0.022217,1.056641,1.862595,3.305344,-1.305344,1.057757,4.012291,1419,2637,1218,1419,1,114.286,14,damping
1780604032.6199393,13.414089700003387,13581,0.054932,-0.0271,1.057129,2.366412,3.328244,-0.641221,1.058902,4.133798,1425,2644,1219,1425,0,114.286,1,damping
1780604032.6497064,13.443856600002619,13613,0.040527,-0.04248,1.056396,2.70229,2.641221,-0.862595,1.058027,3.875886,1427,2648,1221,1427,0,114.286,0,damping
1780604032.6811903,13.475340500008315,13643,0.038086,-0.015869,1.054932,1.70229,3.19084,-1.312977,1.055738,3.847488,1429,2653,1224,1429,1,114.286,14,damping
1780604032.7115545,13.505704900002456,13674,0.057129,-0.022705,1.0625,1.267176,3.351145,-0.473282,1.064277,3.613849,1434,2660,1226,1434,0,114.286,1,damping
1780604032.7433047,13.537455199999386,13705,0.039307,-0.011719,1.056885,0.664122,3.206107,-0.694656,1.05768,3.347048,1436,2664,1228,1436,0,114.286,0,damping
1780604032.7737505,13.567900800000643,13736,0.036621,-0.020996,1.051514,1.076336,3.274809,-1.435114,1.052361,3.733956,1438,2669,1231,1438,1,114.286,14,damping
1780604032.8057742,13.599924499998451,13768,0.053955,-0.01416,1.063232,1.923664,3.40458,-0.732824,1.064695,3.978527,1443,2676,1233,1443,0,114.286,0,damping
1780604032.8365657,13.630716200001189,13799,0.036133,-0.033936,1.051025,1.740458,3.267176,-0.755725,1.052194,3.778194,1445,2680,1235,1445,0,100.0,1,damping
1780604032.8684762,13.66262660000939,13830,0.058838,-0.021729,1.054688,1.992366,2.961832,-1.068702,1.056551,3.726137,1447,2685,1238,1447,1,100.0,14,damping
1780604032.8990972,13.693247500006692,13861,0.051514,-0.02002,1.062744,2.076336,3.236641,-0.946565,1.06418,3.960177,1452,2692,1240,1452,0,100.0,1,damping
1780604032.9296937,13.723844000007375,13892,0.0354,-0.01123,1.055908,1.320611,2.862595,-0.870229,1.056561,3.270438,1454,2696,1242,1454,0,100.0,0,damping
1780604032.9608655,13.75501580000855,13923,0.037842,-0.029053,1.051514,1.389313,3.114504,-1.389313,1.052595,3.68246,1456,2701,1245,1456,1,100.0,14,damping
1780604032.9924223,13.786572600001819,13954,0.05542,-0.022461,1.051758,1.656489,3.045802,-0.587786,1.053456,3.516583,1461,2708,1247,1461,0,100.0,0,damping
1780604033.023117,13.81726750000962,13985,0.037598,-0.008301,1.060303,1.450382,2.870229,-0.732824,1.061002,3.29831,1463,2712,1249,1463,0,100.0,0,damping
1780604033.053587,13.847737300005974,14016,0.046143,-0.02417,1.053223,2.251908,2.885496,-0.923664,1.05451,3.774962,1465,2717,1252,1465,1,100.0,14,damping
1780604033.085706,13.879856300001848,14047,0.043213,-0.012939,1.05127,2.473282,2.564885,-1.167939,1.052237,3.749646,1470,2724,1254,1470,0,100.0,0,damping
1780604033.1159246,13.910075000007055,14078,0.037354,-0.032715,1.058838,1.89313,3.122137,-0.748092,1.060002,3.727106,1472,2728,1256,1472,0,96.774,1,damping
1780604033.1470687,13.941219200001797,14109,0.038818,-0.03418,1.045654,1.801527,2.80916,-1.167939,1.046933,3.53567,1474,2733,1259,1474,1,96.774,14,damping
1780604033.1778536,13.97200390000944,14140,0.042969,-0.018799,1.058594,1.534351,2.839695,-0.89313,1.059632,3.348997,1480,2742,1262,1480,0,96.774,0,damping
1780604033.210422,14.004572300007567,14172,0.039795,-0.014404,1.051025,0.618321,2.793893,-0.908397,1.051877,3.002223,1482,2746,1264,1482,0,96.774,0,damping
1780604033.240876,14.035026400000788,14203,0.047607,-0.03125,1.049561,1.053435,2.748092,-1.053435,1.051104,3.125934,1484,2751,1267,1484,1,96.774,14,damping
1780604033.272979,14.067129300005035,14234,0.040527,-0.023193,1.046875,1.687023,3.274809,-1.10687,1.047916,3.846503,1490,2758,1268,1490,0,96.774,0,damping
1780604033.304546,14.098696500004735,14266,0.040771,-0.027832,1.047852,1.519084,2.740458,-0.961832,1.049014,3.277628,1492,2762,1270,1492,0,96.774,1,damping
1780604033.3349512,14.129101400001673,14297,0.046875,-0.016846,1.057129,2.015267,3.221374,-1.19084,1.058302,3.982041,1494,2769,1275,1494,1,96.774,14,damping
1780604033.3655472,14.15969749999931,14328,0.047607,-0.014893,1.055176,2.022901,3.175573,-0.908397,1.056354,3.873186,1498,2774,1276,1498,0,104.0,6,damping
1780604033.3967488,14.19089910000912,14359,0.040039,-0.010498,1.054199,1.755725,3.21374,-0.709924,1.055012,3.73024,1500,2778,1278,1500,0,104.0,0,damping
1780604033.4424253,14.2365756000072,14390,0.036133,-0.020508,1.055908,1.48855,2.870229,-1.206107,1.056725,3.450897,1502,2783,1281,1502,1,104.0,13,damping
1780604033.4591465,14.253296800001408,14421,0.045898,-0.018555,1.056641,1.732824,3.496183,-0.778626,1.0578,3.978974,1508,2792,1284,1508,0,104.0,0,damping
1780604033.4909136,14.285063900009845,14453,0.042725,-0.022705,1.059082,1.450382,2.80916,-0.832061,1.060187,3.269146,1510,2796,1286,1510,0,104.0,1,damping
1780604033.5216265,14.31577680000919,14484,0.041016,-0.018066,1.044922,1.969466,2.824427,-1.290076,1.045883,3.677021,1511,2799,1288,1511,1,104.0,17,damping
1780604033.5530944,14.34724480001023,14515,0.047119,-0.029053,1.04541,2.167939,3.21374,-0.900763,1.046875,3.979882,1516,2806,1290,1516,0,104.0,1,damping
1780604033.5848114,14.378961900001741,14546,0.044434,-0.013916,1.064453,2.122137,2.908397,-1.038168,1.065471,3.747003,1518,2810,1292,1518,0,104.0,0,damping
1780604033.6144516,14.408602099996642,14577,0.042236,-0.019287,1.053711,2.122137,3.282443,-1.053435,1.054733,4.048163,1520,2817,1297,1520,1,104.0,14,damping
1780604033.6471808,14.441331100009847,14609,0.031738,-0.011719,1.046631,1.732824,2.89313,-0.862595,1.047178,3.480941,1530,2829,1299,1530,0,113.879,1,damping
1780604033.6762547,14.470405000000028,14640,0.039062,-0.005371,1.056396,1.312977,2.793893,-0.763359,1.057132,3.18001,1532,2833,1301,1532,0,113.879,1,damping
1780604033.708728,14.502878500003135,14670,0.036377,-0.026123,1.048584,1.328244,2.656489,-1.167939,1.04954,3.191433,1534,2838,1304,1534,1,113.879,14,damping
1780604033.7399626,14.534113000001526,14701,0.031494,-0.018066,1.05542,1.183206,3.152672,-0.923664,1.056044,3.491772,1539,2846,1307,1539,0,113.879,4,damping
1780604033.7702973,14.564447700002347,14732,0.052734,-0.036133,1.061035,2.183206,3.587786,-0.748092,1.062959,4.26594,1542,2851,1309,1542,0,113.879,0,damping
1780604033.8016925,14.595842900002026,14763,0.043213,-0.024658,1.039551,1.633588,2.763359,-0.763359,1.040741,3.299618,1544,2857,1313,1544,1,113.879,0,damping
1780604033.832025,14.626175500001409,14794,0.025879,-0.021729,1.048828,1.969466,2.580153,-1.08397,1.049372,3.42213,1546,2860,1314,1546,0,113.879,6,damping
1780604033.8620896,14.656240099997376,14825,0.044922,-0.01123,1.053223,1.664122,3.091603,-0.89313,1.05424,3.622843,1550,2866,1316,1550,0,113.879,1,damping
1780604033.8948321,14.68898240000999,14857,0.042236,-0.017822,1.052734,0.977099,2.412214,-0.290076,1.053732,2.61871,1552,2880,1328,1552,1,113.879,0,damping
1780604033.9271936,14.721343900004285,14888,0.037109,-0.018311,1.051514,1.839695,2.068702,-1.198473,1.052328,3.016678,1557,2887,1330,1557,0,96.774,0,damping
1780604033.9586444,14.752794700005325,14920,0.046387,-0.014893,1.058106,1.465649,2.793893,-0.984733,1.059226,3.305097,1559,2891,1332,1559,0,96.774,0,damping
1780604033.9892263,14.783376799998223,14951,0.035645,-0.029785,1.043945,1.259542,2.908397,-1.099237,1.044978,3.35463,1561,2896,1335,1561,1,96.774,14,damping
1780604034.0216286,14.815778999996837,14982,0.040039,-0.017334,1.054199,2.412214,2.770992,-1.10687,1.055102,3.836969,1567,2905,1338,1567,0,96.774,1,damping
1780604034.0517817,14.845931999996537,15014,0.038086,-0.005615,1.057861,1.679389,3.282443,-0.931298,1.058562,3.802906,1569,2909,1340,1569,0,96.774,0,damping
1780604034.08331,14.877460200004862,15045,0.032471,-0.023682,1.054932,2.099237,3.236641,-1.503817,1.055697,4.140544,1571,2914,1343,1571,1,96.774,14,damping
1780604034.114196,14.908346500000334,15076,0.037109,-0.012939,1.055176,2.167939,3.083969,-1.030534,1.055907,3.908046,1576,2921,1345,1576,0,96.774,0,damping
1780604034.145389,14.939539400002104,15108,0.041504,-0.001221,1.05835,1.251908,3.068702,-0.793893,1.059164,3.408002,1578,2925,1347,1578,0,96.774,0,damping
1780604034.17778,14.971930200001225,15139,0.044189,-0.018799,1.051758,1.351145,3.442748,-1.251908,1.052854,3.904534,1580,2930,1350,1580,1,91.633,14,damping
1780604034.2087116,15.002861900007701,15170,0.045166,-0.02124,1.049805,1.763359,3.007634,-1.007634,1.05099,3.629135,1586,2937,1351,1586,0,91.633,0,damping
1780604034.2401907,15.034341200007475,15202,0.031982,-0.037842,1.05542,1.671756,2.557252,-0.923664,1.056582,3.19178,1588,2941,1353,1588,0,91.633,0,damping
1780604034.2728057,15.06695610001043,15233,0.036621,-0.017334,1.055908,2.290076,2.900763,-1.412214,1.056685,3.956416,1590,2946,1356,1590,1,91.633,14,damping
1780604034.303932,15.098082299999078,15265,0.046875,-0.010986,1.055908,1.625954,3.419847,-0.801527,1.057005,3.870598,1595,2953,1358,1595,0,91.633,0,damping
1780604034.3353899,15.129540200010524,15296,0.051514,-0.043945,1.053223,2.053435,2.832061,-1.076336,1.055397,3.660009,1597,2957,1360,1597,0,91.633,0,damping
1780604034.3643227,15.15847290000238,15327,0.04126,-0.01416,1.058838,1.664122,3.21374,-0.89313,1.059736,3.727615,1600,2962,1362,1600,1,91.633,14,damping
1780604034.3961775,15.190327900010743,15358,0.051514,-0.020996,1.054688,1.473282,3.076336,-0.755725,1.056153,3.49364,1605,2969,1364,1605,0,91.633,0,damping
1780604034.4255006,15.219650900005945,15389,0.042969,-0.024902,1.05957,1.290076,3.038168,-1.0,1.060734,3.448878,1607,2973,1366,1607,0,108.0,0,damping
1780604034.4573019,15.25145209999755,15419,0.039551,-0.013428,1.054443,1.435114,3.137405,-1.29771,1.05527,3.686043,1609,2978,1369,1609,1,108.0,14,damping
1780604034.4882202,15.282370600005379,15450,0.05249,-0.021973,1.052002,1.923664,2.908397,-1.412214,1.05354,3.762128,1614,2985,1371,1614,0,108.0,0,damping
1780604034.5192075,15.313357899998664,15481,0.03833,-0.008789,1.058106,2.290076,3.251908,-0.770992,1.058836,4.051393,1616,2989,1373,1616,0,108.0,0,damping
1780604034.5498497,15.344000099998084,15511,0.044922,-0.020996,1.048584,2.145038,2.770992,-0.618321,1.049756,3.558358,1619,2996,1377,1619,1,108.0,2,damping
1780604034.579807,15.373957400006475,15542,0.040527,-0.020508,1.049316,1.839695,2.938931,-1.343511,1.050299,3.718443,1623,3002,1379,1623,1,108.0,3,damping
1780604034.6117516,15.405901799997082,15574,0.04541,-0.01001,1.059326,1.580153,2.885496,-1.045802,1.060346,3.452053,1626,3007,1381,1626,0,108.0,1,damping
1780604034.6445491,15.438699400008772,15606,0.028076,-0.029297,1.039795,1.709924,2.847328,-1.152672,1.040586,3.515646,1628,3019,1391,1628,1,108.0,0,damping
1780604034.6760283,15.470178500007023,15637,0.038086,-0.015381,1.054443,1.618321,2.946565,-0.923664,1.055243,3.486311,1633,3026,1393,1633,0,108.0,0,damping
1780604034.7054627,15.49961300000723,15668,0.04248,-0.012451,1.05835,2.175573,2.847328,-1.221374,1.059275,3.785782,1636,3032,1396,1636,0,103.943,0,damping
1780604034.7382379,15.532388100007665,15699,0.031494,-0.026855,1.052734,2.343511,2.80916,-1.320611,1.053548,3.889401,1638,3037,1399,1638,1,103.943,14,damping
1780604034.7686205,15.562770800010185,15730,0.038574,-0.018311,1.052978,1.977099,3.114504,-1.122137,1.053844,3.855937,1642,3042,1400,1642,0,103.943,0,damping
1780604034.8008413,15.594991600009962,15762,0.037109,-0.015137,1.054932,1.725191,2.900763,-0.916031,1.055693,3.497116,1644,3046,1402,1644,0,103.943,1,damping
1780604034.8321319,15.626282199998968,15793,0.040527,-0.020264,1.049805,1.954198,2.748092,-1.633588,1.050782,3.746933,1647,3053,1406,1647,1,103.943,3,damping
1780604034.8634288,15.657579100006842,15824,0.039307,-0.025879,1.052246,1.618321,3.076336,-1.10687,1.053298,3.648008,1653,3060,1407,1653,0,103.943,0,damping
1780604034.8946729,15.688823300006334,15856,0.038574,-0.040527,1.051758,0.877863,2.763359,-0.557252,1.053245,2.952512,1654,3062,1408,1654,0,103.943,6,damping
1780604034.9262836,15.72043400000257,15887,0.045166,-0.019043,1.054932,2.007634,3.320611,-1.175572,1.05607,4.054506,1656,3067,1411,1656,1,103.943,14,damping
1780604034.9576254,15.751775800003088,15919,0.053955,-0.013184,1.055664,1.91603,3.160305,-0.816794,1.057124,3.784951,1661,3074,1413,1661,0,99.602,0,damping
1780604034.9883437,15.782494099999894,15950,0.029297,-0.032227,1.050293,2.412214,2.954198,-1.007634,1.051196,3.944793,1665,3080,1415,1665,0,99.602,0,damping
1780604035.0201855,15.814335800008848,15981,0.035645,-0.017334,1.046875,2.473282,3.175573,-1.282443,1.047625,4.224458,1668,3085,1417,1668,1,99.602,14,damping
1780604035.050296,15.844446500006597,16012,0.052002,-0.01123,1.052978,1.824428,3.152672,-0.832061,1.054322,3.736335,1671,3090,1419,1671,0,99.602,1,damping
1780604035.0807254,15.874875800000154,16043,0.034668,-0.035889,1.053223,1.51145,2.801527,-0.847328,1.054404,3.294086,1673,3094,1421,1673,0,99.602,0,damping
1780604035.112493,15.906643499998609,16074,0.041504,-0.02002,1.054199,1.381679,3.412214,-1.381679,1.055206,3.932083,1676,3101,1425,1676,1,99.602,2,damping
1780604035.1432855,15.937435900006676,16105,0.045898,-0.012207,1.053467,1.580153,3.267176,-0.870229,1.054537,3.732106,1681,3108,1427,1681,0,99.602,1,damping
1780604035.1754756,15.969626000005519,16137,0.055176,-0.042236,1.051514,1.877863,2.648855,-0.862595,1.053807,3.359594,1683,3112,1429,1683,0,99.602,1,damping
1780604035.2058437,15.99999409999873,16168,0.051758,-0.018799,1.05249,2.770992,3.160305,-1.10687,1.05393,4.346388,1685,3117,1432,1685,1,99.602,14,damping
1780604035.237414,16.03156430000672,16199,0.03833,-0.009033,1.053467,2.091603,3.114504,-0.770992,1.054203,3.830061,1690,3124,1434,1690,0,103.571,1,damping
1780604035.2680554,16.06220570000005,16230,0.040039,-0.027588,1.049561,1.832061,2.748092,-0.89313,1.050686,3.421423,1694,3130,1436,1694,0,103.571,0,damping
1780604035.2987285,16.092878900002688,16261,0.046631,-0.012207,1.05542,1.870229,2.801527,-1.519084,1.05652,3.695122,1696,3135,1439,1696,1,103.571,14,damping
1780604035.3302195,16.12436990000424,16292,0.042725,-0.021729,1.060059,1.244275,3.351145,-0.839695,1.061142,3.671986,1701,3142,1441,1701,0,103.571,0,damping
1780604035.361664,16.155814500001725,16324,0.041748,-0.041504,1.049805,1.557252,3.022901,-0.687023,1.051454,3.469144,1703,3146,1443,1703,0,103.571,1,damping
1780604035.39234,16.18649030000961,16355,0.044189,-0.011719,1.048828,1.274809,3.557252,-1.022901,1.049824,3.91478,1707,3153,1446,1707,1,103.571,3,damping
1780604035.4254858,16.219636100009666,16386,0.049316,-0.01123,1.052734,2.022901,3.167939,-1.312977,1.053949,3.981441,1712,3160,1448,1712,0,103.571,1,damping
1780604035.455775,16.249925399999483,16418,0.055908,-0.035889,1.059082,2.610687,2.908397,-1.145038,1.061164,4.072539,1714,3164,1450,1714,0,103.571,0,damping
1780604035.4869149,16.281065200004377,16449,0.044922,-0.016602,1.058838,2.748092,3.312977,-1.137405,1.05992,4.452136,1717,3169,1452,1717,1,108.0,14,damping
1780604035.5185525,16.31270300000324,16480,0.043213,-0.007568,1.050293,1.610687,3.122137,-1.015267,1.051209,3.656887,1722,3176,1454,1722,0,108.0,0,damping
1780604035.5495903,16.343740700001945,16511,0.03418,-0.036377,1.047363,1.671756,2.687023,-0.671756,1.048552,3.235138,1726,3182,1456,1726,0,108.0,1,damping
1780604035.5800035,16.374153800003114,16542,0.042969,-0.016602,1.050781,1.793893,3.114504,-1.557252,1.05179,3.917042,1728,3187,1459,1728,1,108.0,14,damping
1780604035.6123345,16.40648489999876,16574,0.05127,-0.01416,1.053711,1.335878,3.045802,-0.274809,1.055052,3.337214,1733,3194,1461,1733,0,108.0,0,damping
1780604035.6423779,16.43652830000792,16605,0.037354,-0.042236,1.053467,1.80916,2.931298,-1.198473,1.054975,3.647178,1735,3198,1463,1735,0,108.0,1,damping
1780604035.671523,16.465673500002595,16636,0.047363,-0.009277,1.057129,2.59542,3.21374,-1.351145,1.05823,4.346254,1737,3203,1466,1737,1,108.0,14,damping
1780604035.7034209,16.497571200001403,16665,0.037109,-0.016602,1.05835,2.328244,2.679389,-1.038168,1.05913,3.69833,1742,3210,1468,1742,0,108.0,0,damping
1780604035.7355359,16.529686200010474,16697,0.039062,-0.012451,1.05835,1.80916,3.022901,-0.816794,1.059143,3.616371,1744,3214,1470,1744,0,108.0,0,damping
1780604035.7666776,16.56082790000073,16728,0.037109,-0.016113,1.057617,1.740458,2.389313,-1.312977,1.058391,3.234489,1746,3219,1473,1746,1,103.943,13,damping
1780604035.7978532,16.592003500001738,16759,0.041016,-0.018555,1.047607,1.343511,3.015267,-1.091603,1.048574,3.476846,1752,3226,1474,1752,0,103.943,1,damping
1780604035.8295176,16.62366789999942,16791,0.03833,-0.004395,1.055176,1.045802,2.832061,-0.916031,1.055881,3.154898,1754,3230,1476,1754,0,103.943,1,damping
1780604035.8674095,16.661559900006978,16828,0.040039,-0.020264,1.054932,1.770992,2.541985,-0.801527,1.055886,3.200085,1757,3236,1479,1757,0,103.943,7,damping
1780604035.8968596,16.691009900008794,16859,0.054932,-0.032715,1.061523,1.29771,3.053435,-0.816794,1.063447,3.416822,1761,3242,1481,1761,0,103.943,0,damping
1780604035.928611,16.72276150000107,16890,0.048828,-0.008789,1.049561,0.992366,2.473282,-0.625954,1.050732,2.737469,1764,3249,1485,1764,1,103.943,2,damping
1780604035.9590383,16.75318860000698,16921,0.033203,-0.028809,1.054932,1.221374,2.763359,-0.78626,1.055847,3.121876,1768,3254,1486,1768,0,103.943,6,damping
1780604035.9918044,16.78595469999709,16952,0.041504,-0.034668,1.057861,1.534351,3.236641,-0.916031,1.059243,3.697187,1771,3258,1487,1771,0,103.943,6,damping
1780604036.0233092,16.817459700003383,16985,0.0354,-0.017578,1.041748,1.648855,2.351145,-0.648855,1.042498,2.944082,1773,3270,1497,1773,1,105.058,0,damping
1780604036.055222,16.849372500000754,17016,0.040039,-0.018311,1.050293,1.641221,2.732824,-0.870229,1.051215,3.304427,1778,3277,1499,1778,0,105.058,1,damping
1780604036.0857947,16.879945100008626,17048,0.035645,0.003418,1.051758,0.870229,2.832061,-1.129771,1.052367,3.170844,1781,3283,1502,1781,0,105.058,0,damping
1780604036.1175349,16.911685200000647,17079,0.044678,-0.038574,1.054932,1.725191,2.931298,-0.732824,1.056582,3.479342,1783,3288,1505,1783,1,105.058,14,damping
1780604036.148855,16.943005300010554,17110,0.031982,-0.015381,1.055908,2.076336,3.183206,-1.244275,1.056504,3.999024,1786,3293,1507,1786,0,105.058,0,damping
1780604036.1789427,16.973093000007793,17141,0.054443,-0.033203,1.059082,2.137405,3.358779,-0.732824,1.061,4.048076,1788,3297,1509,1788,0,105.058,1,damping
1780604036.210656,17.00480619999871,17172,0.042725,-0.028809,1.047607,2.129771,3.312977,-0.969466,1.048874,4.056058,1791,3304,1513,1791,1,105.058,2,damping
1780604036.2416248,17.03577509999741,17203,0.030273,-0.01416,1.054443,1.282443,2.603053,-0.908397,1.054973,3.040679,1796,3311,1515,1796,0,105.058,1,damping
1780604036.2735348,17.067685200003325,17235,0.037354,-0.011475,1.052978,1.732824,2.862595,-1.114504,1.053703,3.526932,1798,3315,1517,1798,0,100.0,0,damping
1780604036.3044577,17.098608100001,17266,0.040771,-0.030273,1.054688,1.572519,3.083969,-1.045802,1.055909,3.616266,1799,3318,1519,1799,1,100.0,18,damping
1780604036.3344471,17.128597400005674,17297,0.048096,-0.009766,1.058106,1.442748,2.51145,-1.267176,1.059243,3.16143,1804,3325,1521,1804,0,100.0,0,damping
1780604036.3648725,17.1590228999994,17327,0.041992,-0.02832,1.068359,1.480916,3.061069,-0.938931,1.069559,3.527726,1807,3331,1524,1807,0,100.0,1,damping
1780604036.3972187,17.1913690000074,17359,0.052002,-0.018799,1.042969,1.778626,2.862595,-0.587786,1.044434,3.421031,1809,3343,1534,1809,1,100.0,0,damping
1780604036.4283257,17.22247600000992,17390,0.042969,-0.020508,1.055664,1.648855,2.824427,-0.977099,1.056737,3.413332,1814,3350,1536,1814,0,100.0,0,damping
1780604036.4588017,17.252952000009827,17421,0.045166,-0.016357,1.05957,1.603053,3.129771,-0.885496,1.060659,3.626203,1816,3354,1538,1816,0,100.0,0,damping
1780604036.491383,17.28553340000508,17453,0.0271,-0.026611,1.047119,1.618321,2.89313,-0.732824,1.047808,3.395025,1819,3368,1549,1819,1,100.0,1,damping
1780604036.5226767,17.316827000002377,17484,0.041992,-0.015381,1.053223,1.335878,3.267176,-0.992366,1.054172,3.666578,1824,3375,1551,1824,0,100.0,1,damping
1780604036.5540476,17.34819800000696,17516,0.033691,-0.003662,1.056396,1.251908,2.70229,-1.114504,1.05694,3.1799,1826,3379,1553,1826,0,99.644,1,damping
1780604036.585162,17.37931230000686,17546,0.0354,-0.021973,1.04834,1.748092,3.015267,-0.923664,1.049168,3.605664,1828,3384,1556,1828,1,99.644,14,damping
1780604036.614598,17.408748400004697,17577,0.044189,-0.012695,1.055908,1.396947,3.29771,-1.229008,1.056909,3.786398,1833,3391,1558,1833,0,99.644,0,damping
1780604036.6465797,17.4407302000036,17608,0.041504,-0.032959,1.054932,1.030534,2.89313,-1.015267,1.056262,3.234651,1835,3395,1560,1835,0,99.644,0,damping
1780604036.6789322,17.4730825000006,17639,0.038818,-0.023193,1.050049,1.282443,2.244275,-0.732824,1.051022,2.686719,1837,3404,1567,1837,1,99.644,0,damping
1780604036.710092,17.504242399998475,17671,0.036621,-0.012939,1.058838,1.366412,2.633588,-1.442748,1.05955,3.29915,1842,3411,1569,1842,0,99.644,1,damping
1780604036.7416973,17.535847599996487,17703,0.030762,-0.02417,1.050537,1.038168,2.778626,-0.816794,1.051265,3.076639,1844,3415,1571,1844,0,99.644,1,damping
1780604036.7726998,17.56685030000517,17734,0.060059,-0.023682,1.055908,2.061069,3.045802,-1.053435,1.05788,3.825524,1846,3420,1574,1846,1,99.644,14,damping
1780604036.803842,17.597992399998475,17765,0.038086,-0.015625,1.052002,2.083969,2.877863,-1.40458,1.052807,3.820716,1851,3427,1576,1851,0,99.644,0,damping
1780604036.8347485,17.62889880000148,17796,0.048828,-0.01123,1.05835,2.312977,2.748092,-0.824427,1.059535,3.685316,1853,3431,1578,1853,0,96.429,0,damping
1780604036.8654623,17.659612600007677,17827,0.036621,-0.02832,1.051514,2.51145,2.885496,-0.832061,1.052532,3.914818,1855,3436,1581,1855,1,96.429,13,damping
1780604036.8972788,17.691429099999368,17858,0.042969,-0.016357,1.061035,1.938931,3.083969,-1.335878,1.062031,3.880063,1860,3443,1583,1860,0,96.429,1,damping
1780604036.9285138,17.722664100001566,17890,0.04126,-0.00708,1.054443,1.381679,2.450382,-1.19084,1.055274,3.054752,1862,3447,1585,1862,0,96.429,0,damping
1780604036.9601405,17.754290700002457,17921,0.042236,-0.023438,1.051514,1.305344,3.496183,-0.984733,1.052622,3.859652,1864,3452,1588,1864,1,96.429,14,damping
1780604036.9908483,17.784998600007384,17953,0.035889,-0.02417,1.053223,1.40458,3.167939,-0.916031,1.054111,3.584382,1869,3459,1590,1869,0,96.429,0,damping
1780604037.0222962,17.816446600001655,17984,0.045898,-0.010254,1.061768,0.977099,2.763359,-0.671756,1.062809,3.007014,1871,3463,1592,1871,0,96.429,1,damping
1780604037.052934,17.847084300010465,18015,0.052979,-0.022461,1.056641,1.534351,3.572519,-1.152672,1.058206,4.05534,1873,3470,1597,1873,1,96.429,14,damping
1780604037.085501,17.879651399998693,18047,0.030518,-0.017334,1.048096,1.832061,3.10687,-0.854962,1.048683,3.706757,1885,3483,1598,1885,0,127.49,1,damping
1780604037.1169333,17.91108360000362,18079,0.044434,-0.039307,1.056641,2.290076,2.916031,-1.328244,1.058305,3.938517,1887,3487,1600,1887,0,127.49,0,damping
1780604037.1485643,17.942714600008912,18110,0.026367,-0.016357,1.050537,2.290076,3.19084,-1.21374,1.050995,4.110848,1890,3492,1602,1890,1,127.49,14,damping
1780604037.178688,17.97283850000531,18141,0.042969,-0.008057,1.049316,1.709924,3.030534,-1.122137,1.050227,3.656114,1896,3501,1605,1896,0,127.49,0,damping
1780604037.2110846,18.005234900003416,18172,0.043701,-0.040527,1.054688,2.022901,2.51145,-0.908397,1.05637,3.350328,1898,3505,1607,1898,0,127.49,1,damping
1780604037.2417161,18.035866400008672,18203,0.037598,-0.014404,1.054199,1.89313,3.129771,-1.129771,1.054968,3.828288,1900,3508,1608,1900,1,127.49,17,damping
1780604037.2741187,18.06826890000957,18235,0.051514,-0.005859,1.063721,1.534351,2.89313,-0.900763,1.064983,3.39644,1905,3515,1610,1905,0,127.49,1,damping
1780604037.3043118,18.098462100009783,18266,0.034668,-0.044434,1.046631,2.045802,3.229008,-1.038168,1.048147,3.961008,1907,3519,1612,1907,0,127.49,0,damping
1780604037.3360243,18.130174600009923,18297,0.043213,-0.022217,1.05835,1.839695,3.259542,-1.183206,1.059464,3.925438,1912,3526,1614,1912,1,108.0,14,damping
1780604037.3656518,18.159802100009983,18328,0.04834,-0.005127,1.053711,2.007634,3.259542,-0.938931,1.054832,3.941674,1916,3531,1615,1916,0,108.0,6,damping
1780604037.395854,18.190004300005967,18359,0.025391,-0.041992,1.048584,2.251908,2.664122,-1.236641,1.049732,3.70107,1918,3535,1617,1918,0,108.0,0,damping
1780604037.4346538,18.22880409999925,18389,0.04126,-0.025635,1.051758,1.290076,3.175573,-1.061069,1.052879,3.588095,1920,3540,1620,1920,1,108.0,14,damping
1780604037.4586735,18.252823800008628,18420,0.038086,-0.026855,1.050781,1.290076,3.045802,-1.122137,1.051814,3.492907,1926,3549,1623,1926,0,108.0,1,damping
1780604037.4900916,18.284242000008817,18452,0.033936,-0.040039,1.048096,1.267176,2.572519,-0.778626,1.049409,2.971506,1928,3553,1625,1928,0,108.0,0,damping
1780604037.5208333,18.314983500007656,18483,0.04541,-0.017578,1.054688,1.854962,3.137405,-1.473282,1.055811,3.931254,1930,3558,1628,1930,1,108.0,14,damping
1780604037.5523882,18.34653850000177,18514,0.045166,-0.02417,1.054688,2.526718,3.274809,-1.030534,1.055931,4.262708,1935,3565,1630,1935,0,108.0,0,damping
1780604037.5837784,18.377928700007033,18545,0.038574,-0.011963,1.053955,1.923664,2.664122,-0.770992,1.054728,3.375272,1937,3569,1632,1937,0,108.0,0,damping
1780604037.6150336,18.409184000003734,18576,0.040039,-0.012451,1.04834,1.694656,3.0,-1.633588,1.049178,3.813197,1939,3576,1637,1939,1,96.774,14,damping
1780604037.6458127,18.43996309999784,18607,0.039551,-0.016602,1.050049,1.954198,2.977099,-0.954198,1.050925,3.686802,1944,3583,1639,1944,0,96.774,1,damping
1780604037.6773393,18.47148960000777,18639,0.03125,-0.041016,1.047607,2.022901,2.351145,-1.175572,1.048876,3.316923,1945,3585,1640,1945,0,96.774,6,damping
1780604037.7089489,18.503099100009422,18670,0.049805,-0.016357,1.049561,1.839695,2.763359,-1.335878,1.050869,3.578435,1947,3590,1643,1947,1,96.774,14,damping
1780604037.7399092,18.534059500001604,18701,0.032715,-0.024658,1.052246,1.755725,3.51145,-0.961832,1.053043,4.042026,1953,3599,1646,1953,0,96.774,1,damping
1780604037.771188,18.565338400003384,18732,0.030762,-0.034912,1.047607,1.908397,2.732824,-1.129771,1.04864,3.519473,1955,3603,1648,1955,0,96.774,0,damping
1780604037.8002393,18.59438970001065,18763,0.053955,-0.015381,1.0625,2.137405,3.129771,-1.412214,1.06398,4.044541,1957,3608,1651,1957,1,96.774,15,damping
1780604037.8320844,18.626234700001078,18794,0.039307,-0.019775,1.049316,2.038168,3.053435,-0.916031,1.050238,3.783742,1962,3615,1653,1962,0,96.774,0,damping
1780604037.8628008,18.65695129999949,18825,0.029785,-0.015625,1.053955,1.229008,2.854962,-1.175572,1.054492,3.323137,1964,3619,1655,1964,0,96.774,0,damping
1780604037.89416,18.688310500001535,18856,0.042236,-0.010742,1.056885,1.580153,2.687023,-1.229008,1.057783,3.350736,1966,3626,1660,1966,1,96.429,14,damping
1780604037.9270554,18.72120559999894,18888,0.038574,-0.007813,1.054688,1.442748,2.89313,-1.099237,1.055422,3.414681,1971,3633,1662,1971,0,96.429,0,damping
1780604037.956991,18.75114140000369,18919,0.041016,-0.047363,1.04541,1.610687,2.816794,-0.89313,1.047286,3.36546,1972,3635,1663,1972,0,96.429,6,damping
1780604037.9886308,18.782781100002467,18950,0.050049,-0.01001,1.053711,2.038168,3.274809,-1.480916,1.054946,4.131782,1974,3640,1666,1974,1,96.429,14,damping
1780604038.0200076,18.814157900007558,18981,0.032715,-0.02124,1.047119,2.091603,3.122137,-1.251908,1.047845,3.961038,1980,3649,1669,1980,0,96.429,1,damping
1780604038.0508292,18.8449796000059,19012,0.038818,-0.022217,1.060547,1.961832,2.854962,-0.938931,1.06149,3.589037,1982,3653,1671,1982,0,96.429,0,damping
1780604038.081244,18.87539440000546,19043,0.058105,-0.008301,1.056641,2.396947,3.320611,-1.427481,1.05827,4.336993,1984,3658,1674,1984,1,96.429,14,damping
1780604038.1132667,18.907417000009445,19074,0.032471,-0.018066,1.049805,2.022901,2.78626,-0.709924,1.050462,3.515588,1989,3665,1676,1989,0,96.429,0,damping
1780604038.1443667,18.938517200003844,19105,0.033203,-0.020264,1.05249,1.381679,2.267176,-0.954198,1.053209,2.82128,1991,3669,1678,1991,0,96.429,0,damping
1780604038.1743996,18.968550000005052,19136,0.046875,-0.014893,1.054688,1.519084,2.648855,-1.022901,1.055834,3.220307,1993,3676,1683,1993,1,96.429,14,damping
1780604038.2054513,18.999601500006975,19167,0.040771,-0.012695,1.05249,0.992366,3.167939,-1.068702,1.053356,3.487514,1998,3683,1685,1998,0,96.429,1,damping
1780604038.2369463,19.031096799997613,19199,0.039551,-0.046875,1.048584,1.618321,2.877863,-1.160305,1.050376,3.499623,2000,3687,1687,2000,0,96.429,1,damping
1780604038.2682846,19.06243489999906,19230,0.047119,-0.014404,1.058594,2.580153,3.122137,-1.29771,1.05974,4.253114,2002,3692,1690,2002,1,96.429,14,damping
1780604038.299295,19.09344540000893,19260,0.04541,-0.020508,1.050781,1.984733,2.969466,-1.145038,1.051962,3.750734,2008,3701,1693,2008,0,96.429,1,damping
1780604038.3304472,19.12459750000562,19292,0.04126,-0.022949,1.059326,2.007634,2.717557,-0.763359,1.060378,3.463874,2010,3705,1695,2010,0,96.429,0,damping
1780604038.3609188,19.15506920000189,19323,0.057861,-0.010254,1.059082,1.931298,3.10687,-1.320611,1.060711,3.889289,2012,3710,1698,2012,1,96.429,14,damping
1780604038.3925207,19.186671000003116,19354,0.03833,-0.012207,1.047119,1.305344,3.061069,-1.076336,1.047892,3.497508,2015,3715,1700,2015,0,96.429,0,damping
1780604038.424349,19.21849949999887,19385,0.039307,-0.031494,1.05542,0.709924,2.854962,-1.114504,1.056621,3.145937,2017,3719,1702,2017,0,96.429,0,damping
1780604038.453809,19.24795930000255,19416,0.041504,-0.02124,1.059326,1.526718,3.114504,-1.221374,1.060352,3.67733,2019,3726,1707,2019,1,92.857,14,damping
1780604038.4851863,19.279336599996896,19446,0.04126,-0.017822,1.055908,1.923664,2.839695,-1.145038,1.056864,3.616001,2024,3733,1709,2024,0,92.857,1,damping
1780604038.518236,19.312386200006586,19478,0.028809,-0.023193,1.050781,1.78626,2.755725,-1.160305,1.051432,3.482966,2025,3735,1710,2025,0,92.857,6,damping
1780604038.5477793,19.34192960000655,19509,0.04541,-0.01416,1.052246,2.068702,3.099237,-1.534351,1.053321,4.029768,2027,3740,1713,2027,1,92.857,14,damping
1780604038.5798228,19.37397320001037,19540,0.035645,-0.018555,1.055176,1.725191,3.022901,-0.908397,1.055941,3.597137,2033,3749,1716,2033,0,92.857,1,damping
1780604038.6103213,19.40447170000698,19572,0.034912,-0.03418,1.061035,1.709924,2.938931,-0.59542,1.062159,3.45191,2035,3753,1718,2035,0,92.857,1,damping
1780604038.6423376,19.436487900005886,19603,0.047607,-0.016357,1.05542,1.648855,3.389313,-1.145038,1.05662,3.939198,2038,3758,1720,2038,1,92.857,14,damping
1780604038.672538,19.466688300002716,19634,0.04126,-0.005127,1.052002,1.793893,3.053435,-1.206107,1.052823,3.741151,2043,3765,1722,2043,0,92.857,1,damping
1780604038.7033968,19.49754710000707,19665,0.034424,-0.044434,1.047852,1.549618,2.938931,-0.763359,1.049358,3.40901,2045,3769,1724,2045,0,92.857,0,damping
1780604038.734927,19.529077300001518,19696,0.04248,-0.013184,1.050049,2.328244,2.900763,-1.10687,1.05099,3.880762,2049,3776,1727,2049,1,107.143,14,damping
1780604038.7656097,19.559760000003735,19728,0.044189,-0.008301,1.056885,1.961832,3.641221,-0.59542,1.057841,4.178732,2054,3783,1729,2054,0,107.143,0,damping
1780604038.7971797,19.591330099996412,19759,0.030273,-0.03125,1.043457,2.114504,2.954198,-1.099237,1.044364,3.795621,2056,3787,1731,2056,0,107.143,0,damping
1780604038.828099,19.622249400010332,19790,0.046631,-0.022217,1.054932,1.656489,3.259542,-0.908397,1.056195,3.76746,2058,3792,1734,2058,1,107.143,13,damping
1780604038.8597488,19.653899199998705,19821,0.055176,-0.00708,1.055908,0.908397,3.183206,-0.763359,1.057372,3.397161,2064,3801,1737,2064,0,107.143,0,damping
1780604038.8913107,19.68546100000094,19852,0.035156,-0.04541,1.056152,1.351145,2.755725,-0.839695,1.057713,3.181933,2066,3805,1739,2066,0,107.143,0,damping
1780604038.9225702,19.71672050000052,19883,0.046631,-0.026855,1.054199,1.709924,3.671756,-1.053435,1.055572,4.185136,2068,3808,1740,2068,1,107.143,17,damping
1780604038.9533217,19.747472100003506,19915,0.038818,-0.044189,1.054199,1.29771,2.816794,-0.931298,1.055839,3.238162,2073,3815,1742,2073,0,107.143,0,damping
1780604038.9856346,19.779784900005325,19946,0.029785,-0.022217,1.051025,2.259542,2.412214,-1.251908,1.051682,3.534343,2076,3821,1745,2076,0,108.0,0,damping
1780604039.0157971,19.809947500005364,19977,0.051514,-0.031738,1.056396,1.984733,3.061069,-1.030534,1.058128,3.790951,2079,3826,1747,2079,1,108.0,14,damping
1780604039.0470095,19.841159800009336,20008,0.04248,-0.043457,1.050293,1.366412,3.061069,-0.770992,1.05205,3.439717,2083,3831,1748,2083,0,108.0,6,damping
1780604039.0778596,19.872010000006412,20039,0.035645,-0.035889,1.061768,1.267176,3.267176,-0.748092,1.062972,3.583268,2085,3835,1750,2085,0,108.0,1,damping
1780604039.1089432,19.903093600005377,20070,0.048096,-0.038574,1.058838,1.335878,3.244275,-0.664122,1.060631,3.570847,2088,3840,1752,2088,1,108.0,14,damping
1780604039.1400645,19.93421479999961,20101,0.049805,-0.015137,1.058838,0.870229,3.129771,-0.847328,1.060117,3.357191,2094,3849,1755,2094,0,108.0,1,damping
1780604039.1705136,19.964663999999175,20132,0.04248,-0.036621,1.044678,1.923664,2.984733,-1.022901,1.046182,3.695327,2096,3853,1757,2096,0,108.0,0,damping
1780604039.2009358,19.995086299997638,20163,0.038818,-0.020264,1.052002,1.748092,3.442748,-0.885496,1.052913,3.961369,2098,3856,1758,2098,1,108.0,16,damping
1780604039.2320209,20.026171300007263,20194,0.051758,-0.008301,1.060303,1.748092,3.076336,-1.08397,1.061598,3.700629,2103,3863,1760,2103,0,108.0,0,damping
1780604039.2628684,20.057018799998332,20224,0.033936,-0.032715,1.046875,1.900763,2.778626,-0.946565,1.047936,3.497092,2105,3867,1762,2105,0,104.317,0,damping
1780604039.2934678,20.087618100005784,20255,0.044434,-0.018066,1.055908,1.992366,2.78626,-1.137405,1.056997,3.609218,2107,3874,1767,2107,1,104.317,14,damping
1780604039.3244238,20.11857420000888,20286,0.046387,-0.022949,1.053711,1.625954,3.312977,-0.603053,1.054981,3.739414,2111,3879,1768,2111,0,104.317,6,damping
1780604039.3564453,20.150595600003726,20317,0.031738,-0.01001,1.052734,0.923664,2.938931,-0.793893,1.05326,3.181311,2113,3883,1770,2113,0,104.317,0,damping
1780604039.3870049,20.18115519999992,20348,0.036865,-0.013916,1.057129,1.274809,3.099237,-0.89313,1.057863,3.468153,2115,3888,1773,2115,1,104.317,14,damping
1780604039.4183848,20.212535099999513,20379,0.044434,-0.022461,1.049805,1.778626,2.755725,-1.114504,1.050985,3.464051,2122,3897,1775,2122,0,104.317,0,damping
1780604039.4486012,20.242751700003282,20410,0.050293,-0.021729,1.060547,1.572519,2.740458,-1.076336,1.061961,3.337877,2124,3901,1777,2124,0,104.317,1,damping
1780604039.4796782,20.273828400007915,20441,0.049072,-0.020264,1.050537,2.450382,2.969466,-1.091603,1.051878,4.001712,2125,3904,1779,2125,1,104.317,18,damping
1780604039.5111992,20.305349600006593,20472,0.03833,-0.022217,1.050781,1.78626,3.312977,-0.778626,1.051715,3.84354,2131,3911,1780,2131,0,104.317,0,damping
1780604039.5416145,20.3357648000092,20503,0.041992,-0.025391,1.057861,1.122137,3.198473,-0.679389,1.058999,3.457021,2133,3915,1782,2133,0,100.358,0,damping
1780604039.5740266,20.36817690001044,20534,0.051758,-0.016602,1.061279,1.274809,3.175573,-1.259542,1.06267,3.646347,2135,3922,1787,2135,1,100.358,14,damping
1780604039.6050122,20.399162500005332,20566,0.043457,-0.0271,1.05127,1.381679,3.10687,-0.70229,1.052516,3.472015,2139,3927,1788,2139,0,100.358,5,damping
1780604039.635899,20.430049500006135,20597,0.039062,-0.015137,1.053223,1.343511,3.10687,-0.763359,1.054055,3.469925,2141,3931,1790,2141,0,100.358,0,damping
1780604039.66654,20.460690300009446,20628,0.053711,-0.023682,1.056885,1.740458,3.320611,-1.572519,1.058514,4.065522,2143,3936,1793,2143,1,100.358,14,damping
1780604039.6982265,20.492376800000784,20659,0.04541,-0.029053,1.052978,1.870229,3.114504,-0.824427,1.054358,3.725262,2149,3945,1796,2149,0,100.358,0,damping
1780604039.729004,20.52315429999726,20691,0.042969,-0.043701,1.052734,1.740458,2.496183,-0.824427,1.054517,3.152746,2151,3949,1798,2151,0,100.358,1,damping
1780604039.7600408,20.554191200004425,20722,0.040283,-0.020996,1.057861,1.709924,3.587786,-1.0,1.058836,4.098298,2152,3952,1800,2152,1,100.358,17,damping
1780604039.7924461,20.58659649999754,20753,0.043701,-0.02417,1.059326,1.694656,3.473282,-0.870229,1.060503,3.96142,2157,3959,1802,2157,0,96.0,0,damping
1780604039.8231103,20.61726080000517,20784,0.035889,-0.03833,1.057129,0.679389,2.625954,-0.900763,1.058432,2.858072,2159,3963,1804,2159,0,96.0,0,damping
1780604039.8533928,20.647543200000655,20815,0.054199,-0.016113,1.05127,1.290076,3.526718,-0.832061,1.052789,3.846344,2161,3970,1809,2161,1,96.0,14,damping
1780604039.885203,20.67935330000182,20847,0.032959,-0.027588,1.050537,2.030534,3.091603,-0.587786,1.051416,3.745206,2173,3983,1810,2173,0,96.0,1,damping
1780604039.9160683,20.71021859999746,20878,0.031494,-0.033691,1.056885,2.007634,2.885496,-1.045802,1.05789,3.667476,2174,3985,1811,2174,0,96.0,6,damping
1780604039.9472504,20.741400700004306,20909,0.049561,-0.022217,1.057373,2.053435,3.167939,-1.21374,1.058767,3.965551,2176,3990,1814,2176,1,96.0,14,damping
1780604039.9771874,20.771337800004403,20940,0.050293,-0.017822,1.048584,2.038168,3.0,-0.78626,1.049941,3.711109,2182,3999,1817,2182,0,96.0,0,damping
1780604040.0066261,20.80077660000825,20970,0.043457,-0.003662,1.0625,1.70229,3.244275,-0.916031,1.063395,3.776536,2184,4003,1819,2184,0,96.0,0,damping
1780604040.0366898,20.83084010001039,20999,0.036865,-0.034912,1.040527,1.458015,2.473282,-0.671756,1.041765,2.948591,2186,4007,1821,2186,0,96.0,1,damping
1780604040.068377,20.86252740000782,21030,0.029053,-0.021973,1.060303,1.641221,2.916031,-1.022901,1.060928,3.499024,2191,4013,1822,2191,0,122.744,6,damping
1780604040.1003397,20.894490100006806,21062,0.047607,-0.016357,1.062256,1.335878,3.351145,-0.923664,1.063448,3.723963,2195,4019,1824,2195,0,122.744,0,damping
1780604040.1308465,20.924996800007648,21093,0.041504,-0.019043,1.039795,1.770992,2.59542,-0.519084,1.040797,3.184661,2197,4026,1829,2197,1,122.744,14,damping
1780604040.1629589,20.95710919999692,21124,0.033691,-0.027832,1.053223,2.022901,2.725191,-1.08397,1.054129,3.562834,2201,4031,1830,2201,0,122.744,6,damping
1780604040.1945722,20.988722499998403,21156,0.041992,-0.027344,1.052002,1.580153,3.045802,-0.687023,1.053195,3.499398,2205,4037,1832,2205,0,122.744,1,damping
1780604040.2252786,21.01942900000722,21187,0.046631,-0.023193,1.049805,1.206107,3.0,-0.755725,1.051096,3.320514,2207,4042,1835,2207,1,122.744,14,damping
1780604040.2566311,21.050781600002665,21218,0.025391,-0.025391,1.042969,1.732824,2.656489,-0.709924,1.043587,3.25017,2211,4047,1836,2211,0,122.744,6,damping
1780604040.2889283,21.08307870000135,21249,0.04126,-0.015869,1.061035,1.091603,3.152672,-1.061069,1.061956,3.500972,2215,4053,1838,2215,0,122.744,0,damping
1780604040.3205884,21.114738800009945,21282,0.039795,-0.027588,1.043457,1.160305,2.633588,-0.885496,1.04458,3.011012,2217,4064,1847,2217,1,103.175,0,damping
1780604040.3517733,21.145923600008246,21313,0.033691,-0.014404,1.054688,1.80916,2.961832,-0.961832,1.055324,3.601476,2222,4071,1849,2222,0,103.175,1,damping
1780604040.3828754,21.177025900004082,21345,0.039062,-0.012451,1.057129,2.007634,3.0,-0.969466,1.057924,3.737707,2226,4077,1851,2226,0,103.175,0,damping
1780604040.4149137,21.209064100010437,21376,0.043457,-0.016602,1.050781,2.183206,2.862595,-1.51145,1.05181,3.904526,2228,4082,1854,2228,1,103.175,14,damping
1780604040.445581,21.239731200010283,21407,0.049316,-0.02417,1.052002,2.19084,3.244275,-1.29771,1.053434,4.124215,2233,4089,1856,2233,0,103.175,0,damping
1780604040.476586,21.27073650000966,21438,0.039795,-0.022461,1.062744,1.480916,3.038168,-0.694656,1.063726,3.450525,2235,4093,1858,2235,0,103.175,1,damping
1780604040.5078363,21.301986600010423,21469,0.04248,-0.030273,1.043945,1.358779,2.763359,-0.625954,1.045248,3.142332,2238,4100,1862,2238,1,103.175,2,damping
1780604040.5401132,21.334263500000816,21501,0.052734,-0.022705,1.050049,1.167939,3.251908,-0.687023,1.051617,3.522923,2243,4107,1864,2243,0,103.175,0,damping
1780604040.571888,21.366038300009677,21533,0.042969,-0.030029,1.050049,1.114504,2.78626,-0.725191,1.051357,3.087274,2244,4109,1865,2244,0,107.57,6,damping
1780604040.602401,21.396551300000283,21564,0.046387,-0.02002,1.057129,1.984733,3.114504,-1.396947,1.058336,3.948514,2246,4114,1868,2246,1,107.57,14,damping
1780604040.6339867,21.428137100010645,21595,0.049072,-0.018555,1.053223,1.908397,3.099237,-0.938931,1.054528,3.758835,2251,4121,1870,2251,0,107.57,0,damping
1780604040.664844,21.458994500004337,21626,0.047852,-0.015137,1.054688,1.847328,2.862595,-0.839695,1.055881,3.508869,2254,4127,1873,2254,0,107.57,0,damping
1780604040.696264,21.49041450000368,21657,0.033203,-0.026855,1.044434,1.679389,2.824427,-1.183206,1.045306,3.492523,2256,4132,1876,2256,1,107.57,14,damping
1780604040.726245,21.520395200001076,21688,0.046387,-0.013184,1.058838,1.51145,3.10687,-1.0,1.059935,3.596821,2260,4137,1877,2260,0,107.57,6,damping
1780604040.7574623,21.551612700000987,21719,0.052246,-0.027344,1.058838,1.603053,2.900763,-0.709924,1.060479,3.389425,2262,4141,1879,2262,0,107.57,0,damping
1780604040.789445,21.58359520000522,21750,0.036133,-0.025879,1.03833,1.770992,2.900763,-1.007634,1.039281,3.544879,2265,4149,1884,2265,1,107.57,0,damping
1780604040.8216872,21.615837500008638,21782,0.060059,-0.022217,1.052734,2.129771,3.282443,-1.175572,1.05468,4.085624,2270,4156,1886,2270,0,107.57,0,damping
1780604040.8527703,21.646920600003796,21814,0.030029,-0.012695,1.056641,2.038168,2.664122,-0.740458,1.057143,3.435106,2272,4160,1888,2272,0,99.644,1,damping
1780604040.884026,21.678176300003543,21845,0.034424,-0.018311,1.057617,2.229008,2.603053,-1.229008,1.058336,3.640717,2274,4165,1891,2274,1,99.644,14,damping
1780604040.9151368,21.709287100005895,21876,0.048584,-0.020996,1.053955,2.137405,3.015267,-1.030534,1.055283,3.83697,2279,4172,1893,2279,0,99.644,0,damping
1780604040.9466095,21.74075989999983,21908,0.037842,-0.018066,1.059326,1.396947,2.755725,-1.030534,1.060156,3.256913,2281,4176,1895,2281,0,99.644,0,damping
1780604040.9778414,21.771991800007527,21939,0.043213,-0.019287,1.049316,0.961832,2.717557,-1.458015,1.050383,3.230487,2283,4181,1898,2283,1,99.644,14,damping
1780604041.010131,21.80428120000579,21970,0.048096,-0.026367,1.051514,1.259542,3.007634,-0.885496,1.052943,3.378818,2288,4188,1900,2288,0,99.644,0,damping
1780604041.0411916,21.835341900005005,22002,0.039062,-0.035645,1.049072,1.664122,2.78626,-1.053435,1.050404,3.412077,2290,4192,1902,2290,0,99.644,0,damping
1780604041.0718093,21.865959600007045,22033,0.051758,-0.022461,1.056641,1.870229,2.900763,-1.19084,1.058146,3.651066,2292,4197,1905,2292,1,99.644,15,damping
1780604041.102894,21.897044400000595,22064,0.050537,-0.020996,1.052978,2.236641,3.480916,-0.70229,1.0544,4.196731,2298,4204,1906,2298,0,104.0,1,damping
1780604041.133494,21.927644199997303,22095,0.02832,-0.003662,1.052978,1.541985,2.78626,-0.969466,1.053366,3.328787,2300,4208,1908,2300,0,104.0,1,damping
1780604041.1655943,21.959744599997066,22126,0.045654,-0.01416,1.058594,1.984733,2.541985,-1.465649,1.059672,3.542454,2302,4213,1911,2302,1,104.0,14,damping
1780604041.195363,21.989513499996974,22157,0.047363,-0.012695,1.052002,1.175572,3.312977,-1.358779,1.053144,3.768828,2309,4222,1913,2309,0,104.0,0,damping
1780604041.2274706,22.021620900006383,22188,0.034912,-0.019531,1.056885,1.572519,3.007634,-0.740458,1.057642,3.473752,2311,4226,1915,2311,0,104.0,0,damping
1780604041.2580428,22.052193099996657,22219,0.041016,-0.033691,1.05542,1.603053,3.160305,-0.954198,1.056754,3.669851,2312,4232,1920,2312,1,104.0,0,damping
1780604041.2902122,22.08436249999795,22251,0.050537,-0.013916,1.050537,1.977099,3.015267,-0.946565,1.051844,3.727834,2318,4239,1921,2318,0,104.0,0,damping
1780604041.3201382,22.11428850000084,22282,0.042969,-0.009033,1.061279,1.587786,3.19084,-0.969466,1.062187,3.69356,2320,4243,1923,2320,0,104.0,0,damping
1780604041.3526444,22.14679480000632,22313,0.03418,-0.036133,1.041992,2.458015,2.740458,-1.282443,1.043179,3.898282,2322,4250,1928,2322,1,104.0,14,damping
1780604041.3833938,22.177544100006344,22344,0.042236,-0.018311,1.05127,1.961832,2.832061,-1.244275,1.052277,3.663,2327,4257,1930,2327,0,103.571,1,damping
1780604041.4149134,22.20906370000739,22376,0.030762,-0.019531,1.050781,1.503817,2.687023,-1.061069,1.051413,3.256904,2328,4259,1931,2328,0,103.571,6,damping
1780604041.4465804,22.240730700010317,22408,0.037354,-0.011719,1.055908,1.503817,3.183206,-1.603053,1.056634,3.868339,2330,4264,1934,2330,1,103.571,14,damping
1780604041.4842005,22.278350799999316,22445,0.047607,-0.025879,1.057617,1.267176,2.946565,-1.038168,1.059004,3.371316,2337,4273,1936,2337,0,103.571,1,damping
1780604041.5146,22.308750399999553,22476,0.041016,-0.011475,1.042969,1.29771,2.923664,-0.267176,1.043838,3.209867,2339,4278,1939,2339,1,103.571,14,damping
1780604041.5458784,22.340028799997526,22507,0.032959,-0.026367,1.049316,1.938931,2.328244,-0.916031,1.050165,3.165326,2343,4283,1940,2343,0,103.571,6,damping
1780604041.5767136,22.3708639999968,22538,0.046631,-0.019287,1.064453,1.610687,3.145038,-0.931298,1.065649,3.654161,2347,4289,1942,2347,0,103.571,0,damping
1780604041.6094592,22.403609400003916,22570,0.034912,-0.023926,1.044922,1.625954,3.167939,-0.450382,1.045779,3.589207,2349,4294,1945,2349,1,103.571,14,damping
1780604041.6409833,22.435133799997857,22602,0.04126,-0.008789,1.050293,1.534351,3.099237,-1.022901,1.05114,3.606359,2355,4301,1946,2355,0,108.527,0,damping
1780604041.6716542,22.465804500010563,22633,0.043457,-0.034424,1.059814,1.198473,2.908397,-0.740458,1.061263,3.231623,2356,4303,1947,2356,0,108.527,6,damping
1780604041.7026513,22.49680160000571,22664,0.031982,-0.018311,1.041992,1.10687,3.007634,-0.641221,1.042644,3.268362,2358,4308,1950,2358,1,108.527,14,damping
1780604041.735251,22.52940120000858,22696,0.040771,-0.015381,1.051514,1.671756,3.206107,-1.282443,1.052416,3.836476,2365,4317,1952,2365,0,108.527,1,damping
1780604041.7670443,22.56119469999976,22728,0.030029,-0.010742,1.056885,1.480916,3.030534,-0.793893,1.057366,3.465186,2367,4321,1954,2367,0,108.527,0,damping
1780604041.7988389,22.592989099997794,22759,0.047852,-0.034424,1.051514,2.351145,3.007634,-1.091603,1.053165,3.970559,2368,4324,1956,2368,1,108.527,17,damping
1780604041.8299463,22.624096700004884,22790,0.053467,-0.02002,1.054443,1.908397,3.053435,-1.030534,1.055988,3.745324,2374,4331,1957,2374,0,108.527,1,damping
1780604041.8615756,22.65572599999723,22822,0.036133,-0.022705,1.052246,1.89313,2.717557,-0.916031,1.053111,3.436302,2376,4335,1959,2376,0,108.527,1,damping
1780604041.8921103,22.68626060000679,22853,0.040527,-0.018555,1.045166,1.656489,2.938931,-1.442748,1.046116,3.669168,2378,4342,1964,2378,1,91.633,14,damping
1780604041.924749,22.718899200001033,22885,0.048096,-0.012939,1.061279,1.656489,2.954198,-1.312977,1.062447,3.632513,2390,4355,1965,2390,0,91.633,0,damping
1780604041.9545736,22.748723900003824,22916,0.039307,-0.008545,1.053955,0.877863,2.305344,-0.969466,1.054722,2.650493,2392,4359,1967,2392,0,91.633,1,damping
1780604041.9864988,22.780649200009066,22947,0.052002,-0.016357,1.054443,1.847328,2.610687,-1.465649,1.055852,3.518016,2394,4364,1970,2394,1,91.633,14,damping
1780604042.0183494,22.812499799998477,22979,0.049316,-0.022949,1.049072,2.229008,3.053435,-0.946565,1.050481,3.897169,2400,4373,1973,2400,0,91.633,0,damping
1780604042.049545,22.843695400006254,23011,0.041016,-0.043213,1.049561,1.839695,2.832061,-1.022901,1.05125,3.52865,2402,4377,1975,2402,0,91.633,1,damping
1780604042.0819578,22.87610809999751,23042,0.038818,-0.013672,1.047607,2.183206,3.343511,-1.19084,1.048415,4.16696,2403,4380,1977,2403,1,91.633,17,damping
1780604042.1121852,22.906335500010755,23073,0.043701,-0.008789,1.054199,1.603053,2.877863,-1.068702,1.055141,3.463235,2408,4387,1979,2408,0,91.633,0,damping
1780604042.1430075,22.937157799999113,23104,0.032959,-0.0271,1.057129,1.290076,2.78626,-0.992366,1.05799,3.226814,2410,4391,1981,2410,0,127.49,1,damping
1780604042.1737134,22.967863800004125,23135,0.039795,-0.020752,1.051025,1.748092,2.961832,-1.145038,1.051983,3.624829,2412,4396,1984,2412,1,127.49,14,damping
1780604042.2055662,22.999716500009526,23166,0.048096,-0.016357,1.062744,1.351145,2.740458,-1.389313,1.063958,3.35647,2418,4403,1985,2418,0,127.49,0,damping
1780604042.2359004,23.030050800007302,23197,0.035645,-0.018799,1.052002,1.740458,2.671756,-0.954198,1.052774,3.328358,2420,4407,1987,2420,0,127.49,1,damping
1780604042.2664363,23.060586699997657,23228,0.035889,-0.022705,1.049561,2.015267,2.603053,-0.824427,1.050419,3.393651,2423,4414,1991,2423,1,127.49,4,damping
1780604042.2982612,23.09241140000813,23259,0.041504,-0.010254,1.056396,1.984733,2.770992,-1.160305,1.057261,3.600538,2427,4420,1993,2427,0,127.49,3,damping
1780604042.3286147,23.122765000007348,23290,0.045654,-0.029297,1.068604,1.770992,3.083969,-0.839695,1.069979,3.654089,2429,4423,1994,2429,0,127.49,6,damping
1780604042.359208,23.15335849999974,23322,0.03125,-0.030029,1.043213,1.992366,2.70229,-1.022901,1.044113,3.509732,2431,4428,1997,2431,1,127.49,14,damping
1780604042.3903427,23.184493100008694,23352,0.040527,-0.024658,1.055664,1.648855,3.068702,-0.48855,1.056729,3.517718,2435,4433,1998,2435,0,127.49,6,damping
1780604042.4293356,23.223485900001833,23383,0.043213,-0.012939,1.053467,1.358779,3.244275,-0.59542,1.054432,3.567369,2440,4441,2001,2440,0,107.527,0,damping
1780604042.45299,23.247140400009812,23414,0.047852,-0.031982,1.042725,1.40458,2.763359,-0.816794,1.044312,3.205644,2442,4445,2003,2442,0,107.527,0,damping
1780604042.4842722,23.278422700008377,23445,0.04126,-0.026855,1.055176,1.763359,2.748092,-0.70229,1.056324,3.339858,2445,4449,2004,2445,0,107.527,6,damping
1780604042.5155165,23.309666800007108,23477,0.045166,-0.010986,1.055908,2.129771,3.374046,-0.824427,1.056931,4.074284,2449,4455,2006,2449,0,107.527,0,damping
1780604042.5475256,23.34167599999637,23508,0.051758,-0.047363,1.052246,2.251908,3.366412,-0.51145,1.054582,4.082328,2451,4459,2008,2451,0,107.527,0,damping
1780604042.5782568,23.372407300004852,23539,0.046387,-0.0271,1.057617,1.885496,3.099237,-0.59542,1.058981,3.67626,2456,4465,2009,2456,0,107.527,6,damping
1780604042.6108992,23.405049599998165,23571,0.051025,-0.02124,1.064209,1.312977,3.160305,-1.053435,1.065643,3.580665,2459,4469,2010,2459,0,107.527,6,damping
1780604042.6404014,23.434551800004556,23602,0.039795,-0.038574,1.044189,1.358779,3.312977,-0.572519,1.045659,3.626276,2461,4473,2012,2461,0,107.527,0,damping
1780604042.672746,23.46689619999961,23633,0.043945,-0.02002,1.054199,1.419847,2.51145,-0.694656,1.055305,2.967473,2467,4481,2014,2467,0,108.0,5,damping
1780604042.7027693,23.496919600002002,23664,0.046387,-0.012939,1.054443,1.152672,3.152672,-0.412214,1.055542,3.381998,2471,4487,2016,2471,0,108.0,0,damping
1780604042.7334607,23.527611099998467,23695,0.042236,-0.020264,1.057861,1.450382,3.664122,-0.938931,1.058898,4.051048,2473,4491,2018,2473,0,108.0,0,damping
1780604042.7651072,23.559257600005367,23726,0.053711,-0.020996,1.049072,2.19084,3.519084,-0.526718,1.050656,4.178656,2477,4497,2020,2477,0,108.0,5,damping
1780604042.795629,23.589779400004772,23757,0.044189,-0.039062,1.061035,2.007634,3.045802,-0.824427,1.062673,3.739944,2481,4503,2022,2481,0,108.0,0,damping
1780604042.8260543,23.620204600010766,23788,0.038574,-0.009277,1.057373,2.198473,3.610687,-1.145038,1.058117,4.379664,2484,4509,2025,2484,0,108.0,0,damping
1780604042.8571885,23.651338900002884,23818,0.040039,-0.01416,1.051025,1.793893,3.229008,-1.152672,1.051883,3.869521,2487,4514,2027,2487,1,108.0,14,damping
1780604042.8878798,23.682030199997826,23849,0.050049,-0.005859,1.05127,1.59542,3.076336,-1.022901,1.052476,3.613244,2490,4519,2029,2490,0,108.0,0,damping
1780604042.9174035,23.711553800007096,23879,0.031494,-0.010254,1.056152,1.038168,2.549618,-0.717557,1.056672,2.844861,2492,4523,2031,2492,0,108.0,1,damping
1780604042.9495249,23.74367520000669,23910,0.044678,-0.024414,1.055176,1.854962,2.89313,-1.374046,1.056403,3.701228,2495,4530,2035,2495,1,101.083,2,damping
1780604042.9796827,23.773832999999286,23941,0.040283,-0.010254,1.051758,2.137405,2.480916,-1.10687,1.052579,3.456675,2501,4537,2036,2501,0,101.083,0,damping
1780604043.0122595,23.806409800003166,23973,0.038086,-0.005859,1.061035,1.709924,2.900763,-1.198473,1.061735,3.574158,2502,4539,2037,2502,0,101.083,5,damping
1780604043.0433896,23.837539800006198,24004,0.039551,-0.019775,1.052246,2.19084,2.755725,-1.335878,1.053175,3.765418,2504,4544,2040,2504,1,101.083,14,damping
1780604043.075678,23.86982849999913,24036,0.040771,-0.027344,1.052734,1.633588,2.954198,-0.916031,1.053878,3.497858,2510,4551,2041,2510,0,101.083,0,damping
1780604043.106885,23.901035200004117,24068,0.028076,-0.040283,1.048584,1.656489,2.648855,-0.992366,1.049733,3.277984,2512,4555,2043,2512,0,101.083,0,damping
1780604043.1386666,23.932817100008833,24099,0.046631,-0.017334,1.053223,1.877863,3.343511,-1.282443,1.054397,4.043525,2514,4560,2046,2514,1,101.083,14,damping
1780604043.1697261,23.96387649999815,24130,0.049072,-0.016357,1.050781,1.618321,3.351145,-1.08397,1.052054,3.876096,2518,4565,2047,2518,0,101.083,0,damping
1780604043.2014284,23.995578700007172,24162,0.041504,-0.046631,1.05249,1.648855,2.969466,-0.938931,1.05434,3.523924,2520,4569,2049,2520,0,99.206,0,damping
1780604043.2318418,24.025992199996836,24193,0.0354,-0.004883,1.052002,2.435115,3.030534,-1.450382,1.052609,4.149401,2524,4576,2052,2524,1,99.206,14,damping
1780604043.262451,24.05660140000691,24224,0.042236,-0.025391,1.058594,2.091603,2.480916,-1.259542,1.05974,3.480832,2528,4581,2053,2528,0,99.206,6,damping
1780604043.29297,24.087120299998787,24255,0.033691,-0.000977,1.054688,1.648855,2.740458,-0.793893,1.055226,3.295314,2530,4585,2055,2530,0,99.206,1,damping
1780604043.324318,24.11846840000362,24285,0.039307,-0.023193,1.054932,1.671756,2.755725,-0.961832,1.055918,3.363616,2532,4590,2058,2532,1,99.206,15,damping
1780604043.354329,24.148479399998905,24316,0.047119,-0.007324,1.051514,1.282443,2.78626,-0.931298,1.052594,3.205498,2537,4598,2061,2537,1,99.206,4,damping
1780604043.3865218,24.180672200003755,24347,0.043213,-0.035645,1.065918,0.755725,3.389313,-0.717557,1.067389,3.545906,2540,4603,2063,2540,0,99.206,0,damping
1780604043.4176257,24.211775900010252,24378,0.044922,-0.020996,1.043213,1.19084,2.80916,-0.320611,1.044391,3.067943,2541,4606,2065,2541,1,99.206,18,damping
1780604043.4488819,24.243032099999255,24410,0.034912,-0.026367,1.053711,1.862595,2.656489,-0.854962,1.054619,3.355168,2547,4613,2066,2547,0,99.206,0,damping
1780604043.4798334,24.27398379999795,24441,0.043213,-0.030518,1.055664,1.572519,3.167939,-0.816794,1.056989,3.629849,2549,4617,2068,2549,0,103.943,0,damping
1780604043.5188742,24.31302460000734,24472,0.043701,-0.019531,1.039062,1.732824,2.801527,-0.091603,1.040164,3.295394,2550,4620,2070,2550,1,103.943,17,damping
1780604043.5440319,24.338182300009066,24504,0.040039,-0.016113,1.057129,1.862595,3.022901,-1.061069,1.05801,3.705814,2556,4627,2071,2556,0,103.943,5,damping
1780604043.5760992,24.37024950000341,24536,0.050781,-0.024902,1.056152,1.251908,2.740458,-0.916031,1.057666,3.149047,2557,4629,2072,2557,0,103.943,5,damping
1780604043.6062675,24.400417800003197,24567,0.030762,-0.026367,1.041992,1.167939,3.167939,-0.961832,1.04278,3.510704,2558,4632,2074,2558,1,103.943,19,damping
1780604043.6365383,24.430688599997666,24598,0.035156,-0.012939,1.043457,1.358779,2.89313,-1.0,1.044129,3.349101,2560,4635,2075,2560,0,103.943,5,damping
1780604043.6686258,24.462776100001065,24629,0.045166,-0.033691,1.065674,1.267176,3.053435,-0.78626,1.067162,3.398147,2562,4639,2077,2562,0,103.943,1,damping
1780604043.6995714,24.49372179999773,24660,0.043945,-0.021973,1.040039,1.717557,2.801527,-0.282443,1.041199,3.298231,2564,4644,2080,2564,1,103.943,15,damping
1780604043.7299683,24.52411860000575,24691,0.043945,-0.029541,1.057373,2.007634,2.961832,-0.938931,1.058698,3.699275,2566,4647,2081,2566,0,68.0,5,damping
1780604043.7599204,24.55407070000365,24722,0.044189,-0.015625,1.055176,1.70229,3.396947,-0.748092,1.056216,3.872554,2568,4651,2083,2568,0,68.0,6,damping
1780604043.7908216,24.584971900010714,24752,0.048828,-0.036621,1.057861,1.427481,3.083969,-1.076336,1.059621,3.564698,2569,4653,2084,2569,0,68.0,5,damping
1780604043.8216085,24.615758800006006,24783,0.053223,-0.022949,1.053711,1.694656,3.083969,-0.442748,1.055304,3.546654,2572,4657,2085,2572,0,68.0,6,damping
1780604043.8515553,24.645705700007966,24814,0.043457,-0.041992,1.054688,1.129771,3.152672,-0.793893,1.056417,3.4418,2575,4661,2086,2575,0,68.0,5,damping
1780604043.883811,24.677961300010793,24844,0.027588,-0.040771,1.048828,1.80916,2.78626,-0.877863,1.049983,3.436124,2576,4663,2087,2576,0,68.0,5,damping
1780604043.9146109,24.70876130000397,24875,0.034668,-0.024902,1.055664,2.030534,3.076336,-1.152672,1.056527,3.862068,2578,4666,2088,2578,1,68.0,17,damping
1780604043.9444604,24.738610700005665,24906,0.041504,0.0,1.047852,2.022901,2.80916,-1.198473,1.048673,3.663311,2580,4669,2089,2580,0,68.0,6,damping
1780604043.9738598,24.768010100000538,24936,0.041016,-0.008545,1.060547,1.51145,2.923664,-1.145038,1.061374,3.484739,2581,4671,2090,2581,0,68.0,5,damping
1780604044.0069687,24.801119099996868,24967,0.041748,-0.02832,1.051758,2.412214,2.564885,-1.274809,1.052967,3.74467,2582,4674,2092,2582,1,57.971,19,damping
1780604044.038315,24.832465300001786,24999,0.036133,-0.014893,1.055664,1.328244,2.923664,-1.167939,1.056387,3.417035,2584,4677,2093,2584,0,57.971,6,damping
1780604044.0694423,24.86359259999881,25030,0.042725,-0.01709,1.058106,1.137405,2.900763,-0.862595,1.059106,3.232984,2586,4681,2095,2586,0,57.971,0,damping
1780604044.1008427,24.89499300000898,25061,0.044434,-0.026123,1.050049,1.641221,3.312977,-0.885496,1.051313,3.80178,2588,4686,2098,2588,1,57.971,14,damping
1780604044.1315217,24.925672099998337,25092,0.041992,-0.013916,1.054688,1.618321,2.587786,-1.160305,1.055615,3.265258,2590,4689,2099,2590,0,57.971,5,damping
1780604044.1619127,24.95606310000585,25123,0.047852,-0.035889,1.058594,1.625954,3.229008,-0.877863,1.060282,3.72033,2592,4693,2101,2592,0,57.971,6,damping
1780604044.1926687,24.986818999997922,25154,0.037354,-0.028809,1.055176,1.954198,2.572519,-0.053435,1.05623,3.231037,2593,4696,2103,2593,1,57.971,18,damping
1780604044.2248163,25.018966700008605,25186,0.052979,-0.013184,1.057129,1.900763,2.847328,-1.053435,1.058538,3.581886,2596,4701,2105,2596,0,57.971,0,damping
1780604044.256851,25.0510013000021,25218,0.05249,-0.00708,1.054443,1.381679,3.236641,-0.648855,1.055773,3.578533,2597,4703,2106,2597,0,59.761,6,damping
1780604044.2884483,25.082598699998925,25249,0.031982,-0.02832,1.047119,1.839695,2.656489,-1.030534,1.04799,3.391668,2599,4708,2109,2599,1,59.761,3,damping
1780604044.3190045,25.113154899998335,25280,0.047852,-0.015625,1.062744,1.847328,2.389313,-1.19084,1.063936,3.246466,2601,4711,2110,2601,0,59.761,5,damping
1780604044.3496041,25.14375440000731,25311,0.045654,-0.034668,1.064453,1.152672,3.145038,-0.618321,1.065996,3.406206,2602,4713,2111,2602,0,59.761,6,damping
1780604044.381399,25.17554920000839,25342,0.029297,-0.025879,1.040772,1.419847,2.465649,-0.335878,1.041505,2.864996,2603,4716,2113,2603,1,59.761,18,damping
1780604044.4108036,25.204954000000726,25373,0.046387,-0.03125,1.061279,1.618321,2.641221,-0.832061,1.062752,3.207388,2605,4719,2114,2605,0,59.761,5,damping
1780604044.4395094,25.23365979999653,25403,0.047119,-0.013672,1.056885,1.70229,3.29771,-0.419847,1.058023,3.73483,2606,4721,2115,2606,0,59.761,6,damping
1780604044.4723725,25.266522999998415,25432,0.04126,-0.039062,1.050293,1.564886,2.580153,-1.366412,1.051829,3.312573,2608,4725,2117,2608,0,59.761,1,damping
1780604044.5117927,25.305942899998627,25463,0.031738,-0.006592,1.050781,1.557252,2.992366,-1.045802,1.051281,3.531712,2610,4728,2118,2610,1,59.761,16,damping
1780604044.5322745,25.326424800005043,25494,0.040771,-0.003174,1.053223,1.381679,2.877863,-1.022901,1.054016,3.352232,2612,4731,2119,2612,0,54.348,6,damping
1780604044.5635126,25.357663000002503,25525,0.037598,-0.037598,1.05249,1.290076,2.89313,-0.755725,1.053832,3.256627,2615,4735,2120,2615,0,54.348,5,damping
1780604044.5945277,25.388678100003744,25556,0.0354,-0.006104,1.052978,2.312977,2.687023,-1.48855,1.053591,3.845222,2618,4740,2122,2618,1,54.348,14,damping
1780604044.626724,25.42087430000538,25587,0.040039,-0.022461,1.05127,1.961832,2.687023,-1.114504,1.052272,3.508703,2622,4745,2123,2622,0,54.348,1,damping
1780604044.6564875,25.450637800007826,25618,0.037842,-0.028076,1.049561,1.030534,3.068702,-1.137405,1.050618,3.431126,2623,4747,2124,2623,0,54.348,5,damping
1780604044.688762,25.482912300009048,25649,0.040527,-0.02002,1.05542,1.709924,2.862595,-1.435114,1.056387,3.63013,2626,4754,2128,2626,1,54.348,3,damping
1780604044.719372,25.513522399996873,25680,0.044922,-0.013672,1.050293,1.740458,2.694656,-1.358779,1.051342,3.483769,2630,4759,2129,2630,0,54.348,0,damping
1780604044.7515433,25.54569359999732,25712,0.035645,-0.01001,1.055664,1.671756,2.763359,-1.091603,1.056313,3.409181,2631,4761,2130,2631,0,54.348,5,damping
1780604044.782211,25.576361400002497,25743,0.036865,-0.035889,1.047119,1.969466,2.954198,-1.603053,1.048382,3.895621,2633,4766,2133,2633,1,54.348,15,damping
1780604044.813919,25.608069499998237,25774,0.034424,-0.017334,1.045654,1.854962,2.687023,-1.137405,1.046364,3.457552,2637,4771,2134,2637,0,89.286,0,damping
1780604044.8444495,25.63859990000492,25806,0.03833,-0.014648,1.056885,1.0,3.0,-0.778626,1.057681,3.256725,2639,4775,2136,2639,0,89.286,0,damping
1780604044.875837,25.669987400004175,25836,0.032715,-0.023193,1.054199,1.175572,2.580153,-0.89313,1.054962,2.972682,2641,4780,2139,2641,1,89.286,15,damping
1780604044.906784,25.700934499996947,25867,0.035889,-0.040527,1.047852,1.80916,2.877863,-1.053435,1.049249,3.558775,2643,4783,2140,2643,0,89.286,6,damping
1780604044.936983,25.731133499997668,25898,0.046875,-0.009521,1.059082,1.633588,3.221374,-0.748092,1.060162,3.688564,2645,4787,2142,2645,0,89.286,0,damping
1780604044.9683828,25.762533100001747,25928,0.054932,-0.049072,1.043457,1.618321,2.992366,-0.78626,1.046054,3.491622,2647,4793,2146,2647,0,89.286,1,damping
1780604044.998342,25.792492400010815,25959,0.054443,-0.020996,1.046631,1.709924,3.580153,-0.435114,1.048256,3.991323,2650,4797,2147,2650,0,89.286,6,damping
1780604045.0305445,25.824694900002214,25990,0.035889,-0.036377,1.048828,1.335878,2.992366,-0.564886,1.050072,3.325345,2652,4801,2149,2652,0,89.286,0,damping
1780604045.0598624,25.854012700001476,26021,0.037109,-0.006836,1.058106,1.603053,2.839695,-1.145038,1.058778,3.456119,2654,4805,2151,2654,0,89.286,1,damping
1780604045.0912707,25.885421099999803,26052,0.042236,-0.034424,1.054199,1.931298,3.068702,-0.885496,1.055606,3.732418,2658,4812,2154,2658,1,75.54,3,damping
1780604045.1225877,25.916737999999896,26083,0.038818,-0.041992,1.056396,1.480916,3.259542,-0.877863,1.057943,3.68624,2662,4817,2155,2662,0,75.54,6,damping
1780604045.1538124,25.947962799997185,26114,0.047119,-0.029297,1.053467,2.022901,2.801527,-1.19084,1.054927,3.654966,2663,4819,2156,2663,0,75.54,5,damping
1780604045.1834424,25.97759280000173,26145,0.032227,-0.009277,1.056396,2.053435,3.259542,-1.19084,1.056929,4.032284,2665,4822,2157,2665,1,75.54,17,damping
1780604045.2157094,26.009859900004813,26176,0.043457,-0.013428,1.05127,1.748092,3.160305,-1.114504,1.052253,3.779613,2669,4827,2158,2669,0,75.54,6,damping
1780604045.245997,26.040147200008505,26207,0.0354,-0.012939,1.052246,1.51145,3.19084,-0.725191,1.052921,3.60442,2671,4831,2160,2671,0,75.54,0,damping
1780604045.2770748,26.071225100007723,26238,0.039307,-0.008789,1.05127,1.580153,2.770992,-1.374046,1.052041,3.473224,2673,4836,2163,2673,1,75.54,14,damping
1780604045.3080328,26.102183199996944,26269,0.040771,-0.019775,1.057373,1.648855,3.030534,-1.137405,1.058344,3.632706,2676,4841,2165,2676,0,75.54,0,damping
1780604045.3382816,26.132431999998516,26300,0.038818,-0.009521,1.048828,1.389313,3.160305,-1.152672,1.049589,3.639557,2677,4843,2166,2677,0,75.54,6,damping
1780604045.3708227,26.164973000006285,26331,0.037842,-0.037109,1.042969,2.328244,2.519084,-1.374046,1.044314,3.695201,2678,4848,2170,2678,1,71.685,18,damping
1780604045.4015923,26.19574250000005,26362,0.041504,-0.014893,1.05249,2.114504,2.412214,-1.160305,1.053414,3.411189,2680,4851,2171,2680,0,71.685,5,damping
1780604045.4375474,26.23169770000095,26394,0.04126,-0.00708,1.052002,2.206107,3.152672,-1.0,1.052834,3.975707,2682,4855,2173,2682,0,71.685,0,damping
1780604045.463152,26.257302300000447,26424,0.048828,-0.023438,1.042725,1.717557,2.78626,-0.335878,1.04413,3.290298,2683,4858,2175,2683,1,71.685,19,damping
1780604045.494955,26.28910550000728,26456,0.039062,-0.018555,1.047363,1.282443,3.167939,-0.793893,1.048256,3.50867,2685,4861,2176,2685,0,71.685,6,damping
1780604045.5266223,26.32077269999718,26487,0.041016,-0.028809,1.058106,1.351145,3.145038,-0.526718,1.059292,3.463277,2686,4863,2177,2686,0,71.685,6,damping
1780604045.5574956,26.351645900009316,26518,0.062744,-0.033447,1.049316,1.625954,2.992366,-0.320611,1.051723,3.420639,2687,4866,2179,2687,1,71.685,18,damping
1780604045.5890608,26.3832112000091,26549,0.031494,-0.030762,1.051758,1.80916,3.160305,-0.480916,1.052679,3.673128,2689,4869,2180,2689,0,71.685,6,damping
1780604045.619369,26.413519499998074,26580,0.04541,-0.006836,1.050537,1.793893,3.145038,-0.770992,1.05154,3.701857,2690,4871,2181,2690,0,71.685,5,damping
1780604045.650974,26.445124500009115,26611,0.043701,-0.049316,1.04541,2.229008,3.458015,-0.366412,1.047485,4.130448,2691,4873,2182,2691,0,46.429,5,damping
1780604045.6823704,26.476520800002618,26642,0.04248,-0.021973,1.051514,1.770992,2.969466,-0.480916,1.052601,3.490762,2696,4879,2183,2696,0,46.429,6,damping
1780604045.713636,26.507786200003466,26674,0.044922,-0.01709,1.046875,1.549618,2.984733,-0.961832,1.047978,3.497866,2699,4883,2184,2699,0,46.429,5,damping
1780604045.7446272,26.538777499998105,26705,0.053467,-0.046387,1.050293,1.671756,3.145038,-0.519084,1.052676,3.599372,2701,4887,2186,2701,0,46.429,1,damping
1780604045.7749085,26.569058900000528,26736,0.052979,-0.015869,1.048828,1.030534,2.763359,-0.732824,1.050285,3.038945,2704,4891,2187,2704,0,46.429,6,damping
1780604045.806972,26.601122300009592,26768,0.046875,-0.010498,1.049561,1.778626,2.725191,-0.687023,1.050659,3.325985,2705,4893,2188,2705,0,46.429,5,damping
1780604045.8378963,26.63204670000414,26799,0.041504,-0.039795,1.047363,1.70229,3.175573,-0.801527,1.04894,3.691138,2706,4895,2189,2706,0,46.429,5,damping
1780604045.8698993,26.664049700004398,26830,0.05249,-0.026855,1.053955,1.992366,3.221374,-0.80916,1.055603,3.873179,2709,4899,2190,2709,0,46.429,6,damping
1780604045.8992639,26.693414300010772,26861,0.037109,-0.021729,1.049561,1.847328,2.916031,-0.938931,1.050441,3.577352,2710,4901,2191,2710,0,76.0,5,damping
1780604045.9307513,26.724901699999464,26892,0.040527,-0.010986,1.064209,1.946565,2.877863,-1.40458,1.065037,3.74754,2712,4905,2193,2712,0,76.0,0,damping
1780604045.9616516,26.755801899998914,26923,0.050049,-0.029053,1.056396,1.557252,3.251908,-0.70229,1.05798,3.673303,2714,4908,2194,2714,1,76.0,15,damping
1780604045.9935877,26.787738099999842,26954,0.04248,-0.02002,1.055176,0.717557,2.748092,-1.160305,1.05622,3.068095,2717,4913,2196,2717,0,76.0,0,damping
1780604046.0242639,26.818414300010772,26985,0.037109,-0.034668,1.05542,1.351145,2.946565,-1.114504,1.056641,3.427821,2718,4915,2197,2718,0,76.0,6,damping
1780604046.0557003,26.849850600003265,27016,0.038086,-0.027344,1.053711,1.709924,3.137405,-0.748092,1.054754,3.650587,2721,4920,2199,2721,1,76.0,14,damping
1780604046.0860713,26.880221700004768,27047,0.046631,0.001221,1.056396,2.068702,2.748092,-1.038168,1.057426,3.592956,2726,4927,2201,2726,0,76.0,0,damping
1780604046.1155252,26.909675600007176,27077,0.0354,-0.006836,1.05542,1.732824,3.10687,-0.992366,1.056036,3.693252,2728,4931,2203,2728,0,76.0,0,damping
1780604046.1470451,26.941195500010508,27108,0.043701,-0.034424,1.055908,1.885496,2.900763,-1.114504,1.057373,3.634782,2731,4938,2207,2731,1,76.0,2,damping
1780604046.1782875,26.972437800010084,27139,0.047363,-0.023193,1.054443,1.740458,3.183206,-1.19084,1.055761,3.818389,2735,4943,2208,2735,0,89.928,6,damping
1780604046.209365,27.003515200005495,27170,0.040527,-0.011475,1.053711,1.679389,2.938931,-1.068702,1.054552,3.549618,2736,4945,2209,2736,0,89.928,5,damping
1780604046.2408094,27.03495970000222,27201,0.042236,-0.032471,1.055664,1.557252,2.51145,-0.992366,1.057008,3.117244,2737,4948,2211,2737,1,89.928,18,damping
1780604046.272399,27.06654939999862,27233,0.041992,-0.014404,1.048584,1.977099,3.022901,-0.78626,1.049523,3.696627,2739,4951,2212,2739,0,89.928,6,damping
1780604046.3034089,27.097559300003923,27264,0.043945,-0.034668,1.053223,1.412214,3.229008,-0.870229,1.054709,3.63017,2741,4955,2214,2741,0,89.928,1,damping
1780604046.3342676,27.128418000007514,27295,0.040039,-0.032715,1.050293,1.679389,2.954198,-0.351145,1.051565,3.416276,2743,4960,2217,2743,1,89.928,15,damping
1780604046.3666177,27.160768100002315,27326,0.042725,-0.026123,1.045166,1.923664,2.938931,-1.282443,1.046365,3.739313,2745,4963,2218,2745,1,89.928,6,damping
1780604046.397171,27.191321300007985,27357,0.0354,-0.014648,1.05542,1.687023,3.022901,-1.091603,1.056115,3.629817,2748,4967,2219,2748,0,89.928,6,damping
1780604046.42611,27.220260300004156,27388,0.043945,-0.041504,1.043945,1.984733,2.885496,-0.603053,1.045694,3.55372,2750,4971,2221,2750,0,89.928,0,damping
1780604046.4590735,27.253223799998523,27419,0.038574,-0.020508,1.050293,1.442748,2.549618,-0.664122,1.051201,3.003853,2753,4975,2222,2753,0,64.286,6,damping
1780604046.488928,27.28307849999692,27450,0.038818,-0.01001,1.054443,1.183206,2.900763,-0.748092,1.055205,3.220876,2757,4981,2224,2757,0,64.286,0,damping
1780604046.520089,27.314239300001645,27481,0.047607,-0.046387,1.052002,1.137405,2.862595,-0.977099,1.0541,3.231542,2758,4983,2225,2758,0,64.286,5,damping
1780604046.551546,27.345696400007,27512,0.040527,-0.016846,1.053467,1.732824,3.21374,-0.732824,1.05438,3.723955,2762,4989,2227,2762,0,64.286,5,damping
1780604046.5824099,27.37656010000501,27543,0.034668,-0.018799,1.052246,1.641221,2.725191,-1.167939,1.052985,3.388857,2765,4993,2228,2765,0,64.286,6,damping
1780604046.6134942,27.407644400009303,27574,0.040283,-0.012207,1.056885,1.938931,2.938931,-1.206107,1.057723,3.721756,2766,4995,2229,2766,0,64.286,5,damping
1780604046.6460536,27.44020399999863,27606,0.050293,-0.016113,1.052002,1.770992,3.496183,-0.694656,1.053327,3.980234,2769,4999,2230,2769,0,64.286,6,damping
1780604046.6773322,27.471482599998126,27638,0.035889,-0.016357,1.053711,1.221374,2.900763,-0.572519,1.054449,3.199056,2770,5001,2231,2770,0,64.286,6,damping
1780604046.7073636,27.501514000003226,27669,0.043213,-0.025635,1.059082,1.274809,2.931298,-1.206107,1.060273,3.41648,2771,5003,2232,2771,0,72.0,6,damping
1780604046.7385907,27.532741000002716,27700,0.042969,-0.023682,1.05249,1.770992,2.984733,-0.748092,1.053633,3.550308,2775,5009,2234,2775,0,72.0,6,damping
1780604046.7687337,27.562884099999792,27731,0.028076,-0.035889,1.056152,1.236641,2.923664,-0.969466,1.057135,3.31918,2776,5011,2235,2776,0,72.0,5,damping
1780604046.7997022,27.593852500009234,27761,0.043945,-0.027344,1.051025,1.709924,3.061069,-1.091603,1.052299,3.672272,2778,5015,2237,2778,0,72.0,0,damping
1780604046.8306599,27.624810300010722,27792,0.047363,-0.012451,1.049805,2.114504,3.045802,-1.251908,1.050946,3.913478,2782,5020,2238,2782,1,72.0,17,damping
1780604046.8644338,27.65858400000434,27823,0.053711,-0.022949,1.05542,2.412214,3.175573,-1.08397,1.057035,4.132557,2785,5025,2240,2785,0,72.0,1,damping
1780604046.8913734,27.685523699998157,27854,0.03125,-0.011719,1.041992,2.038168,2.679389,-0.740458,1.042527,3.44696,2787,5029,2242,2787,0,72.0,0,damping
1780604046.922636,27.71678630000679,27884,0.042969,-0.028564,1.054688,2.259542,3.335878,-1.564886,1.055949,4.322324,2788,5032,2244,2788,1,72.0,19,damping
1780604046.9547112,27.748861600004602,27915,0.040771,-0.012939,1.054443,1.450382,3.10687,-0.870229,1.055311,3.537449,2791,5037,2246,2791,0,72.0,5,damping
1780604046.985329,27.77947920000588,27946,0.061279,-0.033936,1.061035,0.870229,3.267176,-0.580153,1.063345,3.430498,2792,5039,2247,2792,0,75.812,6,damping
1780604047.0174327,27.81158300000243,27977,0.041504,-0.03833,1.045654,0.954198,3.114504,-0.51145,1.047179,3.297304,2793,5042,2249,2793,1,75.812,18,damping
1780604047.0491579,27.84330829999817,28009,0.054688,-0.017334,1.049316,2.19084,2.770992,-0.969466,1.050883,3.663064,2795,5045,2250,2795,0,75.812,5,damping
1780604047.0849884,27.879138600008446,28045,0.037842,-0.029541,1.054688,1.740458,3.038168,-0.687023,1.05578,3.568145,2796,5047,2251,2796,0,75.812,6,damping
1780604047.1166515,27.91080179999699,28077,0.043945,-0.02417,1.045898,2.030534,2.328244,-0.70229,1.0471,3.168123,2799,5051,2252,2799,0,75.812,6,damping
1780604047.1480463,27.942196500007412,28109,0.037598,-0.00415,1.050781,1.770992,2.770992,-1.068702,1.051462,3.45788,2800,5053,2253,2800,0,75.812,5,damping
1780604047.1794624,27.973612900008447,28140,0.047607,-0.043945,1.05127,1.335878,2.954198,-0.748092,1.053264,3.327386,2801,5055,2254,2801,0,75.812,5,damping
1780604047.2106323,28.004782700008946,28171,0.033691,-0.018066,1.052002,1.282443,2.732824,-0.679389,1.052696,3.094278,2805,5061,2256,2805,0,75.812,6,damping
1780604047.242306,28.03645630000392,28203,0.040771,-0.002441,1.055908,1.099237,3.427481,-0.51145,1.056698,3.635592,2806,5063,2257,2806,0,54.475,5,damping
1780604047.2741098,28.068260300002294,28234,0.055908,-0.053223,1.046143,1.503817,3.129771,-0.618321,1.048986,3.526932,2808,5067,2259,2808,0,54.475,0,damping
1780604047.3051577,28.099307900003623,28265,0.041748,-0.0271,1.05127,1.801527,2.740458,-0.755725,1.052447,3.36552,2812,5073,2261,2812,0,54.475,6,damping
1780604047.3359327,28.130083199997898,28297,0.047852,-0.012939,1.054199,1.992366,3.366412,-0.603053,1.055364,3.958021,2813,5075,2262,2813,0,54.475,5,damping
1780604047.3670156,28.161165900004562,28328,0.037598,-0.041748,1.051758,2.022901,3.167939,-0.496183,1.053257,3.791327,2814,5079,2265,2814,0,54.475,4,damping
1780604047.4004066,28.194556900009047,28360,0.026123,-0.025635,1.057129,1.755725,2.679389,-0.946565,1.057762,3.340312,2817,5083,2266,2817,0,54.475,6,damping
1780604047.4290342,28.22318460000679,28391,0.041016,-0.006592,1.052978,1.175572,2.59542,-1.145038,1.053798,3.070714,2818,5085,2267,2818,0,54.475,5,damping
1780604047.4687622,28.262912400008645,28421,0.049072,-0.012939,1.049805,1.396947,2.770992,-1.183206,1.051031,3.32112,2819,5087,2268,2819,0,54.475,6,damping
1780604047.4918442,28.28599450000911,28452,0.059814,-0.018555,1.058594,1.961832,3.137405,-0.801527,1.060445,3.786098,2822,5091,2269,2822,0,54.475,6,damping
1780604047.5239084,28.318058700009715,28484,0.048584,-0.015137,1.062256,1.557252,3.21374,-0.725191,1.063474,3.644045,2823,5093,2270,2823,0,60.498,5,damping
1780604047.55465,28.34880050001084,28515,0.035645,-0.020508,1.060547,1.70229,3.114504,-1.244275,1.061344,3.761136,2824,5095,2271,2824,0,60.498,6,damping
1780604047.58608,28.380230399998254,28546,0.063232,-0.031738,1.059814,2.030534,2.870229,-1.206107,1.062173,3.716985,2827,5099,2272,2827,0,60.498,6,damping
1780604047.61611,28.410260500008008,28578,0.039062,-0.036377,1.05542,1.70229,2.618321,-0.862595,1.056769,3.239979,2828,5101,2273,2828,0,60.498,5,damping
1780604047.6481357,28.44228610000573,28609,0.037842,-0.006104,1.061279,1.587786,3.564885,-1.312977,1.061971,4.117448,2829,5103,2274,2829,0,60.498,6,damping
1780604047.6797445,28.47389490000205,28640,0.052734,-0.019287,1.05249,1.671756,3.244275,-0.396947,1.053987,3.671192,2833,5109,2276,2833,0,60.498,6,damping
1780604047.7105374,28.504687699998613,28671,0.053467,-0.042725,1.062256,1.198473,2.961832,-0.923664,1.064458,3.32595,2836,5113,2277,2836,0,60.498,5,damping
1780604047.741948,28.53609829999914,28702,0.039062,-0.021973,1.051514,1.801527,2.816794,-1.061069,1.052468,3.507947,2838,5117,2279,2838,0,60.498,0,damping
1780604047.7743711,28.568521399996825,28734,0.052979,-0.015381,1.052002,2.015267,3.274809,-0.908397,1.053447,3.951058,2841,5121,2280,2841,0,72.0,6,damping
1780604047.8055232,28.599673500008066,28766,0.040283,-0.019531,1.050049,1.755725,2.984733,-0.755725,1.051003,3.544336,2842,5123,2281,2842,0,72.0,5,damping
1780604047.8366518,28.630802100000437,28797,0.041504,-0.021973,1.051514,2.114504,3.137405,-1.007634,1.052562,3.915324,2844,5127,2283,2844,0,72.0,1,damping
1780604047.866972,28.661122300007264,28828,0.057617,-0.028564,1.051514,2.091603,3.351145,-0.48855,1.053478,3.980409,2847,5131,2284,2847,0,72.0,6,damping
1780604047.8988237,28.692974100005813,28859,0.042236,-0.033691,1.054932,1.496183,3.21374,-0.816794,1.056314,3.637835,2849,5135,2286,2849,0,72.0,5,damping
1780604047.9288545,28.723004900006345,28890,0.044434,-0.009277,1.052734,1.854962,3.175573,-1.022901,1.053712,3.81726,2850,5137,2287,2850,0,72.0,6,damping
1780604047.9604297,28.75458000000799,28921,0.056885,-0.039062,1.063965,1.671756,3.358779,-0.763359,1.0662,3.828692,2852,5140,2288,2852,1,72.0,17,damping
1780604047.9906569,28.7848071000044,28952,0.038574,-0.008301,1.060791,1.183206,2.946565,-0.541985,1.061524,3.221175,2854,5143,2289,2854,0,72.0,5,damping
1780604048.02276,28.81691020001017,28983,0.04248,-0.035645,1.060303,2.114504,2.755725,-1.137405,1.061752,3.654974,2855,5145,2290,2855,0,72.0,6,damping
1780604048.0530963,28.847246700010146,29014,0.043945,-0.013184,1.050537,2.320611,3.59542,-0.977099,1.051538,4.38942,2857,5148,2291,2857,1,57.143,17,damping
1780604048.0842445,28.878394900006242,29045,0.038818,-0.008789,1.054688,1.938931,2.954198,-0.732824,1.055438,3.608847,2861,5153,2292,2861,0,57.143,5,damping
1780604048.1153114,28.909461800009012,29076,0.04126,-0.037354,1.060303,1.389313,2.984733,-0.709924,1.061762,3.36791,2863,5157,2294,2863,0,57.143,0,damping
1780604048.1472886,28.94143890000123,29107,0.035645,-0.016602,1.050537,1.59542,2.938931,-1.458015,1.051273,3.64808,2865,5162,2297,2865,1,57.143,3,damping
1780604048.1778035,28.971953900007065,29138,0.044922,-0.017822,1.052246,1.251908,2.954198,-1.160305,1.053355,3.411872,2869,5167,2298,2869,0,57.143,6,damping
1780604048.20767,29.00182030000724,29169,0.040771,-0.017822,1.055176,1.251908,3.129771,-1.0,1.056114,3.516069,2870,5169,2299,2870,0,57.143,6,damping
1780604048.2391348,29.033285199999227,29200,0.038574,-0.027588,1.046631,1.70229,3.21374,-1.198473,1.047705,3.829132,2872,5174,2302,2872,1,57.143,14,damping
1780604048.2710783,29.065228799998295,29231,0.050049,-0.019043,1.048828,1.946565,2.725191,-0.984733,1.050194,3.49077,2876,5179,2303,2876,0,57.143,1,damping
1780604048.302375,29.096525400003884,29263,0.046143,-0.01001,1.064453,1.717557,3.198473,-1.206107,1.0655,3.825562,2878,5183,2305,2878,0,57.143,6,damping
1780604048.3334892,29.12763960000302,29294,0.028564,-0.028809,1.047852,2.137405,2.70229,-1.061069,1.048637,3.605099,2880,5188,2308,2880,1,82.143,14,damping
1780604048.3660054,29.160155700010364,29325,0.039551,-0.013184,1.053223,1.969466,2.748092,-1.198473,1.054048,3.58708,2884,5193,2309,2884,0,82.143,0,damping
1780604048.3959415,29.19009190000361,29357,0.03125,-0.001709,1.052734,0.961832,2.931298,-0.839695,1.053199,3.197298,2885,5195,2310,2885,0,82.143,6,damping
1780604048.4248524,29.21900270000333,29387,0.041016,-0.021973,1.043213,1.29771,2.839695,-0.549618,1.04425,3.170173,2886,5198,2312,2886,1,82.143,18,damping
1780604048.4571116,29.251262000005227,29417,0.042236,-0.015869,1.052002,1.656489,2.778626,-0.694656,1.052969,3.308665,2890,5203,2313,2890,0,82.143,5,damping
1780604048.4872963,29.281446699998924,29448,0.033447,-0.019775,1.044189,1.656489,2.793893,-0.847328,1.044912,3.356748,2893,5207,2314,2893,0,82.143,6,damping
1780604048.5182335,29.312383800002863,29479,0.045654,-0.046387,1.050049,1.862595,2.832061,-1.061069,1.052064,3.551858,2894,5209,2315,2894,0,82.143,4,damping
1780604048.5493133,29.343463700002758,29510,0.057617,-0.016113,1.050781,2.244275,3.442748,-0.618321,1.052483,4.155912,2898,5215,2317,2898,0,82.143,5,damping
1780604048.5798557,29.37400609999895,29541,0.034912,-0.039307,1.049316,1.618321,2.969466,-0.862595,1.050633,3.490094,2899,5217,2318,2899,0,82.143,6,damping
1780604048.6110964,29.405246700000134,29572,0.042969,-0.011719,1.062012,1.862595,3.137405,-1.061069,1.062945,3.799794,2901,5221,2320,2901,0,75.54,0,damping
1780604048.6422875,29.43643790000351,29603,0.033936,-0.028076,1.05835,1.877863,3.167939,-0.625954,1.059266,3.735509,2904,5226,2322,2904,1,75.54,15,damping
1780604048.6738536,29.468003900008625,29634,0.040039,-0.039062,1.05127,0.885496,2.687023,-0.70229,1.052757,2.915032,2906,5229,2323,2906,0,75.54,6,damping
1780604048.703813,29.497963400004664,29665,0.037598,-0.02832,1.047363,1.526718,3.221374,-0.732824,1.04842,3.639388,2910,5235,2325,2910,0,75.54,0,damping
1780604048.7361786,29.530329100001836,29696,0.040771,-0.019531,1.05249,1.900763,3.40458,-0.755725,1.053461,3.971799,2913,5240,2327,2913,1,75.54,15,damping
1780604048.7653127,29.55946309999854,29726,0.042725,-0.018799,1.048828,2.19084,2.832061,-0.923664,1.049866,3.69777,2915,5243,2328,2915,0,75.54,6,damping
1780604048.796076,29.590226500004064,29757,0.037354,-0.008545,1.050781,1.732824,2.717557,-0.770992,1.05148,3.313944,2917,5247,2330,2917,0,75.54,0,damping
1780604048.827954,29.622104399997625,29788,0.050293,-0.023926,1.053467,1.854962,3.068702,-1.381679,1.054938,3.842766,2918,5250,2332,2918,1,75.54,18,damping
1780604048.859126,29.653276400000323,29819,0.039062,-0.017334,1.053467,1.580153,3.099237,-1.091603,1.054333,3.646059,2922,5255,2333,2922,0,75.54,0,damping
1780604048.890714,29.68486429999757,29851,0.04126,-0.005615,1.055176,0.748092,2.51145,-1.091603,1.055997,2.838771,2923,5257,2334,2923,0,78.853,5,damping
1780604048.921063,29.715213200004655,29882,0.043945,-0.031982,1.049805,1.030534,2.946565,-1.137405,1.051211,3.322339,2924,5260,2336,2924,1,78.853,18,damping
1780604048.9520416,29.746192000005976,29913,0.039551,-0.02124,1.058106,1.801527,2.80916,-1.022901,1.059057,3.490445,2928,5267,2339,2928,0,78.853,1,damping
1780604048.9830136,29.777164099999936,29944,0.035889,-0.017334,1.053467,1.969466,3.183206,-0.870229,1.05422,3.843032,2930,5271,2341,2930,0,78.853,1,damping
1780604049.0145705,29.808720800006995,29975,0.038818,-0.024658,1.056152,2.320611,2.442748,-1.251908,1.057153,3.594374,2932,5276,2344,2932,1,78.853,15,damping
1780604049.045884,29.84003420000954,30007,0.05249,-0.010742,1.053223,2.335878,2.778626,-1.267176,1.054584,3.844844,2938,5283,2345,2938,0,78.853,1,damping
1780604049.0775015,29.87165190000087,30038,0.043213,-0.03418,1.063965,1.816794,3.061069,-0.801527,1.06539,3.648743,2939,5285,2346,2939,0,78.853,5,damping
1780604049.1089106,29.903060800003004,30069,0.032715,-0.036865,1.050049,1.977099,3.007634,-0.847328,1.051205,3.697668,2940,5290,2350,2940,1,78.853,18,damping
1780604049.1411386,29.93528890000016,30101,0.040771,-0.017822,1.047852,1.89313,2.877863,-1.236641,1.048796,3.659961,2942,5293,2351,2942,0,76.0,6,damping
1780604049.1706822,29.96483260000241,30132,0.040771,-0.023193,1.061035,1.259542,2.717557,-0.992366,1.062071,3.155369,2943,5295,2352,2943,0,76.0,5,damping
1780604049.2016115,29.995761900005164,30163,0.034912,-0.020752,1.051514,1.312977,2.374046,-0.656489,1.052298,2.791232,2944,5298,2354,2944,1,76.0,18,damping
1780604049.2339568,30.02810720000707,30194,0.035645,-0.024902,1.054932,1.167939,2.648855,-0.839695,1.055827,3.014233,2946,5301,2355,2946,0,76.0,6,damping
1780604049.2648888,30.059038999999757,30225,0.04248,-0.033691,1.060303,1.015267,2.839695,-1.030534,1.061688,3.186948,2947,5303,2356,2947,0,76.0,5,damping
1780604049.2951734,30.089323799998965,30256,0.038086,-0.016357,1.04248,1.763359,2.916031,-0.603053,1.043304,3.460685,2948,5306,2358,2948,1,76.0,18,damping
1780604049.3268085,30.12095890000637,30287,0.037354,-0.025391,1.057373,1.80916,2.633588,-0.80916,1.058337,3.295996,2950,5309,2359,2950,0,76.0,6,damping
1780604049.3614063,30.155556700003217,30318,0.043945,-0.005127,1.051758,1.496183,3.236641,-0.778626,1.052688,3.649749,2951,5311,2360,2951,0,76.0,5,damping
1780604049.3872385,30.181388900004094,30348,0.046631,-0.03833,1.055908,1.709924,3.099237,-1.251908,1.057632,3.754515,2953,5315,2362,2953,0,76.0,0,damping
1780604049.4195924,30.213742699997965,30379,0.054688,-0.019531,1.051514,1.801527,3.534351,-0.587786,1.053116,4.010316,2956,5320,2364,2956,0,50.36,14,damping
1780604049.4496055,30.24375590001,30410,0.040771,-0.042236,1.047852,0.473282,3.114504,-0.862595,1.049495,3.266221,2961,5327,2366,2961,0,50.36,0,damping
1780604049.4811075,30.275257900008,30441,0.047607,-0.031494,1.057129,1.656489,3.549618,-1.038168,1.058669,4.05235,2964,5333,2369,2964,0,50.36,0,damping
1780604049.5124516,30.30660190001072,30473,0.052002,-0.034424,1.04541,2.259542,3.328244,-0.832061,1.047269,4.107927,2967,5338,2371,2967,1,50.36,14,damping
1780604049.5432045,30.337354900009814,30504,0.039795,-0.04541,1.056152,1.480916,2.900763,-0.80916,1.057877,3.355932,2971,5343,2372,2971,0,50.36,6,damping
1780604049.5736926,30.36784279999847,30535,0.039795,-0.018555,1.05835,1.854962,2.793893,-0.931298,1.05926,3.480523,2972,5345,2373,2972,0,50.36,5,damping
1780604049.6057374,30.399887799998396,30566,0.050049,-0.02417,1.056885,1.755725,3.885496,-0.679389,1.058345,4.317548,2975,5350,2375,2975,1,50.36,14,damping
1780604049.6365843,30.430734699999448,30597,0.04834,-0.01001,1.051758,1.534351,3.167939,-0.541985,1.052916,3.561435,2980,5357,2377,2980,0,50.36,0,damping
1780604049.6670885,30.461238800009596,30628,0.041748,-0.0271,1.052978,1.519084,3.091603,-0.816794,1.054154,3.540166,2982,5361,2379,2982,0,50.36,1,damping
1780604049.6984644,30.492614700007834,30659,0.044189,-0.026123,1.057129,2.114504,3.251908,-1.358779,1.058374,4.110026,2983,5364,2381,2983,1,96.429,17,damping
1780604049.7306788,30.524829200003296,30690,0.049805,-0.023926,1.057129,2.053435,2.89313,-1.061069,1.058572,3.703061,2989,5371,2382,2989,0,96.429,1,damping
1780604049.7623572,30.556507700006478,30722,0.041992,-0.031494,1.049072,1.80916,2.51145,-1.022901,1.050384,3.259873,2993,5377,2384,2993,0,96.429,0,damping
1780604049.7926621,30.586812499997905,30753,0.051514,-0.024414,1.054443,1.847328,3.305344,-1.137405,1.055983,3.953683,2995,5382,2387,2995,1,96.429,15,damping
1780604049.8244796,30.61862989999645,30784,0.047607,-0.020752,1.04541,1.564886,2.885496,-0.557252,1.046699,3.329487,3001,5389,2388,3001,0,96.429,0,damping
1780604049.8553238,30.649474100006046,30816,0.040283,-0.016357,1.056396,1.389313,2.824427,-0.908397,1.057291,3.27609,3003,5393,2390,3003,0,96.429,0,damping
1780604049.8851688,30.6793192000041,30846,0.031738,-0.031982,1.052002,1.954198,3.076336,-1.08397,1.052966,3.802332,3006,5400,2394,3006,1,96.429,3,damping
1780604049.9175951,30.71174549999705,30877,0.038818,-0.015137,1.048096,2.274809,2.633588,-1.450382,1.048924,3.770166,3012,5407,2395,3012,0,96.429,0,damping
1780604049.9481447,30.74229500000365,30909,0.030762,-0.008789,1.058106,2.015267,2.671756,-1.19084,1.058589,3.552137,3013,5409,2396,3013,0,120.0,6,damping
1780604049.9798515,30.774001800004044,30940,0.046143,-0.024658,1.049805,2.320611,3.160305,-1.633588,1.051108,4.247514,3014,5412,2398,3014,1,120.0,18,damping
1780604050.0104904,30.8046408000082,30971,0.044434,-0.015381,1.045166,1.648855,2.70229,-1.198473,1.046223,3.384883,3019,5419,2400,3019,0,120.0,1,damping
1780604050.0408418,30.834992200005217,31002,0.044922,-0.029297,1.067139,1.022901,2.916031,-1.137405,1.068486,3.292909,3021,5423,2402,3021,0,120.0,0,damping
1780604050.0728278,30.866978200006997,31033,0.037598,-0.020508,1.052002,1.129771,2.389313,-0.847328,1.052873,2.775457,3023,5428,2405,3023,1,120.0,14,damping
1780604050.104089,30.898239400004968,31064,0.03418,-0.022217,1.047607,1.290076,2.763359,-1.137405,1.0484,3.254864,3025,5431,2406,3025,0,120.0,6,damping
1780604050.1349404,30.92909070001042,31095,0.05249,-0.02417,1.064453,1.549618,3.259542,-0.839695,1.066021,3.705539,3029,5437,2408,3029,0,120.0,0,damping
1780604050.1654394,30.959589700010838,31126,0.046143,-0.022461,1.04248,2.19084,3.007634,-0.374046,1.043743,3.739726,3031,5444,2413,3031,1,120.0,14,damping
1780604050.1971047,30.99125500000082,31158,0.032959,-0.024414,1.057129,2.198473,2.946565,-0.946565,1.057924,3.79625,3035,5449,2414,3035,0,120.0,6,damping
1780604050.2270892,31.021239399997285,31188,0.049072,-0.011963,1.062012,1.51145,2.946565,-0.992366,1.063212,3.457097,3039,5455,2416,3039,0,93.19,0,damping
1780604050.258205,31.052355300009367,31219,0.04126,-0.022461,1.062256,1.061069,3.282443,-0.709924,1.063294,3.521972,3041,5459,2418,3041,0,93.19,1,damping
1780604050.289796,31.083946400001878,31250,0.047119,-0.019287,1.052734,1.671756,3.083969,-0.503817,1.053965,3.543934,3046,5467,2421,3046,0,93.19,5,damping
1780604050.3205492,31.114699700003257,31281,0.031982,-0.033447,1.053711,1.244275,3.343511,-0.473282,1.054727,3.598789,3050,5473,2423,3050,0,93.19,0,damping
1780604050.350554,31.144704400008777,31312,0.046387,-0.005615,1.049805,1.625954,3.290076,-1.114504,1.050844,3.83542,3051,5475,2424,3051,0,93.19,5,damping
1780604050.3830783,31.17722880000656,31343,0.050049,-0.041016,1.059814,1.839695,3.496183,-0.618321,1.061788,3.998762,3054,5480,2426,3054,1,93.19,15,damping
1780604050.4185865,31.212736800007406,31374,0.052002,-0.040039,1.051514,1.450382,3.312977,-0.656489,1.05356,3.67565,3059,5487,2428,3059,0,93.19,0,damping
1780604050.4437408,31.237891099997796,31405,0.039307,-0.027588,1.04541,1.854962,3.007634,-1.221374,1.046512,3.738783,3061,5491,2430,3061,0,93.19,0,damping
1780604050.4757895,31.269939999998314,31436,0.043945,-0.020508,1.053467,2.022901,3.541985,-1.21374,1.054582,4.255696,3064,5496,2432,3064,1,93.19,15,damping
1780604050.5071015,31.30125190000399,31467,0.045898,-0.012695,1.05542,1.78626,3.259542,-0.625954,1.056494,3.769238,3067,5501,2434,3067,0,100.358,0,damping
1780604050.5385535,31.332703799998853,31498,0.04834,-0.015137,1.060059,1.290076,2.755725,-0.832061,1.061268,3.154464,3069,5505,2436,3069,0,100.358,0,damping
1780604050.5685866,31.362736900002346,31529,0.044922,-0.020996,1.056152,1.503817,2.824427,-1.557252,1.057316,3.558636,3071,5510,2439,3071,1,100.358,15,damping
1780604050.5994914,31.39364160000696,31560,0.035156,-0.021973,1.052002,1.732824,3.114504,-1.0,1.052819,3.701732,3077,5517,2440,3077,0,100.358,0,damping
1780604050.629485,31.42363530000148,31591,0.040039,-0.006104,1.05957,1.755725,2.694656,-0.931298,1.060344,3.348292,3079,5521,2442,3079,0,100.358,0,damping
1780604050.6616678,31.455818100002944,31622,0.036377,-0.035645,1.050049,2.312977,2.854962,-1.221374,1.051283,3.872005,3081,5526,2445,3081,1,100.358,14,damping
1780604050.6928313,31.486981699999887,31653,0.035156,-0.015137,1.05249,1.946565,3.007634,-1.351145,1.053186,3.828912,3086,5533,2447,3086,0,100.358,6,damping
1780604050.723131,31.517281300009927,31684,0.04126,-0.0271,1.061279,1.343511,3.206107,-0.78626,1.062427,3.564036,3088,5537,2449,3088,0,100.358,0,damping
1780604050.755316,31.5494663999998,31715,0.033447,-0.017822,1.043457,1.435114,2.183206,-0.656489,1.044145,2.693867,3089,5540,2451,3089,1,100.358,18,damping
1780604050.7849476,31.579097900001216,31746,0.039307,-0.02832,1.053467,1.427481,2.51145,-0.847328,1.05458,3.01049,3091,5543,2452,3091,0,86.022,5,damping
1780604050.816716,31.61086620000424,31777,0.037109,-0.006348,1.068848,1.007634,3.48855,-0.473282,1.06951,3.661871,3094,5547,2453,3094,0,86.022,6,damping
1780604050.8482175,31.642367799999192,31808,0.043457,-0.01709,1.039062,1.587786,2.885496,-0.51145,1.040111,3.332977,3096,5552,2456,3096,1,86.022,15,damping
1780604050.8790545,31.673204999999143,31840,0.03125,-0.023193,1.050537,1.954198,2.450382,-0.641221,1.051258,3.199129,3100,5557,2457,3100,0,86.022,6,damping
1780604050.9084222,31.70257270000002,31870,0.034912,-0.009521,1.052002,1.885496,2.870229,-1.068702,1.052624,3.596586,3102,5561,2459,3102,0,86.022,0,damping
1780604050.9402843,31.734434700003476,31901,0.044434,-0.038818,1.060059,1.862595,2.854962,-0.801527,1.061699,3.501787,3103,5563,2460,3103,0,86.022,5,damping
1780604050.9717548,31.765905200009,31932,0.053223,-0.020508,1.049072,1.465649,3.435115,-0.519084,1.050622,3.770622,3108,5569,2461,3108,0,86.022,5,damping
1780604051.0020266,31.79617680000956,31963,0.041504,-0.024658,1.048828,0.832061,2.931298,-0.732824,1.049939,3.133985,3110,5573,2463,3110,0,86.022,0,damping
1780604051.0327036,31.826853999999003,31994,0.060303,-0.01001,1.056885,1.51145,3.312977,-0.954198,1.058651,3.764412,3112,5577,2465,3112,0,86.022,0,damping
1780604051.0650465,31.859196799996425,32025,0.049561,-0.032227,1.05542,1.870229,2.870229,-0.534351,1.057074,3.467204,3115,5582,2467,3115,1,86.022,15,damping
1780604051.0956638,31.88981410000997,32056,0.047363,-0.008301,1.053711,1.10687,2.755725,-0.916031,1.054808,3.10778,3121,5591,2470,3121,0,86.022,0,damping
1780604051.1261168,31.92026710000937,32087,0.028564,-0.039307,1.053711,2.053435,2.793893,-1.08397,1.054831,3.632826,3123,5595,2472,3123,0,86.022,0,damping
1780604051.1575644,31.951714700000593,32118,0.040283,-0.027344,1.056641,2.29771,3.89313,-1.274809,1.057762,4.696922,3125,5598,2473,3125,1,86.022,17,damping
1780604051.1882715,31.98242179999943,32149,0.046875,-0.008057,1.056641,2.282443,3.083969,-1.099237,1.05771,3.991082,3130,5605,2475,3130,0,86.022,1,damping
1780604051.2184558,32.01260610000463,32180,0.037842,-0.023193,1.057129,0.977099,2.748092,-0.656489,1.05806,2.9896,3132,5609,2477,3132,0,86.022,0,damping
1780604051.2500858,32.04423630000383,32211,0.046387,-0.019287,1.057373,1.015267,2.816794,-1.328244,1.058566,3.275565,3134,5614,2480,3134,1,86.022,14,damping
1780604051.280896,32.075046400001156,32242,0.046143,-0.014404,1.04541,1.358779,2.725191,-1.198473,1.046527,3.272504,3139,5621,2482,3139,0,86.022,5,damping
1780604051.311317,32.10546740000427,32273,0.035645,-0.007324,1.056641,1.748092,3.183206,-0.534351,1.057267,3.670716,3141,5625,2484,3141,0,86.022,0,damping
1780604051.3427866,32.136937000002945,32303,0.039307,-0.016113,1.044434,1.908397,2.572519,-0.114504,1.045297,3.205144,3144,5632,2488,3144,1,104.317,3,damping
1780604051.3753886,32.169539000009536,32335,0.03418,-0.012207,1.056885,2.145038,3.053435,-1.442748,1.057508,4.000772,3148,5637,2489,3148,0,104.317,0,damping
1780604051.406205,32.20035520000965,32367,0.039307,-0.019287,1.055908,1.801527,3.129771,-0.877863,1.056816,3.716397,3149,5639,2490,3149,0,104.317,6,damping
1780604051.43712,32.23127020000538,32398,0.037842,-0.020752,1.053955,1.91603,2.656489,-1.274809,1.054838,3.514718,3151,5644,2493,3151,1,104.317,14,damping
1780604051.468407,32.26255729999684,32429,0.047363,-0.010742,1.05542,1.366412,2.824427,-1.251908,1.056537,3.378128,3155,5649,2494,3155,0,104.317,5,damping
1780604051.4988885,32.293038800009526,32460,0.044189,-0.033936,1.063721,1.198473,3.282443,-0.541985,1.065179,3.536173,3158,5655,2497,3158,0,104.317,0,damping
1780604051.5313601,32.325510399998166,32491,0.046387,-0.023193,1.040039,1.709924,2.389313,-0.519084,1.041331,2.983639,3159,5658,2499,3159,1,104.317,18,damping
1780604051.561157,32.355307400008314,32522,0.038086,-0.020996,1.052734,1.854962,2.885496,-0.679389,1.053632,3.496933,3161,5661,2500,3161,0,104.317,6,damping
1780604051.5928035,32.38695390000066,32553,0.046143,-0.015625,1.060059,1.984733,3.229008,-0.763359,1.061177,3.866312,3163,5665,2502,3163,0,76.0,1,damping
1780604051.622837,32.41698750000796,32584,0.043213,-0.040771,1.055664,1.824428,2.824427,-0.854962,1.057335,3.469421,3164,5667,2503,3164,0,76.0,5,damping
1780604051.6542683,32.44841870000528,32615,0.044189,-0.025146,1.046875,1.587786,3.053435,-0.435114,1.048109,3.468985,3168,5673,2505,3168,0,76.0,6,damping
1780604051.6852717,32.47942200000398,32646,0.03418,-0.033447,1.054443,1.496183,3.114504,-0.954198,1.055527,3.584577,3171,5677,2506,3171,0,76.0,5,damping
1780604051.71601,32.51016040000832,32677,0.050781,-0.012939,1.059326,1.519084,3.473282,-1.030534,1.060622,3.928525,3172,5679,2507,3172,0,76.0,6,damping
1780604051.747482,32.54163240001071,32708,0.05127,-0.016357,1.053955,1.755725,3.160305,-0.793893,1.055328,3.701401,3176,5686,2510,3176,0,76.0,3,damping
1780604051.7777317,32.57188190000306,32739,0.043945,-0.04541,1.05957,1.40458,2.992366,-0.732824,1.061453,3.385872,3179,5691,2512,3179,0,76.0,1,damping
1780604051.808984,32.603134300006786,32770,0.031738,-0.023193,1.049805,1.740458,3.229008,-1.389313,1.05054,3.922484,3180,5693,2513,3180,0,76.0,6,damping
1780604051.8401988,32.63434910000069,32801,0.036865,-0.023926,1.058594,1.847328,2.89313,-1.068702,1.059506,3.595128,3183,5698,2515,3183,1,76.0,14,damping
1780604051.8714747,32.66562500000873,32832,0.045898,-0.003174,1.058838,1.625954,3.358779,-1.030534,1.059837,3.87132,3186,5703,2517,3186,0,82.437,0,damping
1780604051.9030344,32.6971848999965,32863,0.033447,-0.031494,1.049805,1.381679,2.900763,-0.526718,1.050809,3.255902,3189,5707,2518,3189,0,82.437,6,damping
1780604051.9339252,32.72807559999637,32894,0.040039,-0.012695,1.058838,1.938931,2.633588,-1.679389,1.059671,3.676355,3192,5712,2520,3192,1,82.437,14,damping
1780604051.9645965,32.758746899999096,32925,0.037598,-0.023682,1.05835,1.984733,3.061069,-1.068702,1.059282,3.801504,3196,5717,2521,3196,0,82.437,0,damping
1780604051.9951558,32.7893061000068,32956,0.038574,-0.010254,1.052978,1.19084,2.969466,-1.030534,1.053735,3.361224,3197,5719,2522,3197,0,82.437,6,damping
1780604052.0255623,32.81971270000213,32987,0.050781,-0.018555,1.063477,2.083969,2.610687,-1.198473,1.06485,3.548937,3199,5724,2525,3199,1,82.437,14,damping
1780604052.0573516,32.851502000004984,33018,0.043701,-0.018799,1.052002,1.687023,3.030534,-1.274809,1.053077,3.695311,3203,5729,2526,3203,0,82.437,0,damping
1780604052.0882263,32.88237659999868,33049,0.039062,-0.020264,1.055908,1.641221,2.656489,-1.305344,1.056825,3.384444,3204,5731,2527,3204,0,82.437,5,damping
1780604052.1193314,32.913481800002046,33080,0.038574,-0.02832,1.044434,1.854962,2.580153,-1.175572,1.045529,3.388221,3205,5734,2529,3205,1,82.437,18,damping
1780604052.1489007,32.943051200010814,33111,0.036377,-0.008301,1.047852,1.290076,3.0,-1.312977,1.048516,3.519688,3208,5739,2531,3208,0,78.853,6,damping
1780604052.1805377,32.97468810000282,33141,0.052734,-0.011963,1.063477,1.534351,3.122137,-0.59542,1.06485,3.529376,3209,5741,2532,3209,0,78.853,5,damping
1780604052.2122905,33.006440800003475,33172,0.04248,-0.049316,1.046387,1.80916,3.053435,-0.587786,1.048409,3.597502,3210,5743,2533,3210,0,78.853,4,damping
1780604052.2437482,33.037898499998846,33204,0.038818,-0.021484,1.05249,1.534351,3.068702,-0.473282,1.053425,3.463403,3214,5749,2535,3214,0,78.853,6,damping
1780604052.2760558,33.07020620000549,33236,0.044434,-0.018555,1.063232,1.305344,3.282443,-0.89313,1.064322,3.643629,3216,5753,2537,3216,0,78.853,0,damping
1780604052.3073626,33.10151300000143,33267,0.049316,-0.013916,1.04541,1.770992,2.625954,-0.366412,1.046665,3.188465,3217,5758,2541,3217,1,78.853,18,damping
1780604052.3386078,33.13275810000778,33299,0.044922,-0.025879,1.05127,1.877863,2.78626,-0.900763,1.052547,3.478647,3221,5763,2542,3221,0,78.853,6,damping
1780604052.3695436,33.163693800001056,33330,0.04248,-0.023193,1.066406,1.625954,3.160305,-0.580153,1.067504,3.601088,3223,5767,2544,3223,0,78.853,0,damping
1780604052.4014924,33.195642600010615,33361,0.05127,-0.033936,1.045654,1.862595,2.984733,-0.572519,1.04746,3.564502,3224,5769,2545,3224,1,64.0,4,damping
1780604052.4319494,33.226099699997576,33392,0.041748,-0.030029,1.051025,1.305344,2.900763,-0.732824,1.052283,3.264258,3229,5775,2546,3229,0,64.0,6,damping
1780604052.4647605,33.2589108000102,33423,0.0354,-0.00293,1.060303,1.419847,2.671756,-0.709924,1.060898,3.10777,3231,5779,2548,3231,0,64.0,0,damping
1780604052.4931638,33.287314200002584,33454,0.054199,-0.05127,1.056152,1.870229,3.274809,-0.763359,1.058784,3.847707,3232,5781,2549,3232,0,64.0,5,damping
1780604052.524328,33.318478300003335,33485,0.050293,-0.014648,1.045898,1.961832,3.183206,-0.648855,1.047209,3.795076,3237,5787,2550,3237,0,64.0,5,damping
1780604052.5549119,33.34906210000918,33516,0.034424,-0.04834,1.050537,1.816794,3.068702,-0.51145,1.052212,3.602673,3240,5793,2553,3240,0,64.0,0,damping
1780604052.5865378,33.3806881000055,33547,0.051758,-0.027832,1.054199,2.015267,3.099237,-1.419847,1.055836,3.960118,3241,5795,2554,3241,0,64.0,5,damping
1780604052.6170413,33.41119159999653,33578,0.048096,-0.02832,1.047119,1.854962,3.137405,-0.839695,1.048606,3.740224,3243,5798,2555,3243,1,64.0,16,damping
1780604052.6481447,33.44229500000074,33609,0.044189,-0.027832,1.060303,0.732824,2.885496,-0.671756,1.061588,3.051946,3248,5805,2557,3248,0,64.0,0,damping
1780604052.6856737,33.4798240000091,33646,0.032715,-0.031494,1.052002,1.633588,2.732824,-0.961832,1.052982,3.325968,3249,5810,2561,3249,1,87.719,1,damping
1780604052.716836,33.5109863000107,33677,0.043457,-0.026123,1.047363,1.725191,2.992366,-1.061069,1.04859,3.613365,3251,5813,2562,3251,0,87.719,5,damping
1780604052.7465901,33.54074050000054,33708,0.049316,-0.033936,1.059082,1.91603,3.244275,-0.946565,1.060773,3.884904,3252,5815,2563,3252,0,87.719,6,damping
1780604052.7781372,33.572287500006496,33739,0.047119,-0.03418,1.045654,2.183206,2.671756,-0.755725,1.047273,3.532108,3254,5820,2566,3254,1,87.719,15,damping
1780604052.8088858,33.60303620000195,33770,0.024902,-0.01001,1.047607,1.778626,2.671756,-1.114504,1.047951,3.397633,3257,5824,2567,3257,0,87.719,3,damping
1780604052.8401728,33.6343232000072,33801,0.045898,-0.025146,1.064453,1.335878,3.305344,-0.694656,1.065739,3.632136,3259,5827,2568,3259,0,87.719,5,damping
1780604052.8714473,33.66559760000382,33832,0.051514,-0.026611,1.049072,1.931298,2.694656,-0.618321,1.050673,3.372448,3261,5832,2571,3261,1,87.719,15,damping
1780604052.9018962,33.696046600001864,33863,0.031982,-0.029785,1.054688,1.732824,2.916031,-0.78626,1.055593,3.481971,3263,5835,2572,3263,0,87.719,6,damping
1780604052.932438,33.72658820000652,33894,0.052734,-0.009766,1.06543,1.618321,3.122137,-0.580153,1.066779,3.564166,3264,5837,2573,3264,0,87.719,5,damping
1780604052.9648302,33.75898040000175,33925,0.049072,-0.053955,1.043701,1.832061,3.068702,-0.503817,1.046246,3.609323,3265,5841,2576,3265,0,57.348,5,damping
1780604052.9963012,33.79045149999729,33957,0.032471,-0.026123,1.052246,1.770992,2.916031,-0.80916,1.053071,3.506336,3268,5845,2577,3268,0,57.348,6,damping
1780604053.0272582,33.821408600008,33989,0.037354,-0.011963,1.058106,1.396947,3.358779,-1.0,1.058832,3.772646,3270,5849,2579,3270,0,57.348,0,damping
1780604053.0590425,33.853192900001886,34019,0.058105,-0.04248,1.046631,2.19084,2.89313,-0.59542,1.049103,3.677568,3271,5851,2580,3271,0,57.348,4,damping
1780604053.0893729,33.88352329999907,34050,0.04834,-0.020752,1.041504,1.519084,3.122137,-0.770992,1.042832,3.556654,3275,5857,2582,3275,0,57.348,6,damping
1780604053.1191812,33.91333150000719,34081,0.041504,-0.030518,1.050049,1.473282,2.778626,-0.755725,1.051312,3.23457,3276,5859,2583,3276,0,57.348,5,damping
1780604053.15043,33.94458039999881,34111,0.053223,-0.028076,1.056396,1.465649,2.389313,-1.114504,1.058109,3.016465,3277,5861,2584,3277,0,57.348,6,damping
1780604053.181329,33.97547940000368,34142,0.046387,-0.033447,1.05957,1.610687,3.152672,-1.137405,1.061112,3.718513,3279,5864,2585,3279,1,57.348,16,damping
1780604053.2118032,34.00595350000367,34173,0.042236,-0.003418,1.057861,1.679389,3.030534,-0.954198,1.05871,3.593742,3281,5867,2586,3281,0,57.348,5,damping
1780604053.2434926,34.03764290000254,34204,0.043945,-0.033936,1.055176,2.045802,3.022901,-0.923664,1.056636,3.765154,3282,5869,2587,3282,0,60.932,6,damping
1780604053.2735245,34.067674899997655,34235,0.050049,-0.009033,1.056152,2.076336,3.038168,-1.08397,1.057376,3.836225,3285,5874,2589,3285,1,60.932,15,damping
1780604053.3043034,34.09845380000479,34265,0.046387,-0.01123,1.05127,2.091603,3.160305,-1.114504,1.052352,3.950247,3287,5877,2590,3287,0,60.932,6,damping
1780604053.3347158,34.12886620000063,34296,0.037354,-0.007568,1.057129,1.221374,3.320611,-0.847328,1.057816,3.638156,3288,5879,2591,3288,0,60.932,5,damping
1780604053.3676922,34.16184270000667,34327,0.030273,-0.039307,1.054443,1.419847,2.763359,-0.900763,1.05561,3.234732,3289,5884,2595,3289,1,60.932,18,damping
1780604053.3983889,34.192539299998316,34359,0.048096,-0.014404,1.054199,1.389313,2.984733,-1.030534,1.055394,3.449757,3291,5887,2596,3291,0,60.932,6,damping
1780604053.429521,34.223671400002786,34390,0.044922,-0.032715,1.059082,1.656489,2.877863,-0.954198,1.060539,3.45493,3293,5891,2598,3293,0,60.932,1,damping
1780604053.462024,34.25617439999769,34421,0.032227,-0.021973,1.041504,1.847328,2.282443,-0.648855,1.042234,3.007188,3294,5894,2600,3294,1,60.932,18,damping
1780604053.5018334,34.29598390001047,34452,0.043213,-0.016602,1.052246,2.305344,2.839695,-1.21374,1.053264,3.853783,3299,5901,2602,3299,0,60.932,6,damping
1780604053.5227232,34.316873600007966,34483,0.040527,-0.027832,1.065674,1.633588,3.091603,-0.78626,1.066807,3.583968,3300,5903,2603,3300,0,64.516,5,damping
1780604053.553469,34.347619400010444,34514,0.05542,-0.02124,1.050049,1.854962,3.022901,-0.259542,1.051725,3.556146,3301,5906,2605,3301,1,64.516,18,damping
1780604053.5849245,34.379074800002854,34545,0.039551,-0.024414,1.046143,1.656489,2.847328,-0.580153,1.047175,3.344818,3303,5909,2606,3303,0,64.516,6,damping
1780604053.6156235,34.40977379999822,34576,0.037842,-0.013916,1.046631,1.328244,3.274809,-0.541985,1.047407,3.575242,3304,5911,2607,3304,0,64.516,5,damping
1780604053.6467228,34.44087320000108,34607,0.053467,-0.046143,1.043945,1.625954,2.877863,-0.59542,1.046332,3.358622,3305,5913,2608,3305,0,64.516,5,damping
1780604053.6782594,34.472409800000605,34638,0.053711,-0.018311,1.053467,1.755725,2.78626,-0.824427,1.054994,3.394922,3310,5919,2609,3310,0,64.516,6,damping
1780604053.7083395,34.50248989999818,34669,0.033936,-0.031494,1.048096,2.015267,3.183206,-0.770992,1.049118,3.845586,3311,5921,2610,3311,0,64.516,5,damping
1780604053.739,34.53315050000674,34700,0.042969,-0.007568,1.0625,2.053435,3.083969,-1.473282,1.063395,3.987233,3313,5925,2612,3313,0,64.516,0,damping
1780604053.7692263,34.56337660001009,34730,0.041504,-0.013916,1.053223,1.78626,3.305344,-1.099237,1.054132,3.914632,3315,5928,2613,3315,1,64.516,16,damping
1780604053.799861,34.594011399996816,34761,0.047119,-0.005127,1.05957,1.51145,3.427481,-0.80916,1.06063,3.832342,3317,5931,2614,3317,0,61.151,5,damping
1780604053.8310447,34.62519510000129,34792,0.035889,-0.032227,1.060303,1.679389,2.961832,-0.709924,1.061399,3.478044,3319,5935,2616,3319,0,61.151,1,damping
1780604053.862924,34.657074500006274,34823,0.05249,-0.013428,1.048828,1.496183,3.496183,-1.10687,1.050227,3.960684,3320,5938,2618,3320,1,61.151,18,damping
1780604053.892804,34.68695430000662,34854,0.033936,-0.024658,1.051758,1.679389,3.068702,-0.977099,1.052594,3.63208,3324,5943,2619,3324,0,61.151,6,damping
1780604053.9249268,34.71907700000156,34885,0.033203,-0.015869,1.05127,1.496183,2.687023,-0.946565,1.051913,3.217863,3325,5945,2620,3325,0,61.151,5,damping
1780604053.956244,34.7503943000047,34916,0.043213,-0.019531,1.047852,2.198473,3.496183,-1.274809,1.048924,4.322236,3326,5948,2622,3326,1,61.151,18,damping
1780604053.986946,34.78109640000912,34947,0.0354,-0.013672,1.050293,2.091603,3.389313,-0.885496,1.050978,4.079994,3328,5951,2623,3328,0,61.151,6,damping
1780604054.0185769,34.812727199998335,34978,0.05127,-0.031006,1.072754,1.374046,3.152672,-1.076336,1.074426,3.603587,3329,5953,2624,3329,0,61.151,5,damping
1780604054.0489771,34.843127600004664,35009,0.040283,-0.030518,1.050049,1.656489,2.977099,-0.832061,1.051264,3.50705,3330,5956,2626,3330,1,61.151,18,damping
1780604054.0812523,34.875402799996664,35041,0.043945,-0.018311,1.060303,1.236641,3.129771,-0.938931,1.061371,3.493757,3335,5963,2628,3335,0,64.286,0,damping
1780604054.111898,34.90604840000742,35073,0.045654,-0.00708,1.053955,0.954198,3.251908,-0.709924,1.054967,3.46257,3336,5965,2629,3336,0,64.286,5,damping
1780604054.143803,34.937953200002084,35104,0.030762,-0.038818,1.047852,1.801527,3.175573,-0.641221,1.049022,3.706876,3338,5970,2632,3338,1,64.286,3,damping
1780604054.174575,34.96872540000186,35135,0.045166,-0.016602,1.05542,2.114504,2.984733,-1.068702,1.056516,3.810758,3340,5973,2633,3340,0,64.286,6,damping
1780604054.20583,34.99998040001083,35166,0.046143,-0.025635,1.068115,1.427481,3.145038,-1.007634,1.069419,3.597818,3341,5975,2634,3341,0,64.286,5,damping
1780604054.2364256,35.03057610000542,35197,0.032715,-0.030029,1.042236,1.648855,2.473282,-0.603053,1.043182,3.033071,3343,5980,2637,3343,1,64.286,14,damping
1780604054.2667265,35.06087680000928,35228,0.039062,-0.027832,1.046875,1.664122,2.824427,-1.007634,1.047973,3.42958,3345,5983,2638,3345,0,64.286,5,damping
1780604054.298316,35.09246630000416,35259,0.047852,-0.010498,1.062988,1.519084,3.244275,-0.961832,1.064117,3.709185,3346,5985,2639,3346,0,64.286,6,damping
1780604054.3290994,35.12324970000191,35290,0.042725,-0.044678,1.050293,1.885496,3.015267,-0.335878,1.052111,3.572079,3347,5987,2640,3347,0,64.286,4,damping
1780604054.3618991,35.156049400000484,35321,0.037842,-0.031006,1.042969,1.847328,3.10687,-0.656489,1.044116,3.673723,3350,5991,2641,3350,0,53.571,6,damping
1780604054.392882,35.18703240000468,35353,0.045654,-0.015137,1.061035,1.664122,2.931298,-0.931298,1.062125,3.497016,3351,5993,2642,3351,0,53.571,6,damping
1780604054.4245563,35.218706500003464,35384,0.047119,-0.043457,1.044434,2.160305,2.694656,-0.274809,1.046399,3.464623,3352,5995,2643,3352,0,53.571,3,damping
1780604054.4554882,35.249638599998434,35416,0.03833,-0.030029,1.05542,2.015267,2.717557,-0.801527,1.056542,3.476904,3355,5999,2644,3355,0,53.571,5,damping
1780604054.4861536,35.28030399999989,35447,0.041016,-0.007324,1.051758,1.824428,3.206107,-0.938931,1.052583,3.806474,3359,6005,2646,3359,0,53.571,1,damping
1780604054.5180526,35.31220290000783,35478,0.041992,-0.025146,1.041504,1.534351,3.038168,-0.458015,1.042653,3.434308,3360,6007,2647,3360,0,53.571,4,damping
1780604054.5493977,35.34354810000514,35509,0.032471,-0.01709,1.04541,1.496183,2.305344,-0.923664,1.046054,2.899367,3364,6013,2649,3364,0,53.571,6,damping
1780604054.5794477,35.37359810000635,35540,0.033691,-0.019775,1.051514,1.053435,3.091603,-0.572519,1.052239,3.315948,3365,6015,2650,3365,0,53.571,6,damping
1780604054.6114979,35.40564820000145,35571,0.038574,-0.019287,1.063721,1.541985,3.282443,-0.908397,1.064594,3.738627,3366,6017,2651,3366,0,64.0,5,damping
1780604054.6416683,35.435818600002676,35602,0.055664,-0.020996,1.054932,1.938931,3.083969,-0.450382,1.056608,3.670581,3370,6023,2653,3370,0,64.0,5,damping
1780604054.6732879,35.46743820000847,35633,0.033447,-0.030762,1.052246,1.549618,2.870229,-0.618321,1.053227,3.319918,3371,6025,2654,3371,0,64.0,6,damping
1780604054.704208,35.49835819999862,35664,0.041504,-0.007813,1.054688,2.114504,2.977099,-1.175572,1.055533,3.836172,3373,6029,2656,3373,0,64.0,5,damping
1780604054.7352514,35.529401799998595,35695,0.047363,-0.031982,1.058106,1.740458,3.374046,-0.763359,1.059648,3.87248,3375,6032,2657,3375,1,64.0,17,damping
1780604054.7652504,35.55940090000513,35726,0.037354,-0.005859,1.052978,0.916031,3.061069,-0.725191,1.053657,3.276455,3377,6035,2658,3377,0,64.0,6,damping
1780604054.7960496,35.59020000000601,35757,0.034912,-0.023682,1.048828,1.419847,3.29771,-0.816794,1.049676,3.68212,3378,6037,2659,3378,0,64.0,5,damping
1780604054.827556,35.621706300007645,35787,0.044922,-0.015381,1.062988,1.854962,3.396947,-1.290076,1.064048,4.079758,3379,6040,2661,3379,1,64.0,18,damping
1780604054.8587387,35.652888900003745,35818,0.054199,-0.029053,1.056885,2.030534,3.160305,-0.938931,1.058672,3.871975,3383,6045,2662,3383,0,64.0,1,damping
1780604054.888549,35.682699500001036,35849,0.043945,-0.006104,1.060547,1.694656,2.946565,-0.80916,1.061474,3.494116,3384,6047,2663,3384,0,64.748,5,damping
1780604054.9198666,35.7140170000057,35880,0.045166,-0.018555,1.05542,2.221374,3.442748,-1.160305,1.056549,4.258324,3385,6050,2665,3385,1,64.748,18,damping
1780604054.9515777,35.745727900008205,35911,0.052002,-0.017578,1.050293,1.89313,3.068702,-0.969466,1.051726,3.73373,3388,6055,2667,3388,0,64.748,6,damping
1780604054.9825237,35.77667410000868,35942,0.042969,-0.027588,1.057373,1.320611,3.038168,-0.618321,1.058605,3.369985,3389,6057,2668,3389,0,64.748,5,damping
1780604055.0136685,35.80781890000799,35973,0.046143,-0.0271,1.044189,1.648855,2.175573,-0.282443,1.04556,2.744378,3390,6060,2670,3390,1,64.748,18,damping
1780604055.0444903,35.83864060000633,36004,0.026611,-0.025879,1.044678,1.343511,3.083969,-0.89313,1.045337,3.480456,3394,6065,2671,3394,0,64.748,5,damping
1780604055.0748749,35.869025300009525,36035,0.044434,-0.023193,1.060303,1.618321,3.129771,-0.908397,1.061487,3.638628,3395,6067,2672,3395,0,64.748,6,damping
1780604055.1068697,35.90102000000479,36066,0.054688,-0.030273,1.040039,2.061069,2.992366,-0.78626,1.041916,3.717589,3396,6069,2673,3396,0,64.748,4,damping
1780604055.1372883,35.931438700004946,36097,0.027832,-0.013428,1.050293,2.007634,2.664122,-0.656489,1.050747,3.39987,3399,6073,2674,3399,0,64.748,6,damping
1780604055.1695633,35.963713600009214,36129,0.035156,-0.007324,1.054932,1.954198,2.885496,-0.992366,1.055543,3.623502,3400,6075,2675,3400,0,57.143,6,damping
1780604055.1996841,35.99383449999732,36160,0.042969,-0.044922,1.048584,1.687023,2.923664,-0.664122,1.050425,3.440191,3401,6077,2676,3401,0,57.143,4,damping
1780604055.2305474,36.024697800006834,36191,0.032715,-0.019043,1.052002,1.320611,2.564885,-0.679389,1.052683,2.963818,3404,6081,2677,3404,0,57.143,5,damping
1780604055.2623825,36.056532800008426,36222,0.024902,-0.014404,1.053955,1.206107,2.870229,-0.961832,1.054348,3.258532,3406,6085,2679,3406,0,57.143,1,damping
1780604055.293144,36.087294400000246,36253,0.052734,-0.024414,1.058106,1.40458,2.938931,-1.290076,1.0597,3.503492,3408,6089,2681,3408,0,57.143,0,damping
1780604055.3249514,36.119101700009196,36284,0.046387,-0.013184,1.053223,1.770992,2.908397,-0.755725,1.054326,3.488023,3411,6093,2682,3411,0,57.143,6,damping
1780604055.3556843,36.14983470000152,36316,0.031982,-0.026367,1.051025,1.648855,2.671756,-0.954198,1.051842,3.281386,3413,6097,2684,3413,0,57.143,5,damping
1780604055.3860571,36.180207400000654,36347,0.046875,-0.030273,1.052246,2.045802,3.305344,-1.0,1.053725,4.013802,3414,6099,2685,3414,0,57.143,6,damping
1780604055.4183478,36.21249830001034,36378,0.052979,-0.020264,1.055908,2.122137,3.145038,-0.847328,1.057431,3.887505,3417,6103,2686,3417,0,57.143,6,damping
1780604055.4505162,36.24466660000326,36410,0.032227,-0.020996,1.049805,1.282443,2.984733,-0.435114,1.050509,3.277593,3418,6105,2687,3418,0,64.057,5,damping
1780604055.4812524,36.27540270000463,36441,0.044678,-0.042725,1.058106,1.152672,3.564885,-1.175572,1.05991,3.926707,3419,6107,2688,3419,0,64.057,5,damping
1780604055.513888,36.308038200004376,36473,0.031494,-0.015137,1.04834,1.465649,2.648855,-0.854962,1.048922,3.145714,3422,6111,2689,3422,0,64.057,6,damping
1780604055.5446239,36.33877410000423,36505,0.039062,-0.00415,1.053467,1.610687,2.885496,-0.732824,1.054199,3.384883,3423,6113,2690,3423,0,64.057,5,damping
1780604055.5760078,36.3701582000067,36536,0.050293,-0.045654,1.059814,1.78626,3.236641,-0.717557,1.061989,3.765828,3424,6115,2691,3424,0,64.057,5,damping
1780604055.6071036,36.4012539999967,36567,0.042236,-0.012451,1.046143,1.740458,2.900763,-0.916031,1.047069,3.504673,3427,6119,2692,3427,0,64.057,6,damping
1780604055.6374302,36.4315806000086,36598,0.040527,-0.0354,1.052002,1.687023,2.709924,-1.08397,1.053377,3.37116,3428,6121,2693,3428,0,64.057,5,damping
1780604055.6689844,36.463134799996624,36629,0.039307,-0.018799,1.060059,1.832061,3.122137,-1.374046,1.060954,3.871975,3430,6125,2695,3430,0,64.057,1,damping
1780604055.699721,36.49387140000181,36660,0.046631,-0.02417,1.055908,1.656489,3.748092,-0.618321,1.057214,4.144208,3433,6130,2697,3433,1,60.0,15,damping
1780604055.7306523,36.52480270000524,36691,0.045654,-0.0271,1.051514,1.022901,2.732824,-0.778626,1.052853,3.020085,3435,6133,2698,3435,0,60.0,6,damping
1780604055.7615147,36.55566500000714,36722,0.037354,-0.033203,1.04834,1.442748,3.030534,-0.931298,1.04953,3.483242,3438,6137,2699,3438,0,60.0,5,damping
1780604055.7923222,36.58647259999998,36753,0.035645,-0.032471,1.051514,1.80916,3.083969,-1.076336,1.052618,3.733956,3440,6140,2700,3440,1,60.0,17,damping
1780604055.8235745,36.61772480000218,36784,0.052246,-0.01123,1.056396,1.839695,3.251908,-0.961832,1.057747,3.858044,3442,6143,2701,3442,0,60.0,6,damping
1780604055.8559756,36.65012590000697,36815,0.038086,-0.03418,1.053467,2.244275,2.946565,-0.580153,1.054709,3.749079,3443,6145,2702,3443,0,60.0,5,damping
1780604055.8877234,36.681873699999414,36846,0.052246,-0.01416,1.052978,2.435115,3.137405,-1.137405,1.054369,4.131196,3444,6148,2704,3444,1,60.0,18,damping
1780604055.9172513,36.71140159999777,36877,0.043701,-0.020752,1.050049,2.022901,3.358779,-1.183206,1.051163,4.095546,3446,6151,2705,3446,0,60.0,6,damping
1780604055.9484038,36.74255419999827,36908,0.030029,-0.014648,1.05249,0.923664,3.045802,-1.038168,1.05302,3.347814,3447,6153,2706,3447,0,60.0,5,damping
1780604055.9798567,36.774007100000745,36939,0.045166,-0.025635,1.052978,1.610687,2.80916,-1.335878,1.054258,3.502894,3448,6156,2708,3448,1,53.763,18,damping
1780604056.0111203,36.80527070000244,36971,0.051758,-0.028809,1.050537,1.778626,2.89313,-1.007634,1.052206,3.542462,3452,6161,2709,3452,0,53.763,6,damping
1780604056.0420365,36.836186800006544,37002,0.038574,-0.009766,1.059326,1.549618,3.030534,-0.755725,1.060073,3.486628,3453,6163,2710,3453,0,53.763,5,damping
1780604056.0728679,36.86701830000675,37033,0.036621,-0.03418,1.045898,2.129771,2.931298,-1.030534,1.047097,3.767019,3455,6168,2713,3455,1,53.763,15,damping
1780604056.1035228,36.89767320000101,37064,0.047363,-0.018311,1.050049,2.038168,3.061069,-1.160305,1.051276,3.856239,3459,6173,2714,3459,0,53.763,5,damping
1780604056.1352081,36.929358399997,37095,0.037109,-0.015137,1.05957,1.465649,3.038168,-0.870229,1.060328,3.48366,3460,6175,2715,3460,0,53.763,5,damping
1780604056.166553,36.96070340000733,37126,0.037109,-0.023193,1.039307,1.59542,2.549618,-0.458015,1.040228,3.042317,3461,6180,2719,3461,1,53.763,18,damping
1780604056.1980069,36.99215730000287,37158,0.041992,-0.01709,1.055664,1.755725,2.396947,-0.946565,1.056637,3.118318,3463,6183,2720,3463,0,53.763,5,damping
1780604056.2288003,37.022950700004,37189,0.042725,-0.01001,1.048828,1.427481,2.961832,-0.877863,1.049746,3.403056,3464,6185,2721,3464,0,64.0,5,damping
1780604056.260684,37.05483429999731,37220,0.031494,-0.032227,1.049072,1.770992,2.251908,-0.648855,1.05004,2.937434,3465,6188,2723,3465,1,64.0,18,damping
1780604056.2897398,37.08389029999671,37251,0.038818,-0.025146,1.04834,1.725191,2.70229,-0.992366,1.04936,3.356106,3467,6191,2724,3467,0,64.0,5,damping
1780604056.3206263,37.114776700007496,37281,0.039551,-0.008789,1.057129,2.053435,2.70229,-0.664122,1.057905,3.458327,3468,6193,2725,3468,0,64.0,6,damping
1780604056.3514688,37.14561920000415,37311,0.038086,-0.01123,1.05835,2.038168,3.10687,-1.358779,1.059094,3.956394,3469,6195,2726,3469,0,64.0,5,damping
1780604056.3988163,37.19296670000767,37342,0.053223,-0.026123,1.055176,1.870229,3.030534,-0.59542,1.05684,3.610598,3471,6198,2727,3471,1,64.0,16,damping
1780604056.412727,37.206877400007215,37373,0.040771,-0.03833,1.050537,0.89313,2.946565,-0.496183,1.052026,3.118673,3473,6201,2728,3473,0,64.0,5,damping
1780604056.4439228,37.23807300000044,37404,0.038574,-0.029541,1.051758,1.59542,2.725191,-1.068702,1.052879,3.33379,3474,6203,2729,3474,0,64.0,5,damping
1780604056.4741468,37.26829730000463,37435,0.042969,-0.013672,1.049561,1.717557,3.175573,-1.053435,1.050529,3.76085,3477,6208,2731,3477,1,64.0,15,damping
1780604056.505428,37.29957840000861,37465,0.049561,-0.029297,1.057129,1.801527,3.21374,-1.229008,1.058695,3.883824,3481,6213,2732,3481,0,61.594,5,damping
1780604056.5352662,37.329416400010814,37496,0.046875,-0.024902,1.052734,1.290076,2.534351,-1.0,1.054072,3.014504,3482,6215,2733,3482,0,61.594,5,damping
1780604056.5669408,37.36109109999961,37527,0.034912,-0.015381,1.051025,2.198473,2.450382,-1.465649,1.051718,3.603579,3483,6220,2737,3483,1,61.594,18,damping
1780604056.5984495,37.392599900005735,37558,0.046631,-0.017578,1.048584,2.19084,2.946565,-1.076336,1.049768,3.826294,3485,6223,2738,3485,0,61.594,5,damping
1780604056.6292439,37.423394099998404,37589,0.040527,-0.020996,1.059326,1.312977,3.045802,-0.885496,1.060309,3.432917,3487,6227,2740,3487,0,61.594,1,damping
1780604056.6607502,37.454900500000804,37620,0.040039,-0.027832,1.049805,1.427481,3.015267,-0.580153,1.050937,3.386165,3488,6230,2742,3488,1,61.594,18,damping
1780604056.6909273,37.48507770001015,37651,0.047607,-0.012451,1.055664,1.412214,2.687023,-1.015267,1.05681,3.200814,3490,6233,2743,3490,0,61.594,5,damping
1780604056.722595,37.516745300003095,37682,0.040039,-0.034424,1.058594,1.503817,3.076336,-0.641221,1.05991,3.483744,3491,6235,2744,3491,0,61.594,5,damping
1780604056.7526028,37.54675320000388,37713,0.046143,-0.016602,1.040039,1.709924,2.40458,-0.496183,1.041194,2.991996,3492,6238,2746,3492,1,61.594,18,damping
1780604056.7842433,37.578393700008746,37744,0.02832,-0.019043,1.054443,1.946565,2.732824,-0.885496,1.054995,3.470093,3494,6241,2747,3494,0,46.595,5,damping
1780604056.8151546,37.60930480000388,37775,0.045898,-0.016846,1.056396,1.671756,3.045802,-0.832061,1.057527,3.572674,3495,6243,2748,3495,0,46.595,5,damping
1780604056.8473413,37.6414916000067,37806,0.047607,-0.031494,1.044434,1.671756,3.091603,-0.305344,1.045992,3.52789,3496,6245,2749,3496,0,46.595,3,damping
1780604056.87767,37.671820500007016,37837,0.034424,-0.022705,1.054688,1.229008,2.717557,-0.198473,1.055493,2.989142,3500,6251,2751,3500,0,46.595,6,damping
1780604056.9078906,37.702040900010616,37869,0.039307,-0.00415,1.057617,0.717557,3.259542,-0.877863,1.058355,3.451108,3501,6253,2752,3501,0,46.595,5,damping
1780604056.939367,37.73351750000438,37900,0.047607,-0.051514,1.04248,1.671756,2.778626,-0.305344,1.044838,3.25711,3503,6257,2754,3503,0,46.595,0,damping
1780604056.97214,37.76629050000338,37931,0.036377,-0.023193,1.046631,1.778626,2.709924,-0.450382,1.04752,3.27262,3506,6261,2755,3506,0,46.595,5,damping
1780604057.0023735,37.79652370000258,37962,0.042969,-0.018799,1.054932,1.671756,3.114504,-0.59542,1.055974,3.58461,3507,6263,2756,3507,0,46.595,5,damping
1780604057.0325673,37.826717700008885,37993,0.042725,-0.036133,1.051025,1.961832,3.305344,-1.343511,1.052514,4.071745,3509,6267,2758,3509,0,46.595,0,damping
1780604057.0645852,37.85873550000542,38024,0.049805,-0.024414,1.050537,1.977099,3.70229,-0.328244,1.052,4.209943,3512,6271,2759,3512,0,64.286,6,damping
1780604057.0947275,37.88887779999641,38055,0.042969,-0.037842,1.05127,1.541985,2.70229,-0.70229,1.052828,3.189561,3514,6275,2761,3514,0,64.286,5,damping
1780604057.127132,37.92128229999798,38086,0.047607,-0.012207,1.054443,1.48855,2.969466,-1.015267,1.055588,3.473366,3515,6277,2762,3515,0,64.286,5,damping
1780604057.1569793,37.951129699999,38117,0.050293,-0.037109,1.060547,1.320611,3.129771,-0.641221,1.062387,3.45697,3517,6280,2763,3517,1,64.286,16,damping
1780604057.1880777,37.9822281000088,38148,0.043457,-0.015381,1.049561,1.40458,2.977099,-0.709924,1.050572,3.367485,3519,6283,2764,3519,0,64.286,5,damping
1780604057.2192113,38.013361600009375,38179,0.042725,-0.037842,1.057861,2.007634,2.824427,-1.0,1.0594,3.606658,3520,6285,2765,3520,0,64.286,6,damping
1780604057.2488067,38.04295699999784,38209,0.04126,-0.015625,1.04834,2.435115,2.832061,-1.259542,1.049268,3.941675,3521,6288,2767,3521,1,64.286,18,damping
1780604057.2799792,38.07412950000435,38240,0.044434,-0.024414,1.058838,1.839695,2.770992,-1.198473,1.060051,3.535422,3525,6293,2768,3525,0,64.286,5,damping
1780604057.3109832,38.10513360000914,38271,0.034668,-0.005127,1.057617,1.305344,3.366412,-1.045802,1.058198,3.759036,3526,6295,2769,3526,0,64.286,6,damping
1780604057.3424385,38.13658890000079,38302,0.043701,-0.03418,1.050537,1.450382,3.496183,-1.381679,1.052001,4.029385,3528,6300,2772,3528,1,57.554,4,damping
1780604057.3746684,38.1688187999971,38334,0.046143,-0.015137,1.054199,1.343511,2.839695,-1.374046,1.055317,3.428832,3530,6303,2773,3530,0,57.554,5,damping
1780604057.4056392,38.1997895000095,38365,0.035645,-0.025879,1.062256,1.473282,2.992366,-0.778626,1.063169,3.425066,3531,6305,2774,3531,0,57.554,6,damping
1780604057.43688,38.23103039999842,38396,0.037109,-0.032471,1.047119,2.251908,2.862595,-0.984733,1.048279,3.772962,3533,6310,2777,3533,1,57.554,14,damping
1780604057.4670198,38.26117009999871,38427,0.037598,-0.009521,1.056885,2.198473,2.557252,-1.160305,1.057596,3.566389,3535,6313,2778,3535,0,57.554,5,damping
1780604057.498003,38.29215340000519,38458,0.046143,-0.027344,1.059082,1.51145,2.740458,-0.908397,1.060439,3.2588,3537,6317,2780,3537,0,57.554,6,damping
1780604057.5302362,38.32438649999676,38489,0.054199,-0.016113,1.042236,1.793893,2.541985,-0.358779,1.043769,3.131846,3538,6320,2782,3538,1,57.554,19,damping
1780604057.5603743,38.35452449999866,38520,0.032227,-0.026123,1.050781,1.259542,2.442748,-0.923664,1.0516,2.899417,3540,6323,2783,3540,0,57.554,5,damping
1780604057.5917187,38.38586910000595,38551,0.035156,-0.013184,1.058838,1.015267,3.496183,-0.854962,1.059503,3.739656,3541,6325,2784,3541,0,57.554,5,damping
1780604057.6218085,38.415958900004625,38582,0.043945,-0.043701,1.044922,1.641221,2.923664,-0.396947,1.046758,3.376238,3542,6327,2785,3542,0,50.0,3,damping
1780604057.6534696,38.44761990000552,38613,0.042969,-0.02002,1.049805,1.748092,2.954198,-0.389313,1.050874,3.45466,3545,6331,2786,3545,0,50.0,6,damping
1780604057.6837296,38.477879900005064,38644,0.045166,-0.03418,1.053955,1.603053,3.145038,-0.51145,1.055476,3.566879,3548,6335,2787,3548,0,50.0,5,damping
1780604057.715101,38.50925129999814,38675,0.049805,-0.044189,1.056641,2.061069,3.229008,-1.175572,1.058736,4.007052,3549,6337,2788,3549,0,50.0,5,damping
1780604057.7460759,38.54022619999887,38706,0.046387,-0.015625,1.046387,2.19084,3.19084,-0.366412,1.047531,3.887865,3553,6343,2790,3553,0,50.0,5,damping
1780604057.7778544,38.572004900008324,38737,0.049072,-0.045654,1.053467,1.351145,2.770992,-0.51145,1.055597,3.124992,3554,6345,2791,3554,0,50.0,5,damping
1780604057.808007,38.60215740000422,38768,0.032715,-0.008301,1.058106,1.435114,3.145038,-1.114504,1.058644,3.632208,3556,6349,2793,3556,0,50.0,0,damping
1780604057.8391268,38.63327720000234,38799,0.051758,-0.031982,1.057129,1.732824,3.290076,-0.480916,1.058878,3.749475,3559,6354,2795,3559,1,50.0,15,damping
1780604057.8693955,38.66354580000916,38830,0.053223,-0.035645,1.051758,1.015267,3.083969,-0.396947,1.053707,3.270964,3561,6357,2796,3561,0,50.0,5,damping
1780604057.9008582,38.69500839999819,38861,0.055908,-0.0271,1.052002,2.091603,3.022901,-0.832061,1.053835,3.76896,3564,6361,2797,3564,0,78.853,5,damping
1780604057.9318871,38.726037400003406,38892,0.043945,-0.013672,1.049561,2.183206,2.977099,-1.206107,1.050569,3.883839,3566,6364,2798,3566,1,78.853,17,damping
1780604057.9626043,38.75675470000715,38923,0.039551,-0.016602,1.053223,2.145038,3.061069,-1.183206,1.054096,3.920626,3568,6367,2799,3568,0,78.853,5,damping
1780604057.9937794,38.78792970000359,38954,0.041016,-0.038574,1.049316,1.89313,3.068702,-0.709924,1.050826,3.674897,3569,6369,2800,3569,0,78.853,5,damping
1780604058.0236967,38.817846899997676,38985,0.042969,-0.00708,1.058106,2.10687,2.778626,-1.366412,1.059001,3.74523,3570,6372,2802,3570,1,78.853,18,damping
1780604058.0547311,38.84888150000188,39015,0.039551,-0.006104,1.052002,1.526718,2.480916,-0.984733,1.052763,3.074981,3572,6375,2803,3572,0,78.853,5,damping
1780604058.0859292,38.88007939999807,39045,0.04248,-0.013672,1.062988,0.740458,2.931298,-0.572519,1.063925,3.077103,3573,6377,2804,3573,0,78.853,5,damping
1780604058.1169734,38.911123800004134,39076,0.054443,-0.044189,1.039307,1.557252,3.045802,-0.29771,1.041669,3.43374,3574,6379,2805,3574,0,78.853,4,damping
1780604058.1472309,38.94138119999843,39107,0.037109,-0.024414,1.054443,1.503817,2.564885,-0.977099,1.055379,3.129669,3577,6383,2806,3577,0,78.853,5,damping
1780604058.1781173,38.97226760000922,39138,0.033936,-0.013184,1.05835,1.564886,2.870229,-0.564886,1.058976,3.317556,3578,6385,2807,3578,0,50.542,5,damping
1780604058.2094996,39.00364989999798,39169,0.051514,-0.047607,1.063477,1.694656,3.328244,-0.931298,1.065787,3.849206,3580,6389,2809,3580,0,50.542,1,damping
1780604058.240043,39.03419330000179,39200,0.049561,-0.017822,1.05835,1.862595,3.381679,-0.59542,1.059659,3.906346,3584,6395,2811,3584,0,50.542,5,damping
1780604058.2781065,39.07225690000632,39237,0.039307,-0.022949,1.059326,1.587786,3.061069,-0.687023,1.060303,3.516136,3585,6398,2813,3585,1,50.542,14,damping
1780604058.3098207,39.10397090000333,39269,0.049316,-0.034668,1.052734,1.480916,3.358779,-0.862595,1.054459,3.770753,3588,6402,2814,3588,1,50.542,16,damping
1780604058.3389146,39.13306500000181,39300,0.052979,-0.013672,1.055908,1.70229,3.076336,-0.870229,1.057325,3.622007,3590,6405,2815,3590,0,50.542,5,damping
1780604058.3704867,39.164637200010475,39330,0.039062,-0.010498,1.053223,1.274809,2.854962,-1.175572,1.053999,3.340347,3591,6407,2816,3591,0,50.542,5,damping
1780604058.4014971,39.19564750000427,39361,0.040283,-0.029541,1.05542,1.969466,3.618321,-1.08397,1.056601,4.259816,3592,6410,2818,3592,1,50.542,18,damping
1780604058.433259,39.227409300001455,39392,0.034424,-0.024658,1.048096,2.030534,2.89313,-1.351145,1.048951,3.784027,3594,6413,2819,3594,0,62.992,6,damping
1780604058.463664,39.257814299999154,39423,0.036377,-0.017578,1.06665,1.396947,2.89313,-0.946565,1.067415,3.349275,3596,6417,2821,3596,0,62.992,0,damping
1780604058.4951777,39.28932809999969,39454,0.030518,-0.011963,1.037354,1.152672,2.740458,-0.625954,1.037871,3.038187,3597,6420,2823,3597,1,62.992,18,damping
1780604058.52553,39.31968040000356,39485,0.039795,-0.019287,1.054443,1.557252,2.450382,-0.732824,1.05537,2.994401,3599,6423,2824,3599,0,62.992,6,damping
1780604058.5564024,39.35055280000961,39516,0.041748,-0.008057,1.057617,0.908397,3.335878,-0.709924,1.058472,3.529484,3601,6427,2826,3601,0,62.992,6,damping
1780604058.5865178,39.38066819999949,39546,0.046875,-0.060547,1.05127,1.274809,2.839695,-0.770992,1.054054,3.20678,3602,6429,2827,3602,0,62.992,4,damping
1780604058.6191204,39.41327060000913,39578,0.047852,-0.020996,1.051758,1.564886,2.931298,-0.328244,1.053055,3.339029,3605,6433,2828,3605,0,62.992,5,damping
1780604058.6509871,39.44513750000624,39610,0.04541,-0.013428,1.060303,1.587786,3.175573,-0.946565,1.06136,3.674413,3608,6437,2829,3608,0,62.992,6,damping
1780604058.6832643,39.477414599998156,39642,0.053955,-0.019287,1.043701,2.351145,2.549618,-0.778626,1.045273,3.554532,3610,6442,2832,3610,1,64.0,3,damping
1780604058.7146037,39.5087540000095,39674,0.037109,-0.019287,1.05127,1.648855,3.007634,-0.816794,1.052101,3.525867,3612,6445,2833,3612,0,64.0,5,damping
1780604058.7462103,39.54036060000362,39705,0.042236,-0.026367,1.064697,1.343511,2.900763,-0.732824,1.065861,3.279708,3613,6447,2834,3613,0,64.0,5,damping
1780604058.7759557,39.570106099999975,39736,0.049072,-0.017822,1.043701,1.374046,2.885496,-0.40458,1.045006,3.221455,3614,6450,2836,3614,1,64.0,18,damping
1780604058.807426,39.60157640000398,39767,0.034912,-0.022217,1.060303,1.923664,2.687023,-0.725191,1.06111,3.383264,3616,6453,2837,3616,0,64.0,6,damping
1780604058.8383458,39.63249610000639,39798,0.049072,-0.007813,1.05957,1.862595,3.183206,-0.763359,1.060735,3.766269,3617,6455,2838,3617,0,64.0,5,damping
1780604058.8686254,39.66277580001042,39828,0.04834,-0.005371,1.059082,1.732824,3.358779,-1.061069,1.060198,3.92555,3619,6459,2840,3619,0,64.0,1,damping
1780604058.8987346,39.69288499999675,39858,0.046875,-0.036377,1.054688,2.114504,2.954198,-1.137405,1.056355,3.80685,3622,6464,2842,3622,1,64.0,15,damping
1780604058.9288352,39.722985600004904,39889,0.044434,-0.000977,1.05249,1.854962,3.061069,-0.89313,1.053428,3.688998,3624,6467,2843,3624,0,64.0,5,damping
1780604058.9584491,39.75259950000327,39919,0.032959,-0.006836,1.052002,1.145038,3.091603,-1.091603,1.05254,3.472855,3627,6471,2844,3627,0,61.372,5,damping
1780604058.9907353,39.78488570000627,39950,0.044922,-0.03125,1.05127,1.80916,2.473282,-1.137405,1.052693,3.26862,3628,6474,2846,3628,1,61.372,18,damping
1780604059.0220933,39.816243599998415,39981,0.040283,-0.018799,1.056396,1.244275,2.633588,-1.053435,1.057331,3.097375,3630,6477,2847,3630,0,61.372,6,damping
1780604059.0521202,39.846270499998354,40012,0.033936,-0.008789,1.052978,1.503817,3.137405,-1.022901,1.053562,3.626444,3631,6479,2848,3631,0,61.372,5,damping
1780604059.0836644,39.877814799998305,40043,0.041016,-0.028564,1.05127,1.908397,2.572519,-0.717557,1.052457,3.282487,3632,6482,2850,3632,1,61.372,18,damping
1780604059.1149056,39.90905600000406,40075,0.045898,-0.00708,1.04834,1.732824,2.618321,-1.045802,1.049368,3.309378,3634,6485,2851,3634,0,61.372,5,damping
1780604059.1469443,39.941094599998905,40106,0.041016,-0.031006,1.060059,1.312977,2.916031,-0.656489,1.061305,3.264678,3635,6487,2852,3635,0,61.372,5,damping
1780604059.1784437,39.97259400000621,40137,0.025879,-0.030273,1.043457,1.541985,2.687023,-0.564886,1.044217,3.149112,3636,6490,2854,3636,1,61.372,18,damping
1780604059.2094646,40.0036148000072,40169,0.043457,-0.009033,1.048828,1.763359,2.290076,-1.259542,1.049767,3.152829,3638,6493,2855,3638,0,44.0,5,damping
1780604059.2395022,40.03365250000206,40200,0.046875,-0.03125,1.055176,1.068702,3.328244,-0.625954,1.056679,3.551218,3639,6495,2856,3639,0,44.0,6,damping
1780604059.2691891,40.063339500004076,40230,0.050537,-0.045166,1.04248,2.038168,2.885496,-0.335878,1.044682,3.548666,3641,6499,2858,3641,0,44.0,1,damping
1780604059.3020282,40.096178599997074,40261,0.042725,-0.021729,1.045898,1.526718,2.862595,-0.557252,1.046996,3.291785,3645,6505,2860,3645,0,44.0,6,damping
1780604059.3317695,40.12591980000434,40292,0.047607,-0.029053,1.056641,1.587786,2.984733,-0.870229,1.058112,3.490988,3646,6507,2861,3646,0,44.0,6,damping
1780604059.3633544,40.15750490000937,40323,0.049316,-0.049805,1.048828,1.725191,3.083969,-1.045802,1.051168,3.68522,3647,6511,2864,3647,0,44.0,4,damping
1780604059.411756,40.205906300005154,40354,0.04834,-0.01709,1.053955,2.0,3.053435,-0.358779,1.055201,3.667722,3650,6515,2865,3650,0,44.0,5,damping
1780604059.4250906,40.21924089999811,40385,0.04541,-0.050537,1.05957,1.580153,3.099237,-0.557252,1.061746,3.523164,3651,6517,2866,3651,0,44.0,5,damping
1780604059.4562764,40.25042680000479,40416,0.032715,-0.013916,1.051514,1.335878,3.290076,-1.419847,1.052114,3.824283,3652,6519,2867,3652,0,44.0,5,damping
1780604059.4872558,40.28140610000992,40447,0.040527,-0.027832,1.050049,1.381679,2.854962,-1.221374,1.051199,3.398764,3654,6522,2868,3654,1,57.554,16,damping
1780604059.518276,40.3124264000071,40478,0.05127,-0.027832,1.054932,1.396947,2.725191,-0.694656,1.056543,3.140171,3656,6525,2869,3656,0,57.554,6,damping
1780604059.5490777,40.34322819999943,40509,0.042236,-0.033691,1.056396,1.748092,2.969466,-0.923664,1.057777,3.567451,3657,6527,2870,3657,0,57.554,6,damping
1780604059.5805104,40.374660800007405,40540,0.043213,-0.012939,1.060547,2.183206,2.938931,-1.412214,1.061506,3.924035,3659,6530,2871,3659,1,57.554,17,damping
1780604059.6131353,40.40728559999843,40571,0.030518,-0.018066,1.053223,1.984733,2.961832,-1.381679,1.05382,3.823696,3661,6533,2872,3661,0,57.554,5,damping
1780604059.6427264,40.43687669999781,40602,0.025391,-0.026855,1.048096,1.343511,2.824427,-1.152672,1.048747,3.333326,3662,6535,2873,3662,0,57.554,6,damping
1780604059.6728702,40.46702050000022,40633,0.055908,-0.012939,1.054199,1.603053,2.854962,-1.206107,1.05576,3.48931,3664,6540,2876,3664,1,57.554,14,damping
1780604059.7047048,40.498855099998764,40664,0.032715,-0.01416,1.048096,1.152672,3.183206,-0.89313,1.048702,3.501305,3668,6545,2877,3668,0,57.554,5,damping
1780604059.7350326,40.52918290000525,40695,0.040527,-0.020752,1.056396,1.167939,2.824427,-0.694656,1.057377,3.134329,3669,6547,2878,3669,0,57.554,6,damping
1780604059.767311,40.56146140000783,40726,0.043457,-0.029297,1.044189,2.274809,3.091603,-0.992366,1.045504,3.964537,3670,6552,2882,3670,1,57.348,19,damping
1780604059.797451,40.591601400010404,40758,0.04248,-0.017822,1.052246,1.832061,2.931298,-1.549618,1.053254,3.788175,3672,6555,2883,3672,0,57.348,6,damping
1780604059.8291872,40.62333740000031,40789,0.032715,-0.008301,1.047852,1.977099,3.099237,-1.10687,1.048395,3.839186,3673,6557,2884,3673,0,57.348,5,damping
1780604059.8598819,40.65403230000811,40820,0.040039,-0.02832,1.044434,2.29771,2.557252,-0.770992,1.045584,3.523271,3674,6560,2886,3674,1,57.348,18,damping
1780604059.8905475,40.684697800010326,40851,0.035645,-0.020752,1.056152,1.557252,2.931298,-0.824427,1.056957,3.42012,3676,6563,2887,3676,0,57.348,6,damping
1780604059.9223146,40.71646500000497,40882,0.052246,-0.017578,1.061035,0.954198,3.312977,-0.664122,1.062466,3.511036,3677,6565,2888,3677,0,57.348,5,damping
1780604059.9537687,40.7479192000028,40913,0.049316,-0.021484,1.049805,1.770992,2.732824,-0.396947,1.051182,3.280596,3678,6568,2890,3678,1,57.348,18,damping
1780604059.9837449,40.77789520000806,40944,0.038086,-0.028809,1.051514,1.59542,3.0,-0.503817,1.052597,3.434996,3680,6571,2891,3680,0,57.348,6,damping
1780604060.0157056,40.80985590000637,40975,0.05542,-0.009277,1.054199,1.549618,3.145038,-0.351145,1.055696,3.523618,3682,6575,2893,3682,0,57.348,5,damping
1780604060.0468998,40.84105020000425,41006,0.048828,-0.050781,1.052246,1.832061,3.282443,-0.396947,1.054602,3.780006,3683,6577,2894,3683,0,46.429,5,damping
1780604060.0775778,40.87172830000054,41037,0.039551,-0.020996,1.051514,1.870229,2.931298,-0.816794,1.052467,3.571752,3688,6583,2895,3688,0,46.429,6,damping
1780604060.1084926,40.90264290000778,41069,0.045166,-0.007568,1.057617,1.664122,3.099237,-0.236641,1.058608,3.525701,3691,6587,2896,3691,0,46.429,5,damping
1780604060.139198,40.93334840000898,41100,0.058838,-0.052734,1.054443,1.732824,3.0,-0.557252,1.057399,3.509018,3693,6591,2898,3693,0,46.429,1,damping
1780604060.170749,40.96489920000022,41131,0.042236,-0.015625,1.047607,1.251908,3.053435,-0.618321,1.048575,3.357538,3696,6595,2899,3696,0,46.429,6,damping
1780604060.202066,40.99621620000107,41162,0.039551,-0.046143,1.054932,1.282443,2.740458,-0.748092,1.056681,3.116795,3697,6597,2900,3697,0,46.429,5,damping
1780604060.2332487,41.02739909999946,41193,0.050049,-0.028809,1.064941,1.770992,3.122137,-1.274809,1.066506,3.809106,3698,6599,2901,3698,0,46.429,5,damping
1780604060.2655728,41.05972320000001,41224,0.049316,-0.025146,1.04834,2.412214,3.091603,-1.091603,1.0498,4.070428,3700,6602,2902,3700,1,46.429,15,damping
1780604060.2950017,41.08915210000123,41255,0.047607,-0.036133,1.056152,1.480916,2.839695,-0.80916,1.057842,3.303289,3702,6605,2903,3702,0,46.429,5,damping
1780604060.3277755,41.121925800005556,41286,0.035645,-0.02124,1.044189,2.19084,2.877863,-1.167939,1.045013,3.800783,3703,6607,2904,3703,0,71.429,5,damping
1780604060.3580859,41.15223629999673,41317,0.043213,-0.017822,1.060547,1.687023,2.954198,-0.992366,1.061576,3.543744,3705,6610,2905,3705,1,71.429,17,damping
1780604060.3882945,41.18244489999779,41348,0.05249,-0.012451,1.058594,1.748092,2.923664,-1.030534,1.059967,3.558882,3707,6613,2906,3707,0,71.429,6,damping
1780604060.4194295,41.21357980000903,41379,0.035156,-0.032959,1.049805,1.473282,2.656489,-0.900763,1.05091,3.168417,3708,6615,2907,3708,0,71.429,5,damping
1780604060.4504116,41.244561900006374,41410,0.049316,-0.007324,1.056152,1.572519,2.984733,-1.282443,1.057328,3.60917,3710,6618,2908,3710,1,71.429,18,damping
1780604060.4818947,41.27604510000674,41441,0.033936,-0.022705,1.047119,1.709924,2.954198,-1.053435,1.047915,3.572234,3716,6625,2909,3716,0,71.429,0,damping
1780604060.5132725,41.307422900004894,41473,0.021729,-0.023438,1.05249,2.122137,2.374046,-0.725191,1.052975,3.265802,3717,6627,2910,3717,0,71.429,5,damping
1780604060.5452611,41.33941159999813,41504,0.040771,-0.011963,1.053711,2.572519,2.687023,-1.251908,1.054567,3.924948,3719,6632,2913,3719,1,71.429,3,damping
1780604060.5758452,41.369995600005495,41535,0.040039,-0.020264,1.051514,1.641221,2.984733,-1.030534,1.052471,3.558685,3721,6635,2914,3721,0,71.429,6,damping
1780604060.606419,41.400569500008714,41566,0.032471,-0.00708,1.057129,0.740458,2.946565,-0.824427,1.057651,3.148048,3722,6637,2915,3722,0,67.857,5,damping
1780604060.6380088,41.43215920000512,41597,0.04248,-0.033936,1.054443,1.603053,3.160305,-1.160305,1.055844,3.728756,3724,6642,2918,3724,1,67.857,15,damping
1780604060.6689467,41.46309720000136,41628,0.044922,-0.016846,1.048096,1.648855,2.923664,-0.938931,1.049193,3.485416,3726,6645,2919,3726,0,67.857,6,damping
1780604060.7000897,41.49423999999999,41659,0.038574,-0.016113,1.054688,1.564886,2.603053,-0.839695,1.055516,3.151165,3727,6647,2920,3727,0,67.857,5,damping
1780604060.731036,41.52518620000046,41690,0.034424,-0.031738,1.037109,1.664122,2.732824,-0.916031,1.038166,3.328174,3728,6650,2922,3728,1,67.857,18,damping
1780604060.7603195,41.554469900002005,41721,0.035156,-0.022461,1.057373,2.030534,3.244275,-1.0,1.058196,3.955804,3730,6653,2923,3730,0,67.857,6,damping
1780604060.793642,41.58779250000953,41752,0.050049,-0.016846,1.056152,1.312977,3.068702,-0.671756,1.057472,3.404717,3731,6655,2924,3731,0,67.857,5,damping
1780604060.8238266,41.6179770000017,41783,0.047119,-0.023438,1.049805,1.687023,2.877863,0.022901,1.051123,3.335965,3732,6658,2926,3732,1,67.857,18,damping
1780604060.855025,41.649175300000934,41815,0.043701,-0.021973,1.052978,1.374046,3.045802,-0.641221,1.054114,3.402363,3734,6661,2927,3734,0,67.857,6,damping
1780604060.8863258,41.68047620001016,41846,0.042236,-0.016602,1.060791,0.870229,3.412214,-0.923664,1.061761,3.640557,3738,6667,2929,3738,0,57.143,0,damping
1780604060.918321,41.71247120000771,41877,0.054199,-0.039551,1.042725,1.419847,2.725191,-0.030534,1.044881,3.073038,3739,6670,2931,3739,1,57.143,18,damping
1780604060.9497302,41.74388039999758,41909,0.037598,-0.02832,1.050781,1.343511,2.748092,-0.862595,1.051835,3.178223,3742,6675,2933,3742,0,57.143,6,damping
1780604060.980236,41.774386500008404,41940,0.051025,-0.026123,1.06665,1.641221,3.076336,-0.992366,1.06819,3.625223,3743,6677,2934,3743,0,57.143,5,damping
1780604061.0111225,41.80527290000464,41971,0.04834,-0.031982,1.048096,2.099237,2.885496,-0.152672,1.049697,3.571581,3744,6679,2935,3744,0,57.143,4,damping
1780604061.0435472,41.837697499999194,42002,0.046387,-0.020508,1.046143,1.671756,3.129771,-0.694656,1.047371,3.61563,3749,6685,2936,3749,0,57.143,5,damping
1780604061.073668,41.86781840000185,42033,0.039307,-0.022217,1.049805,1.366412,2.625954,-0.648855,1.050775,3.030467,3750,6687,2937,3750,0,57.143,6,damping
1780604061.1053474,41.89949769999657,42064,0.050049,-0.051514,1.052734,1.358779,3.251908,-1.099237,1.055182,3.691816,3751,6689,2938,3751,0,57.143,5,damping
1780604061.1358342,41.92998460000672,42095,0.052246,-0.018555,1.051514,1.290076,3.061069,-0.938931,1.052974,3.45196,3754,6693,2939,3754,0,57.143,5,damping
1780604061.1677961,41.96194649999961,42127,0.045898,-0.017822,1.053711,1.610687,3.022901,-0.572519,1.054861,3.472754,3755,6695,2940,3755,0,60.498,6,damping
1780604061.1992006,41.993350899996585,42158,0.037109,-0.025635,1.059326,1.679389,3.083969,-0.931298,1.060286,3.632978,3756,6697,2941,3756,0,60.498,5,damping
1780604061.230419,42.02456920000259,42189,0.049316,-0.013672,1.056641,1.824428,2.908397,-0.770992,1.057879,3.518769,3759,6701,2942,3759,0,60.498,5,damping
1780604061.2615576,42.05570799999987,42221,0.049805,-0.017334,1.056396,1.755725,3.007634,-0.80916,1.057712,3.575356,3761,6705,2944,3761,0,60.498,1,damping
1780604061.292975,42.087125200006994,42252,0.041748,-0.034912,1.054443,1.59542,3.48855,-1.183206,1.055847,4.014389,3763,6709,2946,3763,0,60.498,0,damping
1780604061.3240082,42.11815860000206,42283,0.055664,-0.020264,1.052002,1.061069,3.030534,-0.519084,1.053668,3.252607,3766,6713,2947,3766,0,60.498,6,damping
1780604061.3550358,42.14918619999662,42314,0.046143,-0.039307,1.054932,1.351145,3.099237,-0.633588,1.056672,3.43981,3768,6717,2949,3768,0,60.498,5,damping
1780604061.3842206,42.17837090000103,42345,0.037109,-0.004395,1.056152,1.633588,2.923664,-0.992366,1.056813,3.493023,3769,6719,2950,3769,0,60.498,6,damping
1780604061.4184306,42.21258099999977,42376,0.050049,-0.038086,1.054932,1.89313,3.167939,-1.244275,1.056805,3.894611,3771,6722,2951,3771,1,60.498,17,damping
1780604061.4498632,42.244013500006986,42408,0.045166,-0.044434,1.054932,1.778626,3.083969,-0.564886,1.056833,3.604646,3775,6727,2952,3775,0,71.174,5,damping
1780604061.4872055,42.28135590000602,42439,0.032471,-0.015625,1.047852,1.923664,2.70229,-1.236641,1.048471,3.540076,3776,6729,2953,3776,0,71.174,6,damping
1780604061.5096834,42.30383380000421,42469,0.054443,-0.020996,1.061279,1.839695,3.167939,-1.08397,1.062882,3.82038,3778,6732,2954,3778,1,71.174,17,damping
1780604061.5411165,42.33526690000144,42500,0.03833,-0.023926,1.056152,1.679389,3.343511,-0.541985,1.057118,3.78063,3780,6735,2955,3780,0,71.174,5,damping
1780604061.5716107,42.365761000008206,42531,0.036377,-0.021973,1.050049,0.580153,2.954198,-0.78626,1.050908,3.111602,3781,6737,2956,3781,0,71.174,5,damping
1780604061.602643,42.39679340001021,42562,0.047119,-0.019287,1.054688,1.900763,2.89313,-1.396947,1.055916,3.732902,3782,6740,2958,3782,1,71.174,18,damping
1780604061.6348004,42.42895080000744,42594,0.037598,-0.023193,1.054199,2.045802,3.091603,-0.839695,1.055124,3.801105,3784,6743,2959,3784,0,71.174,5,damping
1780604061.6648545,42.45900480001001,42625,0.045654,-0.009033,1.059326,1.618321,2.862595,-0.877863,1.060348,3.403536,3786,6747,2961,3786,0,71.174,0,damping
1780604061.6961792,42.49032949999673,42656,0.042725,-0.013428,1.05542,1.870229,3.091603,-1.259542,1.05637,3.826514,3788,6752,2964,3788,1,71.174,14,damping
1780604061.7285013,42.52265159999661,42687,0.035889,-0.021484,1.047119,1.763359,3.022901,-1.19084,1.047954,3.696683,3790,6755,2965,3790,0,53.763,5,damping
1780604061.7557583,42.54990860000544,42718,0.041016,-0.008789,1.053711,1.358779,3.0,-0.839695,1.054546,3.39873,3792,6759,2967,3792,0,53.763,6,damping
1780604061.787049,42.58119949999673,42747,0.047119,-0.045898,1.044922,1.755725,3.015267,-0.343511,1.04699,3.506053,3793,6761,2968,3793,0,53.763,4,damping
1780604061.819408,42.61355840000033,42778,0.038086,-0.022705,1.043945,1.221374,2.480916,-0.580153,1.044886,2.825469,3796,6765,2969,3796,0,53.763,6,damping
1780604061.850032,42.644182500007446,42809,0.034912,-0.013916,1.064453,0.954198,3.038168,-0.80916,1.065116,3.285681,3799,6769,2970,3799,0,53.763,6,damping
1780604061.8812702,42.67542050000338,42840,0.044434,-0.043213,1.060059,1.091603,2.870229,-0.900763,1.061869,3.200185,3801,6773,2972,3801,0,53.763,0,damping
1780604061.9133751,42.70752540000831,42872,0.042236,-0.020508,1.050049,1.801527,3.145038,-0.610687,1.051098,3.675555,3804,6777,2973,3804,0,53.763,5,damping
1780604061.944347,42.73849719999998,42903,0.031982,-0.021729,1.065186,1.694656,3.022901,-0.839695,1.065887,3.565792,3805,6779,2974,3805,0,53.763,6,damping
1780604061.97482,42.76897020000615,42934,0.030518,-0.042969,1.054199,1.984733,2.755725,-1.236641,1.055516,3.614204,3806,6781,2975,3806,0,53.763,5,damping
1780604062.0065217,42.80067209999834,42965,0.041504,-0.017822,1.045654,1.633588,2.78626,-0.610687,1.046629,3.287064,3809,6785,2976,3809,0,68.345,5,damping
1780604062.0359852,42.830135600001086,42996,0.035889,-0.033203,1.053955,1.496183,3.328244,-0.801527,1.055088,3.73607,3811,6789,2978,3811,0,68.345,0,damping
1780604062.0658019,42.85995220000041,43026,0.037354,-0.026611,1.049805,1.435114,3.0,-0.694656,1.050806,3.397367,3813,6793,2980,3813,0,68.345,0,damping
1780604062.0960262,42.89017660000536,43056,0.042236,-0.012939,1.058106,2.19084,3.061069,-1.641221,1.059027,4.106522,3814,6796,2982,3814,1,68.345,18,damping
1780604062.127604,42.9217542999977,43087,0.050049,-0.02832,1.054932,1.732824,3.19084,-1.21374,1.056498,3.828486,3816,6799,2983,3816,0,68.345,6,damping
1780604062.1583583,42.95250880000822,43118,0.03833,-0.015625,1.046387,1.358779,2.923664,-0.70229,1.047205,3.299591,3817,6801,2984,3817,0,68.345,5,damping
1780604062.1898925,42.98404300000402,43149,0.041992,-0.026611,1.052002,2.412214,2.992366,-1.282443,1.053176,4.051875,3818,6804,2986,3818,1,68.345,18,damping
1780604062.2208638,43.01501420000568,43180,0.038818,-0.012939,1.053223,1.435114,3.305344,-0.908397,1.054017,3.716186,3824,6811,2987,3824,0,68.345,0,damping
1780604062.2530074,43.047157799999695,43212,0.032227,-0.005615,1.056885,0.801527,2.961832,-0.633588,1.057391,3.133102,3825,6813,2988,3825,0,68.345,5,damping
1780604062.2833004,43.07745070000237,43243,0.033936,-0.022461,1.059814,1.198473,2.862595,-1.114504,1.060595,3.29741,3827,6818,2991,3827,1,64.748,3,damping
1780604062.313905,43.10805530000653,43274,0.044922,-0.020264,1.048584,1.534351,2.877863,-1.076336,1.049741,3.43436,3829,6821,2992,3829,0,64.748,5,damping
1780604062.345223,43.139373400001205,43305,0.033936,-0.020752,1.051514,1.656489,2.954198,-0.648855,1.052266,3.448515,3830,6823,2993,3830,0,64.748,6,damping
1780604062.3758347,43.16998510000121,43336,0.038086,-0.031982,1.054443,2.183206,2.717557,-0.961832,1.055616,3.616162,3832,6828,2996,3832,1,64.748,14,damping
1780604062.4072006,43.20135090000986,43367,0.055664,-0.01001,1.057373,2.198473,3.389313,-0.877863,1.058884,4.134171,3836,6833,2997,3836,0,64.748,5,damping
1780604062.4387534,43.23290380000253,43398,0.044189,-0.030029,1.061768,1.366412,2.908397,-0.763359,1.063111,3.302813,3838,6837,2999,3838,0,64.748,6,damping
1780604062.4698117,43.263961999997264,43429,0.043701,-0.019043,1.043457,1.549618,2.480916,-0.473282,1.044545,2.96315,3839,6840,3001,3839,1,64.748,18,damping
1780604062.5164998,43.3106501000002,43460,0.028809,-0.032471,1.052734,1.778626,2.717557,-0.824427,1.053629,3.350867,3841,6843,3002,3841,0,64.748,5,damping
1780604062.5316207,43.325771200004965,43491,0.042725,-0.031982,1.05957,1.366412,3.603053,-0.854962,1.060914,3.947156,3842,6845,3003,3842,0,64.748,6,damping
1780604062.5629766,43.35712700001022,43522,0.041504,-0.030273,1.043213,1.832061,2.832061,-0.305344,1.044477,3.386776,3843,6848,3005,3843,1,57.348,18,damping
1780604062.5954592,43.38960960000986,43554,0.04126,-0.028076,1.047119,1.847328,2.816794,-0.854962,1.048308,3.475329,3845,6851,3006,3845,0,57.348,5,damping
1780604062.6236405,43.41779099999985,43585,0.044922,-0.013672,1.0625,2.015267,3.29771,-0.59542,1.063537,3.910335,3846,6853,3007,3846,0,57.348,6,damping
1780604062.6554089,43.44955920000211,43615,0.053955,-0.027344,1.053223,1.80916,2.824427,-1.145038,1.054958,3.54423,3847,6855,3008,3847,0,57.348,5,damping
1780604062.6873894,43.48153970000567,43646,0.039307,-0.020264,1.052246,1.748092,2.877863,-0.641221,1.053175,3.427694,3850,6859,3009,3850,0,57.348,5,damping
1780604062.7192574,43.513407600010396,43678,0.049072,-0.014648,1.060303,1.473282,3.198473,-0.51145,1.061539,3.558423,3851,6861,3010,3851,0,57.348,6,damping
1780604062.7501276,43.54427800000121,43709,0.052734,-0.045898,1.057617,1.374046,3.137405,-0.389313,1.059925,3.447155,3853,6865,3012,3853,0,57.348,1,damping
1780604062.7812235,43.575373800005764,43740,0.051514,-0.015869,1.051758,1.412214,2.870229,-0.625954,1.053138,3.259506,3856,6871,3015,3856,0,57.348,6,damping
1780604062.8112063,43.6053566000046,43771,0.026367,-0.038574,1.050293,1.885496,2.923664,-0.854962,1.051332,3.582439,3857,6873,3016,3857,0,57.348,6,damping
1780604062.8433597,43.637510100001236,43802,0.046631,-0.021484,1.05127,1.618321,3.526718,-1.358779,1.052523,4.111324,3859,6877,3018,3859,0,57.143,5,damping
1780604062.8746822,43.66883249999955,43833,0.062012,-0.027832,1.056152,2.083969,2.946565,-0.473282,1.058337,3.639941,3862,6881,3019,3862,0,57.143,6,damping
1780604062.9059563,43.7001067000092,43865,0.041504,-0.030029,1.061768,1.648855,2.938931,-0.541985,1.063003,3.413178,3864,6885,3021,3864,0,57.143,0,damping
1780604062.9358356,43.729985900004976,43896,0.040527,-0.009033,1.052246,1.534351,3.549618,-1.221374,1.053065,4.05534,3865,6887,3022,3865,0,57.143,6,damping
1780604062.9681523,43.76230260000739,43927,0.045654,-0.016113,1.047607,1.664122,2.923664,-0.748092,1.048726,3.446267,3869,6893,3024,3869,0,57.143,6,damping
1780604062.9983134,43.79246370001056,43958,0.04248,-0.042969,1.055664,1.122137,2.770992,-0.717557,1.057392,3.074488,3870,6895,3025,3870,0,57.143,5,damping
1780604063.0296261,43.823776600009296,43989,0.031982,-0.017578,1.048584,1.862595,3.534351,-1.167939,1.049219,4.162329,3871,6897,3026,3871,0,57.143,6,damping
1780604063.0616665,43.85581690000254,44020,0.05127,-0.029541,1.062012,1.78626,3.145038,-0.694656,1.063659,3.683006,3873,6900,3027,3873,1,57.143,16,damping
1780604063.0926564,43.88680670000031,44052,0.045654,-0.03418,1.053223,1.664122,2.740458,-0.885496,1.054766,3.326186,3875,6903,3028,3875,0,64.0,5,damping
1780604063.1232579,43.91740820000996,44083,0.046631,-0.007568,1.059326,2.221374,3.412214,-0.969466,1.060379,4.1854,3876,6905,3029,3876,0,64.0,6,damping
1780604063.1525877,43.94673789999797,44113,0.054443,-0.016602,1.063232,2.19084,3.59542,-1.19084,1.064755,4.37549,3879,6910,3031,3879,1,64.0,14,damping
1780604063.1841712,43.97832160000689,44143,0.040283,-0.020508,1.050781,1.374046,3.030534,-1.10687,1.051753,3.506751,3881,6913,3032,3881,0,64.0,5,damping
1780604063.2136588,44.007809100003215,44174,0.04541,-0.008301,1.056641,1.122137,2.824427,-0.931298,1.057649,3.178663,3882,6915,3033,3882,0,64.0,5,damping
1780604063.2466283,44.04077859999961,44205,0.045654,-0.016602,1.059326,1.557252,3.183206,-1.274809,1.06044,3.766029,3883,6918,3035,3883,1,64.0,18,damping
1780604063.2762043,44.07035480000195,44236,0.050537,-0.014404,1.059326,1.70229,3.045802,-1.099237,1.060629,3.658281,3886,6923,3037,3886,0,64.0,0,damping
1780604063.3079832,44.10213349999685,44267,0.045166,-0.024902,1.054932,1.519084,2.687023,-0.78626,1.056192,3.185265,3887,6925,3038,3887,0,64.0,5,damping
1780604063.3388438,44.13299420000112,44298,0.028809,-0.028076,1.046875,2.496183,2.748092,-1.10687,1.047648,3.874029,3888,6928,3040,3888,1,64.0,18,damping
1780604063.369108,44.16325820000202,44329,0.033936,-0.025391,1.053955,2.21374,2.465649,-0.938931,1.054807,3.444076,3891,6933,3042,3891,0,57.762,6,damping
1780604063.401298,44.195448500002385,44360,0.049072,-0.015381,1.061523,1.221374,3.099237,-1.022901,1.062768,3.484731,3892,6935,3043,3892,0,57.762,5,damping
1780604063.4336042,44.22775450001063,44391,0.033936,-0.025146,1.039795,1.160305,2.557252,-0.381679,1.040652,2.833995,3893,6938,3045,3893,1,57.762,18,damping
1780604063.4702814,44.26443180000933,44422,0.032959,-0.025391,1.056152,0.885496,2.870229,-0.664122,1.056971,3.07626,3897,6943,3046,3897,0,57.762,5,damping
1780604063.4935393,44.28768960000889,44452,0.033447,-0.023438,1.057617,1.587786,2.603053,-0.80916,1.058405,3.15463,3898,6945,3047,3898,0,57.762,5,damping
1780604063.5241258,44.31827620000695,44483,0.043457,-0.012695,1.058594,2.068702,2.977099,-1.251908,1.059561,3.835352,3899,6949,3050,3899,0,57.762,4,damping
1780604063.556131,44.350281300008646,44514,0.043213,-0.015869,1.044678,2.328244,2.877863,-0.442748,1.045692,3.728115,3902,6953,3051,3902,0,57.762,6,damping
1780604063.5852506,44.379400999998325,44545,0.031982,-0.04248,1.053467,1.732824,2.748092,-0.526718,1.054808,3.291218,3903,6955,3052,3903,0,57.762,6,damping
1780604063.6162384,44.410388600008446,44576,0.043457,-0.01416,1.055664,2.129771,3.122137,-0.908397,1.056653,3.88701,3904,6957,3053,3904,0,57.762,5,damping
1780604063.6477013,44.44185170000128,44607,0.042725,-0.032227,1.053711,2.015267,3.21374,-0.603053,1.055069,3.840977,3906,6960,3054,3906,0,53.957,16,damping
1780604063.6794863,44.473636599999736,44639,0.038086,-0.021973,1.054199,1.29771,3.175573,-0.832061,1.055116,3.529963,3908,6963,3055,3908,0,53.957,6,damping
1780604063.710582,44.504732300003525,44670,0.033691,-0.020508,1.05835,1.366412,3.290076,-1.129771,1.059084,3.737388,3909,6965,3056,3909,0,53.957,5,damping
1780604063.7414932,44.53564349999942,44701,0.058594,-0.030273,1.064209,1.709924,3.053435,-0.328244,1.066251,3.514975,3911,6968,3057,3911,1,53.957,16,damping
1780604063.7734246,44.56757500000822,44732,0.046631,-0.031006,1.054688,1.358779,3.145038,-0.877863,1.056173,3.536692,3913,6971,3058,3913,0,53.957,6,damping
1780604063.8048718,44.5990221999964,44763,0.053955,-0.028076,1.053955,2.267176,2.89313,-1.251908,1.055709,3.882984,3914,6973,3059,3914,0,53.957,5,damping
1780604063.8348486,44.62899900000775,44794,0.040527,-0.015137,1.055176,1.961832,3.366412,-1.175572,1.056062,4.069826,3917,6978,3061,3917,1,53.957,15,damping
1780604063.8720288,44.66617920000863,44830,0.046875,-0.011963,1.054443,1.625954,3.274809,-0.824427,1.055552,3.748037,3919,6981,3062,3919,0,53.957,5,damping
1780604063.9034739,44.69762420000916,44862,0.034912,-0.020752,1.053711,1.770992,3.053435,-1.328244,1.054493,3.771487,3921,6986,3065,3921,1,58.824,3,damping
1780604063.9344645,44.72861479999847,44893,0.041504,-0.007813,1.043701,1.419847,3.122137,-1.419847,1.044555,3.712098,3923,6989,3066,3923,0,58.824,6,damping
1780604063.9645667,44.758717100005015,44924,0.046143,-0.027588,1.060303,1.564886,3.114504,-0.664122,1.061665,3.548247,3925,6993,3068,3925,0,58.824,1,damping
1780604063.9957879,44.789938300003996,44955,0.029297,-0.03125,1.044434,1.732824,2.48855,-0.709924,1.045312,3.11441,3927,6998,3071,3927,1,58.824,15,damping
1780604064.0269825,44.82113290000416,44986,0.039551,-0.015137,1.050537,1.778626,2.80916,-0.847328,1.05139,3.43116,3929,7001,3072,3929,0,58.824,6,damping
1780604064.058031,44.85218149999855,45017,0.039062,-0.027832,1.06665,1.366412,3.076336,-0.679389,1.067728,3.43402,3931,7005,3074,3931,0,58.824,5,damping
1780604064.08913,44.88328029999684,45048,0.039307,-0.023682,1.042236,1.931298,2.48855,-0.587786,1.043246,3.204416,3932,7008,3076,3932,1,58.824,18,damping
1780604064.1193464,44.91349679999985,45079,0.033203,-0.014648,1.04248,1.244275,2.89313,-0.862595,1.043112,3.265347,3934,7011,3077,3934,0,58.824,6,damping
1780604064.150357,44.94450730000972,45110,0.046143,-0.010742,1.067871,1.503817,3.038168,-0.549618,1.068921,3.434241,3937,7015,3078,3937,0,58.824,6,damping
1780604064.182422,44.97657230000186,45141,0.042969,-0.041016,1.0354,1.717557,3.167939,-0.381679,1.037103,3.623744,3939,7019,3080,3939,0,64.516,0,damping
1780604064.2150352,45.009185600007186,45172,0.046631,-0.018799,1.043945,1.717557,2.679389,-0.572519,1.045155,3.233714,3942,7023,3081,3942,0,64.516,5,damping
1780604064.2438421,45.037992500001565,45203,0.035645,-0.023193,1.053467,1.435114,3.045802,-0.633588,1.054325,3.426061,3943,7025,3082,3943,0,64.516,6,damping
1780604064.275302,45.06945219999761,45234,0.046143,-0.024414,1.056152,1.671756,3.221374,-0.89313,1.057442,3.737606,3944,7027,3083,3944,0,64.516,5,damping
1780604064.306203,45.100353200003156,45265,0.051758,-0.022949,1.047119,2.305344,3.122137,-0.755725,1.048649,3.953918,3947,7031,3084,3947,0,64.516,5,damping
1780604064.3374805,45.13163099999656,45296,0.034912,-0.032227,1.05249,1.656489,2.908397,-0.572519,1.053562,3.39566,3948,7033,3085,3948,0,64.516,6,damping
1780604064.3666956,45.160845899998094,45327,0.054443,-0.009521,1.055908,1.389313,3.19084,-1.145038,1.057354,3.663709,3950,7037,3087,3950,0,64.516,0,damping
1780604064.3976214,45.1917717000033,45358,0.047363,-0.030762,1.058594,2.221374,3.10687,-0.465649,1.060099,3.847593,3952,7040,3088,3952,1,64.516,17,damping
1780604064.4298925,45.2240429000085,45389,0.036865,-0.044189,1.049316,1.305344,3.10687,-0.496183,1.050893,3.406283,3954,7043,3089,3954,0,64.516,5,damping
1780604064.4612365,45.255386800010456,45420,0.04541,-0.014404,1.063477,1.610687,3.007634,-1.206107,1.064543,3.618683,3955,7045,3090,3955,0,57.348,5,damping
1780604064.4923718,45.2865221999964,45451,0.043701,-0.031738,1.054932,2.099237,3.145038,-0.664122,1.056313,3.839156,3957,7048,3091,3957,1,57.348,16,damping
1780604064.5222957,45.316445999997086,45482,0.045166,-0.002686,1.058838,1.717557,2.916031,-0.824427,1.059804,3.483234,3962,7055,3093,3962,0,57.348,1,damping
1780604064.5507503,45.344900700001745,45512,0.03125,-0.009766,1.056885,1.473282,2.740458,-0.885496,1.057392,3.23493,3963,7057,3094,3963,0,57.348,6,damping
1780604064.5823305,45.376480699997046,45542,0.043213,-0.02124,1.051758,1.839695,2.923664,-1.244275,1.052859,3.671581,3965,7062,3097,3965,1,57.348,3,damping
1780604064.6130967,45.40724710001086,45573,0.033447,-0.006836,1.046387,1.862595,2.534351,-1.335878,1.046943,3.417128,3967,7065,3098,3967,0,57.348,5,damping
1780604064.6448228,45.438973299998906,45604,0.044922,-0.025391,1.057129,1.145038,2.580153,-0.763359,1.058388,2.924212,3968,7067,3099,3968,0,57.348,6,damping
1780604064.675804,45.469954200001666,45635,0.042969,-0.024902,1.043945,1.59542,2.824427,-0.740458,1.045126,3.327316,3970,7072,3102,3970,1,57.348,14,damping
1780604064.7059836,45.50013400000171,45666,0.026367,-0.018311,1.045898,1.709924,2.40458,-0.656489,1.046391,3.022718,3972,7075,3103,3972,0,57.348,6,damping
1780604064.7380185,45.532168799996725,45697,0.04126,-0.031006,1.061523,1.625954,3.038168,-0.961832,1.062777,3.577613,3974,7079,3105,3974,0,68.592,5,damping
1780604064.7687628,45.562913200003095,45728,0.046631,-0.023682,1.04541,2.114504,2.580153,-0.412214,1.046718,3.361285,3975,7082,3107,3975,1,68.592,18,damping
1780604064.799443,45.593593300000066,45759,0.038818,-0.022705,1.05127,1.793893,2.717557,-0.480916,1.052231,3.291572,3977,7085,3108,3977,0,68.592,6,damping
1780604064.8299038,45.62405410000065,45790,0.052734,-0.007813,1.058106,1.694656,3.045802,-0.80916,1.059448,3.578199,3978,7087,3109,3978,0,68.592,5,damping
1780604064.8622828,45.65643299999647,45821,0.045898,-0.034424,1.049805,1.358779,2.984733,-0.427481,1.051371,3.307212,3979,7089,3110,3979,0,68.592,5,damping
1780604064.8934495,45.68759980000323,45852,0.033203,-0.017578,1.049072,1.320611,2.854962,-0.305344,1.049745,3.160388,3982,7093,3111,3982,0,68.592,6,damping
1780604064.923029,45.71717920000083,45884,0.031982,-0.004883,1.058106,1.412214,3.129771,-0.969466,1.0586,3.567867,3983,7095,3112,3983,0,68.592,5,damping
1780604064.9549491,45.74909940001089,45914,0.046387,-0.020264,1.066406,2.015267,3.801527,-0.946565,1.067607,4.405552,3984,7097,3113,3984,0,68.592,6,damping
1780604064.9859238,45.7800741000101,45945,0.046631,-0.023682,1.058106,1.534351,3.251908,-0.480916,1.059397,3.62773,3987,7101,3114,3987,0,68.592,6,damping
1780604065.0180779,45.812228299997514,45977,0.036133,-0.01416,1.057129,1.519084,3.480916,-0.412214,1.057841,3.82025,3988,7103,3115,3988,0,50.0,6,damping
1780604065.048574,45.842724400004954,46008,0.048096,-0.040039,1.060547,1.610687,3.236641,-0.625954,1.062392,3.669057,3990,7107,3117,3990,0,50.0,0,damping
1780604065.080473,45.87462329999835,46039,0.055176,-0.016846,1.056152,2.137405,3.389313,-0.526718,1.057727,4.041456,3993,7111,3118,3993,0,50.0,5,damping
1780604065.1106288,45.90477920000558,46070,0.041748,-0.039307,1.064209,1.625954,3.007634,-0.778626,1.065753,3.506543,3994,7113,3119,3994,0,50.0,6,damping
1780604065.1417267,45.935877000010805,46101,0.048828,-0.015625,1.062744,1.549618,3.389313,-0.961832,1.06398,3.84888,3996,7117,3121,3996,0,50.0,5,damping
1780604065.1730976,45.967247900000075,46132,0.05249,-0.028809,1.056152,1.274809,3.465649,-0.610687,1.057848,3.742833,3998,7120,3122,3998,1,50.0,17,damping
1780604065.2037032,45.99785339999653,46163,0.043457,-0.026367,1.055908,0.908397,3.244275,-0.755725,1.057131,3.45277,4001,7125,3124,4001,0,50.0,0,damping
1780604065.2352872,46.0294375000085,46194,0.046875,-0.034424,1.054443,1.618321,2.885496,-0.877863,1.056046,3.422819,4003,7129,3126,4003,0,50.0,1,damping
1780604065.2655246,46.05967499999679,46225,0.040283,-0.018311,1.056885,1.961832,3.358779,-0.801527,1.057811,3.971476,4007,7136,3129,4007,1,50.0,3,damping
1780604065.2968297,46.09098000000813,46256,0.042969,-0.006836,1.052246,2.251908,2.618321,-1.015267,1.053145,3.599648,4009,7139,3130,4009,0,75.269,6,damping
1780604065.327781,46.12193130000378,46287,0.040039,-0.033203,1.046631,1.793893,2.877863,-1.030534,1.047922,3.544312,4010,7141,3131,4010,0,75.269,5,damping
1780604065.358423,46.15257340000244,46318,0.04126,-0.013916,1.053955,1.862595,2.938931,-1.198473,1.054854,3.68007,4011,7144,3133,4011,1,75.269,18,damping
1780604065.3898435,46.18399380000483,46349,0.04248,-0.02124,1.055664,1.587786,2.938931,-1.015267,1.056732,3.491296,4017,7151,3134,4017,0,75.269,1,damping
1780604065.42179,46.215940200010664,46381,0.036621,-0.028564,1.054932,1.801527,2.503817,-1.19084,1.055954,3.306463,4019,7155,3136,4019,0,75.269,0,damping
1780604065.453507,46.247657400002936,46412,0.048584,-0.017578,1.060303,2.145038,2.687023,-1.312977,1.061561,3.680379,4020,7158,3138,4020,1,75.269,17,damping
1780604065.4849565,46.27910680000787,46443,0.032471,-0.022705,1.05249,2.19084,2.580153,-0.900763,1.053236,3.502619,4024,7163,3139,4024,0,75.269,1,damping
1780604065.5163996,46.31055000000924,46475,0.033691,-0.029541,1.03418,1.832061,2.977099,-1.099237,1.03515,3.664408,4026,7167,3141,4026,0,75.269,1,damping
1780604065.5480294,46.3421798000054,46506,0.045166,-0.016846,1.053467,1.832061,3.358779,-1.251908,1.054569,4.025558,4029,7172,3143,4029,1,80.0,14,damping
1780604065.5782359,46.37238620000426,46537,0.033936,-0.018311,1.046387,1.427481,2.946565,-1.091603,1.047097,3.45131,4035,7179,3144,4035,0,80.0,0,damping
1780604065.6089048,46.40305520000402,46568,0.026611,-0.022949,1.051514,0.977099,3.045802,-0.78626,1.052101,3.293909,4036,7181,3145,4036,0,80.0,6,damping
1780604065.6386085,46.43275890000223,46599,0.051514,-0.015869,1.052002,2.068702,2.839695,-1.541985,1.053382,3.83681,4038,7186,3148,4038,1,80.0,14,damping
1780604065.6706605,46.46481089999725,46629,0.042969,-0.021973,1.044434,1.40458,2.374046,-1.10687,1.045548,2.972222,4042,7193,3151,4042,0,80.0,0,damping
1780604065.7013152,46.495465600004536,46660,0.042725,-0.018799,1.05127,1.572519,2.755725,-1.007634,1.052305,3.328988,4043,7195,3152,4043,0,80.0,6,damping
1780604065.732029,46.52617940001073,46691,0.037354,-0.022461,1.046387,1.763359,2.641221,-0.19084,1.047294,3.181494,4044,7198,3154,4044,1,80.0,18,damping
1780604065.7624784,46.5566286000103,46722,0.041748,-0.027344,1.052734,1.977099,2.954198,-0.778626,1.053917,3.63902,4048,7203,3155,4048,0,80.0,5,damping
1780604065.7933605,46.587510800003656,46753,0.040039,-0.012939,1.058106,0.732824,3.335878,-0.687023,1.058942,3.483836,4049,7205,3156,4049,0,80.0,6,damping
1780604065.8257484,46.6198987000098,46784,0.042969,-0.043213,1.049561,1.099237,2.847328,-0.251908,1.051328,3.062524,4050,7209,3159,4050,0,75.54,3,damping
1780604065.855342,46.64949219999835,46815,0.033691,-0.024658,1.048584,1.358779,2.816794,-0.70229,1.049415,3.20528,4053,7213,3160,4053,0,75.54,5,damping
1780604065.8858888,46.6800390999997,46846,0.045166,-0.005859,1.063965,1.473282,2.778626,-0.328244,1.064939,3.16213,4054,7215,3161,4054,0,75.54,6,damping
1780604065.9169917,46.71114210000087,46876,0.057373,-0.020264,1.058838,2.267176,3.396947,-0.900763,1.060585,4.18219,4055,7217,3162,4055,0,75.54,5,damping
1780604065.9480298,46.7421800000011,46907,0.048584,-0.032715,1.052246,2.221374,3.580153,-0.709924,1.053875,4.272702,4057,7220,3163,4057,1,75.54,15,damping
1780604065.9792755,46.77342569999746,46938,0.040039,-0.02124,1.052002,1.320611,2.839695,-0.679389,1.052978,3.204598,4059,7223,3164,4059,0,75.54,6,damping
1780604066.0096908,46.80384110000159,46969,0.032959,-0.010986,1.052246,1.221374,3.374046,-0.89313,1.05282,3.697786,4060,7225,3165,4060,0,75.54,5,damping
1780604066.04051,46.83466030001,47000,0.046387,-0.039062,1.054199,1.358779,3.076336,-0.931298,1.055942,3.489618,4062,7228,3166,4062,1,75.54,17,damping
1780604066.0710456,46.86519589999807,47031,0.047607,-0.006836,1.054199,0.732824,2.969466,-0.732824,1.055296,3.145122,4064,7231,3167,4064,0,75.54,5,damping
1780604066.1024563,46.89660659999936,47062,0.033203,-0.036377,1.054443,1.305344,2.755725,-0.648855,1.055593,3.117524,4066,7235,3169,4066,0,57.554,0,damping
1780604066.13402,46.928170500003034,47093,0.04248,-0.016846,1.051758,2.374046,2.954198,-1.496183,1.05275,4.074549,4069,7240,3171,4069,1,57.554,14,damping
1780604066.1648593,46.9590096000029,47124,0.034424,-0.01416,1.048828,2.282443,2.679389,-0.931298,1.049488,3.640877,4072,7245,3173,4072,0,57.554,1,damping
1780604066.1950724,46.98922270000912,47155,0.033447,-0.022949,1.052246,2.038168,2.656489,-1.007634,1.053028,3.496625,4074,7249,3175,4074,0,57.554,0,damping
1780604066.2266533,47.02080379999825,47186,0.04126,-0.014893,1.056641,2.259542,2.763359,-1.625954,1.057551,3.922424,4076,7256,3180,4076,1,57.554,14,damping
1780604066.2585733,47.052723600005265,47217,0.050293,-0.012207,1.053223,1.335878,3.053435,-1.572519,1.054493,3.685221,4086,7267,3181,4086,0,57.554,0,damping
1780604066.2901459,47.08429630000319,47249,0.032715,-0.034912,1.049072,1.229008,2.854962,-0.580153,1.050163,3.161937,4088,7271,3183,4088,0,57.554,0,damping
1780604066.3206663,47.114816600005724,47280,0.048584,-0.018311,1.048096,1.877863,3.053435,-1.19084,1.049381,3.777292,4090,7276,3186,4090,1,57.554,14,damping
1780604066.352315,47.14646530000027,47311,0.026123,-0.016602,1.054932,1.648855,2.732824,-1.030534,1.055386,3.353961,4097,7285,3188,4097,0,57.554,1,damping
1780604066.3840144,47.178164700002526,47343,0.0271,-0.019043,1.046387,1.641221,2.648855,-1.038168,1.046911,3.284484,4099,7289,3190,4099,0,117.438,0,damping
1780604066.414988,47.20913840000867,47374,0.050293,-0.019287,1.051025,1.946565,3.122137,-1.381679,1.052405,3.930126,4100,7292,3192,4100,1,117.438,18,damping
1780604066.4462945,47.24044480000157,47405,0.037109,-0.023193,1.05127,1.80916,2.78626,-0.900763,1.05218,3.442046,4104,7297,3193,4104,0,117.438,1,damping
1780604066.4780407,47.27219099999638,47437,0.042236,-0.028809,1.04541,1.572519,2.977099,-0.824427,1.04666,3.466355,4106,7301,3195,4106,0,117.438,0,damping
1780604066.508845,47.302995500009274,47468,0.044189,-0.012207,1.052002,1.725191,3.419847,-1.183206,1.053,4.008942,4108,7306,3198,4108,1,117.438,15,damping
1780604066.5399296,47.33407989999978,47499,0.043457,-0.019531,1.054688,1.381679,3.038168,-1.045802,1.055763,3.4976,4115,7314,3199,4115,0,117.438,0,damping
1780604066.5716314,47.365781700005755,47531,0.041748,-0.023926,1.05127,1.458015,2.427481,-1.045802,1.05237,3.018638,4117,7318,3201,4117,0,117.438,0,damping
1780604066.6033165,47.397466900001746,47562,0.049805,-0.015625,1.05542,2.030534,2.877863,-1.290076,1.05671,3.750928,4119,7323,3204,4119,1,117.438,14,damping
1780604066.6345234,47.428673800008255,47594,0.051514,-0.001953,1.051514,1.435114,3.412214,-1.015267,1.052776,3.838427,4124,7330,3206,4124,0,99.602,0,damping
1780604066.66581,47.45996049999667,47625,0.034668,-0.027588,1.047852,2.045802,3.0,-1.015267,1.048788,3.770421,4126,7334,3208,4126,0,99.602,1,damping
1780604066.6967995,47.490949900005944,47656,0.051025,-0.016846,1.05542,2.076336,2.847328,-1.229008,1.056787,3.732145,4127,7337,3210,4127,1,99.602,17,damping
1780604066.7282314,47.52238190000935,47687,0.038574,-0.015381,1.053467,1.625954,2.961832,-0.801527,1.054285,3.472552,4133,7344,3211,4133,0,99.602,0,damping
1780604066.7593017,47.55345190000662,47718,0.035156,-0.019043,1.056152,1.229008,2.755725,-0.946565,1.056909,3.162351,4137,7350,3213,4137,0,99.602,0,damping
1780604066.7906313,47.584781600002316,47750,0.037109,-0.014648,1.050537,1.900763,3.29771,-1.145038,1.051294,3.974784,4139,7355,3216,4139,1,99.602,14,damping
1780604066.8221226,47.61627300000691,47781,0.042236,-0.022461,1.05127,1.450382,2.908397,-1.137405,1.052357,3.443264,4144,7362,3218,4144,0,99.602,0,damping
1780604066.8514416,47.6455919,47812,0.039551,-0.008789,1.05127,0.862595,2.755725,-1.015267,1.05205,3.060859,4146,7366,3220,4146,0,99.602,0,damping
1780604066.8822737,47.67642400000477,47842,0.043945,-0.028076,1.059082,2.320611,2.900763,-1.122137,1.060365,3.880574,4149,7373,3224,4149,1,99.602,3,damping
1780604066.914646,47.70879620000778,47873,0.034424,-0.012939,1.051025,2.236641,2.519084,-1.129771,1.051668,3.55313,4154,7380,3226,4154,0,107.527,0,damping
1780604066.9448006,47.738950900005875,47904,0.045166,-0.036621,1.060303,1.656489,3.274809,-0.732824,1.061896,3.742374,4155,7382,3227,4155,0,107.527,6,damping
1780604066.9765253,47.77067569999781,47935,0.044678,-0.023193,1.042725,1.496183,2.526718,-0.305344,1.043939,2.952304,4157,7387,3230,4157,1,107.527,14,damping
1780604067.0085022,47.80265260000306,47967,0.030273,-0.017578,1.046387,1.282443,3.045802,-0.977099,1.046972,3.4462,4162,7394,3232,4162,0,107.527,1,damping
1780604067.0398996,47.834050000004936,47999,0.049072,-0.005371,1.056396,1.503817,3.114504,-0.763359,1.057549,3.541796,4165,7398,3233,4165,0,107.527,6,damping
1780604067.071231,47.86538129999826,48030,0.027588,-0.025635,1.049072,2.091603,2.832061,-0.900763,1.049748,3.634109,4167,7403,3236,4167,1,107.527,14,damping
1780604067.102524,47.89667430000554,48061,0.040527,-0.017578,1.061035,1.679389,2.496183,-1.206107,1.061954,3.241292,4170,7408,3238,4170,0,107.527,0,damping
1780604067.1341069,47.928257200008375,48093,0.042969,-0.016846,1.05127,1.816794,2.969466,-1.015267,1.052282,3.626187,4172,7412,3240,4172,0,107.527,0,damping
1780604067.1647773,47.958927700005006,48124,0.039551,-0.030518,1.050049,2.442748,3.229008,-1.396947,1.051236,4.283102,4173,7415,3242,4173,1,75.697,19,damping
1780604067.1978707,47.992021199999726,48156,0.034668,-0.016602,1.046387,2.038168,2.900763,-0.89313,1.047092,3.655986,4176,7420,3244,4176,0,75.697,0,damping
1780604067.2298717,48.024021999997785,48188,0.04126,-0.015137,1.055664,1.114504,2.717557,-0.603053,1.056578,2.998484,4178,7424,3246,4178,0,75.697,0,damping
1780604067.2603083,48.054458700004034,48219,0.042969,-0.0271,1.054443,1.541985,2.961832,-1.572519,1.055666,3.690932,4179,7427,3248,4179,1,75.697,18,damping
1780604067.2900836,48.08423410000978,48250,0.04834,-0.006592,1.053223,1.717557,2.816794,-1.068702,1.054352,3.467918,4182,7432,3250,4182,0,75.697,5,damping
1780604067.3215117,48.11566209999728,48280,0.04248,-0.033203,1.056885,1.022901,2.801527,-0.725191,1.058259,3.069329,4184,7436,3252,4184,0,75.697,0,damping
1780604067.352312,48.146462500008056,48311,0.050781,-0.022217,1.053467,1.671756,2.946565,-0.725191,1.054924,3.464522,4185,7439,3254,4185,1,75.697,18,damping
1780604067.3846433,48.1787936000037,48343,0.034668,-0.022461,1.05127,1.832061,2.740458,-0.862595,1.052081,3.407437,4189,7444,3255,4189,0,75.697,6,damping
1780604067.4156933,48.20984360000875,48374,0.047607,-0.017822,1.057373,1.312977,3.419847,-0.854962,1.058594,3.761678,4191,7448,3257,4191,0,72.0,1,damping
1780604067.4456005,48.239750799999456,48405,0.039795,-0.023438,1.054199,1.335878,3.48855,-0.389313,1.05521,3.755811,4192,7453,3261,4192,1,72.0,18,damping
1780604067.4769213,48.2710717000009,48436,0.029541,-0.025146,1.054199,1.396947,2.816794,-0.870229,1.054913,3.262374,4196,7458,3262,4196,0,72.0,6,damping
1780604067.507733,48.30188349999662,48467,0.045898,-0.00708,1.065186,1.21374,3.427481,-0.320611,1.066197,3.650148,4197,7460,3263,4197,0,72.0,6,damping
1780604067.539489,48.33363950000785,48498,0.05542,-0.054688,1.04834,1.625954,3.519084,-0.51145,1.051227,3.910148,4198,7462,3264,4198,0,72.0,5,damping
1780604067.5700412,48.36419150000438,48529,0.04126,-0.023438,1.056885,1.618321,3.022901,-0.351145,1.057949,3.446766,4201,7466,3265,4201,0,72.0,6,damping
1780604067.600366,48.3945165000041,48560,0.049561,-0.017578,1.053223,1.679389,2.969466,-0.549618,1.054535,3.455453,4205,7472,3267,4205,0,72.0,1,damping
1780604067.6314077,48.4255581000034,48591,0.037842,-0.029785,1.049316,2.21374,3.030534,-1.175572,1.050421,3.93278,4206,7474,3268,4206,0,72.0,6,damping
1780604067.6631265,48.457276800007094,48622,0.05249,-0.027344,1.044434,1.862595,3.381679,-0.396947,1.046109,3.881054,4209,7478,3269,4209,0,72.0,6,damping
1780604067.6945095,48.48865980000119,48653,0.040283,-0.031006,1.047852,1.343511,2.770992,-1.053435,1.049084,3.254712,4211,7482,3271,4211,0,71.685,6,damping
1780604067.7246885,48.51883880000969,48684,0.047363,-0.004395,1.059814,1.473282,2.923664,-1.038168,1.060881,3.434554,4213,7486,3273,4213,0,71.685,0,damping
1780604067.756704,48.55085450000479,48714,0.039307,-0.017578,1.057129,1.534351,3.061069,-1.129771,1.058005,3.605656,4215,7489,3274,4215,1,71.685,17,damping
1780604067.7870488,48.581199200008996,48746,0.053467,-0.010498,1.052002,1.534351,2.847328,-0.78626,1.053412,3.328621,4219,7494,3275,4219,0,71.685,6,damping
1780604067.81851,48.612660400001914,48777,0.0354,-0.037354,1.050781,1.870229,2.908397,-0.854962,1.052041,3.56195,4221,7498,3277,4221,0,71.685,0,damping
1780604067.8494782,48.64362850000907,48808,0.0271,-0.015869,1.05249,2.458015,2.870229,-1.045802,1.052959,3.920938,4225,7503,3278,4225,1,71.685,17,damping
1780604067.881771,48.67592140000488,48840,0.04541,-0.016113,1.052002,1.603053,2.78626,-1.045802,1.053105,3.380344,4227,7506,3279,4227,0,71.685,5,damping
1780604067.9122882,48.7064384999976,48871,0.038574,-0.030273,1.052734,1.610687,3.083969,-1.068702,1.053876,3.639685,4228,7508,3280,4228,0,71.685,6,damping
1780604067.943698,48.73784830000659,48902,0.041504,-0.0271,1.060059,1.664122,3.198473,-1.335878,1.061217,3.84501,4230,7511,3281,4230,1,71.685,17,damping
1780604067.9753532,48.7695037000085,48934,0.044922,-0.034912,1.056885,0.969466,2.480916,-0.740458,1.058415,2.764613,4232,7514,3282,4232,0,74.733,5,damping
1780604068.0067918,48.80094210000243,48965,0.046631,-0.0271,1.055176,1.335878,2.839695,-0.977099,1.056553,3.286816,4233,7516,3283,4233,0,74.733,6,damping
1780604068.0363023,48.83045259999926,48996,0.036621,-0.012451,1.056396,1.664122,3.290076,-1.29771,1.057104,3.908703,4235,7519,3284,4235,1,74.733,17,damping
1780604068.0681717,48.86232220000238,49027,0.036133,-0.019775,1.055908,1.877863,2.946565,-1.21374,1.056711,3.698889,4238,7524,3286,4238,0,74.733,1,damping
1780604068.0988836,48.8930340000079,49058,0.040039,-0.012939,1.055664,1.564886,2.549618,-1.045802,1.056502,3.169088,4239,7526,3287,4239,0,74.733,6,damping
1780604068.1314092,48.92555949999951,49089,0.050537,-0.015137,1.049805,1.977099,2.946565,-1.022901,1.051129,3.692898,4240,7529,3289,4240,1,74.733,18,damping
1780604068.161834,48.95598440000322,49121,0.040527,-0.009766,1.051514,1.862595,2.931298,-0.748092,1.05234,3.552662,4245,7536,3291,4245,0,74.733,0,damping
1780604068.1927023,48.98685260000639,49152,0.036865,-0.030029,1.05542,1.343511,2.59542,-1.229008,1.05649,3.17044,4246,7538,3292,4246,0,74.733,6,damping
1780604068.2239447,49.018095000006724,49183,0.043701,-0.021484,1.051514,1.969466,2.839695,-1.206107,1.052641,3.66024,4248,7543,3295,4248,1,74.733,3,damping
1780604068.2546349,49.04878510000708,49214,0.040771,-0.008301,1.05249,1.51145,3.29771,-1.374046,1.053312,3.879095,4250,7546,3296,4250,0,64.286,5,damping
1780604068.2858546,49.080005000010715,49244,0.043701,-0.019531,1.059082,1.534351,3.015267,-0.954198,1.060163,3.515191,4251,7548,3297,4251,0,64.286,6,damping
1780604068.3165414,49.110691800000495,49275,0.032715,-0.031738,1.046387,1.442748,2.946565,-0.21374,1.047379,3.287773,4253,7553,3300,4253,1,64.286,14,damping
1780604068.34709,49.14124040000024,49306,0.046875,-0.030762,1.05127,1.885496,3.053435,-0.793893,1.052764,3.675436,4255,7556,3301,4255,0,64.286,6,damping
1780604068.377571,49.17172150000988,49337,0.038086,-0.014893,1.057373,1.305344,3.229008,-0.908397,1.058164,3.599388,4257,7560,3303,4257,0,64.286,6,damping
1780604068.4186037,49.21275410000817,49368,0.039307,-0.023438,1.047119,1.946565,2.946565,-0.389313,1.048119,3.552876,4258,7563,3305,4258,1,64.286,18,damping
1780604068.4408226,49.23497299999872,49400,0.033203,-0.019531,1.051514,1.137405,3.038168,-0.748092,1.052219,3.329234,4260,7566,3306,4260,0,64.286,5,damping
1780604068.4717216,49.26587200000358,49431,0.048828,-0.016113,1.057861,1.244275,3.725191,-0.80916,1.05911,4.009988,4261,7568,3307,4261,0,64.286,6,damping
1780604068.5034356,49.29758589999983,49462,0.046631,-0.039795,1.04834,1.885496,2.900763,-0.29771,1.050131,3.472486,4262,7571,3309,4262,1,64.286,18,damping
1780604068.5357015,49.32985180000833,49494,0.029297,-0.024414,1.051758,1.549618,2.847328,-0.961832,1.052449,3.381378,4264,7574,3310,4264,0,50.0,6,damping
1780604068.565418,49.3595684000029,49525,0.052734,-0.01001,1.059082,1.824428,3.587786,-0.671756,1.060441,4.080686,4267,7578,3311,4267,0,50.0,5,damping
1780604068.5977528,49.391903199997614,49556,0.059082,-0.030029,1.042725,2.122137,2.824427,-0.557252,1.044829,3.576505,4268,7581,3313,4268,1,50.0,18,damping
1780604068.6300263,49.424176800006535,49588,0.042725,-0.031494,1.050537,1.687023,2.877863,-0.854962,1.051877,3.443704,4272,7586,3314,4272,0,50.0,6,damping
1780604068.6605368,49.45468720000645,49619,0.0354,-0.012207,1.050293,1.091603,3.221374,-0.984733,1.05096,3.540981,4273,7588,3315,4273,0,50.0,5,damping
1780604068.6915493,49.48569970000244,49650,0.051758,-0.043945,1.05249,1.709924,2.900763,-0.480916,1.054678,3.401404,4275,7593,3318,4275,1,50.0,15,damping
1780604068.722815,49.51696530000481,49681,0.032471,-0.019775,1.05249,1.824428,2.778626,-0.770992,1.053177,3.41229,4279,7598,3319,4279,0,50.0,6,damping
1780604068.7531364,49.54728680000699,49712,0.044434,-0.004639,1.058106,1.824428,3.21374,-0.618321,1.059048,3.746863,4280,7600,3320,4280,0,50.0,5,damping
1780604068.784435,49.5785853999987,49743,0.052979,-0.041504,1.053223,1.847328,3.099237,-0.625954,1.055371,3.661927,4281,7604,3323,4281,0,50.0,5,damping
1780604068.8162024,49.61035270000866,49774,0.049072,-0.02124,1.050049,1.633588,3.091603,-0.473282,1.051409,3.528543,4284,7608,3324,4284,0,71.429,6,damping
1780604068.8474886,49.64163910000934,49806,0.049561,-0.014404,1.05957,1.366412,3.015267,-0.916031,1.060827,3.434826,4286,7612,3326,4286,0,71.429,0,damping
1780604068.8776135,49.6717639999988,49837,0.042236,-0.044189,1.047852,1.541985,3.160305,-0.656489,1.049633,3.577181,4287,7614,3327,4287,0,71.429,4,damping
1780604068.9099545,49.70410490001086,49868,0.049316,-0.02417,1.050781,1.435114,2.625954,-0.526718,1.052215,3.038523,4291,7620,3329,4291,0,71.429,6,damping
1780604068.9403083,49.73445860001084,49900,0.03833,-0.010254,1.053223,1.870229,2.778626,-0.732824,1.05397,3.428637,4292,7622,3330,4292,0,71.429,5,damping
1780604068.972478,49.766628199999104,49931,0.041748,-0.040527,1.05127,1.641221,3.206107,-0.70229,1.052878,3.669597,4293,7624,3331,4293,0,71.429,5,damping
1780604069.003138,49.797288300003856,49962,0.046631,-0.015625,1.052002,1.80916,2.633588,-0.770992,1.053151,3.286834,4296,7628,3332,4296,0,71.429,6,damping
1780604069.0344427,49.8285928999976,49994,0.044434,-0.008789,1.053223,1.671756,3.152672,-0.908397,1.054196,3.682294,4297,7630,3333,4297,0,71.429,5,damping
1780604069.0656374,49.859787599998526,50025,0.046387,-0.047119,1.049072,1.91603,2.923664,-0.572519,1.051154,3.542141,4298,7632,3334,4298,0,55.777,5,damping
1780604069.0982113,49.89236160001019,50056,0.03418,-0.018799,1.045898,1.541985,2.717557,-0.854962,1.046626,3.239412,4302,7638,3336,4302,0,55.777,6,damping
1780604069.1289358,49.92308610001055,50088,0.046387,-0.01123,1.064941,1.381679,2.885496,-0.763359,1.06601,3.289049,4303,7640,3337,4303,0,55.777,5,damping
1780604069.1610384,49.95518869999796,50119,0.039551,-0.031982,1.047607,1.603053,3.175573,-0.358779,1.048842,3.575299,4305,7644,3339,4305,0,55.777,1,damping
1780604069.191835,49.985985300008906,50150,0.040039,-0.016113,1.050293,1.343511,2.603053,-0.679389,1.051179,3.007072,4308,7648,3340,4308,0,55.777,6,damping
1780604069.222624,50.0167744000064,50182,0.034912,-0.00415,1.058594,1.763359,3.038168,-0.763359,1.059177,3.594804,4310,7652,3342,4310,0,55.777,1,damping
1780604069.2534354,50.04758579999907,50212,0.041992,-0.021729,1.062256,1.763359,3.236641,-1.198473,1.063308,3.875774,4312,7656,3344,4312,0,55.777,0,damping
1780604069.284764,50.0789145000017,50243,0.053467,-0.020508,1.05542,2.007634,3.236641,-0.709924,1.056972,3.87433,4315,7660,3345,4315,0,55.777,5,damping
1780604069.3160198,50.11017010000069,50275,0.043701,-0.017578,1.056152,1.625954,3.038168,-0.89313,1.057202,3.559757,4317,7664,3347,4317,0,76.0,6,damping
1780604069.3473144,50.14146480000636,50306,0.040039,-0.032227,1.054688,1.21374,3.396947,-1.007634,1.055939,3.745362,4318,7666,3348,4318,0,76.0,5,damping
1780604069.3778832,50.17203349999909,50337,0.056641,-0.022705,1.050293,1.236641,3.305344,-0.374046,1.052064,3.548872,4321,7670,3349,4321,0,76.0,5,damping
1780604069.4082305,50.20238080000854,50368,0.03125,-0.019043,1.050293,1.022901,2.801527,-0.480916,1.05093,3.020953,4324,7674,3350,4324,0,76.0,6,damping
1780604069.4391477,50.23329810000723,50399,0.040039,-0.014404,1.05957,1.687023,3.053435,-1.0,1.060424,3.628982,4325,7676,3351,4325,0,76.0,5,damping
1780604069.4755113,50.26966160000302,50435,0.038086,-0.025391,1.060303,1.778626,3.160305,-1.099237,1.06129,3.789375,4328,7680,3352,4328,0,76.0,9,damping
1780604069.5066693,50.30081970000174,50466,0.040039,-0.013184,1.049316,1.748092,2.992366,-0.870229,1.050163,3.573147,4329,7682,3353,4329,0,76.0,5,damping
1780604069.5381508,50.33230110000295,50497,0.038818,-0.033691,1.050781,1.954198,2.923664,-1.343511,1.052038,3.764536,4331,7687,3356,4331,1,76.0,15,damping
1780604069.5693307,50.36348110000836,50528,0.05127,-0.015625,1.053711,1.977099,2.961832,-0.931298,1.055073,3.680854,4333,7690,3357,4333,0,63.241,6,damping
1780604069.6012087,50.39535900000192,50559,0.046875,-0.023438,1.056641,1.435114,3.305344,-0.587786,1.05794,3.651074,4334,7692,3358,4334,0,63.241,5,damping
1780604069.6316838,50.425834200010286,50590,0.041748,-0.029541,1.051758,1.251908,2.671756,-0.564886,1.053,3.004106,4336,7697,3361,4336,1,63.241,14,damping
1780604069.662195,50.45634540000174,50621,0.049072,-0.012207,1.054688,1.641221,3.129771,-1.282443,1.055899,3.759486,4338,7700,3362,4338,0,63.241,6,damping
1780604069.6948028,50.488953100008075,50653,0.042725,-0.024658,1.051514,1.671756,3.083969,-0.977099,1.05267,3.641477,4339,7702,3363,4339,0,63.241,5,damping
1780604069.7259111,50.520061600007466,50684,0.0271,-0.033691,1.048584,2.045802,2.778626,-1.091603,1.049475,3.61907,4340,7707,3367,4340,1,63.241,18,damping
1780604069.7568216,50.55097189999651,50715,0.033447,-0.023682,1.047363,1.961832,2.664122,-1.122137,1.048165,3.49364,4342,7711,3369,4342,1,63.241,3,damping
1780604069.7867677,50.58091810000769,50746,0.04126,-0.025391,1.058106,1.709924,3.160305,-0.748092,1.059214,3.670287,4345,7716,3371,4345,0,63.241,1,damping
1780604069.8188903,50.613040800002636,50777,0.048828,-0.029297,1.041016,1.603053,2.740458,-0.358779,1.042572,3.195092,4346,7719,3373,4346,1,63.241,18,damping
1780604069.8491104,50.64326070000243,50808,0.031006,-0.029297,1.053711,1.274809,2.740458,-0.969466,1.054574,3.174132,4349,7724,3375,4349,0,57.143,6,damping
1780604069.8809419,50.675092300007236,50839,0.038086,-0.01416,1.058106,1.152672,3.328244,-0.381679,1.058885,3.542816,4350,7726,3376,4350,0,57.143,5,damping
1780604069.911912,50.706062199998996,50870,0.042236,-0.041504,1.045166,1.549618,3.236641,-0.618321,1.046842,3.641358,4351,7728,3377,4351,0,57.143,4,damping
1780604069.942541,50.73669119999977,50901,0.036865,-0.014404,1.05542,1.778626,2.725191,-0.793893,1.056162,3.349693,4355,7734,3379,4355,0,57.143,5,damping
1780604069.973873,50.768023299999186,50932,0.033936,-0.023926,1.053711,1.89313,2.916031,-0.946565,1.054529,3.603215,4356,7736,3380,4356,0,57.143,6,damping
1780604070.0044804,50.798630600009346,50963,0.052002,-0.044678,1.050781,1.656489,3.244275,-0.923664,1.053016,3.757982,4357,7740,3383,4357,0,57.143,4,damping
1780604070.036025,50.83017539999855,50995,0.036865,-0.019043,1.049805,1.992366,2.618321,-0.435114,1.050624,3.318802,4360,7744,3384,4360,0,57.143,5,damping
1780604070.0674243,50.861574599999585,51027,0.041016,-0.008057,1.051514,1.374046,3.236641,-0.931298,1.052344,3.637467,4361,7746,3385,4361,0,57.143,6,damping
1780604070.0997412,50.89389150000352,51058,0.044922,-0.043945,1.052978,1.427481,3.175573,-0.541985,1.054852,3.523594,4362,7748,3386,4362,0,52.0,4,damping
1780604070.1308656,50.925015900007566,51089,0.029541,-0.02002,1.050781,1.114504,2.946565,-0.580153,1.051387,3.20327,4365,7752,3387,4365,0,52.0,6,damping
1780604070.161973,50.95612329999858,51120,0.047607,-0.014404,1.05835,1.603053,3.083969,-0.648855,1.059518,3.535769,4367,7756,3389,4367,0,52.0,0,damping
1780604070.1906073,50.98475760000292,51151,0.055908,-0.03833,1.055908,2.091603,3.335878,-1.129771,1.058082,4.09625,4368,7758,3390,4368,0,52.0,5,damping
1780604070.2229187,51.017069200010155,51181,0.054688,-0.037842,1.05835,2.137405,3.374046,-0.564886,1.060437,4.033829,4370,7761,3391,4370,1,52.0,16,damping
1780604070.253627,51.047777400002815,51212,0.037842,-0.010742,1.059082,1.137405,3.160305,-0.427481,1.059812,3.385847,4374,7766,3392,4374,0,52.0,6,damping
1780604070.285591,51.079741299996385,51243,0.033203,-0.012939,1.054688,1.450382,2.984733,-0.954198,1.055289,3.452931,4375,7768,3393,4375,0,52.0,5,damping
1780604070.3142793,51.10842970000522,51274,0.04834,-0.033203,1.062256,1.938931,3.427481,-0.946565,1.063873,4.05007,4378,7773,3395,4378,1,52.0,15,damping
1780604070.3456664,51.13981680000143,51304,0.042969,-0.029785,1.053223,1.603053,3.129771,-0.839695,1.05452,3.615292,4382,7778,3396,4382,0,52.0,6,damping
1780604070.377048,51.17119839999941,51335,0.043945,-0.007324,1.050781,1.129771,2.89313,-0.671756,1.051725,3.17771,4383,7780,3397,4383,0,75.812,5,damping
1780604070.407496,51.20164630000363,51366,0.039795,-0.015625,1.054199,1.725191,3.022901,-1.145038,1.055066,3.664058,4385,7787,3402,4385,1,75.812,14,damping
1780604070.4391952,51.2333454000036,51397,0.042236,-0.012939,1.044922,1.618321,3.198473,-1.51145,1.045855,3.890202,4389,7792,3403,4389,0,75.812,6,damping
1780604070.4695382,51.263688599996385,51428,0.042236,-0.013184,1.056396,1.740458,3.290076,-0.916031,1.057323,3.833133,4390,7794,3404,4390,0,75.812,5,damping
1780604070.5009315,51.2950819000107,51459,0.030762,-0.030273,1.043945,2.282443,3.053435,-0.969466,1.044837,3.933558,4391,7797,3406,4391,1,75.812,18,damping
1780604070.5314102,51.3255605000013,51491,0.043945,-0.010742,1.051514,1.900763,2.587786,-1.29771,1.052486,3.463176,4393,7800,3407,4393,0,75.812,6,damping
1780604070.5641265,51.358276900005876,51522,0.04834,-0.03418,1.066162,1.167939,3.068702,-0.877863,1.067805,3.398773,4394,7802,3408,4394,0,75.812,5,damping
1780604070.594245,51.38839520000329,51553,0.037109,-0.03125,1.043945,1.198473,2.770992,-0.900763,1.045072,3.150573,4395,7805,3410,4395,1,75.812,17,damping
1780604070.6250315,51.41918180001085,51584,0.035889,-0.018311,1.046875,1.183206,2.183206,-1.08397,1.04765,2.709494,4397,7809,3412,4397,1,75.812,3,damping
1780604070.654981,51.44913120000274,51614,0.042969,-0.00293,1.05127,1.839695,3.137405,-0.908397,1.052151,3.748729,4400,7814,3414,4400,0,60.932,0,damping
1780604070.6874774,51.48162780000712,51645,0.055664,-0.043213,1.057617,1.977099,2.977099,-1.022901,1.059962,3.717306,4402,7818,3416,4402,0,60.932,0,damping
1780604070.7187226,51.51287299999967,51676,0.039062,-0.015381,1.052002,1.992366,2.526718,-0.977099,1.052839,3.362819,4407,7824,3417,4407,0,60.932,5,damping
1780604070.7475748,51.54172510000353,51707,0.03418,-0.012207,1.047363,1.480916,3.045802,-0.717557,1.047992,3.461923,4409,7828,3419,4409,0,60.932,0,damping
1780604070.7796628,51.57381319999695,51738,0.050537,-0.037842,1.047852,0.740458,3.229008,-0.709924,1.049752,3.388032,4412,7834,3422,4412,0,60.932,0,damping
1780604070.8098302,51.603980600004434,51769,0.05542,-0.022705,1.052978,1.320611,3.366412,-0.366412,1.05468,3.634694,4416,7840,3424,4416,0,60.932,5,damping
1780604070.8413053,51.63545549999981,51800,0.039062,-0.02832,1.054932,1.343511,3.519084,-0.687023,1.056034,3.828966,4419,7844,3425,4419,0,60.932,6,damping
1780604070.8726428,51.66679309999745,51831,0.046631,-0.018311,1.063232,1.938931,3.320611,-1.335878,1.064412,4.070686,4421,7848,3427,4421,0,60.932,1,damping
1780604070.905449,51.699599300001864,51862,0.054199,-0.030518,1.052246,2.450382,3.198473,-0.59542,1.054083,4.072975,4425,7854,3429,4425,0,60.932,6,damping
1780604070.9361074,51.730257700008224,51894,0.041016,-0.027344,1.048828,1.854962,3.580153,-0.89313,1.049986,4.129898,4430,7862,3432,4430,0,107.143,0,damping
1780604070.9661126,51.760262900003,51925,0.036377,-0.011963,1.060059,1.854962,3.229008,-1.496183,1.06075,4.01322,4432,7866,3434,4432,0,107.143,0,damping
1780604070.998471,51.792621400003554,51956,0.057861,-0.020752,1.056396,1.755725,3.305344,-0.854962,1.058183,3.839118,4435,7870,3435,4435,0,107.143,6,damping
1780604071.0300984,51.82424880001054,51988,0.036621,-0.016602,1.051514,0.977099,2.938931,-0.709924,1.052282,3.177425,4437,7874,3437,4437,0,107.143,0,damping
1780604071.0601103,51.85426079999888,52019,0.046387,-0.022949,1.057129,1.175572,3.40458,-0.954198,1.058395,3.726074,4438,7876,3438,4438,0,107.143,5,damping
1780604071.0916588,51.88580910000019,52050,0.049316,-0.029297,1.055664,1.969466,3.587786,-0.541985,1.057221,4.128529,4441,7880,3439,4441,0,107.143,6,damping
1780604071.12249,51.91664029999811,52081,0.055908,-0.034912,1.047119,1.679389,2.870229,-0.763359,1.049192,3.411932,4444,7884,3440,4444,0,107.143,5,damping
1780604071.154168,51.94831819999672,52112,0.043945,-0.011719,1.057617,2.351145,3.129771,-1.160305,1.058595,4.082849,4446,7888,3442,4446,0,107.143,0,damping
1780604071.1832597,51.977410000006785,52143,0.041992,-0.033447,1.050781,2.221374,3.59542,-0.328244,1.052152,4.23902,4449,7893,3444,4449,1,107.143,15,damping
1780604071.2139645,52.00811490000342,52173,0.044678,-0.02124,1.052002,1.89313,3.10687,-0.709924,1.053164,3.706828,4454,7900,3446,4454,0,86.022,0,damping
1780604071.244455,52.038605499998084,52204,0.047607,-0.022217,1.056885,1.221374,3.274809,-0.954198,1.05819,3.623068,4456,7904,3448,4456,0,86.022,0,damping
1780604071.2762485,52.07039870000153,52235,0.054199,-0.012939,1.060547,1.679389,3.51145,-1.267176,1.06201,4.093454,4457,7907,3450,4457,1,86.022,18,damping
1780604071.3075383,52.10168859999976,52266,0.042236,-0.019287,1.05835,1.694656,3.198473,-0.51145,1.059368,3.655636,4463,7914,3451,4463,0,86.022,0,damping
1780604071.3384418,52.13259210000979,52298,0.032471,-0.037109,1.04248,0.961832,2.870229,-0.625954,1.043646,3.091141,4465,7918,3453,4465,0,86.022,1,damping
1780604071.3698862,52.16403650000575,52329,0.046143,-0.016357,1.047607,2.152672,3.053435,-1.122137,1.048751,3.900853,4467,7923,3456,4467,1,86.022,15,damping
1780604071.4010274,52.195177900008275,52360,0.044922,-0.017822,1.051025,2.022901,2.954198,-1.10687,1.052136,3.74761,4473,7930,3457,4473,0,86.022,1,damping
1780604071.4331093,52.227259599996614,52392,0.039307,-0.022705,1.05542,2.038168,2.755725,-1.038168,1.056396,3.581333,4475,7934,3459,4475,0,86.022,0,damping
1780604071.474098,52.26824830000987,52423,0.041504,-0.009277,1.059082,1.870229,3.534351,-1.244275,1.059936,4.187794,4478,7941,3463,4478,1,96.0,2,damping
1780604071.495408,52.28955850000784,52454,0.044189,-0.021729,1.056641,1.931298,3.259542,-0.541985,1.057787,3.827306,4484,7948,3464,4484,0,96.0,0,damping
1780604071.5261266,52.32027700000617,52485,0.036377,-0.012451,1.060059,0.923664,2.870229,-0.70229,1.060756,3.095898,4485,7950,3465,4485,0,96.0,6,damping
1780604071.5576756,52.351825999998255,52516,0.045654,-0.023682,1.048096,1.687023,2.870229,-1.259542,1.049357,3.559594,4487,7955,3468,4487,1,96.0,14,damping
1780604071.5889316,52.383081899999524,52547,0.046631,-0.021973,1.05127,2.007634,2.740458,-1.236641,1.052533,3.615244,4492,7962,3470,4492,0,96.0,0,damping
1780604071.6188717,52.413022100008675,52578,0.02832,-0.006348,1.050781,1.847328,2.801527,-1.183206,1.051182,3.558251,4495,7968,3473,4495,0,96.0,0,damping
1780604071.6504414,52.444591699997545,52609,0.031006,-0.027832,1.048828,2.687023,2.587786,-1.351145,1.049655,3.96766,4497,7973,3476,4497,1,96.0,14,damping
1780604071.6815155,52.47566579999693,52640,0.035889,-0.019043,1.054688,1.755725,2.694656,-1.099237,1.05547,3.398833,4500,7978,3478,4500,0,96.0,1,damping
1780604071.7121158,52.50626609999745,52671,0.042969,-0.018066,1.056641,1.061069,3.030534,-0.801527,1.057668,3.309448,4502,7982,3480,4502,0,96.0,0,damping
1780604071.744631,52.538781299997936,52702,0.031982,-0.022949,1.050537,1.053435,2.587786,-0.709924,1.051274,2.882769,4504,7987,3483,4504,1,93.19,14,damping
1780604071.7756042,52.56975460000103,52733,0.034912,-0.024658,1.054688,1.244275,2.870229,-1.167939,1.055553,3.339239,4508,7993,3485,4508,1,93.19,3,damping
1780604071.8068876,52.60103790000721,52765,0.050049,-0.03833,1.057129,1.778626,2.687023,-1.10687,1.059007,3.407164,4510,7996,3486,4510,0,93.19,6,damping
1780604071.8380675,52.63221799999883,52796,0.03418,-0.016357,1.057861,1.717557,2.832061,-0.908397,1.05854,3.434496,4512,8001,3489,4512,1,93.19,14,damping
1780604071.868889,52.6630395000102,52827,0.033203,-0.014893,1.049805,1.89313,3.167939,-1.160305,1.050435,3.868603,4516,8007,3491,4516,1,93.19,3,damping
1780604071.901083,52.69523330000811,52859,0.032471,-0.015625,1.04834,1.709924,2.908397,-1.282443,1.048959,3.609331,4519,8012,3493,4519,0,93.19,1,damping
1780604071.932526,52.72667640000873,52890,0.038818,-0.02124,1.04541,1.824428,2.580153,-0.862595,1.046346,3.275636,4521,8017,3496,4521,1,93.19,15,damping
1780604071.9622233,52.7563736000011,52921,0.030029,-0.02002,1.050781,1.175572,2.877863,-1.221374,1.051401,3.340033,4525,8023,3498,4525,0,93.19,3,damping
1780604071.9929028,52.78705300000729,52952,0.037842,-0.029541,1.05249,0.916031,2.923664,-0.977099,1.053584,3.215843,4528,8028,3500,4528,0,96.0,1,damping
1780604072.0258152,52.81996560000698,52984,0.038574,-0.021729,1.044678,1.358779,2.236641,-0.48855,1.045615,2.66224,4530,8041,3511,4530,1,96.0,0,damping
1780604072.056818,52.850968400001875,53015,0.042236,-0.017822,1.059326,1.618321,2.625954,-1.259542,1.060318,3.331823,4534,8046,3512,4534,0,96.0,6,damping
1780604072.087799,52.8819494000054,53046,0.041748,-0.029785,1.05835,1.564886,3.015267,-1.022901,1.059591,3.54782,4536,8050,3514,4536,0,96.0,0,damping
1780604072.1190662,52.91321670000616,53077,0.040283,-0.021729,1.042236,2.030534,2.687023,-0.793893,1.043241,3.460264,4538,8055,3517,4538,1,96.0,14,damping
1780604072.1493106,52.94346090000181,53108,0.036865,-0.021973,1.049072,1.80916,2.740458,-0.946565,1.04995,3.417478,4543,8062,3519,4543,0,96.0,6,damping
1780604072.1802995,52.97444980000728,53139,0.047852,-0.011963,1.06543,1.183206,3.694656,-0.770992,1.066571,3.955362,4547,8068,3521,4547,0,96.0,0,damping
1780604072.2110634,53.00521370000206,53170,0.041016,-0.0271,1.049805,1.664122,2.328244,-0.435114,1.050955,2.89471,4548,8071,3523,4548,1,96.0,18,damping
1780604072.2429695,53.03711990000738,53201,0.037842,-0.015625,1.05127,1.427481,2.587786,-0.946565,1.052066,3.103276,4550,8074,3524,4550,0,96.0,7,damping
1780604072.2742054,53.06835590000264,53233,0.046387,-0.008545,1.053955,1.244275,3.19084,-0.755725,1.05501,3.507249,4554,8080,3526,4554,0,92.527,0,damping
1780604072.3051705,53.09932100000151,53263,0.03833,-0.040039,1.04541,2.038168,3.244275,-0.877863,1.046879,3.93066,4556,8086,3530,4556,0,92.527,1,damping
1780604072.3354077,53.129558200002066,53294,0.044189,-0.017822,1.053467,1.770992,2.664122,-0.427481,1.054544,3.227491,4560,8092,3532,4560,0,92.527,6,damping
1780604072.3663542,53.16050460000406,53325,0.032959,-0.026611,1.054932,1.748092,3.091603,-0.763359,1.055782,3.632706,4562,8096,3534,4562,0,92.527,0,damping
1780604072.3978817,53.192032200007816,53356,0.046387,-0.01416,1.053955,1.832061,3.221374,-1.221374,1.05507,3.901981,4564,8100,3536,4564,0,92.527,0,damping
1780604072.4286373,53.22278760001063,53387,0.057617,-0.020264,1.056641,1.862595,3.145038,-0.328244,1.058404,3.669914,4568,8106,3538,4568,0,92.527,6,damping
1780604072.4604282,53.25457869999809,53418,0.040527,-0.044434,1.055664,1.320611,3.450382,-0.419847,1.057376,3.718255,4572,8112,3540,4572,0,92.527,1,damping
1780604072.4967508,53.29090120000183,53449,0.050293,-0.015625,1.056641,1.847328,3.267176,-1.0,1.057952,3.884206,4573,8114,3541,4573,0,92.527,6,damping
1780604072.5224586,53.316608900000574,53480,0.040283,-0.035645,1.058838,2.305344,3.320611,-0.549618,1.060203,4.079601,4576,8119,3543,4576,1,92.527,14,damping
1780604072.553625,53.34777550000581,53512,0.034424,-0.026611,1.056641,2.122137,3.068702,-0.679389,1.057536,3.792357,4582,8128,3546,4582,0,100.358,1,damping
1780604072.584466,53.37861630000407,53543,0.035645,-0.01001,1.05835,1.931298,2.931298,-1.030534,1.058997,3.658472,4584,8132,3548,4584,0,100.358,0,damping
1780604072.6157804,53.40993080000044,53574,0.050049,-0.041992,1.053711,1.091603,3.473282,-0.687023,1.055734,3.705036,4587,8137,3550,4587,1,100.358,14,damping
1780604072.64621,53.44036030001007,53605,0.047119,-0.015625,1.052246,0.717557,3.29771,-0.778626,1.053416,3.46353,4592,8144,3552,4592,0,100.358,1,damping
1780604072.677437,53.47158740001032,53635,0.037598,-0.020264,1.053955,1.564886,2.328244,-1.091603,1.05482,3.01018,4594,8148,3554,4594,0,100.358,0,damping
1780604072.7078614,53.50201180001022,53666,0.037598,-0.020996,1.051514,2.10687,2.450382,-1.656489,1.052395,3.631422,4597,8155,3558,4597,1,100.358,14,damping
1780604072.7400415,53.53419190000568,53698,0.040283,-0.023926,1.052734,1.900763,2.961832,-1.320611,1.053776,3.758905,4609,8168,3559,4609,0,100.358,1,damping
1780604072.7721577,53.566308000008576,53730,0.032715,-0.033203,1.050293,2.259542,3.068702,-0.679389,1.051327,3.870921,4610,8170,3560,4610,0,100.358,6,damping
1780604072.8025064,53.59665690000111,53761,0.055176,-0.013428,1.051758,1.923664,3.244275,-1.129771,1.05329,3.937281,4613,8175,3562,4613,1,100.358,14,damping
1780604072.8347511,53.628901400006725,53793,0.037598,-0.031738,1.050049,0.916031,2.816794,-0.824427,1.051201,3.074593,4618,8182,3564,4618,0,128.114,1,damping
1780604072.866296,53.660446499998216,53824,0.050781,-0.030273,1.052734,1.664122,3.320611,-0.648855,1.054393,3.770513,4620,8186,3566,4620,0,128.114,0,damping
1780604072.8964152,53.69056560000172,53855,0.042236,-0.021484,1.051758,1.770992,3.389313,-1.167939,1.052825,3.998492,4622,8189,3567,4622,1,128.114,17,damping
1780604072.9283698,53.72252000001026,53887,0.041748,-0.012695,1.057373,1.045802,3.221374,-0.48855,1.058273,3.421934,4627,8196,3569,4627,0,128.114,1,damping
1780604072.960337,53.75448730000062,53918,0.047852,-0.036377,1.055908,1.740458,3.229008,-1.145038,1.057618,3.842759,4629,8200,3571,4629,0,128.114,0,damping
1780604072.989861,53.784011399999144,53949,0.041504,-0.014404,1.055908,1.778626,3.29771,-0.816794,1.056822,3.834782,4632,8205,3573,4632,1,128.114,14,damping
1780604073.021755,53.81590539999888,53980,0.038818,-0.013916,1.050049,1.519084,3.221374,-0.870229,1.050858,3.666356,4636,8210,3574,4636,0,128.114,6,damping
1780604073.0523033,53.846453600010136,54011,0.034912,-0.032227,1.05127,1.557252,2.412214,-0.870229,1.052343,3.000184,4638,8214,3576,4638,0,128.114,0,damping
1780604073.0843112,53.87846150000405,54042,0.056885,-0.018799,1.061523,2.053435,3.274809,-1.145038,1.063213,4.031388,4641,8221,3580,4641,1,128.114,2,damping
1780604073.1152678,53.90941800001019,54073,0.04126,-0.019775,1.054443,1.442748,3.076336,-1.076336,1.055436,3.564248,4647,8228,3581,4647,0,103.571,0,damping
1780604073.1465814,53.94073170000047,54105,0.03125,-0.038086,1.051025,1.305344,2.603053,-1.21374,1.052179,3.154833,4648,8230,3582,4648,0,103.571,6,damping
1780604073.1778495,53.971999800007325,54136,0.060303,-0.022461,1.064453,2.229008,2.89313,-1.160305,1.066396,3.832099,4650,8235,3585,4650,1,103.571,14,damping
1780604073.2105336,54.00468389999878,54167,0.035645,-0.023682,1.057861,2.045802,3.114504,-0.801527,1.058727,3.811546,4656,8242,3586,4656,0,103.571,0,damping
1780604073.2404153,54.03456559999904,54199,0.025635,-0.02417,1.050537,1.435114,2.503817,-0.961832,1.051128,3.042002,4660,8248,3588,4660,0,103.571,0,damping
1780604073.2717807,54.06593100000464,54230,0.05127,-0.019531,1.056396,1.862595,2.725191,-1.358779,1.05782,3.569623,4662,8253,3591,4662,1,103.571,15,damping
1780604073.3026776,54.09682810000959,54261,0.047852,-0.028076,1.046875,1.900763,2.961832,-0.877863,1.048344,3.627119,4666,8258,3592,4666,0,103.571,1,damping
1780604073.3322725,54.12642290000804,54292,0.035156,-0.007324,1.055176,1.503817,2.641221,-0.923664,1.055787,3.176581,4668,8262,3594,4668,0,103.571,0,damping
1780604073.3659792,54.16012950000004,54323,0.040527,-0.025879,1.055908,1.793893,2.870229,-1.167939,1.057003,3.580551,4670,8267,3597,4670,1,92.0,15,damping
1780604073.4010055,54.195155800000066,54354,0.032471,-0.011719,1.044678,1.656489,2.80916,-1.114504,1.045248,3.446368,4675,8274,3599,4675,0,92.0,0,damping
1780604073.4262877,54.220438000003924,54385,0.045654,-0.030518,1.05835,1.78626,2.89313,-0.923664,1.059773,3.523362,4676,8276,3600,4676,0,92.0,5,damping
1780604073.457428,54.251578399998834,54416,0.033447,-0.026367,1.052978,1.908397,3.068702,-0.916031,1.053839,3.728006,4678,8281,3603,4678,1,92.0,14,damping
1780604073.4887114,54.282861700005014,54447,0.03418,-0.020752,1.049805,1.610687,3.030534,-1.045802,1.050566,3.587778,4683,8288,3605,4683,0,92.0,0,damping
1780604073.5194933,54.31364370000665,54478,0.039551,-0.021729,1.062988,1.19084,3.145038,-0.412214,1.063946,3.388109,4685,8292,3607,4685,0,92.0,1,damping
1780604073.5507135,54.344863799997256,54509,0.036377,-0.021729,1.052002,1.648855,2.381679,-0.717557,1.052855,2.984294,4687,8297,3610,4687,1,92.0,15,damping
1780604073.580816,54.37496640000609,54540,0.036621,-0.018799,1.055176,1.70229,2.977099,-0.78626,1.055978,3.518397,4691,8302,3611,4691,0,92.0,6,damping
1780604073.610779,54.40492939999967,54571,0.043213,0.0,1.058594,1.351145,3.0,-0.664122,1.059475,3.356583,4695,8308,3613,4695,0,92.0,0,damping
1780604073.6431053,54.437255700002424,54600,0.047363,-0.017822,1.060547,1.282443,3.320611,-1.015267,1.061754,3.701605,4698,8314,3616,4698,0,101.083,0,damping
1780604073.674006,54.46815630000492,54632,0.06665,-0.033203,1.055664,1.778626,3.19084,-0.763359,1.058287,3.731982,4702,8320,3618,4702,0,101.083,6,damping
1780604073.7050369,54.49918730001082,54663,0.037109,-0.023926,1.057373,1.473282,3.320611,-0.763359,1.058294,3.712106,4704,8324,3620,4704,0,101.083,0,damping
1780604073.7360492,54.53019960000529,54694,0.033203,-0.010498,1.053955,2.175573,3.290076,-0.954198,1.05453,4.058104,4706,8328,3622,4706,0,101.083,0,damping
1780604073.7682147,54.56236510000599,54726,0.046875,-0.023682,1.04541,2.381679,3.427481,-0.412214,1.046728,4.194036,4710,8335,3625,4710,1,101.083,3,damping
1780604073.799202,54.59335219999775,54757,0.048584,-0.036377,1.052734,1.175572,2.80916,-0.732824,1.054482,3.132153,4715,8342,3627,4715,0,101.083,1,damping
1780604073.8297253,54.62387550000858,54788,0.036865,-0.026611,1.056396,1.824428,3.312977,-1.137405,1.057374,3.949436,4716,8344,3628,4716,0,101.083,6,damping
1780604073.8610106,54.65516090000165,54819,0.042969,-0.025146,1.052002,1.770992,3.229008,-0.839695,1.053179,3.7773,4719,8349,3630,4719,1,101.083,14,damping
1780604073.891743,54.685893300003954,54850,0.054688,-0.013672,1.062256,1.992366,2.847328,-1.061069,1.06375,3.633548,4724,8356,3632,4724,0,104.0,0,damping
1780604073.9231129,54.71726320000016,54881,0.025879,-0.033203,1.047119,1.862595,2.687023,-0.885496,1.047965,3.387249,4726,8360,3634,4726,0,104.0,0,damping
1780604073.952415,54.74656530001084,54912,0.04541,-0.009521,1.053223,1.862595,3.198473,-1.08397,1.054244,3.856745,4729,8365,3636,4729,1,104.0,14,damping
1780604073.9852006,54.77935090000392,54943,0.036377,-0.02002,1.04834,1.778626,3.305344,-1.053435,1.049162,3.89853,4732,8370,3638,4732,0,104.0,1,damping
1780604074.0166318,54.810782200001995,54974,0.034668,-0.028564,1.056885,1.541985,2.587786,-1.007634,1.057839,3.176426,4734,8374,3640,4734,0,104.0,0,damping
1780604074.0464318,54.84058210000512,55005,0.055664,-0.017334,1.05835,2.183206,2.580153,-1.328244,1.059954,3.631502,4736,8381,3645,4736,1,104.0,14,damping
1780604074.0792482,54.873398600000655,55037,0.040283,-0.015137,1.052246,1.442748,3.343511,-1.259542,1.053126,3.853185,4747,8394,3647,4747,0,104.0,0,damping
1780604074.1093063,54.903456600004574,55068,0.040527,-0.012939,1.052734,1.068702,2.900763,-0.801527,1.053594,3.193587,4749,8398,3649,4749,0,104.0,0,damping
1780604074.1414247,54.93557500001043,55099,0.046875,-0.015625,1.060303,1.198473,2.526718,-1.419847,1.061453,3.136336,4751,8403,3652,4751,1,104.0,14,damping
1780604074.172872,54.96702240000013,55130,0.040039,-0.01416,1.050537,1.068702,2.732824,-1.274809,1.051395,3.199311,4757,8412,3655,4757,0,117.857,0,damping
1780604074.2042139,54.99836430000141,55162,0.038086,-0.020508,1.051758,1.603053,2.374046,-0.900763,1.052647,3.002874,4759,8416,3657,4759,0,117.857,0,damping
1780604074.2363017,55.030452000006335,55194,0.039307,-0.015381,1.060791,2.053435,2.900763,-1.259542,1.06163,3.770606,4760,8419,3659,4760,1,117.857,18,damping
1780604074.2673783,55.061528699996416,55225,0.033691,-0.016602,1.050049,1.847328,2.862595,-0.816794,1.05072,3.503459,4763,8424,3661,4763,0,117.857,1,damping
1780604074.2977064,55.09185670000443,55256,0.040527,-0.01001,1.057617,1.21374,2.900763,-0.900763,1.058441,3.270928,4765,8428,3663,4765,0,117.857,0,damping
1780604074.329018,55.12316850000934,55287,0.055176,-0.020508,1.050293,1.961832,3.427481,-1.580153,1.051941,4.253621,4767,8433,3666,4767,1,117.857,14,damping
1780604074.3613327,55.15548300000955,55319,0.029541,-0.016357,1.049561,1.610687,2.992366,-1.152672,1.050104,3.588484,4779,8446,3667,4779,0,117.857,1,damping
1780604074.393539,55.187689400001545,55351,0.040527,-0.036377,1.054199,1.374046,2.778626,-0.969466,1.055605,3.247865,4781,8450,3669,4781,0,117.857,0,damping
1780604074.423122,55.217272200010484,55382,0.039062,-0.026611,1.056885,2.076336,3.122137,-1.045802,1.057941,3.892636,4784,8455,3671,4784,1,107.143,14,damping
1780604074.4671748,55.26132510000025,55413,0.045166,-0.010498,1.056396,1.900763,2.816794,-0.870229,1.057414,3.507781,4789,8462,3673,4789,0,107.143,1,damping
1780604074.4857378,55.27988810000534,55444,0.039551,-0.026855,1.049805,1.335878,2.389313,-1.152672,1.050893,2.970192,4791,8466,3675,4791,0,107.143,0,damping
1780604074.5187714,55.31292170000961,55475,0.046143,-0.017334,1.062012,2.022901,3.389313,-1.229008,1.063155,4.134009,4793,8471,3678,4793,1,107.143,14,damping
1780604074.5478923,55.34204270000919,55507,0.043945,-0.020996,1.047119,2.114504,3.351145,-0.80916,1.048251,4.04426,4798,8478,3680,4798,0,107.143,1,damping
1780604074.5795977,55.37374799999816,55538,0.035889,-0.028564,1.050537,1.343511,2.870229,-0.931298,1.051538,3.303112,4801,8484,3683,4801,0,107.143,0,damping
1780604074.6105607,55.40471100001014,55569,0.047119,-0.017334,1.058594,1.778626,2.854962,-1.343511,1.059784,3.622063,4803,8489,3686,4803,1,107.143,14,damping
1780604074.642059,55.43620940000983,55600,0.038086,-0.018311,1.053711,1.412214,3.274809,-0.992366,1.054558,3.701826,4806,8494,3688,4806,0,107.143,0,damping
1780604074.6720893,55.466239700006554,55632,0.03418,-0.020752,1.049561,1.038168,2.503817,-1.0,1.050322,2.889099,4808,8498,3690,4808,0,96.0,0,damping
1780604074.7041073,55.49825760000385,55662,0.033203,-0.028076,1.044678,1.961832,2.534351,-1.08397,1.045582,3.383299,4811,8505,3694,4811,1,96.0,3,damping
1780604074.7357097,55.52986010001041,55693,0.036133,-0.012207,1.050049,1.458015,3.053435,-1.076336,1.050741,3.550743,4816,8512,3696,4816,0,96.0,1,damping
1780604074.7670314,55.561181700002635,55725,0.037109,-0.011963,1.051758,1.694656,2.778626,-0.984733,1.05248,3.400342,4817,8514,3697,4817,0,96.0,6,damping
1780604074.79768,55.59183020000637,55756,0.039551,-0.031982,1.04248,2.847328,2.496183,-1.076336,1.043721,3.936586,4819,8519,3700,4819,1,96.0,14,damping
1780604074.8295784,55.62372879999748,55787,0.049072,-0.015137,1.050049,1.48855,2.984733,-0.923664,1.051304,3.460862,4824,8526,3702,4824,0,96.0,0,damping
1780604074.8600953,55.65424560000247,55819,0.040771,-0.008057,1.052734,1.465649,3.061069,-0.946565,1.053554,3.523387,4826,8530,3704,4826,0,96.0,0,damping
1780604074.891253,55.685403399998904,55850,0.030518,-0.022949,1.049072,1.59542,3.061069,-1.19084,1.049767,3.651521,4828,8535,3707,4828,1,96.0,14,damping
1780604074.921833,55.715983300004154,55881,0.041504,-0.01001,1.055664,1.29771,2.916031,-0.572519,1.056527,3.242694,4831,8540,3709,4831,0,96.0,1,damping
1780604074.954281,55.74843150000379,55911,0.048584,-0.021973,1.059082,1.572519,3.21374,-0.885496,1.060424,3.68579,4833,8544,3711,4833,0,89.606,0,damping
1780604074.9838035,55.77795390000392,55942,0.044189,-0.039062,1.047852,2.198473,3.091603,-0.335878,1.04951,3.808426,4835,8551,3716,4835,1,89.606,14,damping
1780604075.0150015,55.80915200000163,55973,0.034912,-0.028076,1.0625,2.274809,2.877863,-0.900763,1.063444,3.77733,4839,8556,3717,4839,0,89.606,7,damping
1780604075.04642,55.840570500004105,56004,0.047607,-0.012207,1.053223,1.59542,3.175573,-0.625954,1.054369,3.608524,4843,8562,3719,4843,0,89.606,0,damping
1780604075.0826354,55.87678580000647,56041,0.062012,-0.044434,1.050049,1.519084,3.587786,-0.725191,1.052816,3.963045,4845,8567,3722,4845,1,89.606,18,damping
1780604075.1127226,55.906872999999905,56072,0.043213,-0.008057,1.049072,0.824427,2.923664,-0.78626,1.049993,3.137785,4851,8576,3725,4851,0,89.606,1,damping
1780604075.143293,55.937443200004054,56102,0.033203,-0.020508,1.049072,0.580153,2.931298,-0.877863,1.049798,3.114438,4853,8580,3727,4853,0,89.606,0,damping
1780604075.1758282,55.969978499997524,56133,0.046387,-0.017822,1.062256,1.122137,2.740458,-1.267176,1.063417,3.22103,4854,8583,3729,4854,1,89.606,18,damping
1780604075.2056997,55.99985010000819,56164,0.047607,-0.030029,1.048096,2.175573,2.564885,-1.061069,1.049606,3.526701,4857,8588,3731,4857,0,94.862,1,damping
1780604075.237114,56.031264400007785,56195,0.041016,-0.01001,1.059814,2.175573,2.450382,-1.061069,1.060655,3.444322,4859,8592,3733,4859,0,94.862,0,damping
1780604075.2683942,56.06254460000491,56226,0.04541,-0.034912,1.050293,2.312977,3.396947,-1.320611,1.051854,4.31661,4861,8599,3738,4861,1,94.862,15,damping
1780604075.2993,56.09345030000259,56258,0.044434,-0.011963,1.057129,2.045802,2.961832,-1.175572,1.05813,3.786783,4873,8612,3739,4873,0,94.862,0,damping
1780604075.3311942,56.12534460000461,56290,0.037354,-0.032959,1.054932,1.351145,2.961832,-1.206107,1.056107,3.471705,4875,8616,3741,4875,0,94.862,0,damping
1780604075.3622894,56.15643980000459,56321,0.055664,-0.02002,1.053955,1.656489,2.793893,-1.175572,1.055614,3.454238,4877,8621,3744,4877,1,94.862,15,damping
1780604075.3933942,56.18754450000415,56352,0.032471,-0.020508,1.051758,2.007634,3.030534,-0.748092,1.052459,3.711384,4883,8628,3745,4883,0,94.862,0,damping
1780604075.4255562,56.21970660000807,56384,0.035645,-0.02417,1.053711,1.335878,2.748092,-0.816794,1.054591,3.162868,4885,8632,3747,4885,0,94.862,0,damping
1780604075.4570181,56.25116860000708,56415,0.051025,-0.017334,1.055908,2.007634,3.099237,-0.938931,1.057282,3.810178,4887,8637,3750,4887,1,119.522,15,damping
1780604075.487284,56.28143440000713,56446,0.041504,-0.024658,1.049805,1.824428,2.778626,-1.0,1.050914,3.47121,4893,8644,3751,4893,0,119.522,0,damping
1780604075.5192971,56.31344740001077,56477,0.041748,-0.006836,1.055908,1.236641,3.053435,-0.557252,1.056755,3.341149,4896,8650,3754,4896,0,119.522,0,damping
1780604075.5503924,56.344542699996964,56508,0.049805,-0.038818,1.054932,1.969466,2.954198,-1.091603,1.05682,3.714523,4898,8655,3757,4898,1,119.522,14,damping
1780604075.5819302,56.37608040000487,56539,0.052734,-0.019287,1.052734,2.083969,2.709924,-1.282443,1.054231,3.651202,4901,8660,3759,4901,0,119.522,0,damping
1780604075.612216,56.4063662999979,56571,0.042725,-0.012939,1.057129,1.572519,3.137405,-0.824427,1.058071,3.60497,4903,8664,3761,4903,0,119.522,0,damping
1780604075.6437,56.43785030000436,56602,0.036377,-0.015625,1.044922,1.931298,3.290076,-1.183206,1.045672,3.994307,4906,8671,3765,4906,1,119.522,3,damping
1780604075.6745481,56.468698399999994,56633,0.039795,-0.010986,1.056641,1.244275,2.778626,-1.366412,1.057447,3.337074,4912,8678,3766,4912,0,119.522,1,damping
1780604075.7053406,56.49949090000882,56665,0.043945,-0.004639,1.057373,0.770992,2.656489,-0.870229,1.058296,2.899769,4913,8680,3767,4913,0,104.0,5,damping
1780604075.7370615,56.531211800000165,56696,0.026611,-0.032471,1.055664,2.427481,3.251908,-0.961832,1.056498,4.170454,4915,8685,3770,4915,1,104.0,14,damping
1780604075.767932,56.56208240000706,56727,0.041748,-0.007568,1.050293,2.167939,2.694656,-1.251908,1.05115,3.678098,4920,8692,3772,4920,0,104.0,0,damping
1780604075.8002744,56.594424800001434,56758,0.057129,-0.022949,1.062012,1.900763,3.335878,-0.824427,1.063795,3.926916,4922,8696,3774,4922,0,104.0,1,damping
1780604075.8316414,56.625791900005424,56789,0.025879,-0.040283,1.052246,1.969466,3.099237,-0.549618,1.053335,3.71297,4924,8701,3777,4924,1,104.0,15,damping
1780604075.8614726,56.65562289999798,56820,0.023438,-0.003662,1.045654,1.519084,2.709924,-1.137405,1.045923,3.308322,4927,8705,3778,4927,0,104.0,3,damping
1780604075.8924556,56.68660590000218,56851,0.045898,-0.012939,1.060059,1.305344,3.351145,-0.358779,1.061131,3.614252,4930,8710,3780,4930,0,104.0,1,damping
1780604075.9236064,56.71775680000428,56882,0.04248,-0.019287,1.050537,1.480916,3.351145,-0.206107,1.051572,3.669573,4932,8715,3783,4932,1,104.0,14,damping
1780604075.9549572,56.74910749999981,56913,0.043945,-0.038086,1.056152,2.022901,2.816794,-0.664122,1.057752,3.530937,4936,8720,3784,4936,0,104.0,6,damping
1780604075.9870486,56.7811989000038,56944,0.048096,-0.009277,1.052246,1.946565,3.351145,-0.908397,1.053386,3.980512,4940,8726,3786,4940,0,96.774,1,damping
1780604076.017605,56.81175550000626,56975,0.048828,-0.029785,1.043457,1.854962,3.465649,-0.465649,1.045023,3.958337,4942,8730,3788,4942,0,96.774,0,damping
1780604076.0485892,56.84273960000428,57006,0.04126,-0.019531,1.053467,1.618321,2.671756,-0.78626,1.054455,3.221094,4948,8738,3790,4948,0,96.774,6,damping
1780604076.0808008,56.874951100006,57038,0.056885,-0.011719,1.051514,1.152672,3.137405,-1.053435,1.053116,3.504524,4952,8744,3792,4952,0,96.774,1,damping
1780604076.1100924,56.90424270000949,57069,0.053711,-0.044922,1.043701,1.312977,3.59542,-0.374046,1.046047,3.845889,4953,8746,3793,4953,0,96.774,4,damping
1780604076.1422296,56.93637989999843,57100,0.051758,-0.015137,1.052734,2.007634,2.641221,-0.435114,1.054115,3.346038,4956,8752,3796,4956,0,96.774,6,damping
1780604076.1735516,56.96770200000901,57131,0.044922,-0.022217,1.043945,1.709924,3.160305,-0.70229,1.045148,3.661226,4960,8758,3798,4960,0,96.774,0,damping
1780604076.2048311,56.99898150000081,57163,0.05835,-0.032959,1.048828,1.847328,3.175573,-0.717557,1.050967,3.74323,4962,8764,3802,4962,0,96.774,0,damping
1780604076.2359943,57.03014470000926,57194,0.043213,-0.02124,1.055176,1.267176,2.854962,-0.374046,1.056274,3.145862,4965,8770,3805,4965,0,100.0,6,damping
1780604076.2657735,57.059923799999524,57225,0.037354,-0.026123,1.04834,1.0,2.969466,-0.870229,1.04933,3.251926,4967,8774,3807,4967,0,100.0,0,damping
1780604076.2960055,57.09015580000414,57255,0.042725,-0.01416,1.057373,1.564886,2.969466,-1.274809,1.05833,3.590506,4969,8778,3809,4969,0,100.0,0,damping
1780604076.3271952,57.12134559999686,57286,0.050293,-0.021973,1.054932,2.022901,3.366412,-0.984733,1.056358,4.04902,4972,8783,3811,4972,1,100.0,14,damping
1780604076.3593729,57.15352310000162,57317,0.053467,-0.028809,1.062988,1.19084,3.137405,-0.877863,1.064722,3.468724,4977,8790,3813,4977,0,100.0,0,damping
1780604076.389543,57.183693400002085,57348,0.037598,-0.023438,1.052002,1.48855,3.244275,-0.877863,1.052934,3.675832,4979,8794,3815,4979,0,100.0,1,damping
1780604076.421124,57.215274400005,57379,0.046143,-0.023682,1.062988,1.78626,3.541985,-0.900763,1.064253,4.067893,4982,8799,3817,4982,1,100.0,14,damping
1780604076.4519746,57.24612500000512,57410,0.047852,-0.017334,1.046387,1.343511,3.221374,-0.580153,1.047624,3.538199,4988,8808,3820,4988,0,100.0,0,damping
1780604076.483116,57.277266200006125,57441,0.032959,-0.030518,1.048584,1.854962,2.961832,-0.557252,1.049546,3.538907,4990,8812,3822,4990,0,100.0,1,damping
1780604076.5142627,57.30841300000611,57472,0.049316,-0.011475,1.052246,2.312977,3.015267,-1.259542,1.053464,4.003516,4992,8817,3825,4992,1,97.122,14,damping
1780604076.5454683,57.33961860000272,57503,0.045898,-0.025146,1.081543,0.801527,3.427481,-0.679389,1.082808,3.584918,4997,8824,3827,4997,0,97.122,0,damping
1780604076.5756931,57.36984349999693,57534,0.035645,-0.016846,1.055176,1.351145,3.435115,-0.763359,1.055912,3.769393,4999,8828,3829,4999,0,97.122,0,damping
1780604076.6076694,57.40181969999685,57565,0.050537,-0.011963,1.054932,1.717557,3.015267,-1.343511,1.056209,3.721137,5001,8835,3834,5001,1,97.122,14,damping
1780604076.6374495,57.43159990001004,57596,0.047852,-0.024658,1.06543,1.152672,3.221374,-1.374046,1.066789,3.686992,5005,8840,3835,5005,0,97.122,6,damping
1780604076.668874,57.46302429999923,57627,0.043701,-0.011963,1.057129,1.045802,3.076336,-0.908397,1.058099,3.37383,5007,8844,3837,5007,0,97.122,0,damping
1780604076.7003393,57.49448970000958,57658,0.038574,-0.034424,1.052246,1.740458,3.145038,-0.870229,1.053515,3.698345,5009,8849,3840,5009,1,97.122,14,damping
1780604076.73147,57.52562040000339,57689,0.048828,-0.017822,1.047607,2.061069,3.396947,-0.78626,1.048896,4.050365,5015,8858,3843,5015,0,97.122,1,damping
1780604076.762893,57.557043300010264,57721,0.046875,-0.01001,1.060791,1.435114,3.450382,-0.969466,1.061873,3.860641,5017,8862,3845,5017,0,97.122,0,damping
1780604076.7942088,57.58835900000122,57752,0.032715,-0.035156,1.041748,1.847328,3.022901,-0.816794,1.042854,3.635616,5019,8867,3848,5019,1,96.429,14,damping
1780604076.8253741,57.61952449999808,57783,0.048584,-0.010742,1.059082,1.885496,2.641221,-1.450382,1.06025,3.55454,5024,8874,3850,5024,0,96.429,1,damping
1780604076.8577876,57.651937900009216,57815,0.052002,-0.014893,1.058106,1.259542,3.175573,-0.648855,1.059487,3.477315,5026,8878,3852,5026,0,96.429,0,damping
1780604076.8873787,57.681529000008595,57846,0.031738,-0.034912,1.048828,2.694656,3.099237,-1.282443,1.049889,4.302453,5028,8883,3855,5028,1,96.429,14,damping
1780604076.9201734,57.714323699998204,57878,0.038818,-0.012207,1.051758,1.793893,2.984733,-1.0,1.052545,3.623076,5041,8897,3856,5041,0,96.429,0,damping
1780604076.9502106,57.744361000004574,57909,0.046387,-0.008057,1.061035,1.198473,2.992366,-0.687023,1.062079,3.295845,5043,8901,3858,5043,0,96.429,0,damping
1780604076.9824746,57.77662479999708,57940,0.042725,-0.034668,1.041992,2.099237,3.21374,-1.175572,1.043444,4.014585,5046,8908,3862,5046,1,96.429,2,damping
1780604077.012744,57.80689439999696,57971,0.046143,-0.01709,1.05249,1.366412,2.732824,-1.091603,1.05364,3.244535,5052,8915,3863,5052,0,96.429,1,damping
1780604077.0455236,57.83967400000256,58003,0.038086,-0.012451,1.060303,0.900763,3.21374,-0.625954,1.06106,3.39578,5054,8919,3865,5054,0,139.442,0,damping
1780604077.076873,57.8710235000035,58034,0.0354,-0.027832,1.051758,0.541985,3.496183,-1.312977,1.052721,3.773719,5056,8924,3868,5056,1,139.442,14,damping
1780604077.1079462,57.902096500009065,58066,0.044922,-0.027344,1.052734,1.725191,3.396947,-0.916031,1.054047,3.9185,5062,8931,3869,5062,0,139.442,1,damping
1780604077.1384408,57.93259130000661,58097,0.046387,-0.011963,1.044922,2.419847,2.824427,-1.175572,1.046019,3.900644,5065,8937,3872,5065,0,139.442,1,damping
1780604077.1688225,57.96297290000075,58128,0.038086,-0.029541,1.056396,2.305344,3.045802,-1.29771,1.057496,4.034299,5067,8942,3875,5067,1,139.442,15,damping
1780604077.2015083,57.99565870000515,58159,0.050293,-0.015381,1.050293,2.351145,3.198473,-1.274809,1.051609,4.169322,5072,8949,3877,5072,0,139.442,0,damping
1780604077.2336934,58.027843600008055,58191,0.048828,-0.012451,1.057617,1.48855,3.007634,-1.206107,1.058817,3.565997,5074,8953,3879,5074,0,139.442,0,damping
1780604077.264575,58.058725299997604,58222,0.036377,-0.032715,1.051514,1.389313,3.656489,-0.938931,1.052651,4.022648,5077,8960,3883,5077,1,139.442,3,damping
1780604077.2971568,58.09130719999666,58254,0.053955,-0.028076,1.058106,1.442748,3.061069,-0.89313,1.059852,3.499906,5083,8967,3884,5083,0,115.538,0,damping
1780604077.3285348,58.12268510001013,58286,0.0354,-0.034424,1.056641,1.374046,3.007634,-0.862595,1.057794,3.417299,5085,8971,3886,5085,0,115.538,0,damping
1780604077.3598661,58.15401640000346,58318,0.047607,-0.018311,1.053711,1.496183,3.473282,-1.053435,1.054945,3.925809,5087,8976,3889,5087,1,115.538,13,damping
1780604077.391931,58.18608149999636,58349,0.052734,-0.023438,1.056152,1.923664,3.160305,-0.755725,1.057728,3.776127,5093,8985,3892,5093,0,115.538,1,damping
1780604077.421901,58.21605139999883,58380,0.03833,-0.015869,1.050049,1.366412,2.664122,-0.793893,1.050868,3.097563,5095,8989,3894,5095,0,115.538,0,damping
1780604077.4527748,58.246925100000226,58411,0.043457,-0.029541,1.062988,1.89313,3.29771,-1.442748,1.064286,4.066983,5096,8992,3896,5096,1,115.538,17,damping
1780604077.4851246,58.279275000008056,58442,0.050781,-0.017334,1.059082,1.694656,3.015267,-1.175572,1.06044,3.653172,5101,8999,3898,5101,0,115.538,0,damping
1780604077.5151734,58.30932390000089,58474,0.045898,-0.021484,1.053223,1.435114,2.938931,-0.801527,1.054441,3.36739,5103,9003,3900,5103,0,115.538,1,damping
1780604077.5478919,58.34204220000538,58505,0.039795,-0.031982,1.05249,1.732824,3.946565,-1.152672,1.053728,4.461694,5105,9010,3905,5105,1,87.649,14,damping
1780604077.5788722,58.37302260000433,58536,0.046143,-0.022705,1.064209,1.412214,3.793893,-1.374046,1.065451,4.27504,5110,9017,3907,5110,0,87.649,0,damping
1780604077.608911,58.40306130000681,58568,0.0354,-0.022705,1.059082,1.282443,2.70229,-0.862595,1.059917,3.113054,5112,9021,3909,5112,0,87.649,1,damping
1780604077.6397321,58.433882400000584,58598,0.035156,-0.024902,1.053467,2.129771,2.755725,-1.290076,1.054347,3.71406,5114,9026,3912,5114,1,87.649,14,damping
1780604077.67109,58.46524020000652,58629,0.045166,-0.032959,1.048828,1.70229,2.923664,-0.977099,1.050317,3.52141,5118,9032,3914,5118,1,87.649,3,damping
1780604077.70216,58.49631020000379,58660,0.042725,-0.012207,1.058594,1.725191,3.244275,-0.862595,1.059526,3.774344,5121,9037,3916,5121,0,87.649,0,damping
1780604077.7348018,58.52895220000937,58692,0.04248,-0.016602,1.04541,1.854962,2.351145,-0.946565,1.046405,3.14082,5123,9049,3926,5123,1,87.649,0,damping
1780604077.7650242,58.559174499998335,58723,0.031494,-0.025635,1.049072,1.625954,2.671756,-1.305344,1.049858,3.389089,5127,9054,3927,5127,0,87.649,6,damping
1780604077.795969,58.59011940000346,58754,0.044678,-0.01709,1.067139,1.21374,3.282443,-1.061069,1.06821,3.656974,5132,9062,3930,5132,0,87.649,0,damping
1780604077.8285053,58.62265560000378,58786,0.037842,-0.031006,1.052246,1.564886,2.938931,-0.78626,1.053383,3.421168,5137,9075,3938,5137,1,113.879,0,damping
1780604077.8607082,58.65485849999823,58818,0.0354,-0.021973,1.047852,1.854962,3.374046,-1.282443,1.04868,4.058292,5142,9082,3940,5142,0,113.879,1,damping
1780604077.891201,58.68535130000964,58850,0.040283,-0.010986,1.050049,1.625954,3.022901,-0.984733,1.050879,3.570904,5144,9086,3942,5144,0,113.879,0,damping
1780604077.9233534,58.717503699997906,58881,0.041992,-0.0354,1.049561,1.793893,3.312977,-1.076336,1.050997,3.91821,5147,9098,3951,5147,1,113.879,1,damping
1780604077.9553306,58.7494810000062,58913,0.040527,-0.016357,1.05542,1.534351,3.229008,-1.328244,1.056324,3.813785,5152,9105,3953,5152,0,113.879,0,damping
1780604077.985558,58.77970840000489,58944,0.052979,-0.031494,1.053955,2.137405,2.839695,-1.053435,1.055756,3.707032,5154,9109,3955,5154,0,113.879,1,damping
1780604078.0169892,58.81113960000221,58975,0.040039,-0.029541,1.05542,1.977099,2.969466,-0.763359,1.056592,3.6482,5156,9114,3958,5156,1,113.879,14,damping
1780604078.0490773,58.84322760000941,59007,0.042236,-0.014893,1.049561,1.664122,3.015267,-1.259542,1.050516,3.667095,5163,9123,3960,5163,0,113.879,0,damping
1780604078.0814888,58.87563910000608,59039,0.031738,-0.001465,1.055176,1.366412,2.832061,-1.053435,1.055654,3.316229,5167,9129,3962,5167,0,118.577,0,damping
1780604078.1127324,58.90688280000177,59070,0.03833,-0.036133,1.050781,2.091603,2.587786,-1.206107,1.052101,3.539228,5168,9132,3964,5168,1,118.577,18,damping
1780604078.1439922,58.93814250000287,59101,0.031006,-0.020264,1.053223,1.358779,2.847328,-1.129771,1.053874,3.35111,5173,9139,3966,5173,0,118.577,1,damping
1780604078.1753798,58.96953000000212,59133,0.034424,-0.013672,1.052734,2.10687,2.687023,-1.030534,1.053386,3.566651,5175,9143,3968,5175,0,118.577,0,damping
1780604078.208052,59.00220220000483,59165,0.04248,-0.031738,1.052978,2.099237,3.503817,-1.145038,1.054313,4.242008,5177,9157,3980,5177,1,118.577,0,damping
1780604078.2386367,59.0327871000045,59196,0.053467,-0.02002,1.056152,2.19084,3.274809,-1.389313,1.057694,4.17784,5182,9164,3982,5182,0,118.577,0,damping
1780604078.269896,59.06404630000179,59228,0.042236,-0.012451,1.059814,1.793893,2.648855,-0.885496,1.060729,3.319426,5184,9168,3984,5184,0,118.577,1,damping
1780604078.3012002,59.095350500007044,59259,0.047852,-0.020996,1.054932,2.061069,2.946565,-0.992366,1.056225,3.730287,5186,9173,3987,5186,1,118.577,14,damping
1780604078.3339882,59.12813850000384,59291,0.050049,-0.033203,1.057129,1.793893,3.282443,-0.778626,1.058834,3.82083,5192,9180,3988,5192,0,99.206,0,damping
1780604078.3638527,59.15800310000486,59323,0.0271,-0.026367,1.055176,1.0,3.366412,-0.679389,1.055853,3.576912,5193,9182,3989,5193,0,99.206,6,damping
1780604078.4017155,59.19586590000836,59354,0.046387,-0.030762,1.053467,1.038168,2.618321,-0.992366,1.054936,2.986333,5195,9187,3992,5195,1,99.206,14,damping
1780604078.4269924,59.22114280000096,59385,0.036377,-0.017334,1.05127,0.961832,3.519084,-0.78626,1.052042,3.731927,5201,9194,3993,5201,0,99.206,0,damping
1780604078.4581609,59.25231120000535,59416,0.035156,-0.006836,1.049316,0.824427,2.778626,-0.847328,1.049928,3.01967,5204,9200,3996,5204,0,99.206,0,damping
1780604078.4898934,59.28404389999923,59447,0.032227,-0.012207,1.050781,1.389313,2.70229,-0.80916,1.051346,3.144408,5206,9213,4007,5206,1,99.206,0,damping
1780604078.5211012,59.31525169999804,59478,0.029785,-0.017334,1.050781,1.496183,2.641221,-1.366412,1.051346,3.328918,5211,9220,4009,5211,0,99.206,0,damping
1780604078.5524108,59.3465612,59510,0.046387,-0.036377,1.056396,2.183206,3.007634,-1.068702,1.05804,3.867088,5213,9224,4011,5213,0,99.206,1,damping
1780604078.584093,59.37824350000301,59542,0.036133,-0.015137,1.052246,2.381679,2.458015,-1.175572,1.052975,3.618868,5216,9238,4022,5216,1,95.618,0,damping
1780604078.6157947,59.4099450000067,59573,0.044922,-0.017334,1.051514,1.465649,3.091603,-1.389313,1.052616,3.69274,5221,9245,4024,5221,0,95.618,0,damping
1780604078.6459296,59.44008000000031,59605,0.039551,-0.003906,1.054688,1.198473,3.137405,-1.221374,1.055436,3.57371,5223,9249,4026,5223,0,95.618,0,damping
1780604078.6777866,59.47193700000935,59635,0.043457,-0.016113,1.050781,1.633588,2.450382,-0.961832,1.051803,3.09808,5225,9254,4029,5225,1,95.618,14,damping
1780604078.7078755,59.50202590000117,59666,0.025879,-0.02124,1.057129,0.946565,2.969466,-0.961832,1.057659,3.261722,5230,9261,4031,5230,0,95.618,7,damping
1780604078.7390769,59.53322730000946,59697,0.037354,-0.018311,1.069092,1.015267,3.312977,-0.89313,1.069901,3.578305,5234,9267,4033,5234,0,95.618,0,damping
1780604078.7702253,59.564375600006315,59728,0.043701,-0.026367,1.053711,1.526718,3.091603,-0.770992,1.054946,3.533172,5235,9269,4034,5235,1,95.618,4,damping
1780604078.8003054,59.59445570000389,59759,0.040039,-0.022949,1.055176,1.793893,3.0,-1.08397,1.056184,3.65965,5240,9275,4035,5240,0,95.618,7,damping
1780604078.8314648,59.62561519999872,59790,0.045166,-0.029785,1.057129,1.633588,2.946565,-1.030534,1.058512,3.523188,5244,9281,4037,5244,0,95.618,0,damping
1780604078.8632414,59.6573919000075,59821,0.055664,-0.040283,1.063721,1.633588,3.19084,-0.931298,1.065938,3.703698,5246,9287,4041,5246,0,107.527,0,damping
1780604078.8945193,59.6886697000009,59852,0.039062,-0.019043,1.047119,1.954198,3.129771,-0.755725,1.04802,3.766362,5248,9292,4044,5248,1,107.527,15,damping
1780604078.9239197,59.71807010000339,59883,0.049072,-0.045166,1.056152,1.389313,3.068702,-0.969466,1.058256,3.50528,5253,9299,4046,5253,0,107.527,0,damping
1780604078.9556541,59.74980459999642,59913,0.037842,-0.044678,1.066162,2.083969,2.854962,-0.664122,1.067769,3.596498,5255,9303,4048,5255,0,107.527,0,damping
1780604078.9858882,59.780038500000956,59944,0.037842,-0.016846,1.062256,2.229008,3.160305,-1.022901,1.063063,4.000292,5258,9308,4050,5258,1,107.527,14,damping
1780604079.0176077,59.81175800001074,59975,0.048584,-0.008057,1.053955,2.152672,3.625954,-1.076336,1.055105,4.352016,5263,9315,4052,5263,0,107.527,1,damping
1780604079.0480282,59.84217850001005,60006,0.038818,-0.02832,1.05127,1.832061,2.557252,-1.145038,1.052367,3.3477,5265,9319,4054,5265,0,107.527,0,damping
1780604079.0799713,59.87412170000607,60037,0.046387,-0.030029,1.048828,1.541985,3.480916,-1.320611,1.050283,4.029703,5267,9324,4057,5267,1,107.527,13,damping
1780604079.1113007,59.90545099999872,60068,0.043213,-0.013184,1.060059,1.618321,3.099237,-1.068702,1.061021,3.656002,5273,9333,4060,5273,0,107.527,1,damping
1780604079.1416678,59.93581830000039,60100,0.03125,-0.030029,1.047363,1.580153,2.687023,-1.198473,1.04826,3.339658,5275,9337,4062,5275,0,103.943,0,damping
1780604079.1726906,59.96684110000206,60131,0.050781,-0.024414,1.062988,2.465649,2.969466,-1.633588,1.064481,4.191152,5277,9342,4065,5277,1,103.943,14,damping
1780604079.2042146,59.99836490000598,60162,0.039795,-0.016357,1.04834,2.992366,2.732824,-1.549618,1.049222,4.338652,5281,9347,4066,5281,0,103.943,0,damping
1780604079.235519,60.029669399998966,60194,0.041504,-0.008789,1.056396,2.70229,2.732824,-1.167939,1.057248,4.016812,5285,9353,4068,5285,0,103.943,0,damping
1780604079.2678835,60.06203400000231,60225,0.037109,-0.028809,1.052734,2.259542,3.137405,-1.030534,1.053782,4.001354,5289,9371,4082,5289,1,103.943,0,damping
1780604079.298871,60.09302139999636,60256,0.04248,-0.011475,1.053467,1.503817,3.664122,-1.045802,1.054385,4.096456,5294,9378,4084,5294,0,103.943,0,damping
1780604079.3287833,60.12293360001058,60288,0.041748,-0.005371,1.054932,-0.671756,3.40458,-0.519084,1.055771,3.508828,5296,9382,4086,5296,0,103.943,1,damping
1780604079.3601499,60.154300200010766,60318,0.036133,-0.019043,1.052734,-0.374046,3.015267,-0.847328,1.053526,3.154316,5298,9387,4089,5298,1,103.943,14,damping
1780604079.3928504,60.187000799996895,60350,0.046875,-0.022705,1.056152,0.961832,3.091603,-1.045802,1.057436,3.402474,5303,9394,4091,5303,0,112.0,1,damping
1780604079.4239428,60.2180931000039,60382,0.043213,-0.014893,1.052734,1.458015,2.763359,-1.221374,1.053726,3.354656,5304,9396,4092,5304,0,112.0,6,damping
1780604079.4675155,60.261665800004266,60413,0.031738,-0.034424,1.049561,2.59542,2.251908,-1.229008,1.050604,3.64935,5306,9401,4095,5306,1,112.0,14,damping
1780604079.4856465,60.27979690000939,60443,0.035645,-0.024902,1.054443,2.358779,2.984733,-1.358779,1.055339,4.039646,5310,9406,4096,5310,0,112.0,8,damping
1780604079.516059,60.310209300005226,60474,0.04541,-0.024658,1.057373,1.557252,3.206107,-1.236641,1.058635,3.772723,5315,9414,4099,5315,0,112.0,0,damping
1780604079.548914,60.34306420000212,60506,0.041504,-0.013428,1.053223,1.442748,3.061069,-0.80916,1.054126,3.479426,5321,9430,4109,5321,1,112.0,0,damping
1780604079.5806887,60.37483899999643,60538,0.037354,-0.013428,1.064209,1.122137,3.137405,-1.145038,1.064949,3.523296,5326,9437,4111,5326,0,112.0,0,damping
1780604079.6105914,60.40474179999728,60569,0.044922,-0.034668,1.063477,0.961832,3.312977,-1.145038,1.064989,3.634838,5328,9441,4113,5328,0,112.0,0,damping
1780604079.6445696,60.4387199000048,60601,0.039795,-0.010742,1.044678,1.587786,2.389313,-1.068702,1.04549,3.061374,5333,9456,4123,5333,1,119.522,0,damping
1780604079.6744878,60.46863820000726,60633,0.052734,-0.025391,1.060059,1.862595,3.114504,-1.167939,1.061673,3.81228,5338,9463,4125,5338,0,119.522,0,damping
1780604079.7055438,60.49969399999827,60664,0.03125,-0.003906,1.053955,1.824428,3.053435,-1.015267,1.054426,3.699023,5340,9467,4127,5340,0,119.522,1,damping
1780604079.736795,60.53094520000741,60694,0.042969,-0.009033,1.051025,1.40458,3.496183,-0.664122,1.051942,3.825859,5342,9472,4130,5342,1,119.522,14,damping
1780604079.767725,60.5618753000017,60725,0.049072,-0.026367,1.058838,1.480916,3.045802,-0.961832,1.060302,3.520674,5347,9479,4132,5347,0,119.522,7,damping
1780604079.7991211,60.59327160000976,60756,0.037354,-0.015625,1.05542,1.358779,3.419847,-0.908397,1.056196,3.790359,5351,9485,4134,5351,0,119.522,1,damping
1780604079.8299296,60.62407990000793,60787,0.036865,-0.031982,1.041504,1.358779,3.198473,-0.580153,1.042647,3.523221,5352,9487,4135,5352,0,119.522,4,damping
1780604079.86182,60.65597040001012,60819,0.029541,-0.023193,1.060059,1.305344,3.267176,-0.862595,1.060724,3.622489,5356,9493,4137,5356,0,119.522,7,damping
1780604079.8937607,60.68791110000166,60851,0.040527,-0.01123,1.066406,1.320611,3.412214,-0.900763,1.067235,3.768102,5360,9499,4139,5360,0,108.0,0,damping
1780604079.9252067,60.7193571000098,60883,0.043213,-0.029541,1.054688,1.992366,3.267176,-0.793893,1.055986,3.908226,5365,9514,4149,5365,1,108.0,1,damping
1780604079.9563076,60.75045800000953,60914,0.037598,-0.011475,1.054199,1.687023,2.549618,-1.251908,1.054932,3.303615,5369,9519,4150,5369,0,108.0,6,damping
1780604079.986897,60.781047299999045,60945,0.039307,-0.020996,1.060547,1.381679,3.374046,-0.961832,1.061483,3.770722,5373,9525,4152,5373,0,108.0,0,damping
1780604080.018511,60.81266130000586,60976,0.04248,-0.017578,1.042725,1.526718,3.244275,-0.778626,1.043738,3.66912,5375,9530,4155,5375,1,108.0,13,damping
1780604080.048649,60.842799400008516,61007,0.041992,-0.015869,1.052734,1.671756,3.335878,-0.351145,1.053691,3.74782,5379,9535,4156,5379,0,108.0,7,damping
1780604080.0793986,60.873549099997035,61038,0.041504,-0.022949,1.045898,1.870229,2.824427,-1.038168,1.046973,3.543013,5383,9541,4158,5383,0,108.0,0,damping
1780604080.1116612,60.90581160000875,61069,0.058105,-0.039062,1.054443,2.068702,3.259542,-1.08397,1.056765,4.009879,5385,9545,4160,5385,0,108.0,0,damping
1780604080.1414351,60.93558540000231,61100,0.044678,-0.012695,1.05249,2.221374,3.274809,-1.007634,1.053514,4.083406,5388,9550,4162,5388,1,108.0,13,damping
1780604080.1724517,60.96660200000042,61131,0.050293,-0.042725,1.057129,1.633588,3.083969,-0.992366,1.059187,3.62826,5394,9559,4165,5394,0,121.429,1,damping
1780604080.203579,60.99772939999821,61162,0.037842,-0.018799,1.059082,1.641221,3.465649,-1.152672,1.059925,4.004121,5396,9563,4167,5396,0,121.429,0,damping
1780604080.235692,61.0298424000066,61193,0.042236,-0.028564,1.053955,1.389313,3.198473,-0.816794,1.055188,3.58156,5399,9568,4169,5399,1,121.429,14,damping
1780604080.2660375,61.06018790000235,61225,0.039551,-0.040771,1.057617,1.0,3.045802,-1.022901,1.059142,3.365001,5402,9573,4171,5402,0,121.429,1,damping
1780604080.2987394,61.09288969999761,61256,0.04541,-0.018066,1.061279,1.274809,3.137405,-0.763359,1.062404,3.471479,5404,9578,4174,5404,0,121.429,12,damping
1780604080.3296316,61.12378190000891,61288,0.053467,-0.034668,1.053223,1.717557,3.206107,-0.610687,1.055149,3.688098,5408,9584,4176,5408,1,121.429,14,damping
1780604080.3619688,61.15611900000658,61319,0.040039,-0.014893,1.054199,1.08397,3.282443,-0.641221,1.055064,3.515762,5413,9591,4178,5413,0,121.429,0,damping
1780604080.4061453,61.2002957000077,61350,0.047852,-0.040039,1.05542,1.587786,2.916031,-0.78626,1.057263,3.412112,5415,9595,4180,5415,0,121.429,1,damping
1780604080.4241586,61.21830890000274,61381,0.052002,-0.031738,1.051025,1.526718,3.396947,-0.938931,1.05279,3.840795,5419,9602,4183,5419,1,100.0,1,damping
1780604080.454477,61.24862739999662,61412,0.045166,-0.00708,1.056641,1.137405,3.229008,-0.70229,1.057629,3.494766,5424,9609,4185,5424,0,100.0,0,damping
1780604080.4857001,61.27985040000931,61443,0.033691,-0.030029,1.055176,1.526718,3.061069,-1.21374,1.056141,3.629625,5425,9611,4186,5425,0,100.0,6,damping
1780604080.5156822,61.30983250000281,61474,0.046143,-0.022949,1.05835,2.10687,3.083969,-1.343511,1.059603,3.969231,5427,9616,4189,5427,1,100.0,15,damping
1780604080.54784,61.34199050000461,61505,0.044678,-0.026611,1.052002,1.885496,3.290076,-1.160305,1.053286,3.965603,5433,9623,4190,5433,0,100.0,1,damping
1780604080.5790718,61.37322220001079,61537,0.031982,-0.039795,1.053711,1.580153,2.732824,-1.21374,1.054947,3.382067,5436,9629,4193,5436,0,100.0,0,damping
1780604080.6099987,61.40414910000982,61568,0.046631,-0.021484,1.049805,1.748092,3.687023,-0.984733,1.051059,4.197578,5438,9634,4196,5438,1,100.0,14,damping
1780604080.640986,61.43513620000158,61599,0.04541,-0.014648,1.052734,1.282443,3.10687,-1.236641,1.053815,3.581422,5443,9641,4198,5443,0,100.0,1,damping
1780604080.6714237,61.465574100002414,61630,0.04248,-0.015381,1.055664,1.320611,3.152672,-1.137405,1.05663,3.602366,5445,9645,4200,5445,0,100.0,0,damping
1780604080.7087643,61.50291470000229,61667,0.035889,-0.02417,1.054443,1.396947,3.694656,-1.267176,1.055331,4.148214,5448,9652,4204,5448,0,101.399,7,damping
1780604080.7402964,61.53444679999666,61699,0.047607,-0.026123,1.06543,1.450382,3.175573,-0.992366,1.066813,3.629416,5452,9658,4206,5452,0,101.399,1,damping
1780604080.7725313,61.566681600001175,61731,0.041504,-0.018311,1.047607,2.068702,2.816794,-0.80916,1.048589,3.587283,5454,9670,4216,5454,1,101.399,1,damping
1780604080.8038538,61.598004200001014,61762,0.03125,-0.01123,1.058838,1.78626,3.030534,-1.030534,1.059358,3.665633,5458,9675,4217,5458,0,101.399,7,damping
1780604080.8353682,61.62951860000612,61793,0.050537,-0.029297,1.058838,1.541985,3.351145,-0.778626,1.060448,3.770166,5463,9683,4220,5463,0,101.399,0,damping
1780604080.8670135,61.661163900003885,61824,0.034424,-0.014404,1.046631,1.709924,3.091603,-0.709924,1.047296,3.603587,5468,9692,4224,5468,1,101.399,0,damping
1780604080.8983388,61.69248920000973,61856,0.028076,-0.019043,1.052002,1.267176,3.167939,-0.854962,1.052549,3.517461,5472,9697,4225,5472,0,101.399,7,damping
1780604080.9287877,61.72293800000625,61887,0.049316,-0.009766,1.052734,1.534351,3.198473,-1.183206,1.053934,3.739578,5474,9701,4227,5474,0,101.399,0,damping
1780604080.9607656,61.75491600000532,61918,0.046875,-0.039062,1.051025,1.442748,3.053435,-0.625954,1.052795,3.434648,5477,9708,4231,5477,1,115.538,2,damping
1780604080.9928787,61.787028999999166,61950,0.029297,-0.020264,1.051025,1.816794,2.900763,-0.938931,1.051629,3.549192,5481,9713,4232,5481,0,115.538,6,damping
1780604081.02429,61.818440400005784,61982,0.043457,-0.032715,1.059814,0.969466,3.427481,-1.145038,1.061209,3.74147,5485,9719,4234,5485,0,115.538,1,damping
1780604081.0564985,61.850648899999214,62014,0.042969,-0.011963,1.049316,1.229008,3.030534,-0.59542,1.050264,3.324022,5487,9731,4244,5487,1,115.538,1,damping
1780604081.087498,61.88164819999656,62045,0.044434,-0.021729,1.05957,1.152672,2.755725,-1.167939,1.060724,3.207297,5492,9738,4246,5492,0,115.538,7,damping
1780604081.1179087,61.91205910001008,62076,0.050781,-0.031494,1.068115,0.992366,3.503817,-0.916031,1.069785,3.755081,5496,9744,4248,5496,0,115.538,0,damping
1780604081.1502762,61.94442660000641,62108,0.037842,-0.016113,1.040772,1.351145,3.045802,-0.770992,1.041584,3.420078,5500,9755,4255,5500,1,115.538,0,damping
1780604081.1820705,61.97622080000292,62140,0.034424,-0.008057,1.056885,1.938931,2.793893,-1.21374,1.057476,3.610881,5505,9762,4257,5505,0,115.538,0,damping
1780604081.2138324,62.007982700000866,62171,0.043457,-0.031494,1.058838,1.366412,3.312977,-0.854962,1.060197,3.684272,5507,9766,4259,5507,0,118.577,0,damping
1780604081.2466106,62.040761099997326,62204,0.037354,-0.018799,1.048096,1.923664,2.793893,-1.267176,1.04893,3.621057,5509,9780,4271,5509,1,118.577,0,damping
1780604081.2778645,62.072014799996396,62235,0.039307,-0.017578,1.053223,1.305344,2.412214,-0.801527,1.054102,2.857471,5514,9787,4273,5514,0,118.577,0,damping
1780604081.3088462,62.10299670000677,62267,0.042725,-0.012695,1.058838,1.076336,2.465649,-0.900763,1.059776,2.837129,5516,9791,4275,5516,0,118.577,1,damping
1780604081.340389,62.13453940000909,62298,0.041748,-0.026611,1.053711,1.435114,3.442748,-0.725191,1.054873,3.799733,5518,9796,4278,5518,1,118.577,13,damping
1780604081.3708327,62.16498310001043,62329,0.03125,-0.024902,1.052246,1.358779,3.083969,-1.328244,1.053004,3.622344,5523,9803,4280,5523,0,118.577,1,damping
1780604081.402637,62.19678739999654,62360,0.051025,-0.019043,1.054688,1.580153,3.312977,-1.137405,1.056093,3.842706,5524,9805,4281,5524,0,118.577,6,damping
1780604081.433886,62.228036300002714,62392,0.050049,-0.027344,1.061523,2.007634,3.167939,-0.687023,1.063054,3.812929,5526,9810,4284,5526,1,118.577,14,damping
1780604081.465034,62.25918439999805,62423,0.030518,-0.006836,1.057373,1.618321,2.374046,-1.183206,1.057835,3.107255,5531,9817,4286,5531,0,95.238,1,damping
1780604081.495424,62.289574399997946,62454,0.04834,-0.033936,1.066162,1.480916,3.030534,-0.946565,1.067797,3.503318,5534,9823,4289,5534,0,95.238,0,damping
1780604081.5275981,62.32174840000516,62486,0.041504,-0.016113,1.043213,1.480916,2.923664,-0.351145,1.044162,3.296092,5536,9836,4300,5536,1,95.238,0,damping
1780604081.558137,62.35228730000381,62517,0.035156,-0.008545,1.057617,1.442748,2.59542,-1.267176,1.058236,3.228538,5540,9842,4302,5540,1,95.238,3,damping
1780604081.5904481,62.384598500007996,62547,0.045654,-0.003906,1.063965,1.442748,3.732824,-0.572519,1.064951,4.042682,5543,9847,4304,5543,0,95.238,1,damping
1780604081.619909,62.41405950000626,62578,0.052002,-0.042725,1.052246,1.59542,2.778626,-0.648855,1.054396,3.269119,5545,9851,4306,5545,0,95.238,0,damping
1780604081.650927,62.44507750000048,62609,0.051025,-0.02002,1.05542,1.435114,3.396947,-0.839695,1.056842,3.782048,5549,9857,4308,5549,0,95.238,6,damping
1780604081.6822844,62.476434600001085,62641,0.055908,-0.00293,1.058106,1.717557,3.152672,-0.946565,1.059585,3.71286,5553,9863,4310,5553,0,95.238,0,damping
1780604081.7144108,62.50856110001041,62672,0.051514,-0.044922,1.052734,1.412214,3.427481,-0.748092,1.054951,3.781747,5555,9867,4312,5555,0,95.238,1,damping
1780604081.7444556,62.53860590000113,62703,0.05835,-0.018799,1.058106,1.687023,3.923664,-0.419847,1.05988,4.291556,5559,9875,4316,5559,0,100.0,7,damping
1780604081.7760553,62.57020580000244,62734,0.033447,-0.046631,1.055908,1.290076,3.458015,-0.656489,1.057466,3.748752,5563,9881,4318,5563,0,100.0,0,damping
1780604081.8065012,62.6006514000037,62765,0.049561,-0.02124,1.053467,1.832061,2.900763,-1.236641,1.054846,3.646938,5565,9885,4320,5565,0,100.0,0,damping
1780604081.837623,62.63177330000326,62796,0.047119,-0.036621,1.059082,1.824428,2.969466,-0.977099,1.060762,3.619528,5567,9888,4321,5567,1,100.0,16,damping
1780604081.8691525,62.66330290000769,62827,0.047852,-0.01123,1.063721,1.648855,2.916031,-0.931298,1.064856,3.476963,5572,9895,4323,5572,0,100.0,1,damping
1780604081.8996174,62.6937678999966,62858,0.045898,-0.040527,1.056885,1.954198,3.022901,-1.091603,1.058657,3.761438,5576,9901,4325,5576,0,100.0,0,damping
1780604081.9307802,62.72493050000048,62889,0.044189,-0.017822,1.052734,1.687023,3.351145,-0.969466,1.053812,3.875059,5578,9906,4328,5578,1,100.0,14,damping
1780604081.9612596,62.75540999999794,62920,0.036621,-0.007324,1.051514,1.801527,3.274809,-0.59542,1.052177,3.784758,5583,9913,4330,5583,0,100.0,0,damping
1780604081.9917734,62.785923800009186,62951,0.03125,-0.024414,1.052002,1.427481,2.717557,-1.030534,1.052749,3.238027,5585,9917,4332,5585,0,100.0,1,damping
1780604082.024438,62.81858820001071,62982,0.04248,-0.032227,1.058838,2.007634,3.076336,-1.206107,1.06018,3.86641,5588,9933,4345,5588,1,103.943,1,damping
1780604082.0562692,62.85041959999944,63014,0.043213,-0.009033,1.055908,1.969466,2.732824,-0.908397,1.056831,3.488884,5592,9938,4346,5592,0,103.943,6,damping
1780604082.0863557,62.880506100002094,63045,0.041748,-0.009033,1.057617,1.625954,2.816794,-0.801527,1.058479,3.349702,5594,9942,4348,5594,0,103.943,0,damping
1780604082.118057,62.9122073000035,63076,0.042236,-0.033203,1.056396,2.129771,2.587786,-1.145038,1.057762,3.541705,5596,9947,4351,5596,1,103.943,13,damping
1780604082.1490412,62.94319160000305,63107,0.044434,-0.013672,1.055664,1.076336,2.526718,-1.10687,1.056687,2.961074,5602,9956,4354,5602,0,103.943,1,damping
1780604082.1812296,62.9753800000035,63139,0.045898,-0.012939,1.054443,1.480916,2.442748,-0.854962,1.055521,2.981793,5604,9960,4356,5604,0,103.943,0,damping
1780604082.2134542,63.007604600003106,63171,0.03833,-0.031738,1.054443,1.603053,3.351145,-0.938931,1.055617,3.83165,5606,9972,4366,5606,1,103.943,0,damping
1780604082.2441418,63.03829219999898,63202,0.039307,-0.021973,1.052734,1.694656,2.992366,-1.312977,1.053697,3.681036,5612,9979,4367,5612,0,103.943,0,damping
1780604082.2761588,63.070309100003215,63234,0.033447,-0.023193,1.054688,0.854962,2.954198,-0.816794,1.055473,3.182044,5614,9983,4369,5614,0,103.175,1,damping
1780604082.3067946,63.10094509999908,63265,0.044922,-0.025635,1.05127,1.709924,3.274809,-1.114504,1.052541,3.858799,5616,9988,4372,5616,1,103.175,14,damping
1780604082.3398654,63.134015700008604,63297,0.044189,-0.029541,1.050049,1.832061,3.030534,-0.725191,1.051393,3.61476,5619,9993,4374,5619,0,103.175,0,damping
1780604082.371954,63.16610430000583,63329,0.041016,-0.027344,1.054443,1.732824,2.946565,-0.824427,1.055595,3.516334,5621,9997,4376,5621,0,103.175,1,damping
1780604082.4140084,63.20815869999933,63360,0.053467,-0.014404,1.061035,2.335878,2.977099,-1.061069,1.062479,3.930052,5624,10004,4380,5624,1,103.175,2,damping
1780604082.4332952,63.227445600001374,63391,0.029541,-0.023926,1.048828,1.862595,2.732824,-1.206107,1.049517,3.520268,5630,10011,4381,5630,0,103.175,0,damping
1780604082.4656591,63.25980939999863,63423,0.037354,-0.022217,1.055908,1.412214,2.541985,-0.740458,1.056802,3.000718,5632,10015,4383,5632,0,103.175,0,damping
1780604082.4959292,63.29007950000232,63454,0.049316,-0.022949,1.058594,1.931298,2.709924,-1.473282,1.05999,3.639252,5634,10020,4386,5634,1,103.175,14,damping
1780604082.5279264,63.32207670000207,63485,0.029785,-0.026123,1.047363,1.603053,2.793893,-1.21374,1.048112,3.442206,5639,10027,4388,5639,0,99.602,1,damping
1780604082.5592494,63.35339970000496,63517,0.029785,-0.021973,1.050781,1.496183,2.480916,-0.854962,1.051433,3.020674,5641,10031,4390,5641,0,99.602,0,damping
1780604082.5902653,63.38441559999774,63548,0.05127,-0.026123,1.064453,1.679389,3.740458,-0.832061,1.066007,4.183742,5643,10036,4393,5643,1,99.602,14,damping
1780604082.621014,63.41516440000851,63579,0.039307,-0.020508,1.061768,1.587786,2.587786,-1.038168,1.062693,3.20866,5648,10043,4395,5648,0,99.602,0,damping
1780604082.652099,63.44624930000282,63611,0.029053,-0.00293,1.056641,1.206107,2.984733,-0.89313,1.057044,3.340809,5650,10047,4397,5650,0,99.602,1,damping
1780604082.684054,63.47820430000138,63642,0.043701,-0.019775,1.061035,1.465649,3.48855,-1.236641,1.062119,3.980878,5652,10054,4402,5652,1,99.602,14,damping
1780604082.7160416,63.51019190000079,63674,0.030273,-0.018311,1.053711,1.732824,2.900763,-1.167939,1.054305,3.575079,5657,10061,4404,5657,0,99.602,1,damping
1780604082.747859,63.542009299999336,63706,0.037598,-0.030273,1.052002,1.435114,2.78626,-1.312977,1.053109,3.398044,5659,10065,4406,5659,0,99.602,1,damping
1780604082.7789078,63.573058200010564,63737,0.047852,-0.019775,1.055176,1.80916,2.992366,-1.557252,1.056445,3.827839,5661,10070,4409,5661,1,87.302,14,damping
1780604082.8108277,63.60497820000455,63769,0.032227,-0.021973,1.049561,2.068702,2.977099,-0.847328,1.050285,3.722984,5667,10079,4412,5667,0,87.302,0,damping
1780604082.8408644,63.63501470000483,63800,0.03125,-0.032227,1.053467,1.480916,2.625954,-1.068702,1.054423,3.198573,5669,10083,4414,5669,0,87.302,0,damping
1780604082.8718963,63.66604660000303,63830,0.040527,-0.023193,1.051514,2.045802,2.824427,-1.259542,1.05255,3.707983,5671,10089,4418,5671,1,87.302,0,damping
1780604082.9031653,63.697315700002946,63861,0.041016,-0.010254,1.05835,1.244275,2.877863,-1.290076,1.059194,3.39037,5676,10096,4420,5676,0,87.302,0,damping
1780604082.9347878,63.72893810000096,63893,0.045898,-0.023438,1.051758,1.450382,2.572519,-0.931298,1.05302,3.096575,5678,10100,4422,5678,0,87.302,0,damping
1780604082.9666824,63.76083270000527,63925,0.041992,-0.031494,1.061279,2.19084,2.801527,-1.122137,1.062576,3.729279,5680,10112,4432,5680,1,87.302,0,damping
1780604082.998063,63.7922133999964,63956,0.03833,-0.018555,1.049316,1.427481,2.877863,-1.160305,1.05018,3.415568,5683,10117,4434,5683,0,87.302,0,damping
1780604083.0288892,63.82303949999914,63988,0.035156,-0.011475,1.055176,1.29771,2.824427,-0.916031,1.055824,3.240456,5685,10121,4436,5685,0,95.618,1,damping
1780604083.0605094,63.85465980001027,64019,0.046631,-0.033447,1.055664,2.122137,2.839695,-1.305344,1.057223,3.777732,5688,10128,4440,5688,1,95.618,2,damping
1780604083.0922348,63.88638510000601,64050,0.051758,-0.026123,1.060059,1.473282,2.687023,-1.198473,1.061643,3.29044,5694,10135,4441,5694,0,95.618,0,damping
1780604083.123761,63.917911399999866,64082,0.044189,-0.018066,1.061768,1.198473,3.206107,-0.832061,1.06284,3.522468,5696,10139,4443,5696,0,95.618,0,damping
1780604083.1544912,63.94864149999921,64113,0.035156,-0.026855,1.055908,1.862595,2.793893,-1.259542,1.056835,3.5863,5698,10144,4446,5698,1,95.618,15,damping
1780604083.1859543,63.98010470000736,64144,0.03833,-0.014893,1.064453,1.236641,2.900763,-1.114504,1.065247,3.344522,5703,10151,4448,5703,0,95.618,1,damping
1780604083.21702,64.01117040000099,64175,0.035889,-0.029785,1.060791,1.580153,3.389313,-0.526718,1.061816,3.776474,5705,10155,4450,5705,0,95.618,0,damping
1780604083.2494695,64.04361990001053,64207,0.045898,-0.020264,1.054688,1.458015,2.931298,-0.671756,1.05588,3.342091,5707,10168,4461,5707,1,95.618,1,damping
1780604083.280268,64.07441840000683,64238,0.049805,-0.014404,1.062012,1.908397,2.610687,-1.068702,1.063276,3.405846,5712,10175,4463,5712,0,108.0,0,damping
1780604083.31158,64.10573029999796,64270,0.054199,-0.015625,1.057373,1.541985,3.015267,-0.763359,1.058876,3.471638,5714,10179,4465,5714,0,108.0,0,damping
1780604083.3440316,64.13818190000893,64302,0.03125,-0.028809,1.051758,2.290076,2.832061,-0.992366,1.052616,3.774892,5716,10193,4477,5716,1,108.0,0,damping
1780604083.37467,64.16882040000928,64333,0.048584,-0.025391,1.050537,1.396947,3.0,-0.824427,1.051966,3.410446,5721,10200,4479,5721,0,108.0,1,damping
1780604083.4060235,64.20017380001082,64364,0.039307,-0.012451,1.056885,1.633588,3.099237,-0.961832,1.057689,3.633043,5722,10202,4480,5722,0,108.0,6,damping
1780604083.4354823,64.22963260000688,64395,0.039062,-0.03125,1.05127,1.70229,2.450382,-0.923664,1.052459,3.12335,5724,10207,4483,5724,1,108.0,14,damping
1780604083.4668913,64.26104170001054,64425,0.052002,-0.022949,1.060791,1.992366,3.229008,-0.931298,1.062313,3.906831,5729,10214,4485,5729,0,108.0,8,damping
1780604083.4969902,64.29114060000575,64457,0.044189,-0.03125,1.063477,1.587786,3.29771,-0.847328,1.064853,3.75685,5733,10220,4487,5733,0,108.0,0,damping
1780604083.5280302,64.32218050000665,64486,0.040527,-0.023926,1.057373,1.847328,3.221374,-0.900763,1.05842,3.821158,5735,10224,4489,5735,0,108.0,1,damping
1780604083.5592492,64.35339950000343,64517,0.046631,-0.0271,1.060059,1.862595,3.267176,-1.007634,1.06143,3.893459,5738,10229,4491,5738,1,93.19,14,damping
1780604083.5889153,64.3830658000079,64548,0.058838,-0.020264,1.063477,1.0,3.541985,-0.816794,1.065296,3.769988,5744,10238,4494,5744,0,93.19,1,damping
1780604083.6196427,64.41379310000048,64578,0.040527,-0.027344,1.063232,1.48855,2.847328,-0.877863,1.064356,3.330721,5746,10242,4496,5746,0,93.19,0,damping
1780604083.651315,64.44546529999934,64609,0.044922,-0.018066,1.05127,1.717557,2.984733,-1.045802,1.052384,3.598935,5747,10245,4498,5747,1,93.19,17,damping
1780604083.6832252,64.47737540000526,64640,0.032959,-0.028809,1.048828,1.366412,3.274809,-0.946565,1.049741,3.672526,5753,10252,4499,5753,0,93.19,0,damping
1780604083.7124224,64.50657270000374,64671,0.053223,-0.010254,1.065918,1.70229,3.167939,-0.870229,1.067295,3.700125,5755,10256,4501,5755,0,93.19,0,damping
1780604083.7437744,64.53792470000917,64702,0.049561,-0.013916,1.053223,1.572519,2.671756,-0.740458,1.05448,3.187377,5757,10271,4514,5757,1,93.19,0,damping
1780604083.7755497,64.56970010000805,64733,0.042725,-0.021729,1.055176,1.51145,2.580153,-1.274809,1.056264,3.250663,5762,10278,4516,5762,0,93.19,0,damping
1780604083.8073928,64.6015430999978,64765,0.049072,-0.032715,1.057861,1.603053,3.007634,-0.877863,1.059504,3.519415,5764,10282,4518,5764,0,93.19,1,damping
1780604083.8382094,64.63235980000172,64796,0.036377,-0.038086,1.044434,1.335878,3.229008,-0.839695,1.045761,3.593904,5766,10287,4521,5766,1,100.358,14,damping
1780604083.8700213,64.6641718000028,64828,0.040283,-0.016846,1.054932,1.534351,2.946565,-1.152672,1.055835,3.516409,5771,10294,4523,5771,0,100.358,0,damping
1780604083.9016232,64.69577360000403,64859,0.040039,-0.029785,1.053955,1.877863,3.305344,-0.717557,1.055136,3.868663,5772,10296,4524,5772,0,100.358,6,damping
1780604083.933522,64.72767239999666,64891,0.0354,-0.038818,1.058106,1.938931,3.015267,-1.335878,1.059409,3.825684,5774,10301,4527,5774,1,100.358,14,damping
1780604083.965873,64.76002339999832,64923,0.039062,-0.024414,1.053711,0.938931,3.282443,-0.824427,1.054717,3.512222,5779,10308,4529,5779,0,100.358,1,damping
1780604083.9954557,64.78960620000726,64954,0.04541,-0.006836,1.067383,1.358779,2.847328,-0.557252,1.06837,3.203761,5782,10314,4532,5782,0,100.358,0,damping
1780604084.0288177,64.82296800000768,64986,0.030518,-0.031738,1.048828,1.847328,3.198473,-1.122137,1.049752,3.860317,5784,10326,4542,5784,1,100.358,0,damping
1780604084.058993,64.85314350000408,65017,0.037598,-0.027832,1.055664,1.335878,2.854962,-1.022901,1.0567,3.313865,5788,10331,4543,5788,0,100.358,6,damping
1780604084.0909333,64.88508370000636,65048,0.049805,-0.03833,1.055176,1.526718,3.343511,-1.198473,1.057046,3.866041,5790,10335,4545,5790,0,95.238,1,damping
1780604084.1223197,64.91647009999724,65080,0.035156,-0.031006,1.054199,2.198473,2.465649,-0.679389,1.055241,3.372578,5793,10350,4557,5793,1,95.238,0,damping
1780604084.1543553,64.94850559999759,65111,0.04126,-0.013916,1.054199,1.450382,3.076336,-1.076336,1.055098,3.567345,5798,10357,4559,5798,0,95.238,1,damping
1780604084.1857665,64.97991690000345,65143,0.041992,-0.005127,1.056885,1.328244,2.938931,-1.007634,1.057731,3.378887,5800,10361,4561,5800,0,95.238,0,damping
1780604084.215972,65.01012230000924,65174,0.043213,-0.038086,1.059082,1.923664,3.412214,-1.022901,1.060647,4.048458,5802,10366,4564,5802,1,95.238,14,damping
1780604084.2477353,65.04188550000254,65205,0.050537,-0.018799,1.061523,1.320611,3.320611,-0.961832,1.062892,3.700755,5808,10375,4567,5808,0,95.238,1,damping
1780604084.2787232,65.07287360000191,65236,0.042236,-0.031982,1.056885,1.129771,3.603053,-0.656489,1.058212,3.832669,5810,10379,4569,5810,0,95.238,0,damping
1780604084.3093681,65.10351840000658,65268,0.040771,-0.018311,1.04248,1.519084,2.236641,-0.763359,1.043438,2.80943,5812,10392,4580,5812,1,95.238,1,damping
1780604084.3404427,65.13459310001053,65298,0.044434,-0.02124,1.059082,1.732824,2.885496,-1.137405,1.060226,3.55281,5814,10395,4581,5814,0,96.0,6,damping
1780604084.3708646,65.16501490000519,65329,0.049561,-0.011719,1.057861,1.748092,3.251908,-1.129771,1.059086,3.860973,5818,10401,4583,5818,0,96.0,1,damping
1780604084.402909,65.19705950000207,65360,0.050293,-0.029297,1.050537,1.526718,3.320611,-0.740458,1.052148,3.729021,5820,10407,4587,5820,0,96.0,0,damping
1780604084.4336932,65.22784360000514,65391,0.036865,-0.018555,1.050049,1.549618,2.900763,-1.229008,1.05086,3.51087,5824,10413,4589,5824,0,96.0,6,damping
1780604084.4649193,65.25906969999778,65422,0.033691,-0.034424,1.05127,1.328244,3.274809,-1.183206,1.052372,3.726739,5828,10419,4591,5828,0,96.0,0,damping
1780604084.4953325,65.28948289999971,65453,0.048828,-0.017578,1.052002,1.908397,3.099237,-1.068702,1.053281,3.793332,5832,10425,4593,5832,0,96.0,1,damping
1780604084.5265286,65.32067890001053,65484,0.054199,-0.023926,1.052978,2.19084,3.076336,-0.679389,1.054644,3.837342,5835,10430,4595,5835,1,96.0,14,damping
1780604084.5573096,65.35145990000456,65515,0.045166,-0.036621,1.059326,1.145038,3.21374,-0.870229,1.060921,3.520872,5839,10435,4596,5839,0,96.0,6,damping
1780604084.5878177,65.38196810000227,65546,0.043457,-0.025635,1.056641,1.465649,3.305344,-0.900763,1.057844,3.726231,5841,10439,4598,5841,0,96.0,1,damping
1780604084.6196036,65.41375400000834,65577,0.041504,-0.023682,1.061279,1.48855,3.557252,-0.839695,1.062354,3.946506,5844,10444,4600,5844,1,107.527,14,damping
1780604084.6641283,65.45827870001085,65608,0.054199,-0.016602,1.050293,1.78626,3.503817,-0.801527,1.051822,4.013714,5850,10453,4603,5850,0,107.527,0,damping
1780604084.681598,65.4757482999994,65639,0.035889,-0.037598,1.053711,1.526718,2.656489,-0.870229,1.054992,3.185137,5852,10457,4605,5852,0,107.527,0,damping
1780604084.7127006,65.50685099999828,65670,0.042725,-0.015625,1.060303,2.022901,2.847328,-1.51145,1.061278,3.80577,5854,10462,4608,5854,1,107.527,15,damping
1780604084.7449975,65.53914790001,65701,0.048828,-0.023926,1.055176,1.503817,3.274809,-0.900763,1.056576,3.71446,5860,10469,4609,5860,0,107.527,0,damping
1780604084.7763329,65.57048320000467,65733,0.02832,-0.031494,1.054688,1.618321,2.854962,-0.732824,1.055538,3.362559,5862,10473,4611,5862,0,107.527,0,damping
1780604084.8087788,65.60292910000135,65765,0.039307,-0.017822,1.056396,2.198473,3.015267,-1.015267,1.057278,3.867284,5864,10478,4614,5864,1,107.527,14,damping
1780604084.839138,65.63328840000031,65797,0.046631,-0.010742,1.052734,1.29771,3.282443,-0.992366,1.053821,3.666507,5869,10485,4616,5869,0,107.527,1,damping
1780604084.8706138,65.66476410000178,65828,0.037842,-0.039795,1.050537,1.877863,2.847328,-0.847328,1.051971,3.514486,5871,10489,4618,5871,0,107.57,0,damping
1780604084.9017777,65.695928000001,65859,0.051758,-0.020996,1.062256,2.045802,3.312977,-1.022901,1.063723,4.025848,5876,10498,4622,5876,1,107.57,1,damping
1780604084.932955,65.72710540000116,65890,0.056152,-0.008301,1.056885,1.366412,3.274809,-0.694656,1.058408,3.6158,5881,10505,4624,5881,0,107.57,0,damping
1780604084.9642816,65.75843180000084,65921,0.036377,-0.024658,1.05127,1.274809,2.824427,-0.687023,1.052188,3.17404,5883,10509,4626,5883,0,107.57,1,damping
1780604084.9947257,65.78887610000675,65952,0.047607,-0.025635,1.05127,2.007634,2.755725,-1.137405,1.052659,3.594204,5885,10514,4629,5885,1,107.57,14,damping
1780604085.0268896,65.82104000000982,65983,0.045166,-0.020508,1.05542,1.51145,3.206107,-0.78626,1.056585,3.630676,5890,10521,4631,5890,0,107.57,1,damping
1780604085.0581331,65.85228350000398,66015,0.046631,-0.010742,1.052978,1.656489,2.847328,-0.992366,1.054065,3.440352,5893,10527,4634,5893,0,107.57,1,damping
1780604085.0878775,65.8820279000065,66046,0.037354,-0.03418,1.055664,2.137405,2.938931,-1.045802,1.056878,3.78147,5895,10532,4637,5895,1,107.57,14,damping
1780604085.1201818,65.91433210000105,66077,0.052002,-0.024414,1.061279,1.465649,3.458015,-0.984733,1.062833,3.882743,5900,10539,4639,5900,0,107.57,1,damping
1780604085.150712,65.94486240000697,66109,0.049805,-0.009277,1.064697,1.358779,3.122137,-0.412214,1.065902,3.42986,5902,10543,4641,5902,0,110.32,0,damping
1780604085.1822674,65.97641770000337,66140,0.042236,-0.020996,1.045166,2.244275,2.519084,-0.931298,1.04623,3.499981,5904,10555,4651,5904,1,110.32,0,damping
1780604085.2135336,66.0076839000103,66171,0.045898,-0.020752,1.053711,1.900763,2.89313,-0.984733,1.054914,3.599,5909,10562,4653,5909,0,110.32,1,damping
1780604085.245338,66.03948829999717,66202,0.046387,-0.025146,1.061035,1.740458,3.358779,-0.854962,1.062346,3.878343,5911,10566,4655,5911,0,110.32,0,damping
1780604085.2760088,66.07015919999685,66233,0.037109,-0.025146,1.050293,1.236641,2.992366,-0.648855,1.051249,3.302204,5913,10571,4658,5913,1,110.32,13,damping
1780604085.3069253,66.10107560000324,66264,0.043213,-0.025391,1.049316,1.557252,3.19084,-0.992366,1.050513,3.686636,5918,10578,4660,5918,0,110.32,7,damping
1780604085.3370202,66.13117040001089,66295,0.042236,-0.005859,1.05127,1.870229,3.580153,-0.725191,1.052134,4.103798,5922,10584,4662,5922,0,110.32,0,damping
1780604085.367799,66.16194930000347,66326,0.039307,-0.009033,1.05249,1.778626,3.076336,-0.801527,1.053263,3.642773,5924,10588,4664,5924,0,110.32,1,damping
1780604085.399087,66.19323740000254,66356,0.042236,-0.012939,1.057617,2.045802,3.099237,-0.442748,1.058539,3.739866,5927,10592,4665,5927,0,110.32,7,damping
1780604085.4299686,66.22411890000512,66387,0.037842,-0.0271,1.056641,1.717557,3.0,-0.954198,1.057665,3.586154,5931,10598,4667,5931,0,104.317,0,damping
1780604085.4601822,66.25433260000136,66418,0.043457,-0.015381,1.051758,1.694656,3.320611,-1.045802,1.052768,3.871952,5933,10604,4671,5933,0,104.317,1,damping
1780604085.505364,66.29951419999998,66449,0.053467,-0.02124,1.04248,1.70229,3.732824,-0.755725,1.044067,4.171677,5936,10609,4673,5936,1,104.317,14,damping
1780604085.5220428,66.31619310000679,66480,0.040283,-0.033691,1.059082,0.931298,2.961832,-0.839695,1.060383,3.216341,5941,10616,4675,5941,0,104.317,0,damping
1780604085.5543005,66.34845089999726,66511,0.037354,-0.022949,1.056152,1.633588,3.007634,-1.236641,1.057062,3.639197,5943,10620,4677,5943,0,104.317,1,damping
1780604085.585519,66.37966950000555,66542,0.043457,-0.024414,1.063477,1.671756,3.587786,-0.366412,1.064644,3.975077,5946,10625,4679,5946,1,104.317,14,damping
1780604085.6176674,66.41181780000625,66574,0.052246,-0.015381,1.058106,0.885496,2.870229,-0.694656,1.059506,3.082996,5951,10632,4681,5951,0,104.317,0,damping
1780604085.6498249,66.44397530000424,66606,0.043701,-0.016113,1.05542,1.389313,3.465649,-1.045802,1.056447,3.877449,5953,10636,4683,5953,0,104.317,1,damping
1780604085.6800537,66.47420409999904,66637,0.062256,-0.029785,1.058106,1.648855,3.641221,-0.305344,1.060354,4.008796,5956,10641,4685,5956,1,100.0,14,damping
1780604085.7111285,66.505278800003,66668,0.040527,-0.030762,1.056641,1.10687,2.78626,-1.038168,1.057865,3.172727,5962,10650,4688,5962,0,100.0,0,damping
1780604085.7415495,66.53569990000688,66699,0.043945,-0.026611,1.055176,1.587786,2.51145,-1.10687,1.056426,3.170743,5964,10654,4690,5964,0,100.0,1,damping
1780604085.773252,66.56740230000287,66730,0.04248,-0.019043,1.059326,1.435114,3.221374,-0.832061,1.060349,3.623414,5966,10657,4691,5966,1,100.0,16,damping
1780604085.802171,66.59632140000758,66761,0.047607,-0.008057,1.054932,1.015267,3.671756,-0.564886,1.056036,3.851189,5971,10664,4693,5971,0,100.0,0,damping
1780604085.8334715,66.62762179999845,66791,0.044922,-0.024902,1.05249,0.931298,3.305344,-0.503817,1.053743,3.470798,5973,10668,4695,5973,0,100.0,1,damping
1780604085.8646042,66.65875450000749,66822,0.041992,-0.024902,1.051758,1.78626,2.89313,-1.290076,1.05289,3.63665,5975,10675,4700,5975,1,100.0,14,damping
1780604085.8953934,66.68954370000574,66853,0.045654,-0.020752,1.05127,1.740458,3.099237,-1.061069,1.052465,3.709492,5980,10682,4702,5980,0,100.0,0,damping
1780604085.9270267,66.7211771000002,66884,0.041504,-0.025635,1.060547,1.763359,2.946565,-0.832061,1.061668,3.533271,5982,10686,4704,5982,0,100.0,0,damping
1780604085.957797,66.7519472999993,66915,0.040771,-0.02832,1.058106,1.908397,2.78626,-0.908397,1.059269,3.4972,5984,10691,4707,5984,1,100.719,14,damping
1780604085.989587,66.78373750000901,66946,0.051025,-0.016357,1.055176,1.839695,3.007634,-1.053435,1.056535,3.679682,5990,10700,4710,5990,0,100.719,1,damping
1780604086.0194507,66.81360100000165,66977,0.044189,-0.032227,1.053711,0.862595,3.160305,-0.442748,1.055129,3.305696,5992,10704,4712,5992,0,100.719,0,damping
1780604086.052271,66.84642129999702,67009,0.044922,-0.016113,1.052978,1.183206,2.916031,-0.725191,1.054059,3.229414,5994,10716,4722,5994,1,100.719,0,damping
1780604086.0843363,66.878486600006,67040,0.039307,-0.019287,1.046875,1.717557,3.038168,-1.21374,1.04779,3.695082,5999,10723,4724,5999,0,100.719,1,damping
1780604086.1151297,66.90928010000789,67072,0.040771,-0.014648,1.057861,1.80916,2.89313,-0.961832,1.058748,3.545192,6001,10727,4726,6001,0,100.719,0,damping
1780604086.1456954,66.93984580000688,67103,0.051514,-0.032959,1.054932,2.580153,2.908397,-1.259542,1.056703,4.086858,6003,10732,4729,6003,1,100.719,14,damping
1780604086.1775672,66.97171749999688,67134,0.036865,-0.018555,1.054443,1.938931,3.221374,-1.442748,1.055251,4.027186,6008,10739,4731,6008,0,100.719,1,damping
1780604086.208082,67.00223240000196,67165,0.058105,-0.033691,1.072266,1.40458,3.015267,-0.671756,1.074367,3.393514,6010,10743,4733,6010,0,104.0,0,damping
1780604086.239145,67.0332955000049,67196,0.040527,-0.034424,1.051514,1.40458,2.725191,-0.687023,1.052857,3.141896,6013,10750,4737,6013,1,104.0,2,damping
1780604086.2701337,67.06428400000732,67227,0.034912,-0.023682,1.051514,1.778626,2.709924,-1.175572,1.05236,3.448067,6017,10755,4738,6017,0,104.0,6,damping
1780604086.3019786,67.09612899999775,67258,0.046631,-0.016602,1.063232,1.519084,3.160305,-0.908397,1.064384,3.6222,6020,10759,4739,6020,0,104.0,6,damping
1780604086.3372962,67.13144670000474,67294,0.047363,-0.01709,1.047119,1.259542,2.687023,-0.954198,1.048329,3.117216,6022,10764,4742,6022,0,104.0,19,damping
1780604086.3827422,67.17689250000694,67326,0.043457,-0.037354,1.052978,1.015267,2.763359,-0.862595,1.054537,3.067734,6027,10771,4744,6027,0,104.0,0,damping
1780604086.3999798,67.19413020000502,67357,0.032715,-0.016113,1.05249,2.022901,3.221374,-1.259542,1.053122,4.006972,6029,10777,4748,6029,0,104.0,0,damping
1780604086.4312594,67.22540969999682,67388,0.057861,-0.031982,1.058594,1.832061,2.916031,-0.862595,1.060656,3.550176,6032,10782,4750,6032,1,104.0,14,damping
1780604086.462122,67.25627220000024,67419,0.041992,-0.013184,1.057373,1.099237,2.587786,-0.633588,1.058289,2.882081,6037,10789,4752,6037,0,106.299,0,damping
1780604086.493473,67.28762350000034,67451,0.027832,-0.008545,1.05542,1.389313,3.160305,-1.183206,1.055821,3.649342,6039,10793,4754,6039,0,106.299,1,damping
1780604086.524655,67.31880540000566,67482,0.044922,-0.022949,1.058106,1.931298,3.129771,-0.854962,1.059307,3.775757,6043,10800,4757,6043,1,106.299,2,damping
1780604086.5568485,67.35099890000129,67513,0.047852,-0.029785,1.05542,1.061069,2.954198,-0.78626,1.056924,3.235948,6048,10807,4759,6048,0,106.299,0,damping
1780604086.5865707,67.38072120001016,67544,0.045898,-0.026611,1.057861,1.732824,3.641221,-0.801527,1.059191,4.111401,6050,10811,4761,6050,0,106.299,1,damping
1780604086.6174407,67.4115909999964,67575,0.049805,-0.020508,1.059082,1.885496,3.114504,-0.938931,1.060451,3.759896,6053,10816,4763,6053,1,106.299,14,damping
1780604086.6488116,67.44296200000099,67606,0.038574,-0.018555,1.05249,1.778626,3.129771,-0.854962,1.05336,3.699992,6058,10823,4765,6058,0,106.299,0,damping
1780604086.6784673,67.47261759999674,67637,0.043213,-0.039307,1.058594,1.70229,2.900763,-1.10687,1.060204,3.540816,6060,10827,4767,6060,0,106.299,1,damping
1780604086.7098706,67.50402100000065,67667,0.043945,-0.026855,1.057373,1.89313,3.10687,-1.145038,1.058626,3.814144,6061,10830,4769,6061,1,106.299,17,damping
1780604086.7418592,67.53600950000691,67698,0.042969,-0.013184,1.055664,1.954198,3.167939,-1.167939,1.05662,3.901129,6066,10837,4771,6066,0,103.943,1,damping
1780604086.7733657,67.56751600001007,67730,0.041016,-0.012207,1.063965,1.152672,3.312977,-1.068702,1.064825,3.66696,6068,10841,4773,6068,0,103.943,0,damping
1780604086.8034666,67.59761700000672,67761,0.048828,-0.02832,1.058594,1.59542,3.053435,-1.114504,1.060098,3.620904,6070,10848,4778,6070,1,103.943,14,damping
1780604086.834257,67.6284072999988,67792,0.031738,-0.016113,1.050537,1.603053,3.068702,-0.900763,1.05114,3.577442,6076,10855,4779,6076,0,103.943,0,damping
1780604086.8659,67.66005030000815,67823,0.049316,-0.030029,1.054688,1.458015,2.824427,-0.938931,1.056267,3.314331,6078,10859,4781,6078,0,103.943,0,damping
1780604086.896076,67.6902262000076,67854,0.036621,-0.008301,1.046631,1.534351,2.251908,-0.938931,1.047304,2.882172,6080,10864,4784,6080,1,103.943,13,damping
1780604086.9279633,67.72211349999998,67885,0.038574,-0.025635,1.06543,1.625954,2.954198,-1.160305,1.066436,3.566136,6084,10869,4785,6084,0,103.943,6,damping
1780604086.9600477,67.7541981000104,67916,0.04834,-0.020264,1.065674,1.358779,3.473282,-0.725191,1.066962,3.799457,6088,10875,4787,6088,0,103.943,0,damping
1780604086.9926336,67.78678390001005,67949,0.043457,-0.022217,1.046875,1.725191,2.175573,-1.068702,1.048012,2.975151,6090,10888,4798,6090,1,95.618,0,damping
1780604087.022983,67.81713340000715,67980,0.035889,-0.013428,1.05542,1.618321,2.877863,-1.122137,1.056115,3.487155,6095,10895,4800,6095,0,95.618,0,damping
1780604087.0546312,67.84878169999865,68012,0.03833,-0.022949,1.053955,1.152672,3.083969,-1.10687,1.054902,3.473425,6098,10901,4803,6098,0,95.618,0,damping
1780604087.0851007,67.87925090000499,68043,0.037109,-0.03125,1.061279,1.984733,2.870229,-1.480916,1.062388,3.790843,6100,10910,4810,6100,1,95.618,1,damping
1780604087.115663,67.90981340000872,68074,0.042236,-0.012451,1.057373,1.435114,2.778626,-1.305344,1.05829,3.38884,6102,10914,4812,6102,1,95.618,3,damping
1780604087.1474867,67.94163700001081,68104,0.052734,-0.005615,1.054688,1.694656,3.389313,-0.908397,1.05602,3.896728,6105,10919,4814,6105,0,95.618,1,damping
1780604087.1776938,67.97184420000121,68135,0.05127,-0.041992,1.053711,1.687023,3.221374,-0.793893,1.055793,3.722038,6108,10926,4818,6108,1,95.618,2,damping
1780604087.208726,68.00287630000093,68166,0.039795,-0.018066,1.048584,1.21374,3.687023,-0.877863,1.049494,3.979692,6112,10931,4819,6112,0,95.618,6,damping
1780604087.2399127,68.03406299999915,68197,0.030029,-0.015137,1.052734,1.114504,3.175573,-0.664122,1.053271,3.43037,6116,10937,4821,6116,0,95.618,1,damping
1780604087.2713675,68.06551800000307,68228,0.049561,-0.02417,1.05542,1.152672,3.572519,-0.847328,1.056859,3.848313,6118,10941,4823,6118,0,100.358,0,damping
1780604087.3034136,68.09756390000985,68260,0.044678,-0.016113,1.05127,1.473282,3.076336,-0.473282,1.052342,3.443602,6122,10947,4825,6122,0,100.358,6,damping
1780604087.3337834,68.12793380000221,68291,0.049805,-0.042969,1.050537,1.992366,3.221374,-0.755725,1.052594,3.862369,6126,10953,4827,6126,0,100.358,0,damping
1780604087.3645318,68.15868200000841,68322,0.043945,-0.014648,1.056396,1.480916,3.381679,-0.908397,1.057412,3.801848,6128,10957,4829,6128,0,100.358,0,damping
1780604087.3958485,68.18999880000774,68353,0.047852,-0.019775,1.050537,2.358779,3.099237,-0.648855,1.051812,3.948432,6131,10962,4831,6131,1,100.358,14,damping
1780604087.4271612,68.22131160000572,68385,0.029297,-0.033936,1.051514,2.061069,2.977099,-0.923664,1.052469,3.736881,6136,10969,4833,6136,0,100.358,0,damping
1780604087.4592316,68.25338200000988,68416,0.048584,-0.01416,1.063477,1.801527,3.526718,-0.961832,1.06468,4.075335,6138,10975,4837,6138,0,100.358,1,damping
1780604087.4891005,68.28325069999846,68447,0.05127,-0.038086,1.056396,1.664122,3.183206,-0.679389,1.058325,3.655636,6141,10980,4839,6141,1,100.358,14,damping
1780604087.5209148,68.31506510000327,68478,0.048584,-0.034912,1.057129,1.282443,2.839695,-0.885496,1.05882,3.239233,6146,10987,4841,6146,0,112.0,1,damping
1780604087.5529559,68.34710630000336,68509,0.052002,-0.032715,1.060547,1.519084,3.175573,-0.870229,1.062325,3.62618,6148,10991,4843,6148,0,112.0,0,damping
1780604087.5831347,68.37728490000882,68540,0.034912,-0.01709,1.056396,2.068702,3.312977,-1.08397,1.057111,4.053435,6152,10998,4846,6152,1,112.0,3,damping
1780604087.6141064,68.40825670000049,68571,0.044189,-0.022217,1.061035,1.793893,2.725191,-1.206107,1.062187,3.478421,6157,11005,4848,6157,0,112.0,1,damping
1780604087.6454952,68.43964560001041,68602,0.036621,-0.034912,1.049561,1.824428,2.885496,-0.59542,1.050779,3.465422,6159,11009,4850,6159,0,112.0,0,damping
1780604087.6762042,68.4703545000084,68633,0.041016,-0.01709,1.05249,1.931298,3.099237,-1.19084,1.053428,3.841,6161,11014,4853,6161,1,112.0,14,damping
1780604087.706938,68.50108840000757,68664,0.043945,-0.02002,1.055664,1.725191,2.984733,-1.259542,1.056768,3.670335,6167,11021,4854,6167,0,112.0,0,damping
1780604087.7382977,68.53244799999811,68695,0.032471,-0.011719,1.057129,1.801527,2.580153,-0.854962,1.057692,3.260927,6169,11025,4856,6169,0,112.0,0,damping
1780604087.769043,68.56319329999678,68726,0.039062,-0.024902,1.049072,2.122137,2.969466,-1.320611,1.050095,3.881392,6170,11030,4860,6170,1,112.0,0,damping
1780604087.8014283,68.59557859999768,68758,0.038818,-0.018066,1.052246,1.732824,2.862595,-1.305344,1.053117,3.591804,6175,11037,4862,6175,0,103.571,0,damping
1780604087.8331218,68.62727219999942,68790,0.035889,-0.015137,1.051025,1.48855,2.519084,-0.946565,1.051747,3.075313,6177,11041,4864,6177,0,103.571,1,damping
1780604087.8641586,68.65830890000507,68821,0.041504,-0.023438,1.051758,2.152672,3.038168,-1.305344,1.052837,3.945679,6179,11048,4869,6179,1,103.571,14,damping
1780604087.8975587,68.69170910000685,68853,0.037354,-0.02002,1.052734,2.236641,3.274809,-0.946565,1.053587,4.077122,6184,11055,4871,6184,0,103.571,1,damping
1780604087.9278898,68.7220401000086,68885,0.031006,-0.020752,1.055908,1.984733,2.793893,-1.152672,1.056567,3.615751,6186,11059,4873,6186,0,103.571,0,damping
1780604087.958926,68.75307630001043,68916,0.046143,-0.014648,1.061035,1.534351,3.122137,-1.603053,1.062139,3.830372,6188,11064,4876,6188,1,103.571,13,damping
1780604087.9913807,68.78553100000136,68947,0.046387,-0.021729,1.057861,1.862595,3.167939,-0.854962,1.059101,3.77307,6194,11071,4877,6194,0,103.571,0,damping
1780604088.0228176,68.81696799999918,68979,0.026855,-0.024414,1.056885,1.748092,2.587786,-1.198473,1.057508,3.344966,6196,11075,4879,6196,0,103.571,0,damping
1780604088.0535123,68.84766280000622,69010,0.044678,-0.01416,1.057617,1.78626,3.251908,-1.236641,1.058655,3.910871,6198,11080,4882,6198,1,91.27,14,damping
1780604088.0839844,68.87813480000477,69041,0.043945,-0.025635,1.048584,1.51145,2.954198,-1.08397,1.049817,3.490954,6204,11087,4883,6204,0,91.27,0,damping
1780604088.113913,68.90806349999912,69072,0.03418,-0.008789,1.054443,1.633588,3.068702,-1.091603,1.055034,3.643781,6207,11093,4886,6207,0,91.27,0,damping
1780604088.1462572,68.94040750000568,69103,0.038574,-0.032471,1.052978,1.877863,2.572519,-0.992366,1.054185,3.336018,6209,11102,4893,6209,1,91.27,1,damping
1780604088.178122,68.97227230000135,69135,0.03833,-0.012939,1.060547,1.541985,2.671756,-1.251908,1.061318,3.329155,6212,11107,4895,6212,0,91.27,0,damping
1780604088.2085378,69.00268820000929,69166,0.041016,-0.016602,1.055664,1.610687,3.076336,-0.854962,1.056591,3.576187,6214,11111,4897,6214,0,91.27,0,damping
1780604088.2407346,69.03488490000018,69198,0.035156,-0.022705,1.052978,1.977099,2.732824,-1.282443,1.05381,3.608588,6217,11125,4908,6217,1,91.27,0,damping
1780604088.2720122,69.06616260000737,69229,0.032227,-0.013916,1.054932,1.396947,2.931298,-0.992366,1.055515,3.395402,6222,11132,4910,6222,0,91.27,0,damping
1780604088.3030245,69.09717490000185,69260,0.047119,-0.012939,1.05957,1.687023,2.648855,-1.267176,1.060696,3.386475,6224,11136,4912,6224,0,104.0,1,damping
1780604088.3336291,69.12777940000524,69291,0.03418,-0.020264,1.052002,1.717557,3.221374,-0.679389,1.052752,3.71333,6226,11141,4915,6226,1,104.0,14,damping
1780604088.3641553,69.1583057000098,69322,0.043213,-0.02417,1.049072,1.519084,3.022901,-0.916031,1.05024,3.504948,6230,11146,4916,6230,0,104.0,7,damping
1780604088.394396,69.18854630000715,69352,0.036133,-0.012695,1.058594,1.603053,3.183206,-0.755725,1.059286,3.643309,6234,11152,4918,6234,0,104.0,1,damping
1780604088.426563,69.22071340000548,69383,0.057617,-0.034668,1.055908,1.610687,3.343511,-0.824427,1.058047,3.801718,6236,11156,4920,6236,0,104.0,0,damping
1780604088.4600875,69.25423800000863,69414,0.053223,-0.011475,1.055908,1.755725,2.954198,-0.656489,1.057311,3.498691,6240,11162,4922,6240,0,104.0,6,damping
1780604088.4893854,69.2835355999996,69446,0.04126,-0.010742,1.067627,1.572519,3.282443,-0.694656,1.068478,3.705374,6244,11168,4924,6244,0,104.0,0,damping
1780604088.5204663,69.31461660000787,69477,0.053467,-0.034424,1.051758,1.419847,3.198473,-0.755725,1.053678,3.580128,6246,11174,4928,6246,0,104.0,0,damping
1780604088.551846,69.3459964000067,69508,0.055664,-0.013428,1.059326,1.679389,2.847328,-0.496183,1.060873,3.342727,6250,11180,4930,6250,0,104.0,7,damping
1780604088.5829039,69.37705409999762,69540,0.046631,-0.009766,1.057373,1.633588,2.961832,-0.916031,1.058446,3.504308,6253,11184,4931,6253,0,103.571,6,damping
1780604088.6142876,69.40843789999781,69571,0.045166,-0.034424,1.053223,1.526718,3.343511,-0.717557,1.054753,3.744973,6255,11188,4933,6255,0,103.571,1,damping
1780604088.6455326,69.43968300000415,69602,0.054443,-0.01709,1.044678,1.70229,3.244275,-0.29771,1.046235,3.675832,6261,11196,4935,6261,0,103.571,7,damping
1780604088.6752043,69.46935470000608,69633,0.042969,-0.038818,1.052734,1.625954,3.274809,-0.717557,1.054326,3.725988,6265,11202,4937,6265,0,103.571,0,damping
1780604088.7066731,69.50082349999866,69664,0.053711,-0.01709,1.061035,1.572519,3.503817,-0.954198,1.062531,3.957277,6267,11206,4939,6267,0,103.571,1,damping
1780604088.7387187,69.53286910000315,69695,0.048096,-0.035889,1.04834,2.343511,3.10687,-0.900763,1.050056,3.994504,6270,11211,4941,6270,1,103.571,14,damping
1780604088.7684178,69.56256830001075,69726,0.044434,-0.011475,1.055176,1.045802,3.122137,-0.862595,1.056173,3.40375,6275,11218,4943,6275,0,103.571,0,damping
1780604088.8012717,69.59542209999927,69757,0.043457,-0.036621,1.054688,1.51145,2.641221,-1.183206,1.056217,3.265044,6277,11222,4945,6277,0,103.571,0,damping
1780604088.8315465,69.6256970000104,69788,0.043213,-0.022705,1.055908,1.770992,3.122137,-1.160305,1.057036,3.772329,6279,11225,4946,6279,1,103.571,17,damping
1780604088.8638442,69.65799439999682,69820,0.042236,-0.023682,1.055908,1.091603,3.251908,-0.656489,1.057018,3.492489,6284,11232,4948,6284,0,110.714,1,damping
1780604088.894016,69.68816640001023,69851,0.043945,-0.036377,1.056152,2.198473,2.793893,-0.923664,1.057692,3.673184,6286,11236,4950,6286,0,110.714,0,damping
1780604088.9245515,69.71870179999678,69882,0.048584,-0.012451,1.061279,1.885496,3.0,-1.274809,1.062464,3.765665,6291,11243,4952,6291,1,110.714,14,damping
1780604088.9563274,69.75047780000023,69913,0.03833,-0.008545,1.05127,1.824428,2.763359,-1.145038,1.052003,3.503684,6296,11250,4954,6296,0,110.714,1,damping
1780604088.987263,69.78141330000653,69944,0.029785,-0.028564,1.058594,1.442748,2.59542,-1.137405,1.059398,3.179845,6297,11252,4955,6297,0,110.714,6,damping
1780604089.018808,69.81295829999726,69975,0.037598,-0.010742,1.059326,1.587786,3.366412,-1.206107,1.060048,3.912607,6299,11257,4958,6299,1,110.714,13,damping
1780604089.048015,69.84216539999761,70006,0.037109,-0.017578,1.056152,1.648855,2.641221,-1.0,1.05695,3.270286,6305,11266,4961,6305,0,110.714,0,damping
1780604089.0795968,69.87374710000586,70037,0.047119,-0.015625,1.0625,1.206107,3.083969,-1.122137,1.063659,3.496392,6307,11270,4963,6307,0,110.714,0,damping
1780604089.111067,69.90521750001062,70068,0.037842,-0.019531,1.055664,2.21374,2.847328,-1.068702,1.056523,3.761655,6309,11279,4970,6309,1,110.714,1,damping
1780604089.1419613,69.93611160000728,70100,0.033447,-0.015625,1.048096,1.366412,3.045802,-1.29771,1.048746,3.581626,6314,11286,4972,6314,0,107.143,0,damping
1780604089.1733773,69.96752760000527,70131,0.044678,-0.00708,1.060547,1.603053,2.763359,-0.80916,1.061511,3.295554,6316,11290,4974,6316,0,107.143,0,damping
1780604089.2055156,69.99966590000258,70163,0.038086,-0.027832,1.049805,1.877863,3.0,-1.305344,1.050864,3.772306,6318,11302,4984,6318,1,107.143,0,damping
1780604089.2359905,70.03014080000867,70193,0.037109,-0.02417,1.048096,1.671756,2.862595,-1.022901,1.049031,3.469228,6321,11307,4986,6321,0,107.143,0,damping
1780604089.267956,70.06210640000063,70225,0.033936,-0.00415,1.049072,1.541985,3.083969,-1.160305,1.049629,3.637979,6323,11311,4988,6323,0,107.143,0,damping
1780604089.2994018,70.09355200000573,70256,0.040527,-0.027832,1.054443,2.152672,2.770992,-1.381679,1.055589,3.771131,6326,11318,4992,6326,1,107.143,2,damping
1780604089.3311179,70.12526820000494,70287,0.0354,-0.015625,1.049561,1.526718,3.236641,-1.007634,1.050274,3.7178,6331,11325,4994,6331,0,107.143,0,damping
1780604089.361552,70.15570230000594,70319,0.032959,-0.012695,1.054932,1.312977,3.076336,-0.900763,1.055523,3.463976,6333,11329,4996,6333,0,107.143,0,damping
1780604089.3940215,70.1881718000077,70351,0.037109,-0.029541,1.050049,2.083969,3.351145,-1.29771,1.051119,4.154173,6334,11339,5005,6334,1,79.681,0,damping
1780604089.4248798,70.219030200009,70382,0.034424,-0.018311,1.061279,1.328244,2.778626,-1.358779,1.061995,3.366196,6340,11346,5006,6340,0,79.681,0,damping
1780604089.4558303,70.24998069999856,70413,0.045898,-0.008789,1.056396,1.564886,3.083969,-0.832061,1.05743,3.556974,6343,11352,5009,6343,0,79.681,1,damping
1780604089.4880695,70.28221990000748,70445,0.0271,-0.02124,1.045166,1.824428,2.89313,-1.274809,1.045733,3.650188,6345,11364,5019,6345,1,79.681,0,damping
1780604089.519617,70.31376750000345,70476,0.032715,-0.021484,1.049072,1.564886,3.145038,-1.076336,1.049802,3.674048,6350,11371,5021,6350,0,79.681,0,damping
1780604089.5517883,70.3459387000039,70508,0.03833,-0.026367,1.054443,0.969466,3.312977,-0.862595,1.055469,3.558054,6352,11375,5023,6352,0,79.681,1,damping
1780604089.582402,70.37655230000382,70539,0.049072,-0.017822,1.061523,1.366412,3.427481,-0.923664,1.062806,3.803664,6354,11380,5026,6354,1,79.681,14,damping
1780604089.6137872,70.40793760000088,70570,0.044189,-0.010986,1.05835,1.496183,2.923664,-1.251908,1.059329,3.514776,6359,11387,5028,6359,0,79.681,0,damping
1780604089.6448886,70.43903890000365,70601,0.038086,-0.021484,1.054932,1.793893,2.885496,-1.030534,1.055838,3.550513,6361,11391,5030,6361,0,108.0,1,damping
1780604089.6750093,70.46915950000403,70632,0.034424,-0.029785,1.052978,2.076336,2.900763,-0.748092,1.053962,3.644892,6363,11396,5033,6363,1,108.0,14,damping
1780604089.7060242,70.50017460000527,70663,0.0354,-0.01001,1.057617,1.442748,2.618321,-1.389313,1.058257,3.296561,6368,11404,5036,6368,1,108.0,3,damping
1780604089.7369437,70.5310940000054,70694,0.046143,-0.030518,1.061035,1.725191,3.328244,-0.541985,1.062476,3.787775,6371,11409,5038,6371,0,108.0,1,damping
1780604089.7685955,70.56274570000824,70726,0.051025,-0.014893,1.04834,1.381679,2.59542,-0.824427,1.049687,3.053674,6373,11421,5048,6373,1,108.0,1,damping
1780604089.7999823,70.59413270000368,70757,0.050293,-0.012207,1.063477,1.59542,3.160305,-1.08397,1.064735,3.702416,6375,11425,5050,6375,0,108.0,3,damping
1780604089.831173,70.62532340000325,70788,0.037109,-0.032227,1.056885,1.320611,3.198473,-0.923664,1.058027,3.581536,6378,11430,5052,6378,0,108.0,1,damping
1780604089.863763,70.65791350000654,70820,0.047119,-0.013672,1.050781,1.114504,3.083969,-0.694656,1.051926,3.351945,6380,11445,5065,6380,1,108.0,0,damping
1780604089.8950164,70.68916680000257,70852,0.033447,-0.012939,1.05835,1.732824,2.671756,-1.091603,1.058957,3.366386,6386,11452,5066,6386,0,99.602,1,damping
1780604089.9276822,70.72183249999944,70884,0.039307,-0.00415,1.060059,1.267176,2.824427,-0.862595,1.060795,3.213595,6388,11456,5068,6388,0,99.602,1,damping
1780604089.9587076,70.75285790000635,70915,0.042969,-0.013184,1.058594,1.717557,2.664122,-1.358779,1.059547,3.448743,6390,11461,5071,6390,1,99.602,14,damping
1780604089.9905524,70.7847027000098,70947,0.040039,-0.019775,1.046143,1.458015,2.870229,-1.015267,1.047095,3.375617,6396,11468,5072,6396,0,99.602,0,damping
1780604090.0218995,70.81604990000778,70979,0.037109,-0.029053,1.052734,1.755725,2.51145,-1.114504,1.053789,3.260686,6398,11472,5074,6398,0,99.602,0,damping
1780604090.0529623,70.84711260000768,71010,0.045166,-0.012939,1.056152,1.832061,2.801527,-1.580153,1.057197,3.701605,6400,11477,5077,6400,1,99.602,15,damping
1780604090.0846198,70.87877019999723,71041,0.04834,-0.017578,1.051514,1.732824,2.908397,-0.900763,1.052771,3.50326,6406,11484,5078,6406,0,99.602,1,damping
1780604090.1167622,70.91091250001045,71073,0.034424,-0.031982,1.050781,1.671756,3.244275,-0.78626,1.051831,3.733402,6409,11490,5081,6409,0,99.602,0,damping
1780604090.147088,70.94123840000248,71104,0.046143,-0.012939,1.050293,1.862595,2.641221,-1.51145,1.051386,3.567884,6411,11495,5084,6411,1,99.206,14,damping
1780604090.178986,70.97313640000357,71135,0.03418,-0.015381,1.049561,1.793893,2.679389,-1.015267,1.05023,3.380525,6415,11500,5085,6415,0,99.206,6,damping
1780604090.2100933,71.00424350000685,71167,0.033203,-0.021484,1.043701,1.282443,2.839695,-0.946565,1.04445,3.256457,6417,11504,5087,6417,0,99.206,0,damping
1780604090.2412806,71.03543080000964,71198,0.052734,-0.019531,1.05542,1.633588,3.229008,-1.236641,1.056917,3.824184,6420,11511,5091,6420,1,99.206,3,damping
1780604090.2723625,71.06651279999642,71229,0.035889,-0.017822,1.053711,1.427481,3.007634,-1.198473,1.054473,3.538347,6425,11518,5093,6425,0,99.206,0,damping
1780604090.302104,71.09625440000673,71260,0.036621,-0.009277,1.055908,1.534351,2.954198,-0.923664,1.056584,3.45466,6427,11522,5095,6427,0,99.206,0,damping
1780604090.3343043,71.12845470001048,71291,0.04248,-0.024658,1.050781,1.793893,3.160305,-0.839695,1.051929,3.729701,6429,11527,5098,6429,1,99.206,14,damping
1780604090.3645914,71.1587417999981,71322,0.02832,-0.010742,1.051025,1.977099,3.038168,-1.145038,1.051462,3.801381,6434,11534,5100,6434,0,99.206,0,damping
1780604090.3952053,71.1893557000003,71353,0.03833,-0.024414,1.061523,1.244275,3.114504,-0.755725,1.062496,3.437946,6436,11538,5102,6436,0,99.206,0,damping
1780604090.4279137,71.22206410000217,71385,0.048828,-0.020752,1.057129,1.824428,2.89313,-1.015267,1.058459,3.567843,6438,11550,5112,6438,1,96.085,1,damping
1780604090.4600224,71.25417270000617,71416,0.0354,-0.010742,1.049561,1.465649,2.480916,-0.954198,1.050212,3.035386,6443,11557,5114,6443,0,96.085,0,damping
1780604090.490179,71.28432940000494,71447,0.045166,-0.023926,1.067627,0.885496,3.328244,-0.854962,1.06885,3.548559,6445,11561,5116,6445,0,96.085,0,damping
1780604090.522417,71.31656750000548,71479,0.056885,-0.017578,1.047363,1.770992,2.603053,-0.351145,1.049054,3.167902,6447,11575,5128,6447,1,96.085,0,damping
1780604090.5539806,71.34813090000534,71510,0.045166,-0.012451,1.060791,1.633588,2.740458,-1.022901,1.061825,3.35038,6452,11582,5130,6452,0,96.085,0,damping
1780604090.5848708,71.37902110000141,71542,0.047119,-0.013672,1.059814,1.603053,3.419847,-0.801527,1.060949,3.861034,6453,11584,5131,6453,0,96.085,6,damping
1780604090.6160924,71.41024290000496,71573,0.032471,-0.02124,1.044434,1.679389,3.0,-0.984733,1.045154,3.576318,6455,11589,5134,6455,1,96.085,14,damping
1780604090.6473043,71.44145470000512,71604,0.040039,-0.025635,1.058106,1.358779,2.656489,-1.175572,1.059173,3.207052,6460,11597,5137,6460,0,96.085,3,damping
1780604090.678629,71.47277920000488,71635,0.043701,-0.016357,1.060303,1.305344,3.450382,-0.70229,1.061329,3.755299,6463,11602,5139,6463,0,100.0,1,damping
1780604090.7096562,71.50380659999792,71666,0.043701,-0.013916,1.045898,1.541985,3.022901,-0.358779,1.046904,3.412384,6465,11607,5142,6465,1,100.0,14,damping
1780604090.7408295,71.53497990001051,71697,0.03833,-0.030518,1.058594,1.580153,2.969466,-0.603053,1.059727,3.41735,6469,11612,5143,6469,0,100.0,6,damping
1780604090.7699292,71.56407960000797,71728,0.041016,-0.008545,1.057617,1.519084,3.267176,-0.412214,1.058447,3.626565,6473,11618,5145,6473,0,100.0,0,damping
1780604090.8014016,71.59555199999886,71758,0.041016,-0.039795,1.055176,1.610687,3.259542,-1.290076,1.056722,3.857878,6475,11622,5147,6475,0,100.0,0,damping
1780604090.8326309,71.62678130000131,71789,0.05542,-0.016113,1.055908,1.832061,3.267176,-0.748092,1.057484,3.819755,6477,11625,5148,6477,0,100.0,15,damping
1780604090.8646638,71.65881419999641,71821,0.044189,-0.018799,1.052002,1.473282,3.282443,-0.885496,1.053097,3.705279,6482,11632,5150,6482,0,100.0,0,damping
1780604090.895714,71.68986450000375,71852,0.050049,-0.020752,1.057373,1.526718,3.030534,-1.427481,1.05876,3.6814,6486,11638,5152,6486,0,100.0,0,damping
1780604090.9264219,71.72057220000715,71883,0.04541,-0.028809,1.056152,2.076336,3.068702,-0.687023,1.057521,3.768302,6489,11643,5154,6489,1,100.0,14,damping
1780604090.9580352,71.7521856000094,71914,0.032959,-0.033447,1.054932,1.335878,2.923664,-1.114504,1.055976,3.402132,6494,11650,5156,6494,0,111.111,0,damping
1780604090.9882867,71.78243720000319,71945,0.043457,-0.013672,1.061523,1.374046,3.015267,-1.274809,1.062501,3.550349,6495,11652,5157,6495,0,111.111,6,damping
1780604091.0203383,71.81448860000819,71976,0.042725,-0.024658,1.060059,1.839695,3.137405,-1.08397,1.061206,3.795099,6498,11657,5159,6498,1,111.111,14,damping
1780604091.0507429,71.8448933000036,72008,0.043457,-0.026123,1.060547,1.442748,2.854962,-1.0,1.061758,3.351467,6504,11666,5162,6504,0,111.111,0,damping
1780604091.0826762,71.876826599997,72039,0.045654,-0.022705,1.05249,1.572519,2.961832,-0.816794,1.053724,3.451437,6506,11670,5164,6506,0,111.111,1,damping
1780604091.1137443,71.90789470000891,72070,0.050049,-0.038574,1.061279,1.732824,3.137405,-0.954198,1.063159,3.708974,6509,11675,5166,6509,1,111.111,14,damping
1780604091.1451147,71.9392649000074,72102,0.052979,-0.035889,1.064453,0.793893,3.022901,-0.671756,1.066375,3.196788,6514,11682,5168,6514,0,111.111,0,damping
1780604091.1761775,71.97032780000882,72133,0.030029,-0.021973,1.047607,1.938931,2.671756,-1.419847,1.048268,3.593564,6516,11686,5170,6516,0,111.111,1,damping
1780604091.207491,72.00164129999757,72164,0.040771,-0.018066,1.051758,1.862595,3.030534,-1.10687,1.052703,3.725394,6519,11691,5172,6519,1,100.0,14,damping
1780604091.2378106,72.03196100000059,72195,0.041748,-0.011475,1.053223,1.580153,3.40458,-0.618321,1.054112,3.803994,6522,11696,5174,6522,0,100.0,0,damping
1780604091.2679625,72.06211290000647,72225,0.043213,-0.012695,1.063232,1.694656,2.80916,-0.847328,1.064186,3.388393,6524,11700,5176,6524,0,100.0,1,damping
1780604091.2986033,72.09275370000978,72256,0.042236,-0.02124,1.059082,1.671756,3.137405,-0.969466,1.060137,3.684826,6527,11707,5180,6527,1,100.0,2,damping
1780604091.3298197,72.12397010000132,72287,0.052246,-0.018799,1.056641,1.503817,2.977099,-1.198473,1.058098,3.544139,6532,11714,5182,6532,0,100.0,0,damping
1780604091.3601131,72.15426360000856,72318,0.051025,-0.026611,1.061768,1.412214,2.923664,-0.778626,1.063326,3.338925,6534,11718,5184,6534,0,100.0,0,damping
1780604091.3935525,72.18770300000324,72350,0.0354,-0.025635,1.046875,1.541985,3.083969,-0.992366,1.047787,3.587948,6535,11728,5193,6535,1,100.0,1,damping
1780604091.4237325,72.21788280000328,72381,0.043701,-0.012451,1.057129,1.160305,3.122137,-1.312977,1.058105,3.580218,6540,11735,5195,6540,0,100.0,0,damping
1780604091.4547575,72.24890790000791,72412,0.055176,-0.0271,1.064453,1.312977,3.259542,-0.954198,1.066227,3.641293,6543,11741,5198,6543,0,100.0,0,damping
1780604091.4874136,72.28156390000368,72444,0.037354,-0.025635,1.048584,1.328244,2.625954,-0.778626,1.049562,3.044031,6545,11753,5208,6545,1,92.857,0,damping
1780604091.5188928,72.31304310000269,72475,0.036865,-0.018555,1.051758,1.267176,3.198473,-1.076336,1.052567,3.604784,6550,11760,5210,6550,0,92.857,1,damping
1780604091.5500238,72.34417409999878,72507,0.037354,-0.020508,1.057861,0.969466,3.221374,-0.984733,1.058719,3.505255,6552,11764,5212,6552,0,92.857,0,damping
1780604091.581897,72.37604740000097,72538,0.036377,-0.021729,1.059082,2.007634,2.824427,-1.198473,1.059929,3.66665,6554,11769,5215,6554,1,92.857,14,damping
1780604091.61258,72.40673030000471,72570,0.043945,-0.022705,1.055176,1.70229,3.160305,-1.236641,1.056334,3.796657,6564,11780,5216,6564,0,92.857,0,damping
1780604091.6446056,72.43875610000396,72601,0.046631,-0.011475,1.054688,1.793893,3.160305,-0.778626,1.05578,3.716428,6566,11784,5218,6566,0,92.857,0,damping
1780604091.675408,72.46955819999857,72632,0.036377,-0.029297,1.048828,2.358779,2.89313,-1.366412,1.049868,3.975062,6568,11789,5221,6568,1,92.857,13,damping
1780604091.7068448,72.50099510001019,72663,0.039307,-0.021973,1.055908,2.053435,3.206107,-1.175572,1.056868,3.984682,6574,11798,5224,6574,0,92.857,0,damping
1780604091.736315,72.53046530000574,72694,0.047852,-0.032471,1.055664,1.694656,3.541985,-0.748092,1.057247,3.997144,6576,11802,5226,6576,0,124.0,0,damping
1780604091.7693763,72.56352660000266,72726,0.045898,-0.015869,1.052734,1.763359,2.923664,-0.610687,1.053854,3.468456,6578,11814,5236,6578,1,124.0,1,damping
1780604091.8005617,72.59471200000553,72757,0.033691,-0.019775,1.052734,1.51145,2.931298,-1.030534,1.053459,3.455284,6583,11821,5238,6583,0,124.0,0,damping
1780604091.8319125,72.62606290000258,72789,0.050781,-0.031982,1.058838,1.854962,3.160305,-0.618321,1.060537,3.71628,6585,11825,5240,6585,0,124.0,1,damping
1780604091.8637865,72.65793680000934,72821,0.04248,-0.033936,1.047363,1.870229,3.045802,-0.946565,1.048774,3.697384,6587,11837,5250,6587,1,124.0,0,damping
1780604091.895047,72.68919730000198,72852,0.042725,-0.019775,1.049805,1.305344,3.175573,-0.755725,1.05086,3.51558,6592,11844,5252,6592,0,124.0,0,damping
1780604091.9273043,72.7214546000032,72884,0.041748,-0.015625,1.05249,1.251908,3.061069,-0.954198,1.053434,3.44208,6594,11848,5254,6594,0,124.0,1,damping
1780604091.963856,72.7580064000067,72920,0.043945,-0.034912,1.056641,1.778626,3.167939,-1.167939,1.05813,3.816206,6598,11856,5258,6598,0,124.0,8,damping
1780604091.9945018,72.78865210000367,72952,0.051514,-0.008301,1.059082,1.694656,3.167939,-0.694656,1.060366,3.659268,6602,11862,5260,6602,0,100.775,0,damping
1780604092.0271971,72.82134750000841,72983,0.047607,-0.029297,1.052246,1.847328,2.992366,-0.862595,1.05373,3.620904,6603,11864,5261,6603,0,100.775,5,damping
1780604092.058551,72.85270149999997,73015,0.035889,-0.025879,1.047363,2.061069,2.503817,-1.099237,1.048297,3.42424,6607,11870,5263,6607,0,100.775,6,damping
1780604092.0903764,72.88452680000046,73047,0.035889,-0.022217,1.059814,1.549618,3.496183,-0.557252,1.060655,3.864601,6611,11876,5265,6611,0,100.775,1,damping
1780604092.1243215,72.91847190000408,73080,0.047119,-0.03418,1.053467,2.10687,3.19084,-0.816794,1.055074,3.909925,6613,11890,5277,6613,1,100.775,1,damping
1780604092.1566508,72.95080109999981,73112,0.049561,-0.021973,1.062988,1.580153,3.465649,-0.946565,1.06437,3.92474,6619,11897,5278,6619,0,100.775,1,damping
1780604092.1873438,72.98149420000846,73144,0.039551,-0.037354,1.051514,1.694656,2.824427,-0.946565,1.05292,3.427132,6621,11901,5280,6621,0,100.775,0,damping
1780604092.2184129,73.01256329999887,73175,0.057129,-0.022461,1.060547,2.282443,3.145038,-1.427481,1.062322,4.139869,6623,11906,5283,6623,1,100.775,14,damping
1780604092.2505572,73.04470749999746,73207,0.0354,-0.018799,1.054688,1.885496,3.198473,-0.854962,1.055449,3.810024,6628,11913,5285,6628,0,101.961,0,damping
1780604092.2820282,73.07617860000755,73238,0.034912,-0.035889,1.056885,1.633588,3.068702,-0.78626,1.05807,3.564232,6630,11917,5287,6630,0,101.961,0,damping
1780604092.3130093,73.10715950001031,73269,0.050537,-0.016357,1.055664,1.694656,3.618321,-1.351145,1.057,4.217784,6632,11922,5290,6632,1,101.961,14,damping
1780604092.3441408,73.13829119999718,73300,0.050537,-0.023193,1.056152,1.664122,2.938931,-1.122137,1.057615,3.558906,6637,11929,5292,6637,0,101.961,1,damping
1780604092.375236,73.16938649999793,73332,0.035645,-0.021973,1.061279,1.442748,3.083969,-1.0,1.062105,3.548576,6640,11935,5295,6640,0,101.961,0,damping
1780604092.405115,73.19926520000445,73362,0.032959,-0.022461,1.046875,1.870229,3.10687,-1.137405,1.047634,3.800538,6642,11942,5300,6642,1,101.961,0,damping
1780604092.4358864,73.23003679999965,73394,0.052002,-0.021973,1.056641,1.320611,3.40458,-0.839695,1.058148,3.747034,6646,11947,5301,6646,0,101.961,5,damping
1780604092.467492,73.26164240000071,73424,0.05249,-0.037354,1.053223,0.877863,3.229008,-0.824427,1.055191,3.446276,6648,11951,5303,6648,0,101.961,0,damping
1780604092.4991093,73.29325970000355,73456,0.0354,-0.012695,1.047363,1.435114,3.061069,-0.549618,1.048038,3.425168,6651,11966,5315,6651,1,101.961,1,damping
1780604092.530504,73.32465439999942,73487,0.029297,-0.021484,1.057129,1.282443,2.824427,-1.328244,1.057753,3.374356,6656,11973,5317,6656,0,100.0,0,damping
1780604092.5602882,73.35443849999865,73518,0.047852,-0.023682,1.0625,1.465649,3.435115,-1.244275,1.063841,3.936542,6658,11977,5319,6658,0,100.0,0,damping
1780604092.5907474,73.3848977000016,73548,0.039551,-0.01709,1.048584,2.076336,2.900763,-0.908397,1.049469,3.681139,6660,11982,5322,6660,1,100.0,14,damping
1780604092.6229105,73.41706089999934,73579,0.038818,-0.02002,1.059814,1.80916,2.526718,-0.885496,1.060714,3.231326,6663,11987,5324,6663,0,100.0,7,damping
1780604092.6528285,73.44697879999876,73610,0.031738,-0.016846,1.060791,1.450382,2.854962,-1.152672,1.061399,3.40339,6667,11993,5326,6667,0,100.0,1,damping
1780604092.6847553,73.47890560000087,73641,0.049561,-0.032959,1.056641,1.076336,3.236641,-1.068702,1.058316,3.574419,6668,11995,5327,6668,0,100.0,6,damping
1780604092.7153606,73.50951090001035,73672,0.056152,-0.015381,1.053711,1.496183,3.236641,-0.465649,1.055318,3.596003,6671,12000,5329,6671,0,100.0,14,damping
1780604092.7462611,73.5404114999983,73703,0.030029,-0.0354,1.046631,0.740458,3.183206,-0.862595,1.04766,3.380111,6676,12007,5331,6676,0,100.0,1,damping
1780604092.7778144,73.57196480000857,73734,0.039795,-0.023438,1.061768,1.763359,2.755725,-1.045802,1.062771,3.434699,6679,12013,5334,6679,0,100.0,0,damping
1780604092.8087611,73.6029114999983,73765,0.037354,-0.02832,1.058594,1.877863,3.572519,-0.725191,1.059631,4.10063,6682,12018,5336,6682,1,93.525,14,damping
1780604092.840996,73.63514630000282,73797,0.046387,-0.030518,1.05957,1.709924,3.221374,-0.641221,1.061024,3.703006,6687,12025,5338,6687,0,93.525,1,damping
1780604092.871831,73.6659811999998,73828,0.036133,-0.011719,1.062012,1.992366,2.824427,-1.343511,1.062691,3.70836,6689,12029,5340,6689,0,93.525,0,damping
1780604092.903474,73.69762449999689,73859,0.052734,-0.037354,1.05249,1.824428,3.541985,-0.916031,1.054472,4.08819,6693,12036,5343,6693,1,93.525,3,damping
1780604092.9325643,73.72671460000856,73890,0.031494,0.0,1.052246,1.885496,3.167939,-0.908397,1.052717,3.796856,6698,12043,5345,6698,0,93.525,0,damping
1780604092.9635649,73.75771530000202,73920,0.040039,-0.013916,1.054688,1.305344,3.183206,-0.824427,1.055539,3.537853,6700,12047,5347,6700,0,93.525,0,damping
1780604092.9946659,73.78881630000251,73951,0.042969,-0.01709,1.04834,1.984733,3.038168,-1.427481,1.049359,3.899658,6702,12052,5350,6702,1,93.525,14,damping
1780604093.0258348,73.8199852000107,73982,0.054443,-0.020508,1.056885,1.51145,3.305344,-1.114504,1.058485,3.801565,6708,12061,5353,6708,0,93.525,0,damping
1780604093.05829,73.85244030000467,74014,0.049072,-0.013428,1.058838,1.419847,2.961832,-0.946565,1.060059,3.418245,6710,12065,5355,6710,0,93.525,1,damping
1780604093.0892162,73.8833666999999,74045,0.039795,-0.025635,1.062988,1.839695,3.396947,-1.030534,1.064042,3.998215,6711,12068,5357,6711,1,103.571,17,damping
1780604093.1208656,73.91501599999901,74077,0.042725,-0.020508,1.05127,1.435114,3.122137,-1.030534,1.052337,3.58738,6716,12075,5359,6716,0,103.571,1,damping
1780604093.1517935,73.9459438000049,74108,0.04541,-0.02002,1.052246,1.366412,3.045802,-0.961832,1.053416,3.474063,6718,12079,5361,6718,0,103.571,0,damping
1780604093.1818614,73.97601169999689,74139,0.045654,-0.021484,1.057617,1.763359,3.557252,-0.938931,1.05882,4.079837,6720,12086,5366,6720,1,103.571,15,damping
1780604093.2144723,74.00862259999849,74170,0.042725,-0.016846,1.054688,1.465649,3.122137,-1.236641,1.055687,3.664035,6725,12093,5368,6725,0,103.571,1,damping
1780604093.2448547,74.03900509999949,74202,0.047119,-0.005859,1.050781,1.824428,2.78626,-0.832061,1.051853,3.432798,6727,12097,5370,6727,0,103.571,0,damping
1780604093.276417,74.07056730000477,74233,0.03418,-0.031982,1.049072,2.290076,2.557252,-1.183206,1.050116,3.630973,6729,12102,5373,6729,1,103.571,13,damping
1780604093.3077917,74.10194200000842,74264,0.039062,-0.01709,1.049805,1.656489,3.320611,-1.114504,1.05067,3.874601,6734,12109,5375,6734,0,103.571,1,damping
1780604093.3394563,74.13360660000762,74296,0.033936,-0.006836,1.047852,1.343511,2.984733,-0.847328,1.048423,3.381068,6736,12113,5377,6736,0,99.602,0,damping
1780604093.371677,74.16582730000664,74327,0.041992,-0.032227,1.049805,1.694656,2.801527,-1.10687,1.051138,3.456237,6738,12122,5384,6738,1,99.602,0,damping
1780604093.4026566,74.19680700000026,74359,0.049316,-0.016113,1.05957,1.572519,2.946565,-1.030534,1.06084,3.495292,6743,12129,5386,6743,0,99.602,1,damping
1780604093.4339058,74.22805620000872,74391,0.041504,-0.011963,1.053467,1.541985,2.908397,-0.78626,1.054352,3.384478,6746,12135,5389,6746,0,99.602,0,damping
1780604093.465493,74.25964319999912,74422,0.051514,-0.016357,1.059082,1.862595,2.946565,-1.40458,1.06046,3.758238,6748,12140,5392,6748,1,99.602,14,damping
1780604093.495958,74.2901084000041,74453,0.045166,-0.022705,1.057861,1.48855,3.465649,-0.89313,1.059068,3.876104,6753,12147,5394,6753,0,99.602,0,damping
1780604093.5271935,74.32134400001087,74484,0.043945,-0.015625,1.056396,1.435114,3.167939,-0.671756,1.057426,3.542124,6755,12151,5396,6755,0,99.602,0,damping
1780604093.557685,74.3518352000101,74516,0.03125,-0.024414,1.048584,1.694656,3.19084,-1.122137,1.049334,3.783188,6758,12164,5406,6758,1,99.602,0,damping
1780604093.5892982,74.38344859999779,74546,0.04541,-0.012939,1.05249,1.610687,2.938931,-1.015267,1.053549,3.50177,6763,12171,5408,6763,0,108.0,0,damping
1780604093.620694,74.41484430000128,74578,0.041748,-0.010986,1.05542,1.656489,3.0,-1.099237,1.056302,3.598927,6765,12175,5410,6765,0,108.0,1,damping
1780604093.6524384,74.4465887999977,74608,0.046875,0.040771,1.053955,0.129771,3.305344,-0.748092,1.055784,3.391427,6767,12180,5413,6767,1,108.0,14,damping
1780604093.6834733,74.47762380000495,74640,0.048584,-0.008057,1.053223,1.801527,2.908397,-1.137405,1.054373,3.605268,6772,12187,5415,6772,0,108.0,0,damping
1780604093.7141063,74.50825660000555,74671,0.047363,-0.017822,1.05835,1.29771,3.259542,-1.015267,1.059559,3.652319,6774,12191,5417,6774,0,108.0,1,damping
1780604093.744043,74.53819340000337,74701,0.032471,-0.021729,1.051514,1.885496,2.725191,-0.572519,1.052239,3.362966,6775,12193,5418,6775,0,108.0,5,damping
1780604093.7757018,74.56985200000054,74732,0.046143,-0.015625,1.061279,1.374046,2.969466,-0.984733,1.062397,3.416932,6779,12199,5420,6779,0,108.0,6,damping
1780604093.8071957,74.60134609999659,74764,0.044189,-0.01001,1.054199,1.381679,3.244275,-0.725191,1.055172,3.600036,6783,12205,5422,6783,0,108.0,1,damping
1780604093.838722,74.632872400005,74795,0.043457,-0.02002,1.05127,1.770992,3.412214,-0.648855,1.052358,3.898798,6785,12211,5426,6785,0,108.0,0,damping
1780604093.869199,74.66334939999797,74826,0.043457,-0.020996,1.065186,1.274809,2.984733,-0.778626,1.066278,3.337668,6789,12217,5428,6789,0,92.857,6,damping
1780604093.9002461,74.69439640000928,74858,0.056641,-0.005859,1.065186,1.832061,3.19084,-0.931298,1.066706,3.795421,6792,12221,5429,6792,0,92.857,7,damping
1780604093.9322743,74.72642479999922,74889,0.043945,-0.039795,1.043701,1.625954,3.038168,-0.381679,1.045384,3.466968,6794,12225,5431,6794,0,92.857,0,damping
1780604093.9636936,74.75784400000703,74920,0.052246,-0.012207,1.054199,1.503817,2.687023,-0.709924,1.055564,3.159992,6799,12233,5434,6799,0,92.857,6,damping
1780604093.9943013,74.78845160000492,74951,0.034668,-0.037109,1.052246,1.450382,3.076336,-1.015267,1.053471,3.549397,6803,12239,5436,6803,0,92.857,0,damping
1780604094.0255504,74.81970079999883,74982,0.041992,-0.030762,1.057373,1.51145,3.564885,-1.343511,1.058654,4.098526,6805,12243,5438,6805,0,92.857,0,damping
1780604094.0567408,74.85089120001066,75013,0.057373,-0.022461,1.058594,1.763359,3.259542,-0.687023,1.060385,3.769091,6808,12248,5440,6808,1,92.857,14,damping
1780604094.0880334,74.88218369999959,75044,0.050781,-0.032471,1.053711,1.152672,3.129771,-0.458015,1.055433,3.366585,6813,12255,5442,6813,0,92.857,0,damping
1780604094.1191103,74.9132607000065,75075,0.049561,-0.024414,1.063477,1.396947,3.145038,-0.89313,1.064911,3.555335,6815,12259,5444,6815,0,92.857,1,damping
1780604094.150092,74.94424219999928,75106,0.045898,-0.037354,1.060303,1.603053,3.175573,-0.503817,1.061953,3.592753,6817,12262,5445,6817,1,100.0,16,damping
1780604094.1817374,74.97588779999933,75138,0.04541,-0.03833,1.047119,1.122137,3.061069,-0.748092,1.048804,3.344993,6822,12269,5447,6822,0,100.0,0,damping
1780604094.2125266,75.00667680001061,75169,0.0354,-0.020264,1.053467,1.946565,3.160305,-0.923664,1.054256,3.824892,6824,12274,5450,6824,1,100.0,11,damping
1780604094.2419949,75.03614510000625,75200,0.048584,-0.029297,1.063965,2.129771,3.183206,-1.0,1.065476,3.958374,6828,12280,5452,6828,1,100.0,14,damping
1780604094.2722898,75.06644019999658,75230,0.036621,-0.008789,1.049072,2.259542,3.259542,-1.122137,1.049748,4.121812,6833,12287,5454,6833,0,100.0,0,damping
1780604094.303311,75.09746150000137,75261,0.039795,-0.025879,1.054932,1.854962,2.534351,-0.778626,1.055999,3.23575,6834,12289,5455,6834,0,100.0,6,damping
1780604094.3341238,75.12827420000394,75291,0.034668,-0.032959,1.047363,2.381679,2.931298,-1.419847,1.048455,4.034956,6836,12294,5458,6836,1,100.0,14,damping
1780604094.3652947,75.15944509999827,75322,0.039307,-0.02417,1.05127,1.793893,2.732824,-1.320611,1.052282,3.525676,6842,12303,5461,6842,0,100.0,0,damping
1780604094.3966732,75.19082360000175,75354,0.045166,-0.027588,1.054443,1.122137,2.877863,-0.839695,1.055771,3.200996,6844,12307,5463,6844,0,100.0,0,damping
1780604094.430232,75.22438240000338,75386,0.031738,-0.016602,1.047119,2.015267,3.0,-0.977099,1.047732,3.743798,6846,12319,5473,6846,1,103.571,0,damping
1780604094.461254,75.25540429999819,75417,0.038818,-0.017578,1.053711,2.053435,2.694656,-1.129771,1.054572,3.571295,6851,12326,5475,6851,0,103.571,0,damping
1780604094.492677,75.28682730000583,75449,0.034424,-0.010254,1.055664,1.145038,3.206107,-0.877863,1.056275,3.515804,6853,12330,5477,6853,0,103.571,1,damping
1780604094.5238025,75.31795290000446,75480,0.044922,-0.030029,1.051758,2.21374,3.038168,-0.755725,1.053145,3.834349,6855,12335,5480,6855,1,103.571,15,damping
1780604094.5552182,75.34936860000016,75511,0.035645,-0.013428,1.047119,1.59542,3.312977,-1.358779,1.047812,3.920135,6858,12340,5482,6858,0,103.571,0,damping
1780604094.5857458,75.37989620000008,75543,0.031982,-0.02002,1.052978,1.633588,2.534351,-1.091603,1.053654,3.206734,6860,12344,5484,6860,0,103.571,0,damping
1780604094.6174905,75.41164089999802,75574,0.037354,-0.021484,1.051758,1.946565,2.992366,-1.160305,1.05264,3.753622,6863,12351,5488,6863,1,103.571,2,damping
1780604094.6482317,75.44238220000989,75605,0.042969,-0.01416,1.059082,1.534351,2.801527,-1.175572,1.060048,3.403639,6868,12358,5490,6868,0,103.571,1,damping
1780604094.6801763,75.4743266000005,75637,0.041016,-0.005859,1.056885,1.038168,3.045802,-0.801527,1.057697,3.316194,6870,12362,5492,6870,0,95.618,0,damping
1780604094.711182,75.50533240000368,75668,0.0354,-0.026855,1.053711,2.061069,3.030534,-1.099237,1.054647,3.826286,6871,12365,5494,6871,1,95.618,18,damping
1780604094.742915,75.53706519999832,75699,0.042236,-0.015625,1.057129,1.78626,2.916031,-1.458015,1.058088,3.717495,6876,12372,5496,6876,0,95.618,1,damping
1780604094.774181,75.5683313000045,75731,0.034912,-0.008057,1.048828,1.099237,2.770992,-0.908397,1.04944,3.116393,6879,12378,5499,6879,0,95.618,0,damping
1780604094.805559,75.59970930000418,75762,0.047607,-0.033936,1.051758,2.160305,3.183206,-1.030534,1.053381,3.982678,6881,12383,5502,6881,1,95.618,14,damping
1780604094.8372204,75.63137080000888,75793,0.053223,-0.022705,1.045898,1.48855,2.961832,-1.08397,1.047498,3.487581,6886,12390,5504,6886,0,95.618,1,damping
1780604094.8692982,75.66344859999663,75825,0.034424,-0.015625,1.063232,1.160305,2.984733,-0.992366,1.063904,3.35257,6888,12394,5506,6888,0,95.618,0,damping
1780604094.9007618,75.69491210000706,75856,0.050537,-0.027832,1.056152,1.755725,3.465649,-1.19084,1.057727,4.063421,6890,12401,5511,6890,1,95.618,1,damping
1780604094.932242,75.72639219999837,75889,0.052002,-0.025146,1.056152,1.656489,3.389313,-0.885496,1.057731,3.874984,6902,12414,5512,6902,0,126.984,0,damping
1780604094.9644158,75.75856620000559,75920,0.049805,-0.018066,1.061523,1.40458,3.091603,-1.076336,1.062845,3.562212,6904,12418,5514,6904,0,126.984,0,damping
1780604094.9951346,75.7892850000062,75952,0.050781,-0.016357,1.064697,2.10687,3.221374,-1.183206,1.066033,4.026926,6906,12423,5517,6906,1,126.984,14,damping
1780604095.0274434,75.8215937000059,75983,0.040527,-0.020752,1.050537,1.961832,3.503817,-0.679389,1.051523,4.072725,6912,12432,5520,6912,0,126.984,1,damping
1780604095.0582547,75.85240499999782,76014,0.036377,-0.022461,1.054199,1.450382,2.870229,-0.770992,1.055066,3.307,6914,12436,5522,6914,0,126.984,0,damping
1780604095.0897563,75.88390650000656,76046,0.045166,-0.019043,1.063721,1.969466,3.305344,-0.938931,1.064849,3.960516,6916,12441,5525,6916,1,126.984,14,damping
1780604095.1212683,75.91541870000947,76077,0.050781,-0.02124,1.054932,1.572519,3.549618,-0.633588,1.056367,3.933706,6919,12446,5527,6919,0,126.984,0,damping
1780604095.1512468,75.9453971000039,76108,0.031982,-0.008057,1.056152,1.290076,2.816794,-1.061069,1.056667,3.274827,6921,12450,5529,6921,0,126.984,0,damping
1780604095.1818476,75.97599800000899,76139,0.057617,-0.017578,1.055664,1.641221,3.21374,-1.160305,1.057381,3.79052,6923,12457,5534,6923,1,84.0,14,damping
1780604095.2136128,76.0077631000022,76170,0.044678,-0.02002,1.058838,1.763359,3.045802,-1.458015,1.059969,3.809482,6928,12464,5536,6928,0,84.0,0,damping
1780604095.2444394,76.03858970000874,76202,0.03833,-0.012695,1.055176,1.587786,3.145038,-0.969466,1.055948,3.654065,6930,12468,5538,6930,0,84.0,0,damping
1780604095.2757792,76.06992960000935,76233,0.04248,-0.025879,1.051514,1.687023,3.045802,-1.274809,1.05269,3.707842,6932,12473,5541,6932,1,84.0,14,damping
1780604095.3069165,76.101066800009,76264,0.041748,-0.023193,1.058594,1.198473,3.396947,-0.969466,1.05967,3.730342,6937,12480,5543,6937,0,84.0,0,damping
1780604095.3385825,76.1327328000043,76295,0.036133,-0.007568,1.047119,1.633588,3.015267,-0.916031,1.04777,3.549585,6938,12482,5544,6938,0,84.0,6,damping
1780604095.3701863,76.16433660000621,76326,0.040039,-0.028809,1.052734,1.938931,3.335878,-1.160305,1.053889,4.029125,6940,12491,5551,6940,1,84.0,1,damping
1780604095.401982,76.19613240000035,76358,0.047852,-0.018066,1.062256,1.801527,2.877863,-1.045802,1.063487,3.552646,6946,12498,5552,6946,0,84.0,0,damping
1780604095.4327357,76.22688600000401,76389,0.041016,-0.027832,1.054688,2.045802,2.877863,-0.946565,1.055852,3.655596,6949,12504,5555,6949,0,104.0,1,damping
1780604095.4643364,76.25848669999687,76421,0.036621,-0.027832,1.045654,1.877863,3.122137,-1.526718,1.046665,3.950314,6951,12513,5562,6951,1,104.0,1,damping
1780604095.4954305,76.28958090000378,76452,0.041748,-0.023438,1.045166,1.435114,3.282443,-1.068702,1.046262,3.738463,6955,12518,5563,6955,0,104.0,6,damping
1780604095.5267894,76.32093970000278,76483,0.046875,-0.018311,1.057861,1.519084,2.694656,-1.114504,1.059058,3.287994,6957,12522,5565,6957,0,104.0,1,damping
1780604095.5583713,76.352521599998,76515,0.038086,-0.022949,1.049316,1.832061,3.061069,-1.160305,1.050258,3.751386,6960,12536,5576,6960,1,104.0,0,damping
1780604095.5905333,76.38468370000191,76546,0.046387,-0.018066,1.049316,1.496183,2.679389,-1.19084,1.050497,3.291776,6965,12543,5578,6965,0,104.0,1,damping
1780604095.621756,76.41590639999777,76578,0.035645,-0.019775,1.057373,1.320611,2.496183,-1.015267,1.058158,3.000952,6967,12547,5580,6967,0,104.0,1,damping
1780604095.65299,76.4471404000069,76609,0.044922,-0.018311,1.062012,1.862595,3.534351,-1.114504,1.063119,4.147652,6969,12552,5583,6969,1,104.0,14,damping
1780604095.6835425,76.47769290000724,76640,0.047363,-0.014648,1.054199,1.954198,2.610687,-1.59542,1.055364,3.630419,6974,12559,5585,6974,0,99.602,0,damping
1780604095.7145052,76.50865550000162,76672,0.040771,-0.007568,1.052978,1.183206,2.931298,-1.129771,1.053795,3.356913,6976,12563,5587,6976,0,99.602,1,damping
1780604095.7449598,76.53911009999865,76703,0.030762,-0.03125,1.056885,1.580153,3.015267,-1.251908,1.057794,3.627119,6978,12568,5590,6978,1,99.602,14,damping
1780604095.776739,76.57088929999736,76733,0.038818,-0.023682,1.056152,1.351145,2.946565,-1.030534,1.057131,3.401446,6983,12575,5592,6983,0,99.602,0,damping
1780604095.8088324,76.60298270000203,76765,0.042725,-0.021729,1.058594,1.274809,3.099237,-0.641221,1.059678,3.411975,6985,12579,5594,6985,0,99.602,1,damping
1780604095.8412158,76.63536620000377,76797,0.040527,-0.030029,1.05127,2.160305,3.122137,-1.374046,1.052479,4.037656,6987,12593,5606,6987,1,99.602,1,damping
1780604095.8734713,76.66762170000584,76830,0.049805,-0.018799,1.053955,1.603053,3.167939,-1.08397,1.055299,3.712224,6997,12605,5608,6997,0,99.602,0,damping
1780604095.9045901,76.69874049999635,76861,0.029297,-0.034912,1.056885,2.030534,2.526718,-0.885496,1.057867,3.360279,6998,12607,5609,6998,0,99.602,6,damping
1780604095.9350624,76.72921279999719,76892,0.047119,-0.014648,1.055176,1.91603,2.916031,-1.282443,1.056329,3.7174,7000,12612,5612,7000,1,103.175,14,damping
1780604095.9673502,76.76150069999858,76923,0.046143,-0.019531,1.055176,1.694656,3.152672,-0.938931,1.056365,3.700377,7006,12621,5615,7006,0,103.175,0,damping
1780604095.9983635,76.7925138999999,76955,0.041016,-0.020264,1.054199,1.824428,2.541985,-0.526718,1.055191,3.172957,7008,12625,5617,7008,0,103.175,0,damping
1780604096.030181,76.82433129999845,76986,0.043701,-0.015869,1.060059,1.931298,3.167939,-1.137405,1.061078,3.880649,7010,12630,5620,7010,1,103.175,15,damping
1780604096.062149,76.85629950001021,77017,0.035156,-0.015137,1.052246,2.167939,2.763359,-1.114504,1.052942,3.684865,7016,12637,5621,7016,0,103.175,1,damping
1780604096.092631,76.8867814999976,77049,0.034912,-0.030518,1.051025,1.641221,2.381679,-0.519084,1.052048,2.938614,7018,12641,5623,7018,0,103.175,0,damping
1780604096.124775,76.91892540000845,77080,0.055176,-0.015869,1.058838,2.007634,3.091603,-1.076336,1.060393,3.840196,7020,12646,5626,7020,1,103.175,14,damping
1780604096.1550639,76.94921430000977,77111,0.039795,-0.020752,1.051758,1.526718,3.10687,-0.717557,1.052715,3.535308,7026,12653,5627,7026,0,103.175,0,damping
1780604096.1872756,76.9814258999977,77143,0.031006,-0.029541,1.052978,1.656489,2.496183,-1.061069,1.053849,3.178168,7028,12657,5629,7028,0,111.554,0,damping
1780604096.217161,77.01131129999703,77174,0.066406,-0.019043,1.054199,1.877863,2.961832,-1.236641,1.05646,3.718615,7031,12664,5633,7031,1,111.554,2,damping
1780604096.2495356,77.043685800003,77205,0.040771,-0.01123,1.059326,1.641221,2.870229,-1.015267,1.06017,3.458698,7037,12671,5634,7037,0,111.554,0,damping
1780604096.2808948,77.07504510000581,77237,0.043945,-0.030029,1.052734,1.374046,2.725191,-0.755725,1.054079,3.144167,7039,12675,5636,7039,0,111.554,0,damping
1780604096.313064,77.1072145000071,77269,0.037354,-0.012695,1.065674,1.877863,2.870229,-0.900763,1.066404,3.54626,7041,12680,5639,7041,1,111.554,14,damping
1780604096.3433707,77.13752109999768,77300,0.040527,-0.009521,1.055908,1.709924,3.198473,-0.740458,1.056728,3.701668,7046,12687,5641,7046,0,111.554,1,damping
1780604096.3732347,77.16738500000793,77331,0.037109,-0.019043,1.059814,1.374046,2.59542,-0.877863,1.060635,3.065102,7049,12693,5644,7049,0,111.554,0,damping
1780604096.405644,77.19979440000316,77362,0.047363,-0.019775,1.063721,1.91603,3.122137,-1.160305,1.064958,3.842554,7051,12698,5647,7051,1,111.554,14,damping
1780604096.435123,77.22927330000675,77393,0.049316,-0.02002,1.059082,1.374046,2.534351,-1.0,1.060419,3.051383,7056,12705,5649,7056,0,112.0,0,damping
1780604096.4668508,77.26100120000774,77424,0.048096,-0.01001,1.062744,1.641221,3.221374,-0.877863,1.063879,3.720417,7058,12709,5651,7058,0,112.0,0,damping
1780604096.4990423,77.29319270000269,77455,0.031494,-0.02832,1.043701,1.877863,2.900763,-1.076336,1.04456,3.619295,7060,12719,5659,7060,1,112.0,0,damping
1780604096.5304167,77.32456710000406,77487,0.035156,-0.015869,1.052246,1.694656,2.89313,-1.076336,1.052953,3.521443,7065,12726,5661,7065,0,112.0,0,damping
1780604096.5627558,77.35690620000241,77518,0.046387,-0.020264,1.048096,1.656489,3.007634,-0.778626,1.049317,3.520806,7067,12730,5663,7067,0,112.0,0,damping
1780604096.5930467,77.38719700000365,77549,0.044922,-0.023193,1.053223,1.763359,3.450382,-1.251908,1.054435,4.07208,7069,12735,5666,7069,1,112.0,14,damping
1780604096.6250582,77.41920850001043,77580,0.034912,-0.015869,1.052734,1.671756,2.885496,-1.167939,1.053433,3.533403,7075,12744,5669,7075,0,112.0,0,damping
1780604096.6553042,77.44945460000599,77612,0.041504,-0.014404,1.059814,1.748092,3.282443,-1.175572,1.060725,3.900285,7077,12748,5671,7077,0,112.0,0,damping
1780604096.688026,77.48217630000727,77644,0.040527,-0.032959,1.054932,1.80916,3.427481,-1.251908,1.056224,4.072832,7079,12760,5681,7079,1,91.633,0,damping
1780604096.7195752,77.51372550000087,77675,0.044434,-0.014404,1.050537,1.59542,2.687023,-1.007634,1.051575,3.28341,7084,12767,5683,7084,0,91.633,0,damping
1780604096.7514822,77.54563249999774,77707,0.040283,-0.024414,1.055176,1.19084,3.015267,-0.916031,1.056227,3.368835,7086,12771,5685,7086,0,91.633,1,damping
1780604096.7819374,77.5760878000001,77738,0.048096,-0.019531,1.062988,1.824428,2.969466,-1.381679,1.064255,3.74904,7088,12778,5690,7088,1,91.633,14,damping
1780604096.8135152,77.60766550000699,77769,0.048096,-0.019775,1.057861,1.458015,3.045802,-1.305344,1.059139,3.620309,7093,12785,5692,7093,0,91.633,0,damping
1780604096.8447213,77.6388716000074,77801,0.041016,-0.007568,1.055908,0.938931,2.862595,-1.08397,1.056732,3.201724,7095,12789,5694,7095,0,91.633,1,damping
1780604096.8756936,77.66984400000365,77832,0.056641,-0.014404,1.069336,1.992366,3.0,-1.389313,1.070932,3.860015,7097,12794,5697,7097,1,91.633,14,damping
1780604096.9060314,77.70018179999897,77863,0.036865,-0.012939,1.050293,1.183206,3.29771,-1.015267,1.051019,3.647689,7102,12801,5699,7102,0,91.633,0,damping
1780604096.9374073,77.73155750001024,77894,0.049316,-0.018066,1.064209,1.740458,2.931298,-0.778626,1.065504,3.49685,7104,12805,5701,7104,0,100.0,1,damping
1780604096.9685051,77.7626556000032,77925,0.036865,-0.026611,1.047363,1.442748,3.091603,-0.763359,1.04835,3.496033,7106,12811,5705,7106,1,100.0,0,damping
1780604097.0007162,77.79486650000035,77956,0.041992,-0.023926,1.053467,1.274809,2.961832,-1.312977,1.054575,3.481594,7110,12816,5706,7110,0,100.0,6,damping
1780604097.0310278,77.82517820000066,77987,0.052979,-0.037109,1.063721,1.687023,3.374046,-0.549618,1.065685,3.812127,7115,12824,5709,7115,0,100.0,0,damping
1780604097.0611923,77.85534270000062,78018,0.037109,-0.008545,1.045166,1.946565,3.10687,-0.374046,1.045859,3.685331,7117,12829,5712,7117,1,100.0,15,damping
1780604097.0932705,77.8874208000052,78049,0.044922,-0.022217,1.060791,2.015267,2.793893,-0.748092,1.061974,3.525164,7121,12834,5713,7121,0,100.0,6,damping
1780604097.1231823,77.91733270000259,78080,0.037354,-0.005859,1.056885,1.694656,3.236641,-0.877863,1.057561,3.757439,7123,12838,5715,7123,0,100.0,0,damping
1780604097.1556854,77.9498356999975,78111,0.057617,-0.032471,1.055664,1.175572,3.236641,-0.580153,1.057734,3.492047,7127,12844,5717,7127,0,100.0,0,damping
1780604097.1869757,77.98112609999953,78142,0.047119,-0.015137,1.055908,1.580153,2.900763,-0.778626,1.057067,3.393754,7131,12850,5719,7131,0,100.0,6,damping
1780604097.2169313,78.01108170000953,78174,0.048828,-0.006104,1.057129,1.580153,3.076336,-0.770992,1.058274,3.543325,7135,12856,5721,7135,0,110.714,0,damping
1780604097.2492774,78.04342770000221,78205,0.049072,-0.032715,1.054688,1.656489,3.19084,-0.572519,1.056335,3.640493,7137,12860,5723,7137,0,110.714,1,damping
1780604097.2802145,78.07436490000691,78236,0.04126,-0.020752,1.053955,1.442748,3.091603,-0.671756,1.054966,3.477181,7141,12866,5725,7141,0,110.714,7,damping
1780604097.3112094,78.1053596999991,78268,0.050781,-0.012939,1.05835,1.748092,3.335878,-0.656489,1.059646,3.822942,7145,12872,5727,7145,0,110.714,0,damping
1780604097.3424244,78.13657480000984,78299,0.059082,-0.037109,1.050781,1.068702,3.40458,-0.610687,1.053095,3.620252,7147,12876,5729,7147,0,110.714,1,damping
1780604097.3734238,78.16757420000795,78330,0.035156,-0.018066,1.050537,1.725191,3.435115,-0.541985,1.05128,3.882016,7151,12882,5731,7151,0,110.714,6,damping
1780604097.4046767,78.19882710000093,78362,0.044434,-0.01416,1.062744,1.221374,3.40458,-0.564886,1.063767,3.660876,7155,12888,5733,7155,0,110.714,0,damping
1780604097.4354954,78.22964580000553,78392,0.051514,-0.033691,1.061523,1.503817,3.587786,-1.175572,1.063306,4.063945,7157,12894,5737,7157,0,110.714,1,damping
1780604097.4686751,78.26282540000102,78424,0.051758,-0.019043,1.054443,1.78626,3.435115,-0.694656,1.055885,3.93361,7161,12900,5739,7161,0,104.0,6,damping
1780604097.499764,78.29391439999745,78456,0.04248,-0.003174,1.056152,1.450382,3.167939,-0.992366,1.057011,3.622739,7165,12906,5741,7165,0,104.0,0,damping
1780604097.531228,78.32537839999713,78487,0.05249,-0.042725,1.060303,1.396947,3.427481,-0.641221,1.062461,3.756361,7167,12910,5743,7167,0,104.0,1,damping
1780604097.562655,78.35680540000612,78518,0.048828,-0.013672,1.053467,2.015267,3.083969,-0.396947,1.054686,3.705366,7172,12918,5746,7172,0,104.0,6,damping
1780604097.5998414,78.39399180001055,78555,0.046143,-0.013672,1.062744,1.664122,3.305344,-0.648855,1.063833,3.757075,7176,12924,5748,7176,0,104.0,0,damping
1780604097.6308064,78.42495690000942,78587,0.052734,-0.032715,1.052978,1.923664,2.832061,-1.221374,1.054806,3.634942,7179,12929,5750,7179,1,104.0,14,damping
1780604097.662241,78.456391300002,78618,0.03833,-0.025635,1.052002,1.145038,2.870229,-0.870229,1.053012,3.210394,7184,12936,5752,7184,0,104.0,0,damping
1780604097.6931083,78.48725869999907,78649,0.047119,-0.024902,1.064453,2.007634,2.625954,-0.984733,1.065786,3.449047,7186,12940,5754,7186,0,104.0,0,damping
1780604097.724249,78.5183992000093,78680,0.047852,-0.015869,1.057617,1.748092,3.183206,-0.954198,1.058818,3.75488,7189,12945,5756,7189,1,109.375,15,damping
1780604097.7546732,78.54882370000996,78711,0.04541,0.000732,1.051758,1.183206,3.152672,-0.664122,1.052738,3.432255,7194,12952,5758,7194,0,109.375,0,damping
1780604097.7859507,78.58010099999956,78742,0.042969,-0.028564,1.061768,1.992366,2.679389,-0.587786,1.06302,3.390302,7196,12956,5760,7196,0,109.375,0,damping
1780604097.8166502,78.6108005999995,78773,0.045898,-0.016357,1.062988,2.022901,3.129771,-1.145038,1.064104,3.898552,7199,12963,5764,7199,1,109.375,2,damping
1780604097.8480432,78.64219359999697,78804,0.040527,-0.00415,1.047607,1.89313,3.114504,-0.824427,1.048399,3.736811,7204,12970,5766,7204,0,109.375,1,damping
1780604097.8783576,78.67250800000329,78835,0.044678,-0.013428,1.057129,1.374046,2.755725,-0.847328,1.058158,3.193742,7205,12972,5767,7205,0,109.375,6,damping
1780604097.9103491,78.70449940000253,78866,0.047119,-0.01416,1.05957,1.961832,3.458015,-0.847328,1.060712,4.065048,7207,12977,5770,7207,1,109.375,14,damping
1780604097.9403694,78.73451970001042,78897,0.042236,-0.018799,1.052978,1.671756,2.847328,-1.030534,1.053993,3.458908,7212,12984,5772,7212,0,109.375,0,damping
1780604097.9712896,78.76544000000285,78928,0.052246,-0.019775,1.066894,1.625954,2.870229,-0.916031,1.068356,3.423602,7215,12990,5775,7215,0,109.375,1,damping
1780604098.0030093,78.79715959999885,78960,0.026367,-0.029785,1.046631,1.664122,3.519084,-0.870229,1.047386,3.988803,7217,13002,5785,7217,1,100.0,0,damping
1780604098.0341253,78.82827559999714,78991,0.044678,-0.015381,1.05957,1.496183,2.687023,-1.152672,1.060623,3.284404,7221,13007,5786,7221,0,100.0,6,damping
1780604098.0648708,78.85902129999886,79022,0.037354,-0.013184,1.052734,1.458015,3.137405,-0.870229,1.053479,3.56741,7223,13011,5788,7223,0,100.0,1,damping
1780604098.0973907,78.89154090000375,79054,0.039551,-0.032715,1.048584,1.908397,3.10687,-0.748092,1.049839,3.722132,7226,13025,5799,7226,1,100.0,0,damping
1780604098.1289656,78.92311590000463,79085,0.041748,-0.017578,1.056641,1.374046,3.229008,-1.206107,1.057611,3.710686,7231,13032,5801,7231,0,100.0,0,damping
1780604098.1602807,78.95443110000633,79117,0.038574,-0.011963,1.052246,1.251908,3.015267,-0.732824,1.053021,3.346064,7233,13036,5803,7233,0,100.0,1,damping
1780604098.1914732,78.98562370000582,79148,0.047852,-0.015137,1.046631,2.129771,2.923664,-1.152672,1.047833,3.796365,7235,13041,5806,7235,1,100.0,14,damping
1780604098.2237644,79.01791480000247,79179,0.043213,-0.015869,1.056152,1.748092,2.564885,-0.954198,1.057155,3.2473,7240,13048,5808,7240,0,100.0,0,damping
1780604098.2537065,79.04785670001002,79210,0.045166,-0.016846,1.05835,1.732824,3.450382,-0.862595,1.059447,3.956246,7242,13052,5810,7242,0,100.0,1,damping
1780604098.2859964,79.0801466999983,79242,0.027588,-0.029541,1.046143,1.900763,3.0,-1.099237,1.046923,3.71769,7244,13064,5820,7244,1,100.0,0,damping
1780604098.3159368,79.11008720000973,79272,0.037842,-0.015625,1.058594,1.59542,2.70229,-1.10687,1.059385,3.327596,7248,13070,5822,7248,0,100.0,3,damping
1780604098.3472588,79.14140910000424,79303,0.043945,-0.032715,1.054688,1.389313,3.152672,-0.755725,1.056109,3.527131,7251,13075,5824,7251,0,100.0,1,damping
1780604098.3786914,79.17284179999842,79335,0.039307,-0.011719,1.046875,1.564886,2.770992,-0.541985,1.047678,3.22816,7253,13089,5836,7253,1,100.0,1,damping
1780604098.4082718,79.20242210000288,79366,0.047119,-0.018311,1.055664,1.641221,2.732824,-1.29771,1.056874,3.4418,7257,13094,5837,7257,0,100.0,6,damping
1780604098.439508,79.23365829999966,79396,0.043457,-0.00293,1.063477,1.51145,3.351145,-0.938931,1.064368,3.794238,7259,13098,5839,7259,0,100.0,1,damping
1780604098.4707701,79.26492050000525,79427,0.043457,-0.022705,1.046875,1.664122,2.870229,-0.557252,1.048022,3.36423,7261,13103,5842,7261,1,100.0,14,damping
1780604098.5013292,79.29547949999687,79458,0.045654,-0.021973,1.053955,1.610687,3.10687,-0.572519,1.055172,3.546087,7266,13110,5844,7266,0,100.0,7,damping
1780604098.532108,79.32625850000477,79489,0.036133,-0.018066,1.048828,1.335878,2.885496,-1.183206,1.049606,3.392733,7270,13116,5846,7270,0,100.358,1,damping
1780604098.5637472,79.35789759999898,79520,0.040771,-0.027344,1.052734,1.427481,3.526718,-0.862595,1.053878,3.901219,7272,13120,5848,7272,0,100.358,0,damping
1780604098.595725,79.38987530001032,79552,0.044922,-0.021973,1.056641,1.564886,3.358779,-0.862595,1.057823,3.804515,7275,13126,5851,7275,0,100.358,7,damping
1780604098.628089,79.42223940000986,79584,0.040771,-0.015869,1.069092,1.847328,3.335878,-0.969466,1.069987,3.934535,7279,13132,5853,7279,0,100.358,1,damping
1780604098.6593525,79.453502999997,79615,0.05127,-0.032715,1.046387,1.755725,3.267176,-0.717557,1.048153,3.777816,7281,13136,5855,7281,0,100.358,0,damping
1780604098.6909237,79.48507409999729,79646,0.050781,-0.016113,1.053223,1.832061,2.732824,-0.854962,1.054569,3.399373,7286,13142,5856,7286,0,100.358,6,damping
1780604098.7215953,79.5157457000023,79678,0.051025,-0.004395,1.059814,1.748092,2.778626,-1.053435,1.061051,3.447653,7290,13148,5858,7290,0,100.358,1,damping
1780604098.7533436,79.54749399999855,79709,0.050537,-0.025635,1.055176,1.961832,2.954198,-0.916031,1.056696,3.662675,7293,13154,5861,7293,1,100.358,1,damping
1780604098.7845082,79.57865860000311,79740,0.042969,-0.021973,1.048096,1.847328,3.335878,-0.648855,1.049206,3.868038,7298,13160,5862,7298,0,111.554,6,damping
1780604098.8164232,79.61057360000268,79772,0.044189,-0.000977,1.063477,1.40458,3.564885,-1.045802,1.064395,3.97177,7301,13164,5863,7301,0,111.554,6,damping
1780604098.8475397,79.64169010000478,79803,0.063721,-0.038574,1.05542,1.709924,3.053435,-0.458015,1.058045,3.529459,7303,13168,5865,7303,0,111.554,0,damping
1780604098.878694,79.67284430000291,79834,0.050537,-0.018555,1.057129,1.832061,2.908397,-0.793893,1.058499,3.527816,7307,13174,5867,7307,0,111.554,6,damping
1780604098.908511,79.70266120000451,79865,0.039307,-0.008545,1.059326,1.167939,3.442748,-0.648855,1.06009,3.692913,7312,13182,5870,7312,0,111.554,1,damping
1780604098.9403057,79.7344560000056,79896,0.030518,-0.022705,1.065186,1.21374,2.89313,-1.374046,1.065864,3.425108,7314,13186,5872,7314,0,111.554,0,damping
1780604098.9702787,79.76442920000409,79927,0.047607,-0.022949,1.047363,1.572519,3.175573,-0.580153,1.048696,3.590774,7317,13191,5874,7317,1,111.554,14,damping
1780604099.0020778,79.79622820000804,79958,0.04834,-0.02832,1.062012,1.122137,2.763359,-0.854962,1.063488,3.102629,7322,13198,5876,7322,0,111.554,0,damping
1780604099.0337737,79.82792399999744,79989,0.048828,-0.013672,1.066406,1.496183,3.038168,-0.992366,1.067611,3.528997,7324,13202,5878,7324,0,111.554,0,damping
1780604099.065254,79.85940430000483,80021,0.052246,-0.026123,1.057373,1.732824,3.320611,-0.541985,1.058985,3.784559,7327,13207,5880,7327,1,103.203,14,damping
1780604099.0957954,79.88994580000872,80052,0.043213,-0.033447,1.059814,1.305344,2.824427,-0.694656,1.061222,3.188081,7332,13214,5882,7332,0,103.203,0,damping
1780604099.1271358,79.92128619999858,80083,0.049072,-0.021729,1.060791,1.412214,2.473282,-1.328244,1.062148,3.142564,7334,13218,5884,7334,0,103.203,1,damping
1780604099.158405,79.95255539999926,80114,0.047363,-0.035645,1.055908,1.641221,3.015267,-0.80916,1.057571,3.527064,7338,13225,5887,7338,1,103.203,2,damping
1780604099.190916,79.98506630001066,80146,0.043945,-0.037842,1.054199,1.045802,2.549618,-0.923664,1.055793,2.906443,7343,13232,5889,7343,0,103.203,0,damping
1780604099.2209542,80.01510450000933,80178,0.03125,-0.018311,1.059082,1.816794,2.656489,-1.427481,1.059701,3.520706,7345,13236,5891,7345,0,103.203,1,damping
1780604099.2527447,80.04689500000677,80208,0.043213,-0.021484,1.063477,1.633588,3.236641,-0.78626,1.064571,3.709806,7348,13241,5893,7348,1,103.203,14,damping
1780604099.2844136,80.07856390000961,80240,0.045898,-0.016113,1.062256,0.80916,2.984733,-1.007634,1.063369,3.252491,7353,13248,5895,7353,0,103.203,0,damping
1780604099.3157334,80.10988370000268,80271,0.042725,-0.019043,1.062012,1.114504,3.129771,-0.870229,1.063041,3.434368,7357,13254,5897,7357,0,120.0,1,damping
1780604099.3463175,80.14046780001081,80302,0.045898,-0.024658,1.061768,1.656489,2.801527,-0.687023,1.063045,3.326335,7360,13259,5899,7360,1,120.0,14,damping
1780604099.3778288,80.17197920000763,80334,0.052734,-0.025146,1.053467,1.389313,2.603053,-1.137405,1.055086,3.162241,7365,13266,5901,7365,0,120.0,0,damping
1780604099.4095159,80.20366630000353,80366,0.040039,-0.017578,1.062988,1.725191,2.832061,-1.305344,1.063887,3.563815,7367,13270,5903,7367,0,120.0,1,damping
1780604099.440638,80.23478850000538,80397,0.038574,-0.03418,1.052978,1.725191,3.541985,-0.900763,1.054239,4.04145,7370,13275,5905,7370,1,120.0,14,damping
1780604099.4714568,80.26560700000846,80428,0.046387,-0.028809,1.053955,0.839695,2.916031,-0.916031,1.055369,3.169769,7375,13282,5907,7375,0,120.0,1,damping
1780604099.5027986,80.29694880000898,80459,0.044678,-0.026855,1.058106,1.610687,3.282443,-0.816794,1.059389,3.746451,7377,13286,5909,7377,0,120.0,0,damping
1780604099.533437,80.32758730000933,80490,0.034424,-0.016113,1.055176,1.961832,3.137405,-0.763359,1.05586,3.778202,7380,13291,5911,7380,1,120.0,14,damping
1780604099.564541,80.35869140000432,80520,0.038574,-0.016846,1.055664,1.687023,2.748092,-0.908397,1.056503,3.35011,7386,13300,5914,7386,0,120.0,1,damping
1780604099.5965745,80.39072500000475,80552,0.037842,-0.028076,1.054688,1.320611,2.885496,-0.564886,1.05574,3.223228,7388,13304,5916,7388,0,110.32,0,damping
1780604099.626741,80.4208912000031,80583,0.057373,-0.018066,1.058838,1.580153,3.236641,-1.244275,1.060545,3.810636,7390,13309,5919,7390,1,110.32,14,damping
1780604099.656882,80.45103250000102,80614,0.05127,-0.023438,1.060303,1.519084,3.0,-0.572519,1.0618,3.411069,7393,13314,5921,7393,0,110.32,0,damping
1780604099.6880424,80.48219270000118,80645,0.039551,-0.018555,1.054443,1.70229,3.015267,-0.78626,1.055348,3.550751,7395,13318,5923,7395,0,110.32,0,damping
1780604099.721136,80.51528639999742,80677,0.037842,-0.025879,1.052002,1.793893,3.541985,-1.427481,1.053,4.219172,7397,13332,5935,7397,1,110.32,0,damping
1780604099.7527502,80.546900500005,80708,0.04834,-0.016602,1.052734,1.587786,3.015267,-0.854962,1.053974,3.513383,7402,13339,5937,7402,0,110.32,0,damping
1780604099.7835836,80.57773390000511,80740,0.043213,-0.016357,1.05249,1.19084,2.992366,-0.572519,1.053504,3.271106,7404,13343,5939,7404,0,110.32,0,damping
1780604099.8154452,80.60959550000553,80771,0.039307,-0.021973,1.050537,1.725191,3.328244,-1.137405,1.051502,3.917548,7406,13348,5942,7406,1,110.32,14,damping
1780604099.8463707,80.64052110000921,80802,0.047119,-0.018799,1.053955,1.48855,3.381679,-0.877863,1.055175,3.797654,7411,13355,5944,7411,0,92.0,0,damping
1780604099.8758135,80.6699637999991,80833,0.044434,-0.035889,1.05542,1.816794,3.274809,-0.717557,1.056964,3.813136,7412,13357,5945,7412,0,92.0,6,damping
1780604099.9090211,80.70317140000407,80865,0.03418,-0.033203,1.051514,1.709924,3.274809,-0.870229,1.052593,3.795459,7414,13369,5955,7414,1,92.0,1,damping
1780604099.9394228,80.73357330000727,80896,0.033447,-0.022217,1.063721,1.847328,3.0,-0.778626,1.064478,3.608169,7419,13376,5957,7419,0,92.0,0,damping
1780604099.9694912,80.7636416000023,80926,0.046631,-0.022705,1.057861,1.099237,3.274809,-0.656489,1.059132,3.516202,7422,13382,5960,7422,0,92.0,1,damping
1780604100.001424,80.7955745000072,80958,0.04834,-0.02124,1.043945,1.473282,3.366412,-0.305344,1.04528,3.687347,7424,13394,5970,7424,1,92.0,0,damping
1780604100.0328412,80.82699159999902,80989,0.037354,-0.024414,1.052246,1.534351,3.152672,-1.267176,1.053192,3.728178,7429,13401,5972,7429,0,92.0,0,damping
1780604100.064807,80.85895740000706,81021,0.055664,-0.023438,1.059082,1.625954,3.343511,-0.732824,1.060803,3.789436,7431,13405,5974,7431,0,92.0,1,damping
1780604100.097416,80.89156620000722,81053,0.053467,-0.026611,1.05127,1.816794,3.503817,-0.946565,1.052965,4.05875,7433,13417,5984,7433,1,87.649,1,damping
1780604100.1297352,80.92388560000109,81085,0.048584,-0.014893,1.048828,1.618321,3.389313,-0.839695,1.050058,3.84857,7438,13424,5986,7438,0,87.649,1,damping
1780604100.1597474,80.9538978000055,81116,0.055176,-0.015381,1.058594,1.496183,2.992366,-0.854962,1.060142,3.453082,7440,13428,5988,7440,0,87.649,0,damping
1780604100.1907384,80.98488889999862,81147,0.044678,-0.02124,1.05957,1.618321,3.374046,-0.618321,1.060724,3.792818,7442,13433,5991,7442,1,87.649,14,damping
1780604100.2217295,81.01587990000553,81178,0.039551,-0.019043,1.05249,1.885496,3.076336,-1.129771,1.053405,3.780915,7447,13440,5993,7447,0,87.649,0,damping
1780604100.2524107,81.04656090000935,81209,0.052246,-0.034668,1.063965,1.320611,3.541985,-0.450382,1.065811,3.806903,7449,13444,5995,7449,0,87.649,0,damping
1780604100.2842755,81.07842600000731,81240,0.043701,-0.020508,1.049805,1.419847,3.152672,-0.70229,1.050914,3.528246,7450,13449,5999,7450,1,87.649,0,damping
1780604100.3164382,81.11058860000048,81272,0.044678,-0.020752,1.051514,2.137405,3.328244,-0.793893,1.052667,4.03435,7456,13456,6000,7456,0,87.649,0,damping
1780604100.3482847,81.14243500000157,81304,0.036865,-0.013428,1.055176,1.725191,2.89313,-0.648855,1.055905,3.430378,7458,13460,6002,7458,0,99.602,0,damping
1780604100.3791428,81.17329320000135,81335,0.050049,-0.032471,1.05835,1.778626,3.038168,-1.351145,1.06003,3.770884,7460,13467,6007,7460,1,99.602,15,damping
1780604100.409867,81.20401739999943,81366,0.039062,-0.018799,1.057373,1.801527,3.160305,-0.885496,1.058261,3.743946,7465,13474,6009,7465,0,99.602,1,damping
1780604100.4416983,81.23584860000119,81397,0.041748,-0.013428,1.05249,1.78626,3.267176,-1.061069,1.053404,3.871825,7466,13476,6010,7466,0,99.602,6,damping
1780604100.4724069,81.26655729999766,81428,0.038086,-0.027588,1.056152,1.572519,2.633588,-0.862595,1.057199,3.186326,7468,13481,6013,7468,1,99.602,14,damping
1780604100.5049925,81.29914280000958,81460,0.047607,-0.021729,1.053711,1.48855,3.381679,-1.282443,1.05501,3.911035,7475,13490,6015,7475,0,99.602,1,damping
1780604100.5519445,81.34609479999926,81492,0.042969,-0.010498,1.063965,1.748092,2.931298,-0.580153,1.064884,3.461923,7477,13494,6017,7477,0,99.602,0,damping
1780604100.5672529,81.3614033000049,81523,0.040527,-0.030273,1.055176,2.015267,2.977099,-1.343511,1.056388,3.837896,7479,13499,6020,7479,1,99.602,15,damping
1780604100.5988357,81.39298610000696,81554,0.048096,-0.017578,1.052734,1.877863,3.290076,-0.679389,1.053979,3.848706,7484,13506,6022,7484,0,104.0,1,damping
1780604100.6298378,81.42398810001032,81586,0.036621,-0.018799,1.053467,1.541985,3.053435,-0.80916,1.054271,3.515099,7486,13510,6024,7486,0,104.0,0,damping
1780604100.6609187,81.45506910000404,81617,0.052002,-0.030273,1.059814,2.076336,2.954198,-1.419847,1.061521,3.880003,7488,13515,6027,7488,1,104.0,14,damping
1780604100.6909478,81.48509820000618,81648,0.038818,-0.019775,1.059082,1.687023,3.70229,-1.038168,1.059978,4.198904,7491,13520,6029,7491,0,104.0,1,damping
1780604100.7224762,81.51662650000071,81679,0.037842,-0.019287,1.053223,1.618321,2.961832,-0.870229,1.054079,3.4855,7493,13524,6031,7493,0,104.0,0,damping
1780604100.7548003,81.54895060000126,81710,0.033447,-0.027832,1.051514,1.832061,2.870229,-0.70229,1.052414,3.476762,7496,13531,6035,7496,1,104.0,2,damping
1780604100.785123,81.57927349999954,81741,0.031006,-0.023193,1.054443,2.137405,2.633588,-1.29771,1.055154,3.631575,7500,13536,6036,7500,1,104.0,6,damping
1780604100.8161035,81.61025369999697,81772,0.051025,-0.015381,1.059082,0.984733,3.259542,-0.793893,1.060422,3.496366,7504,13542,6038,7504,0,104.0,0,damping
1780604100.846767,81.64091719999851,81803,0.031494,-0.023682,1.045898,1.267176,2.977099,-0.435114,1.04664,3.264686,7505,13545,6040,7505,1,104.0,18,damping
1780604100.8784952,81.6726456000033,81834,0.021973,-0.015625,1.056641,1.091603,2.435115,-0.832061,1.056985,2.795301,7509,13550,6041,7509,0,89.286,7,damping
1780604100.9099205,81.70407089999935,81866,0.046631,-0.024658,1.054932,0.259542,2.938931,-0.862595,1.05625,3.073882,7514,13558,6044,7514,0,89.286,0,damping
1780604100.9418297,81.73597999999765,81897,0.035645,-0.021484,1.042725,0.229008,3.374046,-0.496183,1.043555,3.418015,7516,13563,6047,7516,1,89.286,14,damping
1780604100.9730134,81.76716370000213,81928,0.038818,-0.026367,1.058106,1.465649,2.900763,-0.908397,1.059146,3.374572,7520,13568,6048,7520,0,89.286,7,damping
1780604101.003251,81.79740140000649,81960,0.040771,-0.008789,1.062256,1.236641,3.519084,-0.954198,1.063074,3.85016,7524,13574,6050,7524,0,89.286,0,damping
1780604101.035317,81.82946730000549,81991,0.043701,-0.012207,1.047363,1.824428,3.648855,-0.625954,1.048346,4.127287,7526,13579,6053,7526,1,89.286,14,damping
1780604101.0668619,81.86101220001001,82022,0.030273,-0.019775,1.053711,2.748092,2.664122,-1.045802,1.054331,3.967777,7530,13584,6054,7530,0,89.286,7,damping
1780604101.0978124,81.89196280000033,82054,0.045166,-0.012939,1.063477,2.045802,3.290076,-1.015267,1.064514,4.005081,7534,13590,6056,7534,0,89.286,0,damping
1780604101.128789,81.92293919999793,82085,0.036377,-0.034424,1.046143,2.59542,2.961832,-0.931298,1.047341,4.046724,7536,13595,6059,7536,1,107.57,14,damping
1780604101.1597707,81.9539211000083,82116,0.036377,-0.015625,1.049561,2.259542,2.259542,-1.198473,1.050307,3.412828,7541,13602,6061,7541,0,107.57,6,damping
1780604101.1905293,81.98467960000562,82147,0.04126,-0.00415,1.058106,1.885496,2.923664,-0.931298,1.058918,3.60142,7545,13608,6063,7545,0,107.57,0,damping
1780604101.2209961,82.015146500009,82178,0.044434,-0.040283,1.051025,1.526718,2.870229,-0.961832,1.052735,3.39031,7546,13610,6064,7546,0,107.57,5,damping
1780604101.2541175,82.04826789999788,82209,0.050781,-0.02002,1.056885,1.343511,2.877863,-0.603053,1.058293,3.232768,7550,13616,6066,7550,0,107.57,6,damping
1780604101.285165,82.07931539999845,82241,0.044434,-0.004883,1.064209,1.267176,2.992366,-0.938931,1.065147,3.382541,7554,13622,6068,7554,0,107.57,0,damping
1780604101.3163903,82.11054069999955,82272,0.040527,-0.034912,1.047852,1.030534,3.0,-0.80916,1.049216,3.273644,7556,13628,6072,7556,0,107.57,1,damping
1780604101.3467445,82.14089480000257,82302,0.047119,-0.031494,1.053711,1.580153,3.091603,-0.549618,1.055234,3.515248,7559,13633,6074,7559,0,107.57,14,damping
1780604101.3775358,82.17168610000226,82334,0.036621,-0.033447,1.050293,1.251908,2.618321,-1.068702,1.051463,3.092734,7564,13640,6076,7564,0,107.57,0,damping
1780604101.4092891,82.20343950000824,82365,0.043213,-0.014893,1.058838,1.198473,3.236641,-1.137405,1.059824,3.633989,7566,13644,6078,7566,0,107.143,1,damping
1780604101.4600654,82.2542156999989,82396,0.044189,-0.035889,1.052246,1.312977,3.145038,-0.526718,1.053785,3.448566,7569,13649,6080,7569,1,107.143,14,damping
1780604101.47162,82.26577050000196,82427,0.037109,-0.036621,1.051514,0.633588,2.656489,-0.51145,1.052805,2.778479,7574,13656,6082,7574,0,107.143,0,damping
1780604101.5022368,82.29638729999715,82459,0.036133,-0.016846,1.05957,1.473282,3.198473,-1.045802,1.06032,3.673485,7576,13660,6084,7576,0,107.143,0,damping
1780604101.5344868,82.32863709999947,82490,0.053955,-0.038818,1.057129,1.80916,2.877863,-0.801527,1.059216,3.492506,7579,13665,6086,7579,1,107.143,14,damping
1780604101.565991,82.3601411999989,82522,0.047607,-0.040527,1.062744,1.335878,3.022901,-1.045802,1.064582,3.466439,7585,13674,6089,7585,0,107.143,0,damping
1780604101.5969877,82.39113810000708,82553,0.045166,-0.02417,1.062988,1.908397,2.908397,-1.236641,1.064222,3.691888,7587,13678,6091,7587,0,107.143,0,damping
1780604101.6282806,82.42243089999829,82584,0.043457,-0.034424,1.052734,2.167939,2.938931,-0.748092,1.054193,3.727857,7589,13681,6092,7589,1,107.143,16,damping
1780604101.659387,82.453537399997,82615,0.034912,-0.040039,1.054932,1.236641,2.664122,-1.015267,1.056268,3.107667,7594,13688,6094,7594,0,112.0,0,damping
1780604101.6913927,82.48554290000175,82647,0.050537,-0.018311,1.065186,1.816794,3.007634,-1.366412,1.066541,3.770104,7597,13694,6097,7597,0,112.0,1,damping
1780604101.7222319,82.5163823000039,82678,0.041016,-0.033691,1.057373,1.847328,3.419847,-0.709924,1.058704,3.951198,7600,13699,6099,7600,1,112.0,15,damping
1780604101.7533674,82.54751780000515,82709,0.040771,-0.026611,1.053467,1.290076,3.419847,-0.839695,1.054591,3.750298,7605,13706,6101,7605,0,112.0,1,damping
1780604101.7846398,82.5787902000011,82740,0.050049,-0.032471,1.053223,2.030534,3.259542,-1.007634,1.054911,3.970265,7607,13710,6103,7607,0,112.0,0,damping
1780604101.8156497,82.60980000000563,82771,0.043213,-0.019287,1.059814,2.160305,3.664122,-1.022901,1.06087,4.374818,7610,13715,6105,7610,1,112.0,13,damping
1780604101.845843,82.63999340000737,82802,0.056396,-0.020996,1.057129,2.282443,3.137405,-0.854962,1.05884,3.972885,7615,13722,6107,7615,0,112.0,1,damping
1780604101.8772073,82.67135770000459,82833,0.04126,-0.032715,1.050049,1.824428,2.862595,-1.015267,1.051368,3.543128,7617,13726,6109,7617,0,112.0,0,damping
1780604101.908215,82.70236550000845,82864,0.040771,-0.018066,1.046631,1.687023,3.40458,-1.045802,1.04758,3.940928,7619,13731,6112,7619,1,112.0,14,damping
1780604101.9404519,82.73460209999757,82895,0.04541,-0.018799,1.060791,1.656489,3.10687,-1.198473,1.061929,3.719266,7624,13738,6114,7624,0,107.143,0,damping
1780604101.9708717,82.76502200000687,82927,0.034424,-0.024902,1.049072,1.305344,2.793893,-0.870229,1.049932,3.204225,7628,13744,6116,7628,0,107.143,0,damping
1780604102.002685,82.79683550000482,82958,0.040283,-0.029785,1.05835,1.10687,3.259542,-1.374046,1.059535,3.706451,7630,13749,6119,7630,1,107.143,14,damping
1780604102.0326438,82.82679410000856,82989,0.038818,-0.015869,1.053711,0.977099,2.916031,-0.916031,1.054545,3.208905,7633,13754,6121,7633,0,107.143,0,damping
1780604102.0654593,82.85960959999647,83021,0.036377,-0.02832,1.050537,1.312977,2.374046,-0.793893,1.051548,2.826706,7635,13758,6123,7635,0,107.143,0,damping
1780604102.0957465,82.8898967999994,83052,0.042725,-0.019775,1.060791,1.91603,2.923664,-1.366412,1.061835,3.753141,7638,13765,6127,7638,1,107.143,1,damping
1780604102.127498,82.92164820000471,83083,0.039795,-0.01416,1.056152,2.045802,3.152672,-1.152672,1.056997,3.931068,7643,13772,6129,7643,0,107.143,0,damping
1780604102.1591873,82.95333770000434,83115,0.025879,-0.026123,1.059814,1.59542,2.633588,-1.152672,1.060452,3.287826,7645,13776,6131,7645,0,107.143,1,damping
1780604102.18992,82.98407020000741,83146,0.046143,-0.020264,1.058106,1.473282,3.389313,-1.290076,1.059305,3.914371,7647,13781,6134,7647,1,91.633,14,damping
1780604102.2219753,83.01612559999921,83177,0.036621,-0.02124,1.052734,1.343511,3.648855,-1.10687,1.053585,4.042812,7653,13788,6135,7653,0,91.633,1,damping
1780604102.2522986,83.04644890000054,83209,0.040283,-0.008057,1.051025,1.038168,3.122137,-1.328244,1.051828,3.548206,7655,13792,6137,7655,0,91.633,1,damping
1780604102.2853227,83.079473100006,83240,0.042725,-0.021973,1.059326,2.030534,3.381679,-1.167939,1.060415,4.113746,7657,13797,6140,7657,1,91.633,14,damping
1780604102.3174155,83.1115659000061,83272,0.047119,-0.022705,1.053467,2.030534,2.977099,-1.312977,1.054764,3.835374,7663,13804,6141,7663,0,91.633,0,damping
1780604102.347641,83.14179130000412,83304,0.04126,-0.037598,1.056396,1.793893,2.40458,-1.206107,1.05787,3.233381,7665,13808,6143,7665,0,91.633,0,damping
1780604102.378957,83.17310729999735,83335,0.03833,-0.019775,1.059326,2.229008,3.465649,-1.183206,1.060204,4.287094,7667,13815,6148,7667,1,91.633,15,damping
1780604102.4098904,83.20404070000222,83366,0.048584,-0.017578,1.057129,1.664122,3.175573,-1.091603,1.058391,3.747687,7673,13822,6149,7673,0,91.633,1,damping
1780604102.4421215,83.23627180000767,83398,0.027832,-0.030273,1.053955,1.427481,2.80916,-0.877863,1.054757,3.271044,7674,13824,6150,7674,0,107.143,6,damping
1780604102.4725726,83.26672290000715,83429,0.044189,-0.02002,1.052734,1.48855,3.259542,-1.648855,1.053852,3.944504,7676,13829,6153,7676,1,107.143,13,damping
1780604102.503743,83.29789329999767,83460,0.039795,-0.020752,1.061035,1.740458,3.175573,-1.053435,1.061984,3.771363,7683,13838,6155,7683,0,107.143,0,damping
1780604102.534755,83.32890540000517,83491,0.052002,-0.019531,1.058594,1.78626,3.221374,-0.824427,1.06005,3.774607,7685,13842,6157,7685,0,107.143,0,damping
1780604102.5661256,83.36027610000747,83522,0.027588,-0.022705,1.044434,2.29771,3.267176,-1.267176,1.045045,4.190422,7687,13852,6165,7687,1,107.143,0,damping
1780604102.61431,83.4084603000083,83553,0.031738,-0.015137,1.054932,1.80916,2.610687,-1.229008,1.055517,3.405761,7692,13859,6167,7692,0,107.143,0,damping
1780604102.6283345,83.42248480000126,83585,0.03418,-0.007324,1.056885,1.572519,2.938931,-1.053435,1.057463,3.495691,7694,13863,6169,7694,0,107.143,1,damping
1780604102.6615949,83.45574520000082,83617,0.031494,-0.02832,1.050049,1.832061,2.977099,-1.236641,1.050903,3.707944,7696,13873,6177,7696,1,107.143,0,damping
1780604102.692677,83.48682740000368,83648,0.039062,-0.015625,1.052978,1.671756,2.770992,-1.061069,1.053819,3.405735,7699,13878,6179,7699,0,100.0,0,damping
1780604102.7232802,83.51743059999717,83679,0.050293,-0.035156,1.057861,1.778626,2.969466,-0.885496,1.059639,3.572862,7701,13882,6181,7701,0,100.0,1,damping
1780604102.7541764,83.54832670000906,83710,0.03833,-0.034912,1.060303,2.366412,2.862595,-0.793893,1.06157,3.797976,7704,13889,6185,7704,1,100.0,2,damping
1780604102.7864673,83.58061770000495,83742,0.044189,-0.019531,1.062256,2.129771,3.061069,-0.961832,1.063354,3.851128,7709,13896,6187,7709,0,100.0,0,damping
1780604102.8173106,83.61146090000693,83774,0.042236,-0.00708,1.049561,1.358779,3.229008,-0.954198,1.050434,3.630876,7711,13900,6189,7711,0,100.0,1,damping
1780604102.8490455,83.64319580000301,83805,0.034912,-0.025879,1.044189,2.305344,2.763359,-1.480916,1.045093,3.891513,7713,13905,6192,7713,1,100.0,14,damping
1780604102.8807304,83.67488069999672,83836,0.039062,-0.015137,1.053711,1.587786,3.282443,-1.374046,1.054543,3.896601,7718,13912,6194,7718,0,100.0,0,damping
1780604102.9113584,83.70550860000367,83867,0.047852,-0.019043,1.053711,1.389313,3.045802,-0.847328,1.054969,3.453268,7722,13918,6196,7722,0,100.0,1,damping
1780604102.943343,83.73749320000934,83898,0.035156,-0.024414,1.049316,1.671756,2.51145,-0.854962,1.050189,3.135779,7724,13926,6202,7724,1,100.0,1,damping
1780604102.9744828,83.7686332000012,83930,0.043457,-0.021484,1.051025,1.564886,3.152672,-1.305344,1.052143,3.753948,7729,13933,6204,7729,0,100.0,1,damping
1780604103.006244,83.80039440000837,83962,0.036133,-0.009521,1.043945,1.351145,3.007634,-1.21374,1.044614,3.513491,7731,13937,6206,7731,0,100.0,0,damping
1780604103.0373585,83.8315089000098,83993,0.046875,-0.023926,1.053955,1.908397,2.908397,-1.396947,1.055268,3.748628,7733,13942,6209,7733,1,100.0,15,damping
1780604103.0690637,83.863214099998,84025,0.037354,-0.020752,1.055908,1.610687,2.916031,-0.89313,1.056772,3.448946,7745,13956,6211,7745,0,100.0,0,damping
1780604103.0997865,83.89393679999921,84056,0.036621,-0.004395,1.059326,1.312977,3.137405,-0.877863,1.059968,3.512529,7747,13960,6213,7747,0,100.0,0,damping
1780604103.1312287,83.92537900000752,84087,0.042236,-0.019531,1.057617,1.465649,3.175573,-1.442748,1.05864,3.783373,7749,13965,6216,7749,1,100.0,14,damping
1780604103.163613,83.95776350000233,84119,0.046875,-0.018555,1.053223,1.351145,3.007634,-0.885496,1.054429,3.414024,7755,13974,6219,7755,0,100.0,1,damping
1780604103.19377,83.98792040000262,84150,0.039795,-0.011963,1.057129,1.480916,3.045802,-0.908397,1.057945,3.506452,7757,13978,6221,7757,0,130.952,0,damping
1780604103.2316544,84.02580470000976,84187,0.045654,-0.029053,1.057373,2.129771,2.648855,-1.435114,1.058757,3.689432,7760,13984,6224,7760,0,130.952,7,damping
1780604103.2631562,84.057306600007,84218,0.04126,-0.005859,1.056396,1.328244,3.832061,-0.916031,1.057218,4.157888,7762,13988,6226,7762,0,130.952,0,damping
1780604103.2933455,84.08749580000585,84249,0.056885,-0.038818,1.049072,1.755725,2.755725,-0.534351,1.05133,3.31091,7765,13994,6229,7765,0,130.952,0,damping
1780604103.3239436,84.11809400000493,84280,0.041016,-0.014893,1.058838,1.763359,2.793893,-0.59542,1.059737,3.357052,7770,14000,6230,7770,0,130.952,7,damping
1780604103.3543072,84.14845760000753,84311,0.035645,-0.004883,1.056885,1.763359,3.045802,-0.51145,1.057497,3.556392,7774,14006,6232,7774,0,130.952,0,damping
1780604103.3991227,84.1932730999979,84342,0.049316,-0.033447,1.05542,1.122137,3.557252,-0.900763,1.057101,3.837266,7776,14010,6234,7776,0,130.952,1,damping
1780604103.4179053,84.2120556000009,84373,0.049561,-0.01709,1.060059,1.473282,2.847328,-0.954198,1.061354,3.344897,7780,14016,6236,7780,0,130.952,7,damping
1780604103.4484727,84.2426231999998,84405,0.046631,0.000488,1.063477,1.465649,3.068702,-0.80916,1.064498,3.495683,7784,14022,6238,7784,0,105.882,0,damping
1780604103.479708,84.273858200002,84436,0.047119,-0.041992,1.051758,1.282443,3.198473,-0.954198,1.05365,3.575666,7786,14026,6240,7786,0,105.882,1,damping
1780604103.511967,84.30611740000313,84467,0.051025,-0.015137,1.057617,1.59542,3.366412,-0.763359,1.058956,3.802738,7789,14032,6243,7789,0,105.882,6,damping
1780604103.5435607,84.33771110000089,84499,0.039062,-0.009766,1.049805,1.557252,3.312977,-0.709924,1.050577,3.72892,7793,14038,6245,7793,0,105.882,0,damping
1780604103.5750194,84.36916960000235,84530,0.044922,-0.030273,1.044434,1.328244,3.030534,-0.748092,1.045837,3.392346,7795,14044,6249,7795,0,105.882,1,damping
1780604103.6059654,84.40011580000282,84562,0.033447,-0.018799,1.056152,2.0,2.984733,-0.763359,1.056849,3.673057,7798,14050,6252,7798,0,105.882,7,damping
1780604103.637764,84.43191430000297,84593,0.046875,-0.005371,1.061768,1.679389,2.89313,-0.80916,1.062815,3.441698,7800,14054,6254,7800,0,105.882,0,damping
1780604103.6675973,84.46174759999849,84624,0.043457,-0.040283,1.057373,1.519084,3.435115,-1.0,1.059032,3.886853,7802,14058,6256,7802,0,105.882,1,damping
1780604103.6989946,84.4931448999996,84654,0.057861,-0.022461,1.050781,2.137405,3.274809,-0.832061,1.052613,3.998149,7806,14065,6259,7806,1,105.882,2,damping
1780604103.730897,84.5250473000051,84686,0.046387,-0.015869,1.061279,1.557252,3.068702,-0.824427,1.062411,3.538594,7811,14072,6261,7811,0,96.085,0,damping
1780604103.761354,84.55550440000661,84717,0.046387,-0.022705,1.059326,1.664122,3.778626,-0.870229,1.060584,4.219552,7813,14076,6263,7813,0,96.085,1,damping
1780604103.791938,84.58608850000019,84748,0.048584,-0.032959,1.052246,1.748092,3.045802,-0.725191,1.053883,3.585894,7816,14081,6265,7816,1,96.085,14,damping
1780604103.823298,84.61744840000756,84779,0.052734,-0.025146,1.056641,1.122137,3.290076,-0.900763,1.058254,3.590984,7821,14088,6267,7821,0,96.085,0,damping
1780604103.8548203,84.6489705999993,84811,0.044678,-0.032715,1.05542,1.625954,3.183206,-1.045802,1.056872,3.724276,7825,14094,6269,7825,0,96.085,1,damping
1780604103.8864381,84.68058860000747,84842,0.052246,-0.021729,1.047363,2.083969,3.557252,-0.458015,1.048891,4.148102,7828,14099,6271,7828,1,96.085,14,damping
1780604103.918027,84.71217720001005,84873,0.04834,-0.037354,1.063965,1.610687,3.160305,-1.068702,1.065717,3.704587,7833,14106,6273,7833,0,96.085,0,damping
1780604103.948651,84.74280150000413,84905,0.05542,-0.019043,1.0625,1.877863,3.381679,-0.870229,1.064115,3.964772,7835,14110,6275,7835,0,96.085,1,damping
1780604103.9807343,84.77488480000466,84936,0.054688,-0.018066,1.054199,2.259542,3.312977,-0.564886,1.055771,4.049746,7838,14115,6277,7838,1,108.0,14,damping
1780604104.012033,84.80618339999637,84967,0.039307,-0.047852,1.053223,1.603053,3.374046,-0.969466,1.055042,3.859252,7842,14120,6278,7842,0,108.0,6,damping
1780604104.0428996,84.83704990000115,84998,0.050293,-0.027832,1.052734,1.709924,3.320611,-0.854962,1.054302,3.831612,7844,14124,6280,7844,0,108.0,1,damping
1780604104.074436,84.86858629999915,85029,0.046143,-0.028564,1.061768,1.89313,3.038168,-0.671756,1.063154,3.642206,7847,14129,6282,7847,1,108.0,14,damping
1780604104.103599,84.89774939999916,85060,0.057861,0.001953,1.056885,1.503817,3.045802,-0.938931,1.058469,3.524197,7853,14138,6285,7853,0,108.0,0,damping
1780604104.1344626,84.9286129000102,85091,0.039551,-0.022949,1.05542,1.755725,2.519084,-1.045802,1.05641,3.243772,7855,14142,6287,7855,0,108.0,1,damping
1780604104.1656215,84.95977190000121,85121,0.047607,-0.018799,1.058594,1.748092,2.824427,-1.282443,1.05983,3.5606,7857,14147,6290,7857,1,108.0,14,damping
1780604104.196572,84.99072240000532,85152,0.045898,-0.014893,1.052734,1.519084,2.648855,-1.541985,1.05384,3.420784,7860,14152,6292,7860,0,108.0,0,damping
1780604104.2279117,85.02206200000364,85183,0.036621,-0.020996,1.053711,1.541985,2.916031,-0.717557,1.054556,3.375773,7862,14156,6294,7862,0,108.0,1,damping
1780604104.2603915,85.05454189999728,85215,0.048828,-0.019043,1.049561,2.007634,2.717557,-0.984733,1.050868,3.519291,7864,14170,6306,7864,1,93.19,1,damping
1780604104.2916813,85.08583160000853,85247,0.042969,-0.01123,1.052002,2.083969,2.954198,-0.648855,1.052939,3.673041,7869,14177,6308,7869,0,93.19,1,damping
1780604104.3219957,85.1161460000003,85278,0.03833,-0.015381,1.061523,1.435114,2.664122,-0.992366,1.062327,3.184634,7871,14181,6310,7871,0,93.19,1,damping
1780604104.3523915,85.14654190000147,85309,0.048096,-0.020996,1.05835,1.580153,3.916031,-1.0,1.05965,4.339606,7873,14186,6313,7873,1,93.19,14,damping
1780604104.3823326,85.17648300000292,85339,0.036377,-0.025635,1.051758,1.091603,2.717557,-1.183206,1.052699,3.15859,7878,14193,6315,7878,0,93.19,0,damping
1780604104.4239593,85.21810959999857,85370,0.036377,-0.012939,1.067139,1.19084,3.580153,-0.725191,1.067837,3.842069,7880,14197,6317,7880,0,93.19,1,damping
1780604104.4456232,85.23977359999844,85401,0.046875,-0.02417,1.053955,1.557252,3.320611,-0.435114,1.055274,3.693347,7882,14203,6321,7882,1,93.19,0,damping
1780604104.4763126,85.27046310000878,85432,0.042969,-0.02124,1.061523,1.671756,3.022901,-1.053435,1.062605,3.611429,7886,14208,6322,7886,0,93.19,7,damping
1780604104.5063593,85.30050969999866,85463,0.040283,0.0,1.062256,1.824428,3.343511,-0.770992,1.063019,3.886134,7891,14216,6325,7891,0,93.19,1,damping
1780604104.5374699,85.33162009999796,85493,0.039551,-0.0271,1.056152,1.137405,3.099237,-0.908397,1.05724,3.424054,7893,14220,6327,7893,0,104.317,0,damping
1780604104.56917,85.36332040000707,85524,0.057373,-0.025146,1.046875,1.717557,3.358779,-0.633588,1.048748,3.825288,7896,14224,6328,7896,0,104.317,6,damping
1780604104.6001494,85.39429979999841,85556,0.047119,-0.009277,1.050049,1.603053,3.099237,-0.908397,1.051146,3.605584,7900,14230,6330,7900,0,104.317,1,damping
1780604104.6321826,85.42633300001035,85587,0.047607,-0.036621,1.052246,1.053435,3.167939,-0.725191,1.053959,3.416352,7903,14236,6333,7903,0,104.317,1,damping
1780604104.6631968,85.45734710000397,85619,0.054688,-0.018555,1.051758,1.564886,3.114504,-0.541985,1.053342,3.527428,7906,14242,6336,7906,0,104.317,6,damping
1780604104.6951714,85.48932180000702,85651,0.039795,-0.023926,1.062012,1.48855,3.320611,-1.022901,1.063026,3.780021,7910,14248,6338,7910,0,104.317,0,damping
1780604104.7284935,85.52264370000921,85684,0.041748,-0.024902,1.057129,1.389313,2.351145,-1.015267,1.058246,2.913562,7912,14261,6349,7912,1,104.317,0,damping
1780604104.7610092,85.55515960000048,85716,0.039795,-0.016113,1.050049,1.641221,2.580153,-1.412214,1.050926,3.368255,7917,14268,6351,7917,0,104.317,0,damping
1780604104.7924051,85.58655560000625,85748,0.031494,-0.016357,1.050781,1.305344,3.145038,-0.70229,1.05138,3.476837,7920,14274,6354,7920,0,105.882,0,damping
1780604104.824893,85.61904340000183,85780,0.050293,-0.012939,1.064209,2.129771,3.236641,-1.175572,1.065475,4.048919,7922,14279,6357,7922,1,105.882,14,damping
1780604104.853464,85.64761420000286,85811,0.043701,0.001221,1.052002,1.587786,3.167939,-0.847328,1.05291,3.643469,7927,14286,6359,7927,0,105.882,0,damping
1780604104.8845203,85.67867059999844,85841,0.031738,-0.00708,1.051025,1.366412,3.152672,-0.870229,1.051528,3.544534,7929,14290,6361,7929,0,105.882,0,damping
1780604104.9159234,85.7100735999993,85872,0.038574,-0.029297,1.053467,1.70229,2.549618,-1.465649,1.05458,3.39801,7931,14300,6369,7931,1,105.882,0,damping
1780604104.9479408,85.74209120000887,85903,0.034912,-0.016602,1.056885,1.557252,2.78626,-0.931298,1.057591,3.324995,7936,14307,6371,7936,0,105.882,1,damping
1780604104.9793139,85.77346419999958,85935,0.040283,-0.016113,1.053955,1.427481,2.732824,-0.862595,1.054848,3.201578,7938,14311,6373,7938,0,105.882,0,damping
1780604105.0100598,85.80421020000358,85966,0.040039,-0.023438,1.052734,1.671756,2.793893,-1.152672,1.053756,3.453876,7940,14316,6376,7940,1,105.882,13,damping
1780604105.042136,85.83628630000749,85998,0.032715,-0.015381,1.051514,1.770992,2.778626,-1.10687,1.052135,3.475966,7946,14325,6379,7946,0,104.0,1,damping
1780604105.0742695,85.86841979999735,86029,0.049316,-0.013672,1.058594,1.343511,3.259542,-0.870229,1.05983,3.631382,7948,14329,6381,7948,0,104.0,0,damping
1780604105.1043897,85.89854000000923,86060,0.037354,-0.027344,1.047363,2.015267,3.053435,-1.244275,1.048386,3.864322,7949,14332,6383,7949,1,104.0,18,damping
1780604105.1356096,85.92975989999832,86091,0.036133,-0.018311,1.052978,1.442748,2.770992,-1.061069,1.053757,3.299362,7955,14339,6384,7955,0,104.0,1,damping
1780604105.1668437,85.96099390000745,86123,0.03125,-0.011963,1.05542,1.450382,2.793893,-0.908397,1.05595,3.276374,7957,14343,6386,7957,0,104.0,0,damping
1780604105.1989024,85.9930527000106,86154,0.047119,-0.019775,1.055908,2.083969,2.992366,-1.328244,1.057144,3.880904,7959,14350,6391,7959,1,104.0,15,damping
1780604105.2293162,86.02346670000406,86185,0.033936,-0.016846,1.04834,1.267176,2.877863,-1.29771,1.049024,3.401746,7964,14357,6393,7964,0,104.0,1,damping
1780604105.2603152,86.05446559999837,86216,0.046875,-0.0354,1.055176,1.51145,3.412214,-0.961832,1.05681,3.853934,7966,14361,6395,7966,0,104.0,1,damping
1780604105.2913272,86.08547750000434,86247,0.046387,-0.029785,1.052734,1.519084,3.015267,-0.946565,1.054177,3.506485,7968,14366,6398,7968,1,104.0,14,damping
1780604105.3234673,86.11761760000081,86278,0.032959,-0.019287,1.05249,1.427481,3.061069,-1.282443,1.053183,3.612825,7974,14375,6401,7974,0,100.0,0,damping
1780604105.353935,86.14808539999649,86310,0.037109,-0.014648,1.051025,1.572519,2.824427,-0.992366,1.051782,3.381567,7976,14379,6403,7976,0,100.0,1,damping
1780604105.3860667,86.180217000001,86342,0.04248,-0.032471,1.060059,1.534351,3.473282,-1.221374,1.061406,3.988694,7978,14391,6413,7978,1,100.0,0,damping
1780604105.4169602,86.21111070000916,86373,0.026855,-0.015381,1.050537,1.549618,2.557252,-1.312977,1.050993,3.265695,7983,14398,6415,7983,0,100.0,0,damping
1780604105.4474206,86.24157100000593,86404,0.048096,-0.009033,1.056641,1.687023,3.083969,-0.664122,1.057773,3.577425,7985,14402,6417,7985,0,100.0,0,damping
1780604105.4799948,86.2741451000038,86435,0.037598,-0.02417,1.04126,1.824428,3.183206,-1.114504,1.042219,3.834508,7987,14410,6423,7987,1,100.0,0,damping
1780604105.523496,86.31764629999816,86467,0.032227,-0.020996,1.046875,1.320611,2.854962,-1.183206,1.047581,3.360773,7993,14417,6424,7993,0,100.0,0,damping
1780604105.5423064,86.33645680001064,86498,0.045898,-0.015869,1.061768,1.48855,2.931298,-0.938931,1.062878,3.419046,7995,14421,6426,7995,0,100.0,0,damping
1780604105.5749412,86.36909140000353,86529,0.044922,-0.020264,1.05249,1.870229,2.587786,-1.030534,1.053643,3.355055,7998,14428,6430,7998,1,95.618,2,damping
1780604105.6046484,86.39879859999928,86560,0.033447,-0.013672,1.048584,1.694656,3.122137,-0.778626,1.049206,3.636738,8003,14435,6432,8003,0,95.618,1,damping
1780604105.6368265,86.43097690001014,86592,0.037842,-0.005371,1.057373,1.244275,3.167939,-0.51145,1.058064,3.441749,8004,14437,6433,8004,0,95.618,6,damping
1780604105.6674013,86.46155170000566,86623,0.040527,-0.029297,1.05127,2.137405,2.473282,-1.320611,1.052458,3.525569,8006,14442,6436,8006,1,95.618,15,damping
1780604105.6983724,86.49252280000655,86654,0.043213,-0.013916,1.053467,1.70229,2.083969,-1.19084,1.054445,2.942587,8011,14449,6438,8011,0,95.618,0,damping
1780604105.7295728,86.52372310000646,86685,0.049316,-0.017578,1.05542,1.259542,3.236641,-0.679389,1.056718,3.538907,8014,14455,6441,8014,0,95.618,0,damping
1780604105.7614245,86.55557490000501,86717,0.03418,-0.032471,1.052734,1.908397,3.007634,-1.091603,1.05379,3.725512,8016,14467,6451,8016,1,95.618,0,damping
1780604105.791953,86.58610339999723,86748,0.034912,-0.015625,1.048584,1.366412,3.053435,-1.198473,1.049281,3.553433,8020,14472,6452,8020,0,95.618,6,damping
1780604105.8228443,86.61699460000091,86779,0.046387,-0.030273,1.0625,1.80916,2.671756,-1.030534,1.063943,3.387232,8022,14476,6454,8022,0,96.0,1,damping
1780604105.8549428,86.64909320000152,86810,0.040527,-0.011475,1.046631,1.343511,3.083969,-0.763359,1.047478,3.449436,8025,14490,6465,8025,1,96.0,0,damping
1780604105.885346,86.6794962999993,86841,0.036133,-0.020264,1.052246,1.839695,2.80916,-1.198473,1.053061,3.565417,8029,14496,6467,8029,1,96.0,3,damping
1780604105.9160092,86.71015949999855,86872,0.048096,-0.026855,1.068115,1.129771,3.259542,-0.801527,1.069535,3.541672,8032,14501,6469,8032,0,96.0,1,damping
1780604105.9478152,86.74196559999837,86903,0.042725,-0.010254,1.05542,1.473282,3.709924,-0.442748,1.056334,4.016232,8034,14506,6472,8034,1,96.0,14,damping
1780604105.979657,86.77380730000732,86934,0.037842,-0.025391,1.05249,1.587786,3.038168,-0.763359,1.053476,3.512015,8038,14511,6473,8038,0,96.0,7,damping
1780604106.0092213,86.80337170000712,86965,0.042236,-0.011719,1.065918,1.847328,3.664122,-0.587786,1.066819,4.145348,8042,14517,6475,8042,0,96.0,1,damping
1780604106.0406396,86.83479010000883,86996,0.045654,-0.02832,1.046875,1.91603,2.755725,-0.923664,1.048253,3.481142,8044,14521,6477,8044,0,96.0,0,damping
1780604106.0722408,86.86639120000473,87027,0.046387,-0.015869,1.056885,1.603053,2.633588,-1.007634,1.058021,3.243592,8049,14527,6478,8049,0,96.0,6,damping
1780604106.1021218,86.89627230000042,87058,0.03418,-0.022949,1.046387,1.328244,3.022901,-0.908397,1.047196,3.424522,8053,14533,6480,8053,0,111.111,1,damping
1780604106.1350803,86.92923069999961,87090,0.044678,-0.018066,1.046631,1.89313,2.870229,-0.770992,1.04774,3.523717,8055,14539,6484,8055,0,111.111,0,damping
1780604106.167407,86.96155750000617,87122,0.030029,-0.022461,1.050537,1.396947,3.099237,-1.122137,1.051206,3.579933,8059,14545,6486,8059,0,111.111,6,damping
1780604106.1977496,86.99189990000741,87153,0.046631,-0.009766,1.059814,1.732824,3.206107,-1.129771,1.060885,3.815519,8061,14549,6488,8061,0,111.111,1,damping
1780604106.22858,87.0227304,87184,0.059082,-0.046387,1.048584,2.137405,2.770992,-0.458015,1.051271,3.529402,8063,14554,6491,8063,1,111.111,14,damping
1780604106.2600806,87.05423100000189,87215,0.035156,-0.015869,1.05127,2.450382,2.664122,-1.015267,1.051977,3.759346,8068,14561,6493,8068,0,111.111,7,damping
1780604106.290972,87.08512230000633,87247,0.041016,-0.024414,1.059082,2.40458,2.603053,-0.946565,1.060157,3.667952,8072,14567,6495,8072,0,111.111,1,damping
1780604106.3209624,87.11511270000483,87277,0.043213,-0.029297,1.053955,1.969466,2.961832,-1.045802,1.055247,3.707418,8074,14571,6497,8074,0,111.111,0,damping
1780604106.35276,87.14691049999965,87308,0.047852,-0.020264,1.048096,0.908397,3.664122,-0.343511,1.049383,3.790643,8078,14577,6499,8078,0,100.0,7,damping
1780604106.3833199,87.17747029999737,87339,0.049316,-0.040283,1.060791,0.045802,3.015267,-0.473282,1.0627,3.052528,8082,14583,6501,8082,0,100.0,0,damping
1780604106.4137437,87.20789420000801,87370,0.033691,-0.012207,1.05957,1.427481,2.877863,-1.351145,1.060176,3.485024,8084,14587,6503,8084,0,100.0,0,damping
1780604106.4448855,87.23903579999751,87401,0.046631,-0.032959,1.049072,2.030534,2.969466,-0.725191,1.050625,3.6697,8087,14592,6505,8087,1,100.0,14,damping
1780604106.4750047,87.26915510000254,87431,0.039062,-0.01123,1.054688,2.572519,3.099237,-0.778626,1.05547,4.102362,8092,14599,6507,8092,0,100.0,1,damping
1780604106.505763,87.29991349999909,87462,0.039307,-0.031494,1.052978,1.923664,2.59542,-0.80916,1.054182,3.33038,8094,14603,6509,8094,0,100.0,0,damping
1780604106.537394,87.33154440000362,87493,0.054932,-0.017578,1.060303,1.992366,3.10687,-1.496183,1.06187,3.982553,8096,14610,6514,8096,1,100.0,14,damping
1780604106.5699449,87.36409529999946,87525,0.033691,-0.02124,1.054443,1.824428,3.061069,-0.755725,1.055195,3.642773,8106,14621,6515,8106,0,100.0,0,damping
1780604106.6008694,87.39501980000932,87556,0.033936,-0.026855,1.053711,1.374046,2.961832,-0.923664,1.054599,3.39317,8108,14625,6517,8108,0,100.0,0,damping
1780604106.6318865,87.42603680001048,87587,0.053711,-0.016846,1.062012,2.083969,2.70229,-1.412214,1.063502,3.693189,8110,14630,6520,8110,1,114.695,13,damping
1780604106.6631134,87.45726370000921,87618,0.041992,-0.021484,1.057373,1.656489,2.992366,-0.748092,1.058425,3.501121,8116,14639,6523,8116,0,114.695,1,damping
1780604106.6953619,87.48951220000163,87650,0.032227,-0.030273,1.054688,1.580153,3.10687,-0.80916,1.055614,3.578305,8118,14643,6525,8118,0,114.695,0,damping
1780604106.7255213,87.51967170000717,87681,0.047119,-0.022461,1.058594,1.931298,2.832061,-1.396947,1.05988,3.701613,8120,14648,6528,8120,1,114.695,14,damping
1780604106.7581224,87.55227270000614,87713,0.046387,-0.01001,1.052734,1.572519,2.992366,-0.732824,1.053803,3.458917,8125,14655,6530,8125,0,114.695,1,damping
1780604106.7877975,87.58194790000562,87744,0.042725,-0.013184,1.061035,0.938931,3.21374,-0.854962,1.061977,3.455529,8127,14659,6532,8127,0,114.695,0,damping
1780604106.8196552,87.61380560000543,87775,0.040039,-0.014648,1.064453,1.396947,3.732824,-1.038168,1.065307,4.118644,8129,14664,6535,8129,1,114.695,14,damping
1780604106.8494542,87.64360440000019,87806,0.037109,-0.018555,1.050781,1.78626,2.374046,-1.198473,1.0516,3.203616,8134,14671,6537,8134,0,114.695,1,damping
1780604106.880772,87.67492250000942,87837,0.051758,-0.003662,1.056152,1.572519,3.236641,-0.610687,1.057426,3.649877,8136,14675,6539,8136,0,104.0,0,damping
1780604106.9121544,87.70630479999818,87868,0.039551,-0.030762,1.051758,2.160305,2.885496,-1.274809,1.052951,3.823368,8138,14680,6542,8138,1,104.0,13,damping
1780604106.9439437,87.73809400000027,87899,0.048828,-0.020752,1.06665,1.496183,2.824427,-1.145038,1.067969,3.395153,8143,14687,6544,8143,0,104.0,1,damping
1780604106.9754655,87.76961600000504,87931,0.047119,-0.016357,1.057861,1.267176,2.839695,-1.015267,1.059036,3.271142,8144,14689,6545,8144,0,104.0,6,damping
1780604107.0068057,87.80095600000641,87962,0.040527,-0.026855,1.049561,1.839695,3.396947,-1.526718,1.050686,4.153864,8146,14694,6548,8146,1,104.0,14,damping
1780604107.0385056,87.83265599999868,87993,0.041748,-0.01709,1.061035,2.083969,2.641221,-1.251908,1.061994,3.589743,8151,14701,6550,8151,0,104.0,1,damping
1780604107.0691388,87.86328920000233,88025,0.045898,-0.015381,1.061279,0.877863,2.961832,-1.08397,1.062383,3.273848,8154,14707,6553,8154,0,104.0,0,damping
1780604107.1009374,87.89508770000248,88056,0.040039,-0.029541,1.058106,1.519084,3.427481,-1.061069,1.059275,3.896294,8156,14712,6556,8156,1,104.0,15,damping
1780604107.1323302,87.9264805999992,88087,0.047119,-0.02002,1.05542,1.427481,3.068702,-1.030534,1.056661,3.537886,8160,14717,6557,8160,0,96.0,6,damping
1780604107.162251,87.95640140000614,88118,0.051758,-0.023682,1.05835,1.251908,3.412214,-0.687023,1.059879,3.698984,8162,14721,6559,8162,0,96.0,0,damping
1780604107.1937811,87.98793139999907,88149,0.043457,-0.022949,1.056152,1.938931,2.320611,-1.030534,1.057295,3.194791,8165,14730,6565,8165,1,96.0,0,damping
1780604107.2257137,88.01986410000245,88180,0.036621,-0.018311,1.059814,1.51145,3.160305,-0.877863,1.060605,3.611461,8170,14737,6567,8170,0,96.0,0,damping
1780604107.2562728,88.05042320000939,88212,0.041748,-0.012451,1.064941,1.526718,2.977099,-0.694656,1.065832,3.417094,8172,14741,6569,8172,0,96.0,1,damping
1780604107.2886474,88.08279770000081,88244,0.040527,-0.02832,1.057129,2.007634,2.51145,-1.381679,1.058284,3.499573,8174,14750,6576,8174,1,96.0,1,damping
1780604107.3201275,88.11427780000668,88275,0.03833,-0.017822,1.061279,1.251908,3.167939,-1.038168,1.062121,3.561026,8179,14757,6578,8179,0,96.0,0,damping
1780604107.3496804,88.14383080000698,88306,0.051025,-0.030029,1.058838,1.572519,3.221374,-0.534351,1.060492,3.624307,8181,14761,6580,8181,0,96.0,1,damping
1780604107.3825784,88.17672879999736,88338,0.037109,-0.027344,1.050781,2.496183,2.763359,-1.435114,1.051792,3.990819,8183,14773,6590,8183,1,91.633,1,damping
1780604107.415731,88.20988120000402,88370,0.046875,-0.015869,1.055908,1.625954,3.274809,-0.778626,1.057067,3.73823,8188,14780,6592,8188,0,91.633,0,damping
1780604107.446414,88.24056430000928,88402,0.043457,-0.030273,1.05835,1.984733,2.748092,-0.908397,1.059674,3.509467,8190,14784,6594,8190,0,91.633,1,damping
1780604107.4796803,88.27383070001088,88433,0.047852,-0.017578,1.052002,2.099237,3.236641,-0.946565,1.053236,3.972232,8193,14791,6598,8193,1,91.633,14,damping
1780604107.5085795,88.30272980000882,88464,0.048828,-0.012939,1.054443,1.923664,2.954198,-0.961832,1.055652,3.654161,8197,14796,6599,8197,0,91.633,6,damping
1780604107.5418231,88.3359735999984,88496,0.037598,-0.032715,1.049561,2.267176,2.832061,-0.885496,1.050743,3.734268,8199,14800,6601,8199,0,91.633,1,damping
1780604107.5711634,88.36531380000815,88527,0.048828,-0.017334,1.061035,1.923664,3.648855,-1.076336,1.0623,4.262995,8201,14805,6604,8201,1,91.633,14,damping
1780604107.6018972,88.39604770000733,88558,0.042969,-0.026855,1.054688,1.587786,3.40458,-0.717557,1.055904,3.824542,8207,14814,6607,8207,0,91.633,1,damping
1780604107.633848,88.42799840000225,88589,0.043945,-0.010742,1.053467,1.129771,2.984733,-0.824427,1.054438,3.296164,8209,14818,6609,8209,0,103.586,1,damping
1780604107.6654718,88.45962210001017,88620,0.04541,-0.017578,1.055176,1.954198,2.717557,-1.343511,1.056299,3.606804,8211,14823,6612,8211,1,103.586,14,damping
1780604107.6977751,88.49192539999785,88652,0.046631,-0.019043,1.057617,1.656489,3.335878,-0.419847,1.058816,3.748107,8216,14830,6614,8216,0,103.586,0,damping
1780604107.728715,88.5228652000078,88683,0.038574,-0.014648,1.060547,0.977099,2.89313,-0.755725,1.061349,3.145798,8218,14834,6616,8218,0,103.586,1,damping
1780604107.7590177,88.55316799999855,88714,0.053955,-0.024414,1.058594,2.251908,2.908397,-1.541985,1.060249,3.988431,8220,14841,6621,8220,1,103.586,14,damping
1780604107.791177,88.58532730001025,88746,0.057129,-0.001465,1.053711,1.725191,3.549618,-0.80916,1.05526,4.028748,8225,14848,6623,8225,0,103.586,0,damping
1780604107.8212948,88.61544510000385,88777,0.035889,-0.024414,1.053955,1.274809,3.038168,-0.89313,1.054848,3.41369,8227,14852,6625,8227,0,103.586,1,damping
1780604107.8529084,88.64705870000762,88808,0.042725,-0.02124,1.059814,1.381679,3.725191,-1.21374,1.060888,4.154426,8229,14857,6628,8229,1,103.586,14,damping
1780604107.883888,88.67803840000124,88839,0.04834,-0.026855,1.054932,1.480916,3.396947,-0.954198,1.05638,3.826598,8234,14864,6630,8234,0,100.0,0,damping
1780604107.9148288,88.70897910000349,88870,0.041504,-0.02124,1.059814,1.389313,3.099237,-0.755725,1.060839,3.479451,8236,14868,6632,8236,0,100.0,0,damping
1780604107.9460711,88.74022160000459,88902,0.044678,-0.02832,1.04834,2.305344,3.068702,-1.48855,1.049674,4.116712,8238,14880,6642,8238,1,100.0,0,damping
1780604107.978195,88.77234520000638,88933,0.055908,-0.022461,1.054688,1.557252,3.648855,-1.122137,1.056407,4.122908,8243,14887,6644,8243,0,100.0,0,damping
1780604108.0097017,88.80385199999728,88965,0.045898,-0.015625,1.055176,1.335878,2.824427,-0.916031,1.056289,3.255929,8246,14893,6647,8246,0,100.0,0,damping
1780604108.04056,88.83471029999782,88996,0.040771,-0.021973,1.05835,1.59542,3.648855,-1.160305,1.059362,4.147989,8248,14898,6650,8248,1,100.0,14,damping
1780604108.0713737,88.86552410000877,89027,0.047363,-0.021484,1.054199,1.564886,3.083969,-1.068702,1.055481,3.619649,8251,14903,6652,8251,0,100.0,0,damping
1780604108.1022239,88.89637420000508,89058,0.045166,-0.013916,1.064697,1.427481,3.374046,-0.824427,1.065746,3.755205,8253,14907,6654,8253,0,100.0,0,damping
1780604108.1350725,88.92922289999842,89090,0.037109,-0.02832,1.051514,1.931298,3.122137,-1.21374,1.052549,3.866629,8256,14921,6665,8256,1,87.649,0,damping
1780604108.1651912,88.95934149999812,89121,0.050293,-0.027832,1.05542,1.725191,2.885496,-1.160305,1.056984,3.556498,8261,14928,6667,8261,0,87.649,0,damping
1780604108.1960752,88.99022550000518,89152,0.04834,-0.023438,1.067871,1.854962,2.48855,-1.061069,1.069222,3.280188,8263,14932,6669,8263,0,87.649,0,damping
1780604108.2282047,89.02235500000825,89183,0.049316,-0.033447,1.056396,2.267176,2.664122,-1.221374,1.058076,3.705319,8265,14939,6674,8265,1,87.649,1,damping
1780604108.2582102,89.0523605000053,89214,0.0354,-0.019775,1.054199,1.664122,3.29771,-1.458015,1.054979,3.971146,8270,14946,6676,8270,0,87.649,0,damping
1780604108.2896006,89.0837509999983,89245,0.048096,-0.031494,1.063232,1.007634,3.290076,-1.007634,1.064786,3.585422,8272,14950,6678,8272,0,87.649,0,damping
1780604108.320818,89.11496820001048,89277,0.040771,-0.008789,1.048584,1.251908,2.916031,-0.48855,1.049413,3.210793,8274,14961,6687,8274,1,87.649,0,damping
1780604108.3513548,89.14550530000997,89307,0.033203,-0.02832,1.055664,1.633588,2.801527,-1.206107,1.056566,3.460037,8278,14966,6688,8278,0,87.649,6,damping
1780604108.3830578,89.17720810000901,89338,0.05249,-0.014893,1.071533,1.419847,3.175573,-1.053435,1.072921,3.63455,8282,14972,6690,8282,0,87.649,0,damping
1780604108.4142787,89.20842910000647,89369,0.043457,-0.024414,1.053711,1.78626,3.442748,-0.381679,1.054889,3.897296,8284,14978,6694,8284,0,100.358,0,damping
1780604108.456539,89.25068930000998,89400,0.038086,-0.011719,1.053955,1.236641,2.80916,-1.061069,1.054708,3.247542,8289,14984,6695,8289,0,100.358,6,damping
1780604108.4756904,89.2698406999989,89431,0.032959,-0.012695,1.057373,1.59542,2.740458,-0.526718,1.057963,3.214484,8291,14988,6697,8291,0,100.358,0,damping
1780604108.507008,89.30115850000584,89462,0.052734,-0.036133,1.055176,1.541985,3.305344,-1.10687,1.05711,3.811584,8293,14992,6699,8293,0,100.358,0,damping
1780604108.5377014,89.33185180000146,89493,0.047119,-0.019531,1.050537,1.938931,3.114504,-0.435114,1.051775,3.694444,8297,15000,6703,8297,0,100.358,7,damping
1780604108.568437,89.36258739999903,89524,0.03833,-0.033447,1.054443,1.419847,2.984733,-0.969466,1.05567,3.444482,8301,15006,6705,8301,0,100.358,0,damping
1780604108.5989232,89.39307350000308,89555,0.032715,-0.01416,1.060059,1.618321,3.366412,-0.763359,1.060658,3.812402,8303,15010,6707,8303,0,100.358,0,damping
1780604108.631256,89.42540639999788,89586,0.05127,-0.029053,1.052734,1.564886,3.427481,-0.442748,1.054382,3.793747,8305,15013,6708,8305,1,100.358,16,damping
1780604108.6616518,89.45580229999905,89617,0.049072,-0.036621,1.057861,0.900763,3.114504,-0.801527,1.059632,3.339754,8310,15020,6710,8310,0,100.358,0,damping
1780604108.6940017,89.48815200000536,89649,0.041748,-0.012695,1.057373,2.206107,3.267176,-1.267176,1.058273,4.140903,8314,15026,6712,8314,0,107.143,0,damping
1780604108.7241197,89.51826989999972,89680,0.043457,-0.03125,1.055176,1.618321,3.419847,-0.564886,1.056532,3.825364,8317,15031,6714,8317,1,107.143,14,damping
1780604108.7547548,89.54890520000481,89711,0.050537,-0.00708,1.056885,1.244275,3.122137,-0.801527,1.058116,3.4552,8322,15038,6716,8322,0,107.143,1,damping
1780604108.7863533,89.58050370001001,89741,0.041016,-0.015137,1.053711,1.374046,2.541985,-1.251908,1.054618,3.149121,8324,15042,6718,8324,0,107.143,0,damping
1780604108.8171506,89.61130099999718,89772,0.051514,-0.019775,1.055176,1.954198,3.21374,-1.229008,1.056618,3.956953,8326,15047,6721,8326,1,107.143,15,damping
1780604108.8544753,89.64862550000544,89809,0.050781,-0.020996,1.049072,1.755725,3.40458,-1.053435,1.05051,3.97284,8332,15054,6722,8332,0,107.143,0,damping
1780604108.8861966,89.68034700000135,89841,0.039795,-0.010254,1.050781,1.755725,2.091603,-0.931298,1.051584,2.885254,8334,15066,6732,8334,1,107.143,0,damping
1780604108.918783,89.7129333000048,89873,0.054932,-0.027588,1.060547,1.763359,3.145038,-1.007634,1.062327,3.743798,8339,15073,6734,8339,0,107.143,0,damping
1780604108.949163,89.74331340000208,89905,0.045166,-0.026855,1.06958,1.480916,3.198473,-0.763359,1.07087,3.606392,8342,15079,6737,8342,0,109.375,1,damping
1780604108.9816957,89.7758460000041,89936,0.044434,-0.032471,1.05127,1.870229,2.625954,-1.21374,1.052709,3.444787,8344,15091,6747,8344,1,109.375,0,damping
1780604109.0128238,89.80697420000797,89967,0.051514,-0.020264,1.064941,1.59542,3.061069,-1.206107,1.066379,3.656528,8349,15098,6749,8349,0,109.375,0,damping
1780604109.0441706,89.8383210000029,89999,0.039062,-0.019531,1.055176,1.427481,2.900763,-0.603053,1.056079,3.288739,8351,15102,6751,8351,0,109.375,0,damping
1780604109.0739195,89.8680699999968,90030,0.046631,-0.022705,1.055908,1.557252,3.603053,-1.221374,1.057181,4.110812,8354,15109,6755,8354,1,109.375,3,damping
1780604109.1052153,89.8993657000101,90061,0.040771,-0.020752,1.049316,1.618321,3.236641,-1.129771,1.050313,3.790935,8359,15116,6757,8359,0,109.375,0,damping
1780604109.1371422,89.93129249999765,90093,0.034424,-0.024414,1.055176,1.374046,3.083969,-0.984733,1.056019,3.516898,8361,15120,6759,8361,0,109.375,0,damping
1780604109.1674917,89.96164210001007,90124,0.049316,-0.021729,1.055176,1.564886,3.732824,-1.167939,1.056551,4.21271,8363,15125,6762,8363,1,109.375,14,damping
1780604109.199995,89.99414550000802,90155,0.039062,-0.018799,1.056152,1.618321,2.992366,-1.015267,1.057042,3.550209,8368,15132,6764,8368,0,104.0,0,damping
1780604109.2313752,90.02552560000913,90187,0.038574,-0.033691,1.04541,1.21374,2.748092,-0.717557,1.046664,3.088699,8370,15136,6766,8370,0,104.0,0,damping
