host_epoch_s,host_elapsed_s,time_ms,ax,ay,az,gx,gy,gz,acc_mag,gyro_mag,pulse_count,edge_count,rise_count,fall_count,state,pulse_rate_hz,last_edge_dt_ms,label
1780605210.8612638,0.008932800003094599,158,0.032715,-0.095947,1.050049,1.923664,2.938931,-0.824427,1.054931,3.607974,1,3,2,1,1,0.0,67,load
1780605210.8929586,0.04062770000018645,189,0.045166,-0.07666,1.050781,0.984733,3.076336,-0.496183,1.054542,3.267987,2,4,2,2,0,0.0,20,load
1780605210.9235492,0.07121829999960028,220,0.025879,-0.045898,1.051025,0.198473,3.053435,-0.305344,1.052345,3.075076,2,4,2,2,0,0.0,20,load
1780605210.9547505,0.1024195000063628,251,0.053223,-0.137207,1.063232,2.122137,3.633588,0.48855,1.073369,4.236166,3,6,3,3,0,11.952,17,load
1780605210.985628,0.13329690000682604,282,0.066895,0.009766,1.057373,2.114504,3.51145,0.70229,1.059532,4.15868,3,6,3,3,0,11.952,17,load
1780605211.017122,0.16479100000287872,313,0.110596,-0.168213,1.04834,2.694656,3.122137,-0.671756,1.067494,4.178537,4,8,4,4,0,11.952,12,load
1780605211.0481834,0.19585250000818633,344,0.088867,0.063477,1.050049,2.076336,3.755725,0.091603,1.055713,4.292439,4,9,5,4,1,11.952,33,load
1780605211.0799274,0.22759660000156146,376,0.107422,0.020508,1.05957,0.671756,4.21374,1.877863,1.065199,4.661892,5,10,5,5,0,11.952,11,load
1780605211.1126027,0.2602718999987701,408,0.027832,-0.026367,1.049805,2.038168,2.358779,-1.954198,1.050505,3.679247,7,13,6,7,1,11.952,19,load
1780605211.1431704,0.29083949999767356,439,0.099365,-0.033936,1.047607,1.687023,3.419847,-0.381679,1.052856,3.832373,9,16,7,9,0,11.952,6,load
1780605211.1753633,0.3230323000025237,471,0.052979,-0.03418,1.048828,1.290076,3.656489,-1.603053,1.050721,4.19571,11,20,9,11,0,11.952,0,load
1780605211.2064676,0.354136699999799,502,0.015869,-0.024902,1.04834,1.007634,1.648855,-1.068702,1.048756,2.208206,12,22,10,12,0,35.857,6,load
1780605211.2374148,0.38508390000788495,533,0.040527,0.017334,1.040039,2.717557,3.236641,-0.618321,1.040973,4.271216,17,30,13,17,0,35.857,5,load
1780605211.268632,0.4163010000047507,564,0.052002,-0.031738,1.071533,0.732824,2.610687,-1.152672,1.073264,2.946417,21,36,15,21,0,35.857,0,load
1780605211.2988424,0.4465115000057267,595,0.039307,-0.072266,1.038574,0.923664,2.763359,-1.221374,1.041827,3.159282,23,40,17,23,0,35.857,1,load
1780605211.3295243,0.4771933000010904,626,0.034668,-0.057373,1.054932,2.229008,3.48855,-1.366412,1.057059,4.359534,26,44,18,26,0,35.857,5,load
1780605211.3612745,0.5089434999972582,657,0.033203,-0.013428,1.052978,0.70229,2.656489,0.122137,1.053587,2.750466,28,48,20,28,0,35.857,0,load
1780605211.3924842,0.5401531999959843,688,0.01416,0.012695,1.043945,1.618321,3.022901,-0.648855,1.044118,3.489685,30,53,23,30,1,35.857,14,load
1780605211.422212,0.569881000003079,719,0.067871,0.001465,1.06543,2.290076,3.122137,-0.137405,1.06759,3.874412,36,62,26,36,0,35.857,0,load
1780605211.4545252,0.6021943000087049,750,0.063721,-0.031006,1.073975,1.465649,3.007634,-0.290076,1.07631,3.358293,38,66,28,38,0,35.857,0,load
1780605211.484168,0.6318371999950614,781,0.061279,-0.006592,1.043701,3.40458,3.305344,-0.625954,1.045519,4.78626,42,72,30,42,0,107.527,6,load
1780605211.514812,0.6624810000066645,811,0.035645,-0.029053,1.055176,0.877863,2.526718,-1.122137,1.056177,2.900713,44,76,32,44,0,107.527,0,load
1780605211.5461807,0.6938497999944957,842,0.062988,-0.082031,1.043213,1.114504,3.229008,-1.007634,1.048327,3.561451,46,80,34,46,0,107.527,1,load
1780605211.5763726,0.7240418000001227,873,0.053711,-0.04541,1.056641,2.305344,3.206107,-1.0,1.058979,4.07354,51,86,35,51,0,107.527,5,load
1780605211.6058478,0.7535170000046492,903,0.065674,0.004883,1.065674,0.954198,3.114504,-0.496183,1.067707,3.29497,53,90,37,53,0,107.527,6,load
1780605211.6361148,0.7837839999992866,933,0.05835,-0.079834,1.047607,2.29771,2.40458,-0.70229,1.052264,3.399218,54,93,39,54,1,107.527,18,load
1780605211.6677713,0.8154404999950202,963,0.047607,-0.061279,1.063721,2.007634,4.007634,-0.908397,1.066547,4.5735,58,98,40,58,0,107.527,5,load
1780605211.6975489,0.8452179000014439,994,0.040283,-0.036133,1.057617,0.412214,2.656489,-0.259542,1.059001,2.70078,60,102,42,60,0,107.527,0,load
1780605211.7284374,0.8761063999991165,1025,0.036377,0.000732,1.051514,1.549618,3.076336,-0.80916,1.052143,3.538347,61,105,44,61,1,107.527,17,load
1780605211.7610824,0.9087514999991981,1056,0.051025,-0.012451,1.061768,1.557252,2.954198,-0.351145,1.063066,3.35792,63,108,45,63,0,76.364,6,load
1780605211.7913697,0.9390388000028906,1087,0.044189,-0.02832,1.069336,1.59542,2.526718,-0.519084,1.070623,3.033004,66,112,46,66,0,76.364,5,load
1780605211.822357,0.9700260999961756,1118,0.029785,0.013672,1.031494,3.183206,3.89313,-0.78626,1.032015,5.089938,69,116,47,69,0,76.364,5,load
1780605211.853416,1.001085099996999,1149,0.029785,-0.029541,1.062744,0.656489,3.198473,-0.755725,1.063572,3.351467,70,118,48,70,0,76.364,6,load
1780605211.8846812,1.0323502999963239,1180,0.057373,-0.034668,1.049561,1.946565,2.450382,-0.557252,1.051699,3.178681,72,123,51,72,1,76.364,13,load
1780605211.914693,1.0623622999992222,1211,0.04126,-0.035156,1.067383,1.969466,2.320611,-1.129771,1.068758,3.2466,74,126,52,74,0,76.364,5,load
1780605211.946328,1.0939970000035828,1242,0.054199,-0.043457,1.057861,0.282443,2.442748,-0.480916,1.06014,2.505608,75,128,53,75,0,76.364,5,load
1780605211.9762514,1.123920400001225,1273,0.037109,-0.061279,1.053955,1.557252,4.038168,-1.29771,1.056387,4.518394,76,133,57,76,1,76.364,17,load
1780605212.0066257,1.1542946999979904,1303,0.05127,-0.003418,1.06665,1.78626,3.022901,-0.442748,1.067887,3.539022,81,140,59,81,0,76.364,0,load
1780605212.0551848,1.2028539000020828,1334,0.049072,-0.038818,1.06665,1.389313,2.541985,-1.068702,1.068484,3.087718,82,142,60,82,0,68.345,5,load
1780605212.068032,1.2157010000082664,1365,0.045166,0.000488,1.039307,3.183206,3.832061,-0.618321,1.040288,5.019942,85,146,61,85,0,68.345,5,load
1780605212.0996454,1.2473143999959575,1396,0.046143,-0.007813,1.056641,0.725191,2.648855,-0.435114,1.057676,2.780586,87,150,63,87,0,68.345,0,load
1780605212.131468,1.2791371000057552,1427,0.072754,-0.047363,1.057373,1.977099,2.717557,-0.312977,1.060931,3.375203,90,157,67,90,1,68.345,3,load
1780605212.1631713,1.3108404000086011,1459,0.027832,-0.006592,1.058838,1.908397,3.374046,-0.664122,1.059224,3.932839,96,164,68,96,0,68.345,1,load
1780605212.1940746,1.3417436000017915,1490,0.030273,-0.036865,1.045898,0.908397,2.740458,-0.587786,1.046986,2.946318,98,168,70,98,0,68.345,0,load
1780605212.224935,1.3726042000052985,1521,0.045166,-0.036133,1.039551,2.206107,3.946565,-1.068702,1.041159,4.645902,100,171,71,100,1,68.345,16,load
1780605212.2559366,1.4036056000040844,1552,0.042969,-0.02832,1.062012,0.916031,2.335878,-0.938931,1.063258,2.678998,103,176,73,103,0,68.345,0,load
1780605212.2870777,1.4347468000050867,1583,0.042236,-0.047119,1.044189,1.48855,2.839695,-1.366412,1.046105,3.485216,105,180,75,105,0,68.345,1,load
1780605212.3182511,1.4659203000046546,1614,0.043701,-0.065186,1.063232,2.206107,3.061069,-0.931298,1.066125,3.886433,111,188,77,111,0,103.571,5,load
1780605212.3504252,1.498094399998081,1646,0.047119,-0.0354,1.052246,0.763359,2.480916,-0.29771,1.053895,2.612717,112,190,78,112,0,103.571,5,load
1780605212.381264,1.528933000008692,1677,0.067871,-0.061523,1.05835,2.015267,3.458015,-1.061069,1.062307,4.140656,113,193,80,113,1,103.571,17,load
1780605212.4122453,1.5599142999999458,1708,0.045654,-0.028809,1.06543,1.007634,2.78626,-0.366412,1.066796,2.985436,117,198,81,117,0,103.571,5,load
1780605212.4446058,1.5922749000019394,1740,0.039307,-0.054688,1.045654,1.10687,3.541985,-1.129771,1.047821,3.879072,118,200,82,118,0,103.571,5,load
1780605212.4755247,1.6231936999975005,1771,0.041992,-0.038086,1.05957,1.793893,3.091603,-0.603053,1.061086,3.624877,121,204,83,121,0,103.571,6,load
1780605212.5061898,1.6538587999966694,1802,0.067383,-0.025635,1.061279,0.862595,3.183206,-0.328244,1.063725,3.314305,125,210,85,125,0,103.571,0,load
1780605212.537037,1.6847058999992441,1833,0.0271,-0.000732,1.050293,2.007634,2.572519,-0.885496,1.050643,3.381206,127,215,88,127,1,103.571,14,load
1780605212.567514,1.7151830000075279,1864,0.040771,-0.013916,1.05835,1.603053,2.587786,-0.732824,1.059226,3.131046,131,220,89,131,0,80.0,0,load
1780605212.5987206,1.746389599997201,1895,0.049805,-0.032715,1.058106,1.625954,3.160305,-0.870229,1.059782,3.659037,132,222,90,132,0,80.0,5,load
1780605212.6300263,1.7776952999993227,1926,0.027344,-0.037842,1.042236,2.633588,3.832061,-0.70229,1.043281,4.70252,135,227,92,135,0,80.0,14,load
1780605212.6615849,1.809253900006297,1957,0.037354,-0.033203,1.062988,0.21374,2.625954,-0.839695,1.064162,2.765214,139,232,93,139,0,80.0,5,load
1780605212.69241,1.8400791000021854,1988,0.061768,-0.063477,1.044922,0.954198,2.916031,-0.755725,1.048669,3.159881,141,236,95,141,0,80.0,0,load
1780605212.72261,1.8702790999959689,2019,0.05249,-0.052002,1.055908,1.610687,3.21374,-1.022901,1.05849,3.737481,146,242,96,146,0,80.0,5,load
1780605212.7541788,1.9018479000078514,2050,0.067871,-0.016602,1.069336,0.671756,2.908397,-0.267176,1.071616,2.9969,150,248,98,150,0,80.0,1,load
1780605212.785091,1.9327598999952897,2081,0.041016,-0.045898,1.04248,2.10687,3.183206,-0.938931,1.044296,3.931068,151,251,100,151,1,80.0,17,load
1780605212.8151436,1.9628126000025077,2112,0.025635,0.011475,1.053955,1.740458,2.496183,-0.778626,1.054329,3.14108,155,256,101,155,0,80.0,5,load
1780605212.8470566,1.9947256000014022,2142,0.053955,-0.043213,1.063232,1.022901,2.290076,-0.648855,1.065477,2.590712,156,258,102,156,0,89.928,5,load
1780605212.8780026,2.0256718000018736,2174,0.070801,-0.000732,1.046143,3.145038,3.984733,-0.89313,1.048536,5.154322,161,266,105,161,0,89.928,6,load
1780605212.908802,2.056471000003512,2205,0.031982,-0.032715,1.064697,1.152672,2.480916,-0.251908,1.06568,2.74719,162,268,106,162,0,89.928,5,load
1780605212.9403892,2.08805819999543,2236,0.053955,-0.048584,1.046631,1.503817,3.0,-0.21374,1.049146,3.36261,164,273,109,164,1,89.928,14,load
1780605212.9696214,2.117290599999251,2267,0.045898,-0.048096,1.056641,2.412214,2.832061,-1.137405,1.05873,3.89012,166,276,110,166,0,89.928,6,load
1780605213.0010216,2.1486908000078984,2297,0.026611,0.001221,1.064941,0.335878,2.916031,-0.099237,1.065275,2.936988,167,278,111,167,0,89.928,5,load
1780605213.0314703,2.179139400002896,2328,0.0354,0.001465,1.039062,2.038168,2.847328,-0.221374,1.039666,3.50862,170,285,115,170,1,89.928,3,load
1780605213.0631933,2.210862299994915,2359,0.047119,-0.004639,1.059082,3.236641,3.770992,-0.21374,1.06014,4.974124,172,288,116,172,0,89.928,5,load
1780605213.0946255,2.242294600000605,2390,0.049561,-0.032471,1.062012,1.251908,2.679389,-0.099237,1.063663,2.959096,173,290,117,173,0,89.928,5,load
1780605213.1263323,2.2740013000002364,2421,0.05542,-0.051758,1.060791,1.10687,1.801527,-1.816794,1.063498,2.787723,174,293,119,174,1,64.516,17,load
1780605213.177165,2.3248342000006232,2453,0.042725,-0.024414,1.048584,1.152672,2.801527,-0.48855,1.049738,3.068532,179,300,121,179,0,64.516,1,load
1780605213.18822,2.335888999994495,2484,0.070068,-0.063965,1.036133,1.145038,3.984733,-0.916031,1.040467,4.245977,180,302,122,180,0,64.516,5,load
1780605213.2197747,2.3674437000008766,2516,0.030029,-0.009033,1.049316,2.59542,3.381679,-0.961832,1.049785,4.37002,184,308,124,184,0,64.516,6,load
1780605213.2501721,2.3978413000004366,2546,0.031494,-0.006592,1.054443,1.480916,2.603053,-1.053435,1.054934,3.1747,185,310,125,185,0,64.516,5,load
1780605213.2819254,2.4295946000056574,2577,0.025635,-0.028564,1.047852,1.419847,1.954198,0.152672,1.048554,2.420365,186,313,127,186,1,64.516,18,load
1780605213.313315,2.4609841000055894,2609,0.055176,-0.02124,1.05249,1.473282,2.564885,-0.839695,1.05415,3.074782,190,318,128,190,0,64.516,5,load
1780605213.345173,2.4928419000061695,2641,0.018311,-0.000732,1.028809,0.870229,3.877863,-0.625954,1.028972,4.023299,191,320,129,191,0,64.516,5,load
1780605213.3765976,2.5242666999984067,2672,0.046631,-0.027588,1.053711,2.465649,3.48855,-0.671756,1.055103,4.324426,192,323,131,192,1,71.713,18,load
1780605213.408188,2.5558573000016622,2704,0.054688,-0.006836,1.038574,1.137405,4.450382,0.045802,1.040036,4.593657,194,326,132,194,0,71.713,5,load
1780605213.4394178,2.5870869000063976,2735,0.040039,-0.0271,1.044434,0.816794,4.229008,0.412214,1.045552,4.326844,195,328,133,195,0,71.713,6,load
1780605213.4704905,2.618159599995124,2766,0.047119,-0.036377,1.083496,1.183206,2.091603,-1.305344,1.08513,2.734722,196,331,135,196,1,71.713,19,load
1780605213.5010695,2.6487387000088347,2797,0.030518,-0.050049,1.05957,2.29771,1.992366,-2.748092,1.061191,4.098902,198,334,136,198,0,71.713,6,load
1780605213.5328019,2.6804709999996703,2828,0.06543,-0.044922,1.043213,1.839695,3.664122,-1.206107,1.046228,4.273752,199,336,137,199,0,71.713,6,load
1780605213.5639162,2.711585400000331,2859,0.058594,-0.022217,1.053711,1.541985,4.267176,0.129771,1.055573,4.53909,200,338,138,200,0,71.713,6,load
1780605213.594825,2.742494000005536,2890,0.047119,-0.036621,1.038574,1.251908,3.015267,-0.320611,1.040287,3.280534,201,342,141,201,0,71.713,5,load
1780605213.625982,2.7736510999966413,2921,0.100586,-0.065674,1.03418,1.763359,4.862596,0.312977,1.041133,5.181914,202,344,142,202,0,71.713,3,load
1780605213.657741,2.8054102000023704,2952,0.069092,-0.053467,1.042725,1.580153,3.473282,0.908397,1.046378,3.922468,203,346,143,203,0,39.286,1,load
1780605213.6884966,2.836165600005188,2984,0.052979,-0.064941,1.053467,1.320611,3.053435,-0.045802,1.056795,3.327098,205,349,144,205,1,39.286,21,load
1780605213.720548,2.868216899994877,3016,0.062256,-0.073486,1.049805,1.961832,4.21374,0.351145,1.054213,4.661298,206,351,145,206,1,39.286,21,load
1780605213.7543523,2.9020214000047417,3048,0.04834,-0.087402,1.075928,0.946565,2.664122,-1.206107,1.080554,3.073797,207,353,146,207,1,39.286,22,load
1780605213.7844307,2.932099900004687,3080,0.058105,-0.100586,1.044434,0.748092,3.435115,0.29771,1.050874,3.528213,208,354,146,208,0,39.286,10,load
1780605213.816474,2.9641430000046967,3112,0.03418,-0.046143,1.041016,2.885496,3.687023,-0.282443,1.042598,4.690416,209,356,147,209,0,39.286,1,load
1780605213.8472457,2.9949148000014247,3143,0.031738,0.075684,1.059082,3.160305,2.770992,-1.351145,1.062257,4.41492,210,358,148,210,0,39.286,9,load
1780605213.8788743,3.0265433000022313,3174,0.04248,0.200195,1.059326,2.229008,2.778626,-0.931298,1.078914,3.681922,210,359,149,210,1,39.286,34,load
1780605213.9104443,3.0581133000086993,3205,0.034668,0.071533,1.071533,2.946565,2.78626,-1.175572,1.074478,4.222258,211,360,149,211,0,31.621,19,load
1780605213.9403658,3.088034800006426,3236,0.056641,-0.028076,1.047607,0.068702,2.732824,-0.549618,1.049513,2.788392,211,361,150,211,1,31.621,38,load
1780605213.971357,3.119026100001065,3267,0.035889,0.139404,1.064453,3.320611,2.419847,-0.793893,1.074142,4.18478,212,362,150,212,0,31.621,23,load
1780605214.0029128,3.1505818000005092,3298,0.045654,0.072754,1.062744,0.572519,2.335878,-0.29771,1.066209,2.423372,212,362,150,212,0,31.621,23,load
1780605214.0327153,3.1803843999950914,3329,0.043213,-0.091553,1.043945,-0.80916,2.954198,-1.687023,1.048843,3.496866,212,363,151,212,1,31.621,70,load
1780605214.0649185,3.212587500005611,3360,0.039795,-0.015137,1.069092,-0.396947,2.770992,-0.931298,1.069939,2.950132,212,363,151,212,1,31.621,70,load
1780605214.096381,3.2440500000084285,3392,0.044434,-0.026123,1.058106,1.885496,2.717557,-0.435114,1.05936,3.336096,213,364,151,213,0,31.621,55,load
1780605214.1277733,3.2754424000013387,3423,0.062012,-0.145264,1.032471,3.030534,4.435114,-0.274809,1.044482,5.378652,213,364,151,213,0,31.621,55,load
1780605214.1581109,3.3057799999951385,3454,0.042969,-0.003174,1.062256,0.282443,2.847328,-1.022901,1.063129,3.038648,213,364,151,213,0,31.621,55,load
1780605214.1892,3.3368689000053564,3485,0.042725,-0.030273,1.045166,0.969466,2.633588,-0.687023,1.046477,2.88923,213,364,151,213,0,7.143,55,load
1780605214.2200093,3.367678299997351,3516,0.047607,-0.015381,1.064453,-0.755725,2.908397,-0.335878,1.065628,3.023691,213,364,151,213,0,7.143,55,load
1780605214.2505324,3.398201500007417,3547,0.040527,-0.03125,1.065918,-0.312977,2.89313,-1.312977,1.067146,3.192501,213,364,151,213,0,7.143,55,load
1780605214.2807438,3.4284127999999328,3577,0.037354,-0.009277,1.064453,-0.259542,2.618321,-1.954198,1.065149,3.277477,213,367,154,213,1,7.143,0,load
1780605214.3121297,3.4597989000030793,3608,0.043457,-0.009277,1.058106,-1.076336,2.358779,-0.839695,1.059038,2.72533,214,368,154,214,0,7.143,35,load
1780605214.3438091,3.491478099997039,3639,0.044434,0.050293,1.075195,3.389313,2.10687,-0.465649,1.077288,4.017856,214,368,154,214,0,7.143,35,load
1780605214.3746128,3.5222820000053616,3671,0.043213,0.005371,1.058838,0.114504,2.89313,-1.358779,1.059733,3.198373,214,368,154,214,0,7.143,35,load
1780605214.406196,3.553865299996687,3702,0.046143,0.008057,1.040283,3.801527,3.80916,0.267176,1.041337,5.3882,214,368,154,214,0,7.143,35,load
1780605214.4367278,3.584396899997955,3733,0.047607,0.019531,1.072998,2.977099,2.175573,-0.442748,1.074231,3.713793,214,369,155,214,1,7.143,120,load
1780605214.468597,3.616266099998029,3764,0.039062,0.050293,1.050781,-0.290076,2.671756,-1.320611,1.052709,2.994401,215,370,155,215,0,7.168,31,load
1780605214.5002522,3.647921399999177,3795,0.036621,0.08252,1.053711,0.885496,2.770992,-0.625954,1.057571,2.975621,215,370,155,215,0,7.168,31,load
1780605214.5313673,3.679036300003645,3827,0.05542,-0.11377,1.053467,1.770992,3.274809,-0.267176,1.06104,3.732582,215,370,155,215,0,7.168,31,load
1780605214.5629983,3.710667300008936,3858,0.045898,-0.022461,1.056152,0.725191,3.19084,-1.328244,1.057388,3.531514,216,372,156,216,0,7.168,18,load
1780605214.593121,3.7407901999977184,3889,0.037354,-0.047363,1.0625,2.496183,2.305344,-1.503817,1.064211,3.715778,216,372,156,216,0,7.168,18,load
1780605214.6249568,3.7726260000054026,3920,0.040527,0.062012,1.054932,1.740458,2.496183,-0.366412,1.057529,3.065026,216,372,156,216,0,7.168,18,load
1780605214.6551096,3.8027787000028184,3951,0.049561,-0.080566,1.060059,0.358779,3.51145,-0.557252,1.06427,3.573449,216,373,157,216,1,7.168,78,load
1780605214.6855166,3.833185700001195,3982,0.055908,0.003906,1.046387,1.19084,3.29771,-1.076336,1.047886,3.667627,217,374,157,217,0,7.168,27,load
1780605214.716648,3.864317100000335,4012,0.054932,-0.036377,1.057617,0.29771,3.519084,-0.396947,1.059667,3.553892,217,374,157,217,0,7.168,27,load
1780605214.7470667,3.894735900001251,4043,0.056885,-0.078369,1.063232,0.389313,3.412214,-0.198473,1.067633,3.440081,217,375,158,217,1,7.168,67,load
1780605214.778038,3.92570710000291,4074,0.063721,-0.026123,1.056641,0.366412,3.587786,-0.89313,1.058882,3.715394,218,376,158,218,0,7.168,25,load
1780605214.8097746,3.9574437999981456,4105,0.059326,-0.053467,1.053955,0.076336,3.358779,-0.381679,1.056977,3.381257,218,376,158,218,0,7.168,25,load
1780605214.8408382,3.9885073000041302,4136,0.041992,-0.097412,1.058838,0.152672,3.557252,-0.78626,1.064138,3.646307,218,377,159,218,1,7.168,67,load
1780605214.8713596,4.019028599999729,4167,0.047607,-0.12085,1.044922,2.312977,2.580153,-0.725191,1.052964,3.540191,219,378,159,219,0,7.168,27,load
1780605214.902464,4.050132999997004,4199,0.037842,-0.061768,1.062012,1.465649,3.29771,0.045802,1.064479,3.609033,219,378,159,219,0,7.168,27,load
1780605214.9343889,4.082057999999961,4230,0.031982,0.016113,1.069092,2.801527,2.778626,-0.885496,1.069691,4.043936,219,379,160,219,1,7.168,71,load
1780605214.9645526,4.112221799994586,4261,0.052246,-0.078857,1.061279,-0.259542,3.19084,-1.29771,1.065487,3.454399,220,380,160,220,0,7.168,23,load
1780605214.9970248,4.144693800000823,4292,0.05957,-0.135742,1.044434,2.10687,3.206107,0.526718,1.054901,3.872396,220,380,160,220,0,7.168,23,load
1780605215.0284524,4.1761215000005905,4323,0.023682,-0.187988,1.04834,1.129771,2.442748,-1.633588,1.065325,3.148334,220,381,161,220,1,10.714,76,load
1780605215.068758,4.216427100007422,4354,0.052002,-0.108398,1.043457,1.328244,2.816794,-0.503817,1.05036,3.154741,221,382,161,221,0,10.714,22,load
1780605215.0890493,4.236718300002394,4385,0.052002,-0.010742,1.055176,1.267176,2.984733,-0.435114,1.056511,3.271649,221,382,161,221,0,10.714,22,load
1780605215.1206117,4.268280799995409,4416,0.056152,-0.110596,1.033203,0.312977,3.351145,-0.122137,1.040622,3.367944,221,383,162,221,1,10.714,64,load
1780605215.1530364,4.300705500005279,4448,0.046387,-0.160645,1.050781,-0.351145,3.083969,-1.679389,1.064002,3.529096,222,384,162,222,0,10.714,24,load
1780605215.1833007,4.330969800008461,4479,0.034424,-0.145508,1.065186,0.656489,2.473282,-2.312977,1.075629,3.449343,223,386,163,223,0,10.714,11,load
1780605215.2150877,4.362756700007594,4510,0.052246,0.063965,1.047119,1.587786,3.045802,-0.961832,1.050371,3.566945,223,387,164,223,1,10.714,33,load
1780605215.2475579,4.395226900000125,4542,0.056396,-0.030762,1.061035,-0.030534,2.862595,0.519084,1.062978,2.909439,224,389,165,224,1,10.714,22,load
1780605215.277768,4.425436999998055,4573,0.063721,-0.037842,1.072998,0.122137,2.244275,-0.89313,1.075554,2.418547,225,391,166,225,1,20.0,20,load
1780605215.3098066,4.457475700008217,4604,0.058105,-0.065674,1.041504,1.587786,2.961832,-1.854962,1.045189,3.838541,227,394,167,227,0,20.0,6,load
1780605215.33867,4.486339099996258,4635,0.029297,-0.035889,1.025879,1.572519,2.519084,-2.030534,1.026924,3.597453,228,396,168,228,0,20.0,6,load
1780605215.369997,4.5176659999997355,4666,0.04126,-0.005615,1.062256,1.114504,2.801527,-0.755725,1.063072,3.108342,231,402,171,231,0,20.0,1,load
1780605215.4018512,4.549520200002007,4697,0.053467,-0.041992,1.072998,1.48855,2.51145,-1.709924,1.07515,3.383342,232,405,173,232,1,20.0,17,load
1780605215.4318902,4.579559300007531,4728,0.051514,-0.006348,1.05249,2.435115,3.839695,-0.427481,1.053769,4.566812,236,410,174,236,0,20.0,5,load
1780605215.4635844,4.611253399998532,4759,0.042725,-0.037598,1.049072,1.412214,2.389313,-0.839695,1.050615,2.899698,238,414,176,238,0,20.0,0,load
1780605215.4938076,4.64147669999511,4790,0.0625,-0.052734,1.056885,2.366412,3.320611,-0.687023,1.060044,4.135016,242,420,178,242,0,20.0,6,load
1780605215.5254977,4.673166699998546,4821,0.042725,-0.043213,1.068604,0.938931,2.908397,-0.732824,1.07033,3.142832,247,428,181,247,0,20.0,0,load
1780605215.557082,4.704750999997486,4852,0.0354,-0.046143,1.030273,1.381679,2.755725,-0.648855,1.031914,3.15025,249,433,184,249,1,86.022,14,load
1780605215.5882876,4.735956699994858,4884,0.043213,-0.030762,1.063965,2.038168,2.70229,-0.473282,1.065286,3.417674,254,440,186,254,0,86.022,0,load
1780605215.619639,4.7673079000087455,4915,0.045898,-0.049072,1.052246,1.015267,2.167939,-1.030534,1.054389,2.606286,255,442,187,255,0,86.022,6,load
1780605215.6506507,4.798319800000172,4946,0.042969,-0.048828,1.044189,2.183206,3.80916,-0.954198,1.046213,4.492948,258,447,189,258,1,86.022,14,load
1780605215.68165,4.829318899995997,4977,0.034424,-0.020752,1.067383,0.465649,2.938931,-0.419847,1.068139,3.005065,263,454,191,263,0,86.022,0,load
1780605215.7121124,4.859781499995734,5008,0.0625,-0.068848,1.041992,1.709924,2.916031,-0.824427,1.046133,3.479476,266,461,195,266,1,86.022,3,load
1780605215.7440388,4.891707899994799,5039,0.023682,-0.046387,1.057129,1.870229,2.992366,-0.847328,1.058411,3.629046,270,467,197,270,0,86.022,3,load
1780605215.7749934,4.922662600001786,5070,0.040039,-0.018555,1.04834,0.89313,2.618321,-0.419847,1.049268,2.798134,273,472,199,273,0,86.022,0,load
1780605215.8061955,4.953864600000088,5101,0.043213,-0.039062,1.050537,2.167939,2.824427,-1.396947,1.052151,3.824762,274,475,201,274,1,86.022,17,load
1780605215.836938,4.984607000005781,5132,0.055176,-0.027588,1.056152,1.045802,2.358779,-1.015267,1.057952,2.77278,277,480,203,277,0,100.0,0,load
1780605215.8667183,5.014387400005944,5163,0.040283,-0.03125,1.050537,1.328244,3.282443,-1.160305,1.051773,3.726254,279,484,205,279,0,100.0,1,load
1780605215.8980653,5.045734300001641,5193,0.04834,0.019287,1.038574,2.580153,3.671756,-0.900763,1.039877,4.577156,284,492,208,284,0,100.0,5,load
1780605215.9285932,5.0762623000046005,5225,0.034668,0.001465,1.060303,0.541985,3.114504,-0.259542,1.06087,3.171946,288,498,210,288,0,100.0,0,load
1780605215.9611077,5.108776699998998,5256,0.045166,0.0,1.054443,2.198473,2.526718,-0.648855,1.05541,3.411539,290,503,213,290,1,100.0,14,load
1780605215.992213,5.139882200004649,5287,0.048096,-0.017334,1.073242,2.137405,2.038168,-0.78626,1.074459,3.056278,294,508,214,294,0,100.0,6,load
1780605216.0232632,5.170932399996673,5318,0.052246,-0.035889,1.062256,1.480916,2.236641,-0.587786,1.064145,2.746119,296,512,216,296,0,100.0,1,load
1780605216.053148,5.200817100005224,5349,0.050781,-0.039307,1.046143,2.671756,3.78626,-1.007634,1.048112,4.742295,299,517,218,299,1,100.0,13,load
1780605216.0854096,5.233078599994769,5380,0.046387,-0.02124,1.062012,0.793893,2.984733,-0.656489,1.063236,3.15751,304,524,220,304,0,100.0,0,load
1780605216.1157522,5.263421299998299,5411,0.060303,-0.042236,1.039795,1.763359,2.862595,-0.496183,1.042398,3.398542,306,531,225,306,1,103.943,14,load
1780605216.1482768,5.295945899997605,5444,0.032715,-0.018311,1.066894,2.167939,2.480916,-0.656489,1.067553,3.359446,313,540,227,313,0,103.943,0,load
1780605216.1803644,5.328033400001004,5475,0.042236,-0.037598,1.067627,1.221374,2.755725,-0.992366,1.069123,3.173416,314,542,228,314,0,103.943,6,load
1780605216.211432,5.359101099995314,5506,0.041992,0.015869,1.037354,3.160305,3.70229,-1.030534,1.038324,4.975588,318,548,230,318,0,103.943,6,load
1780605216.247631,5.395300200005295,5537,0.033691,-0.027832,1.055176,0.824427,3.076336,-0.152672,1.05608,3.188547,321,552,231,321,0,103.943,5,load
1780605216.279381,5.42705019999994,5574,0.050781,0.024658,1.045654,2.198473,3.984733,-0.625954,1.047177,4.593822,326,560,234,326,0,103.943,5,load
1780605216.310115,5.457784199999878,5605,0.046143,-0.006348,1.063477,1.282443,3.229008,-0.442748,1.064496,3.502453,330,566,236,330,0,103.943,1,load
1780605216.3420734,5.489742400008254,5636,0.028564,-0.015869,1.040772,2.374046,2.450382,-0.755725,1.041284,3.494508,332,571,239,332,1,103.943,14,load
1780605216.3734183,5.521087500004796,5668,0.045654,-0.025635,1.070557,2.038168,2.847328,-1.015267,1.071836,3.645843,334,574,240,334,0,108.949,6,load
1780605216.404366,5.552035200002138,5699,0.048828,-0.041504,1.067627,1.343511,2.59542,-0.465649,1.069548,2.959401,336,578,242,336,0,108.949,0,load
1780605216.4343026,5.581971699997666,5730,0.046143,-0.011475,1.053223,2.083969,3.374046,-1.145038,1.054295,4.127738,338,581,243,338,1,108.949,17,load
1780605216.464017,5.61168610000459,5761,0.03125,-0.018555,1.053955,0.839695,2.763359,-1.0,1.054582,3.056344,341,586,245,341,0,108.949,6,load
1780605216.4956007,5.643269799998961,5791,0.031738,-0.022461,1.065918,1.633588,2.465649,-1.335878,1.066627,3.245397,343,590,247,343,0,108.949,0,load
1780605216.5264862,5.674155200002133,5822,0.077393,0.005127,1.053955,2.549618,3.618321,-0.908397,1.056805,4.518626,347,596,249,347,0,108.949,5,load
1780605216.556776,5.704445099996519,5853,0.075195,-0.000244,1.058106,0.908397,4.061068,-0.305344,1.060774,4.172612,349,600,251,349,0,108.949,0,load
1780605216.5884988,5.73616800000309,5884,0.015869,-0.01416,1.052002,2.19084,1.832061,-0.496183,1.052217,2.898694,351,605,254,351,1,108.949,14,load
1780605216.6194615,5.7671306999982335,5915,0.039795,-0.033936,1.061035,1.900763,2.358779,-0.89313,1.062323,3.15823,355,610,255,355,0,108.949,5,load
1780605216.6517835,5.799452499995823,5947,0.068359,-0.035645,1.057861,1.450382,3.473282,-0.969466,1.060667,3.886793,358,614,256,358,0,86.022,5,load
1780605216.6830091,5.830678199999966,5978,0.046631,-0.016113,1.050537,2.458015,2.709924,-1.40458,1.051695,3.918976,361,619,258,361,1,86.022,14,load
1780605216.7130637,5.860732900007861,6009,0.047852,-0.012451,1.04834,1.29771,2.770992,-1.19084,1.049505,3.283374,365,624,259,365,0,86.022,5,load
1780605216.7441974,5.891866400008439,6040,0.071533,-0.040039,1.051514,0.832061,3.236641,-0.671756,1.054704,3.408728,367,628,261,367,0,86.022,1,load
1780605216.7750685,5.92273770000611,6071,0.050781,-0.041504,1.042236,2.290076,3.992366,0.572519,1.044298,4.638018,370,632,262,370,0,86.022,6,load
1780605216.8053966,5.9530655999988085,6102,0.054443,-0.020264,1.063477,0.748092,3.320611,-0.29771,1.065062,3.41683,372,636,264,372,0,86.022,0,load
1780605216.8384507,5.986119799999869,6133,0.018555,-0.019531,1.059082,2.030534,2.343511,-0.564886,1.059425,3.151858,373,641,268,373,1,86.022,17,load
1780605216.8690388,6.01670799999556,6164,0.049561,-0.03125,1.068115,2.061069,2.709924,-0.099237,1.069721,3.406103,377,646,269,377,0,86.022,0,load
1780605216.899823,6.047491999997874,6195,0.057373,-0.040039,1.054199,0.748092,3.145038,-0.21374,1.056518,3.239844,378,648,270,378,0,86.022,6,load
1780605216.9307768,6.078445799998008,6226,0.045166,-0.043945,1.054932,1.641221,3.167939,-1.053435,1.056812,3.720104,380,651,271,380,1,78.853,17,load
1780605216.9616852,6.109354300002451,6257,0.055664,-0.029053,1.055664,1.244275,2.541985,-0.847328,1.05753,2.954297,383,656,273,383,0,78.853,0,load
1780605216.9920845,6.139753600000404,6288,0.042969,-0.029297,1.052246,2.114504,3.557252,-0.519084,1.05353,4.170686,386,662,276,386,0,78.853,0,load
1780605217.023888,6.1715570999949705,6319,0.070801,-0.019531,1.045898,2.015267,3.816794,-1.129771,1.048474,4.46157,389,666,277,389,0,78.853,6,load
1780605217.0538585,6.201527600002009,6350,0.063477,-0.01001,1.066894,0.854962,3.625954,-0.648855,1.068828,3.78147,390,668,278,390,0,78.853,5,load
1780605217.0854712,6.233140199998161,6381,0.071045,-0.055908,1.057129,1.900763,2.824427,0.183206,1.060988,3.409378,392,673,281,392,1,78.853,13,load
1780605217.1160083,6.263677399998414,6412,0.04248,-0.059814,1.05957,1.961832,2.740458,-0.648855,1.062107,3.432187,396,678,282,396,0,78.853,5,load
1780605217.1477444,6.295413400002872,6443,0.055176,-0.015137,1.047363,1.221374,3.267176,-0.618321,1.048925,3.542388,398,682,284,398,0,78.853,0,load
1780605217.1787958,6.326465000005555,6474,0.045654,-0.024414,1.072266,1.59542,2.358779,-1.40458,1.073515,3.175224,400,689,289,400,1,78.853,14,load
1780605217.210837,6.358506000004127,6506,0.010986,-0.023438,1.057617,2.145038,2.664122,-1.030534,1.057934,3.572217,405,696,291,405,0,89.286,1,load
1780605217.2422013,6.38987040000211,6537,0.036377,-0.022705,1.05249,1.740458,2.954198,-1.419847,1.053363,3.711125,406,698,292,406,0,89.286,5,load
1780605217.2724261,6.420095299996319,6568,0.032715,0.013428,1.036621,2.076336,2.610687,-0.916031,1.037224,3.459186,409,702,293,409,0,89.286,6,load
1780605217.3039057,6.451574899998377,6599,0.027344,-0.01416,1.050781,1.763359,2.664122,-0.59542,1.051232,3.249847,410,704,294,410,0,89.286,5,load
1780605217.3342793,6.481948300002841,6630,0.057129,-0.063477,1.046387,1.740458,2.923664,-0.152672,1.049866,3.405923,412,710,298,412,0,89.286,0,load
1780605217.3661852,6.513854200005881,6661,0.037598,-0.029541,1.039551,2.099237,3.618321,-0.832061,1.04065,4.265134,415,714,299,415,0,89.286,5,load
1780605217.396054,6.543722999995225,6692,0.030518,-0.004395,1.058838,0.366412,3.312977,0.198473,1.059287,3.339082,420,720,300,420,0,89.286,5,load
1780605217.4277384,6.575407399999676,6723,0.016602,-0.011963,1.051514,2.114504,2.312977,-0.48855,1.051713,3.171698,421,723,302,421,1,89.286,18,load
1780605217.459419,6.607088000004296,6755,0.067627,-0.038086,1.063965,1.885496,2.847328,-1.564886,1.066792,3.756493,425,728,303,425,0,89.286,5,load
1780605217.4907317,6.638400900003035,6786,0.013916,-0.019531,1.057373,1.755725,2.580153,0.099237,1.057645,3.122436,427,732,305,427,0,78.571,5,load
1780605217.5214846,6.669153599999845,6817,0.054932,-0.041748,1.074219,0.885496,2.305344,-0.328244,1.076432,2.491276,428,735,307,428,1,78.571,18,load
1780605217.5530376,6.700706700008595,6848,0.062256,-0.006348,1.038574,2.435115,3.89313,-0.374046,1.040458,4.607185,436,744,308,436,0,78.571,0,load
1780605217.5839326,6.7316016999975545,6879,0.02417,-0.025391,1.055176,0.954198,1.557252,-1.412214,1.055758,2.308652,437,746,309,437,0,78.571,6,load
1780605217.6149995,6.762668700001086,6910,0.054199,-0.047852,1.046631,0.832061,4.038168,0.328244,1.049125,4.136046,438,749,311,438,1,78.571,18,load
1780605217.645717,6.79338600000483,6941,0.025146,-0.032959,1.057373,1.099237,1.91603,-0.412214,1.058185,2.24709,440,752,312,440,0,78.571,6,load
1780605217.6768148,6.824483799995505,6972,0.02417,-0.053955,1.060059,0.816794,1.587786,-1.053435,1.061706,2.073148,442,756,314,442,0,78.571,0,load
1780605217.707265,6.854934000002686,7003,0.040771,-0.046143,1.051025,1.358779,2.694656,-0.381679,1.052828,3.041896,443,759,316,443,1,78.571,17,load
1780605217.7385256,6.8861946999968495,7034,0.052246,-0.026367,1.059082,1.274809,2.549618,-0.496183,1.060698,2.893422,447,764,317,447,0,78.571,6,load
1780605217.7700624,6.917731499997899,7065,0.042725,-0.040039,1.062256,1.755725,2.603053,-1.229008,1.063868,3.371782,449,768,319,449,0,78.853,0,load
1780605217.8000546,6.947723599994788,7096,0.056396,-0.025879,1.054932,2.0,3.19084,-0.908397,1.056755,3.873841,453,773,320,453,1,78.853,16,load
1780605217.8325024,6.980171400005929,7127,0.054199,-0.041504,1.058838,0.435114,1.648855,-1.282443,1.061036,2.133707,456,778,322,456,0,78.853,1,load
1780605217.8634176,7.011086700003943,7159,0.038574,-0.059326,1.042236,1.259542,2.916031,-0.694656,1.044636,3.251496,457,780,323,457,0,78.853,5,load
1780605217.8949442,7.042613199999323,7190,0.044189,-0.055176,1.043945,1.496183,3.152672,-0.396947,1.046336,3.512189,462,786,324,462,0,78.853,6,load
1780605217.9254181,7.073087199998554,7221,0.026855,-0.016602,1.056396,0.473282,3.267176,-1.068702,1.056868,3.469951,466,792,326,466,0,78.853,0,load
1780605217.9566665,7.104335600000923,7252,0.050781,-0.023682,1.032471,1.725191,2.519084,-0.40458,1.03399,3.079895,467,797,330,467,1,78.853,17,load
1780605217.9871674,7.134836400000495,7283,0.047119,-0.050293,1.051758,2.755725,3.282443,-0.648855,1.054013,4.334682,471,802,331,471,0,78.853,6,load
1780605218.018326,7.165995200004545,7314,0.059326,-0.014893,1.057373,1.21374,4.778626,0.038168,1.059141,4.930506,473,806,333,473,0,78.853,0,load
1780605218.0487597,7.196428700000979,7345,0.03833,-0.021973,1.038086,1.351145,2.59542,-0.015267,1.039026,2.926094,475,811,336,475,1,92.857,15,load
1780605218.0807068,7.228375999999116,7376,0.072998,-0.071045,1.056885,2.320611,2.839695,-0.740458,1.061782,3.741307,480,818,338,480,0,92.857,6,load
1780605218.1154115,7.263080699995044,7407,0.055664,-0.038086,1.039062,1.954198,4.152672,-1.603053,1.041249,4.861415,481,820,339,481,0,92.857,5,load
1780605218.1433053,7.290974300005473,7438,0.040527,-0.041016,1.058106,1.564886,3.358779,-0.534351,1.059675,3.743767,482,822,340,482,0,92.857,5,load
1780605218.1745434,7.322212400002172,7470,0.030762,-0.008301,1.044678,1.572519,3.282443,0.198473,1.045164,3.645084,485,826,341,485,0,92.857,6,load
1780605218.2054117,7.353080700006103,7501,0.071045,-0.010986,1.069092,1.08397,2.10687,-0.198473,1.071506,2.377663,487,830,343,487,0,92.857,6,load
1780605218.2370355,7.384704700001748,7532,0.051758,-0.035645,1.054199,1.396947,2.396947,-1.473282,1.056071,3.141238,488,832,344,488,0,92.857,5,load
1780605218.267503,7.41517200000817,7563,0.045654,-0.017578,1.059326,2.267176,3.557252,-0.259542,1.060455,4.226286,490,837,347,490,1,92.857,15,load
1780605218.2993681,7.447037300007651,7594,0.032227,-0.049561,1.044922,3.496183,3.687023,-1.984733,1.046593,5.454962,493,842,349,493,0,92.857,6,load
1780605218.3293972,7.477066200008267,7625,0.072266,-0.039795,1.044434,2.022901,3.862595,-1.053435,1.047687,4.485699,494,844,350,494,0,67.857,6,load
1780605218.3597555,7.507424700001138,7656,0.027832,-0.0271,1.049316,1.816794,2.70229,-0.824427,1.050035,3.358987,495,846,351,495,0,67.857,7,load
1780605218.391942,7.539611100000911,7687,0.043701,0.000488,1.060303,1.80916,2.152672,-1.229008,1.061203,3.068797,498,850,352,498,0,67.857,6,load
1780605218.421841,7.5695100000011735,7718,0.035645,-0.001709,1.0354,1.389313,2.832061,-0.251908,1.036015,3.164525,499,852,353,499,0,67.857,7,load
1780605218.4539557,7.60162470000796,7749,0.054199,-0.014404,1.067383,1.183206,3.305344,0.419847,1.068855,3.535752,500,854,354,500,0,67.857,5,load
1780605218.4842925,7.631961699997191,7780,0.040771,0.010254,1.054443,0.458015,3.549618,-0.389313,1.055281,3.600157,501,856,355,501,0,67.857,5,load
1780605218.5152013,7.662870400003158,7811,0.040283,0.08252,1.04248,2.282443,2.946565,-0.748092,1.046517,3.801504,502,858,356,502,0,67.857,8,load
1780605218.5467713,7.694440300008864,7842,0.027344,-0.106201,1.028809,2.534351,3.641221,0.267176,1.034637,4.444413,503,860,357,503,0,67.857,9,load
1780605218.5776567,7.725325799998245,7873,0.042725,-0.196289,1.054443,0.099237,3.038168,-1.381679,1.073408,3.339064,503,861,358,503,1,67.857,34,load
1780605218.6096132,7.757282200007467,7904,0.032227,0.020264,1.052246,2.015267,2.870229,-0.419847,1.052934,3.532108,504,862,358,504,0,35.842,15,load
1780605218.6414013,7.789070300001185,7936,0.039062,-0.065674,1.05835,1.572519,2.89313,-2.709924,1.061104,4.264587,505,864,359,505,0,35.842,14,load
1780605218.6700122,7.817681200001971,7967,0.063477,-0.02002,1.045166,2.076336,3.48855,0.0,1.047283,4.059698,505,864,359,505,0,35.842,14,load
1780605218.7016358,7.849304899995332,7997,0.042725,-0.0896,1.064941,1.473282,3.091603,-0.778626,1.069558,3.512098,505,865,360,505,1,35.842,52,load
1780605218.7328045,7.880473700002767,8028,0.044922,-0.14502,1.048828,1.015267,3.221374,-1.129771,1.059759,3.561516,506,866,360,506,0,35.842,21,load
1780605218.7642787,7.911947800006601,8059,0.04126,-0.031738,1.052246,0.908397,4.045802,0.145038,1.053533,4.149064,506,867,361,506,1,35.842,50,load
1780605218.794748,7.942417199999909,8090,0.042725,-0.044678,1.055908,2.122137,2.877863,-1.70229,1.057716,3.960221,507,868,361,507,0,35.842,15,load
1780605218.8270583,7.97472729999572,8121,0.030762,-0.124512,1.053711,1.587786,3.083969,-1.442748,1.061488,3.756788,507,868,361,507,0,35.842,15,load
1780605218.8576312,8.0053004000074,8153,0.045654,-0.04248,1.061279,0.954198,2.335878,-0.274809,1.06311,2.538176,508,870,362,508,0,35.842,12,load
1780605218.8888822,8.0365512999997,8184,0.051514,-0.038818,1.051025,0.916031,3.396947,-0.10687,1.053003,3.519912,508,870,362,508,0,14.286,12,load
1780605218.920571,8.068240199994761,8215,0.046631,0.032715,1.048096,2.320611,3.114504,-0.564886,1.049642,3.924852,508,871,363,508,1,14.286,57,load
1780605218.9518187,8.099487700004829,8247,0.043213,0.099121,1.045898,2.763359,2.534351,-0.687023,1.051473,3.811966,509,872,363,509,0,14.286,25,load
1780605218.9834988,8.131167900006403,8279,0.040527,0.07251,1.071289,2.954198,2.854962,-1.419847,1.074505,4.34673,509,873,364,509,1,14.286,50,load
1780605219.0147398,8.162408799995319,8310,0.040527,-0.009521,1.064697,1.450382,3.145038,-1.40458,1.065511,3.737341,510,874,364,510,0,14.286,16,load
1780605219.0467184,8.19438739999896,8341,0.033203,-0.121094,1.060303,1.816794,2.916031,-0.641221,1.067712,3.495016,510,874,364,510,0,14.286,16,load
1780605219.0769672,8.224636400002055,8372,0.042969,-0.031494,1.045654,0.549618,2.931298,-0.992366,1.047011,3.143148,511,876,365,511,0,14.286,12,load
1780605219.1093252,8.25699419999728,8404,0.042236,0.040527,1.05542,1.48855,3.564885,-0.458015,1.057042,3.89024,511,876,365,511,0,14.286,12,load
1780605219.1394355,8.287104500006535,8435,0.042236,-0.085693,1.050537,1.007634,2.801527,-1.152672,1.054872,3.192574,512,878,366,512,0,15.936,15,load
1780605219.1709092,8.318578300008085,8466,0.043945,0.081055,1.063232,2.916031,2.717557,-0.78626,1.067223,4.062826,512,878,366,512,0,15.936,15,load
1780605219.2021666,8.349835700006224,8497,0.061768,-0.105957,1.048828,1.068702,3.419847,-0.778626,1.055975,3.66657,512,879,367,512,1,15.936,53,load
1780605219.2321894,8.379858500004048,8528,0.032227,0.071777,1.054932,2.40458,2.496183,-0.946565,1.057862,3.592899,513,880,367,513,0,15.936,21,load
1780605219.2646368,8.412305899997591,8559,0.031738,-0.042969,1.059082,2.320611,2.679389,-0.48855,1.060428,3.578134,513,881,368,513,1,15.936,45,load
1780605219.294336,8.44200510000519,8590,0.032471,-0.018555,1.051514,1.221374,2.351145,-0.900763,1.052178,2.798395,514,882,368,514,0,15.936,17,load
1780605219.326309,8.473978099995293,8621,0.042725,-0.071045,1.05542,0.687023,2.587786,-0.633588,1.058671,2.751376,514,883,369,514,1,15.936,46,load
1780605219.3575065,8.505175700003747,8653,0.037109,-0.009521,1.047119,2.770992,2.78626,-1.091603,1.04782,4.078387,515,884,369,515,0,15.936,17,load
1780605219.3895745,8.537243600003421,8684,0.04248,0.067383,1.051514,3.282443,2.450382,-0.320611,1.054526,4.108721,515,885,370,515,1,15.936,45,load
1780605219.421967,8.569636000000173,8716,0.036865,-0.108398,1.056885,1.038168,2.526718,-1.580153,1.063068,3.155785,516,886,370,516,0,14.235,18,load
1780605219.452988,8.600656900001923,8748,0.049072,-0.000977,1.053467,1.580153,2.916031,-0.068702,1.05461,3.317354,516,887,371,516,1,14.235,42,load
1780605219.4846685,8.632337600007304,8779,0.030273,-0.09668,1.062256,1.435114,2.633588,-0.969466,1.067076,3.152016,517,888,371,517,0,14.235,21,load
1780605219.5157294,8.663398500008043,8811,0.05957,0.038574,1.068604,3.099237,2.89313,-0.244275,1.070958,4.24678,518,890,372,518,0,14.235,12,load
1780605219.5467112,8.694380400003865,8842,0.038574,-0.002686,1.057373,2.427481,2.89313,0.030534,1.05808,3.776744,518,890,372,518,0,14.235,12,load
1780605219.5774941,8.725163299997803,8873,0.059082,-0.088379,1.041992,0.229008,3.732824,-0.587786,1.047401,3.785751,519,892,373,519,0,14.235,9,load
1780605219.6091442,8.756813200001488,8904,0.058838,-0.037598,1.042969,1.740458,2.442748,-0.305344,1.045304,3.014871,519,893,374,519,1,14.235,42,load
1780605219.641146,8.788815100007923,8936,0.043457,-0.018799,1.054932,1.824428,2.458015,-1.480916,1.055994,3.400513,520,894,374,520,0,14.235,12,load
1780605219.6715868,8.819255900001735,8967,0.026855,0.031494,1.048096,2.748092,2.526718,-0.610687,1.048912,3.782756,521,896,375,521,0,19.92,10,load
1780605219.7030017,8.8506708000059,8998,0.045166,-0.031738,1.070801,-0.740458,3.236641,0.312977,1.072223,3.334978,521,897,376,521,1,19.92,33,load
1780605219.7329628,8.880631899999571,9029,0.047607,0.001953,1.078613,0.129771,2.312977,-0.022901,1.079665,2.316728,522,898,376,522,0,19.92,12,load
1780605219.7648013,8.912470299997949,9060,0.02002,-0.011475,1.062988,0.839695,2.10687,-0.656489,1.063239,2.361137,523,900,377,523,0,19.92,1,load
1780605219.7960663,8.943735299995751,9091,0.044189,-0.078857,1.047852,0.061069,2.183206,-0.259542,1.051743,2.199427,524,902,378,524,0,19.92,0,load
1780605219.8273795,8.975048499996774,9122,0.032227,-0.031494,1.05249,0.977099,2.541985,-1.229008,1.053454,2.987787,527,907,380,527,1,19.92,16,load
1780605219.8578267,9.005495799996424,9153,0.033936,-0.057129,1.036865,2.320611,2.328244,-2.557252,1.038992,4.164792,529,910,381,529,0,19.92,6,load
1780605219.888277,9.035946100004367,9184,0.044678,-0.024414,1.041016,0.946565,3.183206,-1.229008,1.04226,3.54108,533,916,383,533,0,19.92,0,load
1780605219.9199815,9.067650600001798,9215,0.020508,-0.034912,1.067871,0.587786,2.320611,-1.51145,1.068638,2.831114,535,920,385,535,0,19.92,0,load
1780605219.9515233,9.099192299996503,9247,0.045166,0.000244,1.040283,2.656489,3.954198,-1.259542,1.041263,4.927379,539,926,387,539,0,64.286,5,load
1780605219.981973,9.129641999999876,9278,0.030762,0.001709,1.071777,1.312977,2.496183,-0.78626,1.07222,2.927976,542,930,388,542,0,64.286,5,load
1780605220.0146737,9.162342900002841,9309,0.040771,-0.0271,1.054443,2.160305,2.625954,-0.21374,1.055579,3.407086,544,935,391,544,1,64.286,3,load
1780605220.0460856,9.193754699997953,9341,0.049072,-0.027832,1.056641,3.541985,2.748092,-1.038168,1.058146,4.60168,548,940,392,548,0,64.286,1,load
1780605220.0765529,9.224222000004374,9372,0.039307,-0.041748,1.05835,1.603053,2.778626,-0.458015,1.059902,3.24042,550,944,394,550,0,64.286,0,load
1780605220.1082013,9.255870399996638,9403,0.022461,-0.032959,1.050537,1.717557,2.435115,-1.236641,1.051294,3.226309,552,947,395,552,1,64.286,16,load
1780605220.1387916,9.28646070000832,9434,0.026855,-0.025879,1.069336,0.129771,2.541985,-0.465649,1.069986,2.587538,557,954,397,557,0,64.286,0,load
1780605220.1693006,9.31696959999681,9465,0.042236,-0.072998,1.044922,0.862595,2.778626,-1.076336,1.04832,3.10215,559,958,399,559,0,64.286,1,load
1780605220.200594,9.348263000007137,9496,0.056396,-0.033447,1.049805,1.89313,3.259542,-0.80916,1.05185,3.855294,565,966,401,565,0,64.286,5,load
1780605220.231429,9.37909820000641,9527,0.029785,-0.010498,1.048584,0.59542,3.435115,-0.152672,1.049059,3.489677,569,972,403,569,0,107.143,0,load
1780605220.2633936,9.411062800005311,9558,0.046387,-0.03833,1.054932,1.91603,3.221374,-0.969466,1.056646,3.871471,571,977,406,571,1,107.143,14,load
1780605220.2944164,9.442085400005453,9589,0.043213,0.010742,1.061768,1.335878,3.198473,-0.419847,1.062701,3.491572,573,980,407,573,0,107.143,5,load
1780605220.3249013,9.472570400001132,9620,0.033203,-0.041504,1.052978,1.534351,2.442748,-1.335878,1.054319,3.178965,575,984,409,575,0,107.143,0,load
1780605220.3558555,9.503524600004312,9651,0.053711,-0.025391,1.047119,2.679389,3.40458,-0.610687,1.048803,4.375298,579,990,411,579,0,107.143,6,load
1780605220.3866906,9.534359700002824,9682,0.054443,-0.003662,1.060547,0.916031,3.137405,-0.305344,1.06195,3.28263,583,996,413,583,0,107.143,0,load
1780605220.4177527,9.565421799998148,9713,0.021484,0.003418,1.041992,2.412214,2.854962,-0.717557,1.042219,3.805847,585,1003,418,585,1,107.143,14,load
1780605220.4491272,9.596796300000278,9744,0.050781,-0.011963,1.060303,2.015267,2.610687,-0.709924,1.061585,3.373571,590,1010,420,590,0,107.143,0,load
1780605220.4807863,9.628455300000496,9776,0.025391,-0.02002,1.055664,1.694656,2.48855,-0.908397,1.056159,3.144825,591,1012,421,591,0,107.143,5,load
1780605220.511226,9.658895100001246,9807,0.05249,-0.000244,1.046143,2.282443,3.938931,-0.78626,1.047459,4.61984,595,1018,423,595,0,92.857,6,load
1780605220.543359,9.691028000001097,9838,0.062744,-0.026367,1.055908,0.694656,3.053435,-0.580153,1.058099,3.184744,599,1024,425,599,0,92.857,0,load
1780605220.573792,9.721461000008276,9869,0.018799,0.007813,1.040527,2.412214,2.923664,-0.435114,1.040726,3.815221,602,1031,429,602,1,92.857,2,load
1780605220.6051874,9.752856599996448,9900,0.032471,-0.027344,1.05127,1.633588,2.824427,-0.641221,1.052126,3.325232,608,1038,430,608,0,92.857,0,load
1780605220.6354394,9.783108400006313,9931,0.039795,-0.039551,1.051514,1.145038,2.961832,-0.641221,1.053009,3.239556,610,1042,432,610,0,92.857,1,load
1780605220.6660645,9.813733500006492,9962,0.052002,-0.062988,1.045898,2.0,3.114504,-1.21374,1.049083,3.895292,612,1045,433,612,1,92.857,16,load
1780605220.6966612,9.844330299994908,9992,0.052002,-0.032471,1.070801,0.709924,2.152672,-0.931298,1.072554,2.450572,615,1050,435,615,0,92.857,1,load
1780605220.7281363,9.875805400006357,10023,0.05249,-0.074707,1.054688,0.938931,2.374046,-1.343511,1.058632,2.88491,617,1054,437,617,0,92.857,0,load
1780605220.7596276,9.90729669999564,10054,0.04126,-0.055908,1.05127,1.908397,3.557252,-0.832061,1.053563,4.121692,622,1060,438,622,0,92.857,5,load
1780605220.7900004,9.937669399994775,10085,0.047119,-0.0271,1.047119,0.938931,3.473282,-0.129771,1.048529,3.600295,627,1068,441,627,0,115.108,0,load
1780605220.8228993,9.970568300006562,10117,0.047363,-0.063232,1.048828,1.343511,4.167938,-1.435114,1.051799,4.608285,629,1073,444,629,1,115.108,14,load
1780605220.8546505,10.002319499995792,10149,0.037354,-0.026855,1.056641,0.572519,2.557252,-0.725191,1.057642,2.719047,634,1080,446,634,0,115.108,0,load
1780605220.8856316,10.033300700000837,10180,0.052734,-0.07251,1.051025,1.801527,2.679389,-0.671756,1.054843,3.29786,636,1084,448,636,0,115.108,1,load
1780605220.9162223,10.06389130000025,10211,0.023438,-0.03833,1.055664,1.816794,3.274809,-0.946565,1.05662,3.862784,642,1092,450,642,0,115.108,0,load
1780605220.9475098,10.095178799994756,10243,0.049561,-0.043213,1.048584,1.167939,2.78626,-0.641221,1.050644,3.088444,644,1096,452,644,0,115.108,1,load
1780605220.9807806,10.12844970000151,10274,0.05957,-0.05127,1.051514,1.870229,3.152672,-1.068702,1.054447,3.818274,649,1103,454,649,1,115.108,13,load
1780605221.0106297,10.15829870000016,10305,0.019531,-0.024414,1.056641,0.709924,2.78626,-0.793893,1.057103,2.982868,654,1110,456,654,0,115.108,0,load
1780605221.0431812,10.190850200000568,10336,0.045654,-0.074219,1.050049,0.854962,2.80916,-1.076336,1.053658,3.127434,656,1114,458,656,0,115.538,0,load
1780605221.072102,10.219771100004436,10367,0.063477,-0.041016,1.053223,2.099237,3.236641,-1.030534,1.055931,3.993074,659,1118,459,659,0,115.538,5,load
1780605221.1036358,10.251304799996433,10399,0.04126,-0.020508,1.05957,0.480916,2.954198,-0.610687,1.060572,3.054751,663,1124,461,663,0,115.538,0,load
1780605221.134783,10.282451999999466,10430,0.052002,-0.050293,1.045898,2.076336,2.732824,-1.099237,1.048397,3.603862,664,1127,463,664,1,115.538,17,load
1780605221.1651313,10.312800300001982,10461,0.055908,-0.024414,1.063965,0.832061,2.59542,-1.015267,1.065712,2.908487,670,1136,466,670,0,115.538,0,load
1780605221.199331,10.347000199995819,10492,0.027588,-0.039795,1.053711,1.236641,2.763359,-1.167939,1.054823,3.244922,672,1140,468,672,0,115.538,0,load
1780605221.2276812,10.375350300004357,10523,0.065918,-0.024902,1.047852,2.21374,3.465649,-0.78626,1.050218,4.186834,676,1146,470,676,0,115.538,6,load
1780605221.2592552,10.406924199996865,10554,0.064697,-0.026367,1.064941,0.648855,3.984733,0.045802,1.067231,4.037475,678,1150,472,678,0,115.538,1,load
1780605221.290294,10.437963000003947,10585,0.056885,-0.008057,1.05249,2.167939,2.992366,-0.854962,1.054057,3.792779,680,1155,475,680,1,115.538,13,load
1780605221.321786,10.469455099999323,10616,0.047119,-0.014648,1.060791,1.48855,2.938931,-0.709924,1.061938,3.370028,685,1162,477,685,0,103.571,0,load
1780605221.3535187,10.501187900008517,10648,0.035645,-0.014648,1.056641,1.320611,2.717557,-1.21374,1.057343,3.256117,689,1168,479,689,0,103.571,0,load
1780605221.3848276,10.532496800005902,10679,0.072021,-0.030518,1.05249,2.061069,3.259542,-0.78626,1.055393,3.935838,693,1174,481,693,0,103.571,6,load
1780605221.4162235,10.563892499994836,10711,0.046875,-0.026611,1.054932,0.900763,3.015267,-0.099237,1.056308,3.148501,697,1180,483,697,0,103.571,0,load
1780605221.4473562,10.595025200003874,10742,0.048584,-0.000244,1.053223,1.847328,3.435115,-1.08397,1.054343,4.048163,698,1183,485,698,1,103.571,17,load
1780605221.4776504,10.62531950000266,10773,0.041504,-0.00293,1.05957,1.587786,2.748092,-0.122137,1.060387,3.17616,701,1188,487,701,0,103.571,0,load
1780605221.5090497,10.656718700003694,10804,0.051758,-0.01709,1.066162,1.465649,2.473282,-1.122137,1.067554,3.08617,703,1192,489,703,0,103.571,0,load
1780605221.540217,10.687885999999708,10835,0.041504,0.007568,1.035644,2.839695,3.328244,-0.854962,1.036503,4.457806,708,1200,492,708,0,103.571,6,load
1780605221.5704505,10.718119600001955,10866,0.031494,-0.004883,1.050049,0.969466,3.030534,-0.099237,1.050532,3.183371,712,1206,494,712,0,108.0,0,load
1780605221.6021307,10.749799700002768,10897,0.015625,0.012695,1.040772,2.541985,2.51145,-0.51145,1.040966,3.609799,714,1211,497,714,1,108.0,14,load
1780605221.6334853,10.781154299998889,10928,0.043213,-0.015381,1.063965,2.320611,2.290076,-1.015267,1.064953,3.41474,717,1216,499,717,0,108.0,1,load
1780605221.66516,10.812829000002239,10960,0.040039,-0.033936,1.065918,1.694656,2.862595,-0.671756,1.067209,3.393754,719,1220,501,719,0,108.0,0,load
1780605221.6960745,10.843743599994923,10991,0.053955,0.006348,1.052978,2.862595,3.618321,-0.900763,1.054379,4.700858,723,1226,503,723,0,108.0,5,load
1780605221.7266037,10.874272900007782,11022,0.045166,-0.011963,1.0625,0.717557,3.045802,-0.366412,1.063527,3.150564,726,1232,506,726,0,108.0,0,load
1780605221.7576818,10.905351000008523,11052,0.066895,-0.070801,1.052734,1.503817,2.839695,-1.167939,1.057231,3.418978,727,1235,508,727,1,108.0,17,load
1780605221.7893226,10.936991700000362,11084,0.032715,-0.0354,1.061523,1.78626,2.89313,-0.801527,1.062617,3.493332,732,1241,509,732,0,108.0,3,load
1780605221.8206108,10.968279799999436,11115,0.055908,-0.051514,1.059814,0.78626,2.458015,-0.152672,1.062538,2.585218,733,1243,510,733,0,108.0,5,load
1780605221.8516235,10.999292599997716,11146,0.043701,-0.046631,1.043213,1.305344,3.312977,-1.08397,1.045168,3.722194,734,1246,512,734,1,78.571,16,load
1780605221.882716,11.03038490000472,11177,0.059326,-0.039307,1.071289,0.564886,2.908397,-0.48855,1.07365,3.002757,739,1253,514,739,0,78.571,0,load
1780605221.9196143,11.067283299998962,11208,0.047119,-0.083496,1.047119,1.160305,3.137405,-0.854962,1.051499,3.452619,742,1259,517,742,0,78.571,1,load
1780605221.9510596,11.098728700002539,11245,0.036377,-0.04248,1.062988,0.206107,2.572519,-0.343511,1.064458,2.603524,747,1265,518,747,0,78.571,5,load
1780605221.9826486,11.130317600007402,11277,0.0354,-0.030518,1.039307,2.427481,2.496183,-0.465649,1.040357,3.512894,749,1270,521,749,1,78.571,14,load
1780605222.0128078,11.160476999997627,11308,0.041016,-0.03125,1.063721,1.877863,2.396947,-0.916031,1.06497,3.179754,752,1275,523,752,0,78.571,0,load
1780605222.0449462,11.19261529999494,11339,0.042725,-0.039307,1.062256,1.282443,2.526718,-0.694656,1.063841,2.917449,754,1279,525,754,0,78.571,0,load
1780605222.075587,11.223256199999014,11370,0.043945,-0.05542,1.039062,2.007634,3.343511,-1.175572,1.041467,4.073283,757,1284,527,757,1,78.571,14,load
1780605222.1076617,11.25533080000605,11402,0.043945,-0.038086,1.05835,0.061069,3.160305,-0.40458,1.059946,3.186682,763,1293,530,763,0,113.281,0,load
1780605222.1381347,11.285803699996904,11433,0.054443,-0.070068,1.05249,1.824428,2.435115,-0.854962,1.056224,3.160582,765,1298,533,765,1,113.281,13,load
1780605222.168453,11.316122000003816,11464,0.024414,-0.022949,1.058838,2.129771,3.0,-1.335878,1.059368,3.91414,769,1303,534,769,0,113.281,5,load
1780605222.200419,11.348088099999586,11495,0.032471,-0.037354,1.044434,0.740458,2.80916,-0.435114,1.045606,2.937513,770,1305,535,770,0,113.281,5,load
1780605222.2513647,11.399033800000325,11526,0.049316,-0.05957,1.050293,1.725191,3.610687,-1.221374,1.053136,4.18391,772,1310,538,772,1,113.281,14,load
1780605222.2626624,11.410331399994902,11557,0.056641,-0.014404,1.05835,0.931298,2.931298,-0.587786,1.059962,3.131344,777,1317,540,777,0,113.281,0,load
1780605222.293243,11.440912100006244,11588,0.042236,-0.052734,1.054932,0.977099,2.725191,-1.381679,1.057093,3.20787,779,1323,544,779,0,113.281,0,load
1780605222.3253577,11.473026699997718,11620,0.066406,-0.063965,1.061035,1.648855,3.160305,-0.687023,1.065034,3.630186,783,1330,547,783,0,113.281,3,load
1780605222.3576608,11.505329799998435,11652,0.050537,-0.036377,1.048096,1.091603,2.687023,-0.435114,1.049944,2.932748,786,1335,549,786,0,92.0,1,load
1780605222.3884888,11.536157800001092,11683,0.05127,-0.05127,1.049316,1.572519,3.801527,-1.10687,1.051818,4.260232,788,1338,550,788,1,92.0,17,load
1780605222.4186494,11.566318500001216,11714,0.044189,-0.025879,1.056396,0.564886,2.580153,-0.717557,1.057637,2.737001,793,1345,552,793,0,92.0,1,load
1780605222.4505212,11.598190300006536,11745,0.064209,-0.040039,1.051758,1.259542,3.167939,-1.030534,1.054476,3.5615,795,1349,554,795,0,92.0,0,load
1780605222.4814,11.629069100003107,11776,0.04541,-0.023193,1.055176,1.938931,2.908397,-0.748092,1.056407,3.574614,800,1357,557,800,0,92.0,6,load
1780605222.5116522,11.659321300001466,11807,0.04248,-0.010742,1.049561,0.847328,3.305344,-0.580153,1.050475,3.46119,804,1363,559,804,0,92.0,0,load
1780605222.5430682,11.690737299999455,11838,0.022705,0.018555,1.051025,1.80916,2.885496,-0.48855,1.051434,3.440615,806,1368,562,806,1,92.0,14,load
1780605222.5732856,11.720954699994763,11869,0.039062,-0.008057,1.062744,1.816794,2.80916,-0.564886,1.063492,3.392818,809,1373,564,809,0,92.0,1,load
1780605222.6059282,11.753597300004913,11900,0.062988,-0.028076,1.062256,1.664122,2.854962,-0.534351,1.064492,3.347483,811,1377,566,811,0,92.0,0,load
1780605222.6363356,11.784004600005574,11931,0.051025,-0.001465,1.044678,3.030534,4.129771,-0.679389,1.045924,5.167274,815,1383,568,815,0,103.943,6,load
1780605222.667649,11.81531800000812,11962,0.048584,-0.04126,1.07666,0.816794,2.648855,-0.435114,1.078545,2.80587,820,1391,571,820,0,103.943,0,load
1780605222.6991315,11.846800600003917,11993,0.033936,-0.058838,1.052978,1.183206,2.450382,-1.137405,1.055167,2.949243,822,1396,574,822,1,103.943,14,load
1780605222.7294414,11.877110500005074,12025,0.0271,-0.00708,1.062988,2.183206,2.229008,-2.053435,1.063357,3.735165,826,1401,575,826,0,103.943,5,load
1780605222.7613678,11.90903690000414,12056,0.045654,-0.045654,1.055908,0.801527,2.870229,-0.267176,1.05788,2.991996,828,1405,577,828,0,103.943,0,load
1780605222.792824,11.940493200003402,12087,0.055176,-0.058594,1.051758,1.91603,3.908397,-1.045802,1.054833,4.476655,831,1410,579,831,1,103.943,13,load
1780605222.8238935,11.971562699996866,12118,0.049316,-0.031006,1.067871,0.458015,2.770992,-0.427481,1.069459,2.840936,836,1417,581,836,0,103.943,0,load
1780605222.8552525,12.002921699997387,12150,0.051758,-0.043945,1.042969,1.549618,3.160305,-0.832061,1.045176,3.61679,838,1424,586,838,1,103.943,14,load
1780605222.887077,12.034746200006339,12182,0.034912,-0.01709,1.071777,2.045802,2.748092,-0.564886,1.072482,3.472234,842,1429,587,842,0,107.57,5,load
1780605222.918356,12.066025100008119,12213,0.039795,-0.047363,1.041748,1.167939,2.526718,-0.908397,1.043583,2.928066,843,1431,588,843,0,107.57,5,load
1780605222.9490635,12.096732599995448,12244,0.036133,-0.053467,1.040527,1.969466,4.19084,-0.824427,1.042526,4.703362,845,1434,589,845,1,107.57,16,load
1780605222.9802432,12.12791229999857,12275,0.041504,-0.041992,1.056152,0.725191,2.656489,-0.51145,1.057801,2.800788,850,1441,591,850,0,107.57,0,load
1780605223.01173,12.159398999996483,12306,0.037354,-0.062256,1.053955,0.900763,3.122137,-0.908397,1.056453,3.374063,853,1447,594,853,0,107.57,1,load
1780605223.0427406,12.190409700007876,12337,0.055176,-0.062988,1.066894,1.648855,2.977099,-0.679389,1.070176,3.470362,858,1453,595,858,0,107.57,5,load
1780605223.074993,12.222661899999366,12369,0.02124,-0.046875,1.043213,0.679389,2.473282,-0.816794,1.044481,2.691811,861,1457,596,861,0,107.57,6,load
1780605223.1056898,12.253358800007845,12400,0.04834,-0.05835,1.043457,1.396947,3.633588,-1.076336,1.046205,4.038926,863,1462,599,863,1,107.57,13,load
1780605223.145769,12.293438000007882,12431,0.037842,0.008545,1.051758,0.671756,3.061069,-0.496183,1.052473,3.172948,866,1467,601,866,0,107.57,0,load
1780605223.1673195,12.314988600002835,12462,0.056396,-0.053955,1.060303,1.19084,3.198473,-0.877863,1.063172,3.524056,868,1471,603,868,0,92.857,1,load
1780605223.1988518,12.346520999999484,12493,0.046143,-0.021729,1.05127,2.21374,3.137405,-1.076336,1.052506,3.987788,873,1477,604,873,0,92.857,5,load
1780605223.2290065,12.376675699997577,12524,0.051758,0.008545,1.058594,0.641221,2.755725,-0.687023,1.059893,2.911561,878,1485,607,878,0,92.857,0,load
1780605223.2608778,12.408546899998328,12555,0.056152,0.005127,1.063477,2.007634,2.80916,-0.877863,1.06497,3.56267,880,1490,610,880,1,92.857,15,load
1780605223.291537,12.439206099996227,12586,0.053223,-0.009033,1.056396,1.908397,2.648855,-0.732824,1.057775,3.34596,884,1495,611,884,0,92.857,6,load
1780605223.3228045,12.470473599998513,12617,0.063477,-0.028564,1.062012,1.778626,2.916031,-0.687023,1.06429,3.48407,886,1499,613,886,0,92.857,1,load
1780605223.3538861,12.501555199996801,12648,0.057129,-0.05249,1.048828,2.587786,3.51145,-0.931298,1.051694,4.460296,889,1504,615,889,1,92.857,14,load
1780605223.3846824,12.532351500005461,12679,0.047607,-0.035156,1.058594,0.374046,3.030534,-0.641221,1.060247,3.12013,894,1511,617,894,0,92.857,0,load
1780605223.415421,12.56308999999601,12710,0.044189,-0.054688,1.034912,1.725191,2.89313,-1.145038,1.037298,3.557752,896,1518,622,896,1,92.857,14,load
1780605223.4473653,12.595034400001168,12742,0.044678,-0.040283,1.070312,2.068702,2.358779,-0.694656,1.072002,3.213396,902,1525,623,902,0,121.429,0,load
1780605223.479127,12.62679599999683,12774,0.048828,-0.042236,1.058594,1.389313,2.618321,-1.19084,1.060561,3.194353,903,1527,624,903,0,121.429,5,load
1780605223.5095284,12.657197499996983,12805,0.064453,-0.009033,1.047363,2.969466,3.923664,-1.061069,1.049383,5.03376,906,1531,625,906,0,121.429,5,load
1780605223.5409203,12.688589299999876,12836,0.050537,-0.038574,1.067139,0.465649,3.083969,-0.671756,1.069031,3.190447,910,1537,627,910,0,121.429,1,load
1780605223.5729408,12.720610000003944,12867,0.055176,-0.068359,1.038574,2.022901,2.961832,-1.10687,1.042283,3.75363,913,1544,631,913,1,121.429,3,load
1780605223.6022902,12.74995929999568,12898,0.035889,-0.050049,1.05249,2.167939,2.755725,-1.0,1.05429,3.646091,917,1549,632,917,0,121.429,0,load
1780605223.6340818,12.781750900001498,12929,0.045654,-0.03833,1.046631,0.725191,2.824427,-0.549618,1.048327,2.967384,919,1553,634,919,0,121.429,0,load
1780605223.6652634,12.812932500004536,12961,0.037598,-0.050049,1.046387,2.0,3.29771,-1.519084,1.048257,4.145179,921,1558,637,921,1,121.429,13,load
1780605223.6976624,12.845331500007887,12991,0.03418,-0.031738,1.063232,0.480916,2.862595,-0.679389,1.064255,2.981158,923,1561,638,923,0,121.429,5,load
1780605223.727828,12.875497000000905,13023,0.022949,-0.027588,1.057129,0.89313,3.167939,-0.984733,1.057738,3.435581,925,1565,640,925,0,81.851,0,load
1780605223.759075,12.906744100007927,13054,0.059814,-0.044434,1.061768,1.51145,3.282443,-0.78626,1.064379,3.698259,930,1571,641,930,0,81.851,5,load
1780605223.7901762,12.937845199994626,13085,0.070801,-0.021729,1.064941,0.396947,2.969466,-0.335878,1.067514,3.014649,935,1579,644,935,0,81.851,0,load
1780605223.8203702,12.96803920000093,13116,0.045898,0.004639,1.054932,2.007634,2.648855,-1.160305,1.05594,3.520417,936,1582,646,936,1,81.851,17,load
1780605223.8511953,12.99886449999758,13147,0.03125,0.010742,1.05542,1.648855,2.89313,-0.78626,1.055937,3.421568,940,1587,647,940,0,81.851,5,load
1780605223.8825507,13.030219899999793,13178,0.035156,-0.017822,1.058838,1.435114,2.984733,-0.48855,1.059571,3.347666,942,1591,649,942,0,81.851,0,load
1780605223.9138038,13.061472800007323,13209,0.04126,-0.008789,1.037109,2.70229,3.145038,-1.08397,1.037967,4.285864,946,1597,651,946,0,81.851,6,load
1780605223.944037,13.091706000006525,13239,0.032471,-0.025391,1.048096,0.977099,3.068702,-0.625954,1.048906,3.280774,950,1603,653,950,0,81.851,0,load
1780605223.9746425,13.12231150000298,13270,0.056396,-0.070068,1.043701,0.977099,3.129771,-0.755725,1.04757,3.364715,952,1609,657,952,0,81.851,0,load
1780605224.0061572,13.15382619999582,13301,0.045166,-0.026367,1.050537,2.366412,2.931298,-0.564886,1.051838,3.809398,957,1615,658,957,0,115.108,5,load
1780605224.0362377,13.183906799997203,13332,0.067383,-0.008545,1.0625,0.80916,3.083969,-0.473282,1.064669,3.223291,960,1619,659,960,0,115.108,5,load
1780605224.0671732,13.214842300003511,13362,0.033936,-0.032471,1.041748,2.763359,2.358779,-0.389313,1.042806,3.653978,962,1624,662,962,1,115.108,14,load
1780605224.1175885,13.265257499995641,13394,0.033447,-0.028564,1.061035,2.473282,2.305344,-1.10687,1.061946,3.557653,967,1631,664,967,0,115.108,0,load
1780605224.1312273,13.278896300005727,13426,0.044434,-0.015137,1.052734,1.801527,3.961832,-0.465649,1.05378,4.377036,971,1637,666,971,0,115.108,0,load
1780605224.1627078,13.310376800000085,13458,0.028809,-0.035645,1.056152,2.221374,3.007634,-1.480916,1.057146,4.021626,975,1643,668,975,0,115.108,5,load
1780605224.1932068,13.340875900001265,13489,0.041016,-0.000732,1.063721,1.519084,3.687023,-1.137405,1.064511,4.146739,979,1649,670,979,0,115.108,0,load
1780605224.2251518,13.37282079999568,13520,0.012939,-0.020264,1.055176,2.091603,2.061069,-0.572519,1.05545,2.991753,980,1652,672,980,1,115.108,18,load
1780605224.2568476,13.404516599999624,13551,0.020264,-0.021729,1.066162,1.389313,2.610687,-1.732824,1.066576,3.427617,986,1659,673,986,0,116.0,0,load
1780605224.2879455,13.435614500005613,13582,0.032227,-0.012939,1.044678,0.946565,3.038168,0.450382,1.045255,3.213922,988,1663,675,988,0,116.0,1,load
1780605224.3187168,13.466385899999295,13613,0.036133,-0.068604,1.072754,1.725191,2.305344,-1.610687,1.075552,3.299274,989,1668,679,989,1,116.0,18,load
1780605224.3495975,13.497266599995783,13644,0.034668,-0.010254,1.05249,1.694656,3.328244,-0.725191,1.053111,3.804599,991,1671,680,991,0,116.0,6,load
1780605224.380495,13.52816420000454,13675,0.037598,-0.016357,1.049316,1.618321,3.847328,0.610687,1.050117,4.218274,992,1673,681,992,0,116.0,6,load
1780605224.4117877,13.559456899994984,13706,0.048828,-0.069336,1.068604,1.503817,3.068702,-1.755725,1.071963,3.842001,994,1676,682,994,1,116.0,16,load
1780605224.4423816,13.590050700004213,13737,0.042725,0.003662,1.045654,0.984733,2.862595,-0.129771,1.046533,3.030015,997,1681,684,997,0,116.0,0,load
1780605224.4729683,13.620637300002272,13768,0.062256,-0.017822,1.063965,1.770992,2.984733,-0.015267,1.065934,3.470631,1000,1685,685,1000,0,116.0,5,load
1780605224.504101,13.65177009999752,13799,0.04834,-0.023438,1.054932,2.374046,2.801527,-1.679389,1.056299,4.037944,1002,1688,686,1002,1,116.0,16,load
1780605224.5346878,13.682356799996342,13830,0.043213,-0.007813,1.049072,1.396947,3.923664,-0.389313,1.049991,4.18308,1004,1691,687,1004,0,64.516,5,load
1780605224.5655541,13.713223300001118,13861,0.004639,-0.052002,1.067383,1.206107,2.916031,-0.282443,1.068659,3.168233,1005,1693,688,1005,0,64.516,5,load
1780605224.5965106,13.74417980000726,13892,0.003906,-0.041992,1.064941,1.70229,2.343511,-0.480916,1.065776,2.936174,1006,1696,690,1006,1,64.516,19,load
1780605224.6271405,13.774809700000333,13922,0.043701,-0.022949,1.045898,1.839695,2.847328,0.671756,1.047062,3.455866,1008,1699,691,1008,0,64.516,6,load
1780605224.6577551,13.805424300007871,13953,0.028076,-0.032715,1.04248,2.312977,3.183206,1.328244,1.043371,4.152938,1009,1701,692,1009,0,64.516,6,load
1780605224.6888647,13.836533800000325,13984,0.015869,-0.019531,1.06665,1.801527,2.519084,-1.526718,1.066947,3.452846,1012,1705,693,1012,0,64.516,6,load
1780605224.720524,13.868193100002827,14015,0.065674,-0.011719,1.054688,2.290076,3.603053,-1.755725,1.056795,4.616168,1013,1707,694,1013,0,64.516,7,load
1780605224.7519233,13.899592400004622,14046,0.076172,0.05957,1.042969,1.236641,4.27481,-1.633588,1.047442,4.740452,1014,1709,695,1014,0,64.516,7,load
1780605224.7833316,13.931000700002187,14077,0.032471,-0.02002,1.051514,3.694656,2.801527,-1.19084,1.052205,4.787185,1015,1711,696,1015,0,64.516,10,load
1780605224.8152955,13.962964499994996,14109,0.034668,-0.158936,1.057129,-1.175572,2.908397,-1.045802,1.069572,3.306727,1015,1711,696,1015,0,39.427,10,load
1780605224.8459742,13.993643199995859,14141,0.054688,-0.007568,1.050293,1.778626,3.274809,-1.091603,1.051743,3.883231,1016,1713,697,1016,0,39.427,3,load
1780605224.8775465,14.025215700006811,14172,0.035889,-0.186768,1.039307,-0.648855,2.740458,-1.900763,1.056564,3.39765,1016,1714,698,1016,1,39.427,40,load
1780605224.9089656,14.05663469999854,14203,0.042969,0.110352,1.061279,5.221374,3.015267,-0.70229,1.067866,6.070238,1017,1715,698,1017,0,39.427,20,load
1780605224.93962,14.087289000002784,14234,0.031982,0.100586,1.064209,2.664122,3.236641,-0.877863,1.06943,4.282994,1018,1717,699,1018,0,39.427,14,load
1780605224.969879,14.117548099995474,14265,0.023193,0.086426,1.054443,4.152672,3.396947,-1.221374,1.058234,5.502334,1018,1717,699,1018,0,39.427,14,load
1780605225.001103,14.148771899999701,14296,0.050293,-0.100342,1.060791,1.160305,3.572519,-1.290076,1.066712,3.971586,1018,1718,700,1018,1,39.427,49,load
1780605225.032993,14.18066220000037,14327,0.023438,0.082764,1.068359,2.083969,1.78626,0.175573,1.071817,2.75036,1019,1719,700,1019,0,39.427,23,load
1780605225.0633895,14.211058700006106,14358,0.03833,0.035156,1.059814,2.419847,3.442748,-1.427481,1.06109,4.443634,1019,1720,701,1019,1,39.427,47,load
1780605225.0942419,14.24191100000462,14389,0.029297,0.130859,1.061523,2.541985,2.854962,-0.969466,1.06996,3.943648,1020,1721,701,1020,0,17.857,18,load
1780605225.1253664,14.273035599995637,14420,0.036133,0.022461,1.052978,2.015267,2.770992,0.343511,1.053838,3.443501,1020,1721,701,1020,0,17.857,18,load
1780605225.15647,14.304139100000612,14451,0.052002,-0.181641,1.035156,1.473282,3.564885,-1.114504,1.052258,4.015108,1021,1723,702,1021,0,17.857,19,load
1780605225.1869996,14.334668700001203,14482,0.0354,-0.073975,1.056152,0.435114,2.977099,-0.938931,1.059332,3.15183,1021,1723,702,1021,0,17.857,19,load
1780605225.2173805,14.365049600004568,14513,0.045166,0.121338,1.053223,3.59542,3.137405,-0.290076,1.061151,4.780638,1021,1723,702,1021,0,17.857,19,load
1780605225.2481296,14.395798600002308,14544,0.044189,-0.092285,1.035644,2.0,3.045802,-1.29771,1.040687,3.86794,1022,1725,703,1022,0,17.857,13,load
1780605225.2798457,14.427514700000756,14574,0.041504,-0.037842,1.050537,0.458015,2.870229,-0.610687,1.052037,2.970005,1022,1725,703,1022,0,17.857,13,load
1780605225.3109875,14.458656500006327,14606,0.047607,-0.064697,1.044922,0.091603,2.687023,-0.580153,1.048005,2.750465,1022,1726,704,1022,1,17.857,62,load
1780605225.3412802,14.488949400009005,14637,0.0625,-0.145508,1.038818,1.503817,3.244275,-1.572519,1.05082,3.906354,1023,1727,704,1023,0,17.857,19,load
1780605225.3723614,14.520030500003486,14667,0.033203,0.095215,1.066406,2.267176,3.099237,0.152672,1.071163,3.843002,1023,1727,704,1023,0,10.791,19,load
1780605225.4032917,14.55096069999854,14698,0.049561,0.018066,1.050049,3.0,2.778626,-1.541985,1.051373,4.37018,1024,1729,705,1024,0,10.791,16,load
1780605225.4342408,14.581909800006542,14729,0.042236,-0.000732,1.043457,0.328244,2.977099,-0.442748,1.044312,3.027687,1024,1729,705,1024,0,10.791,16,load
1780605225.465653,14.6133220000047,14760,0.036133,-0.032227,1.049805,0.328244,2.19084,-0.694656,1.050921,2.321653,1024,1730,706,1024,1,10.791,59,load
1780605225.4962764,14.643945400006487,14791,0.035645,-0.085693,1.059326,1.08397,2.854962,-1.259542,1.063384,3.303368,1025,1731,706,1025,0,10.791,18,load
1780605225.5271819,14.674850900002639,14822,0.039795,0.056152,1.065674,2.450382,3.0,-0.038168,1.067894,3.873736,1025,1731,706,1025,0,10.791,18,load
1780605225.5585525,14.706221600004937,14853,0.036621,-0.168945,1.036621,0.603053,2.641221,-0.671756,1.050936,2.791232,1026,1733,707,1026,0,10.791,19,load
1780605225.5885541,14.736223200001405,14884,0.030029,0.133301,1.07373,3.610687,2.244275,-1.061069,1.08239,4.381746,1026,1733,707,1026,0,10.791,19,load
1780605225.6205468,14.768215799995232,14914,0.039795,-0.057617,1.034668,0.557252,3.091603,-0.709924,1.037035,3.220641,1026,1734,708,1026,1,10.791,62,load
1780605225.6512215,14.798890599995502,14946,0.064697,-0.138916,1.053955,1.740458,3.366412,-0.679389,1.065037,3.850129,1027,1735,708,1027,0,14.337,18,load
1780605225.682096,14.829765000002226,14977,0.049561,-0.096191,1.053467,0.465649,2.877863,-0.068702,1.05901,2.916101,1027,1735,708,1027,0,14.337,18,load
1780605225.7130413,14.860710499997367,15008,0.050049,-0.161621,1.056885,0.832061,2.648855,-0.725191,1.070342,2.86961,1028,1737,709,1028,0,14.337,17,load
1780605225.7443826,14.892051700007869,15039,0.044434,-0.161865,1.057617,0.587786,3.007634,-0.335878,1.070854,3.082883,1028,1737,709,1028,0,14.337,17,load
1780605225.7766302,14.924299300007988,15071,0.03833,-0.057617,1.04834,0.122137,2.236641,-0.603053,1.050621,2.319732,1028,1738,710,1028,1,14.337,57,load
1780605225.8071089,14.95477789999859,15102,0.053711,-0.015381,1.050537,0.259542,3.374046,-0.526718,1.052022,3.42476,1029,1739,710,1029,0,14.337,17,load
1780605225.8381674,14.985836599997128,15133,0.040771,-0.026367,1.048828,0.160305,3.045802,-0.10687,1.049951,3.051889,1029,1739,710,1029,0,14.337,17,load
1780605225.8695643,15.017233300008229,15164,0.040039,-0.122314,1.05542,0.671756,2.496183,-1.564886,1.063238,3.021763,1030,1741,711,1030,0,14.337,13,load
1780605225.900372,15.048041000001831,15195,0.032715,0.109131,1.068115,2.832061,2.343511,-1.030534,1.074174,3.817672,1030,1741,711,1030,0,14.337,13,load
1780605225.9309487,15.078617799998028,15226,0.04834,-0.057861,1.04541,2.29771,2.763359,-0.938931,1.048126,3.71446,1030,1742,712,1030,1,10.714,64,load
1780605225.9640603,15.111729500000365,15257,0.053223,-0.094971,1.044434,2.320611,3.206107,-0.59542,1.050092,4.00236,1031,1743,712,1031,0,10.714,21,load
1780605225.993656,15.141325100004906,15288,0.040283,-0.116943,1.044189,2.442748,2.480916,-0.114504,1.05149,3.483543,1031,1743,712,1031,0,10.714,21,load
1780605226.024278,15.171947099996032,15319,0.041992,-0.071045,1.055176,0.48855,3.244275,-1.320611,1.058398,3.536667,1031,1744,713,1031,1,10.714,70,load
1780605226.0557017,15.203370800008997,15351,0.037598,-0.09082,1.057129,0.083969,3.022901,-1.122137,1.061689,3.22555,1032,1745,713,1032,0,10.714,22,load
1780605226.0879223,15.23559130000649,15382,0.041504,-0.072754,1.062744,0.801527,3.045802,0.015267,1.06604,3.149538,1032,1745,713,1032,0,10.714,22,load
1780605226.1185503,15.26621940000041,15413,0.039062,0.110107,1.063721,3.961832,2.435115,-1.328244,1.070117,4.836334,1032,1746,714,1032,1,10.714,69,load
1780605226.1495786,15.297247700000298,15444,0.040283,-0.177246,1.054443,1.679389,2.900763,-1.091603,1.069995,3.525106,1033,1747,714,1033,0,10.714,21,load
1780605226.1798444,15.32751350000035,15475,0.046631,0.074707,1.060547,3.007634,2.549618,0.045802,1.064197,3.94316,1033,1747,714,1033,0,10.714,21,load
1780605226.211846,15.3595151000045,15506,0.045654,-0.151611,1.055176,0.450382,2.549618,-1.549618,1.066989,3.017402,1034,1749,715,1034,0,14.286,14,load
1780605226.243659,15.391327999997884,15538,0.051025,0.042236,1.037354,3.916031,2.870229,-0.007634,1.039466,4.855262,1034,1750,716,1034,1,14.286,39,load
1780605226.2745616,15.422230700001819,15569,0.05127,-0.102295,1.052978,0.221374,2.061069,-0.343511,1.059177,2.101193,1035,1751,716,1035,0,14.286,10,load
1780605226.3056755,15.453344599998672,15600,0.044922,0.033203,1.06543,0.038168,2.48855,0.725191,1.066893,2.592342,1036,1753,717,1036,0,14.286,4,load
1780605226.3369617,15.48463079999783,15631,0.059326,-0.05249,1.047363,-1.076336,1.80916,-1.198473,1.050355,2.422375,1037,1755,718,1037,0,14.286,1,load
1780605226.3680649,15.51573400000052,15662,0.013428,-0.06665,1.058106,3.022901,2.587786,-2.19084,1.060288,4.542504,1040,1760,720,1040,1,14.286,15,load
1780605226.398708,15.546377100006794,15693,0.041992,-0.036133,1.035156,1.022901,3.114504,-5.08397,1.036638,6.049232,1042,1763,721,1042,0,14.286,5,load
1780605226.4298134,15.57748239999637,15724,0.018799,-0.054199,1.054932,1.458015,2.091603,-1.465649,1.05649,2.940874,1044,1767,723,1044,0,14.286,0,load
1780605226.4616942,15.60936319999746,15755,0.033936,-0.049072,1.050293,1.068702,2.648855,-2.198473,1.051986,3.60442,1047,1772,725,1047,1,14.286,14,load
1780605226.4911325,15.638801499997498,15786,0.036865,-0.005615,1.065186,1.473282,2.793893,-0.389313,1.065838,3.182446,1052,1779,727,1052,0,64.286,0,load
1780605226.5230153,15.670684400000027,15817,0.050049,-0.032471,1.042725,1.931298,2.664122,-1.618321,1.04443,3.666936,1053,1781,728,1053,0,64.286,5,load
1780605226.5528235,15.700492600008147,15848,0.063477,-0.009521,1.035644,2.198473,3.763359,-0.015267,1.037632,4.358485,1057,1787,730,1057,0,64.286,6,load
1780605226.5852385,15.732907500001602,15879,0.068604,-0.011475,1.074219,0.175573,2.419847,-0.267176,1.076468,2.440875,1061,1793,732,1061,0,64.286,0,load
1780605226.6159554,15.763624500003061,15910,0.047363,-0.03418,1.044189,1.89313,2.984733,-1.778626,1.045822,3.956777,1063,1800,737,1063,1,64.286,13,load
1780605226.6464963,15.794165400002385,15941,0.030762,-0.031494,1.068359,1.763359,3.129771,-1.076336,1.069266,3.75012,1068,1807,739,1068,0,64.286,1,load
1780605226.6780515,15.82572049999726,15972,0.044678,-0.045898,1.05542,1.374046,3.076336,-0.435114,1.057362,3.39723,1070,1811,741,1070,0,64.286,1,load
1780605226.7088592,15.856528400006937,16003,0.047607,-0.071533,1.046143,1.091603,3.236641,-2.412214,1.049666,4.181652,1072,1814,742,1072,1,64.286,16,load
1780605226.7401419,15.887811000007787,16034,0.041016,-0.031738,1.065674,0.801527,2.549618,-1.328244,1.066935,2.984498,1077,1821,744,1077,0,64.286,0,load
1780605226.770672,15.918341199998395,16065,0.034424,-0.054443,1.02832,1.687023,2.801527,-1.183206,1.030336,3.477726,1079,1826,747,1079,1,96.774,14,load
1780605226.8024712,15.950140200002352,16097,0.040039,-0.038818,1.053223,1.709924,2.59542,-0.793893,1.054698,3.207851,1085,1835,750,1085,0,96.774,1,load
1780605226.8337886,15.981457700007013,16128,0.04126,-0.038818,1.059082,0.908397,3.229008,-0.412214,1.060596,3.379585,1087,1839,752,1087,0,96.774,1,load
1780605226.8648772,16.012546300000395,16159,0.028564,-0.042969,1.046875,1.885496,3.641221,-1.259542,1.048146,4.289526,1090,1844,754,1090,1,96.774,14,load
1780605226.8950815,16.042750499997055,16190,0.025391,-0.018066,1.062744,0.839695,2.541985,-0.748092,1.063201,2.779643,1093,1849,756,1093,0,96.774,0,load
1780605226.9261918,16.073860999997123,16221,0.031738,-0.040771,1.060547,1.549618,2.259542,-1.251908,1.061805,3.012328,1095,1853,758,1095,0,96.774,0,load
1780605226.957738,16.105406999995466,16252,0.06543,-0.028076,1.049561,2.870229,3.839695,-0.664122,1.051973,4.839682,1100,1859,759,1100,0,96.774,6,load
1780605226.988531,16.136200299995835,16283,0.05542,-0.013184,1.062256,1.442748,3.374046,-0.038168,1.063782,3.669764,1105,1867,762,1105,0,96.774,0,load
1780605227.0196106,16.167279800007236,16314,0.043213,-0.005127,1.05542,2.450382,3.21374,-0.755725,1.056317,4.111401,1107,1872,765,1107,1,96.774,13,load
1780605227.0510638,16.198732899996685,16345,0.024658,-0.014404,1.067627,1.748092,2.435115,-0.778626,1.068009,3.097074,1111,1877,766,1111,0,114.286,5,load
1780605227.0824473,16.230116399994586,16376,0.024658,-0.028564,1.059326,1.320611,2.770992,-1.251908,1.059998,3.31507,1112,1879,767,1112,0,114.286,5,load
1780605227.1124854,16.260154500007047,16407,0.056152,-0.003662,1.036377,2.709924,3.015267,-1.236641,1.037903,4.23849,1116,1885,769,1116,0,114.286,5,load
1780605227.144663,16.292332199998782,16438,0.056152,-0.024658,1.068848,0.366412,2.473282,-0.335878,1.070606,2.522736,1120,1891,771,1120,0,114.286,0,load
1780605227.1758292,16.32349830000021,16469,0.033203,-0.036865,1.044678,1.687023,2.870229,-0.732824,1.045855,3.409002,1123,1900,777,1123,1,114.286,3,load
1780605227.2070363,16.354705400008243,16501,0.064697,-0.038086,1.07666,1.748092,3.244275,-0.793893,1.079274,3.769802,1128,1907,779,1128,0,114.286,1,load
1780605227.2396033,16.38727239999571,16533,0.015625,-0.053223,1.063477,1.687023,2.236641,-0.832061,1.064922,2.922488,1130,1911,781,1130,0,114.286,1,load
1780605227.2695847,16.417253699997673,16564,0.052002,0.005371,1.037354,2.427481,4.08397,-0.709924,1.03867,4.803693,1133,1915,782,1133,0,114.286,5,load
1780605227.3006468,16.44831580000755,16594,0.025146,-0.013916,1.057861,0.793893,2.862595,-0.48855,1.058252,3.010548,1137,1921,784,1137,0,114.286,1,load
1780605227.3326044,16.480273499997566,16625,0.039062,-0.047852,1.039062,1.977099,2.862595,-1.061069,1.040897,3.637202,1139,1926,787,1139,1,100.0,14,load
1780605227.361733,16.509402099996805,16656,0.042725,-0.042969,1.058106,1.938931,3.259542,-0.847328,1.059839,3.886134,1145,1934,789,1145,0,100.0,3,load
1780605227.392373,16.540042100008577,16687,0.061768,-0.028076,1.054688,0.656489,3.10687,-0.473282,1.056868,3.210548,1148,1939,791,1148,0,100.0,0,load
1780605227.424488,16.572157100003096,16718,0.037598,-0.049561,1.05249,1.80916,3.870229,-1.129771,1.054327,4.419062,1150,1944,794,1150,1,100.0,13,load
1780605227.4558117,16.603480699996,16749,0.046875,-0.032227,1.062744,0.824427,2.656489,-0.694656,1.064265,2.866908,1152,1947,795,1152,0,100.0,5,load
1780605227.4859483,16.633617300001788,16780,0.043457,-0.032959,1.066406,1.557252,2.916031,-1.290076,1.0678,3.5486,1154,1951,797,1154,0,100.0,1,load
1780605227.5207636,16.66843269999663,16810,0.036377,-0.008789,1.03833,2.78626,3.412214,-0.992366,1.039004,4.515666,1158,1957,799,1158,0,100.0,5,load
1780605227.554147,16.70181600000069,16847,0.040039,-0.037354,1.060547,1.534351,2.694656,-1.038168,1.06196,3.270046,1163,1965,802,1163,0,100.0,1,load
1780605227.5841944,16.731863399996655,16878,0.055908,-0.020508,1.048584,2.564885,4.015268,-0.80916,1.050274,4.832778,1167,1971,804,1167,0,110.672,5,load
1780605227.6139853,16.761654400004772,16909,0.039551,0.00708,1.055908,0.748092,3.198473,-0.167939,1.056672,3.289084,1171,1977,806,1171,0,110.672,0,load
1780605227.6466432,16.794312300000456,16940,0.042725,-0.014404,1.058106,2.175573,3.068702,-0.992366,1.059066,3.890352,1172,1980,808,1172,1,110.672,17,load
1780605227.677617,16.825286200008122,16972,0.046631,-0.009277,1.068115,1.045802,2.916031,-0.618321,1.069173,3.158996,1177,1987,810,1177,0,110.672,0,load
1780605227.7077007,16.855369800003245,17003,0.051758,-0.0354,1.062744,1.389313,2.70229,-1.519084,1.064592,3.397084,1179,1991,812,1179,0,110.672,0,load
1780605227.7390213,16.886690300001646,17034,0.061035,-0.004639,1.04248,2.114504,3.877863,-0.564886,1.044276,4.452869,1184,1999,815,1184,0,110.672,6,load
1780605227.7709835,16.918652499996824,17065,0.063477,-0.012695,1.05957,0.48855,2.732824,-0.725191,1.061546,2.869305,1188,2005,817,1188,0,110.672,1,load
1780605227.8010924,16.94876149999618,17096,0.025635,-0.003906,1.037354,2.122137,3.419847,-0.51145,1.037678,4.057142,1190,2010,820,1190,1,110.672,13,load
1780605227.83183,16.979499000008218,17127,0.036865,-0.011719,1.0625,2.099237,3.137405,-0.351145,1.063204,3.791227,1193,2015,822,1193,0,110.672,1,load
1780605227.8627396,17.010408600006485,17158,0.037354,-0.040771,1.046143,1.320611,3.480916,-0.519084,1.047603,3.759021,1195,2019,824,1195,0,100.0,0,load
1780605227.8945782,17.042247300007148,17189,0.028809,-0.024414,1.040527,3.099237,4.244274,-0.725191,1.041212,5.30519,1198,2024,826,1198,1,100.0,14,load
1780605227.9256651,17.073334300002898,17221,0.071777,-0.01709,1.063721,0.557252,2.641221,-0.351145,1.066277,2.72211,1204,2033,829,1204,0,100.0,0,load
1780605227.9571366,17.104805700000725,17251,0.048096,-0.071045,1.047852,1.40458,2.80916,-0.908397,1.051358,3.269466,1206,2037,831,1206,1,100.0,0,load
1780605227.9882002,17.13586930000747,17282,0.04541,-0.037842,1.067871,1.832061,3.167939,-0.793893,1.069506,3.74467,1211,2043,832,1211,0,100.0,6,load
1780605228.0182917,17.16596070000378,17313,0.05127,-0.021973,1.056641,0.671756,3.129771,-0.183206,1.058112,3.206288,1212,2045,833,1212,0,100.0,5,load
1780605228.0485165,17.196185499997227,17344,0.054443,-0.050049,1.058594,1.992366,3.557252,-1.274809,1.061174,4.27185,1213,2048,835,1213,1,100.0,17,load
1780605228.0791152,17.226784300000872,17374,0.042725,-0.015869,1.063232,1.778626,2.984733,-0.625954,1.064209,3.530434,1218,2055,837,1218,0,100.0,1,load
1780605228.111487,17.259155899999314,17405,0.046143,-0.022705,1.054932,1.473282,2.450382,-0.671756,1.056184,2.937037,1221,2061,840,1221,0,100.0,0,load
1780605228.1427863,17.29045529999712,17437,0.062744,-0.022949,1.049805,2.389313,3.534351,-0.694656,1.051928,4.322384,1225,2067,842,1225,0,107.527,6,load
1780605228.1745112,17.322180200004368,17469,0.051025,-0.01709,1.058838,1.427481,3.625954,0.091603,1.060204,3.897902,1229,2073,844,1229,0,107.527,0,load
1780605228.204543,17.352212300000247,17500,0.050537,-0.006836,1.054443,2.259542,3.076336,-0.748092,1.055676,3.889603,1230,2076,846,1230,1,107.527,17,load
1780605228.2358918,17.383560800008127,17531,0.042236,-0.00708,1.072266,1.748092,3.091603,-0.824427,1.07312,3.646027,1234,2081,847,1234,0,107.527,5,load
1780605228.2680779,17.415747000006377,17562,0.025391,-0.027344,1.051025,1.541985,1.801527,-1.206107,1.051688,2.660434,1236,2085,849,1236,0,107.527,0,load
1780605228.2998793,17.447548500000266,17593,0.05249,0.011475,1.044189,2.48855,3.992366,-1.198473,1.045571,4.85471,1241,2093,852,1241,0,107.527,5,load
1780605228.3289099,17.476578900008462,17624,0.040283,-0.009277,1.055176,0.732824,3.122137,-0.778626,1.055985,3.300156,1245,2099,854,1245,0,107.527,0,load
1780605228.3599207,17.507589900007588,17655,0.046875,0.000977,1.053467,1.70229,2.656489,-0.015267,1.05451,3.155148,1247,2104,857,1247,1,107.527,14,load
1780605228.3928595,17.54052860000229,17687,0.038574,-0.038086,1.067383,2.618321,3.030534,-0.839695,1.068758,4.092045,1257,2115,858,1257,0,128.0,0,load
1780605228.4231591,17.570828099997016,17718,0.036865,-0.011963,1.057617,1.610687,2.877863,-0.694656,1.058327,3.370305,1258,2117,859,1258,0,128.0,5,load
1780605228.4541981,17.601867300007143,17749,0.036133,-0.056152,1.042969,3.030534,3.709924,-1.030534,1.045104,4.899967,1261,2122,861,1261,0,128.0,14,load
1780605228.4858503,17.633519499999238,17780,0.031738,-0.042725,1.067871,0.70229,2.526718,-0.641221,1.069197,2.699755,1267,2131,864,1267,0,128.0,1,load
1780605228.516293,17.663962100006756,17811,0.056641,-0.062256,1.052734,1.328244,2.374046,-0.977099,1.056094,2.89051,1269,2135,866,1269,0,128.0,0,load
1780605228.5476694,17.695338500008802,17842,0.032715,-0.045898,1.062744,1.748092,2.870229,-1.0,1.064238,3.506286,1274,2141,867,1274,0,128.0,6,load
1780605228.5788155,17.726484500002698,17873,0.041748,-0.022217,1.046875,0.175573,3.244275,-0.152672,1.047943,3.252607,1275,2143,868,1275,0,128.0,5,load
1780605228.6096754,17.757344500001636,17904,0.057861,-0.061035,1.054932,1.038168,2.854962,-1.21374,1.058279,3.271355,1277,2148,871,1277,1,128.0,14,load
1780605228.6403215,17.78799060000165,17935,0.046631,-0.006592,1.066406,1.557252,2.709924,-0.709924,1.067446,3.205107,1282,2155,873,1282,0,128.0,0,load
1780605228.6720948,17.819763799998327,17966,0.053467,-0.020996,1.058594,1.687023,2.748092,-1.435114,1.060151,3.529534,1286,2161,875,1286,0,103.943,0,load
1780605228.7041082,17.85177730000578,17998,0.068604,-0.047363,1.045898,1.839695,3.656489,-0.687023,1.049216,4.150468,1289,2167,878,1289,0,103.943,6,load
1780605228.735691,17.88336020000861,18030,0.041992,-0.028076,1.058838,0.679389,2.862595,-0.587786,1.060042,3.000252,1293,2173,880,1293,0,103.943,1,load
1780605228.767108,17.9147770999989,18061,0.065186,-0.045898,1.038574,1.931298,4.076336,-0.625954,1.04163,4.553926,1294,2176,882,1294,1,103.943,17,load
1780605228.7974854,17.94515450000472,18092,0.027588,0.000244,1.062012,1.70229,2.541985,-0.358779,1.06237,3.080292,1299,2183,884,1299,0,103.943,0,load
1780605228.827489,17.97515790000034,18122,0.045654,-0.033691,1.046875,0.641221,2.526718,-0.122137,1.048412,2.609671,1301,2187,886,1301,0,103.943,1,load
1780605228.8587403,18.00640929999645,18153,0.018799,-0.044678,1.050537,2.236641,3.068702,-1.587786,1.051655,4.115892,1306,2194,888,1306,1,103.943,14,load
1780605228.8906455,18.03831469999568,18185,0.050537,-0.036865,1.048584,1.389313,4.007634,0.076336,1.050448,4.242304,1311,2201,890,1311,0,103.943,1,load
1780605228.922184,18.069853100008913,18216,0.023926,-0.081299,1.05249,1.748092,2.862595,-0.80916,1.055896,3.450365,1312,2203,891,1312,0,104.0,5,load
1780605228.9521463,18.09981539999717,18247,0.057373,-0.023682,1.045654,2.351145,3.51145,-0.709924,1.047495,4.285109,1317,2209,892,1317,0,104.0,6,load
1780605228.9827988,18.130467800001497,18278,0.054443,0.006348,1.046875,1.48855,4.160306,0.572519,1.048309,4.455524,1321,2215,894,1321,0,104.0,0,load
1780605229.0140426,18.161711699998705,18309,0.047607,-0.029053,1.056152,1.435114,2.442748,-0.748092,1.057624,2.930224,1323,2220,897,1323,1,104.0,14,load
1780605229.0462604,18.19392940000398,18340,0.05249,-0.061279,1.042236,3.145038,3.633588,-0.412214,1.045355,4.823292,1327,2225,898,1327,0,104.0,6,load
1780605229.0761998,18.2238689000078,18371,0.071045,0.004639,1.044189,1.961832,4.32061,-0.984733,1.046614,4.846252,1328,2227,899,1328,0,104.0,6,load
1780605229.1257286,18.273397700002533,18402,0.044678,-0.071289,1.052246,1.244275,2.793893,0.145038,1.055604,3.061878,1329,2229,900,1329,0,104.0,4,load
1780605229.139098,18.286767099998542,18433,0.015869,-0.002686,1.041748,2.320611,3.412214,1.007634,1.041872,4.247795,1331,2232,901,1331,1,104.0,16,load
1780605229.1696777,18.31734690000303,18464,0.031006,-0.041748,1.061768,2.137405,2.931298,-0.40458,1.06304,3.6503,1333,2235,902,1333,0,104.0,5,load
1780605229.199568,18.347236999994493,18494,0.040527,-0.042969,1.048828,2.236641,4.389313,-0.969466,1.05049,5.020806,1334,2237,903,1334,0,79.137,6,load
1780605229.2303565,18.37802560000273,18524,0.059326,-0.044678,1.038818,2.328244,3.450382,-1.908397,1.04147,4.579065,1335,2239,904,1335,0,79.137,6,load
1780605229.2613027,18.408971900003962,18555,0.025635,-0.048096,1.04834,2.152672,2.694656,-1.664122,1.049756,3.829422,1336,2241,905,1336,0,79.137,7,load
1780605229.2910738,18.438742800004547,18586,0.006836,0.020752,1.064209,1.229008,2.648855,-1.022901,1.064433,3.094062,1337,2243,906,1337,0,79.137,6,load
1780605229.322694,18.470363100001123,18617,0.050293,-0.075439,1.064209,1.839695,2.778626,-0.282443,1.068064,3.3444,1338,2245,907,1338,0,79.137,5,load
1780605229.3538215,18.50149049999891,18648,0.04834,-0.022949,1.057617,1.076336,3.519084,-1.48855,1.05897,3.969664,1339,2247,908,1339,0,79.137,5,load
1780605229.385102,18.53277099999832,18679,0.034912,0.035889,1.059082,0.847328,3.671756,0.259542,1.060265,3.777184,1340,2249,909,1340,0,79.137,6,load
1780605229.416172,18.563841199997114,18710,0.02124,-0.074707,1.06958,1.091603,2.740458,0.122137,1.072396,2.952393,1341,2251,910,1341,0,79.137,6,load
1780605229.447453,18.59512199999881,18741,0.032959,-0.088867,1.056152,1.519084,1.687023,0.076336,1.060397,2.271451,1342,2253,911,1342,0,79.137,7,load
1780605229.4775307,18.625199700007215,18772,0.049072,-0.006836,1.065186,0.89313,2.534351,-0.083969,1.066337,2.688432,1343,2255,912,1343,0,32.374,7,load
1780605229.509138,18.65680720000819,18803,0.02832,-0.036377,1.056152,1.709924,2.358779,-0.969466,1.057158,3.07043,1344,2257,913,1344,0,32.374,7,load
1780605229.5402877,18.687956900001154,18834,0.023682,-0.059814,1.064209,1.80916,2.671756,-1.519084,1.066152,3.566365,1345,2259,914,1345,0,32.374,7,load
1780605229.5713055,18.71897450000688,18865,0.024658,-0.05957,1.059326,1.969466,2.450382,-1.412214,1.061286,3.446377,1346,2261,915,1346,0,32.374,7,load
1780605229.6033561,18.751025300007313,18897,0.029053,-0.046387,1.059814,1.145038,3.587786,-1.099237,1.061227,3.923218,1347,2263,916,1347,0,32.374,7,load
1780605229.6344154,18.7820844000089,18928,0.035889,0.014404,1.049805,1.51145,3.679389,-0.564886,1.050517,4.017646,1348,2265,917,1348,0,32.374,7,load
1780605229.6661944,18.813863500006846,18960,0.061523,-0.087402,1.063232,2.396947,3.709924,-0.038168,1.068591,4.417052,1349,2267,918,1349,0,32.374,7,load
1780605229.6963975,18.84406659999513,18991,0.060303,-0.033936,1.055908,0.938931,4.389313,-0.160305,1.058173,4.491476,1350,2269,919,1350,0,32.374,7,load
1780605229.7275329,18.875201999995625,19022,0.055176,-0.083984,1.060303,1.480916,2.671756,-1.564886,1.065054,3.432238,1351,2271,920,1351,0,32.0,7,load
1780605229.7588105,18.906479500001296,19053,0.0271,-0.094971,1.082275,2.076336,1.938931,-1.603053,1.086772,3.261963,1352,2273,921,1352,0,32.0,7,load
1780605229.7895532,18.937222299995483,19084,0.063965,-0.088135,1.03125,2.129771,4.236642,-0.419847,1.036984,4.760392,1353,2275,922,1353,0,32.0,8,load
1780605229.820896,18.968565100003616,19115,0.031738,-0.057861,1.050781,1.206107,2.320611,-1.389313,1.052852,2.961439,1353,2276,923,1353,1,32.0,26,load
1780605229.851361,18.999030000006314,19146,0.06665,-0.093506,1.051758,2.251908,3.412214,-0.328244,1.058008,4.101468,1354,2278,924,1354,1,32.0,21,load
1780605229.8820455,19.029714500007685,19177,0.046387,-0.121094,1.057861,1.442748,2.664122,0.244275,1.065779,3.039529,1355,2279,924,1355,0,32.0,10,load
1780605229.9136653,19.061334300000453,19208,0.031982,-0.158936,1.044434,0.816794,2.839695,-0.977099,1.056941,3.112193,1356,2281,925,1356,0,32.0,5,load
1780605229.9443545,19.092023599994718,19239,0.055908,-0.036133,1.035156,2.48855,3.183206,-0.664122,1.037294,4.094721,1357,2283,926,1357,0,32.0,8,load
1780605229.975516,19.123185200005537,19270,0.035889,0.136963,1.051514,1.938931,2.854962,-1.21374,1.061003,3.658337,1357,2284,927,1357,1,32.0,32,load
1780605230.0066104,19.154279499998665,19301,0.036865,0.124512,1.056152,1.694656,3.160305,0.526718,1.064105,3.624476,1358,2285,927,1358,0,25.09,17,load
1780605230.0373657,19.18503469999996,19332,0.03418,0.125977,1.077148,1.931298,3.114504,-1.312977,1.085029,3.892808,1359,2287,928,1359,0,25.09,1,load
1780605230.0691907,19.21685989999969,19363,0.047852,0.134277,1.065674,1.335878,2.992366,-0.587786,1.075166,3.329312,1360,2289,929,1360,0,25.09,9,load
1780605230.118382,19.266050999998697,19394,0.058838,0.161133,1.060303,0.755725,3.717557,-0.572519,1.074089,3.836552,1360,2290,930,1360,1,25.09,32,load
1780605230.1318858,19.27955479999946,19426,0.047852,-0.179443,1.05249,0.053435,3.435115,-0.167939,1.068749,3.439632,1361,2291,930,1361,0,25.09,19,load
1780605230.163331,19.311000200003036,19457,0.033691,-0.224365,1.045654,1.503817,3.160305,-1.251908,1.069985,3.717024,1362,2293,931,1362,0,25.09,0,load
1780605230.1941185,19.341787500001374,19489,0.03125,-0.029785,1.040039,2.534351,3.038168,-0.519084,1.040935,3.990344,1363,2295,932,1363,0,25.09,9,load
1780605230.2255807,19.373249700001907,19519,0.031738,-0.102539,1.039551,0.977099,3.633588,-0.312977,1.045078,3.775664,1364,2297,933,1364,0,25.09,9,load
1780605230.255995,19.403664199999184,19550,0.044189,-0.15918,1.045654,1.282443,2.351145,-0.083969,1.058623,2.679476,1364,2297,933,1364,0,25.09,9,load
1780605230.2869,19.43456910000532,19581,0.037598,-0.160156,1.049561,1.961832,3.381679,-0.89313,1.062375,4.010264,1366,2299,933,1366,0,28.571,1,load
1780605230.3174415,19.46511059999466,19612,0.035645,-0.16333,1.045654,1.19084,3.038168,-0.312977,1.058934,3.278188,1367,2301,934,1367,0,28.571,9,load
1780605230.3482487,19.495917699998245,19643,0.003662,-0.172363,1.040772,2.954198,2.374046,-0.381679,1.054954,3.809076,1368,2303,935,1368,0,28.571,10,load
1780605230.3806753,19.52834430000803,19674,0.018066,0.126221,1.059326,3.419847,2.694656,0.412214,1.066972,4.373379,1368,2304,936,1368,1,28.571,32,load
1780605230.4123502,19.56001919999835,19706,0.035156,0.188721,1.072754,1.89313,2.587786,-1.114504,1.089795,3.39451,1369,2305,936,1369,0,28.571,10,load
1780605230.4440608,19.591729899999336,19738,0.048828,0.167725,1.058838,1.625954,3.206107,-0.603053,1.073151,3.645068,1370,2307,937,1370,0,28.571,9,load
1780605230.474427,19.622096100007184,19769,0.048584,0.139893,1.067139,3.961832,3.0,-0.221374,1.077365,4.974447,1371,2309,938,1371,0,28.571,10,load
1780605230.5053837,19.653052800000296,19800,0.044922,-0.15625,1.057373,-0.564886,3.160305,-0.625954,1.069799,3.270848,1371,2309,938,1371,0,28.571,10,load
1780605230.536595,19.684264199997415,19831,0.034912,-0.090332,1.041504,3.274809,2.030534,-0.778626,1.045997,3.93112,1372,2311,939,1372,0,24.0,3,load
1780605230.5660968,19.7137659,19861,0.046387,-0.081787,1.041748,2.916031,2.885496,-0.29771,1.045983,4.113144,1373,2313,940,1373,0,24.0,10,load
1780605230.5979695,19.74563859999762,19892,0.039795,0.103271,1.059814,2.580153,3.030534,-0.099237,1.065577,3.981353,1373,2314,941,1373,1,24.0,35,load
1780605230.6306026,19.77827170000819,19924,0.04248,-0.275146,1.046631,0.610687,3.267176,-1.358779,1.083026,3.590773,1374,2315,941,1374,0,24.0,11,load
1780605230.6606898,19.808358900001622,19955,0.04834,-0.235352,1.031982,0.51145,3.587786,-1.10687,1.059582,3.789321,1375,2317,942,1375,0,24.0,10,load
1780605230.6929476,19.840616600005887,19986,0.050049,-0.258057,1.05249,0.984733,3.015267,-0.465649,1.08482,3.205989,1375,2318,943,1375,1,24.0,36,load
1780605230.72266,19.870329099998344,20017,0.079102,-0.27124,1.057129,-0.992366,3.48855,-1.587786,1.094235,3.959272,1376,2319,943,1376,0,24.0,13,load
1780605230.753551,19.9012201000005,20048,0.023682,-0.11499,1.050293,0.618321,2.824427,-1.541985,1.056834,3.276801,1377,2321,944,1377,0,24.0,10,load
1780605230.7849534,19.932622399996035,20079,0.043701,0.17041,1.060059,-1.435114,2.969466,-1.748092,1.074557,3.732708,1377,2322,945,1377,1,24.0,37,load
1780605230.8179474,19.965616500005126,20111,0.05957,-0.288818,1.04126,-0.748092,4.122138,-2.198473,1.082214,4.731272,1378,2323,945,1378,0,21.429,11,load
1780605230.8487644,19.996433499996783,20143,0.054443,-0.078125,1.040283,1.91603,3.557252,-0.59542,1.044632,4.084084,1379,2325,946,1379,0,21.429,11,load
1780605230.8787918,20.026460799999768,20174,0.049072,-0.139893,1.047607,2.099237,3.610687,-0.129771,1.058045,4.1786,1379,2326,947,1379,1,21.429,36,load
1780605230.9106324,20.058301500001107,20204,0.045166,-0.187012,1.046143,3.389313,3.366412,-0.572519,1.063686,4.811232,1380,2327,947,1380,0,21.429,12,load
1780605230.9400518,20.08772080000199,20235,0.042725,0.171875,1.050293,3.625954,2.709924,0.007634,1.06512,4.52673,1381,2329,948,1381,0,21.429,10,load
1780605230.972865,20.12053410000226,20266,0.024658,-0.220703,1.033936,0.076336,3.206107,-1.007634,1.057516,3.361588,1381,2330,949,1381,1,21.429,34,load
1780605231.0033405,20.15100959999836,20297,0.026855,0.020508,1.063721,0.320611,2.358779,-0.78626,1.064257,2.506957,1382,2331,949,1382,0,21.429,15,load
1780605231.0339887,20.18165779999981,20328,0.036133,0.153809,1.067139,2.89313,3.480916,-0.229008,1.078771,4.532044,1383,2333,950,1383,0,21.429,5,load
1780605231.0693343,20.217003400000976,20359,0.032715,-0.084961,1.039062,3.053435,3.0,-0.320611,1.043043,4.292582,1384,2335,951,1384,0,21.429,9,load
1780605231.0954535,20.243122600004426,20390,0.0354,0.04248,1.044922,3.022901,2.412214,-0.076336,1.046384,3.868143,1384,2336,952,1384,1,21.505,32,load
1780605231.1264684,20.274137400003383,20421,0.039795,-0.19873,1.044189,1.343511,3.19084,-0.564886,1.063677,3.50793,1385,2337,952,1385,0,21.505,13,load
1780605231.1577923,20.305461500000092,20452,0.037598,-0.131592,1.06958,-0.351145,3.152672,-1.198473,1.0783,3.391014,1386,2339,953,1386,0,21.505,8,load
1780605231.188536,20.33620499999961,20483,0.044922,0.179443,1.043701,1.954198,2.366412,-0.870229,1.059967,3.19,1387,2341,954,1387,0,21.505,10,load
1780605231.2207115,20.368380600004457,20514,0.040039,-0.169922,1.040527,2.427481,3.419847,-1.10687,1.05507,4.337416,1387,2341,954,1387,0,21.505,10,load
1780605231.2512822,20.39895129999786,20545,0.044189,0.177734,1.050781,2.954198,3.038168,-0.709924,1.066622,4.296714,1388,2343,955,1388,0,21.505,1,load
1780605231.2814312,20.429100299996207,20576,0.040039,-0.065918,1.057861,0.274809,2.694656,-1.022901,1.060669,2.895344,1389,2345,956,1389,0,21.505,10,load
1780605231.3127239,20.460393000001204,20607,0.034424,0.061523,1.044678,3.816794,2.358779,-0.358779,1.047054,4.501164,1389,2346,957,1389,1,21.505,35,load
1780605231.3451395,20.49280859999999,20638,0.059326,0.013672,1.065918,1.618321,2.946565,-1.045802,1.067655,3.52064,1390,2347,957,1390,0,21.505,13,load
1780605231.374725,20.522394200001145,20669,0.029297,-0.148438,1.031494,1.358779,2.526718,-0.175573,1.042532,2.874266,1391,2349,958,1391,0,25.09,10,load
1780605231.4062586,20.55392770000617,20700,0.057129,0.126221,1.059814,0.656489,3.251908,-1.473282,1.068832,3.629938,1391,2350,959,1391,1,25.09,33,load
1780605231.4372864,20.58495540000149,20731,0.067627,0.101807,1.070068,2.450382,3.412214,-0.51145,1.077026,4.231921,1392,2351,959,1392,0,25.09,18,load
1780605231.4684694,20.616138400000636,20762,0.05542,-0.019775,1.082764,0.358779,2.526718,-1.335878,1.084361,2.880554,1393,2353,960,1393,0,25.09,2,load
1780605231.4985373,20.64620640000794,20793,0.04248,0.015381,1.064453,0.694656,3.358779,-0.274809,1.065411,3.440852,1394,2355,961,1394,0,25.09,8,load
1780605231.5305219,20.67819099999906,20824,0.039551,-0.015625,1.04834,1.076336,3.030534,-0.557252,1.049202,3.263919,1395,2357,962,1395,0,25.09,8,load
1780605231.5614865,20.70915560000867,20855,0.046875,-0.047363,1.067627,1.778626,2.854962,-0.923664,1.069704,3.48819,1396,2359,963,1396,0,25.09,6,load
1780605231.5907571,20.738426099997014,20886,0.047119,-0.025635,1.052734,0.923664,2.740458,-0.984733,1.0541,3.05499,1397,2361,964,1397,0,25.09,4,load
1780605231.6218526,20.76952159999928,20916,0.051758,-0.030762,1.0625,1.954198,2.793893,-1.305344,1.064205,3.650843,1400,2366,966,1400,1,25.09,15,load
1780605231.6533933,20.801062300000922,20947,0.054932,-0.021484,1.060547,1.870229,3.122137,-0.541985,1.062186,3.679572,1405,2373,968,1405,0,50.36,0,load
1780605231.6837766,20.83144560000801,20978,0.060791,-0.038574,1.057861,1.862595,3.732824,-0.083969,1.060308,4.172564,1407,2377,970,1407,0,50.36,0,load
1780605231.7142031,20.861872099994798,21009,0.036865,-0.044922,1.048584,2.038168,3.519084,-0.992366,1.050193,4.186033,1410,2382,972,1410,1,50.36,14,load
1780605231.7455957,20.893264800004545,21040,0.050537,-0.017578,1.061523,0.603053,3.21374,-0.381679,1.062871,3.292033,1415,2389,974,1415,0,50.36,1,load
1780605231.7769501,20.924619299999904,21071,0.020752,-0.014404,1.060547,0.78626,2.977099,-0.801527,1.060848,3.181787,1417,2393,976,1417,0,50.36,0,load
1780605231.8077476,20.955416700002388,21102,0.047363,-0.035156,1.062012,1.755725,2.832061,-0.618321,1.063648,3.389021,1421,2399,978,1421,0,50.36,5,load
1780605231.8384247,20.98609380000562,21133,0.052734,-0.008545,1.054932,1.076336,2.992366,-0.755725,1.056283,3.26862,1423,2403,980,1423,0,50.36,0,load
1780605231.8705914,21.018260500000906,21164,0.04248,-0.023926,1.053223,2.030534,3.145038,-0.977099,1.05435,3.868987,1425,2408,983,1425,1,50.36,15,load
1780605231.9019756,21.0496448000049,21196,0.037109,-0.017822,1.054199,1.641221,2.969466,-0.847328,1.055003,3.497042,1431,2417,986,1431,0,50.36,0,load
1780605231.933115,21.080784100005985,21227,0.059326,-0.048828,1.05542,2.038168,3.145038,-0.755725,1.058213,3.823155,1433,2421,988,1433,0,100.0,0,load
1780605231.9642558,21.11192480000318,21258,0.046387,-0.013428,1.040527,2.916031,3.076336,-1.10687,1.041647,4.380894,1437,2427,990,1437,0,100.0,6,load
1780605231.9944615,21.14213049999671,21289,0.047363,-0.028809,1.059814,0.610687,2.740458,-1.030534,1.061263,2.990828,1439,2431,992,1439,0,100.0,1,load
1780605232.026095,21.173763900005724,21320,0.030273,-0.036865,1.048828,1.21374,3.045802,-0.274809,1.049912,3.290227,1441,2435,994,1441,0,100.0,0,load
1780605232.0574455,21.205114700002014,21351,0.035889,-0.027344,1.056641,1.366412,3.480916,1.076336,1.057604,3.891318,1446,2441,995,1446,0,100.0,6,load
1780605232.0901117,21.237780700001167,21382,0.012939,-0.093262,1.058838,0.832061,3.534351,11.725191,1.063016,12.274529,1449,2445,996,1449,0,100.0,6,load
1780605232.12044,21.268109199998435,21415,0.011963,-0.047607,1.069336,1.832061,3.526718,-0.183206,1.070462,3.97841,1450,2447,997,1450,0,100.0,6,load
1780605232.150685,21.298354099999415,21446,0.036377,-0.033203,1.051758,2.572519,2.274809,-2.122137,1.05291,4.03684,1451,2449,998,1451,0,100.0,4,load
1780605232.1828873,21.33055630000308,21476,0.039551,-0.161621,1.05249,1.351145,3.053435,-1.198473,1.065562,3.54759,1452,2451,999,1452,0,100.0,7,load
1780605232.212654,21.360323300003074,21507,0.036621,0.054932,1.0625,2.648855,3.198473,-1.312977,1.064549,4.355522,1453,2453,1000,1453,0,71.429,11,load
1780605232.2440288,21.391697900005965,21538,0.036377,0.03833,1.050293,2.549618,2.793893,0.015267,1.051622,3.78241,1453,2453,1000,1453,0,71.429,11,load
1780605232.2752638,21.422932800007402,21569,0.041992,-0.015625,1.069092,2.259542,2.885496,-0.709924,1.07003,3.733043,1454,2455,1001,1454,0,71.429,13,load
1780605232.3064647,21.45413379999809,21600,0.050293,-0.076172,1.040772,0.694656,3.450382,-0.183206,1.044766,3.524379,1454,2455,1001,1454,0,71.429,13,load
1780605232.3386679,21.48633690000861,21632,0.053955,0.0354,1.05542,2.48855,3.183206,-0.450382,1.057391,4.065528,1455,2457,1002,1455,0,71.429,9,load
1780605232.3695874,21.51725639999495,21663,0.043945,0.066162,1.061035,2.954198,2.832061,0.145038,1.064004,4.094984,1455,2458,1003,1455,1,71.429,40,load
1780605232.4004312,21.54810030000226,21694,0.043945,-0.033691,1.046143,1.763359,2.954198,-0.374046,1.047607,3.460727,1456,2459,1003,1456,0,71.429,13,load
1780605232.431696,21.57936509999854,21725,0.040771,-0.155273,1.044189,1.358779,3.145038,-1.519084,1.056458,3.747687,1457,2461,1004,1457,0,71.429,11,load
1780605232.462723,21.610392100003082,21756,0.038818,-0.14917,1.068115,0.694656,2.89313,-0.59542,1.07918,3.034349,1457,2462,1005,1457,1,71.429,37,load
1780605232.4939933,21.641662299996824,21788,0.037598,-0.17749,1.060547,0.068702,3.51145,-1.244275,1.075954,3.72602,1458,2463,1005,1458,0,17.794,11,load
1780605232.526225,21.6738941000076,21820,0.040527,-0.075439,1.061279,0.923664,2.419847,-1.931298,1.064729,3.230902,1459,2465,1006,1459,0,17.794,12,load
1780605232.5572474,21.70491640000546,21851,0.030273,0.043457,1.064697,2.732824,3.015267,-0.748092,1.066014,4.137608,1459,2466,1007,1459,1,17.794,37,load
1780605232.588789,21.736457999999402,21883,0.052246,0.124268,1.049316,2.916031,2.862595,-0.366412,1.05794,4.102676,1460,2467,1007,1460,0,17.794,11,load
1780605232.6192544,21.76692350000667,21914,0.029785,-0.070801,1.048096,1.480916,2.664122,-0.908397,1.050907,3.180542,1461,2469,1008,1461,0,17.794,11,load
1780605232.6519222,21.799591300004977,21945,0.029785,-0.115967,1.056396,0.709924,2.801527,-1.091603,1.06316,3.089359,1461,2469,1008,1461,0,17.794,11,load
1780605232.6834567,21.831125800003065,21977,0.025879,-0.127197,1.038574,-0.267176,3.549618,-0.656489,1.046654,3.619689,1462,2471,1009,1462,0,17.794,3,load
1780605232.7145967,21.86226579999493,22009,0.055908,0.098145,1.055664,3.396947,2.709924,-1.137405,1.06169,4.49184,1463,2473,1010,1463,0,17.794,10,load
1780605232.7475376,21.895206600005622,22040,0.055908,0.018066,1.076172,0.526718,2.954198,-1.152672,1.077774,3.214556,1463,2474,1011,1463,1,19.841,35,load
1780605232.7782035,21.925872599997092,22072,0.060303,-0.08667,1.072998,1.312977,2.40458,-1.480916,1.07818,3.114326,1464,2475,1011,1464,0,19.841,11,load
1780605232.8094664,21.957135400007246,22102,0.037354,-0.055908,1.067139,0.854962,2.236641,-1.694656,1.069255,2.933494,1465,2477,1012,1465,0,19.841,6,load
1780605232.8388722,21.986541300007957,22134,0.04541,-0.006348,1.058838,0.954198,2.29771,-0.274809,1.05983,2.503095,1466,2479,1013,1466,0,19.841,7,load
1780605232.8694537,22.017122699995525,22164,0.038574,-0.043213,1.055664,1.312977,3.328244,0.083969,1.057252,3.57885,1467,2481,1014,1467,0,19.841,6,load
1780605232.9007282,22.048397200007457,22195,0.019775,-0.036133,1.051758,2.587786,2.015267,-1.145038,1.052564,3.474054,1468,2483,1015,1468,0,19.841,5,load
1780605232.9318953,22.079564300001948,22226,0.034912,-0.041504,1.055908,1.480916,2.770992,-1.274809,1.0573,3.390671,1470,2486,1016,1470,1,19.841,18,load
1780605232.9632134,22.110882499997388,22257,0.052246,-0.020508,1.056885,0.961832,2.473282,-0.70229,1.058374,2.745079,1473,2491,1018,1473,0,19.841,1,load
1780605232.9946296,22.14229879999766,22288,0.045166,-0.026367,1.046387,1.694656,3.244275,-0.671756,1.047693,3.721348,1475,2495,1020,1475,0,19.841,0,load
1780605233.025926,22.173595100000966,22319,0.048828,-0.005127,1.053955,1.412214,3.045802,-0.29771,1.055098,3.370443,1476,2498,1022,1476,1,46.595,18,load
1780605233.0558653,22.203534400003264,22350,0.043213,-0.026123,1.072022,1.274809,3.503817,-0.358779,1.07321,3.745743,1481,2505,1024,1481,0,46.595,1,load
1780605233.0867803,22.234449399998994,22381,0.022461,-0.025391,1.048096,1.267176,3.030534,-0.648855,1.048644,3.348266,1483,2509,1026,1483,0,46.595,0,load
1780605233.1392248,22.286893800002872,22412,0.075684,-0.043213,1.05542,1.137405,4.251908,-0.549618,1.059012,4.435594,1486,2516,1030,1486,1,46.595,14,load
1780605233.154616,22.30228530000022,22449,0.049072,-0.030273,1.054688,1.625954,3.244275,-1.08397,1.056262,3.787352,1491,2523,1032,1491,0,46.595,1,load
1780605233.1864111,22.334080200002063,22480,0.060059,-0.053955,1.062988,0.725191,2.832061,-1.381679,1.06605,3.233498,1492,2526,1034,1492,1,46.595,17,load
1780605233.2174501,22.365119299996877,22512,0.052246,-0.025879,1.061279,0.236641,2.961832,-0.412214,1.06288,2.999728,1497,2533,1036,1497,0,46.595,0,load
1780605233.2495537,22.397222800005693,22543,0.033447,-0.041504,1.052978,0.908397,2.969466,-1.038168,1.054327,3.274249,1499,2537,1038,1499,0,46.595,0,load
1780605233.2800748,22.427743799999007,22574,0.045898,-0.041016,1.046631,2.580153,3.664122,-0.854962,1.048439,4.56223,1503,2543,1040,1503,0,105.882,6,load
1780605233.3122087,22.459877700006473,22606,0.068115,-0.019531,1.054199,0.221374,2.984733,0.167939,1.056578,2.997639,1507,2549,1042,1507,0,105.882,1,load
1780605233.3419013,22.489570400008233,22637,0.037842,-0.02417,1.063965,1.740458,2.59542,-1.045802,1.064912,3.295314,1509,2554,1045,1509,1,105.882,14,load
1780605233.374453,22.522122199996375,22667,0.039307,-0.011719,1.062744,1.839695,2.458015,-0.274809,1.063535,3.082505,1512,2559,1047,1512,0,105.882,1,load
1780605233.405063,22.55273209999723,22699,0.054199,-0.028809,1.055176,1.557252,3.007634,-0.351145,1.05696,3.405025,1514,2563,1049,1514,0,105.882,0,load
1780605233.437016,22.584685099995113,22730,0.043945,0.011963,1.040039,2.396947,3.580153,-1.175572,1.041036,4.465962,1519,2571,1052,1519,0,105.882,6,load
1780605233.4673665,22.615035499999067,22762,0.042969,-0.009766,1.066162,1.206107,2.618321,-0.610687,1.067072,2.946733,1523,2577,1054,1523,0,105.882,1,load
1780605233.499875,22.64754420000827,22793,0.030762,-0.010254,1.052246,2.274809,2.648855,-0.618321,1.052746,3.545914,1525,2582,1057,1525,1,105.882,14,load
1780605233.5310345,22.678703500001575,22825,0.053711,-0.016846,1.047852,2.40458,3.160305,-0.603053,1.049362,4.016617,1529,2587,1058,1529,0,103.586,0,load
1780605233.5625281,22.710197100008372,22856,0.049805,-0.032959,1.062012,1.259542,2.549618,-0.969466,1.06369,3.004474,1531,2591,1060,1531,0,103.586,1,load
1780605233.5942795,22.741948499999125,22887,0.055908,-0.051514,1.049805,1.938931,3.610687,-1.389313,1.052554,4.327436,1534,2596,1062,1534,1,103.586,14,load
1780605233.624235,22.7719039000076,22918,0.054932,-0.028564,1.052978,0.816794,3.343511,-0.961832,1.054797,3.573701,1540,2605,1065,1540,0,103.586,0,load
1780605233.6549509,22.802620000002207,22949,0.039551,-0.060791,1.045654,1.068702,2.641221,-1.068702,1.048166,3.043074,1542,2609,1067,1542,0,103.586,0,load
1780605233.6869333,22.834602300004917,22981,0.039062,-0.058594,1.058106,2.351145,2.870229,-0.977099,1.060446,3.836772,1546,2615,1069,1546,0,103.586,6,load
1780605233.717772,22.8654411000025,23012,0.036133,-0.019775,1.057617,1.442748,2.992366,-0.29771,1.058419,3.335328,1548,2619,1071,1548,0,103.586,1,load
1780605233.7491646,22.896833699996932,23043,0.073486,-0.057617,1.061768,2.022901,3.236641,-1.183206,1.065866,3.995992,1550,2624,1074,1550,1,103.586,14,load
1780605233.7798517,22.927520700002788,23074,0.037354,-0.014893,1.052002,1.839695,2.694656,-0.664122,1.05277,3.329671,1555,2631,1076,1555,0,103.586,0,load
1780605233.8116012,22.95927030000894,23105,0.051758,-0.028809,1.071045,1.51145,2.603053,-0.847328,1.072682,3.127033,1559,2637,1078,1559,0,107.143,0,load
1780605233.8419015,22.989570599995204,23136,0.053955,-0.026367,1.043701,3.038168,4.374046,-0.709924,1.045427,5.372777,1563,2643,1080,1563,0,107.143,6,load
1780605233.8730586,23.02072770000086,23167,0.037598,-0.025146,1.063232,0.610687,3.183206,-0.374046,1.064194,3.262767,1566,2647,1081,1566,0,107.143,5,load
1780605233.9043214,23.051990499996464,23198,0.04126,-0.054443,1.048096,1.870229,2.793893,-1.183206,1.050319,3.564207,1568,2652,1084,1568,1,107.143,14,load
1780605233.9366462,23.084315200001583,23230,0.048828,-0.04248,1.06543,1.877863,3.267176,-0.648855,1.067394,3.823848,1574,2659,1085,1574,0,107.143,0,load
1780605233.9689574,23.116626600007294,23262,0.03833,-0.036865,1.05835,0.160305,2.572519,-0.305344,1.059685,2.595532,1576,2663,1087,1576,0,107.143,0,load
1780605233.9989238,23.146592799996142,23293,0.04248,-0.042969,1.042725,0.961832,2.709924,-1.40458,1.044474,3.200258,1581,2670,1089,1581,1,107.143,13,load
1780605234.029896,23.177565000005416,23324,0.038818,-0.033691,1.063232,0.580153,2.496183,-0.870229,1.064474,2.706438,1586,2677,1091,1586,0,107.143,1,load
1780605234.0617704,23.209439600002952,23355,0.041016,-0.040527,1.045898,0.770992,3.038168,-1.229008,1.047487,3.366802,1588,2681,1093,1588,0,116.0,0,load
1780605234.0913107,23.238979700006894,23386,0.062988,-0.009277,1.041016,2.70229,3.885496,-0.847328,1.042961,4.808058,1591,2685,1094,1591,0,116.0,6,load
1780605234.1220152,23.269684200000484,23416,0.056885,0.016602,1.061768,1.725191,3.358779,-0.244275,1.06342,3.783827,1595,2691,1096,1595,0,116.0,1,load
1780605234.1534855,23.301154500004486,23447,0.03833,-0.023682,1.047363,2.267176,2.480916,-0.671756,1.048332,3.427286,1598,2698,1100,1598,1,116.0,3,load
1780605234.1928654,23.34053450000647,23478,0.046143,-0.03418,1.053955,2.061069,3.030534,-0.770992,1.055518,3.745206,1603,2705,1102,1603,0,116.0,0,load
1780605234.2145784,23.362247400000342,23509,0.044922,-0.052246,1.058838,1.442748,2.442748,-0.664122,1.061077,2.913692,1605,2709,1104,1605,0,116.0,0,load
1780605234.2457063,23.393375400002697,23540,0.044678,-0.053955,1.046631,2.389313,3.854962,-1.358779,1.048972,4.734536,1606,2712,1106,1606,1,116.0,16,load
1780605234.2773964,23.425065400006133,23571,0.044678,-0.022949,1.057129,0.862595,2.671756,-0.656489,1.058322,2.883284,1611,2719,1108,1611,0,116.0,1,load
1780605234.3074858,23.455154800001765,23602,0.03833,-0.030029,1.048584,0.984733,3.244275,-0.984733,1.049714,3.530541,1613,2723,1110,1613,0,116.0,0,load
1780605234.3389857,23.486654699998326,23633,0.041504,-0.044189,1.052002,2.244275,3.320611,-0.839695,1.053747,4.094913,1617,2731,1114,1617,0,104.317,6,load
1780605234.3698587,23.51752779999515,23664,0.05127,-0.010742,1.056396,0.770992,2.587786,-0.603053,1.057694,2.76672,1621,2737,1116,1621,0,104.317,1,load
1780605234.4012291,23.548898199995165,23695,0.019775,0.005127,1.053955,1.572519,2.687023,-0.862595,1.054153,3.230631,1623,2742,1119,1623,1,104.317,14,load
1780605234.4328623,23.580531400002656,23726,0.032227,-0.020264,1.055176,1.679389,3.122137,-0.526718,1.055862,3.584065,1628,2749,1121,1628,0,104.317,1,load
1780605234.4633007,23.610969700006535,23757,0.039795,-0.033936,1.059326,0.992366,2.19084,-0.931298,1.060616,2.579125,1630,2753,1123,1630,0,104.317,0,load
1780605234.4941835,23.641852600005222,23788,0.051758,-0.021484,1.043213,3.206107,3.946565,-1.282443,1.044717,5.243964,1634,2759,1125,1634,0,104.317,6,load
1780605234.5257387,23.673407700000098,23820,0.046143,-0.006592,1.04834,1.931298,4.175572,-0.091603,1.049376,4.60149,1639,2767,1128,1639,0,104.317,1,load
1780605234.557453,23.70512189999863,23851,0.019531,-0.011475,1.063721,2.70229,1.641221,-0.374046,1.063962,3.183691,1641,2772,1131,1641,1,104.317,14,load
1780605234.58843,23.73609910000232,23882,0.02417,-0.044189,1.065186,2.916031,2.977099,-1.122137,1.066376,4.315732,1645,2777,1132,1645,0,104.317,5,load
1780605234.6188245,23.766493500006618,23913,0.033691,-0.028076,1.049316,1.221374,3.389313,-0.587786,1.050232,3.6503,1646,2779,1133,1646,0,103.571,6,load
1780605234.6506257,23.798294799998985,23944,0.022705,-0.033936,1.063477,1.969466,2.129771,-1.167939,1.06426,3.127107,1648,2784,1136,1648,1,103.571,14,load
1780605234.682837,23.830506199999945,23976,0.049805,-0.021729,1.065186,1.465649,2.48855,-1.160305,1.06657,3.112445,1653,2791,1138,1653,0,103.571,1,load
1780605234.7136161,23.861285200007842,24007,0.030029,-0.018555,1.044434,2.206107,2.832061,-1.08397,1.04503,3.749996,1655,2795,1140,1655,0,103.571,0,load
1780605234.745163,23.892831999997725,24038,0.053711,0.012939,1.047119,1.938931,3.687023,-0.320611,1.048576,4.178084,1659,2801,1142,1659,0,103.571,5,load
1780605234.7764947,23.924163799994858,24070,0.026611,-0.000732,1.060547,0.801527,3.038168,-0.221374,1.060881,3.149907,1661,2805,1144,1661,0,103.571,0,load
1780605234.8076792,23.955348300005426,24101,0.041504,-0.020508,1.050049,2.503817,2.503817,-0.465649,1.051069,3.571418,1663,2810,1147,1663,1,103.571,14,load
1780605234.837788,23.98545710000326,24132,0.057129,-0.015381,1.050049,1.70229,3.725191,-0.801527,1.051714,4.173402,1668,2817,1149,1668,0,103.571,0,load
1780605234.868882,24.016550900007132,24163,0.04541,-0.053955,1.060059,1.007634,2.885496,-0.541985,1.062402,3.104056,1671,2823,1152,1671,0,100.0,1,load
1780605234.898912,24.046581000002334,24194,0.062012,-0.056885,1.065918,1.755725,2.816794,-1.641221,1.069234,3.70277,1673,2828,1155,1673,1,100.0,14,load
1780605234.9302068,24.07787580000877,24224,0.052979,-0.015137,1.066406,1.099237,2.175573,-0.572519,1.067829,2.50384,1678,2835,1157,1678,0,100.0,0,load
1780605234.960608,24.10827720000816,24255,0.043457,-0.028809,1.050781,2.183206,3.221374,-1.08397,1.052074,4.039632,1680,2839,1159,1680,0,100.0,1,load
1780605234.991536,24.139204999999492,24286,0.051758,-0.003418,1.047363,2.0,3.366412,-0.847328,1.048647,4.006332,1684,2845,1161,1684,0,100.0,5,load
1780605235.022352,24.170020999998087,24316,0.056641,-0.043457,1.055908,0.618321,2.732824,-0.832061,1.058319,2.922837,1688,2851,1163,1688,0,100.0,0,load
1780605235.0638664,24.211535499998718,24347,0.062744,-0.070557,1.033691,1.557252,3.763359,-0.900763,1.037995,4.171244,1690,2857,1167,1690,0,100.0,0,load
1780605235.084562,24.232231200003298,24378,0.058838,-0.037354,1.047852,2.152672,3.946565,-0.21374,1.050167,4.500562,1694,2863,1169,1694,0,100.0,6,load
1780605235.1152515,24.262920599998324,24409,0.048828,-0.007324,1.068115,0.755725,2.755725,0.381679,1.069256,2.88285,1697,2867,1170,1697,0,100.0,5,load
1780605235.1464334,24.294102400002885,24440,0.042969,-0.029053,1.053955,1.366412,2.374046,-0.534351,1.055231,2.790825,1699,2872,1173,1699,1,101.083,13,load
1780605235.1781325,24.325801500002854,24472,0.050781,-0.019775,1.058594,2.458015,2.671756,-1.625954,1.059996,3.97792,1704,2879,1175,1704,0,101.083,0,load
1780605235.2093387,24.357007700004033,24503,0.026123,-0.042725,1.068848,1.541985,2.679389,-0.458015,1.07002,3.12516,1708,2885,1177,1708,0,101.083,1,load
1780605235.2418077,24.38947670000198,24535,0.056885,-0.033691,1.053955,2.496183,2.938931,-0.793893,1.056027,3.936815,1712,2891,1179,1712,0,101.083,6,load
1780605235.2715883,24.419257300003665,24566,0.049316,-0.040771,1.053711,1.877863,3.206107,-0.442748,1.055652,3.74186,1715,2895,1180,1715,0,101.083,5,load
1780605235.3025405,24.45020970000769,24597,0.05127,-0.049561,1.05835,1.152672,2.40458,-1.022901,1.060749,2.856043,1717,2899,1182,1717,0,101.083,1,load
1780605235.333074,24.480743200008874,24628,0.086914,-0.021484,1.032471,1.70229,4.328244,0.083969,1.036345,4.651724,1721,2905,1184,1721,0,101.083,6,load
1780605235.3655586,24.513227600007667,24659,0.057861,-0.00415,1.060303,1.419847,3.030534,-0.580153,1.061888,3.396569,1725,2911,1186,1725,0,101.083,0,load
1780605235.3962855,24.54395469999872,24690,0.075195,-0.049561,1.03833,1.740458,3.900763,0.038168,1.042228,4.271604,1727,2916,1189,1727,1,112.0,14,load
1780605235.426985,24.574654099997133,24721,0.045166,-0.031738,1.036865,2.10687,3.984733,-0.442748,1.038334,4.52913,1731,2921,1190,1731,0,112.0,6,load
1780605235.4581516,24.605820600001607,24752,0.052979,-0.036865,1.062012,1.564886,2.755725,-0.832061,1.063971,3.276464,1735,2927,1192,1735,0,112.0,0,load
1780605235.490062,24.637730999995256,24783,0.022705,-0.032227,1.064941,0.931298,1.80916,-1.251908,1.065671,2.389069,1739,2933,1194,1739,0,112.0,0,load
1780605235.5202045,24.667873600003077,24814,0.068848,-0.035645,1.056641,2.152672,3.862595,-0.450382,1.059481,4.444826,1742,2938,1196,1742,1,112.0,15,load
1780605235.5510268,24.69869600000675,24845,0.035889,-0.006836,1.05127,1.229008,3.335878,-0.832061,1.051904,3.651146,1746,2943,1197,1746,0,112.0,6,load
1780605235.580672,24.728340999994543,24875,0.009521,-0.026855,1.044922,1.603053,2.603053,-1.450382,1.04531,3.383678,1747,2945,1198,1747,0,112.0,6,load
1780605235.6121273,24.759796500002267,24906,0.020508,-0.022949,1.076172,1.08397,1.137405,-1.824428,1.076612,2.40774,1749,2950,1201,1749,1,112.0,15,load
1780605235.6437147,24.791383700008737,24937,0.033691,-0.012207,1.057861,1.748092,2.198473,-1.320611,1.058468,3.103727,1752,2955,1203,1752,0,112.0,1,load
1780605235.674388,24.822056999997585,24968,0.047852,-0.013184,1.058838,1.541985,3.419847,-0.946565,1.060001,3.868987,1753,2957,1204,1753,0,93.525,6,load
1780605235.704592,24.852261100008036,24999,0.065918,-0.041016,1.045166,0.931298,3.198473,0.801527,1.048046,3.426367,1755,2961,1206,1755,0,93.525,1,load
1780605235.7363417,24.884010800000397,25030,0.036621,-0.04834,1.048096,2.442748,2.564885,-1.198473,1.049849,3.73925,1759,2967,1208,1759,0,93.525,6,load
1780605235.7667043,24.914373499996145,25061,0.055176,0.00293,1.041748,1.19084,2.870229,-0.916031,1.043212,3.239664,1761,2971,1210,1761,0,93.525,1,load
1780605235.7985935,24.94626270000299,25092,0.020508,-0.026123,1.054199,1.08397,3.030534,-0.396947,1.054722,3.242946,1763,2975,1212,1763,0,93.525,0,load
1780605235.8298862,24.977555300007225,25123,0.02124,-0.020752,1.040772,2.114504,2.824427,-0.603053,1.041195,3.579412,1764,2978,1214,1764,1,93.525,19,load
1780605235.8607726,25.00844170000346,25154,0.017822,-0.046875,1.049072,2.320611,3.480916,-0.557252,1.05027,4.22049,1765,2980,1215,1765,0,93.525,16,load
1780605235.8912928,25.038962000005995,25185,0.033203,-0.030029,1.053955,1.48855,2.381679,-0.740458,1.054905,2.904558,1769,2985,1216,1769,0,93.525,6,load
1780605235.9225595,25.07022860000143,25216,0.040283,-0.049316,1.057129,1.633588,3.442748,-0.129771,1.059045,3.812868,1770,2987,1217,1770,0,93.525,7,load
1780605235.9527745,25.100443700008327,25247,0.043945,-0.010742,1.050049,1.175572,3.519084,-0.541985,1.051023,3.749623,1771,2989,1218,1771,0,64.516,7,load
1780605235.9840605,25.1317296000052,25278,0.056885,-0.057373,1.047607,1.824428,3.526718,-0.625954,1.050718,4.019713,1772,2991,1219,1772,0,64.516,6,load
1780605236.0157745,25.16344360000221,25309,0.058105,-0.049561,1.055908,1.328244,3.442748,-0.465649,1.058666,3.719352,1773,2993,1220,1773,0,64.516,3,load
1780605236.046216,25.193885100001353,25340,0.060303,-0.012695,1.049316,0.625954,3.618321,0.290076,1.051124,3.683505,1774,2995,1221,1774,0,64.516,1,load
1780605236.0776093,25.225278300000355,25371,0.054688,-0.067871,1.050049,1.473282,3.129771,-0.038168,1.05366,3.459406,1776,2997,1221,1776,0,64.516,1,load
1780605236.1093547,25.25702380000439,25403,0.047119,0.001953,1.051758,1.549618,2.48855,-0.19084,1.052815,2.937791,1778,2999,1221,1778,0,64.516,0,load
1780605236.140143,25.28781199999503,25434,0.05249,-0.041504,1.048584,0.717557,2.969466,-0.78626,1.050717,3.154492,1780,3001,1221,1780,0,64.516,1,load
1780605236.1708124,25.318481499998597,25465,0.041748,-0.097656,1.064453,1.70229,2.603053,-0.40458,1.069738,3.136457,1781,3003,1222,1781,0,64.516,1,load
1780605236.2026143,25.350283499996294,25496,0.066406,0.007813,1.053711,0.183206,3.320611,-1.122137,1.05583,3.509874,1782,3005,1223,1782,0,64.516,4,load
1780605236.2326858,25.380355000001146,25527,0.044922,-0.030762,1.07373,0.78626,2.480916,-1.175572,1.07511,2.855717,1783,3007,1224,1783,0,42.857,8,load
1780605236.2645726,25.412241700003506,25558,0.022461,0.111816,1.047119,1.824428,2.549618,-0.938931,1.053312,3.272718,1784,3009,1225,1784,0,42.857,8,load
1780605236.295001,25.442670000004,25589,0.053711,-0.196777,1.053955,1.435114,3.458015,-0.358779,1.073512,3.761136,1784,3010,1226,1784,1,42.857,30,load
1780605236.3260267,25.473695799999405,25620,0.047363,0.113281,1.076904,0.969466,3.320611,-0.251908,1.083881,3.468397,1785,3011,1226,1785,0,42.857,16,load
1780605236.3571877,25.504856900006416,25651,0.053711,-0.241699,1.038818,0.641221,3.580153,-0.824427,1.067917,3.729389,1786,3013,1227,1786,0,42.857,2,load
1780605236.3885546,25.53622360000736,25682,0.045898,0.170898,1.066162,3.030534,3.175573,-0.618321,1.080747,4.432914,1787,3015,1228,1787,0,42.857,9,load
1780605236.4198864,25.567555400004494,25714,0.035889,-0.11084,1.069336,0.732824,3.015267,-1.328244,1.075664,3.375367,1788,3017,1229,1788,0,42.857,9,load
1780605236.4515991,25.599268100006157,25745,0.056152,0.072754,1.033203,3.961832,3.816794,-0.244275,1.037282,5.506696,1788,3018,1230,1788,1,42.857,31,load
1780605236.4827113,25.63038050000614,25776,0.046143,0.138672,1.058838,2.068702,2.992366,-0.274809,1.068876,3.648192,1789,3019,1230,1789,0,42.857,13,load
1780605236.5151174,25.662786500004586,25808,0.056396,-0.182861,1.058594,0.977099,2.625954,-0.221374,1.075751,2.810581,1790,3021,1231,1790,0,24.911,5,load
1780605236.5448055,25.692474600000423,25839,0.041992,0.137207,1.043213,3.442748,3.083969,-0.725191,1.053035,4.678598,1791,3023,1232,1791,0,24.911,9,load
1780605236.5765653,25.72423429999617,25870,0.043457,0.123779,1.062744,1.763359,2.839695,-0.80916,1.07081,3.439192,1791,3024,1233,1791,1,24.911,30,load
1780605236.6072845,25.75495360000059,25901,0.061523,-0.137451,1.077881,-0.175573,2.824427,-0.015267,1.08835,2.82992,1792,3025,1233,1792,0,24.911,19,load
1780605236.6385148,25.786183899996104,25932,0.026611,0.119873,1.043213,3.442748,2.946565,-1.091603,1.050415,4.661154,1794,3027,1233,1794,0,24.911,0,load
1780605236.6688259,25.816495000006398,25963,0.044678,0.12793,1.073486,2.183206,2.870229,-1.526718,1.082005,3.916053,1795,3029,1234,1795,0,24.911,9,load
1780605236.7002432,25.847912199998973,25994,0.048828,-0.116699,1.071777,-0.099237,2.274809,-1.625954,1.079217,2.797916,1796,3031,1235,1796,0,24.911,10,load
1780605236.7320287,25.879697700001998,26025,0.047363,0.111084,1.040039,3.068702,2.870229,0.10687,1.047026,4.203162,1796,3032,1236,1796,1,24.911,30,load
1780605236.7641273,25.911796300002607,26057,0.054199,-0.200439,1.041992,1.183206,3.412214,-0.076336,1.062479,3.612341,1797,3033,1236,1797,0,24.911,14,load
1780605236.7952883,25.942957499995828,26089,0.058105,0.101562,1.066162,-0.343511,3.358779,-0.870229,1.072564,3.486645,1798,3035,1237,1798,0,28.47,3,load
1780605236.8268192,25.974488200008636,26121,0.039795,0.075684,1.048828,3.137405,3.328244,-1.076336,1.052308,4.698831,1799,3037,1238,1799,0,28.47,9,load
1780605236.858071,26.00574019999476,26152,0.021973,-0.083252,1.040527,1.832061,2.381679,-1.167939,1.044084,3.223806,1800,3039,1239,1800,0,28.47,9,load
1780605236.8886082,26.036277300008805,26183,0.042725,0.102295,1.042969,1.587786,3.603053,-1.251908,1.048844,4.131626,1800,3040,1240,1800,1,28.47,30,load
1780605236.9198928,26.06756179999502,26214,0.04248,-0.008057,1.046875,2.290076,2.717557,0.061069,1.047768,3.554335,1801,3041,1240,1801,0,28.47,14,load
1780605236.9512875,26.098956500005443,26245,0.068115,-0.106934,1.063965,-0.053435,2.885496,-0.778626,1.071492,2.989181,1802,3043,1241,1802,0,28.47,2,load
1780605236.9821236,26.129792599997018,26276,0.025391,0.119385,1.053467,1.503817,2.610687,-1.610687,1.060514,3.416352,1803,3045,1242,1803,0,28.47,9,load
1780605237.0135562,26.161225300005754,26307,0.028564,0.118408,1.045898,2.274809,2.671756,-1.045802,1.052967,3.661521,1804,3047,1243,1804,0,28.47,9,load
1780605237.0459046,26.193573800002923,26338,0.070557,-0.157959,1.026611,2.78626,4.061068,-0.687023,1.041086,4.972677,1804,3048,1244,1804,1,28.47,29,load
1780605237.075119,26.22278809999989,26369,0.056885,-0.098145,1.074707,0.015267,2.572519,-0.351145,1.080677,2.596419,1805,3049,1244,1805,0,25.0,16,load
1780605237.10611,26.253779200007557,26400,0.03833,-0.110107,1.061523,0.862595,2.801527,-1.099237,1.067907,3.130646,1807,3051,1244,1807,0,25.0,1,load
1780605237.1381795,26.28584850000334,26431,0.034668,0.130127,1.072266,2.343511,2.977099,-0.290076,1.080689,3.799909,1808,3053,1245,1808,0,25.0,7,load
1780605237.1676772,26.31534620000457,26462,0.0271,-0.043701,1.032227,3.229008,3.267176,-1.21374,1.033507,4.75122,1809,3055,1246,1809,0,25.0,9,load
1780605237.1998043,26.347473400004674,26493,0.053467,-0.190918,1.050293,2.755725,2.870229,-0.564886,1.068842,4.018872,1810,3057,1247,1810,0,25.0,9,load
1780605237.2313404,26.37900939999963,26524,0.044189,-0.13623,1.042236,1.099237,2.801527,-0.549618,1.05203,3.05924,1810,3058,1248,1810,1,25.0,29,load
1780605237.26075,26.408419200000935,26555,0.0625,-0.140869,1.060791,1.48855,3.10687,0.015267,1.071927,3.445091,1811,3059,1248,1811,0,25.0,12,load
1780605237.2932558,26.440924900001846,26586,0.064453,-0.157471,1.063965,1.885496,2.969466,-1.442748,1.077484,3.801887,1812,3061,1249,1812,0,25.0,2,load
1780605237.3233857,26.471054900001036,26617,0.046387,-0.042725,1.046387,1.351145,2.961832,0.083969,1.048285,3.256546,1813,3063,1250,1813,0,25.0,8,load
1780605237.3545458,26.50221479999891,26648,0.030029,0.026367,1.065674,2.152672,2.633588,-1.290076,1.066423,3.637867,1814,3065,1251,1814,0,32.258,8,load
1780605237.3867962,26.53446530000656,26679,0.037109,-0.031494,1.059814,1.740458,2.961832,-0.89313,1.060931,3.549553,1815,3067,1252,1815,0,32.258,7,load
1780605237.4156535,26.56332260000636,26710,0.040039,-0.017578,1.050293,2.10687,3.435115,-0.519084,1.051203,4.063048,1816,3069,1253,1816,0,32.258,6,load
1780605237.4467902,26.594459200001438,26741,0.056396,-0.024658,1.060547,0.992366,2.053435,-0.320611,1.062332,2.30308,1817,3071,1254,1817,0,32.258,6,load
1780605237.4783347,26.62600370000291,26772,0.031738,-0.050293,1.083252,1.351145,1.335878,-1.610687,1.084883,2.490878,1819,3076,1257,1819,1,32.258,15,load
1780605237.5092306,26.656899599998724,26803,0.008057,-0.034424,1.057861,1.78626,3.0,-1.305344,1.058452,3.727552,1821,3080,1259,1821,1,32.258,3,load
1780605237.5396404,26.68730940000387,26833,0.060059,-0.018555,1.062744,0.931298,3.282443,-0.396947,1.064602,3.435013,1824,3085,1261,1824,0,32.258,1,load
1780605237.5713105,26.718979500001296,26864,0.032227,-0.044678,1.051514,0.839695,2.419847,-0.557252,1.052956,2.621312,1827,3092,1265,1827,1,32.258,2,load
1780605237.601974,26.749643100003595,26895,0.025635,-0.042969,1.05542,1.29771,3.244275,-0.984733,1.056605,3.630299,1832,3099,1267,1832,0,32.258,0,load
1780605237.6327045,26.780373500005226,26926,0.041016,-0.016846,1.053955,0.839695,2.473282,-0.839695,1.054887,2.743592,1834,3103,1269,1834,0,71.942,1,load
1780605237.6628065,26.810475599995698,26957,0.06665,-0.039551,1.053711,1.0,2.664122,-1.152672,1.056557,3.070212,1835,3106,1271,1835,1,71.942,16,load
1780605237.693918,26.84158710000338,26987,0.03833,-0.010498,1.064453,1.366412,2.824427,-0.89313,1.065195,3.262231,1840,3113,1273,1840,0,71.942,1,load
1780605237.7251303,26.87279930000659,27018,0.038818,-0.044678,1.054932,1.267176,2.748092,-1.030534,1.056591,3.196833,1842,3117,1275,1842,0,71.942,0,load
1780605237.7570026,26.904671700001927,27050,0.05835,-0.012695,1.043213,2.770992,3.351145,-0.977099,1.044921,4.456826,1847,3125,1278,1847,0,71.942,6,load
1780605237.7879012,26.935570300003747,27081,0.05249,-0.015625,1.053223,0.29771,3.129771,-0.312977,1.054646,3.159439,1851,3131,1280,1851,0,71.942,0,load
1780605237.818473,26.96614220000629,27112,0.045166,-0.03418,1.042725,2.160305,2.854962,-0.946565,1.044262,3.703203,1853,3136,1283,1853,1,71.942,13,load
1780605237.8501186,26.997787600004813,27143,0.046875,-0.013428,1.064209,1.389313,2.969466,-0.78626,1.065325,3.371368,1856,3141,1285,1856,0,71.942,1,load
1780605237.8815224,27.029191399997217,27175,0.043701,-0.040283,1.05835,1.59542,2.351145,-1.061069,1.060017,3.033004,1858,3145,1287,1858,0,71.942,0,load
1780605237.9120967,27.05976570000348,27206,0.061279,-0.006592,1.043213,2.656489,3.89313,-1.08397,1.045032,4.836154,1862,3151,1289,1862,0,100.0,5,load
1780605237.9435408,27.091209999998682,27237,0.04248,-0.018799,1.057861,0.351145,2.740458,-0.51145,1.058881,2.809803,1867,3159,1292,1867,0,100.0,0,load
1780605237.9749084,27.12257750000572,27268,0.031006,-0.029541,1.043213,2.10687,2.534351,-0.541985,1.044092,3.339998,1869,3164,1295,1869,1,100.0,13,load
1780605238.0060916,27.153760700006387,27299,0.014404,-0.033936,1.068115,2.129771,2.847328,-0.770992,1.068751,3.638356,1874,3171,1297,1874,0,100.0,1,load
1780605238.0374434,27.185112399994978,27331,0.054199,-0.045654,1.062988,1.648855,2.854962,-0.709924,1.065348,3.372465,1876,3175,1299,1876,0,100.0,1,load
1780605238.068166,27.215835099996184,27362,0.033936,-0.01123,1.030273,2.10687,3.343511,-1.305344,1.030893,4.161958,1878,3178,1300,1878,1,100.0,16,load
1780605238.099678,27.24734719999833,27393,0.031982,-0.029053,1.048828,0.969466,2.687023,-1.19084,1.049718,3.094843,1883,3185,1302,1883,0,100.0,0,load
1780605238.1307101,27.27837929999805,27424,0.051758,-0.060059,1.055908,1.534351,2.725191,-0.671756,1.058881,3.198774,1886,3191,1305,1886,0,100.0,0,load
1780605238.1616178,27.30928689999564,27455,0.026367,-0.050537,1.062256,1.236641,2.992366,-0.671756,1.063784,3.30678,1891,3198,1307,1891,1,100.0,3,load
1780605238.1926253,27.34029439999722,27486,0.038086,-0.018799,1.041016,0.709924,3.625954,-0.755725,1.041882,3.771294,1894,3203,1309,1894,0,114.286,1,load
1780605238.2255106,27.37317960000655,27518,0.055664,-0.042969,1.069092,1.923664,2.847328,-1.343511,1.071402,3.689551,1896,3208,1312,1896,1,114.286,13,load
1780605238.2547042,27.402373200005968,27549,0.053467,-0.034912,1.060303,0.938931,2.671756,-0.740458,1.062224,2.92714,1901,3215,1314,1901,0,114.286,1,load
1780605238.2851374,27.43280650000088,27579,0.048096,-0.041748,1.057129,1.977099,2.778626,-0.709924,1.059046,3.483343,1903,3219,1316,1903,0,114.286,0,load
1780605238.316942,27.46461100000306,27610,0.062256,-0.018555,1.032227,2.633588,3.70229,-1.167939,1.034269,4.691142,1908,3227,1319,1908,0,114.286,6,load
1780605238.3470898,27.494758900007582,27641,0.046387,-0.006836,1.059326,1.282443,2.931298,-0.465649,1.060363,3.233264,1912,3233,1321,1912,0,114.286,0,load
1780605238.3794634,27.52713240000594,27672,0.031494,-0.023193,1.03833,2.122137,2.725191,-0.435114,1.039066,3.481301,1914,3238,1324,1914,1,114.286,13,load
1780605238.41058,27.55824890000804,27703,0.061523,-0.029785,1.058594,2.038168,2.679389,-0.732824,1.060798,3.445328,1917,3243,1326,1917,0,114.286,1,load
1780605238.4423037,27.589972800007672,27735,0.04126,-0.046631,1.056641,1.236641,2.557252,-0.740458,1.058474,2.935489,1919,3247,1328,1919,0,114.286,0,load
1780605238.4728546,27.62052369999583,27766,0.039551,-0.000488,1.044189,2.78626,4.076336,-0.839695,1.044938,5.008477,1923,3253,1330,1923,0,103.571,5,load
1780605238.5044336,27.652102599997306,27797,0.043701,-0.04126,1.055664,0.961832,2.557252,-0.862595,1.057374,2.865088,1928,3261,1333,1928,0,103.571,0,load
1780605238.535207,27.68287620000774,27828,0.046143,-0.024902,1.049316,2.236641,3.076336,-0.343511,1.050626,3.818954,1930,3266,1336,1930,1,103.571,13,load
1780605238.5669186,27.714587700000266,27859,0.026611,-0.023193,1.059082,1.755725,3.251908,-1.076336,1.05967,3.849153,1935,3273,1338,1935,0,103.571,1,load
1780605238.5963824,27.744051400004537,27891,0.043457,-0.03125,1.054443,1.29771,2.80916,-0.717557,1.055801,3.176526,1937,3277,1340,1937,0,103.571,1,load
1780605238.6286225,27.776291500005755,27921,0.057617,-0.052979,1.052978,1.503817,3.496183,-1.152672,1.055884,3.976608,1938,3280,1342,1938,1,103.571,16,load
1780605238.6581557,27.805824800001574,27952,0.064453,-0.042969,1.062256,1.045802,2.396947,-0.770992,1.065076,2.726441,1943,3287,1344,1943,0,103.571,1,load
1780605238.688441,27.83611010000459,27983,0.043457,-0.075439,1.04541,1.320611,2.70229,-1.259542,1.049029,3.260802,1946,3293,1347,1946,0,103.571,0,load
1780605238.726751,27.8744202000089,28014,0.05957,-0.036621,1.050537,2.419847,3.358779,-0.946565,1.052862,4.246532,1949,3299,1350,1949,0,103.571,5,load
1780605238.7578912,27.905560300001525,28051,0.074951,-0.035645,1.054443,1.877863,3.259542,-0.526718,1.057705,3.798475,1951,3306,1355,1951,1,98.246,14,load
1780605238.7886903,27.936359500003164,28083,0.025879,-0.007568,1.060547,2.221374,3.48855,-0.832061,1.06089,4.218626,1954,3311,1357,1954,0,98.246,0,load
1780605238.8202262,27.9678952999966,28114,0.039062,-0.036621,1.045898,0.984733,2.473282,-0.351145,1.047268,2.685168,1956,3315,1359,1956,0,98.246,0,load
1780605238.8517005,27.999369700002717,28145,0.054199,-0.04834,1.053467,1.59542,3.610687,-1.007634,1.055967,4.074034,1958,3320,1362,1958,1,98.246,13,load
1780605238.8815475,28.029216599999927,28176,0.043457,-0.03125,1.059814,0.885496,2.877863,-0.694656,1.061165,3.090104,1964,3329,1365,1964,0,98.246,1,load
1780605238.9135284,28.06119760000729,28207,0.026367,-0.058594,1.030029,1.396947,3.267176,-0.625954,1.032031,3.608007,1966,3333,1367,1966,0,98.246,0,load
1780605238.94525,28.092919200003962,28238,0.057861,-0.031006,1.041504,2.419847,4.343512,-0.740458,1.043571,5.026931,1970,3339,1369,1970,0,98.246,6,load
1780605238.974653,28.12232199999562,28269,0.049561,-0.005127,1.048096,0.801527,3.473282,-0.152672,1.049279,3.567835,1972,3343,1371,1972,0,98.246,1,load
1780605239.0067124,28.154381600004854,28300,0.049805,-0.015381,1.050049,2.083969,2.870229,-0.70229,1.051342,3.615848,1974,3348,1374,1974,1,98.246,14,load
1780605239.0376084,28.185277500000666,28331,0.062744,-0.032471,1.063232,2.549618,3.374046,-0.648855,1.065577,4.278522,1979,3355,1376,1979,0,100.0,1,load
1780605239.0695145,28.217183500004467,28363,0.047852,-0.022949,1.060059,1.541985,3.175573,-0.48855,1.061386,3.563798,1983,3361,1378,1983,0,100.0,1,load
1780605239.1004884,28.248157499998342,28394,0.018555,-0.046875,1.061035,2.198473,2.801527,-1.679389,1.062232,3.937282,1986,3366,1380,1986,0,100.0,13,load
1780605239.131295,28.27896409999812,28425,0.027832,-0.032715,1.045654,1.290076,3.099237,-1.038168,1.046536,3.513881,1990,3371,1381,1990,0,100.0,6,load
1780605239.1622329,28.30990190000739,28456,0.024902,-0.017334,1.050049,0.496183,2.465649,-1.198473,1.050487,2.78603,1992,3375,1383,1992,0,100.0,0,load
1780605239.192811,28.340480200000457,28487,0.039551,-0.039551,1.056641,1.847328,2.885496,-1.625954,1.05812,3.792418,1996,3381,1385,1996,0,100.0,6,load
1780605239.2244465,28.372115599995595,28518,0.054443,-0.020264,1.040039,1.251908,3.648855,-0.793893,1.04166,3.938488,2001,3389,1388,2001,0,100.0,1,load
1780605239.2552829,28.402951900003245,28549,0.020996,-0.056641,1.065186,1.068702,2.152672,-1.244275,1.066897,2.706352,2003,3393,1390,2003,0,100.0,0,load
1780605239.2869298,28.434599000000162,28580,0.060303,-0.007324,1.042725,1.885496,3.351145,-0.603053,1.044492,3.892164,2006,3397,1391,2006,0,100.0,6,load
1780605239.3170106,28.46467980000307,28611,0.037598,-0.005859,1.052978,1.053435,2.946565,-0.824427,1.053666,3.235993,2010,3403,1393,2010,0,110.714,1,load
1780605239.3481991,28.495868099998916,28642,0.016357,-0.015869,1.057617,2.778626,3.015267,-1.015267,1.057863,4.224141,2012,3407,1395,2012,0,110.714,0,load
1780605239.3801231,28.52779229999578,28673,0.039062,-0.032227,1.050781,1.51145,2.977099,-0.656489,1.052001,3.402731,2015,3412,1397,2015,1,110.714,14,load
1780605239.411018,28.558686999997008,28704,0.041992,-0.017578,1.054199,1.198473,2.312977,-0.793893,1.055182,2.723319,2019,3417,1398,2019,0,110.714,6,load
1780605239.4422116,28.58988070000487,28736,0.029785,-0.020752,1.068604,1.931298,2.244275,-1.40458,1.06922,3.277122,2021,3421,1400,2021,0,110.714,1,load
1780605239.4739277,28.62159690000408,28767,0.060303,-0.009033,1.044678,1.793893,3.549618,-0.549618,1.046456,4.014962,2025,3427,1402,2025,0,110.714,6,load
1780605239.5043545,28.65202360000694,28798,0.035156,-0.023193,1.057129,0.854962,3.022901,-1.160305,1.057968,3.34891,2029,3433,1404,2029,0,110.714,1,load
1780605239.5359535,28.683622500000638,28829,0.018311,-0.071045,1.063965,0.916031,2.427481,-1.259542,1.066491,2.884133,2031,3437,1406,2031,0,110.714,1,load
1780605239.567387,28.715056300003198,28860,0.05542,-0.05249,1.060547,2.083969,2.763359,-0.824427,1.06329,3.557915,2034,3441,1407,2034,0,110.714,6,load
1780605239.598496,28.746165000004112,28892,0.065186,-0.022949,1.043213,1.290076,3.732824,-0.656489,1.045499,4.003654,2038,3447,1409,2038,0,99.644,0,load
1780605239.629603,28.777272000006633,28923,0.063721,-0.003174,1.053711,1.335878,3.21374,-0.442748,1.055641,3.508379,2040,3452,1412,2040,1,99.644,13,load
1780605239.6609364,28.80860550000216,28954,0.050049,-0.030518,1.061768,1.832061,2.740458,-0.938931,1.063384,3.427558,2046,3461,1415,2046,0,99.644,1,load
1780605239.6902995,28.837968699997873,28985,0.036133,-0.021729,1.056885,2.0,3.152672,-0.587786,1.057725,3.779528,2048,3465,1417,2048,0,99.644,1,load
1780605239.7220206,28.86968970000453,29015,0.065186,-0.062012,1.055908,0.748092,3.244275,-0.748092,1.059734,3.412419,2050,3470,1420,2050,1,99.644,14,load
1780605239.7535286,28.901197600003798,29047,0.031006,-0.026611,1.054443,1.0,2.992366,-1.236641,1.055235,3.388737,2054,3475,1421,2054,0,99.644,6,load
1780605239.7846773,28.9323463000037,29078,0.01001,-0.021484,1.063232,0.679389,2.725191,-1.709924,1.063496,3.288172,2056,3479,1423,2056,0,99.644,0,load
1780605239.81583,28.96349900000496,29109,0.047363,-0.036377,1.03418,1.969466,3.641221,-1.08397,1.035903,4.279284,2060,3485,1425,2060,0,99.644,5,load
1780605239.8467329,28.994401899995864,29140,0.058838,-0.000488,1.047363,1.824428,4.061068,-0.160305,1.049015,4.454942,2064,3491,1427,2064,0,99.644,0,load
1780605239.877332,29.025001100002555,29171,0.048096,0.001221,1.037109,2.061069,3.022901,-0.038168,1.038225,3.658878,2066,3496,1430,2066,1,100.358,14,load
1780605239.9087458,29.056414899998344,29202,0.0354,-0.064697,1.053467,1.89313,2.908397,-1.08397,1.056045,3.635616,2069,3501,1432,2069,0,100.358,0,load
1780605239.9414513,29.08912030000647,29234,0.020264,-0.031494,1.050293,1.48855,3.122137,-1.412214,1.05096,3.736023,2071,3505,1434,2071,0,100.358,1,load
1780605239.971629,29.119298100005835,29265,0.050049,-0.018311,1.059814,1.122137,2.0,-1.145038,1.061154,2.56326,2074,3512,1438,2074,1,100.358,3,load
1780605240.0033925,29.15106150000065,29296,0.044922,-0.018066,1.048828,2.320611,3.526718,-0.854962,1.049945,4.307428,2079,3519,1440,2079,0,100.358,0,load
1780605240.0345008,29.18216979999852,29328,0.019775,-0.030029,1.072998,1.137405,2.007634,-0.763359,1.0736,2.430432,2080,3521,1441,2080,0,100.358,5,load
1780605240.0653467,29.21301570000651,29359,0.032715,0.006836,1.040039,1.480916,3.061069,-0.167939,1.040576,3.404623,2082,3526,1444,2082,1,100.358,15,load
1780605240.0969875,29.24465659999987,29390,0.032471,-0.035645,1.05127,2.0,2.80916,-1.526718,1.052375,3.77124,2086,3531,1445,2086,0,100.358,6,load
1780605240.126977,29.274646000005305,29421,0.05957,-0.009033,1.052246,1.755725,3.580153,-0.656489,1.05397,4.041168,2090,3537,1447,2090,0,96.0,0,load
1780605240.1587076,29.30637679999927,29452,0.036865,-0.047852,1.050537,1.877863,2.938931,-1.10687,1.052272,3.659077,2091,3539,1448,2091,0,96.0,6,load
1780605240.1896,29.337268999996013,29483,0.016113,-0.033447,1.040283,1.343511,2.427481,0.061069,1.040945,2.775142,2092,3541,1449,2092,0,96.0,4,load
1780605240.220551,29.36822010000469,29514,0.02832,-0.018311,1.066894,1.366412,2.427481,-0.229008,1.067427,2.79503,2094,3544,1450,2094,1,96.0,20,load
1780605240.2519379,29.399606899998616,29545,0.039062,-0.032959,1.041748,2.038168,3.122137,-0.580153,1.043001,3.773387,2095,3546,1451,2095,1,96.0,17,load
1780605240.282862,29.43053100000543,29576,0.032715,-0.012451,1.052734,1.442748,2.450382,-0.496183,1.053316,2.886536,2096,3548,1452,2096,1,96.0,17,load
1780605240.3150077,29.462676800001645,29607,0.053467,0.017334,1.047607,2.045802,3.854962,-0.618321,1.049114,4.407761,2097,3550,1453,2097,1,96.0,17,load
1780605240.3440607,29.491729700006545,29638,0.034668,-0.091553,1.056152,2.206107,2.70229,-1.816794,1.06068,3.933195,2098,3552,1454,2098,1,96.0,17,load
1780605240.3752723,29.522941300005186,29669,0.059082,-0.103027,1.060791,1.832061,3.29771,-0.290076,1.067419,3.783581,2099,3554,1455,2099,1,96.0,21,load
1780605240.4074354,29.555104500002926,29700,0.039307,0.064697,1.046875,1.541985,2.755725,-0.992366,1.049608,3.310065,2100,3555,1455,2100,0,35.842,10,load
1780605240.4389024,29.58657139999559,29732,0.060059,-0.054443,1.079346,0.282443,2.954198,-1.358779,1.082385,3.263946,2101,3557,1456,2101,0,35.842,3,load
1780605240.4694526,29.617121600007522,29763,0.034668,0.098877,1.065186,1.099237,3.129771,-0.21374,1.070326,3.324075,2102,3559,1457,2102,0,35.842,9,load
1780605240.5006754,29.648344400004135,29794,0.039795,-0.14917,1.048096,0.946565,3.374046,-1.603053,1.059405,3.853563,2103,3561,1458,2103,0,35.842,9,load
1780605240.5322485,29.679917500005104,29825,0.048828,0.092041,1.053955,3.137405,3.137405,-1.419847,1.059092,4.658603,2103,3562,1459,2103,1,35.842,30,load
1780605240.5635781,29.71124730000156,29857,0.061279,-0.09375,1.06543,-0.320611,2.877863,-0.10687,1.0713,2.897638,2104,3563,1459,2104,0,35.842,15,load
1780605240.5948954,29.742564400003175,29888,0.047363,-0.099609,1.039551,0.870229,3.396947,0.641221,1.045386,3.564788,2105,3565,1460,2105,0,35.842,4,load
1780605240.6268609,29.77452999999514,29920,0.074951,0.134033,1.047119,3.396947,3.870229,-0.938931,1.05832,5.234454,2106,3567,1461,2106,0,35.842,10,load
1780605240.6571748,29.80484389999765,29951,0.067139,0.068359,1.053955,4.29771,3.442748,-1.10687,1.058301,5.61676,2106,3568,1462,2106,1,23.904,32,load
1780605240.688922,29.836591100000078,29982,0.063477,-0.19873,1.031494,3.061069,3.045802,-0.465649,1.05238,4.343256,2107,3569,1462,2107,0,23.904,17,load
1780605240.7209978,29.868666800000938,30014,0.031982,0.103027,1.041748,3.129771,2.801527,0.274809,1.047319,4.209458,2108,3571,1463,2108,0,23.904,3,load
1780605240.7513564,29.89902539999457,30045,0.036133,-0.236084,1.042725,-0.053435,3.335878,-1.549618,1.069727,3.678621,2109,3573,1464,2109,0,23.904,10,load
1780605240.7832186,29.930887700000312,30076,0.05249,0.163818,1.055908,2.045802,3.496183,-1.870229,1.069829,4.461654,2109,3574,1465,2109,1,23.904,33,load
1780605240.8134406,29.961109700001543,30107,0.035889,-0.02832,1.050537,3.396947,2.206107,0.282443,1.051531,4.060286,2110,3575,1465,2110,0,23.904,14,load
1780605240.8446379,29.992307000007713,30138,0.035645,-0.185547,1.055908,0.679389,2.732824,-1.564886,1.072679,3.221609,2111,3577,1466,2111,0,23.904,7,load
1780605240.875719,30.023388100002194,30169,0.023438,0.013428,1.06958,1.175572,2.931298,-1.557252,1.069921,3.521294,2112,3579,1467,2112,0,23.904,10,load
1780605240.907044,30.054712900004233,30200,0.046631,0.078857,1.067139,2.007634,2.10687,-0.068702,1.071064,2.91105,2112,3580,1468,2112,1,23.904,33,load
1780605240.9391518,30.086820800002897,30232,0.039307,0.208008,1.062988,3.480916,3.183206,-0.19084,1.083862,4.720804,2113,3581,1468,2113,0,24.911,11,load
1780605240.9701037,30.117772700003115,30263,0.024902,-0.121338,1.051514,0.496183,3.51145,-0.854962,1.058784,3.647936,2114,3583,1469,2114,0,24.911,10,load
1780605241.000926,30.148595000006026,30294,0.026367,0.012207,1.054443,1.633588,3.496183,-1.816794,1.054844,4.265284,2114,3584,1470,2114,1,24.911,33,load
1780605241.0323112,30.17998030000308,30325,0.052002,0.042236,1.037109,3.076336,3.221374,-0.175573,1.039271,4.457793,2115,3585,1470,2115,0,24.911,18,load
1780605241.0614974,30.20916660000512,30356,0.063232,-0.22168,1.060303,-0.267176,3.099237,0.0,1.085072,3.110732,2116,3587,1471,2116,0,24.911,3,load
1780605241.0922701,30.2399393000087,30386,0.027344,0.190918,1.05542,1.992366,2.473282,-1.29771,1.072897,3.430846,2117,3589,1472,2117,0,24.911,10,load
1780605241.1241093,30.271778399997856,30417,0.045654,-0.122803,1.059326,2.496183,2.328244,-0.824427,1.067397,3.5116,2117,3590,1473,2117,1,24.911,33,load
1780605241.1559994,30.303668499997002,30449,0.045166,-0.224609,1.046875,3.114504,2.51145,-0.381679,1.071651,4.019104,2118,3591,1473,2118,0,24.911,14,load
1780605241.1863768,30.33404590000282,30480,0.036377,-0.256836,1.047363,-0.045802,3.29771,-1.10687,1.079008,3.478815,2119,3593,1474,2119,0,24.911,7,load
1780605241.2168727,30.364541800008737,30511,0.04126,0.15918,1.072022,2.770992,2.992366,-1.068702,1.08456,4.216014,2120,3595,1475,2120,0,25.09,11,load
1780605241.2486606,30.396329700000933,30542,0.063232,-0.091797,1.0625,3.061069,2.21374,-0.061069,1.068331,3.778163,2120,3596,1476,2120,1,25.09,32,load
1780605241.2797534,30.427422599997954,30573,0.024902,-0.060303,1.046875,-1.465649,2.832061,-0.603053,1.048906,3.245361,2121,3597,1476,2121,0,25.09,10,load
1780605241.309906,30.457575199994608,30604,0.060791,0.181641,1.059082,3.541985,3.519084,-1.351145,1.076264,5.172543,2122,3599,1477,2122,0,25.09,10,load
1780605241.3414104,30.489079399994807,30635,0.011719,-0.238281,1.028076,-0.114504,2.725191,-2.923664,1.055394,3.998448,2122,3600,1478,2122,1,25.09,33,load
1780605241.3724802,30.520149200005108,30666,0.059814,-0.075195,1.042969,3.587786,2.740458,0.114504,1.047385,4.51613,2123,3601,1478,2123,0,25.09,16,load
1780605241.4038093,30.551478499997756,30697,0.024414,-0.017578,1.068848,1.061069,3.206107,-1.328244,1.069271,3.628942,2124,3603,1479,2124,0,25.09,8,load
1780605241.4352484,30.582917399995495,30729,0.069092,-0.170166,1.050537,1.671756,3.473282,-1.412214,1.06647,4.105216,2125,3605,1480,2125,0,25.09,11,load
1780605241.4671638,30.614832799998112,30760,0.04541,-0.008545,1.048096,2.977099,2.603053,-0.091603,1.049114,3.955679,2125,3605,1480,2125,0,25.09,11,load
1780605241.4988813,30.646550400007982,30791,0.015869,0.186279,1.061523,4.32061,3.099237,-0.519084,1.077861,5.342508,2126,3607,1481,2126,0,21.429,5,load
1780605241.5298839,30.677553000001353,30822,0.03833,0.205811,1.063965,3.992366,3.374046,-1.183206,1.084365,5.359398,2127,3609,1482,2127,0,21.429,11,load
1780605241.5610049,30.708673900007852,30853,0.043213,-0.250732,1.043213,-0.435114,3.030534,-0.526718,1.073791,3.106589,2127,3609,1482,2127,0,21.429,11,load
1780605241.5906978,30.738366899997345,30884,0.040771,0.199951,1.065186,1.320611,3.267176,-0.480916,1.084557,3.556646,2128,3611,1483,2128,0,21.429,2,load
1780605241.621048,30.768717099999776,30915,0.068115,0.108887,1.056152,0.793893,3.89313,-1.29771,1.063933,4.179806,2129,3613,1484,2129,0,21.429,9,load
1780605241.6540723,30.801741300005233,30946,0.040283,-0.060791,1.05542,3.549618,2.770992,-0.549618,1.057936,4.536548,2130,3615,1485,2130,0,21.429,8,load
1780605241.6843824,30.832051599994884,30977,0.060791,-0.015137,1.046631,2.694656,3.435115,-1.114504,1.048504,4.505919,2130,3616,1486,2130,0,21.429,27,load
1780605241.713984,30.861652999999933,31008,0.071533,-0.000732,1.045898,2.145038,3.442748,-0.442748,1.048342,4.080408,2132,3619,1487,2132,0,21.429,7,load
1780605241.746681,30.894350000002305,31039,0.023926,-0.033203,1.054443,1.854962,2.396947,-1.755725,1.055237,3.502686,2135,3623,1488,2135,0,21.429,1,load
1780605241.777575,30.925244199999725,31071,0.047607,-0.031494,1.061523,0.40458,2.557252,-0.259542,1.063057,2.602035,2136,3625,1489,2136,0,35.714,6,load
1780605241.8080072,30.95567630000005,31102,0.05249,-0.0625,1.055664,-0.244275,2.641221,-0.648855,1.058814,2.730702,2138,3629,1491,2138,0,35.714,0,load
1780605241.8401713,30.98784030000388,31133,0.05957,0.006104,1.031738,1.587786,4.053436,-0.557252,1.033475,4.388842,2142,3635,1493,2142,0,35.714,6,load
1780605241.8725252,31.020194199998514,31164,0.039307,-0.030029,1.063232,1.129771,2.274809,-0.900763,1.064382,2.694905,2145,3639,1494,2145,0,35.714,6,load
1780605241.901837,31.049506099996506,31195,0.033447,-0.061035,1.037598,1.08397,2.900763,-1.160305,1.039929,3.306921,2147,3643,1496,2147,0,35.714,1,load
1780605241.9329395,31.080608699994627,31226,0.031006,-0.029785,1.045654,2.10687,2.442748,-1.198473,1.046538,3.441258,2152,3649,1497,2152,0,35.714,5,load
1780605241.9641318,31.111800800004858,31257,0.047852,0.000732,1.06665,0.671756,3.022901,-0.053435,1.067723,3.097102,2156,3655,1499,2156,0,35.714,0,load
1780605241.9945166,31.142185799995787,31288,0.051025,-0.031006,1.045654,1.832061,3.076336,-0.961832,1.047358,3.70748,2158,3662,1504,2158,1,35.714,13,load
1780605242.0258367,31.173505800004932,31319,0.038818,0.004883,1.054932,2.122137,2.854962,-0.885496,1.055657,3.665839,2163,3669,1506,2163,0,35.714,0,load
1780605242.057075,31.204744200003915,31350,0.035889,-0.035156,1.057129,1.59542,3.137405,-1.015267,1.058322,3.663256,2164,3671,1507,2164,0,100.358,5,load
1780605242.0890467,31.23671569999715,31382,0.06543,-0.007813,1.050781,2.541985,3.145038,-0.908397,1.052845,4.144652,2168,3677,1509,2168,0,100.358,6,load
1780605242.1210766,31.26874559999851,31413,0.045654,-0.002441,1.058838,0.977099,2.740458,-0.19084,1.059824,2.915691,2172,3683,1511,2172,0,100.358,1,load
1780605242.1510382,31.29870729999675,31444,0.0354,0.012695,1.050293,2.534351,2.984733,-0.847328,1.050966,4.006186,2175,3690,1515,2175,1,100.358,2,load
1780605242.1815586,31.329227700000047,31475,0.061279,-0.010254,1.059814,2.015267,2.709924,-0.839695,1.061634,3.479953,2181,3699,1518,2181,0,100.358,0,load
1780605242.2172532,31.36492239999643,31506,0.065674,-0.043701,1.058838,1.587786,3.198473,-0.572519,1.061772,3.6165,2183,3703,1520,2183,0,100.358,1,load
1780605242.24388,31.39154920000874,31537,0.052979,-0.001953,1.05249,1.938931,3.48855,-0.564886,1.053825,4.030946,2187,3709,1522,2187,0,100.358,6,load
1780605242.2741408,31.4218097999983,31568,0.052246,-0.025146,1.053467,1.572519,3.29771,-0.580153,1.055061,3.699228,2191,3715,1524,2191,0,100.358,1,load
1780605242.306078,31.453747000006842,31599,0.070801,-0.053467,1.049561,1.961832,2.450382,-0.564886,1.053304,3.189397,2193,3720,1527,2193,1,100.358,13,load
1780605242.3379307,31.485599699997692,31631,0.026123,-0.033447,1.048096,2.992366,3.51145,-0.931298,1.048955,4.706576,2198,3727,1529,2198,0,120.996,1,load
1780605242.3695745,31.517243700000108,31662,0.052246,-0.031494,1.063721,1.496183,2.755725,-0.969466,1.065469,3.282141,2202,3733,1531,2202,0,120.996,0,load
1780605242.4000278,31.547696800000267,31693,0.055176,-0.024414,1.041016,2.198473,3.030534,-0.519084,1.042763,3.779798,2206,3739,1533,2206,0,120.996,5,load
1780605242.4306817,31.578350800002227,31724,0.05127,-0.065186,1.056396,1.381679,3.10687,-0.664122,1.059647,3.464497,2209,3743,1534,2209,0,120.996,6,load
1780605242.462647,31.610316000005696,31755,0.03418,-0.05957,1.056885,1.587786,2.694656,-0.549618,1.059114,3.175582,2211,3748,1537,2211,1,120.996,14,load
1780605242.4930897,31.640758800000185,31786,0.047119,-0.04834,1.054688,1.89313,3.152672,-1.442748,1.056846,3.950291,2216,3755,1539,2216,0,120.996,0,load
1780605242.5249329,31.67260200000601,31818,0.047119,-0.034424,1.062012,1.312977,2.755725,-0.603053,1.063614,3.111528,2218,3759,1541,2218,0,120.996,0,load
1780605242.5570092,31.704678199996124,31850,0.072998,-0.00708,1.042236,2.824427,3.89313,-0.78626,1.044814,4.873608,2223,3767,1544,2223,0,120.996,6,load
1780605242.5874116,31.73508060000313,31881,0.032959,-0.029541,1.052978,1.015267,2.923664,-3.236641,1.053908,4.478216,2227,3773,1546,2227,0,116.0,0,load
1780605242.6190267,31.766695800004527,31912,0.036865,-0.038818,1.049316,2.450382,2.923664,-1.412214,1.050681,4.067743,2229,3778,1549,2229,1,116.0,13,load
1780605242.650543,31.798212099995,31943,0.050537,-0.02832,1.072998,2.152672,3.366412,-0.442748,1.074561,4.020293,2234,3785,1551,2234,0,116.0,1,load
1780605242.6798294,31.827498500002548,31974,0.057129,-0.049072,1.055908,1.419847,2.931298,-1.0,1.05859,3.407121,2236,3789,1553,2236,0,116.0,1,load
1780605242.711211,31.858879999999772,32004,0.042725,-0.069336,1.035156,1.877863,4.145038,-1.137405,1.038355,4.690564,2239,3794,1555,2239,1,116.0,13,load
1780605242.741486,31.88915509999788,32035,0.025391,-0.023926,1.048096,0.709924,2.832061,-0.541985,1.048676,2.969564,2245,3803,1558,2245,0,116.0,0,load
1780605242.7728786,31.920547700006864,32066,0.042725,-0.053955,1.04248,1.274809,2.748092,-1.29771,1.04475,3.295633,2247,3808,1561,2247,1,116.0,13,load
1780605242.8027668,31.95043589999841,32097,0.044922,-0.056152,1.051514,2.59542,3.610687,-1.801527,1.05397,4.797788,2251,3813,1562,2251,0,116.0,6,load
1780605242.8330712,31.980740300001344,32127,0.067139,-0.004883,1.054932,1.526718,2.969466,-0.312977,1.057077,3.353587,2254,3817,1563,2254,0,116.0,5,load
1780605242.8647144,32.01238339999691,32158,0.042236,0.006104,1.05249,2.80916,2.725191,-0.770992,1.053355,3.989044,2256,3822,1566,2256,1,104.693,13,load
1780605242.8961496,32.043818699996336,32189,0.054199,-0.017578,1.063477,2.351145,2.801527,-0.641221,1.065002,3.713166,2261,3829,1568,2261,0,104.693,0,load
1780605242.9279234,32.07559239999682,32220,0.041748,-0.032471,1.057129,2.053435,3.152672,-0.946565,1.058451,3.87968,2264,3835,1571,2264,0,104.693,1,load
1780605242.9588943,32.106563299996196,32252,0.045898,-0.008057,1.049316,3.198473,3.549618,-1.045802,1.050351,4.891188,2268,3841,1573,2268,0,104.693,6,load
1780605242.9893103,32.13697940000566,32283,0.041992,0.000244,1.052246,0.992366,3.091603,-0.007634,1.053084,3.246977,2272,3847,1575,2272,0,104.693,1,load
1780605243.0202012,32.16787030000705,32314,0.032227,0.003906,1.045898,2.603053,3.19084,-0.847328,1.046402,4.204202,2273,3850,1577,2273,1,104.693,16,load
1780605243.051228,32.19889719999628,32345,0.051025,0.006348,1.064209,2.053435,3.137405,-1.045802,1.06545,3.892763,2275,3853,1578,2275,0,104.693,5,load
1780605243.0837638,32.23143280000659,32376,0.040039,-0.033936,1.05542,1.305344,3.114504,-0.877863,1.056724,3.489226,2277,3857,1580,2277,0,104.693,1,load
1780605243.114511,32.262180100005935,32408,0.064209,-0.008301,1.049316,2.48855,3.625954,-0.687023,1.051312,4.451114,2281,3863,1582,2281,0,100.0,5,load
1780605243.1460028,32.293671799998265,32439,0.056152,0.013428,1.061279,0.633588,3.152672,-0.236641,1.062849,3.224402,2286,3871,1585,2286,0,100.0,1,load
1780605243.1763854,32.32405440000002,32470,0.039062,-0.000977,1.046143,2.465649,2.763359,-1.007634,1.046872,3.838086,2288,3876,1588,2288,1,100.0,13,load
1780605243.2078302,32.35549919999903,32501,0.041016,0.002441,1.064209,1.900763,2.870229,-0.961832,1.065002,3.574386,2292,3881,1589,2292,0,100.0,5,load
1780605243.238836,32.38650510000298,32532,0.057617,-0.039551,1.061768,1.312977,2.931298,-1.08397,1.064065,3.389897,2293,3883,1590,2293,0,100.0,5,load
1780605243.269959,32.417628099996364,32563,0.05957,-0.02002,1.032715,2.801527,3.664122,-0.740458,1.034625,4.671469,2297,3889,1592,2297,0,100.0,6,load
1780605243.3001883,32.447857300008764,32594,0.047852,-0.001953,1.059814,0.885496,3.267176,-0.374046,1.060896,3.40565,2301,3895,1594,2301,0,100.0,1,load
1780605243.3310275,32.4786965999956,32624,0.035889,-0.054443,1.045654,1.091603,2.908397,-1.061069,1.047686,3.282718,2304,3902,1598,2304,1,100.0,3,load
1780605243.360801,32.50847010000143,32655,0.043945,-0.061523,1.054688,1.458015,2.885496,-1.0,1.057394,3.384065,2309,3909,1600,2309,0,100.0,1,load
1780605243.3933508,32.54101980000269,32686,0.061523,-0.034668,1.062256,1.618321,3.541985,-0.061069,1.064601,3.894656,2311,3913,1602,2311,0,107.914,1,load
1780605243.4232879,32.570957000003546,32717,0.039551,-0.048096,1.047363,1.236641,3.40458,-1.839695,1.049213,4.062625,2312,3916,1604,2312,1,107.914,17,load
1780605243.4544048,32.60207390000869,32748,0.012451,-0.020752,1.057373,0.931298,2.755725,-0.679389,1.05765,2.987123,2317,3923,1606,2317,0,107.914,1,load
1780605243.4860861,32.63375510000333,32779,0.036865,-0.029297,1.052246,0.503817,2.503817,-0.992366,1.053299,2.740022,2319,3927,1608,2319,0,107.914,0,load
1780605243.5173366,32.665005600007134,32810,0.038086,-0.046631,1.042725,1.91603,3.244275,-0.984733,1.044461,3.894379,2325,3935,1610,2325,0,107.914,5,load
1780605243.5489302,32.69659920000413,32842,0.03833,-0.025146,1.060547,0.206107,3.114504,-0.625954,1.061537,3.183463,2329,3941,1612,2329,0,107.914,0,load
1780605243.580625,32.72829410000122,32873,0.05957,-0.050781,1.060303,1.312977,3.198473,-1.526718,1.063188,3.779551,2331,3946,1615,2331,1,107.914,14,load
1780605243.6113586,32.759027799998876,32904,0.030518,-0.030273,1.051514,0.732824,2.801527,-1.061069,1.052392,3.084064,2333,3949,1616,2333,0,107.914,6,load
1780605243.6433094,32.79097840000759,32935,0.037354,-0.04126,1.044434,1.236641,3.648855,-1.618321,1.045916,4.178802,2335,3953,1618,2335,0,107.914,0,load
1780605243.6734583,32.821127500006696,32966,0.04541,-0.009766,1.041748,2.160305,3.465649,-0.709924,1.042783,4.145074,2339,3959,1620,2339,0,100.0,6,load
1780605243.704396,32.85206499999913,32997,0.047119,0.020996,1.060059,0.725191,3.541985,-0.091603,1.061313,3.616621,2343,3965,1622,2343,0,100.0,1,load
1780605243.7359028,32.883571800004574,33028,0.05249,-0.011719,1.056641,1.625954,2.305344,-0.725191,1.058008,2.912772,2345,3972,1627,2345,1,100.0,14,load
1780605243.765788,32.913457200003904,33059,0.053955,-0.021729,1.076172,2.343511,2.801527,-0.931298,1.077743,3.769338,2350,3979,1629,2350,0,100.0,0,load
1780605243.7969477,32.944616799999494,33090,0.043945,-0.040283,1.059326,1.076336,2.435115,-0.610687,1.061002,2.731524,2351,3981,1630,2351,0,100.0,5,load
1780605243.8279417,32.97561069999938,33121,0.036133,-0.054443,1.040772,1.366412,3.496183,-2.709924,1.042821,4.629694,2354,3986,1632,2354,1,100.0,14,load
1780605243.8587646,33.00643370000762,33152,0.036865,-0.032227,1.06958,1.305344,3.427481,-2.70229,1.0707,4.555647,2359,3993,1634,2359,0,100.0,0,load
1780605243.8888793,33.03654830000596,33182,0.043213,-0.01709,1.046387,0.366412,3.175573,-0.969466,1.047418,3.340417,2363,3999,1636,2363,0,100.0,1,load
1780605243.920176,33.06784509999852,33213,0.049805,-0.031494,1.042969,2.541985,3.305344,-2.022901,1.044632,4.634556,2367,4005,1638,2367,0,100.0,5,load
1780605243.951953,33.09962190000806,33245,0.042969,-0.013428,1.054443,1.167939,3.160305,-0.70229,1.055404,3.441631,2371,4011,1640,2371,0,114.695,0,load
1780605243.983465,33.131133999995654,33277,0.049805,-0.048828,1.049561,1.618321,3.221374,-1.412214,1.051876,3.871764,2372,4014,1642,2372,1,114.695,17,load
1780605244.0139968,33.16166589999921,33308,0.035156,-0.003174,1.056152,2.526718,3.137405,-1.0,1.056742,4.150616,2375,4019,1644,2375,0,114.695,1,load
1780605244.0448346,33.192503600002965,33338,0.044434,-0.029541,1.060791,1.122137,2.351145,-1.007634,1.062132,2.793278,2377,4023,1646,2377,0,114.695,0,load
1780605244.075486,33.22315499999968,33369,0.049561,-0.006104,1.038574,2.557252,3.862595,-1.717557,1.039774,4.940565,2381,4029,1648,2381,0,114.695,6,load
1780605244.107191,33.25486020000244,33400,0.056885,-0.050293,1.064453,0.916031,2.648855,-0.824427,1.067158,2.921511,2385,4035,1650,2385,0,114.695,1,load
1780605244.1389217,33.286590899995645,33431,0.051514,-0.054932,1.058838,1.51145,2.343511,-0.244275,1.061512,2.799321,2387,4040,1653,2387,1,114.695,14,load
1780605244.170579,33.31824799999595,33463,0.030273,-0.05542,1.049072,3.564885,3.961832,-1.045802,1.050971,5.431227,2390,4045,1655,2390,0,114.695,0,load
1780605244.2018304,33.34949940000661,33495,0.060059,-0.041992,1.059814,0.587786,2.122137,-0.358779,1.062345,2.231072,2392,4049,1657,2392,0,84.0,0,load
1780605244.2326865,33.38035550000495,33526,0.044189,-0.014404,1.039795,2.748092,3.770992,-0.603053,1.040833,4.704898,2395,4054,1659,2395,1,84.0,13,load
1780605244.2634258,33.411095000003115,33557,0.024658,-0.022705,1.051758,0.526718,3.0,-0.59542,1.052292,3.103539,2401,4063,1662,2401,0,84.0,1,load
1780605244.2938473,33.441516300008516,33587,0.047607,-0.030518,1.050049,1.458015,3.374046,-1.022901,1.05157,3.815274,2403,4067,1664,2403,0,84.0,0,load
1780605244.3255618,33.47323079999478,33618,0.04248,-0.021484,1.046387,2.580153,3.969466,-1.068702,1.047469,4.85345,2407,4073,1666,2407,0,84.0,6,load
1780605244.3616502,33.50931930000661,33654,0.043457,-0.008057,1.051514,0.832061,2.519084,-1.175572,1.052442,2.901738,2409,4077,1668,2409,0,84.0,1,load
1780605244.3906307,33.53829969999788,33685,0.057861,-0.009033,1.033447,2.687023,3.916031,-1.152672,1.035105,4.88713,2412,4083,1671,2412,0,84.0,6,load
1780605244.4219124,33.56958160000795,33715,0.036377,-0.035645,1.058838,1.656489,3.312977,-0.442748,1.060062,3.730388,2416,4089,1673,2416,0,84.0,1,load
1780605244.4532423,33.600911300003645,33746,0.04248,-0.025391,1.048096,2.274809,2.396947,-0.335878,1.049264,3.321584,2418,4096,1678,2418,1,103.586,14,load
1780605244.4853477,33.633016799998586,33778,0.023193,-0.019043,1.068359,1.763359,2.832061,-1.320611,1.068781,3.588038,2423,4103,1680,2423,0,103.586,1,load
1780605244.5168498,33.66451889999735,33810,0.061279,-0.057373,1.06665,1.839695,2.603053,-0.732824,1.069949,3.270687,2424,4105,1681,2424,0,103.586,5,load
1780605244.5482209,33.69589000000269,33841,0.06665,0.008301,1.040772,2.671756,3.824427,-1.015267,1.042936,4.774441,2428,4111,1683,2428,0,103.586,6,load
1780605244.578766,33.726435300006415,33872,0.066895,-0.016113,1.049561,0.969466,3.89313,-0.236641,1.051814,4.018996,2432,4117,1685,2432,0,103.586,0,load
1780605244.6104126,33.75808159999724,33903,0.037598,-0.027832,1.056396,1.473282,1.648855,-0.419847,1.057432,2.250679,2435,4124,1689,2435,1,103.586,2,load
1780605244.6416242,33.789293399997405,33935,0.050537,-0.029297,1.043701,2.70229,3.290076,-1.580153,1.045335,4.54135,2440,4131,1691,2440,0,103.586,1,load
1780605244.6729314,33.820600599996396,33966,0.060059,-0.040527,1.049805,1.503817,3.977099,-0.274809,1.052302,4.260786,2442,4135,1693,2442,0,103.586,0,load
1780605244.7038617,33.851530900006765,33997,0.07959,-0.033447,1.017334,1.167939,4.396946,-1.374046,1.02099,4.752392,2444,4138,1694,2444,1,103.586,17,load
1780605244.735557,33.88322610000614,34028,0.044678,-0.024902,1.041992,1.587786,3.954198,-0.778626,1.043247,4.331629,2449,4145,1696,2449,0,103.586,0,load
1780605244.7683527,33.916021900004125,34060,0.095215,-0.062256,1.026856,0.70229,3.938931,-0.48855,1.033138,4.030766,2451,4149,1698,2451,0,103.586,0,load
1780605244.7988229,33.94649200000276,34091,0.046143,-0.036621,1.054443,2.580153,3.358779,-0.305344,1.056088,4.246389,2455,4155,1700,2455,0,103.586,5,load
1780605244.830089,33.97775810000894,34123,0.065186,-0.019531,1.068848,0.839695,3.137405,-1.412214,1.071012,3.541574,2459,4161,1702,2459,0,103.586,1,load
1780605244.861514,34.00918320000346,34154,0.032227,-0.013184,1.054443,2.320611,2.725191,-0.51145,1.055018,3.615727,2460,4164,1704,2460,1,103.586,18,load
1780605244.8935573,34.041226500004996,34186,0.055176,-0.027588,1.077637,2.519084,2.618321,-0.656489,1.079401,3.692203,2463,4169,1706,2463,0,103.586,0,load
1780605244.924535,34.07220409999718,34217,0.0354,-0.037109,1.061768,1.053435,2.801527,-1.129771,1.063005,3.199166,2465,4173,1708,2465,0,103.586,0,load
1780605244.955495,34.10316430000239,34248,0.050049,-0.020752,1.043213,2.458015,3.358779,-0.229008,1.044619,4.168414,2467,4180,1713,2467,1,91.633,15,load
1780605244.9860804,34.13374950000434,34279,0.037109,-0.060547,1.065918,2.091603,1.320611,-0.992366,1.068281,2.665259,2471,4185,1714,2471,0,91.633,6,load
1780605245.0173519,34.16502100000798,34310,0.031738,-0.0271,1.062012,0.656489,2.274809,-0.816794,1.062831,2.504573,2475,4191,1716,2475,0,91.633,0,load
1780605245.0479968,34.195665799998096,34341,0.060791,-0.033447,1.05835,1.091603,3.748092,-0.717557,1.060622,3.969216,2477,4195,1718,2477,0,91.633,0,load
1780605245.0801597,34.227828700008104,34372,0.037354,-0.030029,1.065186,0.908397,1.671756,-0.51145,1.066263,1.970161,2478,4198,1720,2478,1,91.633,20,load
1780605245.1114376,34.25910660000227,34404,0.031494,-0.02002,1.031006,1.770992,3.40458,-1.656489,1.031681,4.179896,2482,4203,1721,2482,0,91.633,7,load
1780605245.1493845,34.29705360000662,34435,0.069092,-0.006592,1.030762,2.603053,4.015268,-0.549618,1.033096,4.816673,2488,4211,1723,2488,0,91.633,0,load
1780605245.174054,34.32172310000169,34466,0.071045,-0.044678,1.042236,1.610687,3.923664,-0.717557,1.04561,4.301667,2489,4213,1724,2489,0,91.633,7,load
1780605245.2037983,34.35146740000346,34497,0.016113,-0.014893,1.06958,1.633588,2.038168,-1.320611,1.069805,2.926901,2490,4215,1725,2490,0,91.633,7,load
1780605245.2352386,34.38290759999654,34528,0.047607,0.01001,1.070068,1.732824,2.908397,-0.022901,1.071174,3.385554,2491,4217,1726,2491,0,85.714,7,load
1780605245.265832,34.413501000002725,34559,0.060059,-0.046631,1.049805,3.19084,3.282443,-2.343511,1.052555,5.142756,2492,4219,1727,2492,0,85.714,8,load
1780605245.2977817,34.44545080000535,34590,0.04834,-0.077148,1.044678,1.312977,2.816794,-1.366412,1.048637,3.394896,2493,4221,1728,2493,0,85.714,8,load
1780605245.327997,34.475665999998455,34621,0.067139,-0.014648,1.067871,1.21374,3.236641,0.137405,1.07008,3.459464,2496,4225,1729,2496,0,85.714,8,load
1780605245.359953,34.50762210000539,34652,0.040771,-0.093018,1.049072,0.526718,3.10687,-0.526718,1.053977,3.194919,2497,4227,1730,2497,0,85.714,9,load
1780605245.3907087,34.53837769999518,34684,0.035156,-0.015137,1.052734,1.351145,3.687023,-2.114504,1.05343,4.459916,2497,4228,1731,2497,1,85.714,29,load
1780605245.4227445,34.570413599998574,34715,0.032227,-0.143555,1.060791,-0.793893,2.206107,-1.053435,1.070945,2.570389,2498,4229,1731,2498,0,85.714,16,load
1780605245.4540832,34.60175220000383,34747,0.022949,0.009033,1.057373,0.167939,2.992366,-1.366412,1.057661,3.293864,2499,4231,1732,2499,0,85.714,5,load
1780605245.4858263,34.63349530000414,34778,0.033203,-0.193848,1.05127,2.671756,3.007634,-1.664122,1.069508,4.353555,2500,4233,1733,2500,0,36.0,10,load
1780605245.5158787,34.663547699994524,34809,0.059814,0.19165,1.066162,1.160305,3.557252,-0.717557,1.084901,3.809887,2500,4234,1734,2500,1,36.0,34,load
1780605245.5468612,34.69453029999568,34840,0.054688,-0.185547,1.04834,-0.167939,2.664122,-0.931298,1.066037,2.827201,2501,4235,1734,2501,0,36.0,11,load
1780605245.5778966,34.72556570000597,34871,0.04541,0.15918,1.05542,2.435115,3.312977,-1.030534,1.068322,4.23882,2502,4237,1735,2502,0,36.0,10,load
1780605245.6087267,34.75639589999628,34902,0.04541,-0.233398,1.045654,2.664122,2.465649,-1.221374,1.072348,3.829977,2502,4238,1736,2502,1,36.0,33,load
1780605245.6399443,34.78761349999695,34933,0.079102,0.192139,1.062012,1.801527,3.48855,-0.145038,1.082148,3.928933,2503,4239,1736,2503,0,36.0,17,load
1780605245.6710796,34.81874879999668,34964,0.038574,-0.23877,1.044678,0.923664,3.099237,-1.839695,1.072311,3.720605,2504,4241,1737,2504,0,36.0,7,load
1780605245.7026803,34.850349500004086,34995,0.056641,0.170166,1.058106,2.236641,2.358779,-0.885496,1.073197,3.369051,2505,4243,1738,2505,0,36.0,11,load
1780605245.734598,34.88226690000738,35026,0.040283,-0.233887,1.033447,1.358779,2.78626,-0.862595,1.060348,3.2177,2505,4244,1739,2505,1,36.0,33,load
1780605245.76525,34.912919099995634,35057,0.035156,0.098633,1.066406,2.931298,2.793893,-0.839695,1.071535,4.13563,2506,4245,1739,2506,0,21.505,11,load
1780605245.796393,34.94406199999503,35089,0.037354,0.133789,1.048828,3.923664,3.21374,-0.908397,1.057986,5.152519,2507,4247,1740,2507,0,21.505,10,load
1780605245.8286867,34.97635569999693,35120,0.031982,-0.253174,1.055664,0.21374,2.725191,-0.503817,1.086069,2.779601,2507,4248,1741,2507,1,21.505,33,load
1780605245.8574638,35.00513299999875,35151,0.055908,0.165771,1.060791,0.137405,3.114504,0.0,1.07512,3.117534,2508,4249,1741,2508,0,21.505,17,load
1780605245.8902144,35.037883500001044,35182,0.04541,0.17749,1.064697,3.396947,3.435115,-1.030534,1.080345,4.939763,2509,4251,1742,2509,0,21.505,6,load
1780605245.9198449,35.067513900008635,35213,0.041504,-0.049561,1.047119,2.412214,2.473282,-1.374046,1.049113,3.718051,2510,4253,1743,2510,0,21.505,10,load
1780605245.9508467,35.098515699995914,35244,0.058594,-0.222412,1.054199,0.648855,3.473282,-0.480916,1.078998,3.565948,2510,4254,1744,2510,1,21.505,32,load
1780605245.9820764,35.12974550000217,35275,0.048096,0.106689,1.062012,0.198473,3.381679,-1.068702,1.06844,3.55208,2511,4255,1744,2511,0,21.505,14,load
1780605246.013157,35.16082600000664,35306,0.059814,0.17627,1.06665,3.847328,3.312977,-0.916031,1.08277,5.159154,2512,4257,1745,2512,0,21.505,9,load
1780605246.0456574,35.193326499997056,35338,0.071533,0.152344,1.063721,3.580153,2.519084,-0.877863,1.076953,4.464742,2513,4259,1746,2513,0,24.911,10,load
1780605246.0768573,35.22452630000771,35369,0.015381,-0.188477,1.036377,0.022901,3.198473,-0.977099,1.053488,3.34447,2513,4260,1747,2513,1,24.911,33,load
1780605246.1107109,35.258379999999306,35400,0.056885,0.219238,1.056396,3.351145,2.977099,0.145038,1.080405,4.4849,2514,4261,1747,2514,0,24.911,11,load
1780605246.1386473,35.2863165000017,35431,0.032471,-0.076172,1.04541,0.229008,3.251908,-1.725191,1.048684,3.688311,2515,4263,1748,2515,0,24.911,10,load
1780605246.168781,35.31645019999996,35462,0.038086,-0.237549,1.05127,-0.877863,3.435115,-1.748092,1.078447,3.953034,2515,4264,1749,2515,1,24.911,35,load
1780605246.1994767,35.347145899999305,35493,0.040771,-0.27417,1.047363,-1.267176,3.160305,-1.221374,1.083421,3.617322,2516,4265,1749,2516,0,24.911,12,load
1780605246.2306597,35.37832889999845,35524,0.058838,-0.241943,1.025391,3.328244,2.664122,-1.366412,1.055189,4.476811,2517,4267,1750,2517,0,24.911,10,load
1780605246.2632062,35.41087540000444,35555,0.020508,0.015869,1.06665,-0.122137,2.564885,-0.549618,1.066965,2.625954,2517,4268,1751,2517,1,24.911,34,load
1780605246.294008,35.441677199996775,35587,0.040527,-0.022461,1.068115,0.274809,2.251908,-1.167939,1.06912,2.551606,2518,4269,1751,2518,0,24.911,16,load
1780605246.3255687,35.473237800004426,35619,0.059082,0.006104,1.067871,0.778626,2.778626,-0.641221,1.069522,2.956042,2519,4271,1752,2519,0,21.352,3,load
1780605246.3571858,35.5048550000065,35650,0.039551,-0.050049,1.060547,2.557252,3.694656,-1.137405,1.062464,4.635052,2520,4273,1753,2520,0,21.352,7,load
1780605246.3898592,35.53752820000227,35682,0.036133,-0.036133,1.045654,0.839695,2.244275,-0.374046,1.046902,2.425236,2522,4277,1755,2522,0,21.352,0,load
1780605246.4219427,35.569611700004316,35713,0.032227,-0.023926,1.050781,2.564885,3.236641,-1.045802,1.051548,4.260068,2524,4282,1758,2524,1,21.352,16,load
1780605246.4535747,35.60124380000343,35745,0.05542,-0.027588,1.062988,0.519084,2.656489,-0.618321,1.064789,2.776455,2528,4287,1759,2528,0,21.352,6,load
1780605246.4828238,35.63049300000421,35776,0.018555,0.022461,1.05542,0.0,2.580153,-0.839695,1.055822,2.713351,2532,4293,1761,2532,0,21.352,0,load
1780605246.5139651,35.66163420000521,35806,0.046875,-0.049072,1.044434,2.29771,2.473282,-1.282443,1.046636,3.611268,2534,4298,1764,2534,1,21.352,14,load
1780605246.5455294,35.69319839999662,35837,0.040039,-0.044922,1.040039,2.145038,3.305344,-1.374046,1.041778,4.173067,2538,4303,1765,2538,0,21.352,6,load
1780605246.5761914,35.72386060000281,35868,0.078857,-0.020752,1.054932,0.603053,3.381679,0.045802,1.058078,3.435335,2540,4307,1767,2540,0,21.352,0,load
1780605246.6068866,35.75455559999682,35899,0.034668,-0.046631,1.065674,1.068702,2.877863,-1.175572,1.067257,3.287277,2542,4312,1770,2542,1,82.143,13,load
1780605246.637067,35.78473610000219,35930,0.034912,-0.002197,1.074463,0.717557,2.236641,-0.954198,1.075032,2.53534,2547,4319,1772,2547,0,82.143,1,load
1780605246.6683397,35.81600869999966,35961,0.04834,-0.031982,1.062256,1.053435,2.938931,-1.534351,1.063836,3.478689,2550,4325,1775,2550,0,82.143,1,load
1780605246.6999233,35.84759230000782,35992,0.050049,-0.018311,1.034424,2.618321,3.572519,-0.740458,1.035796,4.490743,2553,4331,1778,2553,0,82.143,5,load
1780605246.7296517,35.87732080000569,36023,0.031982,0.000977,1.056396,0.534351,2.992366,-0.419847,1.056881,3.06856,2557,4337,1780,2557,0,82.143,1,load
1780605246.761085,35.908754200005205,36054,0.031494,-0.003662,1.053711,2.396947,2.51145,-0.954198,1.054188,3.600449,2559,4342,1783,2559,1,82.143,13,load
1780605246.7917578,35.9394270000048,36085,0.041748,0.002441,1.072266,2.412214,2.709924,-0.618321,1.073081,3.680324,2564,4349,1785,2564,0,82.143,1,load
1780605246.8228917,35.9705607000069,36116,0.036377,-0.034912,1.060303,1.251908,2.816794,-0.824427,1.061501,3.190812,2566,4353,1787,2566,0,82.143,0,load
1780605246.8543813,36.00205029999779,36147,0.054199,0.002441,1.036377,2.992366,4.389313,-1.038168,1.037796,5.412773,2571,4361,1790,2571,0,82.143,5,load
1780605246.8857553,36.03342429999611,36178,0.061035,-0.032471,1.074219,1.381679,2.946565,-0.48855,1.076441,3.290891,2575,4367,1792,2575,0,118.28,1,load
1780605246.9171214,36.064790600008564,36210,0.027344,-0.002686,1.045898,2.541985,2.725191,-0.694656,1.046259,3.790897,2577,4372,1795,2577,1,118.28,14,load
1780605246.9483082,36.09597740000754,36241,0.057129,-0.01001,1.063965,1.748092,2.641221,-0.564886,1.065544,3.217292,2581,4377,1796,2581,0,118.28,5,load
1780605246.9797254,36.127394499999355,36272,0.057129,-0.041992,1.059082,1.389313,2.198473,-0.900763,1.061453,2.752244,2583,4381,1798,2583,0,118.28,0,load
1780605247.0109825,36.158651500009,36303,0.05249,-0.020752,1.037842,2.671756,4.0229,-1.129771,1.039376,4.959676,2587,4387,1800,2587,0,118.28,5,load
1780605247.0404575,36.18812659999821,36335,0.052002,0.007324,1.063477,1.221374,3.29771,-0.129771,1.064772,3.519018,2591,4393,1802,2591,0,118.28,1,load
1780605247.0733037,36.22097280000162,36365,0.051514,-0.020508,1.05835,2.312977,2.885496,-0.557252,1.059801,3.73985,2593,4400,1807,2593,1,118.28,14,load
1780605247.1050272,36.252696199997445,36397,0.034424,-0.020752,1.062988,2.48855,2.78626,-0.717557,1.063748,3.804078,2598,4407,1809,2598,0,118.28,1,load
1780605247.1351502,36.2828193000023,36428,0.04834,-0.023193,1.059326,1.374046,2.816794,-0.564886,1.060682,3.18456,2599,4409,1810,2599,0,96.0,6,load
1780605247.1655748,36.31324390000373,36459,0.052002,-0.005127,1.037842,2.603053,3.458015,-1.129771,1.039156,4.47327,2602,4413,1811,2602,0,96.0,5,load
1780605247.19686,36.34452919999603,36490,0.05249,-0.017334,1.054199,0.748092,2.916031,-0.343511,1.055648,3.029996,2604,4417,1813,2604,0,96.0,0,load
1780605247.2283192,36.3759882000013,36521,0.038086,-0.032227,1.047363,2.335878,2.793893,-0.709924,1.048551,3.710277,2606,4422,1816,2606,1,96.0,14,load
1780605247.2593176,36.40698660000635,36552,0.025879,-0.032715,1.05127,2.244275,2.770992,-0.70229,1.052097,3.634333,2612,4431,1819,2612,0,96.0,0,load
1780605247.2903266,36.43799570000556,36583,0.041748,-0.032471,1.049316,1.564886,2.419847,-0.435114,1.050648,2.914421,2614,4435,1821,2614,0,96.0,0,load
1780605247.321642,36.46931110000878,36614,0.035645,-0.051514,1.041992,2.045802,3.78626,-1.114504,1.043873,4.44558,2617,4440,1823,2617,1,96.0,14,load
1780605247.3522322,36.49990140000591,36645,0.024414,-0.033447,1.067139,0.442748,2.763359,-0.641221,1.067942,2.871122,2619,4443,1824,2619,0,96.0,6,load
1780605247.383654,36.53132330000517,36676,0.039307,-0.074219,1.043945,1.580153,2.450382,-1.015267,1.047318,3.087397,2621,4448,1827,2621,1,96.0,14,load
1780605247.4137454,36.561414499999955,36707,0.027832,-0.045654,1.046143,1.877863,3.19084,-0.969466,1.047508,3.82723,2626,4455,1829,2626,0,96.774,1,load
1780605247.445995,36.59366420000151,36738,0.042969,-0.023193,1.047363,0.427481,2.732824,-0.610687,1.048501,2.832668,2630,4461,1831,2630,0,96.774,0,load
1780605247.476003,36.62367190000077,36769,0.059082,-0.046875,1.061279,1.648855,3.450382,-1.099237,1.063956,3.978967,2633,4468,1835,2633,1,96.774,14,load
1780605247.507171,36.65484000000288,36800,0.045654,-0.026855,1.066894,1.122137,2.40458,-0.839695,1.068208,2.783215,2638,4475,1837,2638,0,96.774,0,load
1780605247.5383606,36.68602969999483,36831,0.022705,-0.04126,1.052002,1.167939,2.770992,-1.381679,1.053056,3.309308,2639,4477,1838,2639,0,96.774,6,load
1780605247.5693173,36.716986300001736,36862,0.045654,-0.015381,1.040283,2.610687,4.007634,-0.755725,1.041398,4.842307,2643,4483,1840,2643,0,96.774,6,load
1780605247.6005085,36.748177600005874,36893,0.069092,-0.019287,1.057373,0.946565,3.564885,0.030534,1.059804,3.68854,2647,4489,1842,2647,0,96.774,0,load
1780605247.631722,36.77939110000443,36924,0.068604,-0.047119,1.060059,1.984733,2.633588,-0.732824,1.063321,3.378162,2650,4496,1846,2650,1,96.774,2,load
1780605247.6620643,36.80973350000568,36955,0.043213,-0.005859,1.06543,1.770992,2.244275,-0.900763,1.066322,2.997425,2655,4503,1848,2655,0,96.774,0,load
1780605247.6929617,36.84063069999684,36986,0.036865,-0.043213,1.07251,1.419847,2.519084,-1.122137,1.074013,3.101764,2657,4507,1850,2657,0,111.111,1,load
1780605247.7240765,36.871745600001304,37017,0.074707,-0.01416,1.037842,2.641221,3.961832,-0.954198,1.040623,4.856198,2661,4513,1852,2661,0,111.111,6,load
1780605247.7549767,36.902645800000755,37048,0.078613,-0.000488,1.061035,0.854962,3.061069,-0.40458,1.063944,3.20387,2662,4515,1853,2662,0,111.111,5,load
1780605247.786596,36.93426510000427,37079,0.033691,-0.021729,1.04541,2.251908,2.801527,-0.954198,1.046179,3.71889,2664,4520,1856,2664,1,111.111,13,load
1780605247.818996,36.96666510000068,37111,0.054688,-0.027588,1.052734,2.160305,2.954198,-0.70229,1.054515,3.726583,2669,4527,1858,2669,0,111.111,1,load
1780605247.8500896,36.99775860000227,37143,0.027344,-0.031982,1.059082,1.557252,2.618321,-1.122137,1.059918,3.24651,2673,4533,1860,2673,0,111.111,0,load
1780605247.8812976,37.028966600002605,37174,0.064453,-0.01123,1.033447,2.679389,4.045802,-0.381679,1.035516,4.867578,2677,4539,1862,2677,0,111.111,5,load
1780605247.9123168,37.05998580000596,37205,0.066895,0.01709,1.071777,0.70229,3.526718,-0.519084,1.073999,3.633235,2680,4543,1863,2680,0,111.111,6,load
1780605247.9430149,37.090683999995235,37236,0.040039,-0.028809,1.050293,2.366412,3.29771,-0.587786,1.051451,4.101255,2682,4548,1866,2682,1,100.0,13,load
1780605247.9749448,37.12261380000564,37267,0.039062,-0.020264,1.056152,1.664122,3.366412,-0.335878,1.057069,3.770258,2687,4555,1868,2687,0,100.0,1,load
1780605248.0074549,37.15512399999716,37299,0.051758,-0.05127,1.067139,1.335878,2.694656,-0.778626,1.069622,3.106767,2690,4561,1871,2690,0,100.0,1,load
1780605248.03808,37.18574909999734,37331,0.056641,-0.023438,1.034668,2.229008,4.42748,-0.679389,1.036482,5.003262,2694,4567,1873,2694,0,100.0,5,load
1780605248.0693412,37.21701029999531,37362,0.063232,-0.010498,1.070068,1.114504,3.091603,-0.450382,1.071986,3.317073,2698,4573,1875,2698,0,100.0,1,load
1780605248.0998812,37.24755020000157,37393,0.050293,-0.013184,1.056885,3.076336,3.19084,-0.541985,1.058163,4.465316,2699,4576,1877,2699,1,100.0,17,load
1780605248.1311321,37.27880119999463,37424,0.058594,-0.035645,1.052978,2.236641,2.824427,-0.687023,1.05521,3.66769,2703,4581,1878,2703,0,100.0,0,load
1780605248.1639168,37.31158599999617,37455,0.042236,-0.04248,1.050781,0.992366,2.534351,-0.687023,1.052487,2.807085,2705,4585,1880,2705,0,100.0,1,load
1780605248.1932902,37.34095939999679,37486,0.045654,-0.00708,1.037109,2.259542,3.877863,-1.068702,1.038138,4.613618,2709,4592,1883,2709,1,108.0,2,load
1780605248.2254703,37.37313930000528,37517,0.039307,-0.037598,1.075439,0.152672,2.167939,-1.08397,1.076814,2.428633,2714,4599,1885,2714,0,108.0,1,load
1780605248.25627,37.40393909999693,37548,0.058838,-0.072266,1.044434,0.984733,2.641221,-1.366412,1.048583,3.132544,2716,4604,1888,2716,1,108.0,14,load
1780605248.2861655,37.43383449999965,37579,0.015625,-0.031738,1.055908,2.099237,3.40458,-0.862595,1.056501,4.091703,2721,4611,1890,2721,0,108.0,0,load
1780605248.3175116,37.46518070000457,37610,0.030762,-0.024902,1.050537,0.160305,2.725191,-0.992366,1.051282,2.904678,2722,4613,1891,2722,0,108.0,6,load
1780605248.348832,37.49650090000068,37641,0.05957,-0.066895,1.049561,1.366412,3.251908,-0.885496,1.053376,3.63677,2724,4618,1894,2724,1,108.0,13,load
1780605248.3784232,37.526092200001585,37672,0.042969,-0.005615,1.070068,1.160305,2.671756,-0.549618,1.070945,2.964232,2729,4625,1896,2729,0,108.0,0,load
1780605248.4101803,37.5578494000074,37703,0.026367,-0.033936,1.046875,1.465649,2.458015,-0.885496,1.047757,2.995675,2733,4631,1898,2733,0,108.0,0,load
1780605248.441068,37.58873699999822,37734,0.048096,-0.015625,1.048828,2.526718,2.717557,-1.549618,1.050047,4.021286,2737,4637,1900,2737,0,108.0,6,load
1780605248.472929,37.62059800000861,37765,0.036621,-0.011719,1.057861,0.824427,3.305344,-0.282443,1.05856,3.418296,2740,4641,1901,2740,0,111.111,6,load
1780605248.5041518,37.65182100000675,37797,0.03418,-0.00415,1.044434,1.633588,2.801527,-1.076336,1.045001,3.416966,2742,4646,1904,2742,1,111.111,13,load
1780605248.5356221,37.683291099994676,37828,0.056396,-0.02124,1.054688,2.358779,2.748092,-0.427481,1.056408,3.646722,2747,4653,1906,2747,0,111.111,1,load
1780605248.5661242,37.71379320000415,37859,0.054688,-0.028564,1.053955,1.167939,3.244275,-0.473282,1.055759,3.480431,2749,4657,1908,2749,1,111.111,0,load
1780605248.5980153,37.74568449999788,37890,0.019287,-0.04541,1.053711,1.793893,2.862595,-1.480916,1.054865,3.688579,2754,4664,1910,2754,1,111.111,13,load
1780605248.6296687,37.77733769999759,37921,0.018555,-0.037598,1.066162,0.755725,2.503817,-0.755725,1.066986,2.722378,2759,4671,1912,2759,0,111.111,0,load
1780605248.660926,37.80859519999649,37953,0.084717,-0.058594,1.037842,1.381679,3.320611,-0.175573,1.042941,3.600878,2760,4674,1914,2760,1,111.111,18,load
1780605248.692415,37.84008399999584,37985,0.060059,-0.026123,1.049805,2.755725,3.29771,-0.59542,1.051846,4.338598,2766,4681,1915,2766,0,111.111,1,load
1780605248.7245495,37.87221860000864,38016,0.076172,-0.002197,1.061035,1.435114,3.51145,0.412214,1.063768,3.815725,2768,4685,1917,2768,0,111.554,0,load
1780605248.7553797,37.90304869999818,38047,0.047119,-0.018311,1.066894,2.435115,2.541985,-1.030534,1.068092,3.667898,2770,4692,1922,2770,1,111.554,14,load
1780605248.7872658,37.93493479999597,38079,0.029053,-0.041016,1.075439,2.290076,1.870229,-1.541985,1.076613,3.334655,2774,4697,1923,2774,0,111.554,5,load
1780605248.8172376,37.96490659999836,38110,0.05835,-0.019531,1.048096,1.374046,3.59542,-0.625954,1.0499,3.899598,2776,4701,1925,2776,0,111.554,1,load
1780605248.8479958,37.995664900008705,38141,0.045166,-0.008545,1.045166,1.312977,3.236641,-0.015267,1.046176,3.492848,2778,4706,1928,2778,1,111.554,14,load
1780605248.8783681,38.026037200004794,38171,0.02832,-0.026855,1.059326,2.381679,3.007634,-0.603053,1.060045,3.883546,2783,4713,1930,2783,0,111.554,6,load
1780605248.908517,38.056185900000855,38202,0.083496,-0.027344,1.054443,2.78626,4.70229,-0.396947,1.058097,5.480177,2784,4715,1931,2784,0,111.554,6,load
1780605248.940369,38.08803800000169,38233,0.012695,-0.037109,1.05542,1.335878,2.236641,-1.969466,1.056148,3.265874,2786,4719,1933,2786,0,111.554,0,load
1780605248.9714916,38.11916070000734,38264,0.017334,-0.025391,1.035156,2.419847,2.694656,-3.038168,1.035613,4.727293,2788,4722,1934,2788,1,111.554,16,load
1780605249.0033853,38.15105450000556,38296,0.04248,-0.017578,1.067871,2.625954,3.137405,-0.923664,1.06886,4.194294,2790,4725,1935,2790,0,78.571,5,load
1780605249.0344195,38.18208850000519,38327,0.061279,-0.031006,1.050781,1.78626,3.503817,-0.045802,1.053023,3.933135,2791,4727,1936,2791,0,78.571,5,load
1780605249.0658355,38.213504600003944,38358,0.050293,-0.044434,1.05249,0.938931,3.061069,0.068702,1.054628,3.20257,2792,4729,1937,2792,0,78.571,3,load
1780605249.0969846,38.24465370000689,38389,0.03833,-0.008789,1.062256,1.458015,2.946565,-0.526718,1.062984,3.329487,2794,4732,1938,2794,1,78.571,17,load
1780605249.127735,38.27540389999922,38420,0.040771,-0.046875,1.045654,1.763359,2.618321,-1.358779,1.047498,3.43676,2796,4735,1939,2796,0,78.571,6,load
1780605249.1589885,38.30665749999753,38451,0.064697,-0.031006,1.061768,1.320611,2.473282,0.122137,1.064189,2.806431,2797,4737,1940,2797,0,78.571,6,load
1780605249.1889243,38.33659340000304,38482,0.068359,0.029297,1.0625,0.40458,2.229008,-0.29771,1.0651,2.284905,2798,4739,1941,2798,0,78.571,6,load
1780605249.220184,38.3678532000049,38513,0.032715,-0.039307,1.049072,0.938931,1.870229,-0.877863,1.050318,2.269359,2799,4741,1942,2799,0,78.571,6,load
1780605249.251701,38.3993702000007,38544,0.058838,-0.044434,1.047852,0.984733,2.29771,0.305344,1.050442,2.518413,2800,4743,1943,2800,0,78.571,4,load
1780605249.2834692,38.43113820000144,38575,0.050781,-0.044434,1.043213,0.320611,3.19084,-0.625954,1.045393,3.267425,2801,4745,1944,2801,0,39.427,3,load
1780605249.3148572,38.462526300005266,38607,0.053955,-0.070312,1.075439,1.610687,2.633588,-1.664122,1.079085,3.50705,2803,4748,1945,2803,1,39.427,21,load
1780605249.3458652,38.4935342999961,38638,0.023438,-0.023193,1.062744,2.603053,2.954198,-1.335878,1.063256,4.157853,2804,4750,1946,2804,1,39.427,19,load
1780605249.3769286,38.52459770000132,38669,0.074707,-0.04248,1.049805,2.931298,3.709924,-1.221374,1.053316,4.88342,2805,4752,1947,2805,1,39.427,16,load
1780605249.4071689,38.55483789999562,38700,0.032959,-0.052734,1.042725,1.824428,3.244275,-1.022901,1.044577,3.860075,2807,4755,1948,2807,0,39.427,6,load
1780605249.4386683,38.586337300002924,38731,0.036377,-0.011963,1.063965,1.251908,2.961832,-0.770992,1.064654,3.306683,2808,4757,1949,2808,0,39.427,6,load
1780605249.4674845,38.61515359999612,38762,0.03418,-0.040527,1.074463,0.030534,2.0,-0.236641,1.07577,2.014182,2810,4761,1951,2810,0,39.427,1,load
1780605249.4997606,38.647429799995734,38792,0.057129,-0.021973,1.051025,-0.099237,2.801527,-1.221374,1.052806,3.057802,2811,4763,1952,2811,0,39.427,6,load
1780605249.5300722,38.677741399995284,38823,0.070068,-0.041992,1.069092,1.931298,3.465649,-0.458015,1.072208,3.993796,2812,4765,1953,2812,0,39.427,5,load
1780605249.5622063,38.70987540000351,38854,0.041748,-0.051025,1.067627,1.381679,2.251908,-0.992366,1.069661,2.822219,2814,4770,1956,2814,1,46.595,16,load
1780605249.5934474,38.7411165000085,38886,0.04834,-0.033936,1.074707,1.030534,2.320611,-0.916031,1.076329,2.699324,2816,4773,1957,2816,0,46.595,6,load
1780605249.6247067,38.77237580000656,38918,0.036621,-0.009277,1.067383,1.503817,2.641221,-0.854962,1.068051,3.157289,2819,4779,1960,2819,0,46.595,1,load
1780605249.6553595,38.80302849999862,38949,0.02124,-0.059814,1.059814,0.541985,2.0,-0.51145,1.061713,2.134322,2821,4783,1962,2821,0,46.595,1,load
1780605249.6868992,38.8345682000072,38979,0.064453,-0.020996,1.041016,2.267176,2.801527,-0.732824,1.04322,3.677726,2824,4787,1963,2824,0,46.595,5,load
1780605249.718272,38.86594099999638,39010,0.058594,-0.017822,1.060059,0.770992,3.137405,-0.10687,1.061826,3.232516,2828,4793,1965,2828,0,46.595,0,load
1780605249.7483895,38.896058500002255,39041,0.017334,-0.006348,1.049072,0.664122,2.633588,-1.450382,1.049235,3.079034,2830,4797,1967,2830,0,46.595,0,load
1780605249.780929,38.92859809999936,39072,0.044189,-0.043945,1.05542,1.541985,2.694656,-1.725191,1.057258,3.551784,2834,4803,1969,2834,0,46.595,6,load
1780605249.811302,38.95897100000002,39104,0.066406,-0.029297,1.080078,1.198473,2.709924,-0.40458,1.082514,2.990604,2837,4807,1970,2837,0,92.0,6,load
1780605249.8430765,38.9907455000066,39135,0.079346,-0.029053,1.035644,1.854962,3.076336,1.007634,1.039086,3.730958,2839,4812,1973,2839,1,92.0,14,load
1780605249.873384,39.02105310000479,39166,0.035889,-0.044678,1.062988,0.381679,2.129771,-0.229008,1.064532,2.175787,2844,4819,1975,2844,0,92.0,1,load
1780605249.9026527,39.05032180000853,39197,0.033691,-0.009033,1.065674,1.40458,3.29771,-0.29771,1.066244,3.596716,2846,4823,1977,2846,0,92.0,1,load
1780605249.9333172,39.08098620000237,39227,0.003662,0.004883,1.058594,2.21374,2.335878,0.59542,1.058611,3.272842,2848,4828,1980,2848,1,92.0,14,load
1780605249.9702265,39.117895600007614,39262,0.075684,-0.04834,1.050049,2.068702,3.778626,-0.778626,1.053882,4.377648,2852,4833,1981,2852,0,92.0,6,load
1780605250.000418,39.14808700000867,39293,0.022949,-0.083496,1.084717,1.022901,0.290076,-2.328244,1.088168,2.55953,2854,4837,1983,2854,0,92.0,0,load
1780605250.0319333,39.179602500007604,39324,0.057129,-0.035889,1.05249,2.748092,2.908397,-1.19084,1.05465,4.174791,2858,4843,1985,2858,0,92.0,5,load
1780605250.061542,39.20921109999472,39355,0.04541,-0.028076,1.09375,1.396947,2.183206,-1.076336,1.095052,2.806483,2862,4849,1987,2862,0,99.602,1,load
1780605250.1068914,39.25456050000503,39386,0.08667,-0.038086,1.005615,1.633588,4.396946,0.412214,1.010061,4.70868,2864,4854,1990,2864,1,99.602,13,load
1780605250.1246016,39.27227060000587,39417,0.096436,-0.041748,1.040039,2.633588,4.732824,-0.160305,1.045334,5.418589,2868,4859,1991,2868,0,99.602,6,load
1780605250.156221,39.30388989999483,39449,0.058838,-0.030518,1.071533,0.931298,3.122137,-0.740458,1.073581,3.341158,2870,4863,1993,2870,0,99.602,0,load
1780605250.187582,39.33525109999755,39480,0.047363,-0.014648,1.061768,1.221374,2.725191,-0.160305,1.062924,2.990672,2872,4868,1996,2872,1,99.602,14,load
1780605250.218233,39.36590220000653,39511,0.05835,-0.024414,1.049072,2.335878,3.320611,-0.969466,1.050977,4.174044,2877,4875,1998,2877,0,99.602,1,load
1780605250.248549,39.39621800000896,39542,0.0625,-0.041016,1.061035,1.908397,2.473282,-0.717557,1.063665,3.205307,2879,4879,2000,2879,0,99.602,1,load
1780605250.2804801,39.42814930000168,39573,0.049072,-0.041992,1.052246,0.748092,3.412214,-0.732824,1.054226,3.569296,2881,4884,2003,2881,1,99.602,13,load
1780605250.311331,39.459000200004084,39604,0.04834,-0.013428,1.066162,0.992366,2.938931,-0.244275,1.067342,3.111556,2884,4889,2005,2884,0,99.602,0,load
1780605250.3433542,39.49102319999656,39635,0.042725,-0.053223,1.067383,1.030534,2.21374,-1.267176,1.069563,2.751069,2886,4893,2007,2886,0,85.714,0,load
1780605250.3747017,39.52237079999759,39667,0.051514,-0.040527,1.051514,2.381679,4.145038,-0.862595,1.053554,4.857758,2890,4899,2009,2890,0,85.714,5,load
1780605250.4044595,39.55212860000029,39698,0.042236,0.003418,1.0625,1.282443,2.793893,-0.396947,1.063345,3.099688,2894,4905,2011,2894,0,85.714,1,load
1780605250.436185,39.58385399999679,39728,0.050049,-0.066162,1.057129,1.160305,2.305344,-1.51145,1.060379,2.990886,2896,4909,2013,2896,0,85.714,0,load
1780605250.4659414,39.613610600004904,39759,0.047852,-0.027588,1.036865,1.80916,3.259542,-0.938931,1.038335,3.844381,2899,4913,2014,2899,0,85.714,5,load
1780605250.4962337,39.64390280000225,39790,0.070801,-0.019287,1.050537,0.687023,3.0,-0.152672,1.053097,3.081446,2903,4919,2016,2903,0,85.714,0,load
1780605250.5279808,39.67564990000392,39820,0.040771,-0.027832,1.051758,2.045802,2.427481,-0.374046,1.052916,3.196542,2905,4924,2019,2905,1,85.714,14,load
1780605250.5596128,39.70728180000151,39851,0.065918,-0.013672,1.064209,2.396947,3.137405,-0.480916,1.066336,3.977429,2911,4933,2022,2911,0,85.714,1,load
1780605250.590106,39.73777520000294,39883,0.051758,-0.053955,1.059814,1.328244,2.328244,-0.679389,1.062448,2.765235,2913,4937,2024,2913,0,85.714,0,load
1780605250.6219757,39.76964480000606,39914,0.044922,-0.033936,1.047607,1.641221,3.496183,-0.877863,1.049119,3.960751,2916,4942,2026,2916,1,107.527,13,load
1780605250.654077,39.80174619999889,39946,0.045898,-0.035889,1.057129,0.740458,2.877863,-1.40458,1.058733,3.286825,2920,4947,2027,2920,0,107.527,5,load
1780605250.6846738,39.832342900001095,39977,0.054199,-0.065918,1.048584,1.038168,2.603053,-0.015267,1.052051,2.802483,2922,4951,2029,2922,0,107.527,0,load
1780605250.7153986,39.86306760000298,40008,0.048096,-0.046631,1.04834,2.427481,3.312977,-1.015267,1.050478,4.23075,2927,4957,2030,2927,1,107.527,6,load
1780605250.747077,39.89474610000616,40039,0.060303,-0.017334,1.071045,2.061069,2.664122,-0.122137,1.072881,3.37053,2932,4965,2033,2932,0,107.527,0,load
1780605250.7791295,39.92679870000575,40070,0.039795,-0.014893,1.063965,2.137405,2.167939,-1.10687,1.064813,3.239386,2934,4970,2036,2934,1,107.527,14,load
1780605250.8102283,39.957897400003276,40101,0.051758,0.022949,1.063477,2.473282,3.877863,-0.21374,1.064983,4.604414,2938,4975,2037,2938,0,107.527,6,load
1780605250.839521,39.987189899999066,40132,0.065674,-0.037598,1.059814,1.343511,3.274809,-0.946565,1.062513,3.664066,2940,4979,2039,2940,0,107.527,1,load
1780605250.8704374,40.01810650000698,40163,0.070312,0.004639,1.045654,3.389313,4.0,-1.076336,1.048026,5.35219,2944,4985,2041,2944,0,107.527,5,load
1780605250.9010932,40.048762400008854,40193,0.03418,-0.026123,1.06665,1.015267,3.19084,-1.389313,1.067518,3.625247,2948,4991,2043,2948,0,114.695,0,load
1780605250.9331748,40.08084399999643,40225,0.043213,-0.049316,1.051025,1.709924,2.167939,-0.763359,1.053069,2.864702,2950,4998,2048,2950,1,114.695,14,load
1780605250.9647486,40.11241770000197,40256,0.032959,-0.035889,1.059082,2.145038,3.076336,-1.061069,1.060202,3.89755,2955,5005,2050,2955,0,114.695,1,load
1780605250.9959068,40.14357580000069,40288,0.051758,-0.046143,1.058106,0.778626,3.076336,-0.51145,1.060375,3.214294,2956,5007,2051,2956,0,114.695,5,load
1780605251.0266955,40.174364499995136,40319,0.043213,-0.077637,1.039307,2.091603,3.763359,-1.450382,1.043098,4.543267,2959,5012,2053,2959,1,114.695,14,load
1780605251.0576077,40.20527669999865,40350,0.040771,-0.028564,1.067871,-0.129771,2.366412,-0.59542,1.069031,2.443618,2964,5019,2055,2964,0,114.695,0,load
1780605251.104365,40.252034200006165,40381,0.05127,-0.078857,1.042725,0.984733,2.89313,-1.503817,1.046958,3.406078,2967,5026,2059,2967,1,114.695,3,load
1780605251.1210742,40.26874329999555,40413,0.032959,-0.040039,1.053467,1.740458,3.419847,-1.236641,1.054742,4.031604,2972,5033,2061,2972,0,114.695,0,load
1780605251.1525683,40.300237500006915,40445,0.044189,-0.044922,1.045166,1.282443,3.305344,-0.625954,1.047064,3.600246,2974,5037,2063,2974,0,103.175,1,load
1780605251.1836007,40.3312697000074,40476,0.049072,-0.020508,1.041504,2.114504,3.916031,-1.335878,1.042861,4.646611,2976,5040,2064,2976,1,103.175,16,load
1780605251.2141275,40.36179660000198,40507,0.039307,-0.056885,1.072022,0.427481,2.557252,-0.534351,1.074249,2.647226,2979,5045,2066,2979,0,103.175,1,load
1780605251.2459908,40.39365980000002,40538,0.030273,-0.072021,1.050781,1.839695,2.526718,-1.335878,1.053682,3.399022,2981,5050,2069,2981,1,103.175,14,load
1780605251.2758925,40.423561500007054,40569,0.036621,-0.042969,1.056152,1.465649,3.137405,-1.0,1.05766,3.604364,2987,5059,2072,2987,0,103.175,0,load
1780605251.3071678,40.454836799995974,40600,0.037598,-0.034668,1.071289,1.221374,2.091603,-0.870229,1.072509,2.573686,2989,5063,2074,2989,0,103.175,1,load
1780605251.3385818,40.4862509000086,40631,0.047852,-0.053955,1.06543,1.91603,2.679389,-1.740458,1.067868,3.725519,2991,5068,2077,2991,1,103.175,13,load
1780605251.369688,40.51735700000427,40662,0.0354,0.016602,1.051514,1.351145,3.732824,-0.633588,1.05224,4.020075,2995,5073,2078,2995,0,103.175,5,load
1780605251.401536,40.549205100003746,40694,0.063232,-0.075195,1.042969,0.183206,2.732824,-1.305344,1.047586,3.034109,2996,5075,2079,2996,0,103.175,6,load
1780605251.4332154,40.58088439999847,40725,0.040771,-0.028809,1.054688,1.954198,3.015267,-1.19084,1.055868,3.785344,3001,5081,2080,3001,0,96.429,6,load
1780605251.463127,40.61079600000812,40756,0.053223,-0.010498,1.059082,0.305344,2.618321,-0.473282,1.06047,2.678215,3005,5087,2082,3005,0,96.429,0,load
1780605251.4946182,40.642287299997406,40787,0.026367,-0.01416,1.053467,2.267176,2.534351,-1.129771,1.053892,3.583211,3007,5094,2087,3007,1,96.429,13,load
1780605251.525062,40.67273120000027,40818,0.061035,0.001709,1.065674,2.427481,2.89313,-0.778626,1.067422,3.85605,3012,5101,2089,3012,0,96.429,1,load
1780605251.5553358,40.70300480000151,40848,0.047607,-0.044189,1.053467,1.091603,3.022901,-0.335878,1.055467,3.231461,3013,5103,2090,3013,0,96.429,6,load
1780605251.5854735,40.733142600001884,40879,0.048828,-0.059326,1.050049,2.129771,3.335878,-1.129771,1.052856,4.11587,3016,5108,2092,3016,1,96.429,13,load
1780605251.6159558,40.76362490000611,40909,0.022705,0.008057,1.056396,0.847328,2.992366,-0.862595,1.056671,3.227428,3021,5115,2094,3021,0,96.429,0,load
1780605251.647654,40.79532309999922,40940,0.050049,-0.052734,1.05249,1.251908,2.862595,-1.198473,1.054998,3.346351,3024,5121,2097,3024,0,96.429,1,load
1780605251.6796827,40.82735170000524,40972,0.029053,-0.025391,1.049561,2.030534,3.122137,-1.236641,1.05027,3.924295,3027,5127,2100,3027,0,96.429,5,load
1780605251.710273,40.85794210000313,41003,0.052002,0.002686,1.046631,1.183206,3.351145,-0.664122,1.047925,3.615412,3031,5133,2102,3031,0,107.914,0,load
1780605251.7416887,40.889357899999595,41034,0.025146,0.003906,1.052978,2.641221,2.717557,-0.992366,1.053286,3.917392,3032,5136,2104,3032,1,107.914,17,load
1780605251.772677,40.92034599999897,41065,0.053223,0.004639,1.063721,2.259542,3.312977,-0.625954,1.065061,4.058715,3037,5143,2106,3037,0,107.914,0,load
1780605251.804276,40.95194500000798,41096,0.067627,-0.048096,1.053223,1.358779,2.671756,-0.816794,1.056487,3.10672,3039,5147,2108,3039,0,107.914,1,load
1780605251.8351345,40.98280369999702,41127,0.060547,-0.018799,1.038086,2.694656,4.068702,-0.900763,1.04002,4.962548,3044,5155,2111,3044,0,107.914,6,load
1780605251.8663387,41.01400779999676,41158,0.058838,-0.052734,1.06665,0.343511,2.717557,-0.725191,1.069573,2.833552,3048,5161,2113,3048,0,107.914,0,load
1780605251.8963041,41.04397320000862,41189,0.049561,-0.043701,1.051514,1.70229,2.618321,-1.167939,1.053588,3.334288,3050,5166,2116,3050,1,107.914,13,load
1780605251.9274242,41.07509329999448,41220,0.040039,-0.056885,1.054932,1.748092,3.221374,-1.175572,1.057223,3.849032,3052,5169,2117,3052,0,107.914,5,load
1780605251.9587593,41.10642840000219,41251,0.050537,-0.010254,1.053711,0.366412,2.038168,-0.572519,1.054972,2.148526,3054,5173,2119,3054,0,107.914,0,load
1780605251.990044,41.13771320000524,41282,0.041748,-0.044922,1.050049,1.221374,3.19084,-1.725191,1.051838,3.827466,3056,5178,2122,3056,1,89.606,14,load
1780605252.0200572,41.16772630000196,41313,0.021729,-0.003174,1.046387,1.480916,2.160305,-1.091603,1.046617,2.837539,3062,5187,2125,3062,0,89.606,0,load
1780605252.0510619,41.19873089999601,41343,0.075928,-0.041016,1.061523,1.229008,3.167939,-0.312977,1.065025,3.412368,3064,5191,2127,3064,0,89.606,1,load
1780605252.0810938,41.228762800004915,41374,0.052734,-0.006592,1.035644,3.10687,3.847328,-1.183206,1.037007,5.084738,3068,5197,2129,3068,0,89.606,5,load
1780605252.112677,41.260346199997,41405,0.046143,-0.024414,1.061279,1.114504,2.862595,0.160305,1.062562,3.07608,3069,5199,2130,3069,0,89.606,6,load
1780605252.1449287,41.292597699997714,41436,0.047607,-0.039062,1.038574,2.061069,2.656489,-0.862595,1.040398,3.471168,3071,5204,2133,3071,1,89.606,13,load
1780605252.1761956,41.323864799996954,41468,0.043945,-0.036133,1.063965,2.076336,3.099237,-0.656489,1.065485,3.787798,3076,5211,2135,3076,0,89.606,1,load
1780605252.206579,41.35424810000404,41499,0.040527,-0.049805,1.061768,1.045802,3.114504,-0.244275,1.063707,3.294466,3080,5217,2137,3080,0,89.606,0,load
1780605252.2384636,41.386132800005726,41530,0.050293,-0.057373,1.044434,2.198473,3.679389,-1.229008,1.047216,4.458884,3083,5222,2139,3083,1,89.606,14,load
1780605252.269399,41.4170679999952,41562,0.060059,-0.055908,1.066894,0.435114,2.832061,-0.435114,1.070045,2.89814,3087,5227,2140,3087,0,110.714,6,load
1780605252.3013322,41.44900140000391,41593,0.048828,-0.064453,1.0354,1.435114,2.778626,-0.732824,1.038553,3.212063,3088,5230,2142,3088,1,110.714,17,load
1780605252.3321784,41.47984739999811,41624,0.028076,-0.049072,1.04834,1.969466,3.351145,-1.175572,1.049863,4.060904,3093,5237,2144,3093,0,110.714,1,load
1780605252.3639092,41.511578300007386,41656,0.04834,-0.034668,1.045166,0.603053,2.770992,-0.244275,1.046858,2.846356,3095,5241,2146,3095,0,110.714,0,load
1780605252.394396,41.54206510000222,41687,0.047607,-0.057861,1.046143,1.435114,2.862595,-1.427481,1.048822,3.505953,3099,5248,2149,3099,1,110.714,3,load
1780605252.4262226,41.57389169999806,41718,0.025635,-0.020264,1.065674,0.778626,2.366412,-0.541985,1.066175,2.549493,3104,5255,2151,3104,0,110.714,1,load
1780605252.4565778,41.604246800008696,41749,0.052734,-0.066895,1.050781,1.21374,3.068702,-0.816794,1.054228,3.399596,3106,5259,2153,3106,0,110.714,0,load
1780605252.4875538,41.63522290000401,41780,0.059326,-0.057861,1.05249,2.458015,3.351145,-2.793893,1.055748,5.007779,3109,5263,2154,3109,0,110.714,6,load
1780605252.5181954,41.6658643999981,41811,0.069336,-0.016357,1.072266,1.251908,2.70229,-0.129771,1.07463,2.981021,3113,5269,2156,3113,0,110.714,0,load
1780605252.550078,41.697746999998344,41842,0.037109,-0.01123,1.056885,2.916031,2.51145,-0.923664,1.057596,3.957748,3115,5274,2159,3115,1,100.0,13,load
1780605252.5803022,41.727971200001775,41873,0.035645,-0.000488,1.058106,3.053435,3.022901,-0.480916,1.058706,4.323502,3121,5283,2162,3121,0,100.0,1,load
1780605252.6116536,41.75932260000263,41904,0.053467,-0.036377,1.057373,1.603053,2.80916,-0.374046,1.059349,3.255929,3123,5287,2164,3123,0,100.0,0,load
1780605252.6422415,41.7899105999968,41935,0.055176,-0.036377,1.036621,2.916031,3.908397,-1.0,1.038726,4.977831,3127,5293,2166,3127,0,100.0,6,load
1780605252.6734395,41.8211086000083,41966,0.064209,-0.043701,1.07373,0.343511,2.335878,-0.465649,1.076536,2.406482,3129,5297,2168,3129,0,100.0,1,load
1780605252.7054157,41.85308490000898,41997,0.056152,-0.054932,1.046875,1.419847,2.534351,-0.923664,1.049818,3.048288,3131,5302,2171,3131,1,100.0,14,load
1780605252.736014,41.883683000007295,42028,0.034668,-0.05249,1.043945,1.816794,3.274809,-0.519084,1.045839,3.780815,3135,5308,2173,3135,0,100.0,3,load
1780605252.7666025,41.91427160000603,42059,0.055176,-0.01123,1.061523,0.221374,2.916031,-0.328244,1.063016,2.942785,3139,5315,2176,3139,0,100.0,0,load
1780605252.7974222,41.945091200002935,42090,0.037598,-0.020996,1.059326,1.80916,3.007634,-1.351145,1.060201,3.760919,3141,5320,2179,3141,1,100.0,14,load
1780605252.8282237,41.975892800008296,42121,0.050781,-0.00415,1.072266,1.641221,3.175573,-0.793893,1.073475,3.661712,3145,5325,2180,3145,0,107.527,5,load
1780605252.8604841,42.00815320000402,42152,0.063477,-0.041748,1.059814,1.938931,3.099237,-1.21374,1.062534,3.851998,3147,5329,2182,3147,0,107.527,0,load
1780605252.890237,42.03790619999927,42183,0.064453,-0.001709,1.035156,3.503817,4.290076,-0.641221,1.037162,5.576079,3151,5335,2184,3151,0,107.527,6,load
1780605252.9210546,42.068723699994734,42214,0.040283,-0.000244,1.068359,1.053435,2.931298,-0.633588,1.069119,3.178626,3155,5341,2186,3155,0,107.527,1,load
1780605252.9525902,42.10025940000196,42245,0.03125,-0.0271,1.047119,1.679389,2.351145,-0.793893,1.047936,2.996414,3157,5348,2191,3157,1,107.527,14,load
1780605252.9841073,42.13177639999776,42276,0.029785,-0.034668,1.046631,0.854962,2.51145,-1.328244,1.047628,2.966914,3164,5357,2193,3164,0,107.527,0,load
1780605253.016356,42.164025100006256,42308,0.04834,-0.03833,1.058594,-0.748092,2.885496,-0.977099,1.06039,3.13695,3165,5359,2194,3165,0,107.527,5,load
1780605253.0485144,42.19618349999655,42340,0.067627,-0.010986,1.046143,0.778626,2.984733,-1.19084,1.048384,3.306507,3169,5365,2196,3169,0,107.527,5,load
1780605253.0796368,42.22730600000068,42372,-0.005859,-0.067383,1.052978,-0.038168,3.442748,-7.08397,1.055149,7.876332,3173,5371,2198,3173,0,111.554,0,load
1780605253.1108866,42.2585556999984,42403,0.058105,-0.010742,1.071045,0.389313,2.473282,-9.21374,1.072674,9.547864,3176,5378,2202,3176,1,111.554,2,load
1780605253.1466491,42.294318200001726,42434,0.028076,-0.06543,1.040527,1.70229,3.480916,-4.259542,1.04296,5.758322,3181,5385,2204,3181,0,111.554,1,load
1780605253.172848,42.32051710000087,42465,0.04248,-0.007324,1.059082,1.839695,3.473282,0.061069,1.059959,3.93089,3183,5389,2206,3183,0,111.554,0,load
1780605253.2049937,42.35266269999556,42496,0.048584,-0.055176,1.040527,3.755725,4.167938,-2.343511,1.043121,6.080232,3184,5392,2208,3184,1,111.554,17,load
1780605253.2358632,42.38353229999484,42528,0.023926,-0.023682,1.067383,1.328244,2.916031,-0.679389,1.067914,3.275521,3189,5399,2210,3189,0,111.554,1,load
1780605253.26796,42.415629099996295,42559,0.04541,-0.049561,1.040527,1.435114,2.877863,-0.725191,1.042696,3.296597,3191,5404,2213,3191,1,111.554,14,load
1780605253.2985137,42.44618270000501,42591,0.049805,-0.045898,1.049316,2.022901,3.259542,-0.946565,1.0515,3.951294,3197,5413,2216,3197,0,111.554,1,load
1780605253.3305655,42.47823459999927,42622,0.049805,-0.030518,1.057861,0.198473,2.725191,-0.923664,1.059473,2.884304,3199,5417,2218,3199,0,104.0,0,load
1780605253.3604748,42.50814390000596,42653,0.05542,-0.057129,1.05249,1.244275,3.068702,-1.877863,1.055496,3.806773,3201,5422,2221,3201,1,104.0,13,load
1780605253.3911033,42.53877240000293,42684,0.0271,-0.01123,1.060547,1.389313,2.70229,-0.687023,1.060952,3.115214,3204,5427,2223,3204,0,104.0,1,load
1780605253.422213,42.5698820999969,42714,0.0354,-0.051514,1.057861,1.053435,2.51145,-0.992366,1.059706,2.898603,3206,5431,2225,3206,0,104.0,0,load
1780605253.4536285,42.60129760000564,42745,0.045654,-0.029785,1.041016,3.748092,4.32061,-1.167939,1.042442,5.837804,3210,5437,2227,3210,0,104.0,6,load
1780605253.4840713,42.631740299999365,42776,0.021973,-0.023926,1.055664,1.648855,3.183206,-0.335878,1.056164,3.600602,3215,5445,2230,3215,0,104.0,0,load
1780605253.5155048,42.66317379999964,42807,0.049316,-0.031494,1.050537,1.290076,2.603053,0.175573,1.052165,2.9105,3217,5450,2233,3217,1,104.0,14,load
1780605253.5463574,42.6940265000012,42838,0.037842,-0.051025,1.041992,2.236641,3.412214,-1.931298,1.043927,4.513943,3221,5455,2234,3221,0,104.0,6,load
1780605253.5774212,42.72509029999492,42869,0.082275,0.010742,1.047852,0.603053,3.450382,0.977099,1.051132,3.636417,3223,5459,2236,3223,0,104.0,1,load
1780605253.6083999,42.756068899994716,42900,0.050049,-0.064209,1.063721,1.343511,3.022901,-0.679389,1.066832,3.377058,3225,5464,2239,3225,1,93.525,14,load
1780605253.6405113,42.78818030000548,42932,0.040283,-0.014648,1.062744,1.274809,2.572519,-1.717557,1.063608,3.345594,3230,5471,2241,3230,0,93.525,0,load
1780605253.6714482,42.81911730000866,42963,0.018066,-0.043945,1.057129,0.969466,2.961832,-1.122137,1.058196,3.312326,3232,5475,2243,3232,0,93.525,0,load
1780605253.702492,42.85016099999484,42994,0.030029,-0.017578,1.050049,2.824427,3.366412,-1.312977,1.050625,4.586288,3236,5481,2245,3236,0,93.525,5,load
1780605253.7326508,42.88031979999505,43025,0.063232,-0.020264,1.069336,0.877863,3.099237,-0.091603,1.071396,3.222468,3240,5487,2247,3240,0,93.525,0,load
1780605253.7631328,42.91080189999775,43056,0.054932,-0.056885,1.039307,1.717557,3.091603,-1.0,1.042311,3.675325,3242,5491,2249,3242,1,93.525,0,load
1780605253.7942607,42.94192969999858,43087,0.050537,-0.029785,1.034668,3.0,4.9771,-0.129771,1.03633,5.812776,3246,5497,2251,3246,0,93.525,5,load
1780605253.8243055,42.971974600004614,43118,0.044678,-0.008057,1.0625,0.29771,3.229008,-0.816794,1.063469,3.343991,3251,5505,2254,3251,0,93.525,1,load
1780605253.8563247,43.00399379999726,43148,0.048828,-0.030762,1.038818,0.931298,2.671756,-0.694656,1.04042,2.913442,3253,5510,2257,3253,1,93.525,15,load
1780605253.887796,43.035464900007355,43179,0.050781,-0.036621,1.028076,2.870229,4.419848,-1.320611,1.029981,5.43298,3257,5515,2258,3257,0,114.695,5,load
1780605253.9188843,43.066553299999214,43211,0.059082,-0.023682,1.046143,0.603053,3.251908,-0.648855,1.048077,3.3704,3260,5519,2259,3260,0,114.695,5,load
1780605253.9507186,43.09838769999624,43243,0.057129,-0.02124,1.04541,0.664122,2.725191,-0.862595,1.047185,2.934586,3262,5524,2262,3262,1,114.695,3,load
1780605253.982099,43.12976809999964,43274,0.050781,-0.025146,1.036621,2.938931,4.152672,-0.519084,1.038169,5.113848,3266,5529,2263,3266,0,114.695,5,load
1780605254.0134325,43.161101500008954,43305,0.039307,-0.016113,1.056152,1.305344,2.78626,-0.160305,1.057006,3.081049,3268,5533,2265,3268,0,114.695,1,load
1780605254.0438168,43.191485899995314,43336,0.056641,-0.020752,1.05835,0.847328,3.847328,0.862595,1.060067,4.032861,3269,5535,2266,3269,0,114.695,5,load
1780605254.076163,43.223832200004836,43368,0.053467,-0.035645,1.078125,0.648855,1.78626,0.603053,1.080038,1.993843,3271,5538,2267,3271,1,114.695,20,load
1780605254.1097608,43.25742989999708,43400,0.060791,-0.028564,1.051025,1.854962,3.80916,-0.221374,1.053169,4.242593,3275,5543,2268,3275,0,114.695,7,load
1780605254.1391437,43.28681289999804,43432,0.030518,-0.008057,1.061523,1.717557,2.824427,-0.793893,1.061992,3.399656,3276,5545,2269,3276,0,75.099,7,load
1780605254.1706736,43.318342700003996,43463,0.056885,-0.027832,1.068115,1.022901,2.503817,-1.435114,1.069991,3.061859,3277,5547,2270,3277,0,75.099,7,load
1780605254.2006898,43.34835889999522,43494,0.077148,-0.019775,1.069824,3.465649,2.366412,-0.748092,1.072785,4.26266,3278,5549,2271,3278,0,75.099,7,load
1780605254.2320142,43.379683300008764,43524,0.015625,-0.062012,1.034912,2.580153,4.038168,-1.450382,1.036886,5.006755,3278,5550,2272,3278,1,75.099,26,load
1780605254.2626677,43.41033680000692,43555,0.050781,0.053467,1.049561,0.778626,3.778626,-0.80916,1.052148,3.941956,3279,5552,2273,3279,1,75.099,19,load
1780605254.2939372,43.44160629999533,43586,0.051025,-0.031006,1.029297,1.610687,3.832061,-1.175572,1.031027,4.319835,3280,5553,2273,3280,0,75.099,12,load
1780605254.3246608,43.472329800002626,43617,0.062744,-0.055176,1.055664,0.816794,3.412214,0.48855,1.058965,3.542462,3281,5555,2274,3281,0,75.099,3,load
1780605254.356032,43.50370100000873,43648,0.032227,-0.024658,1.06665,1.068702,1.59542,-0.328244,1.067422,1.948136,3282,5557,2275,3282,0,75.099,9,load
1780605254.3883185,43.535987600000226,43680,0.031982,-0.010254,1.048584,1.572519,3.335878,-2.671756,1.049122,4.554028,3283,5559,2276,3283,0,75.099,9,load
1780605254.419458,43.56712690000131,43711,0.029785,-0.192139,1.050537,1.335878,3.122137,-0.847328,1.068378,3.50004,3283,5560,2277,3283,1,25.09,32,load
1780605254.4508095,43.598478600004455,43743,0.031006,-0.083008,1.061768,1.984733,2.732824,0.603053,1.065458,3.430914,3284,5561,2277,3284,0,25.09,13,load
1780605254.4831939,43.6308629999985,43775,0.040771,-0.011719,1.048584,2.045802,2.282443,-0.305344,1.049442,3.080273,3285,5563,2278,3285,0,25.09,6,load
1780605254.5139,43.66156920000503,43806,0.037842,-0.186035,1.039795,4.175572,3.625954,-2.732824,1.056984,6.168572,3286,5565,2279,3286,0,25.09,9,load
1780605254.5444758,43.692144900007406,43837,0.03418,-0.107666,1.059814,2.687023,3.19084,-0.679389,1.065818,4.226478,3286,5566,2280,3286,1,25.09,32,load
1780605254.576567,43.72423599999456,43868,0.045654,-0.171631,1.043701,0.198473,3.274809,-0.580153,1.058704,3.331718,3287,5567,2280,3287,0,25.09,13,load
1780605254.6068068,43.754475800000364,43899,0.067871,0.191895,1.068848,1.480916,3.061069,-0.175573,1.088056,3.405008,3288,5569,2281,3288,0,25.09,8,load
1780605254.6377156,43.78538470000785,43930,0.056152,0.153809,1.04541,3.137405,2.801527,-2.045802,1.058155,4.677304,3289,5571,2282,3289,0,25.09,10,load
1780605254.66901,43.81667889999517,43961,0.050049,0.05249,1.047119,3.503817,3.503817,-0.977099,1.049628,5.050564,3289,5572,2283,3289,1,24.0,32,load
1780605254.699778,43.84744710000814,43992,0.047852,-0.162598,1.049072,2.59542,3.473282,0.503817,1.062676,4.365058,3290,5573,2283,3290,0,24.0,11,load
1780605254.7303903,43.878059499998926,44023,0.028076,-0.182861,1.04126,0.877863,2.984733,-1.396947,1.057567,3.410386,3291,5575,2284,3291,0,24.0,10,load
1780605254.7625406,43.91020969999954,44054,0.033936,-0.096191,1.039795,1.671756,2.847328,-1.183206,1.044786,3.507424,3292,5577,2285,3292,0,24.0,9,load
1780605254.793911,43.941580099999555,44085,0.068115,-0.089111,1.047363,2.305344,3.267176,-0.091603,1.053352,3.99968,3292,5578,2286,3292,1,24.0,32,load
1780605254.8256187,43.9732878000068,44117,0.039062,0.127197,1.065918,1.80916,3.229008,0.114504,1.074191,3.703061,3293,5579,2286,3293,0,24.0,10,load
1780605254.855538,44.00320700000157,44148,0.065674,0.151611,1.05835,1.0,3.412214,-0.465649,1.071169,3.586089,3294,5581,2287,3294,0,24.0,8,load
1780605254.8858442,44.033513200003654,44178,0.048828,0.157227,1.043457,2.946565,3.221374,-1.885496,1.056365,4.75548,3295,5583,2288,3295,0,24.0,10,load
1780605254.9171765,44.064845600005356,44209,0.054199,0.078369,1.069092,0.625954,3.801527,-0.839695,1.07333,3.94316,3295,5584,2289,3295,1,24.0,32,load
1780605254.948408,44.09607699999469,44240,0.041016,0.079346,1.061523,1.10687,2.374046,-0.335878,1.065275,2.640846,3296,5585,2289,3296,0,25.09,10,load
1780605254.978488,44.12615700000606,44271,0.046387,0.070801,1.068848,-0.625954,2.251908,-0.946565,1.072194,2.521685,3297,5587,2290,3297,0,25.09,8,load
1780605255.0088887,44.156557900001644,44302,0.041504,-0.205566,1.03418,1.48855,3.816794,-2.59542,1.055229,4.849732,3298,5589,2291,3298,0,25.09,9,load
1780605255.0404942,44.18816330000118,44332,0.023682,-0.048096,1.063965,0.374046,3.374046,-0.763359,1.065315,3.479484,3298,5590,2292,3298,1,25.09,32,load
1780605255.0705929,44.218261900008656,44363,0.036133,-0.017822,1.064697,0.152672,2.29771,-0.465649,1.065459,2.349385,3299,5591,2292,3299,0,25.09,12,load
1780605255.10315,44.25081900000805,44394,0.018555,-0.171875,1.042725,0.473282,2.526718,-0.824427,1.056958,2.699626,3300,5593,2293,3300,0,25.09,8,load
1780605255.1493113,44.29698040000221,44425,0.030029,-0.195557,1.040772,1.587786,3.435115,-2.473282,1.05941,4.520863,3301,5595,2294,3301,0,25.09,9,load
1780605255.1633272,44.310996400003205,44455,0.041504,0.051025,1.059326,1.076336,3.091603,-0.977099,1.061366,3.416318,3301,5596,2295,3301,1,25.09,32,load
1780605255.1949499,44.34261900000274,44487,0.033447,-0.122559,1.056641,0.824427,1.931298,-0.236641,1.06425,2.113194,3302,5597,2295,3302,0,25.09,12,load
1780605255.22622,44.37388899999496,44518,0.02417,-0.151611,1.04248,0.832061,2.557252,-0.290076,1.053725,2.704812,3303,5599,2296,3303,0,25.18,6,load
1780605255.2569351,44.404604199997266,44549,0.0354,-0.214355,1.043457,0.847328,3.603053,-2.633588,1.065835,4.542658,3304,5601,2297,3304,0,25.18,10,load
1780605255.2878687,44.4355377000029,44580,0.031006,-0.155518,1.050781,1.244275,2.870229,-1.412214,1.06268,3.432314,3304,5602,2298,3304,1,25.18,32,load
1780605255.3203566,44.4680257,44612,0.033447,-0.071777,1.060547,0.717557,1.519084,0.19084,1.063499,1.690835,3305,5603,2298,3305,0,25.18,13,load
1780605255.3507464,44.49841549999837,44643,0.040527,-0.20874,1.043701,-0.618321,3.541985,-0.480916,1.065142,3.627569,3306,5605,2299,3306,0,25.18,7,load
1780605255.3817196,44.52938870000071,44674,0.018799,-0.106689,1.041016,0.427481,3.381679,-2.29771,1.046637,4.110714,3307,5607,2300,3307,0,25.18,9,load
1780605255.4132385,44.560907499995665,44705,0.034912,-0.202881,1.052246,0.954198,3.015267,-1.244275,1.072195,3.39861,3307,5608,2301,3307,1,25.18,33,load
1780605255.4443588,44.59202789999836,44736,0.027344,-0.016602,1.067871,0.328244,2.114504,-0.48855,1.06835,2.194892,3308,5609,2301,3308,0,25.18,11,load
1780605255.4740605,44.62172959999589,44768,0.051758,-0.17749,1.038818,0.0,2.70229,-0.961832,1.055142,2.86836,3309,5611,2302,3309,0,24.0,8,load
1780605255.5053759,44.65304499999911,44798,0.01123,-0.052002,1.045898,1.274809,3.053435,-2.351145,1.047251,4.059124,3310,5613,2303,3310,0,24.0,9,load
1780605255.5370202,44.68468930000381,44829,0.030273,-0.113037,1.05249,3.870229,3.076336,-1.328244,1.058976,5.119252,3310,5614,2304,3310,1,24.0,31,load
1780605255.573816,44.72148510000261,44866,0.05957,-0.080566,1.044922,1.137405,3.519084,0.068702,1.049715,3.698968,3311,5616,2305,3311,1,24.0,27,load
1780605255.605752,44.753421000001254,44897,0.066406,-0.08252,1.045166,1.343511,3.396947,-0.984733,1.05052,3.78338,3312,5618,2306,3312,1,24.0,22,load
1780605255.6367264,44.784395499998936,44929,0.071533,-0.012939,1.021484,0.496183,3.763359,-0.793893,1.024068,3.878058,3313,5619,2306,3313,0,24.0,10,load
1780605255.6681833,44.81585230000201,44960,0.042969,-0.012451,1.055908,1.435114,3.221374,-1.045802,1.056855,3.678383,3315,5621,2306,3315,0,24.0,0,load
1780605255.6998484,44.84751750000578,44991,0.021484,-0.084473,1.078125,2.053435,1.244275,-1.923664,1.081643,3.076573,3317,5624,2307,3317,1,24.0,20,load
1780605255.7319179,44.87958690000232,45023,0.062012,-0.0271,1.043457,2.259542,3.954198,-1.007634,1.045649,4.66439,3319,5627,2308,3319,0,39.216,6,load
1780605255.763062,44.910731099997065,45055,0.049561,-0.000488,1.056641,1.503817,2.763359,-0.419847,1.057802,3.173939,3320,5629,2309,3320,0,39.216,6,load
1780605255.79409,44.94175919999543,45086,0.031006,-0.05127,1.070801,0.320611,1.40458,-2.557252,1.072476,2.935162,3322,5633,2311,3322,0,39.216,0,load
1780605255.8252196,44.97288879999542,45117,0.012207,-0.012451,1.068848,1.51145,0.274809,-2.030534,1.06899,2.546188,3324,5638,2314,3324,1,39.216,15,load
1780605255.8569386,45.00460770000063,45148,0.031494,-0.014893,1.030273,3.312977,3.687023,-0.839695,1.030862,5.027429,3329,5645,2316,3329,0,39.216,0,load
1780605255.8883643,45.03603329999896,45180,0.030762,-0.030518,1.06665,0.59542,2.648855,-0.977099,1.06753,2.885426,3331,5649,2318,3331,0,39.216,1,load
1780605255.9192016,45.0668708000012,45211,0.050293,-0.048584,1.05249,0.564886,3.053435,-1.091603,1.05481,3.291528,3333,5654,2321,3333,1,39.216,13,load
1780605255.9498408,45.097509800005355,45242,0.045166,-0.030029,1.058594,0.206107,2.534351,-1.099237,1.059982,2.770151,3336,5659,2323,3336,0,39.216,1,load
1780605255.9806554,45.1283245000086,45273,0.045898,-0.028809,1.065186,1.389313,2.290076,-1.129771,1.066563,2.907064,3338,5663,2325,3338,0,76.0,0,load
1780605256.0116599,45.15932900000189,45304,0.058838,0.007568,1.054688,2.015267,3.396947,-0.709924,1.056354,4.013046,3342,5669,2327,3342,0,76.0,6,load
1780605256.0432146,45.19088360000751,45335,0.050537,-0.013916,1.066162,1.167939,3.091603,-0.793893,1.06745,3.398876,3347,5677,2330,3347,0,76.0,1,load
1780605256.0737908,45.2214598999999,45366,0.027344,0.006836,1.049316,1.984733,2.687023,-0.664122,1.049695,3.405924,3349,5682,2333,3349,1,76.0,14,load
1780605256.10636,45.25402910000412,45397,0.032471,-0.01123,1.065186,1.992366,2.900763,-0.610687,1.06574,3.571679,3354,5689,2335,3354,0,76.0,0,load
1780605256.1418285,45.28949769999599,45429,0.052979,-0.046387,1.056396,2.045802,2.954198,-0.671756,1.058741,3.65566,3355,5691,2336,3355,0,76.0,6,load
1780605256.1673298,45.314998900008504,45460,0.04248,-0.005859,1.056152,2.78626,3.687023,-0.847328,1.057023,4.698441,3359,5697,2338,3359,0,76.0,6,load
1780605256.1989393,45.3466083999956,45491,0.05127,-0.050293,1.060059,1.183206,3.183206,-0.709924,1.062489,3.469405,3363,5703,2340,3363,0,76.0,1,load
1780605256.2295718,45.37724090000847,45522,0.088867,-0.076904,1.047363,2.229008,3.183206,-0.832061,1.053936,3.974116,3366,5710,2344,3366,1,76.0,2,load
1780605256.2613006,45.40896970000176,45553,0.050781,-0.068115,1.049805,1.80916,3.015267,-1.251908,1.053237,3.732582,3371,5717,2346,3371,0,117.857,0,load
1780605256.293037,45.44070609999471,45585,0.048828,-0.032227,1.053955,1.458015,2.618321,-0.450382,1.055578,3.030554,3373,5721,2348,3373,0,117.857,0,load
1780605256.3243723,45.472041400003945,45616,0.047119,-0.052246,1.053711,2.114504,3.503817,-1.175572,1.056057,4.257914,3375,5724,2349,3375,1,117.857,16,load
1780605256.3560872,45.50375630000781,45648,0.038086,-0.048828,1.061768,0.908397,2.916031,-0.80916,1.063572,3.159614,3380,5731,2351,3380,0,117.857,0,load
1780605256.3875692,45.53523829999904,45680,0.050781,-0.009277,1.052002,2.480916,3.167939,-0.198473,1.053268,4.028669,3382,5736,2354,3382,1,117.857,13,load
1780605256.4198074,45.56747650000034,45711,0.036377,-0.019043,1.063232,2.129771,2.610687,-0.412214,1.064025,3.394338,3388,5745,2357,3388,0,117.857,1,load
1780605256.4512894,45.59895860000688,45743,0.057861,-0.041748,1.053955,1.564886,2.419847,-1.641221,1.056367,3.316344,3390,5749,2359,3390,0,117.857,1,load
1780605256.4825275,45.63019650000206,45775,0.041748,-0.013672,1.047363,2.290076,3.770992,-0.89313,1.048284,4.50139,3394,5755,2361,3394,0,117.857,6,load
1780605256.5141716,45.661840600005235,45806,0.073242,-0.027588,1.061523,0.389313,3.48855,-0.328244,1.064405,3.52552,3395,5757,2362,3395,0,94.862,5,load
1780605256.545786,45.69345500000054,45837,0.024414,0.017822,1.049805,2.374046,3.061069,-0.961832,1.05024,3.99141,3397,5762,2365,3397,1,94.862,14,load
1780605256.5758924,45.723561599996174,45868,0.048584,-0.022461,1.068848,1.923664,2.732824,-1.198473,1.070187,3.550373,3402,5769,2367,3402,0,94.862,0,load
1780605256.6074328,45.75510199999553,45899,0.049316,-0.040039,1.061035,1.267176,2.526718,-1.061069,1.062935,3.019255,3406,5775,2369,3406,0,94.862,0,load
1780605256.640306,45.78797510000004,45931,0.056396,-0.01709,1.043945,1.969466,3.694656,-1.099237,1.045607,4.328696,3410,5781,2371,3410,0,94.862,6,load
1780605256.6707394,45.81840839999495,45962,0.039307,-0.001709,1.06543,0.580153,3.183206,-0.450382,1.066156,3.266837,3414,5787,2373,3414,0,94.862,0,load
1780605256.7025032,45.850172200007364,45993,0.04248,-0.012695,1.050293,2.450382,2.748092,-0.48855,1.051228,3.71417,3416,5792,2376,3416,1,94.862,13,load
1780605256.7335634,45.88123240000277,46025,0.06665,-0.034912,1.064453,2.351145,2.671756,-0.969466,1.067109,3.688635,3421,5799,2378,3421,0,94.862,1,load
1780605256.764545,45.91221399999631,46056,0.040771,-0.037354,1.061523,1.48855,2.534351,-0.923664,1.062963,3.080888,3423,5803,2380,3423,0,112.0,0,load
1780605256.795145,45.9428140999953,46087,0.04834,0.005615,1.040039,2.687023,3.732824,-0.977099,1.041177,4.701998,3428,5811,2383,3428,0,112.0,5,load
1780605256.82591,45.97357909999846,46118,0.044678,-0.05127,1.061768,0.885496,2.824427,-0.709924,1.063943,3.043926,3432,5817,2385,3432,0,112.0,0,load
1780605256.8569963,46.00466540000343,46149,0.078125,-0.062988,1.053955,2.198473,2.51145,-0.633588,1.058722,3.397367,3434,5822,2388,3434,1,112.0,14,load
1780605256.888426,46.03609520000464,46180,0.032227,-0.031494,1.063721,1.91603,2.969466,-1.022901,1.064675,3.679025,3439,5829,2390,3439,0,112.0,0,load
1780605256.9202182,46.06788729999971,46212,0.055664,-0.032471,1.056396,1.358779,2.885496,-0.519084,1.05836,3.23138,3441,5833,2392,3441,0,112.0,1,load
1780605256.9506538,46.09832279999682,46243,0.057129,-0.05835,1.05542,1.900763,3.832061,-1.259542,1.058574,4.459152,3444,5838,2394,3444,1,112.0,13,load
1780605256.982061,46.12973000000056,46274,0.060547,-0.044678,1.069092,0.618321,2.946565,-0.877863,1.071737,3.136114,3450,5847,2397,3450,0,112.0,1,load
1780605257.0125527,46.160221800004365,46305,0.033203,-0.064697,1.040039,1.40458,3.022901,-0.832061,1.042578,3.435564,3452,5851,2399,3452,0,112.0,0,load
1780605257.044368,46.19203700000071,46336,0.035889,-0.030518,1.051758,2.244275,2.572519,-1.435114,1.052812,3.703266,3457,5857,2400,3457,0,121.429,5,load
1780605257.0744362,46.22210529999575,46367,0.034424,0.007324,1.065186,0.625954,3.40458,-0.70229,1.065767,3.532166,3459,5861,2402,3459,0,121.429,0,load
1780605257.108614,46.256283099995926,46397,0.053467,-0.028809,1.061279,1.549618,2.78626,-1.290076,1.063016,3.43931,3461,5866,2405,3461,1,121.429,14,load
1780605257.1372974,46.28496639999503,46429,0.005127,-0.042969,1.079102,3.183206,2.847328,-2.328244,1.079969,4.864237,3466,5873,2407,3466,0,121.429,0,load
1780605257.1672,46.31486919999588,46460,0.051025,-0.009521,1.053467,1.381679,3.549618,-0.763359,1.054745,3.884784,3468,5877,2409,3468,0,121.429,0,load
1780605257.2000265,46.34769550000783,46491,0.024414,-0.004639,1.052246,1.396947,2.244275,-1.045802,1.05254,2.842873,3470,5882,2412,3470,1,121.429,14,load
1780605257.2302713,46.37794030000805,46522,0.049561,-0.048096,1.042725,2.717557,2.740458,-2.442748,1.045009,4.56752,3472,5885,2413,3472,0,121.429,6,load
1780605257.262556,46.41022520000115,46553,0.075439,-0.036621,1.05542,1.931298,4.625954,0.099237,1.058746,5.013902,3473,5887,2414,3473,0,121.429,5,load
1780605257.2927146,46.44038359999831,46584,0.023926,-0.042725,1.069092,2.099237,2.083969,-2.030534,1.070213,3.587868,3474,5889,2415,3474,0,121.429,6,load
1780605257.3238642,46.47153340000659,46615,0.057129,-0.016113,1.052734,1.366412,2.900763,-0.061069,1.054406,3.207061,3476,5894,2418,3476,1,68.1,16,load
1780605257.3547354,46.50240450000274,46647,0.032959,0.00708,1.04834,1.854962,4.244274,-0.221374,1.048882,4.637214,3478,5897,2419,3478,0,68.1,6,load
1780605257.3873696,46.535038700007135,46678,0.059082,-0.066162,1.053467,1.59542,3.656489,-0.335878,1.057195,4.00351,3479,5899,2420,3479,0,68.1,6,load
1780605257.4181595,46.565828599996166,46710,0.077393,-0.037109,1.074707,1.435114,3.992366,-0.198473,1.078129,4.247109,3480,5901,2421,3480,0,68.1,6,load
1780605257.448683,46.59635210000852,46741,0.058594,-0.00708,1.062256,2.282443,3.625954,-1.282443,1.063894,4.472332,3481,5903,2422,3481,0,68.1,7,load
1780605257.479899,46.627568099997006,46772,0.061768,0.043701,1.079834,0.992366,2.816794,-0.732824,1.082482,3.075085,3482,5905,2423,3482,0,68.1,7,load
1780605257.5111284,46.65879739999946,46803,0.080811,-0.056396,1.072998,1.770992,3.015267,-1.908397,1.077514,3.983746,3483,5907,2424,3483,0,68.1,7,load
1780605257.541176,46.68884509999771,46834,0.031494,0.037598,1.052734,1.70229,3.022901,-1.122137,1.053876,3.646219,3484,5909,2425,3484,0,68.1,7,load
1780605257.5724843,46.72015330000431,46864,0.029053,0.014893,1.059082,0.862595,3.022901,-0.755725,1.059585,3.233128,3485,5911,2426,3485,0,68.1,8,load
1780605257.6029232,46.75059229999897,46895,0.043457,-0.033447,1.040772,2.198473,3.480916,0.48855,1.042215,4.145931,3485,5912,2427,3485,1,32.143,28,load
1780605257.634041,46.78171019999718,46926,0.023682,0.053711,1.052002,0.480916,2.435115,-0.244275,1.053638,2.49414,3486,5913,2427,3486,0,32.143,14,load
1780605257.6642687,46.811937799997395,46957,0.059082,0.0625,1.070801,0.603053,3.160305,-0.519084,1.074249,3.258934,3488,5915,2427,3488,0,32.143,0,load
1780605257.6947086,46.842377599998144,46987,0.091309,-0.003906,1.053223,1.770992,4.366412,-0.59542,1.05718,4.749368,3489,5917,2428,3489,0,32.143,7,load
1780605257.7253957,46.87306470000476,47018,0.040039,-0.008057,1.05957,0.908397,2.885496,-0.78626,1.060357,3.125616,3490,5919,2429,3490,0,32.143,8,load
1780605257.7570696,46.90473860000202,47049,0.016846,0.073975,1.05249,1.473282,2.305344,-1.137405,1.055221,2.962914,3491,5921,2430,3491,0,32.143,8,load
1780605257.7889383,46.936607299998286,47080,0.074707,-0.041504,1.04248,0.717557,3.717557,0.038168,1.045978,3.786368,3491,5922,2431,3491,1,32.143,30,load
1780605257.8203282,46.967997200001264,47112,0.060791,-0.087158,1.037354,-0.473282,3.152672,0.183206,1.042782,3.193258,3492,5923,2431,3492,0,32.143,15,load
1780605257.8524432,47.000112299996545,47144,0.044678,-0.094238,1.077881,0.183206,2.19084,-0.030534,1.082915,2.198699,3494,5925,2431,3494,0,32.143,0,load
1780605257.8837273,47.031396499995026,47176,0.030518,0.072266,1.05249,1.770992,2.778626,-2.80916,1.05541,4.32996,3495,5927,2432,3495,0,35.587,5,load
1780605257.9144576,47.062126600008924,47207,0.03833,-0.005615,1.055908,0.351145,3.358779,-1.40458,1.056619,3.657532,3496,5929,2433,3496,0,35.587,9,load
1780605257.9460707,47.09373970000888,47238,0.015869,-0.173828,1.048096,-0.503817,2.396947,-1.374046,1.062531,2.808414,3496,5930,2434,3496,1,35.587,32,load
1780605257.9769816,47.1246506000025,47269,0.049561,0.076172,1.076172,-0.442748,2.183206,-0.175573,1.080002,2.234556,3497,5931,2434,3497,0,35.587,16,load
1780605258.0081828,47.15585189999547,47300,0.026611,0.115967,1.054932,3.572519,2.618321,-0.923664,1.06162,4.524561,3498,5933,2435,3498,0,35.587,5,load
1780605258.0396998,47.18736880000506,47331,0.047119,-0.126953,1.050049,3.694656,3.099237,-0.229008,1.058744,4.827856,3499,5935,2436,3499,0,35.587,9,load
1780605258.0768416,47.22451060000458,47362,0.040771,-0.072998,1.041016,1.801527,2.732824,0.648855,1.044368,3.336891,3499,5936,2437,3499,1,35.587,33,load
1780605258.1012316,47.24890059999598,47393,0.063232,-0.165527,1.070312,3.167939,3.458015,-1.091603,1.084881,4.815112,3500,5937,2437,3500,0,35.587,13,load
1780605258.1324856,47.28015469999809,47424,0.025635,-0.182617,1.038818,2.832061,2.641221,-1.21374,1.055059,4.058298,3501,5939,2438,3501,0,35.587,7,load
1780605258.163391,47.311060299995006,47455,0.043457,0.121582,1.052002,3.442748,3.328244,-0.076336,1.059896,4.789108,3502,5941,2439,3502,0,25.09,8,load
1780605258.1934998,47.34116880000511,47486,0.040039,0.070557,1.0625,0.175573,2.122137,-0.900763,1.065592,2.31207,3502,5942,2440,3502,1,25.09,32,load
1780605258.2241635,47.37183269999514,47516,0.05835,0.077148,1.083008,1.389313,3.129771,-0.435114,1.087319,3.451808,3503,5943,2440,3503,0,25.09,13,load
1780605258.2549474,47.40261659999669,47547,0.043701,-0.156006,1.023193,2.938931,3.183206,-1.389313,1.03594,4.54976,3504,5945,2441,3504,0,25.09,4,load
1780605258.2867763,47.43444530000852,47578,0.052002,0.101807,1.074219,1.412214,3.366412,0.541985,1.080285,3.69064,3505,5947,2442,3505,0,25.09,9,load
1780605258.3175511,47.46522019999975,47609,0.045166,-0.138916,1.047119,0.70229,2.877863,-1.557252,1.057259,3.346691,3506,5949,2443,3506,0,25.09,8,load
1780605258.3489,47.49656909999612,47640,0.040039,0.138916,1.048828,1.48855,3.015267,0.221374,1.058745,3.369959,3506,5950,2444,3506,1,25.09,32,load
1780605258.380403,47.52807210000174,47672,0.072998,-0.203857,1.042969,1.923664,3.519084,-1.450382,1.065209,4.264744,3507,5951,2444,3507,0,25.09,10,load
1780605258.4123473,47.56001630000537,47704,0.038818,0.126709,1.050293,3.030534,3.167939,-1.419847,1.05862,4.608247,3508,5953,2445,3508,0,25.09,6,load
1780605258.442703,47.59037200000603,47735,0.040039,0.087402,1.057129,1.59542,2.992366,-0.938931,1.061491,3.518695,3509,5955,2446,3509,0,25.0,8,load
1780605258.4740224,47.62169139999605,47766,0.023193,-0.19873,1.050049,0.839695,2.435115,-0.885496,1.068941,2.72378,3509,5956,2447,3509,1,25.0,32,load
1780605258.504769,47.652438100005384,47797,0.027832,0.001709,1.080322,2.137405,2.603053,0.938931,1.080682,3.496566,3510,5957,2447,3510,0,25.0,16,load
1780605258.5362382,47.68390720000025,47828,0.057861,0.114746,1.064697,2.938931,3.045802,-1.229008,1.072425,4.407344,3511,5959,2448,3511,0,25.0,3,load
1780605258.566521,47.71418999999878,47859,0.052734,0.124756,1.064697,0.70229,2.549618,-0.183206,1.073278,2.650911,3512,5961,2449,3512,0,25.0,9,load
1780605258.5982058,47.74587480000628,47890,0.049316,-0.18335,1.046875,1.236641,3.51145,-1.694656,1.063953,4.090406,3513,5963,2450,3513,0,25.0,9,load
1780605258.6308582,47.7785273000045,47922,0.054443,0.040039,1.047607,0.923664,2.885496,0.671756,1.049785,3.103305,3513,5964,2451,3513,1,25.0,32,load
1780605258.662658,47.81032699999923,47954,0.049561,0.124023,1.064941,1.687023,3.496183,-2.343511,1.073284,4.534467,3514,5965,2451,3514,0,25.0,10,load
1780605258.6931016,47.840770700000576,47985,0.05957,0.093506,1.069092,-0.442748,3.267176,-1.145038,1.074825,3.490211,3515,5967,2452,3515,0,24.0,7,load
1780605258.7234337,47.87110279999615,48016,0.047363,0.085449,1.057861,1.824428,3.221374,-1.78626,1.062363,4.110536,3516,5969,2453,3516,0,24.0,9,load
1780605258.7547054,47.902374400000554,48047,0.030762,-0.146729,1.04541,-2.839695,2.89313,0.48855,1.056105,4.083228,3516,5970,2454,3516,1,24.0,32,load
1780605258.7860963,47.933765299996594,48078,0.030029,-0.139404,1.046631,1.290076,3.770992,-2.038168,1.056301,4.476473,3517,5971,2454,3517,0,24.0,12,load
1780605258.816902,47.96457110000483,48109,0.029541,-0.166748,1.059082,0.480916,2.748092,-1.480916,1.072536,3.158544,3518,5973,2455,3518,0,24.0,6,load
1780605258.846757,47.99442600000475,48139,0.046387,-0.074707,1.05249,2.832061,3.183206,-1.160305,1.056158,4.415844,3519,5975,2456,3519,0,24.0,8,load
1780605258.8785179,48.02618689999508,48170,0.01001,-0.019531,1.046387,1.923664,1.633588,-0.938931,1.046617,2.69271,3519,5976,2457,3519,1,24.0,29,load
1780605258.9086168,48.056285800004844,48201,0.029785,0.013672,1.0625,-0.396947,1.045802,-1.099237,1.063005,1.568308,3520,5978,2458,3520,1,24.0,17,load
1780605258.939105,48.08677419999731,48231,0.119141,-0.056641,1.02002,0.061069,3.099237,-0.099237,1.028515,3.101426,3521,5980,2459,3521,1,24.0,15,load
1780605258.9702122,48.11788130000059,48262,0.111084,-0.022217,1.041016,1.717557,3.969466,0.335878,1.047161,4.338142,3523,5983,2460,3523,0,28.881,6,load
1780605259.000959,48.14862809999613,48293,0.046631,-0.001709,1.046875,2.137405,3.641221,-1.007634,1.047914,4.340774,3525,5987,2462,3525,0,28.881,0,load
1780605259.0325172,48.1801861999993,48324,0.040283,-0.040039,1.053955,2.129771,2.832061,-0.832061,1.055484,3.639893,3527,5994,2467,3527,1,28.881,14,load
1780605259.064355,48.21202400000766,48356,0.013428,-0.036133,1.071289,1.977099,2.328244,-0.305344,1.071982,3.06967,3532,6001,2469,3532,0,28.881,1,load
1780605259.0963924,48.24406140000792,48388,0.053223,-0.045654,1.065186,1.793893,3.358779,-0.885496,1.067491,3.909418,3533,6003,2470,3533,0,28.881,6,load
1780605259.1436665,48.29133570000704,48419,0.035645,-0.021484,1.044922,2.770992,3.641221,-0.854962,1.04575,4.654874,3537,6009,2472,3537,0,28.881,6,load
1780605259.1579096,48.305578800005605,48450,0.036865,-0.040771,1.069824,0.648855,2.938931,-0.755725,1.071235,3.103136,3541,6015,2474,3541,0,28.881,1,load
1780605259.1891959,48.336865000004764,48481,0.036865,-0.067627,1.048828,1.763359,2.931298,-1.259542,1.051652,3.645324,3544,6022,2478,3544,1,28.881,2,load
1780605259.2207716,48.368440599995665,48512,0.045654,-0.048584,1.062012,1.877863,2.923664,-0.877863,1.064102,3.583968,3549,6029,2480,3549,0,104.0,1,load
1780605259.2513263,48.39899539999897,48543,0.039795,-0.033691,1.048096,1.022901,2.564885,-0.419847,1.049392,2.793069,3551,6033,2482,3551,0,104.0,1,load
1780605259.282459,48.430128000007244,48574,0.053467,-0.049561,1.044678,2.038168,3.709924,-1.48855,1.047218,4.48703,3552,6036,2484,3552,1,104.0,17,load
1780605259.3122773,48.45994630000496,48605,0.030273,0.000488,1.053955,1.450382,2.877863,-0.496183,1.05439,3.260659,3555,6041,2486,3555,0,104.0,1,load
1780605259.3439016,48.49157060000289,48636,0.052734,-0.06665,1.04248,1.068702,2.969466,-1.328244,1.045939,3.424045,3557,6045,2488,3557,0,104.0,0,load
1780605259.3753614,48.52303060000122,48667,0.049805,-0.040283,1.049561,2.374046,3.541985,-0.916031,1.051513,4.361292,3562,6053,2491,3562,0,104.0,5,load
1780605259.4062352,48.553904400003375,48698,0.053955,-0.026123,1.061035,0.641221,3.236641,-0.076336,1.062727,3.30043,3567,6061,2494,3567,0,104.0,0,load
1780605259.4377332,48.58540229999926,48729,0.052979,-0.03418,1.059326,1.931298,3.053435,-0.70229,1.061201,3.680569,3569,6066,2497,3569,1,104.0,13,load
1780605259.467704,48.61537319999479,48760,0.061523,-0.005127,1.062012,1.687023,2.603053,-0.870229,1.063805,3.221681,3573,6071,2498,3573,0,104.0,5,load
1780605259.4994504,48.64711960000568,48791,0.058838,-0.04834,1.062744,1.572519,2.641221,-1.183206,1.065469,3.293758,3575,6075,2500,3575,0,93.19,1,load
1780605259.5297785,48.67744749999838,48822,0.050293,-0.008057,1.039307,3.007634,3.389313,-1.022901,1.040554,4.645388,3579,6081,2502,3579,0,93.19,6,load
1780605259.5618186,48.70948770000541,48853,0.041992,-0.008545,1.062012,0.419847,3.320611,-0.236641,1.062876,3.355402,3583,6087,2504,3583,0,93.19,1,load
1780605259.592272,48.739941200008616,48884,0.055176,-0.041748,1.048584,2.381679,2.687023,-0.870229,1.050864,3.694562,3585,6094,2509,3585,1,93.19,14,load
1780605259.6237578,48.771426899998914,48915,0.032959,-0.025635,1.055176,2.045802,2.977099,-1.007634,1.056002,3.750167,3591,6101,2510,3591,0,93.19,0,load
1780605259.6549246,48.802593800006434,48947,0.037354,-0.042236,1.065186,1.618321,2.862595,-0.801527,1.066677,3.38465,3592,6103,2511,3592,0,93.19,6,load
1780605259.6867263,48.834395300000324,48978,0.0625,-0.003174,1.047852,3.038168,3.526718,-0.832061,1.049719,4.728692,3595,6107,2512,3595,0,93.19,6,load
1780605259.715722,48.863391200007754,49008,0.056641,-0.040527,1.065186,0.381679,2.656489,-0.167939,1.06746,2.689017,3599,6113,2514,3599,0,93.19,0,load
1780605259.7480085,48.895677499996964,49039,0.065674,-0.068359,1.056396,1.251908,2.603053,-1.175572,1.060641,3.118514,3602,6119,2517,3602,0,93.19,0,load
1780605259.7783267,48.92599590000464,49070,0.033691,-0.062744,1.049561,1.870229,2.992366,-0.923664,1.051974,3.647625,3607,6125,2518,3607,0,114.695,6,load
1780605259.809789,48.95745800000441,49101,0.033447,-0.024902,1.061035,0.648855,2.78626,-0.366412,1.061854,2.884184,3611,6131,2520,3611,0,114.695,1,load
1780605259.8413897,48.98905879999802,49132,0.039551,-0.031982,1.044189,1.801527,3.564885,-1.503817,1.045427,4.267947,3613,6136,2523,3613,1,114.695,14,load
1780605259.872107,49.019776200002525,49163,0.045166,-0.022705,1.05542,0.59542,2.923664,-0.816794,1.05663,3.093459,3615,6139,2524,3615,0,114.695,5,load
1780605259.9028153,49.050484499995946,49194,0.031738,-0.041016,1.057861,1.717557,3.129771,-0.923664,1.059132,3.687631,3617,6143,2526,3617,0,114.695,0,load
1780605259.933837,49.0815059000015,49225,0.049561,0.006592,1.043213,2.038168,3.358779,-1.473282,1.04441,4.19596,3621,6149,2528,3621,0,114.695,6,load
1780605259.9651742,49.11284329999762,49256,0.040527,-0.026855,1.074463,0.709924,3.557252,-0.78626,1.075562,3.711635,3625,6155,2530,3625,0,114.695,0,load
1780605259.9959254,49.14359449999756,49287,0.033203,-0.036133,1.05127,0.755725,3.0,-0.473282,1.052414,3.129715,3627,6160,2533,3627,1,114.695,14,load
1780605260.0277634,49.175432400006684,49318,0.051514,-0.058594,1.044922,2.496183,4.21374,-0.305344,1.04783,4.907114,3631,6165,2534,3631,0,114.695,6,load
1780605260.0574486,49.205117799996515,49349,0.053955,-0.011963,1.060791,1.755725,4.221374,0.015267,1.06223,4.571958,3632,6167,2535,3632,0,89.606,6,load
1780605260.0888317,49.23650080000516,49380,0.030762,-0.057129,1.0896,1.885496,2.480916,-1.267176,1.09153,3.363893,3633,6169,2536,3633,0,89.606,6,load
1780605260.1192904,49.266959500004305,49411,0.056885,-0.030273,1.050781,2.618321,3.740458,-1.0,1.052755,4.674038,3635,6172,2537,3635,1,89.606,20,load
1780605260.1509793,49.298648399999365,49442,0.067627,-0.040039,1.042725,3.129771,3.671756,-2.160305,1.045682,5.286226,3636,6174,2538,3636,1,89.606,17,load
1780605260.1820285,49.329697499997565,49474,0.053223,-0.065186,1.050049,3.21374,2.923664,-1.427481,1.053416,4.573144,3638,6177,2539,3638,0,89.606,6,load
1780605260.2134845,49.361153699996066,49505,0.058838,-0.029053,1.052246,1.80916,3.145038,-1.183206,1.05429,3.81632,3639,6179,2540,3639,0,89.606,6,load
1780605260.2440052,49.391674200000125,49536,0.061279,-0.07959,1.05542,2.259542,3.366412,-1.137405,1.060189,4.210932,3640,6181,2541,3640,0,89.606,7,load
1780605260.2762961,49.42396509999526,49567,0.077881,-0.085205,1.042969,2.694656,3.381679,-1.08397,1.049338,4.457793,3641,6183,2542,3641,0,89.606,7,load
1780605260.3062851,49.45395419999841,49599,0.068604,-0.025391,1.03125,2.381679,4.389313,-0.473282,1.033841,5.01622,3642,6185,2543,3642,0,40.0,7,load
1780605260.3364415,49.48411059999489,49629,0.04126,0.030029,1.051758,2.221374,2.78626,-2.480916,1.052995,4.341968,3643,6187,2544,3643,0,40.0,7,load
1780605260.3668683,49.514537299997755,49660,0.000488,-0.059814,1.060791,2.40458,1.580153,-2.015267,1.062476,3.51286,3644,6189,2545,3644,0,40.0,8,load
1780605260.3981593,49.54582830000436,49690,0.04126,-0.042236,1.026856,2.870229,3.167939,-0.381679,1.028552,4.291822,3644,6190,2546,3644,0,40.0,25,load
1780605260.4285355,49.5762046000018,49721,0.068848,0.0,1.041748,2.167939,4.557252,-0.305344,1.04402,5.055862,3645,6192,2547,3645,1,40.0,15,load
1780605260.459753,49.60742200000095,49751,0.043457,-0.029785,1.050537,1.038168,2.763359,-0.496183,1.051857,2.99335,3646,6194,2548,3646,1,40.0,19,load
1780605260.4906464,49.63831540000683,49782,0.041016,-0.087646,1.076172,0.755725,2.007634,-0.961832,1.080514,2.350922,3647,6196,2549,3647,1,40.0,20,load
1780605260.5205889,49.66825800000515,49813,0.032471,-0.016113,1.034668,0.480916,3.236641,0.427481,1.035303,3.29998,3648,6197,2549,3648,0,40.0,11,load
1780605260.552298,49.69996719999472,49844,0.058838,-0.026367,1.075195,0.305344,2.709924,0.80916,1.077127,2.844584,3650,6199,2549,3650,0,40.0,0,load
1780605260.5835795,49.73124860000098,49875,0.015625,-0.04248,1.039307,0.824427,3.091603,-1.366412,1.040292,3.479191,3651,6201,2550,3651,0,32.609,0,load
1780605260.6157715,49.76344059999974,49907,0.047119,0.048096,1.082764,1.381679,2.969466,-1.885496,1.084855,3.779135,3652,6203,2551,3652,0,32.609,2,load
1780605260.648223,49.7958920999954,49939,0.053711,-0.084717,1.083496,1.534351,2.381679,-1.328244,1.088129,3.129035,3653,6205,2552,3653,0,32.609,4,load
1780605260.6792543,49.82692340000358,49970,0.036133,-0.087402,1.04834,2.099237,2.977099,-1.580153,1.052597,3.970743,3654,6207,2553,3654,0,32.609,5,load
1780605260.7091231,49.856792100006714,50001,0.050293,-0.007568,1.058594,1.419847,3.183206,-1.19084,1.059815,3.683323,3655,6209,2554,3655,0,32.609,8,load
1780605260.739563,49.88723210000899,50032,0.045166,-0.045166,1.0625,1.870229,3.061069,-1.832061,1.064418,4.027946,3656,6211,2555,3656,0,32.609,8,load
1780605260.7715695,49.91923850000603,50063,0.010986,-0.031982,1.061035,1.099237,2.923664,-0.885496,1.061574,3.246573,3657,6213,2556,3657,0,32.609,8,load
1780605260.8025076,49.950176700003794,50094,0.048096,0.04248,1.032715,1.961832,4.358778,-0.694656,1.034707,4.830143,3658,6215,2557,3658,0,32.609,8,load
1780605260.8349812,49.98265030000766,50126,0.030029,0.053467,1.05249,1.763359,2.221374,-0.671756,1.054275,2.914651,3658,6216,2558,3658,1,27.888,27,load
1780605260.8657315,50.01340049999999,50157,0.051025,-0.063477,1.063721,1.068702,2.320611,0.236641,1.066834,2.565806,3659,6218,2559,3659,1,27.888,21,load
1780605260.8982556,50.04592459999549,50189,0.046875,0.025879,1.062988,0.19084,2.671756,0.80916,1.064336,2.798114,3660,6219,2559,3660,0,27.888,11,load
1780605260.9278717,50.075540699996054,50220,0.016846,-0.076172,1.050537,1.29771,2.541985,-0.862595,1.05343,2.981578,3662,6221,2559,3662,0,27.888,0,load
1780605260.9600835,50.10775250000006,50251,0.058105,-0.046631,1.068604,1.335878,2.694656,-1.007634,1.071198,3.171919,3663,6223,2560,3663,0,27.888,4,load
1780605260.9914138,50.139082800000324,50283,0.022705,-0.078613,1.043945,2.78626,3.030534,-1.89313,1.047147,4.53115,3664,6225,2561,3664,0,27.888,6,load
1780605261.0221107,50.1697797000088,50314,0.046387,-0.076416,1.041016,0.977099,2.992366,-1.114504,1.044847,3.339326,3665,6227,2562,3665,0,27.888,8,load
1780605261.0536566,50.201325600006385,50345,0.036377,-0.001465,1.070312,1.206107,3.053435,-1.671756,1.070931,3.684146,3666,6229,2563,3666,0,27.888,8,load
1780605261.0843105,50.231979699994554,50376,0.019775,0.025879,1.047363,2.709924,3.022901,-0.824427,1.04787,4.142619,3667,6231,2564,3667,0,36.0,8,load
1780605261.114999,50.26266819999728,50407,0.05249,-0.05957,1.029297,3.526718,4.290076,-1.145038,1.032354,5.670414,3668,6233,2565,3668,0,36.0,7,load
1780605261.1463997,50.29406889999518,50438,0.063477,-0.043701,1.027832,2.068702,3.755725,-0.229008,1.030717,4.293885,3668,6234,2566,3668,1,36.0,27,load
1780605261.1830914,50.330760400000145,50475,0.019043,-0.106201,1.048096,1.267176,1.908397,-1.061069,1.053634,2.524595,3670,6237,2567,3670,0,36.0,9,load
1780605261.2142317,50.361900799995055,50506,0.052002,-0.077881,1.034668,2.19084,3.625954,-0.396947,1.038897,4.254984,3670,6238,2568,3670,1,36.0,25,load
1780605261.2456117,50.39328069999465,50537,0.020508,-0.058105,1.056641,1.259542,1.70229,-1.129771,1.058436,2.400129,3671,6240,2569,3671,1,36.0,18,load
1780605261.2766097,50.42427879999741,50568,0.041748,-0.04541,1.064697,0.648855,2.145038,0.389313,1.066483,2.274592,3672,6242,2570,3672,1,36.0,21,load
1780605261.3084333,50.45610229999875,50600,0.053711,0.033203,1.061279,-0.137405,2.748092,0.564886,1.063156,2.808912,3673,6243,2570,3673,0,36.0,11,load
1780605261.3403,50.4879690999951,50632,0.068115,-0.003174,1.047119,0.832061,3.007634,0.419847,1.049337,3.148723,3675,6245,2570,3675,0,31.25,0,load
1780605261.3711805,50.518849700005376,50663,0.044434,0.027344,1.047852,0.854962,2.557252,-0.679389,1.04915,2.78066,3677,6247,2570,3677,0,31.25,1,load
1780605261.4014482,50.54911740000534,50694,0.034424,-0.009766,1.077881,1.259542,2.763359,-1.183206,1.078474,3.259229,3678,6249,2571,3678,0,31.25,2,load
1780605261.4332137,50.5808829000016,50724,0.050537,-0.073975,1.070801,1.931298,2.862595,-0.793893,1.074542,3.543251,3679,6251,2572,3679,0,31.25,3,load
1780605261.4638388,50.611507800000254,50755,0.031494,-0.032471,1.047852,1.839695,2.625954,-1.259542,1.048828,3.444787,3680,6253,2573,3680,0,31.25,6,load
1780605261.4949548,50.642623799998546,50786,0.04834,-0.020996,1.034668,2.320611,2.366412,-1.19084,1.036009,3.521824,3681,6255,2574,3681,0,31.25,7,load
1780605261.5256195,50.67328859999543,50817,0.047363,-0.034912,1.045166,1.984733,2.419847,-0.59542,1.046821,3.185804,3682,6257,2575,3682,0,31.25,7,load
1780605261.5576866,50.705355700003565,50848,0.020752,-0.088135,1.070068,0.885496,1.610687,-0.328244,1.073892,1.867126,3683,6259,2576,3683,0,31.25,6,load
1780605261.5888357,50.736504900007276,50880,0.118896,-0.009277,1.020508,0.145038,4.343512,2.015267,1.027452,4.790452,3684,6261,2577,3684,0,31.25,3,load
1780605261.6205828,50.76825190000818,50911,0.014404,0.028809,1.044434,1.374046,3.641221,4.236642,1.04493,5.75288,3687,6266,2579,3687,1,43.011,16,load
1780605261.6509182,50.79858729999978,50942,0.067139,-0.043945,1.033447,1.870229,3.580153,-1.89313,1.036558,4.460851,3689,6269,2580,3689,0,43.011,6,load
1780605261.6825073,50.83017640000617,50974,0.05127,-0.005127,1.048096,1.267176,2.519084,-0.732824,1.049361,2.913512,3693,6275,2582,3693,0,43.011,0,load
1780605261.7140508,50.861719900000026,51005,0.043945,-0.039307,1.050049,-0.068702,2.206107,-1.08397,1.051703,2.458987,3695,6279,2584,3695,0,43.011,0,load
1780605261.7450352,50.89270419999957,51036,0.03418,-0.027588,1.054688,2.389313,2.358779,-1.900763,1.055602,3.85818,3700,6285,2585,3700,0,43.011,6,load
1780605261.7760825,50.92375170000014,51068,0.04834,0.003906,1.05957,1.099237,2.862595,-0.755725,1.06068,3.158147,3702,6289,2587,3702,0,43.011,0,load
1780605261.8076975,50.95536659999925,51099,0.056885,-0.029785,1.061035,1.770992,2.259542,-0.80916,1.062976,2.982731,3704,6294,2590,3704,1,43.011,13,load
1780605261.8389258,50.98659490000864,51130,0.053711,-0.008789,1.058838,2.526718,2.938931,-0.984733,1.060236,3.998914,3710,6303,2593,3710,0,43.011,0,load
1780605261.8700855,51.01775450000423,51161,0.057129,-0.040039,1.050537,1.282443,3.091603,-1.007634,1.052851,3.495425,3712,6307,2595,3712,0,100.0,1,load
1780605261.9006853,51.04835450000246,51192,0.027832,-0.04248,1.054688,1.08397,3.038168,-1.160305,1.05591,3.428085,3715,6312,2597,3715,0,100.0,13,load
1780605261.9315765,51.07924550000462,51223,0.036133,-0.034912,1.064941,0.541985,2.709924,-0.396947,1.066126,2.791953,3718,6317,2599,3718,0,100.0,1,load
1780605261.9627836,51.1104525999981,51254,0.055664,-0.062256,1.041992,2.015267,2.717557,-0.923664,1.045333,3.507075,3720,6322,2602,3720,1,100.0,14,load
1780605261.994256,51.1419251000043,51286,0.030762,-0.026855,1.060547,2.236641,2.977099,-1.038168,1.061333,3.865679,3725,6329,2604,3725,0,100.0,0,load
1780605262.0259821,51.17365110000537,51317,0.036133,-0.045166,1.052978,1.015267,2.366412,-0.671756,1.054566,2.66119,3727,6333,2606,3727,0,100.0,1,load
1780605262.0570571,51.20472629999858,51348,0.052979,-0.057861,1.03833,2.343511,3.251908,-1.038168,1.04129,4.140621,3732,6340,2608,3732,1,100.0,13,load
1780605262.106205,51.253874000001815,51379,0.041992,-0.04541,1.057129,1.061069,2.51145,-0.793893,1.058937,2.839633,3737,6347,2610,3737,0,100.0,1,load
1780605262.1187325,51.26640160000534,51410,0.04541,-0.076904,1.041016,1.328244,2.564885,-1.167939,1.04484,3.115598,3739,6351,2612,3739,0,100.0,1,load
1780605262.1502857,51.29795490000106,51441,0.050293,-0.033691,1.039062,1.900763,3.419847,-0.709924,1.040824,3.976462,3743,6357,2614,3743,0,110.714,5,load
1780605262.182557,51.33022620000702,51473,0.047119,-0.05127,1.046875,0.603053,3.10687,-0.458015,1.049188,3.197826,3747,6363,2616,3747,0,110.714,0,load
1780605262.2137105,51.361379599999054,51505,0.029541,-0.049805,1.031494,2.068702,3.473282,-1.977099,1.033118,4.500238,3750,6370,2620,3750,1,110.714,3,load
1780605262.2452567,51.39292579999892,51536,0.043213,-0.039062,1.05835,0.335878,2.580153,-0.78626,1.059951,2.718126,3755,6377,2622,3755,0,110.714,0,load
1780605262.2767277,51.42439670000749,51568,0.05249,-0.065918,1.047852,2.076336,2.351145,-0.610687,1.051234,3.195621,3757,6382,2625,3757,1,110.714,13,load
1780605262.306064,51.45373290000134,51599,0.057373,-0.044189,1.057373,2.038168,3.458015,-0.969466,1.05985,4.12939,3760,6387,2627,3760,0,110.714,1,load
1780605262.337517,51.48518600000534,51629,0.027832,-0.025879,1.055664,0.557252,2.839695,-0.816794,1.056348,3.006917,3762,6391,2629,3762,0,110.714,1,load
1780605262.3684998,51.51616880000802,51660,0.044678,-0.036377,1.058838,1.572519,2.557252,-1.335878,1.060404,3.285867,3764,6396,2632,3764,1,110.714,14,load
1780605262.3992605,51.5469296000083,51691,0.04834,-0.012695,1.057861,1.89313,3.076336,-0.625954,1.059041,3.666006,3770,6405,2635,3770,0,108.0,1,load
1780605262.430233,51.57790200000454,51722,0.04126,-0.030762,1.049805,1.740458,2.801527,-1.19084,1.051065,3.506543,3772,6409,2637,3772,0,108.0,0,load
1780605262.4604292,51.608098199998494,51753,0.044922,0.001709,1.039551,3.167939,3.70229,-0.870229,1.040522,4.949756,3776,6415,2639,3776,0,108.0,6,load
1780605262.491085,51.63875420000113,51783,0.051758,-0.044922,1.067871,1.145038,3.19084,-0.824427,1.070068,3.488875,3779,6419,2640,3779,0,108.0,5,load
1780605262.5222259,51.66989499999909,51814,0.056885,-0.059814,1.045898,1.48855,2.618321,-0.419847,1.049151,3.040996,3781,6424,2643,3781,1,108.0,13,load
1780605262.5537636,51.70143260000623,51845,0.030029,-0.037354,1.052978,2.152672,3.312977,-0.916031,1.054069,4.055728,3786,6431,2645,3786,0,108.0,1,load
1780605262.5843961,51.73206520000531,51877,0.043457,-0.041504,1.048584,1.40458,2.938931,-1.0,1.050304,3.407369,3788,6435,2647,3788,0,108.0,0,load
1780605262.6154618,51.76313079999818,51907,0.035156,-0.051758,1.048584,1.832061,3.19084,-1.160305,1.050449,3.858007,3790,6440,2650,3790,1,108.0,14,load
1780605262.6474051,51.795074199995724,51938,0.035645,-0.024658,1.051758,2.068702,3.290076,-1.19084,1.05265,4.064754,3795,6447,2652,3795,0,108.0,1,load
1780605262.6772966,51.824965599997086,51969,0.056396,-0.030273,1.055664,1.992366,3.229008,0.427481,1.057603,3.818214,3797,6451,2654,3797,0,97.122,0,load
1780605262.708159,51.85582810000051,52000,0.060059,-0.019775,1.037109,2.671756,4.129771,-0.961832,1.039035,5.011826,3800,6456,2656,3800,1,97.122,15,load
1780605262.7395985,51.887267600002815,52031,0.036377,-0.008545,1.04541,1.206107,3.114504,-1.175572,1.046078,3.540734,3802,6459,2657,3802,0,97.122,5,load
1780605262.7709794,51.91864849999547,52062,0.041504,-0.052979,1.045166,1.580153,2.70229,-1.694656,1.04733,3.559651,3803,6461,2658,3803,0,97.122,5,load
1780605262.8012028,51.94887190000736,52092,0.030273,-0.002686,1.036865,1.839695,3.282443,-1.671756,1.03731,4.117484,3804,6464,2660,3804,1,97.122,20,load
1780605262.8319526,51.97962169999664,52123,0.044678,-0.029297,1.030518,2.259542,3.022901,-1.412214,1.031902,4.029616,3805,6466,2661,3805,1,97.122,17,load
1780605262.8634543,52.01112330000615,52154,0.050049,-0.050781,1.051758,2.328244,3.541985,-1.938931,1.054172,4.661098,3807,6469,2662,3807,0,97.122,6,load
1780605262.8935513,52.0412204000022,52185,0.041992,-0.015625,1.031738,3.137405,4.129771,-2.946565,1.032711,5.964944,3808,6471,2663,3808,0,97.122,7,load
1780605262.9257812,52.073450399999274,52217,0.05542,0.008545,1.058106,2.832061,4.328244,-1.137405,1.05959,5.296032,3809,6473,2664,3809,0,97.122,6,load
1780605262.9547296,52.10239870000805,52247,0.054199,-0.046631,1.044678,2.152672,4.10687,-0.748092,1.047122,4.69681,3810,6475,2665,3810,0,46.763,6,load
1780605262.9855204,52.133189400003175,52278,0.03125,-0.065186,1.052246,2.625954,2.725191,-0.832061,1.054726,3.874871,3811,6477,2666,3811,0,46.763,7,load
1780605263.0171618,52.16483100000187,52309,0.031982,-0.010498,1.060791,2.099237,3.312977,-0.89313,1.061325,4.022474,3812,6479,2667,3812,0,46.763,7,load
1780605263.0490093,52.196678299995256,52340,0.034668,-0.048828,1.071045,2.442748,2.664122,-2.083969,1.072718,4.172229,3813,6481,2668,3813,0,46.763,7,load
1780605263.0895271,52.23719630000414,52371,0.036377,-0.057129,1.067871,2.305344,2.610687,-0.770992,1.070017,3.567173,3814,6483,2669,3814,0,46.763,7,load
1780605263.1106167,52.258285799995065,52402,0.05249,-0.057861,1.05127,1.969466,2.946565,-0.59542,1.054168,3.593823,3815,6485,2670,3815,0,46.763,6,load
1780605263.142103,52.289772100004484,52433,0.042236,-0.003418,1.04541,2.480916,3.152672,-1.167939,1.046269,4.178321,3816,6487,2671,3816,0,46.763,7,load
1780605263.1729145,52.320583499997156,52464,0.050049,0.034424,1.054199,1.770992,3.557252,-1.824428,1.055948,4.372526,3817,6489,2672,3817,0,46.763,7,load
1780605263.2040474,52.35171650000848,52495,0.02124,0.011963,1.072998,1.389313,2.694656,-1.061069,1.073275,3.212044,3818,6491,2673,3818,0,46.763,8,load
1780605263.23439,52.382058999995934,52526,0.048096,-0.095947,1.062988,1.412214,3.389313,-0.564886,1.068393,3.714954,3819,6493,2674,3819,0,32.258,8,load
1780605263.2652588,52.41292780000367,52557,0.039551,0.022461,1.029541,2.244275,3.70229,-0.473282,1.030545,4.355194,3820,6495,2675,3820,0,32.258,8,load
1780605263.2952287,52.442897800006904,52587,0.064697,0.009521,1.056152,1.076336,3.076336,-0.740458,1.058175,3.342248,3821,6497,2676,3821,0,32.258,8,load
1780605263.3256934,52.47336240000732,52617,0.013916,-0.020996,1.053467,2.183206,2.557252,-0.305344,1.053768,3.376264,3822,6499,2677,3822,0,32.258,8,load
1780605263.3571613,52.5048303000076,52648,0.013184,-0.022217,1.051514,2.282443,3.114504,-1.015267,1.051831,3.992549,3823,6501,2678,3823,0,32.258,7,load
1780605263.3888319,52.53650099999504,52680,0.006836,-0.023193,1.054932,1.778626,2.870229,-0.603053,1.055209,3.430072,3824,6503,2679,3824,0,32.258,7,load
1780605263.4195445,52.56721350000589,52711,0.009277,-0.031738,1.049316,2.732824,2.816794,-1.610687,1.049837,4.242284,3825,6505,2680,3825,0,32.258,7,load
1780605263.4504008,52.59806980000576,52742,0.075195,-0.049805,1.047607,3.267176,2.671756,-1.145038,1.051483,4.37308,3825,6506,2681,3825,1,32.258,24,load
1780605263.4818616,52.629530699996394,52773,0.07373,-0.037109,1.0354,2.183206,4.267176,0.160305,1.038685,4.795923,3826,6508,2682,3826,1,32.258,17,load
1780605263.5127158,52.660384899994824,52804,0.04126,-0.060059,1.039062,1.78626,3.381679,0.473282,1.041614,3.853631,3827,6510,2683,3827,1,28.777,18,load
1780605263.5440755,52.69174449999991,52835,0.041748,-0.014648,1.052002,0.877863,2.519084,-0.48855,1.052932,2.71203,3828,6512,2684,3828,1,28.777,19,load
1780605263.5747848,52.72245380000095,52866,0.058105,0.035889,1.060791,0.816794,2.541985,-1.152672,1.062987,2.908177,3829,6514,2685,3829,1,28.777,20,load
1780605263.6068113,52.75448040000629,52897,0.030762,-0.064209,1.050537,0.022901,1.969466,-2.335878,1.052947,3.055429,3830,6516,2686,3830,1,28.777,20,load
1780605263.6386247,52.78629380000348,52929,0.031982,0.012207,1.061768,-0.374046,2.274809,-1.862595,1.062319,2.96377,3831,6518,2687,3831,1,28.777,22,load
1780605263.6706276,52.81829660000221,52961,0.039307,-0.000488,1.052246,-0.709924,2.305344,-0.793893,1.05298,2.539462,3832,6519,2687,3832,0,28.777,10,load
1780605263.7014894,52.84915850000107,52992,0.04248,-0.028076,1.064209,0.412214,2.221374,0.282443,1.065426,2.276883,3834,6521,2687,3834,0,28.777,1,load
1780605263.7329586,52.88062759999593,53023,0.026367,-0.029541,1.05957,0.236641,2.167939,-0.114504,1.06031,2.18382,3836,6523,2687,3836,0,28.777,0,load
1780605263.7636046,52.911273599995184,53054,0.055176,0.018066,1.071533,1.419847,3.061069,-0.267176,1.073105,3.384892,3837,6525,2688,3837,0,40.0,2,load
1780605263.7938783,52.941547399997944,53085,0.054443,-0.091064,1.06665,2.778626,3.312977,-0.427481,1.071914,4.345034,3838,6527,2689,3838,0,40.0,3,load
1780605263.8251412,52.9728102000081,53116,0.068848,-0.053467,1.075439,1.419847,3.083969,-1.152672,1.078966,3.585455,3839,6529,2690,3839,0,40.0,5,load
1780605263.8556461,53.003315199995995,53147,0.032471,-0.060547,1.031494,3.137405,2.931298,-0.770992,1.03378,4.362366,3840,6531,2691,3840,0,40.0,5,load
1780605263.8864539,53.03412290000415,53178,0.063477,0.011963,1.040527,2.137405,3.526718,-1.267176,1.04253,4.31416,3841,6533,2692,3841,0,40.0,7,load
1780605263.9183192,53.06598840000515,53209,0.028809,-0.015137,1.051514,2.183206,3.206107,-1.862595,1.052017,4.30288,3842,6535,2693,3842,0,40.0,7,load
1780605263.94828,53.09594909999578,53240,0.007324,0.020264,1.071289,2.152672,2.442748,-2.053435,1.071506,3.849365,3843,6537,2694,3843,0,40.0,7,load
1780605263.980065,53.12773429999652,53271,0.057861,-0.037598,1.079834,0.854962,2.80916,-0.89313,1.082036,3.069206,3844,6539,2695,3844,0,40.0,7,load
1780605264.010522,53.158190900008776,53302,0.050293,-0.034424,1.050781,2.083969,3.221374,-0.969466,1.052547,3.957277,3845,6541,2696,3845,0,40.0,8,load
1780605264.04099,53.18865920000826,53333,0.041504,-0.004883,1.057861,1.641221,3.656489,-0.473282,1.058686,4.035779,3846,6543,2697,3846,0,32.258,8,load
1780605264.0735478,53.22121689999767,53364,0.048096,-0.010254,1.048096,1.755725,2.816794,-0.19084,1.049249,3.324653,3847,6545,2698,3847,0,32.258,7,load
1780605264.1035678,53.251236800002516,53395,0.032471,0.008789,1.054199,1.458015,2.603053,-1.374046,1.054736,3.284768,3848,6547,2699,3848,0,32.258,7,load
1780605264.147776,53.29544499999611,53426,0.04541,-0.053711,1.046387,1.290076,2.412214,-1.755725,1.048748,3.250484,3849,6549,2700,3849,0,32.258,6,load
1780605264.1679313,53.31560040000477,53458,0.056885,-0.01001,1.050537,2.160305,3.679389,0.267176,1.052124,4.275068,3851,6553,2702,3851,0,32.258,0,load
1780605264.1980782,53.345747300001676,53489,0.072266,0.000977,1.01709,-0.19084,3.183206,0.954198,1.019654,3.328621,3853,6557,2704,3853,0,32.258,0,load
1780605264.2297795,53.377448600003845,53520,0.052734,-0.033447,1.026611,2.549618,3.351145,-2.465649,1.028509,4.879565,3857,6563,2706,3857,0,32.258,6,load
1780605264.2616227,53.40929170000891,53552,0.062256,-0.014893,1.056152,1.08397,2.778626,-1.007634,1.05809,3.148186,3861,6569,2708,3861,0,32.258,0,load
1780605264.2926638,53.44033290000516,53583,0.042969,-0.03418,1.046875,1.076336,2.526718,-1.770992,1.048314,3.267907,3863,6573,2710,3863,0,68.0,1,load
1780605264.3229632,53.470632299999124,53614,0.068848,0.000488,1.044922,3.48855,4.442748,-1.053435,1.047188,5.746104,3867,6579,2712,3867,0,68.0,6,load
1780605264.3534396,53.50110860000132,53645,0.061279,-0.04834,1.056641,0.694656,2.908397,-0.648855,1.059519,3.059793,3869,6583,2714,3869,0,68.0,0,load
1780605264.3843043,53.53197330000694,53676,0.034668,-0.031982,1.038086,2.267176,2.656489,-1.526718,1.039157,3.811546,3871,6588,2717,3871,1,68.0,14,load
1780605264.4165492,53.564218400002574,53707,0.026367,-0.045654,1.050293,2.099237,3.618321,-0.954198,1.051615,4.290633,3876,6595,2719,3876,0,68.0,1,load
1780605264.4469957,53.59466469999461,53738,0.035156,-0.032959,1.04541,0.816794,2.412214,-0.526718,1.04652,2.600646,3879,6601,2722,3879,0,68.0,1,load
1780605264.477833,53.625502199996845,53769,0.049805,-0.053223,1.054199,1.557252,3.366412,-1.435114,1.056716,3.977099,3881,6606,2725,3881,1,68.0,14,load
1780605264.5084417,53.65611080000235,53800,0.042725,-0.035889,1.05835,0.534351,2.610687,-0.931298,1.059819,2.822859,3885,6611,2726,3885,0,68.0,5,load
1780605264.540124,53.687793100005365,53831,0.046387,-0.077393,1.04126,1.305344,2.908397,-1.351145,1.045162,3.462411,3887,6615,2728,3887,0,68.0,0,load
1780605264.5708206,53.71848969999701,53862,0.041748,-0.028076,1.048828,2.549618,3.587786,-0.618321,1.050034,4.444669,3891,6621,2730,3891,0,100.358,5,load
1780605264.6025722,53.750241300003836,53893,0.061279,-0.024414,1.057373,1.366412,2.900763,-0.51145,1.059429,3.247013,3895,6627,2732,3895,0,100.358,0,load
1780605264.633731,53.781400000007125,53924,0.069336,-0.052002,1.053467,2.267176,2.80916,-0.992366,1.057026,3.743829,3897,6634,2737,3897,1,100.358,14,load
1780605264.6640205,53.811689499998465,53956,0.040283,-0.019287,1.075439,1.221374,2.59542,-1.068702,1.076366,3.061059,3902,6641,2739,3902,0,100.358,0,load
1780605264.6954925,53.84316150000086,53986,0.018799,-0.028809,1.074219,1.801527,2.900763,-1.282443,1.074769,3.647545,3903,6643,2740,3903,0,100.358,5,load
1780605264.7274003,53.875069300003815,54017,0.068359,-0.023193,1.04834,2.770992,3.732824,-0.770992,1.050822,4.71241,3906,6647,2741,3906,0,100.358,6,load
1780605264.7585769,53.906245999998646,54049,0.046387,-0.020996,1.057129,0.862595,2.877863,-0.305344,1.058354,3.019834,3908,6651,2743,3908,0,100.358,0,load
1780605264.7897358,53.93740490000346,54080,0.042969,-0.012695,1.053955,1.847328,3.083969,-0.801527,1.054907,3.683196,3910,6656,2746,3910,1,100.358,13,load
1780605264.8207421,53.96841129999666,54111,0.054932,-0.014648,1.06543,2.038168,2.564885,-0.725191,1.066945,3.355394,3916,6665,2749,3916,0,100.358,0,load
1780605264.8521907,53.9998598999955,54142,0.023438,-0.032959,1.054443,1.648855,2.969466,-1.061069,1.055219,3.558415,3918,6669,2751,3918,0,96.429,1,load
1780605264.8808649,54.02853399999731,54173,0.050537,0.003662,1.039307,2.78626,3.862595,-0.900763,1.040541,4.847088,3922,6675,2753,3922,0,96.429,6,load
1780605264.912021,54.05968990000838,54204,0.051025,-0.00415,1.054688,0.977099,2.816794,-0.572519,1.055929,3.035923,3924,6679,2755,3924,0,96.429,1,load
1780605264.9447355,54.09240460000001,54235,0.04541,-0.014404,1.046631,2.312977,2.755725,-0.725191,1.047714,3.670121,3926,6684,2758,3926,1,96.429,13,load
1780605264.9759014,54.123570499999914,54266,0.041992,-0.019775,1.062012,1.694656,3.083969,-0.80916,1.063026,3.610744,3932,6691,2759,3932,0,96.429,1,load
1780605265.0071442,54.1548133000033,54298,0.050049,-0.039307,1.074219,1.274809,2.740458,-0.778626,1.076102,3.121138,3936,6697,2761,3936,0,96.429,1,load
1780605265.0386941,54.18636320000223,54329,0.057373,-0.005615,1.04126,2.847328,3.427481,-0.694656,1.042854,4.509706,3940,6703,2763,3940,0,96.429,5,load
1780605265.067671,54.21534019999672,54360,0.044434,-0.007568,1.05957,1.259542,2.854962,-1.129771,1.060528,3.31868,3944,6709,2765,3944,0,96.429,0,load
1780605265.100176,54.24784520000685,54391,0.03418,-0.018311,1.042969,2.007634,2.503817,-0.694656,1.043689,3.283632,3945,6712,2767,3945,1,96.429,17,load
1780605265.1325362,54.280205200004275,54423,0.058838,-0.0354,1.059326,2.48855,2.977099,-0.801527,1.061549,3.962126,3948,6717,2769,3948,0,106.762,0,load
1780605265.1654863,54.31315529999847,54455,0.035889,-0.043457,1.054443,0.992366,2.793893,-1.412214,1.055948,3.284049,3950,6721,2771,3950,0,106.762,0,load
1780605265.1955423,54.34321130000171,54486,0.064941,-0.022461,1.047363,2.572519,3.564885,-1.198473,1.049615,4.5566,3955,6729,2774,3955,0,106.762,6,load
1780605265.2265716,54.374240599994664,54517,0.050293,-0.021729,1.059326,0.748092,2.526718,-0.862595,1.060742,2.772727,3959,6735,2776,3959,0,106.762,0,load
1780605265.2570958,54.404764999999315,54548,0.076416,-0.008789,1.055176,1.725191,3.21374,0.572519,1.057976,3.69218,3961,6740,2779,3961,1,106.762,14,load
1780605265.2882807,54.435949799997616,54579,0.041016,-0.002686,1.047119,2.068702,4.206106,-0.320611,1.047926,4.698261,3963,6743,2780,3963,0,106.762,5,load
1780605265.3193643,54.46703329999582,54610,0.026611,-0.019287,1.04541,1.145038,2.969466,-0.473282,1.045927,3.217582,3965,6747,2782,3965,0,106.762,0,load
1780605265.3500469,54.497715999998036,54641,0.047607,-0.061768,1.059814,1.015267,1.748092,-1.312977,1.06268,2.410498,3968,6754,2786,3968,1,106.762,3,load
1780605265.3803678,54.52803679999488,54672,0.051514,0.008057,1.050537,1.80916,3.038168,-0.320611,1.05183,3.550538,3973,6761,2788,3973,0,106.762,0,load
1780605265.413203,54.56087200000184,54703,0.0354,-0.04126,1.074707,1.328244,2.656489,-1.053435,1.076081,3.151332,3975,6765,2790,3975,0,96.429,0,load
1780605265.4426975,54.590366600008565,54734,0.046875,-0.007324,1.045898,2.847328,3.374046,-0.847328,1.046974,4.49549,3978,6769,2791,3978,0,96.429,6,load
1780605265.4751134,54.62278240000887,54765,0.046631,-0.03833,1.065918,1.061069,2.48855,-1.183206,1.067626,2.952748,3982,6775,2793,3982,0,96.429,1,load
1780605265.505025,54.652693900003214,54796,0.047363,-0.072021,1.040772,1.656489,2.931298,-1.824428,1.044335,3.82949,3984,6779,2795,3984,0,96.429,0,load
1780605265.5356824,54.68335140000272,54827,0.049316,-0.050049,1.052002,2.21374,2.78626,-1.862595,1.054346,4.016609,3990,6787,2797,3990,0,96.429,5,load
1780605265.5665586,54.7142276000086,54858,0.03833,-0.002197,1.049561,2.030534,3.450382,-5.465648,1.050262,6.775066,3994,6793,2799,3994,0,96.429,0,load
1780605265.5982897,54.74595870000485,54889,0.036377,-0.006104,1.040527,1.389313,3.129771,-1.076336,1.041181,3.589451,3996,6798,2802,3996,1,96.429,14,load
1780605265.6299736,54.777642700006254,54920,0.035156,-0.018311,1.055908,1.80916,2.870229,-0.496183,1.056652,3.428918,4000,6803,2803,4000,0,96.429,1,load
1780605265.6601458,54.80781480000587,54951,0.031738,-0.026855,1.04834,1.198473,2.740458,-0.435114,1.049164,3.022544,4002,6807,2805,4002,0,96.429,0,load
1780605265.6912556,54.83892460000061,54982,0.046631,-0.072266,1.063965,1.427481,2.877863,-1.358779,1.067435,3.48799,4004,6812,2808,4004,1,103.943,3,load
1780605265.7233784,54.871047499997076,55014,0.046875,-0.006104,1.041504,1.244275,2.816794,-1.442748,1.042576,3.400598,4006,6815,2809,4006,0,103.943,5,load
1780605265.753908,54.901576999996905,55045,0.065186,-0.029541,1.05957,2.21374,3.412214,-0.961832,1.061985,4.17959,4008,6819,2811,4008,0,103.943,0,load
1780605265.7854986,54.933167800001684,55076,0.053467,-0.048584,1.076172,1.900763,2.916031,-0.923664,1.078594,3.60129,4010,6822,2812,4010,1,103.943,18,load
1780605265.8173094,54.96497840000666,55108,0.057617,-0.052979,1.055176,1.793893,3.061069,-1.0,1.058075,3.686217,4012,6825,2813,4012,0,103.943,6,load
1780605265.8482654,54.99593459999596,55139,0.042236,-0.002197,1.062256,1.167939,3.244275,-0.862595,1.063098,3.55436,4013,6827,2814,4013,0,103.943,6,load
1780605265.8797367,55.02740580000682,55170,0.069824,-0.051758,1.041504,1.832061,3.381679,0.221374,1.045124,3.852429,4015,6831,2816,4015,0,103.943,0,load
1780605265.910754,55.05842309999571,55201,0.044189,-0.037842,1.064697,2.076336,2.832061,-1.709924,1.066286,3.905839,4017,6834,2817,4017,1,103.943,18,load
1780605265.9416435,55.089312600000994,55232,0.041748,-0.025879,1.051025,2.045802,3.206107,-0.877863,1.052172,3.903212,4019,6837,2818,4019,0,60.0,6,load
1780605265.9729142,55.12058329999854,55264,0.015869,-0.006836,1.050537,0.931298,2.938931,-1.099237,1.050679,3.273065,4022,6841,2819,4022,0,60.0,7,load
1780605266.0044184,55.15208739999798,55295,0.031738,-0.037354,1.052734,1.725191,2.725191,-1.412214,1.053875,3.52098,4023,6843,2820,4023,0,60.0,6,load
1780605266.0349712,55.182640200000606,55326,0.028564,-0.002686,1.060059,1.625954,2.51145,-0.847328,1.060447,3.109514,4024,6845,2821,4024,0,60.0,6,load
1780605266.066192,55.2138610999973,55357,0.054932,-0.081543,1.0625,2.435115,3.198473,-1.458015,1.067039,4.276192,4025,6847,2822,4025,0,60.0,5,load
1780605266.0966055,55.244274500000756,55388,0.044189,-0.051514,1.051758,2.312977,3.083969,-0.053435,1.053945,3.855332,4026,6849,2823,4026,0,60.0,3,load
1780605266.1285818,55.276250900002196,55419,0.052734,-0.023193,1.05127,1.778626,2.534351,-0.679389,1.052847,3.169861,4027,6851,2824,4027,0,60.0,2,load
1780605266.159137,55.30680600000778,55450,0.036621,-0.011719,1.061523,0.832061,2.206107,-0.580153,1.06222,2.428129,4028,6853,2825,4028,0,60.0,1,load
1780605266.2019491,55.3496182999952,55481,0.03418,-0.057617,1.03833,1.572519,2.320611,-1.038168,1.040489,2.989288,4030,6855,2825,4030,0,60.0,0,load
1780605266.221394,55.369063200007076,55512,0.014893,-0.05249,1.042969,1.694656,2.114504,-0.992366,1.044395,2.885789,4032,6857,2825,4032,0,46.429,0,load
1780605266.254217,55.40188610000769,55544,0.018066,-0.063477,1.039307,1.80916,1.641221,-1.458015,1.0414,2.844728,4034,6859,2825,4034,0,46.429,0,load
1780605266.284,55.431669099998544,55575,0.044189,-0.00708,1.051025,0.19084,2.709924,0.053435,1.051978,2.717161,4036,6861,2825,4036,0,46.429,1,load
1780605266.316217,55.46388609999849,55606,0.049072,-0.014404,1.050537,-0.312977,2.244275,-0.167939,1.051781,2.272208,4037,6863,2826,4037,0,46.429,1,load
1780605266.3478122,55.49548120000691,55638,0.049316,-0.066162,1.047119,0.221374,2.320611,0.053435,1.050366,2.331758,4038,6865,2827,4038,0,46.429,1,load
1780605266.3791618,55.52683099999558,55670,0.024658,0.018311,1.065186,0.335878,1.412214,-0.114504,1.065628,1.456116,4039,6867,2828,4039,0,46.429,2,load
1780605266.4111073,55.558776400008355,55702,0.04126,-0.075928,1.067871,0.908397,2.70229,-0.358779,1.071362,2.873374,4040,6869,2829,4040,0,46.429,3,load
1780605266.4421313,55.589800300003844,55733,0.059814,0.031982,1.065918,0.648855,3.129771,0.0,1.068074,3.196323,4041,6871,2830,4041,0,46.429,5,load
1780605266.472597,55.62026599999808,55764,0.086914,0.013672,1.043213,0.381679,3.885496,-0.694656,1.046916,3.965515,4042,6873,2831,4042,0,39.683,8,load
1780605266.50398,55.651648900005966,55795,0.039551,0.038818,1.093994,1.206107,2.603053,-0.977099,1.095397,3.030727,4043,6875,2832,4043,0,39.683,7,load
1780605266.5346978,55.68236679999973,55826,0.035645,-0.04248,1.061523,2.748092,4.259542,-1.19084,1.062971,5.207092,4044,6877,2833,4044,0,39.683,8,load
1780605266.5664585,55.71412750000309,55857,0.030518,-0.060547,1.031738,2.816794,2.961832,-1.946565,1.033964,4.527239,4045,6879,2834,4045,0,39.683,8,load
1780605266.5972211,55.74489010000252,55888,0.031738,-0.071777,1.052246,1.854962,2.70229,-1.396947,1.055169,3.562964,4046,6881,2835,4046,0,39.683,8,load
1780605266.6288652,55.7765342000057,55919,0.061768,0.013184,1.050781,1.763359,2.709924,-0.793893,1.052678,3.329172,4046,6882,2836,4046,1,39.683,27,load
1780605266.6600835,55.80775249999715,55950,0.044434,0.029785,1.041504,0.465649,3.099237,-0.526718,1.042877,3.177976,4047,6884,2837,4047,1,39.683,19,load
1780605266.691989,55.839657999997144,55982,0.039062,0.016602,1.0354,-0.503817,2.587786,-1.458015,1.03627,3.012686,4048,6885,2837,4048,0,39.683,12,load
1780605266.7219896,55.86965860000055,56014,0.048828,0.0,1.056641,-0.732824,1.427481,0.435114,1.057768,1.662546,4050,6887,2837,4050,0,32.0,0,load
1780605266.7589717,55.90664070000639,56045,0.039795,0.044189,1.080078,0.717557,2.801527,0.328244,1.081714,2.91053,4051,6889,2838,4051,0,32.0,2,load
1780605266.7892547,55.93692380000721,56081,0.05127,0.001953,1.06543,0.21374,2.450382,0.664122,1.066664,2.547766,4053,6891,2838,4053,0,32.0,1,load
1780605266.820661,55.96833020000486,56112,0.049805,0.026367,1.081055,0.625954,2.740458,-0.259542,1.082522,2.822993,4054,6893,2839,4054,0,32.0,2,load
1780605266.8526871,56.000356100004865,56143,0.049561,0.040039,1.056885,0.206107,3.022901,-0.687023,1.058803,3.106833,4055,6895,2840,4055,0,32.0,4,load
1780605266.8838875,56.03155670000706,56174,0.054443,-0.052002,1.045654,1.099237,2.839695,-0.587786,1.048361,3.101238,4056,6897,2841,4056,0,32.0,7,load
1780605266.9144013,56.06207030000223,56205,0.010254,-0.070801,1.062744,2.076336,2.748092,-0.259542,1.065149,3.454062,4057,6899,2842,4057,0,32.0,7,load
1780605266.943991,56.091660100006266,56236,0.078125,0.019531,1.081299,2.641221,3.832061,-0.519084,1.084293,4.682968,4058,6901,2843,4058,0,32.0,8,load
1780605266.9765763,56.12424530000135,56267,0.031006,-0.041016,1.064697,2.236641,3.969466,-1.206107,1.065938,4.713164,4059,6903,2844,4059,0,35.573,7,load
1780605267.0062432,56.15391219999583,56298,0.055908,0.001221,1.050537,2.687023,3.931298,-1.236641,1.052024,4.919804,4060,6905,2845,4060,0,35.573,8,load
1780605267.0386162,56.18628530000569,56329,0.049805,-0.064209,1.053955,2.526718,3.48855,-1.08397,1.057083,4.441764,4061,6907,2846,4061,0,35.573,8,load
1780605267.068406,56.216075200005434,56360,0.053223,-0.032227,1.043945,2.480916,3.236641,-1.061069,1.045798,4.213865,4062,6909,2847,4062,0,35.573,7,load
1780605267.1001742,56.24784320000617,56391,0.059326,0.00708,1.060547,2.618321,2.977099,-1.282443,1.062229,4.166939,4063,6911,2848,4063,0,35.573,8,load
1780605267.131238,56.27890699999989,56422,0.049316,-0.051514,1.056152,2.709924,3.221374,-0.89313,1.058557,4.303326,4064,6913,2849,4064,0,35.573,7,load
1780605267.1632996,56.31096869999601,56453,0.057129,-0.03418,1.074463,1.290076,2.870229,-0.343511,1.076523,3.165519,4065,6915,2850,4065,0,35.573,6,load
1780605267.1929247,56.3405938000069,56484,0.049561,-0.016357,1.064697,0.580153,2.290076,-0.900763,1.065976,2.52832,4066,6917,2851,4066,0,35.573,6,load
1780605267.2229629,56.37063190000481,56515,0.071289,-0.039551,1.059326,0.007634,2.725191,-0.114504,1.062459,2.727606,4068,6921,2853,4068,0,35.573,0,load
1780605267.2552612,56.40293019999808,56546,0.061035,-0.049805,1.063965,0.549618,2.755725,-1.183206,1.066877,3.048947,4070,6926,2856,4070,1,39.427,15,load
1780605267.2869737,56.43464269999822,56578,0.039307,-0.016846,1.058106,1.732824,2.862595,-0.541985,1.058969,3.38982,4076,6933,2857,4076,0,39.427,0,load
1780605267.318661,56.46633009999641,56609,0.056885,-0.026123,1.047607,0.51145,2.366412,-0.70229,1.049476,2.520853,4078,6937,2859,4078,0,39.427,0,load
1780605267.349403,56.497071899997536,56640,0.071533,-0.064941,1.046875,0.877863,2.656489,-1.91603,1.051324,3.39098,4080,6942,2862,4080,1,39.427,14,load
1780605267.3813052,56.52897430000303,56671,0.055664,-0.013184,1.054932,2.251908,2.89313,-1.022901,1.056482,3.80626,4085,6949,2864,4085,0,39.427,0,load
1780605267.41298,56.56064910000714,56703,0.027832,-0.04126,1.055908,1.549618,2.236641,-0.732824,1.05708,2.817962,4087,6953,2866,4087,0,39.427,0,load
1780605267.4435418,56.591210900005535,56734,0.050781,-0.015137,1.040772,2.618321,2.717557,-0.824427,1.04212,3.862694,4091,6959,2868,4091,0,39.427,6,load
1780605267.4737585,56.62142749999475,56765,0.052734,-0.004883,1.059082,0.755725,3.229008,-0.648855,1.060405,3.379145,4093,6963,2870,4093,0,39.427,1,load
1780605267.5064747,56.654143899999326,56796,0.068115,-0.029785,1.063232,1.351145,2.099237,-0.534351,1.065828,2.553022,4095,6968,2873,4095,1,100.0,14,load
1780605267.5382273,56.685896399998455,56828,0.021484,-0.019043,1.054688,2.496183,2.526718,-0.656489,1.055078,3.611954,4101,6977,2876,4101,0,100.0,0,load
1780605267.5690758,56.7167449999979,56859,0.033203,-0.038574,1.051758,0.832061,2.778626,-0.748092,1.052988,2.995452,4103,6981,2878,4103,0,100.0,1,load
1780605267.5989108,56.74657980000484,56890,0.064453,-0.02124,1.046387,2.725191,3.770992,-1.198473,1.048585,4.804517,4106,6986,2880,4106,0,100.0,13,load
1780605267.6308832,56.778552300005686,56921,0.04248,-0.050049,1.067871,0.450382,2.152672,-0.854962,1.069887,2.359618,4111,6993,2882,4111,0,100.0,1,load
1780605267.661691,56.80936010000005,56952,0.04126,-0.073242,1.047119,1.152672,2.519084,-0.938931,1.050488,2.925069,4113,6998,2885,4113,1,100.0,14,load
1780605267.6931295,56.84079850000853,56983,0.045166,-0.05957,1.059082,1.946565,3.160305,-1.366412,1.061717,3.955215,4118,7005,2887,4118,0,100.0,1,load
1780605267.724236,56.871905000007246,57015,0.03833,-0.036377,1.050781,1.541985,2.732824,-0.526718,1.052109,3.181741,4120,7009,2889,4120,0,100.0,0,load
1780605267.755696,56.9033652000071,57046,0.029053,-0.057373,1.047119,2.21374,3.885496,-0.969466,1.049092,4.575762,4125,7016,2891,4125,1,120.0,14,load
1780605267.7861748,56.933843899998465,57077,0.0354,-0.035156,1.05127,0.381679,2.320611,-0.694656,1.052453,2.452236,4130,7023,2893,4130,0,120.0,0,load
1780605267.8182163,56.96588540000084,57108,0.047119,-0.06543,1.037354,1.328244,2.251908,-1.305344,1.040482,2.922199,4132,7027,2895,4132,0,120.0,1,load
1780605267.8486576,56.9963265999977,57139,0.052979,-0.059082,1.054688,2.259542,3.083969,-1.21374,1.057669,4.01118,4135,7032,2897,4135,1,120.0,3,load
1780605267.879924,57.027593200007686,57170,0.046631,-0.020752,1.051514,0.832061,2.458015,-0.664122,1.052752,2.678661,4138,7037,2899,4138,0,120.0,1,load
1780605267.90941,57.057079000005615,57201,0.024902,-0.008789,1.042236,1.648855,3.21374,-0.832061,1.042571,3.70664,4141,7044,2903,4141,1,120.0,2,load
1780605267.941301,57.08897009999782,57232,0.059082,-0.003906,1.062256,2.022901,3.290076,-0.656489,1.063905,3.917615,4146,7051,2905,4146,0,120.0,1,load
1780605267.9714966,57.11916570000176,57262,0.057861,-0.039307,1.065918,1.580153,3.083969,-0.526718,1.068211,3.505022,4148,7055,2907,4148,0,120.0,0,load
1780605268.0015056,57.149174699996365,57293,0.046631,-0.031982,1.044434,3.160305,3.70229,-0.801527,1.045963,4.933247,4152,7061,2909,4152,0,120.0,6,load
1780605268.032327,57.17999590000545,57324,0.03833,-0.019043,1.0625,1.007634,2.59542,-0.709924,1.063362,2.873242,4155,7065,2910,4155,0,107.914,6,load
1780605268.0636199,57.21128889999818,57354,0.050781,-0.07251,1.057129,1.465649,2.870229,-1.229008,1.060829,3.449174,4157,7070,2913,4157,1,107.914,13,load
1780605268.0962825,57.24395160000131,57386,0.026123,-0.061279,1.057373,2.305344,2.839695,-1.007634,1.059469,3.793916,4162,7077,2915,4162,0,107.914,1,load
1780605268.1273708,57.27504000000772,57418,0.04834,-0.043457,1.058106,1.328244,2.557252,-0.427481,1.0601,2.913162,4165,7083,2918,4165,0,107.914,1,load
1780605268.1710253,57.31869440000446,57449,0.035889,-0.035156,1.04541,1.770992,3.572519,-0.89313,1.046617,4.086194,4168,7088,2920,4168,1,107.914,14,load
1780605268.1909099,57.33857900000294,57481,0.053223,-0.033447,1.071289,1.183206,2.992366,-1.160305,1.073132,3.420606,4172,7093,2921,4172,0,107.914,6,load
1780605268.2213936,57.36906270000327,57512,0.053711,-0.044678,1.047363,2.473282,2.641221,-0.358779,1.049691,3.636193,4174,7098,2924,4174,1,107.914,13,load
1780605268.2529867,57.400655699995696,57543,0.032715,-0.022705,1.053955,2.740458,3.10687,-0.603053,1.054707,4.186458,4179,7105,2926,4179,0,107.914,1,load
1780605268.2849438,57.43261289999646,57575,0.057617,-0.029541,1.056152,1.832061,3.496183,-0.396947,1.058135,3.967028,4181,7109,2928,4181,0,103.586,1,load
1780605268.3171315,57.46480060000613,57607,0.046631,-0.000244,1.046631,2.694656,3.717557,-0.816794,1.047669,4.663534,4186,7117,2931,4186,0,103.586,5,load
1780605268.347558,57.49522710000747,57638,0.031738,-0.043457,1.062012,0.358779,2.618321,-0.587786,1.063374,2.707364,4190,7123,2933,4190,0,103.586,0,load
1780605268.3795843,57.52725349999673,57669,0.046387,-0.040283,1.049072,0.938931,1.992366,-0.755725,1.05087,2.32857,4191,7126,2935,4191,1,103.586,17,load
1780605268.411613,57.559282000001986,57701,0.030518,-0.021973,1.068115,2.557252,2.557252,-0.625954,1.068777,3.670272,4196,7133,2937,4196,0,103.586,0,load
1780605268.4420066,57.58967560000019,57732,0.029297,-0.0354,1.052734,0.19084,2.687023,-0.40458,1.053737,2.724004,4198,7137,2939,4198,0,103.586,0,load
1780605268.4720492,57.61971820000326,57763,0.041992,-0.042236,1.052978,1.206107,2.832061,-1.603053,1.054662,3.470597,4202,7144,2942,4202,1,103.586,3,load
1780605268.504037,57.6517060000042,57794,0.05957,-0.031982,1.059814,0.755725,3.435115,-0.923664,1.061969,3.636521,4207,7151,2944,4207,0,103.586,1,load
1780605268.533123,57.6807919999992,57825,0.051514,-0.037598,1.045166,1.984733,3.687023,-2.0,1.04711,4.640399,4209,7155,2946,4209,0,112.0,1,load
1780605268.5640194,57.71168849999958,57855,0.054688,-0.035156,1.058106,2.29771,3.320611,-0.832061,1.060101,4.122894,4211,7158,2947,4211,1,112.0,16,load
1780605268.5952537,57.74292289999721,57886,0.050293,-0.00708,1.049072,2.145038,3.603053,-0.59542,1.050301,4.235293,4213,7161,2948,4213,0,112.0,5,load
1780605268.6250567,57.77272580000863,57917,0.034668,-0.022705,1.062012,0.465649,2.618321,-0.40458,1.06282,2.690003,4214,7163,2949,4214,0,112.0,6,load
1780605268.6582305,57.80589960000361,57947,0.042969,-0.030762,1.064941,1.0,2.389313,-0.427481,1.066252,2.625177,4215,7165,2950,4215,0,112.0,6,load
1780605268.6868064,57.83447560000059,57977,0.048584,-0.057373,1.048096,1.091603,3.198473,0.580153,1.050788,3.429053,4216,7167,2951,4216,0,112.0,3,load
1780605268.7179456,57.86561459999939,58008,0.037842,-0.040283,1.058594,0.931298,2.068702,0.206107,1.060036,2.278009,4217,7169,2952,4217,0,112.0,1,load
1780605268.7488716,57.89654060000612,58039,0.04834,-0.048584,1.058594,1.938931,2.129771,0.335878,1.06081,2.899688,4219,7171,2952,4219,0,112.0,0,load
1780605268.7800326,57.92770169999858,58070,0.041748,-0.052734,1.054688,2.053435,2.503817,0.603053,1.05683,3.293838,4221,7173,2952,4221,0,112.0,0,load
1780605268.8104932,57.9581623999984,58101,0.044678,-0.044922,1.063721,2.160305,2.412214,-0.664122,1.065606,3.305564,4223,7175,2952,4223,0,50.725,1,load
1780605268.8403451,57.98801430000458,58132,0.040283,-0.047607,1.037109,1.0,3.335878,-0.198473,1.038983,3.48819,4225,7177,2952,4225,0,50.725,1,load
1780605268.87281,58.020478999998886,58163,0.043945,0.016113,1.046875,1.870229,3.312977,-0.038168,1.047921,3.804606,4226,7179,2953,4226,0,50.725,3,load
1780605268.9015331,58.04920229999698,58194,0.036621,0.010986,1.0625,1.122137,2.40458,-0.152672,1.063188,2.657914,4227,7181,2954,4227,0,50.725,4,load
1780605268.9329333,58.080602400004864,58224,0.064209,-0.012695,1.047607,1.709924,3.167939,-1.076336,1.04965,3.757416,4228,7183,2955,4228,0,50.725,8,load
1780605268.963771,58.11144019999483,58255,0.056152,-0.036377,1.054932,0.580153,2.839695,-0.10687,1.057051,2.900322,4229,7185,2956,4229,0,50.725,7,load
1780605268.9948964,58.14256560000649,58286,0.026123,-0.051514,1.064453,2.603053,2.977099,-1.549618,1.066019,4.24739,4230,7187,2957,4230,0,50.725,8,load
1780605269.0260036,58.17367259999446,58317,0.046875,0.031738,1.06958,2.709924,4.503816,-1.534351,1.071077,5.475608,4231,7189,2958,4231,0,50.725,8,load
1780605269.0575113,58.20518050000828,58348,0.028076,0.016846,1.037842,2.564885,3.656489,-1.122137,1.038358,4.605186,4232,7191,2959,4232,0,50.725,8,load
1780605269.0900514,58.237720599994645,58380,0.037354,0.017578,1.042725,1.709924,3.954198,-1.801527,1.043541,4.669585,4232,7192,2960,4232,1,32.258,27,load
1780605269.1218097,58.26947880000807,58411,0.034668,0.054688,1.051514,1.442748,2.664122,-0.053435,1.053505,3.030169,4233,7194,2961,4233,1,32.258,20,load
1780605269.160853,58.30852200000663,58443,0.036377,0.019043,1.041504,0.732824,2.366412,-0.122137,1.042313,2.480294,4234,7195,2961,4234,0,32.258,11,load
1780605269.1859925,58.333661500000744,58475,0.046875,-0.053223,1.055664,1.015267,2.679389,-0.343511,1.058044,2.885809,4236,7197,2961,4236,0,32.258,0,load
1780605269.2173245,58.3649934999994,58507,0.05127,0.068604,1.05542,1.946565,3.312977,-0.572519,1.058889,3.884934,4237,7199,2962,4237,0,32.258,2,load
1780605269.2487564,58.39642560000357,58539,0.037109,0.017578,1.072998,1.267176,2.175573,-0.70229,1.073783,2.613821,4238,7201,2963,4238,0,32.258,5,load
1780605269.2806523,58.4283213000017,58571,0.037842,-0.069092,1.051514,0.931298,3.183206,-0.374046,1.05446,3.337668,4239,7203,2964,4239,0,32.258,7,load
1780605269.3107493,58.458418399997754,58602,0.050293,0.033447,1.063477,0.740458,3.335878,-1.030534,1.06519,3.569084,4240,7205,2965,4240,0,32.258,8,load
1780605269.342969,58.490637900002184,58633,0.045166,0.037842,1.07373,-0.870229,3.030534,-1.305344,1.075346,3.41253,4241,7207,2966,4241,0,35.573,8,load
1780605269.3741288,58.52179780000006,58664,0.034912,0.016846,1.075928,1.381679,2.969466,-1.236641,1.076626,3.500864,4242,7209,2967,4242,0,35.573,7,load
1780605269.4052076,58.55287680000765,58695,0.081299,-0.078613,1.054443,2.541985,3.801527,-0.396947,1.060491,4.5903,4243,7211,2968,4243,0,35.573,8,load
1780605269.436322,58.58399110000755,58727,0.046631,0.005127,1.030029,4.32061,4.290076,-0.839695,1.031097,6.146342,4244,7213,2969,4244,0,35.573,8,load
1780605269.4675636,58.61523280000256,58758,0.029541,0.009766,1.036621,3.89313,3.442748,-2.832061,1.037088,5.918576,4245,7215,2970,4245,0,35.573,7,load
1780605269.4990017,58.64667090000876,58789,0.031006,-0.088623,1.036133,4.068702,3.961832,-2.374046,1.040378,6.155205,4245,7216,2971,4245,1,35.573,26,load
1780605269.5299175,58.677586499994504,58820,0.036377,-0.089355,1.040039,1.78626,2.824427,0.015267,1.044504,3.341908,4246,7218,2972,4246,1,35.573,18,load
1780605269.5612428,58.708912000001874,58851,0.029541,0.019043,1.05957,1.091603,2.587786,0.061069,1.060153,2.809264,4247,7219,2972,4247,0,35.573,13,load
1780605269.590845,58.738514299999224,58882,0.049561,0.005615,1.061035,2.290076,2.916031,0.381679,1.062207,3.72738,4249,7221,2972,4249,0,35.573,0,load
1780605269.6226153,58.7702844000014,58913,0.037109,0.048828,1.062744,1.923664,2.335878,-0.465649,1.064512,3.06164,4250,7223,2973,4250,0,32.143,4,load
1780605269.6537676,58.80143669999961,58944,0.050537,-0.070801,1.057373,0.496183,3.770992,-0.969466,1.060945,3.925104,4251,7225,2974,4251,0,32.143,8,load
1780605269.6853478,58.83301689999644,58975,0.050293,-0.039307,1.055176,1.244275,2.007634,-0.977099,1.057105,2.556078,4252,7227,2975,4252,0,32.143,8,load
1780605269.7164903,58.86415940000734,59007,0.041748,-0.170166,1.049805,3.068702,2.396947,-2.694656,1.064326,4.735342,4253,7229,2976,4253,0,32.143,8,load
1780605269.7468631,58.894532200007234,59038,0.050293,-0.165527,1.036133,0.908397,3.290076,-0.328244,1.050476,3.428926,4253,7230,2977,4253,1,32.143,30,load
1780605269.7779882,58.9256572000013,59069,0.061768,0.080322,1.055664,0.0,2.572519,0.129771,1.060516,2.57579,4254,7231,2977,4254,0,32.143,12,load
1780605269.8090277,58.956696699999156,59099,0.0354,-0.101318,1.042969,2.145038,2.503817,0.312977,1.048476,3.311834,4255,7233,2978,4255,0,32.143,4,load
1780605269.840268,58.987936899997294,59131,0.036621,-0.144287,1.050293,-0.175573,2.854962,-1.526718,1.06079,3.242299,4256,7235,2979,4256,0,32.143,9,load
1780605269.8722188,59.01988799999526,59162,0.030273,-0.026855,1.053711,3.816794,2.671756,-1.396947,1.054488,4.863914,4257,7237,2980,4257,0,32.143,9,load
1780605269.9035754,59.05124440000509,59193,0.022461,0.136475,1.063965,1.381679,2.885496,-1.045802,1.072917,3.365832,4257,7238,2981,4257,1,25.0,31,load
1780605269.933687,59.08135599999514,59224,0.032227,-0.190186,1.054932,-0.19084,2.748092,-0.908397,1.072422,2.900623,4258,7239,2981,4258,0,25.0,11,load
1780605269.963645,59.11131400000886,59255,0.056641,-0.174561,1.057861,-0.89313,3.19084,-1.351145,1.073662,3.57837,4259,7241,2982,4259,0,25.0,7,load
1780605269.994314,59.14198309999483,59286,0.027344,-0.198975,1.047119,0.610687,2.572519,-1.70229,1.066207,3.144612,4260,7243,2983,4260,0,25.0,9,load
1780605270.0257883,59.17345729999943,59316,0.051025,-0.123779,1.06958,0.916031,2.564885,-0.70229,1.077927,2.812643,4260,7244,2984,4260,1,25.0,32,load
1780605270.0582075,59.20587669999804,59347,0.022461,-0.047363,1.036621,2.030534,2.656489,-0.419847,1.037946,3.369907,4261,7245,2984,4261,0,25.0,11,load
1780605270.086721,59.23439009999856,59378,0.0271,-0.039551,1.04126,1.992366,2.343511,0.0,1.042363,3.075966,4262,7247,2985,4262,0,25.0,5,load
1780605270.1172009,59.264869999999064,59408,0.069336,-0.104248,1.062988,1.10687,2.427481,0.129771,1.070336,2.671079,4263,7249,2986,4263,0,25.0,8,load
1780605270.1486294,59.296298600005684,59439,0.05127,0.029541,1.062988,1.717557,3.633588,-1.717557,1.064634,4.370694,4264,7251,2987,4264,0,25.0,8,load
1780605270.1806095,59.32827860000543,59470,0.044434,-0.054932,1.04248,2.366412,3.725191,-2.335878,1.044872,4.993324,4265,7253,2988,4265,0,28.881,7,load
1780605270.2104006,59.358069599999,59501,0.026123,0.020996,1.038574,2.045802,3.206107,-1.816794,1.039115,4.214875,4266,7255,2989,4266,0,28.881,7,load
1780605270.2417932,59.389462300008745,59532,0.036621,0.02417,1.042236,2.389313,3.519084,-1.870229,1.04316,4.64656,4267,7257,2990,4267,0,28.881,6,load
1780605270.2719007,59.41956979999668,59563,0.038818,-0.038086,1.060303,2.740458,2.572519,-1.480916,1.061696,4.039935,4268,7259,2991,4268,0,28.881,6,load
1780605270.3035257,59.45119469999918,59594,0.044189,-0.036133,1.066406,0.824427,3.122137,0.21374,1.067933,3.236218,4269,7261,2992,4269,0,28.881,6,load
1780605270.3338876,59.48155660000339,59625,0.0271,-0.039307,1.049316,0.70229,2.099237,-0.648855,1.050402,2.306733,4271,7265,2994,4271,0,28.881,0,load
1780605270.3653042,59.51297340000747,59656,0.056885,-0.040039,1.059326,1.954198,2.885496,0.022901,1.061608,3.48504,4272,7267,2995,4272,0,28.881,3,load
1780605270.3970182,59.544687200002954,59686,0.076416,-0.042725,1.042725,2.480916,3.748092,-1.175572,1.046394,4.645978,4275,7271,2996,4275,0,28.881,6,load
1780605270.4275844,59.57525340000575,59718,0.064453,-0.052734,1.05835,0.526718,2.748092,-0.854962,1.061621,2.925816,4277,7275,2998,4277,0,28.881,0,load
1780605270.4591634,59.60683259999496,59749,0.020508,-0.024658,1.045654,1.076336,2.80916,-1.610687,1.046146,3.412359,4279,7279,3000,4279,0,50.179,0,load
1780605270.4891996,59.63686860000598,59780,0.039795,-0.031006,1.0625,2.343511,3.030534,-1.564886,1.063697,4.138242,4282,7283,3001,4282,0,50.179,5,load
1780605270.5217433,59.66941240000597,59811,0.040771,-0.03418,1.062012,0.923664,3.122137,-1.312977,1.063344,3.51067,4284,7287,3003,4284,0,50.179,0,load
1780605270.5518205,59.699489599996014,59842,0.05127,-0.04834,1.037598,1.450382,3.068702,-0.290076,1.039988,3.406565,4286,7292,3006,4286,1,50.179,14,load
1780605270.5841115,59.73178060000646,59874,0.051025,-0.030518,1.056641,1.824428,2.618321,-1.519084,1.058312,3.534368,4291,7299,3008,4291,0,50.179,0,load
1780605270.6146164,59.76228550000815,59905,0.036377,-0.015137,1.068848,1.061069,3.022901,-0.778626,1.069574,3.296976,4292,7301,3009,4292,0,50.179,5,load
1780605270.646281,59.79395010000735,59937,0.057129,-0.022461,1.034424,3.396947,4.229008,-0.961832,1.036244,5.508981,4295,7305,3010,4295,0,50.179,5,load
1780605270.6787465,59.82641550000699,59969,0.055176,-0.023438,1.066162,0.580153,2.938931,-0.908397,1.067846,3.130348,4296,7307,3011,4296,0,50.179,6,load
1780605270.7093813,59.85705039999448,60000,0.044922,-0.038818,1.044434,1.167939,2.40458,-0.351145,1.04612,2.69618,4298,7312,3014,4298,1,75.697,13,load
1780605270.7408092,59.888478199995006,60031,0.041016,-0.030273,1.064697,2.19084,2.671756,-1.129771,1.065917,3.635167,4304,7319,3015,4304,0,75.697,0,load
1780605270.7724419,59.92011099999945,60063,0.047852,-0.020996,1.055176,0.885496,2.633588,-1.465649,1.056469,3.14134,4306,7323,3017,4306,0,75.697,0,load
1780605270.8042011,59.95187020000594,60094,0.042236,-0.036133,1.045654,1.549618,3.206107,-0.648855,1.04713,3.619593,4308,7326,3018,4308,1,75.697,16,load
1780605270.835019,59.98268810000445,60125,0.019531,-0.023682,1.054932,0.755725,3.068702,-0.870229,1.055378,3.27801,4311,7331,3020,4311,0,75.697,0,load
1780605270.8662171,60.01388630000292,60156,0.063477,-0.060059,1.033691,1.282443,2.412214,-1.053435,1.037379,2.927996,4313,7336,3023,4313,1,75.697,14,load
1780605270.8961325,60.043801499996334,60187,0.048096,-0.0625,1.057617,2.221374,3.335878,-1.145038,1.060553,4.168176,4318,7343,3025,4318,0,75.697,6,load
1780605270.926664,60.074333199998364,60217,0.044922,-0.009521,1.049561,1.061069,3.251908,-0.358779,1.050564,3.439404,4322,7349,3027,4322,0,75.697,0,load
1780605270.9574373,60.10510640000575,60248,0.04126,-0.002197,1.05127,2.320611,2.78626,-0.473282,1.052081,3.656839,4324,7354,3030,4324,1,75.697,14,load
1780605270.9877386,60.13540759999887,60279,0.032715,-0.002441,1.060059,2.89313,2.847328,-0.671756,1.060566,4.114454,4327,7359,3032,4327,0,103.943,1,load
1780605271.0197017,60.167370900002425,60310,0.045166,-0.043945,1.06543,1.21374,2.633588,-0.839695,1.067292,3.018946,4328,7361,3033,4328,0,103.943,5,load
1780605271.0519457,60.199614800003474,60341,0.069092,-0.016846,1.047119,2.755725,4.015268,-0.824427,1.049531,4.939238,4331,7365,3034,4331,0,103.943,5,load
1780605271.0881321,60.23580130000482,60373,0.046143,-0.000732,1.054932,0.618321,3.580153,0.015267,1.05594,3.633187,4335,7371,3036,4335,0,103.943,6,load
1780605271.1140227,60.261691799998516,60404,0.042725,-0.003418,1.033203,2.580153,3.068702,-1.366412,1.034092,4.235706,4337,7376,3039,4337,1,103.943,15,load
1780605271.145531,60.29319989999931,60436,0.046875,-0.025391,1.064941,1.801527,2.641221,-1.137405,1.066275,3.393411,4349,7389,3040,4349,0,103.943,0,load
1780605271.1756847,60.3233537000051,60467,0.043213,-0.030518,1.0625,1.221374,2.770992,-1.633588,1.063816,3.44075,4350,7391,3041,4350,0,103.943,5,load
1780605271.2071576,60.35482670000056,60498,0.07666,-0.018311,1.046387,3.114504,4.244274,-0.51145,1.049351,5.289195,4353,7395,3042,4353,0,103.943,5,load
1780605271.2362587,60.38392780000868,60529,0.062744,-0.009521,1.068848,1.0,3.526718,-0.19084,1.07073,3.670716,4354,7397,3043,4354,0,108.0,5,load
1780605271.2675967,60.415265899995575,60558,0.032715,-0.071289,1.043945,1.274809,3.541985,-0.847328,1.046888,3.858596,4357,7403,3046,4357,0,108.0,0,load
1780605271.297948,60.44561700000486,60589,0.046631,-0.043457,1.053467,1.755725,2.969466,-1.053435,1.055393,3.606941,4360,7407,3047,4360,0,108.0,5,load
1780605271.3294423,60.477111400003196,60620,0.056396,-0.030762,1.051514,1.091603,3.083969,-0.603053,1.053474,3.32658,4362,7411,3049,4362,0,108.0,0,load
1780605271.3606167,60.508285799995065,60651,0.046387,-0.041504,1.062988,1.770992,3.045802,-1.519084,1.064809,3.836788,4363,7414,3051,4363,1,108.0,17,load
1780605271.3907065,60.53837550000753,60682,0.038086,-0.006348,1.054932,1.610687,2.70229,-1.328244,1.055638,3.414808,4367,7419,3052,4367,0,108.0,6,load
1780605271.4228783,60.57054739999876,60712,0.033691,-0.041748,1.066162,1.80916,2.832061,-1.251908,1.067511,3.58621,4368,7421,3053,4368,0,108.0,5,load
1780605271.4534533,60.60112229999504,60744,0.063477,-0.032959,1.05249,1.938931,3.48855,-0.656489,1.054918,4.0448,4372,7427,3055,4372,0,108.0,5,load
1780605271.4852793,60.632948400001624,60775,0.063232,-0.018311,1.049316,1.442748,3.557252,-0.374046,1.051379,3.856874,4373,7429,3056,4373,0,108.0,5,load
1780605271.5163732,60.6640422000055,60806,0.039551,-0.014404,1.050537,1.870229,2.251908,-0.320611,1.05138,2.944765,4374,7432,3058,4374,1,72.202,17,load
1780605271.5477824,60.695451499996125,60838,0.053955,-0.020508,1.05835,1.78626,2.572519,-1.19084,1.059922,3.350623,4376,7435,3059,4376,0,72.202,5,load
1780605271.579856,60.727525099995546,60870,0.033203,-0.031006,1.050049,1.923664,3.068702,-1.343511,1.051031,3.862958,4377,7437,3060,4377,0,72.202,6,load
1780605271.6111128,60.75878180000291,60901,0.052246,-0.031494,1.048828,1.862595,3.282443,-0.641221,1.050601,3.828166,4381,7443,3062,4381,0,72.202,6,load
1780605271.6428556,60.7905247000017,60933,0.035889,-0.030518,1.058106,1.152672,2.938931,-0.59542,1.059154,3.212552,4382,7445,3063,4382,0,72.202,5,load
1780605271.6734521,60.82112130000314,60964,0.052002,-0.024658,1.067383,1.358779,2.961832,-0.89313,1.068933,3.378818,4384,7450,3066,4384,1,72.202,15,load
1780605271.7042134,60.85188250000647,60995,0.046631,-0.012451,1.057617,1.748092,2.793893,-1.40458,1.058718,3.582528,4387,7455,3068,4387,0,72.202,1,load
1780605271.7356246,60.88329359999625,61026,0.060059,-0.022461,1.072022,1.610687,2.656489,-1.229008,1.073937,3.340914,4388,7457,3069,4388,0,72.202,5,load
1780605271.7672787,60.91494770000281,61057,0.044922,-0.021729,1.049561,2.374046,3.427481,-0.977099,1.050746,4.28234,4391,7461,3070,4391,0,67.729,5,load
1780605271.7989995,60.946668699994916,61089,0.056885,-0.005371,1.059326,1.564886,3.083969,-0.229008,1.060866,3.465859,4392,7463,3071,4392,0,67.729,5,load
1780605271.8302996,60.97796879999805,61120,0.035156,-0.012939,1.040039,1.557252,2.732824,-0.465649,1.040714,3.179653,4393,7466,3073,4393,1,67.729,18,load
1780605271.8619862,61.00965520000318,61152,0.050293,-0.002441,1.057373,1.847328,3.335878,-1.045802,1.058571,3.954036,4397,7471,3074,4397,0,67.729,5,load
1780605271.8932607,61.04092970000056,61183,0.065918,-0.040283,1.069092,1.923664,2.946565,-1.061069,1.071879,3.675404,4399,7475,3076,4399,0,67.729,0,load
1780605271.9231431,61.070812300007674,61214,0.062744,-0.026123,1.049072,2.076336,4.0,-0.557252,1.051272,4.541112,4402,7479,3077,4402,0,67.729,5,load
1780605271.9529681,61.100637099996675,61244,0.028809,-0.020508,1.050781,0.916031,3.328244,-1.282443,1.051376,3.682524,4403,7481,3078,4403,0,67.729,5,load
1780605271.984525,61.132194000005256,61275,0.073486,-0.061523,1.048828,1.603053,3.740458,-0.473282,1.053198,4.096926,4404,7483,3079,4404,0,67.729,5,load
1780605272.014726,61.162395000006654,61306,0.056396,-0.031982,1.054199,1.70229,3.366412,-0.587786,1.056191,3.817855,4407,7487,3080,4407,0,67.729,5,load
1780605272.0467186,61.19438760000048,61337,0.046631,-0.004883,1.06665,1.160305,2.961832,-0.59542,1.06768,3.236245,4408,7489,3081,4408,0,60.714,5,load
1780605272.0783086,61.22597759999917,61368,0.049805,-0.016113,1.05249,1.709924,2.687023,0.038168,1.053791,3.185182,4410,7494,3084,4410,1,60.714,14,load
1780605272.1222174,61.26988639999763,61399,0.048096,-0.011963,1.054932,0.984733,2.603053,-0.824427,1.056095,2.902631,4414,7499,3085,4414,0,60.714,5,load
1780605272.1392114,61.286880600004224,61430,0.048096,-0.035645,1.064453,1.335878,3.374046,-0.587786,1.066135,3.676173,4415,7501,3086,4415,0,60.714,5,load
1780605272.1711826,61.31885170000896,61461,0.072998,-0.03418,1.059082,1.572519,3.465649,-1.236641,1.062145,4.001602,4416,7504,3088,4416,1,60.714,17,load
1780605272.202009,61.34967809999944,61492,0.041992,-0.021484,1.057617,1.931298,2.641221,-1.229008,1.058668,3.4952,4418,7507,3089,4418,0,60.714,5,load
1780605272.2322502,61.37991940000211,61523,0.046387,-0.02124,1.057129,1.603053,3.229008,-0.740458,1.058359,3.680292,4419,7509,3090,4419,0,60.714,6,load
1780605272.2644565,61.41212550000637,61554,0.043945,-0.019775,1.060303,2.366412,2.862595,-1.763359,1.061397,4.111422,4421,7514,3093,4421,1,60.714,15,load
1780605272.2942662,61.44193529999757,61585,0.044189,-0.017334,1.057861,1.633588,2.435115,-1.045802,1.058926,3.113212,4423,7517,3094,4423,0,60.714,5,load
1780605272.326717,61.474385900000925,61616,0.050537,-0.029785,1.061768,1.694656,2.694656,-0.442748,1.063387,3.213886,4424,7519,3095,4424,0,57.348,6,load
1780605272.356902,61.50457089999691,61647,0.039062,-0.020264,1.052734,2.206107,3.030534,-0.946565,1.053654,3.866139,4425,7522,3097,4425,1,57.348,19,load
1780605272.393757,61.54142619999766,61685,0.013184,-0.005615,1.051025,2.19084,1.694656,-1.526718,1.051123,3.162674,4429,7527,3098,4429,0,57.348,5,load
1780605272.4250624,61.572731499996735,61715,0.050781,-0.025635,1.051514,1.305344,2.022901,-0.732824,1.053051,2.516562,4430,7529,3099,4430,0,57.348,5,load
1780605272.4543095,61.60197849999531,61746,0.047607,-0.030762,1.039062,1.954198,3.29771,-0.152672,1.040607,3.836286,4431,7531,3100,4431,0,57.348,2,load
1780605272.487309,61.634978000001865,61777,0.044434,-0.025635,1.064453,1.91603,3.51145,-0.618321,1.065688,4.047688,4433,7534,3101,4433,1,57.348,18,load
1780605272.5182827,61.66595170000801,61808,0.058105,0.012939,1.05249,1.78626,3.251908,-2.022901,1.054172,4.225844,4435,7537,3102,4435,0,57.348,5,load
1780605272.5488908,61.69655979999516,61839,0.034912,-0.012207,1.041504,1.10687,2.832061,-0.877863,1.04216,3.164866,4436,7539,3103,4436,0,57.348,5,load
1780605272.5809283,61.72859739999694,61870,0.033447,-0.030029,1.055908,1.236641,2.114504,-0.320611,1.056864,2.470466,4437,7541,3104,4437,0,51.181,6,load
1780605272.6115716,61.75924070000474,61902,0.04541,-0.032471,1.042236,0.885496,2.519084,-0.603053,1.04373,2.737437,4438,7543,3105,4438,0,51.181,3,load
1780605272.642645,61.790313999998034,61933,0.064697,-0.052734,1.062012,2.0,3.496183,-1.435114,1.065286,4.275845,4440,7546,3106,4440,1,51.181,20,load
1780605272.674924,61.82259300000442,61964,0.055176,-0.040771,1.057129,2.656489,3.022901,-0.618321,1.059353,4.071508,4441,7548,3107,4441,1,51.181,17,load
1780605272.705638,61.853306999997585,61996,0.044922,-0.000488,1.042725,1.038168,3.030534,0.40458,1.043692,3.228872,4443,7551,3108,4443,0,51.181,5,load
1780605272.736544,61.88421289999678,62027,0.030273,-0.008057,1.054443,1.519084,2.694656,-0.748092,1.054908,3.18252,4444,7553,3109,4444,0,51.181,6,load
1780605272.7661798,61.9138488000026,62057,0.04541,-0.040039,1.040772,1.091603,2.870229,-0.290076,1.042531,3.08447,4445,7555,3110,4445,0,51.181,6,load
1780605272.7983255,61.94599449999805,62088,0.046875,-0.061768,1.058838,1.549618,3.198473,-0.458015,1.061673,3.58348,4446,7557,3111,4446,0,51.181,6,load
1780605272.8286228,61.97629180000513,62119,0.029785,-0.005615,1.057129,1.969466,2.877863,-0.709924,1.057563,3.558775,4447,7559,3112,4447,0,51.181,7,load
1780605272.8591301,62.00679919999675,62150,0.036865,-0.008301,1.057861,0.931298,3.816794,-0.603053,1.058536,3.974784,4448,7561,3113,4448,0,39.286,6,load
1780605272.8913813,62.03905030000897,62181,0.057129,0.022217,1.053467,1.099237,4.068702,0.740458,1.055248,4.279128,4449,7563,3114,4449,0,39.286,7,load
1780605272.922228,62.06989719999547,62212,0.054443,-0.041016,1.052978,0.870229,3.320611,-0.160305,1.055182,3.436488,4450,7565,3115,4450,0,39.286,7,load
1780605272.9540172,62.1016862999968,62244,0.047119,-0.092041,1.052002,2.099237,2.374046,-0.801527,1.057071,3.268843,4451,7567,3116,4451,0,39.286,7,load
1780605272.9846156,62.13228459999664,62275,0.04126,-0.145508,1.058838,1.129771,3.480916,-0.51145,1.069585,3.695232,4452,7569,3117,4452,0,39.286,7,load
1780605273.0160103,62.16367930000706,62306,0.036621,-0.089844,1.0354,1.633588,2.557252,-0.274809,1.039936,3.046911,4452,7570,3118,4452,1,39.286,29,load
1780605273.0472078,62.1948768000002,62337,0.066406,-0.16748,1.045898,1.21374,3.274809,0.480916,1.061303,3.525453,4453,7571,3118,4453,0,39.286,15,load
1780605273.0793042,62.22697329999937,62368,0.038086,0.084961,1.063232,0.282443,2.89313,-0.717557,1.067301,2.994138,4455,7573,3118,4455,0,39.286,1,load
1780605273.1089604,62.25662939999893,62399,0.043457,-0.192383,1.047607,2.274809,3.076336,-0.198473,1.066012,3.831186,4456,7575,3119,4456,0,39.286,6,load
1780605273.1419575,62.28962660000252,62430,0.039551,0.121826,1.061523,2.229008,2.396947,-1.938931,1.069223,3.804377,4457,7577,3120,4457,0,32.143,8,load
1780605273.1718843,62.31955339999695,62462,0.033203,-0.187012,1.049805,1.648855,2.633588,-1.122137,1.066848,3.303589,4457,7578,3121,4457,1,32.143,32,load
1780605273.2039473,62.351616300002206,62493,0.055664,-0.115234,1.03833,1.816794,2.473282,0.21374,1.046187,3.076288,4458,7579,3121,4458,0,32.143,15,load
1780605273.2341392,62.38180830000783,62524,0.014893,0.057861,1.044434,3.251908,2.267176,-0.908397,1.046141,4.066962,4459,7581,3122,4459,0,32.143,3,load
1780605273.2650368,62.4127060000028,62555,0.042236,0.02124,1.04541,3.038168,3.045802,-0.694656,1.046479,4.357743,4460,7583,3123,4460,0,32.143,9,load
1780605273.2956018,62.44327099999646,62586,0.025146,0.179443,1.062744,2.954198,2.114504,-0.061069,1.07808,3.633476,4460,7584,3124,4460,1,32.143,32,load
1780605273.328777,62.4764462000021,62618,0.039795,0.132324,1.057617,0.946565,2.480916,0.229008,1.066606,2.665216,4461,7585,3124,4461,0,32.143,17,load
1780605273.3585699,62.50623890000861,62649,0.053223,-0.184326,1.046875,0.519084,3.145038,-1.419847,1.06431,3.48951,4462,7587,3125,4462,0,32.143,3,load
1780605273.3890998,62.536768799996935,62680,0.049561,0.163086,1.047119,3.198473,2.961832,-0.824427,1.060901,4.436481,4463,7589,3126,4463,0,24.0,10,load
1780605273.4211004,62.56876940000802,62711,0.037109,-0.055908,1.064941,-0.580153,2.641221,-0.916031,1.067053,2.855125,4463,7590,3127,4463,1,24.0,36,load
1780605273.451676,62.59934490000887,62743,0.036621,0.047363,1.066894,1.091603,3.29771,-0.038168,1.068573,3.473895,4464,7591,3127,4464,0,24.0,11,load
1780605273.4831324,62.63080149999587,62774,0.033203,0.137939,1.044434,3.778626,2.068702,-0.793893,1.054026,4.380389,4465,7593,3128,4465,0,24.0,11,load
1780605273.5151386,62.6628078000067,62805,0.04834,0.079834,1.051758,1.824428,2.763359,-0.244275,1.05589,3.320295,4465,7593,3128,4465,0,24.0,11,load
1780605273.5470774,62.694746499997564,62837,0.044678,-0.106689,1.049805,0.244275,2.633588,-0.862595,1.056158,2.782,4466,7595,3129,4466,0,24.0,2,load
1780605273.577592,62.72526099999959,62868,0.050293,-0.18042,1.07666,0.854962,3.167939,-1.312977,1.09283,3.534219,4467,7597,3130,4467,0,24.0,11,load
1780605273.608418,62.75608710000233,62899,0.048584,-0.062256,1.062256,-1.534351,3.610687,-0.946565,1.065187,4.03575,4467,7597,3130,4467,0,24.0,11,load
1780605273.6407769,62.78844600000593,62930,0.040283,-0.049805,1.046143,1.40458,2.793893,-0.656489,1.048102,3.195256,4468,7599,3131,4468,0,20.0,3,load
1780605273.6710818,62.81875079999736,62961,0.030762,0.159424,1.056396,1.061069,2.946565,-0.763359,1.068801,3.223481,4469,7601,3132,4469,0,20.0,10,load
1780605273.7024221,62.85009130000253,62992,0.057861,-0.101562,1.035889,2.641221,3.694656,0.122137,1.042462,4.543287,4469,7602,3133,4469,1,20.0,30,load
1780605273.732208,62.8798769999994,63023,0.051758,-0.059082,1.043701,1.366412,3.320611,-0.007634,1.046653,3.590766,4470,7604,3134,4470,1,20.0,18,load
1780605273.7641616,62.91183070000261,63054,0.038818,-0.066406,1.040039,1.312977,3.755725,-0.091603,1.04288,3.97967,4471,7606,3135,4471,1,20.0,18,load
1780605273.7943976,62.94206660000782,63085,0.01123,-0.04541,1.048584,2.053435,2.435115,-1.450382,1.049627,3.499998,4473,7609,3136,4473,0,20.0,6,load
1780605273.8252196,62.972888699994655,63116,0.048584,-0.026123,1.052002,0.938931,4.10687,0.21374,1.053447,4.218253,4474,7611,3137,4474,0,20.0,6,load
1780605273.8556032,63.003272200003266,63146,0.044678,-0.022949,1.06543,0.931298,1.946565,-0.458015,1.066613,2.205948,4475,7613,3138,4475,0,20.0,5,load
1780605273.8877742,63.035443400003714,63177,0.049805,-0.035645,1.056885,1.335878,2.89313,-1.366412,1.058658,3.467254,4476,7616,3140,4476,1,20.0,18,load
1780605273.919432,63.067101000007824,63209,0.075928,-0.017822,1.069092,1.450382,2.969466,-0.076336,1.071933,3.305626,4479,7621,3142,4479,0,39.427,5,load
1780605273.949465,63.09713419999753,63240,0.050781,-0.021484,1.063232,1.167939,2.70229,-0.694656,1.064661,3.024731,4480,7623,3143,4480,0,39.427,5,load
1780605273.981521,63.12918990000617,63271,0.062744,-0.014648,1.04834,2.259542,3.198473,-0.938931,1.050318,4.027078,4483,7627,3144,4483,0,39.427,5,load
1780605274.0141034,63.161772599996766,63303,0.032471,-0.010254,1.056396,0.656489,3.21374,-0.89313,1.056945,3.399527,4484,7629,3145,4484,0,39.427,5,load
1780605274.0438838,63.19155279999541,63334,0.030029,0.006592,1.052978,2.045802,2.625954,-0.221374,1.053427,3.336157,4485,7632,3147,4485,1,39.427,17,load
1780605274.0737414,63.221410500002094,63365,0.031006,-0.032227,1.052002,1.70229,3.312977,-0.709924,1.052952,3.79178,4487,7635,3148,4487,0,39.427,6,load
1780605274.1055498,63.25321900000563,63395,0.046143,-0.045166,1.070557,1.496183,3.282443,-0.175573,1.072502,3.611623,4488,7637,3149,4488,0,39.427,5,load
1780605274.1347501,63.28241919999709,63426,0.054199,-0.063232,1.049072,1.251908,2.717557,-0.70229,1.052373,3.07337,4489,7640,3151,4489,1,39.427,17,load
1780605274.1659927,63.313661899999715,63457,0.056152,0.003418,1.086182,2.656489,2.732824,-0.641221,1.087637,3.864767,4493,7645,3152,4493,0,39.427,6,load
1780605274.1973429,63.34501200000523,63488,0.064209,-0.036621,1.054688,1.312977,3.282443,-1.740458,1.057275,3.940499,4495,7649,3154,4495,0,57.348,0,load
1780605274.2300398,63.377708800006076,63519,0.050537,-0.022705,1.043945,1.038168,3.267176,0.076336,1.045414,3.429002,4498,7653,3155,4498,0,57.348,5,load
1780605274.260303,63.407972200002405,63551,0.053467,-0.003418,1.053467,0.59542,3.419847,-0.160305,1.054828,3.474993,4499,7655,3156,4499,0,57.348,6,load
1780605274.2921941,63.4398632000084,63582,0.042236,-0.00293,1.047363,2.068702,2.748092,-0.824427,1.048219,3.53712,4500,7660,3160,4500,1,57.348,18,load
1780605274.322662,63.47033110000484,63613,0.057617,-0.022461,1.068359,2.183206,3.122137,-0.664122,1.070148,3.867194,4504,7665,3161,4504,0,57.348,1,load
1780605274.3536255,63.501294500005315,63644,0.033447,-0.035156,1.067383,1.206107,2.320611,-0.59542,1.068485,2.682248,4505,7667,3162,4505,0,57.348,5,load
1780605274.384794,63.532462999995914,63676,0.071045,-0.022705,1.04126,3.320611,4.0,-0.229008,1.043928,5.203739,4509,7673,3164,4509,0,57.348,5,load
1780605274.4177003,63.5653694000066,63707,0.050293,0.007813,1.052246,1.152672,3.282443,-0.229008,1.053476,3.486478,4510,7675,3165,4510,0,57.348,5,load
1780605274.44872,63.596389099999215,63738,0.019043,-0.008057,1.051514,2.641221,2.832061,-0.282443,1.051717,3.882833,4512,7680,3168,4512,1,68.0,4,load
1780605274.4795103,63.62717930000508,63769,0.052246,-0.023193,1.065186,2.328244,2.175573,-0.916031,1.066718,3.315562,4514,7683,3169,4514,0,68.0,5,load
1780605274.510222,63.65789109999605,63800,0.054688,-0.018799,1.062744,1.755725,2.717557,-0.625954,1.064316,3.295376,4515,7685,3170,4515,0,68.0,5,load
1780605274.5410795,63.688748500004294,63831,0.026367,-0.026367,1.04126,2.885496,3.679389,-0.778626,1.041927,4.74028,4519,7691,3172,4519,0,68.0,5,load
1780605274.5713427,63.71901190000062,63862,0.020752,-0.016357,1.066894,0.381679,2.977099,-0.412214,1.067222,3.02964,4521,7695,3174,4521,0,68.0,1,load
1780605274.602516,63.750184999997145,63892,0.041992,-0.067383,1.052978,1.10687,3.351145,-1.053435,1.055968,3.683078,4522,7697,3175,4522,0,68.0,5,load
1780605274.633382,63.78105119999964,63923,0.05542,-0.02832,1.053955,1.900763,3.48855,-0.572519,1.055791,4.013809,4525,7701,3176,4525,0,68.0,5,load
1780605274.6637175,63.81138660000579,63954,0.053711,-0.022705,1.050781,1.045802,3.740458,-0.343511,1.052398,3.899067,4527,7705,3178,4527,0,68.0,6,load
1780605274.694381,63.84205010000733,63985,0.058105,-0.050293,1.057617,1.725191,3.389313,-0.648855,1.060406,3.858074,4529,7710,3181,4529,1,68.0,14,load
1780605274.7250013,63.87267040000006,64016,0.040039,0.002441,1.065674,1.282443,3.267176,-0.419847,1.066429,3.534879,4531,7713,3182,4531,0,68.345,5,load
1780605274.757437,63.90510600000562,64047,0.027344,-0.0354,1.053223,1.038168,2.977099,-0.916031,1.054172,3.283295,4532,7715,3183,4532,0,68.345,5,load
1780605274.7883523,63.93602130000363,64078,0.052246,-0.022217,1.046387,2.244275,3.053435,-0.564886,1.047926,3.831362,4535,7719,3184,4535,0,68.345,6,load
1780605274.8192363,63.96690529999614,64109,0.063721,-0.012451,1.058838,1.259542,2.931298,-0.526718,1.060827,3.233633,4536,7721,3185,4536,0,68.345,5,load
1780605274.8505917,63.998260699998355,64140,0.026611,-0.014893,1.049805,1.351145,3.480916,-0.480916,1.050248,3.764791,4538,7726,3188,4538,1,68.345,4,load
1780605274.8820488,64.02971790000447,64172,0.059082,-0.010742,1.062744,0.908397,2.916031,-0.259542,1.064439,3.065254,4540,7729,3189,4540,0,68.345,5,load
1780605274.911787,64.05945600000268,64203,0.049072,-0.04126,1.062256,1.030534,2.816794,-1.251908,1.064189,3.25017,4542,7733,3191,4542,0,68.345,1,load
1780605274.9441736,64.09184269999969,64234,0.059082,-0.037109,1.034912,2.328244,3.748092,-0.694656,1.037261,4.466706,4545,7737,3192,4545,0,68.345,5,load
1780605274.9742835,64.12195250000514,64265,0.063477,-0.001465,1.060791,1.068702,3.091603,-0.770992,1.06269,3.360738,4548,7741,3193,4548,0,68.345,5,load
1780605275.0064602,64.15412920000381,64296,0.037354,-0.016113,1.049805,1.641221,2.335878,-0.641221,1.050593,2.925936,4549,7744,3195,4549,1,64.286,18,load
1780605275.036679,64.18434809999599,64327,0.033203,-0.023926,1.059814,1.587786,3.076336,-0.412214,1.060604,3.486378,4552,7749,3197,4552,0,64.286,5,load
1780605275.0680737,64.21574280000641,64358,0.033203,-0.025146,1.05127,1.641221,2.832061,-0.40458,1.052094,3.29816,4553,7751,3198,4553,0,64.286,6,load
1780605275.1109138,64.25858290000178,64389,0.044434,-0.024658,1.045898,2.480916,3.29771,-1.145038,1.047132,4.282634,4555,7754,3199,4555,0,64.286,16,load
1780605275.1297183,64.27738729999692,64420,0.048096,-0.027344,1.075439,0.450382,2.610687,-0.694656,1.076862,2.73881,4557,7757,3200,4557,0,64.286,5,load
1780605275.1617877,64.30945680000877,64451,0.033691,-0.020996,1.047363,1.740458,2.19084,-1.145038,1.048115,3.023258,4558,7759,3201,4558,0,64.286,5,load
1780605275.1918252,64.33949430000212,64482,0.030518,-0.030029,1.054199,1.854962,3.335878,-0.78626,1.055068,3.897072,4561,7763,3202,4561,0,64.286,6,load
1780605275.2241688,64.37183780000487,64513,0.049316,-0.020264,1.047119,0.59542,3.175573,0.137405,1.048476,3.233832,4562,7765,3203,4562,0,64.286,5,load
1780605275.2556324,64.40330140000151,64545,0.044434,-0.027832,1.049561,2.053435,3.450382,-1.320611,1.050869,4.226789,4564,7770,3206,4564,1,64.286,0,load
1780605275.2864952,64.43416440000874,64576,0.037842,-0.019287,1.076172,0.480916,2.48855,-0.656489,1.07701,2.618232,4567,7775,3208,4567,0,64.286,1,load
1780605275.317659,64.46532800000568,64607,0.062256,-0.064941,1.053467,1.290076,3.045802,-0.580153,1.057301,3.358241,4568,7777,3209,4568,0,64.286,5,load
1780605275.348845,64.49651399999857,64638,0.023193,-0.021973,1.047119,1.832061,3.679389,0.183206,1.047606,4.114354,4573,7783,3210,4573,0,64.286,5,load
1780605275.3797414,64.52741059999971,64670,0.035156,-0.023682,1.044189,1.122137,3.030534,-0.007634,1.045049,3.231623,4574,7785,3211,4574,0,64.286,6,load
1780605275.41132,64.55898909999814,64701,0.069336,-0.04248,1.062744,1.549618,2.954198,-0.687023,1.06585,3.405966,4576,7790,3214,4576,1,64.286,3,load
1780605275.4430218,64.59069090000412,64733,0.041748,-0.031738,1.069092,1.274809,3.419847,-0.603053,1.070377,3.699212,4578,7793,3215,4578,0,64.286,5,load
1780605275.4742973,64.62196630000835,64764,0.022705,-0.042236,1.053955,1.114504,3.335878,-0.832061,1.055045,3.614212,4580,7797,3217,4580,0,64.286,0,load
1780605275.5036786,64.65134759999637,64795,0.060059,-0.026611,1.053955,2.29771,3.923664,-0.236641,1.056,4.553088,4583,7801,3218,4583,0,64.286,5,load
1780605275.5343287,64.68199769999774,64825,0.035645,-0.010498,1.059326,1.152672,2.320611,-0.938931,1.059978,2.75599,4586,7805,3219,4586,0,64.286,5,load
1780605275.5662026,64.71387170000526,64856,0.051758,-0.040283,1.056641,2.015267,2.427481,-0.969466,1.058674,3.30058,4587,7807,3220,4587,1,71.429,4,load
1780605275.597488,64.74515709999832,64887,0.023193,-0.024414,1.058594,2.038168,2.954198,-0.80916,1.059129,3.679152,4590,7811,3221,4590,0,71.429,5,load
1780605275.6269445,64.77461360000598,64918,0.051025,-0.031982,1.052734,1.679389,3.29771,-0.541985,1.054455,3.740186,4591,7813,3222,4591,0,71.429,5,load
1780605275.6596284,64.80729739999515,64949,0.032471,-0.025146,1.049561,1.022901,3.145038,-0.51145,1.050364,3.346516,4592,7816,3224,4592,1,71.429,17,load
1780605275.6904862,64.83815520000644,64981,0.052246,-0.004639,1.050537,2.053435,3.030534,-0.541985,1.051846,3.700606,4596,7821,3225,4596,0,71.429,5,load
1780605275.72113,64.86879890000273,65012,0.048828,-0.024902,1.058594,1.70229,3.015267,-0.099237,1.060012,3.464026,4597,7823,3226,4597,0,71.429,5,load
1780605275.7543294,64.90199860000575,65043,0.029785,-0.015137,1.051025,2.045802,3.366412,-1.274809,1.051556,4.140432,4599,7826,3227,4599,1,71.429,18,load
1780605275.7857976,64.9334666000068,65075,0.039551,-0.027344,1.05542,0.770992,3.351145,0.282443,1.056515,3.450272,4601,7829,3228,4601,0,71.429,5,load
1780605275.8166375,64.9643064999982,65106,0.067139,-0.039551,1.047852,1.152672,3.458015,-0.496183,1.050745,3.678684,4602,7831,3229,4602,0,60.0,5,load
1780605275.8477886,64.99545760000183,65137,0.059326,-0.033691,1.059814,2.022901,3.335878,-0.48855,1.062008,3.931779,4605,7835,3230,4605,0,60.0,5,load
1780605275.8782864,65.02595550000842,65168,0.031006,-0.020996,1.050537,1.366412,3.290076,-0.755725,1.051204,3.641814,4606,7837,3231,4606,0,60.0,5,load
1780605275.9093196,65.05698870000197,65199,0.043213,-0.020264,1.054199,0.900763,3.137405,-0.671756,1.055279,3.332558,4607,7841,3234,4607,0,60.0,5,load
1780605275.9399514,65.08762049999496,65230,0.040771,-0.041992,1.040772,1.992366,3.328244,-0.458015,1.042416,3.905958,4610,7845,3235,4610,0,60.0,6,load
1780605275.9699147,65.11758370000462,65261,0.04248,-0.030273,1.060059,1.08397,2.954198,-0.458015,1.061341,3.179946,4611,7847,3236,4611,0,60.0,5,load
1780605276.0014884,65.14915759999712,65292,0.036133,-0.039795,1.057129,1.152672,3.496183,-0.503817,1.058495,3.715613,4612,7849,3237,4612,0,60.0,5,load
1780605276.0398202,65.18748920000507,65323,0.040527,-0.035889,1.062012,2.045802,2.664122,-1.244275,1.06339,3.582048,4614,7852,3238,4614,1,60.0,18,load
1780605276.0637224,65.21139140000741,65354,0.061768,-0.025146,1.066162,1.152672,2.908397,-0.793893,1.068246,3.227645,4616,7855,3239,4616,0,60.0,5,load
1780605276.0950482,65.24271730000328,65385,0.04834,-0.011475,1.045654,1.198473,3.541985,0.076336,1.046834,3.74003,4617,7857,3240,4617,0,53.763,5,load
1780605276.1262054,65.27387449999515,65416,0.028809,-0.0354,1.031738,1.541985,3.916031,-0.244275,1.032747,4.215766,4618,7859,3241,4618,0,53.763,6,load
1780605276.1570542,65.30472329999611,65447,0.044922,-0.018311,1.048096,1.419847,3.435115,-0.305344,1.049218,3.729506,4619,7861,3242,4619,0,53.763,2,load
1780605276.1899734,65.3376425000024,65479,0.046631,-0.019775,1.030762,1.908397,3.259542,-0.396947,1.032005,3.797915,4621,7864,3243,4621,1,53.763,18,load
1780605276.2201183,65.36778729999787,65510,0.03833,-0.058838,1.045898,1.977099,4.099236,-0.778626,1.048253,4.617242,4623,7867,3244,4623,0,53.763,6,load
1780605276.2512665,65.39893559999473,65541,0.061768,-0.061523,1.045898,1.984733,3.175573,-0.984733,1.049526,3.872096,4624,7869,3245,4624,0,53.763,6,load
1780605276.2818325,65.429501599996,65572,0.053955,-0.043701,1.054932,2.412214,3.259542,-0.51145,1.057214,4.087172,4625,7871,3246,4625,0,53.763,6,load
1780605276.3133283,65.46099730000424,65603,0.041016,-0.041992,1.072022,1.259542,2.175573,-0.832061,1.073627,2.647997,4626,7873,3247,4626,0,53.763,6,load
1780605276.3438213,65.49149030000262,65634,0.020264,-0.022949,1.052002,2.267176,2.236641,-1.068702,1.052447,3.359282,4628,7877,3249,4628,0,53.763,6,load
1780605276.3742182,65.52188719999685,65665,0.01709,0.040039,1.061035,1.259542,1.832061,-0.938931,1.061928,2.413397,4629,7879,3250,4629,0,42.857,7,load
1780605276.405858,65.5535269999964,65696,0.051025,0.003906,1.066162,0.938931,2.931298,-0.618321,1.06739,3.139494,4632,7883,3251,4632,0,42.857,6,load
1780605276.4366176,65.58428660000209,65727,0.033203,-0.070312,1.070801,1.91603,2.091603,-0.847328,1.07362,2.960396,4633,7885,3252,4633,0,42.857,7,load
1780605276.4681668,65.61583599999722,65758,0.041504,-0.064697,1.055176,1.694656,3.305344,-0.923664,1.057972,3.827572,4634,7887,3253,4634,0,42.857,7,load
1780605276.4994547,65.64712389999477,65789,0.047852,-0.072998,1.048828,2.068702,3.290076,-0.679389,1.052454,3.945339,4635,7889,3254,4635,0,42.857,7,load
1780605276.5309823,65.67865139999776,65821,0.056885,-0.063965,1.051514,2.137405,3.206107,-0.351145,1.054992,3.869228,4636,7891,3255,4636,0,42.857,6,load
1780605276.56225,65.70991900000081,65852,0.072998,-0.041748,1.046631,1.274809,4.549618,-0.152672,1.050004,4.727312,4637,7893,3256,4637,0,42.857,7,load
1780605276.5923772,65.74004620000778,65883,0.032471,-0.060059,1.049561,2.0,2.648855,-0.465649,1.051779,3.351606,4638,7895,3257,4638,0,42.857,7,load
1780605276.6244123,65.77208130000508,65913,0.04541,0.038818,1.053955,0.931298,3.389313,-0.564886,1.055647,3.560036,4639,7897,3258,4639,0,42.857,7,load
1780605276.655164,65.80283309999504,65945,0.036621,-0.000732,1.052734,1.274809,3.48855,-0.633588,1.053371,3.767831,4640,7899,3259,4640,0,39.286,7,load
1780605276.6865766,65.834245799997,65976,0.067627,-0.030762,1.056396,1.137405,2.824427,-0.824427,1.059006,3.154483,4641,7901,3260,4641,0,39.286,7,load
1780605276.717878,65.86554709999473,66007,0.044434,0.048584,1.056396,1.557252,2.969466,-0.854962,1.058446,3.460306,4642,7903,3261,4642,0,39.286,7,load
1780605276.7479327,65.89560170000186,66038,0.022705,-0.019287,1.048096,1.793893,2.526718,-0.900763,1.048519,3.227031,4643,7905,3262,4643,0,39.286,7,load
1780605276.7803998,65.92806879999989,66069,0.055908,0.020752,1.052246,1.290076,2.870229,-0.198473,1.053935,3.153078,4644,7907,3263,4644,0,39.286,7,load
1780605276.811471,65.95914010000706,66101,0.059082,-0.030273,1.065918,0.664122,3.221374,-0.251908,1.067983,3.298752,4645,7909,3264,4645,0,39.286,6,load
1780605276.8408892,65.98855829999957,66132,0.036133,0.00415,1.06958,0.312977,3.396947,-0.083969,1.070198,3.412368,4646,7911,3265,4646,0,39.286,6,load
1780605276.8721125,66.01978159999999,66163,0.053711,-0.00708,1.045166,1.358779,2.732824,-0.282443,1.046569,3.065026,4647,7913,3266,4647,0,39.286,6,load
1780605276.90459,66.05225890000293,66194,0.031738,-0.038818,1.057617,1.099237,2.755725,-0.129771,1.058805,2.969711,4648,7915,3267,4648,0,39.286,7,load
1780605276.9353886,66.08305770000152,66225,0.0354,-0.022461,1.048584,1.458015,3.244275,-0.816794,1.049422,3.649422,4649,7917,3268,4649,0,32.143,6,load
1780605276.9663377,66.11400670000876,66256,0.039062,0.00415,1.048096,1.984733,3.068702,-1.022901,1.048832,3.795052,4650,7919,3269,4650,0,32.143,6,load
1780605276.997721,66.1453901000059,66287,0.040283,-0.088135,1.049072,2.541985,2.51145,-1.625954,1.053538,3.925913,4651,7921,3270,4651,0,32.143,5,load
1780605277.0274796,66.1751488000009,66318,0.035645,-0.024902,1.062988,2.137405,3.40458,-1.053435,1.063877,4.155646,4652,7923,3271,4652,0,32.143,3,load
1780605277.0587497,66.20641880000767,66349,0.088623,0.001465,1.049805,1.122137,3.984733,0.671756,1.05354,4.19387,4653,7925,3272,4653,0,32.143,1,load
1780605277.090222,66.23789099999703,66380,0.026611,-0.041992,1.063477,0.374046,2.648855,-0.152672,1.064638,2.679487,4655,7928,3273,4655,1,32.143,21,load
1780605277.1211104,66.26877959999547,66411,0.02124,0.038086,1.071289,0.389313,1.977099,-0.70229,1.072176,2.133939,4656,7930,3274,4656,1,32.143,19,load
1780605277.1522691,66.29993809999723,66442,0.042969,-0.038086,1.02832,1.770992,3.465649,-0.89313,1.029922,3.993096,4657,7932,3275,4657,1,32.143,17,load
1780605277.1832712,66.33094020000135,66473,0.033936,-0.002686,1.048096,2.496183,3.633588,-1.51145,1.048648,4.660298,4659,7935,3276,4659,0,32.143,7,load
1780605277.2146597,66.36232880000898,66504,0.036377,-0.057129,1.03833,3.160305,3.435115,-0.862595,1.040536,4.746748,4660,7937,3277,4660,0,39.427,6,load
1780605277.245698,66.39336699999694,66535,0.01416,-0.037842,1.060059,1.961832,2.908397,-0.282443,1.060828,3.519564,4661,7939,3278,4661,0,39.427,6,load
1780605277.2756553,66.42332430000533,66566,0.056885,-0.019287,1.070801,1.015267,3.534351,-0.114504,1.072484,3.679065,4662,7941,3279,4662,0,39.427,7,load
1780605277.307262,66.45493110000098,66597,0.043945,0.02832,1.063721,0.664122,3.183206,0.0,1.065005,3.251747,4663,7943,3280,4663,0,39.427,6,load
1780605277.338571,66.48624009999912,66628,0.036865,-0.021729,1.038574,1.526718,3.229008,-0.755725,1.039455,3.650819,4664,7945,3281,4664,0,39.427,7,load
1780605277.368629,66.51629810000304,66659,0.043701,-0.006348,1.047852,1.931298,3.076336,-1.312977,1.048782,3.862339,4665,7947,3282,4665,0,39.427,6,load
1780605277.4007866,66.54845560000103,66690,0.061035,-0.047363,1.051758,1.839695,3.687023,0.083969,1.054591,4.121367,4666,7949,3283,4666,0,39.427,4,load
1780605277.4332023,66.58087130000058,66722,0.029297,-0.046143,1.070557,0.656489,1.870229,-0.832061,1.071951,2.149665,4668,7952,3284,4668,1,39.427,22,load
1780605277.4638233,66.6114923999994,66754,0.058105,-0.054199,1.035644,2.923664,3.442748,-1.984733,1.038688,4.933507,4669,7954,3285,4669,1,36.0,17,load
1780605277.4955354,66.6432044999965,66785,0.032227,-0.031494,1.042725,2.381679,3.259542,-0.152672,1.043698,4.039841,4671,7957,3286,4671,0,36.0,6,load
1780605277.5256236,66.67329259999678,66816,0.04541,0.009766,1.06665,0.389313,2.923664,-0.854962,1.067661,3.070885,4672,7959,3287,4672,0,36.0,5,load
1780605277.5555944,66.70326350000687,66846,0.064941,-0.049072,1.043945,1.954198,2.923664,-1.152672,1.047114,3.700724,4673,7961,3288,4673,0,36.0,6,load
1780605277.5880973,66.73576650000177,66877,0.011963,-0.04248,1.057861,1.267176,2.122137,-1.129771,1.058782,2.717643,4674,7963,3289,4674,0,36.0,4,load
1780605277.6202643,66.76793339999858,66909,0.040527,-0.045654,1.055664,1.396947,2.068702,-1.061069,1.057428,2.712352,4677,7967,3290,4677,0,36.0,6,load
1780605277.6499884,66.79765760000737,66941,0.049805,-0.005615,1.058594,1.633588,3.366412,-0.641221,1.05978,3.796381,4681,7973,3292,4681,0,36.0,1,load
1780605277.6834598,66.83112889999757,66972,0.046631,-0.036377,1.054443,1.282443,2.526718,-0.717557,1.056101,2.922986,4682,7976,3294,4682,1,36.0,18,load
1780605277.713825,66.86149399999704,67004,0.049072,-0.031982,1.061279,2.091603,3.122137,-1.076336,1.062894,3.909098,4684,7979,3295,4684,0,60.0,5,load
1780605277.7452123,66.89288139999553,67035,0.059082,-0.022705,1.060547,0.679389,2.580153,-0.625954,1.062434,2.740543,4685,7981,3296,4685,0,60.0,6,load
1780605277.7757492,66.92341830000805,67066,0.040771,-0.043945,1.04834,1.40458,3.503817,-1.160305,1.050052,3.949163,4686,7984,3298,4686,1,60.0,18,load
1780605277.8062646,66.95393380000314,67097,0.031494,0.0,1.053955,1.061069,2.687023,-0.580153,1.054426,2.946614,4690,7989,3299,4690,0,60.0,5,load
1780605277.8369095,66.98457850000705,67127,0.04834,-0.022949,1.057861,1.274809,2.351145,-1.099237,1.059214,2.891599,4691,7991,3300,4691,0,60.0,5,load
1780605277.867945,67.01561410000431,67158,0.043457,-0.030273,1.053467,2.732824,3.877863,-0.534351,1.054797,4.774063,4694,7995,3301,4694,0,60.0,6,load
1780605277.8993099,67.04697890000534,67189,0.036133,-0.022705,1.057373,0.725191,2.816794,-0.503817,1.058234,2.951959,4695,7997,3302,4695,0,60.0,5,load
1780605277.9303312,67.07800019999559,67220,0.044678,-0.034424,1.047119,1.91603,2.854962,-0.473282,1.048637,3.470732,4696,8000,3304,4696,1,60.0,17,load
1780605277.9607317,67.10840080000344,67251,0.040771,-0.047852,1.056396,1.694656,3.267176,-0.671756,1.058265,3.74133,4699,8005,3306,4699,0,60.0,0,load
1780605277.9988916,67.1465606999991,67289,0.040283,-0.02832,1.056396,1.412214,2.816794,-0.59542,1.057544,3.206743,4700,8008,3308,4700,1,56.14,18,load
1780605278.0295694,67.1772384000069,67320,0.043701,-0.015381,1.060547,2.045802,3.587786,-0.694656,1.061558,4.188086,4702,8011,3309,4702,0,56.14,5,load
1780605278.0608022,67.20847140000842,67351,0.039551,-0.021729,1.060547,1.343511,2.496183,-0.519084,1.061506,2.881909,4703,8013,3310,4703,0,56.14,5,load
1780605278.0918167,67.23948570000357,67382,0.037354,-0.033691,1.04834,2.419847,3.732824,-0.923664,1.049546,4.543434,4705,8016,3311,4705,1,56.14,17,load
1780605278.123215,67.27088409999851,67413,0.045166,-0.028076,1.055176,0.748092,3.022901,-0.717557,1.056515,3.195694,4707,8019,3312,4707,0,56.14,6,load
1780605278.1544495,67.3021185999969,67444,0.053711,-0.058594,1.038818,1.450382,2.870229,-0.549618,1.041855,3.262499,4709,8023,3314,4709,0,56.14,1,load
1780605278.1859288,67.33359799999744,67475,0.042236,-0.039551,1.046387,1.740458,2.687023,-0.755725,1.047985,3.289439,4712,8027,3315,4712,0,56.14,6,load
1780605278.2162385,67.36390759999631,67506,0.040771,-0.012451,1.058838,1.389313,3.305344,-0.244275,1.059696,3.593767,4713,8029,3316,4713,0,56.14,5,load
1780605278.2463572,67.394026199996,67537,0.036377,-0.008057,1.043213,1.801527,2.557252,-0.335878,1.043878,3.146085,4715,8034,3319,4715,1,56.14,3,load
1780605278.2782574,67.4259263999993,67568,0.030029,-0.022217,1.051758,1.648855,3.717557,0.175573,1.052421,4.0706,4717,8037,3320,4717,0,60.932,5,load
1780605278.3092935,67.4569627000019,67599,0.037354,-0.023926,1.063965,2.038168,3.725191,-0.473282,1.064889,4.272608,4718,8039,3321,4718,0,60.932,6,load
1780605278.3397522,67.48742119999952,67630,0.060303,-0.033936,1.052978,1.351145,2.618321,-0.503817,1.05525,2.989152,4719,8041,3322,4719,0,60.932,5,load
1780605278.3712656,67.51893479999853,67661,0.05957,-0.025146,1.070312,0.870229,2.992366,-0.335878,1.072264,3.134385,4721,8044,3323,4721,1,60.932,18,load
1780605278.4029374,67.5506066000089,67693,-0.00293,-0.043945,1.062988,1.78626,2.854962,-1.961832,1.0639,3.897476,4723,8047,3324,4723,0,60.932,6,load
1780605278.4345236,67.582192700007,67724,0.026611,-0.015869,1.043213,1.541985,2.916031,-1.709924,1.043673,3.71548,4724,8049,3325,4724,0,60.932,6,load
1780605278.4665911,67.61426020000363,67756,0.034912,-0.050049,1.059082,0.916031,2.885496,-0.381679,1.060839,3.051374,4725,8051,3326,4725,0,60.932,7,load
1780605278.4968526,67.6445218000008,67787,0.045898,-0.057373,1.067383,1.580153,2.351145,-0.603053,1.069909,2.89628,4726,8053,3327,4726,0,60.932,7,load
1780605278.5279274,67.67559650000476,67817,0.048828,-0.038086,1.050293,1.458015,2.839695,-0.328244,1.052117,3.208959,4727,8055,3328,4727,0,60.932,7,load
1780605278.5588632,67.7065322999988,67848,0.021484,-0.014648,1.069336,1.351145,2.541985,-0.580153,1.069652,2.93664,4728,8057,3329,4728,0,39.286,7,load
1780605278.5884724,67.73614140000427,67879,0.024902,0.070801,1.059814,1.610687,2.366412,-1.167939,1.062468,3.09165,4729,8059,3330,4729,0,39.286,7,load
1780605278.6205065,67.76817569999548,67910,0.042969,-0.141113,1.035889,1.526718,3.480916,-1.10687,1.046339,3.958889,4729,8060,3331,4729,1,39.286,28,load
1780605278.6510394,67.79870840000513,67941,0.055908,-0.140625,1.045654,0.21374,3.610687,-1.320611,1.056548,3.850553,4730,8061,3331,4730,0,39.286,16,load
1780605278.6835387,67.83120770000096,67973,0.058838,-0.040527,1.066406,0.351145,3.221374,-0.763359,1.068797,3.329154,4732,8063,3331,4732,0,39.286,0,load
1780605278.7134361,67.86110530000587,68004,0.056396,-0.190918,1.062256,1.022901,3.305344,-0.496183,1.080749,3.4954,4733,8067,3334,4733,0,39.286,7,load
1780605278.7447803,67.8924493999948,68035,0.036865,0.080566,1.052002,0.198473,3.335878,-0.656489,1.055726,3.40565,4734,8069,3335,4734,0,39.286,10,load
1780605278.7773523,67.92502140000579,68066,0.037842,0.15918,1.064209,3.465649,2.015267,-0.664122,1.076713,4.063629,4734,8070,3336,4734,1,39.286,34,load
1780605278.808377,67.95604600000661,68098,0.026855,-0.236816,1.04248,1.694656,2.770992,-0.152672,1.069378,3.251702,4735,8071,3336,4735,0,28.0,10,load
1780605278.8386073,67.98627639999904,68130,0.047607,0.139893,1.049805,2.0,3.549618,-0.824427,1.060154,4.156858,4736,8073,3337,4736,0,28.0,10,load
1780605278.8709955,68.01866450000671,68160,0.038818,-0.191162,1.058594,-0.519084,3.175573,-1.129771,1.076416,3.410292,4736,8074,3338,4736,1,28.0,35,load
1780605278.9014258,68.04909480000788,68191,0.055908,0.041748,1.037354,3.10687,3.40458,-0.580153,1.039698,4.645469,4737,8075,3338,4737,0,28.0,14,load
1780605278.9317589,68.07942799999728,68222,0.034668,0.072998,1.072266,-0.045802,2.549618,-1.137405,1.075306,2.792193,4738,8077,3339,4738,0,28.0,8,load
1780605278.9629893,68.1106584000081,68253,0.061523,-0.22876,1.052002,1.076336,3.343511,-0.648855,1.078343,3.571915,4739,8079,3340,4739,0,28.0,10,load
1780605278.9944654,68.14213449999806,68284,0.038574,0.11499,1.056396,1.442748,2.290076,-0.679389,1.063336,2.790616,4739,8079,3340,4739,0,28.0,10,load
1780605279.0269258,68.17459490000329,68316,0.052002,-0.211182,1.044434,-0.656489,2.580153,-0.709924,1.066838,2.755387,4740,8081,3341,4740,0,28.0,3,load
1780605279.057391,68.2050600000075,68347,0.046631,-0.072998,1.05542,3.10687,2.900763,-0.938931,1.058969,4.353006,4741,8083,3342,4741,0,28.0,10,load
1780605279.0894125,68.23708160000388,68378,0.06665,-0.025391,1.062256,1.007634,3.351145,-0.122137,1.064648,3.501488,4741,8084,3343,4741,1,21.429,35,load
1780605279.119884,68.26755299999786,68410,0.054443,-0.139893,1.034912,3.541985,3.206107,-0.526718,1.045742,4.806476,4742,8085,3343,4742,0,21.429,10,load
1780605279.1518316,68.29950069999904,68441,0.05249,-0.20459,1.046143,-0.580153,3.412214,-1.351145,1.067252,3.715558,4743,8087,3344,4743,0,21.429,9,load
1780605279.1827161,68.33038519999536,68472,0.023682,0.148193,1.039795,3.290076,2.068702,-0.832061,1.050569,3.974476,4743,8088,3345,4743,1,21.429,34,load
1780605279.2137082,68.3613772999961,68503,0.039062,-0.026367,1.038818,1.541985,3.343511,-0.305344,1.039887,3.694594,4744,8089,3345,4744,0,21.429,17,load
1780605279.243623,68.39129210000101,68534,0.022949,-0.082275,1.076416,-0.740458,2.374046,-1.503817,1.0798,2.906172,4745,8091,3346,4745,0,21.429,4,load
1780605279.2742634,68.42193250000128,68565,0.053711,0.152344,1.076416,3.129771,2.877863,-0.687023,1.088469,4.30692,4746,8093,3347,4746,0,21.429,10,load
1780605279.306123,68.45379210000101,68595,0.067383,-0.10376,1.062744,-0.129771,3.198473,-0.068702,1.069921,3.201842,4746,8094,3348,4746,1,21.429,33,load
1780605279.337263,68.48493230000895,68626,0.039307,-0.101562,1.063232,0.251908,2.793893,-1.145038,1.068795,3.029919,4747,8095,3348,4747,0,21.429,12,load
1780605279.3664372,68.51410630000464,68657,0.04248,0.163574,1.060059,3.519084,2.931298,-0.603053,1.073446,4.619538,4748,8097,3349,4748,0,25.09,8,load
1780605279.398742,68.54641110000375,68688,0.064209,-0.131104,1.049805,3.648855,3.396947,-0.244275,1.059906,4.991298,4749,8099,3350,4749,0,25.09,9,load
1780605279.4294584,68.57712739999988,68719,0.016602,-0.136963,1.044922,0.763359,2.633588,-0.946565,1.053991,2.900773,4749,8099,3350,4749,0,25.09,9,load
1780605279.4616868,68.60935600000084,68751,0.085449,-0.250488,1.041748,0.015267,4.282442,0.251908,1.074842,4.289872,4750,8101,3351,4750,0,25.09,1,load
1780605279.4920402,68.63970929999778,68782,0.051514,0.077148,1.047363,-0.19084,3.061069,-1.427481,1.051463,3.382937,4751,8103,3352,4751,0,25.09,9,load
1780605279.5242894,68.67195839999476,68814,0.018799,0.172607,1.055176,2.038168,2.122137,-1.137405,1.069366,3.154566,4751,8104,3353,4751,1,25.09,34,load
1780605279.5558484,68.70351750000555,68845,0.045654,-0.193115,1.045654,2.251908,2.763359,0.374046,1.064317,3.584293,4752,8105,3353,4752,0,25.09,17,load
1780605279.5859134,68.73358250000456,68876,0.029297,-0.213867,1.053711,-0.083969,2.679389,-1.175572,1.075595,2.92714,4753,8107,3354,4753,0,25.09,4,load
1780605279.6158075,68.76347659999738,68906,0.038574,0.024658,1.074463,2.954198,2.015267,-1.122137,1.075438,3.748037,4754,8109,3355,4754,0,25.09,10,load
1780605279.646956,68.79462509999576,68937,0.037109,-0.216064,1.046143,1.412214,2.610687,-0.358779,1.068866,2.989775,4754,8110,3356,4754,1,21.429,32,load
1780605279.6786313,68.82630030000291,68968,0.032227,-0.140381,1.041504,1.503817,2.923664,-0.526718,1.051416,3.329671,4755,8111,3356,4755,0,21.429,14,load
1780605279.7097776,68.8574465999991,68999,0.04834,-0.188477,1.046631,1.89313,3.641221,-0.78626,1.064564,4.178592,4756,8113,3357,4756,0,21.429,7,load
1780605279.741053,68.88872230000561,69030,0.028076,0.095215,1.070312,3.061069,2.450382,-1.351145,1.074906,4.147301,4757,8115,3358,4757,0,21.429,9,load
1780605279.7713215,68.91899049999483,69061,0.054443,-0.030762,1.046143,3.076336,3.435115,-0.625954,1.04801,4.653566,4757,8116,3359,4757,1,21.429,32,load
1780605279.803364,68.95103320000635,69092,0.057861,-0.090576,1.055176,0.396947,3.549618,-0.480916,1.060636,3.603975,4758,8117,3359,4758,0,21.429,13,load
1780605279.834736,68.98240530000476,69124,0.037109,0.123047,1.057861,1.648855,3.641221,0.160305,1.06564,4.000364,4759,8119,3360,4759,0,21.429,3,load
1780605279.8649998,69.01266890000261,69155,0.067139,-0.024414,1.041992,-0.175573,3.725191,-0.969466,1.044438,3.853276,4760,8121,3361,4760,0,21.429,9,load
1780605279.8964517,69.04412079999747,69186,0.067139,0.128174,1.058838,3.259542,3.282443,-1.091603,1.068678,4.752961,4761,8123,3362,4761,0,21.429,9,load
1780605279.9282868,69.07595579999906,69217,0.050781,-0.156738,1.053955,-0.419847,2.51145,-0.175573,1.066755,2.552348,4761,8124,3363,4761,1,25.0,30,load
1780605279.9591956,69.10686460000579,69248,0.068848,0.065918,1.056885,1.641221,3.740458,-0.068702,1.061174,4.08526,4762,8125,3363,4762,0,25.0,12,load
1780605279.988467,69.13613610000175,69279,0.045166,-0.151123,1.050537,1.961832,2.755725,-0.015267,1.062312,3.382756,4763,8127,3364,4763,0,25.0,4,load
1780605280.0209424,69.16861150000477,69310,0.050537,0.098877,1.046631,1.763359,3.137405,-1.267176,1.052505,3.815557,4764,8129,3365,4764,0,25.0,9,load
1780605280.0512998,69.19896890000382,69341,0.066162,-0.144287,1.043213,3.167939,3.641221,-0.435114,1.05522,4.845994,4765,8131,3366,4765,0,25.0,9,load
1780605280.0816724,69.22934160000295,69372,0.055176,0.054932,1.075439,-0.717557,3.007634,-0.022901,1.078254,3.092131,4765,8132,3367,4765,1,25.0,30,load
1780605280.112556,69.26022500000545,69403,0.062988,0.087891,1.062012,2.015267,2.847328,0.007634,1.067502,3.488357,4766,8133,3367,4766,0,25.0,11,load
1780605280.1435702,69.29123919999984,69434,0.039795,0.103027,1.063965,1.442748,3.221374,-0.045802,1.069682,3.529996,4767,8135,3368,4767,0,25.0,4,load
1780605280.1750593,69.32272830000147,69465,0.05835,0.043457,1.056641,1.419847,3.51145,-1.122137,1.059142,3.950372,4768,8137,3369,4768,0,25.0,8,load
1780605280.2069714,69.35464050000883,69496,0.049561,-0.014648,1.052734,1.465649,3.320611,-0.610687,1.054002,3.680696,4769,8139,3370,4769,0,28.674,8,load
1780605280.2370672,69.38473629999498,69527,0.030273,-0.002686,1.047852,2.259542,3.961832,-0.129771,1.048292,4.562728,4770,8141,3371,4770,0,28.674,6,load
1780605280.2684507,69.4161199000082,69558,0.03418,-0.037842,1.058594,1.08397,2.80916,-0.145038,1.059821,3.014532,4771,8143,3372,4771,0,28.674,6,load
1780605280.2987843,69.44645339999988,69589,0.033203,-0.045898,1.03418,0.671756,2.679389,-0.450382,1.03573,2.79879,4772,8145,3373,4772,0,28.674,3,load
1780605280.33148,69.47914900000615,69620,0.049072,-0.018555,1.04126,2.305344,3.603053,-1.526718,1.04258,4.541747,4775,8149,3374,4775,0,28.674,6,load
1780605280.3628244,69.51049339999736,69652,0.045898,-0.05249,1.062012,1.21374,2.122137,-0.832061,1.064298,2.582432,4776,8151,3375,4776,0,28.674,5,load
1780605280.393888,69.54155710000487,69683,0.035645,-0.042236,1.043945,0.549618,2.458015,-1.175572,1.045407,2.779548,4778,8155,3377,4778,0,28.674,1,load
1780605280.42411,69.5717791000061,69714,0.046875,-0.064697,1.04541,2.0,2.977099,-1.167939,1.048459,3.771896,4781,8159,3378,4781,0,28.674,5,load
1780605280.4559083,69.60357740000472,69745,0.059082,-0.010986,1.065918,0.770992,2.778626,0.21374,1.067611,2.891518,4782,8161,3379,4782,0,28.674,5,load
1780605280.4858944,69.63356360000034,69776,0.049561,-0.012451,1.060547,1.992366,2.366412,-0.732824,1.061777,3.179066,4783,8164,3381,4783,1,50.0,17,load
1780605280.5167494,69.66441840000334,69807,0.039307,-0.007568,1.067627,1.954198,3.206107,-0.274809,1.068377,3.764775,4788,8171,3383,4788,0,50.0,5,load
1780605280.5479517,69.69562070000393,69838,0.034912,-0.039795,1.050293,0.870229,3.167939,-0.778626,1.051626,3.376299,4790,8175,3385,4790,0,50.0,1,load
1780605280.5775235,69.72519250000187,69869,0.0625,-0.00293,1.038574,2.656489,3.618321,-0.847328,1.040457,4.568057,4794,8181,3387,4794,0,50.0,5,load
1780605280.609868,69.7575371999992,69899,0.053955,-0.033203,1.070557,0.549618,2.603053,-0.503817,1.07243,2.707729,4796,8185,3389,4796,0,50.0,1,load
1780605280.6410873,69.78875629999675,69930,0.056641,-0.061523,1.043213,1.977099,3.137405,-0.801527,1.046559,3.794031,4798,8190,3392,4798,1,50.0,14,load
1780605280.6711445,69.81881359999534,69961,0.025146,-0.017578,1.061523,2.091603,2.78626,-0.763359,1.061967,3.566618,4800,8193,3393,4800,0,50.0,5,load
1780605280.7023625,69.85003159999906,69992,0.023682,-0.028564,1.044922,0.732824,2.816794,-0.358779,1.04558,2.93259,4803,8199,3396,4803,0,50.0,1,load
1780605280.7330146,69.8806837000011,70023,0.049561,-0.049561,1.054443,2.335878,3.145038,-1.137405,1.05677,4.079372,4804,8202,3398,4804,1,50.0,17,load
1780605280.7639558,69.91162490000715,70054,0.042236,-0.024658,1.06665,0.78626,2.503817,-0.80916,1.067771,2.746278,4807,8207,3400,4807,0,86.331,1,load
1780605280.795823,69.94349220000731,70085,0.033691,-0.055176,1.050781,1.137405,2.625954,-0.954198,1.052768,3.01659,4808,8209,3401,4808,0,86.331,5,load
1780605280.826392,69.97406110000156,70116,0.050781,-0.042969,1.049561,1.862595,3.305344,-0.671756,1.051666,3.853027,4813,8216,3403,4813,0,86.331,3,load
1780605280.8579905,70.005659500006,70148,0.030762,-0.0271,1.047119,0.877863,2.854962,-0.19084,1.047921,2.99297,4815,8219,3404,4815,0,86.331,5,load
1780605280.8894126,70.03708160000679,70179,0.04541,-0.056641,1.053223,1.847328,3.503817,-1.152672,1.055722,4.125288,4817,8224,3407,4817,1,86.331,3,load
1780605280.920097,70.06776610000816,70210,0.038574,-0.023682,1.063721,0.740458,2.381679,-0.618321,1.064683,2.56963,4819,8227,3408,4819,0,86.331,5,load
1780605280.951398,70.09906700000283,70241,0.042969,-0.061279,1.053955,1.10687,2.755725,-1.335878,1.056609,3.25634,4820,8229,3409,4820,0,86.331,5,load
1780605280.9826226,70.13029169999936,70272,0.046631,-0.033691,1.050781,1.580153,3.412214,-0.549618,1.052355,3.800285,4825,8235,3410,4825,0,86.331,5,load
1780605281.013752,70.16142099999706,70303,0.056396,-0.024902,1.055664,0.305344,2.870229,-0.282443,1.057463,2.900211,4827,8239,3412,4827,0,86.331,1,load
1780605281.0442598,70.19192890000704,70334,0.054932,-0.054688,1.060791,1.80916,2.877863,-1.091603,1.063619,3.570259,4828,8242,3414,4828,1,75.0,17,load
1780605281.0742168,70.2218858999986,70365,0.04248,-0.004395,1.06665,1.068702,2.748092,-0.053435,1.067505,2.949066,4830,8245,3415,4830,0,75.0,5,load
1780605281.1052585,70.25292759999866,70396,0.020752,-0.037354,1.053467,1.175572,3.076336,-1.152672,1.054333,3.489193,4834,8251,3417,4834,0,75.0,1,load
1780605281.137129,70.28479819999484,70427,0.063232,-0.021484,1.037598,2.335878,3.320611,-0.793893,1.039745,4.136792,4838,8257,3419,4838,0,75.0,5,load
1780605281.1678345,70.31550349999452,70458,0.049072,-0.020508,1.058106,0.519084,2.641221,-0.351145,1.059441,2.714554,4839,8259,3420,4839,0,75.0,5,load
1780605281.1994562,70.34712540000328,70489,0.034668,-0.01123,1.050781,2.381679,3.175573,-0.740458,1.051413,4.037937,4840,8262,3422,4840,1,75.0,17,load
1780605281.2304568,70.37812589999521,70520,0.024414,-0.019531,1.061768,2.015267,2.954198,-0.198473,1.062228,3.581617,4842,8265,3423,4842,0,75.0,5,load
1780605281.2607262,70.40839540000889,70551,0.049072,-0.052002,1.070312,0.916031,2.312977,-1.10687,1.072698,2.722891,4843,8267,3424,4843,0,75.0,5,load
1780605281.2911224,70.43879159999778,70582,0.04834,0.000732,1.040772,2.641221,4.259542,-0.862595,1.041894,5.085648,4847,8273,3426,4847,0,75.0,5,load
1780605281.3227425,70.47041160000663,70613,0.041992,-0.026123,1.065918,1.015267,2.671756,-0.343511,1.067064,2.878723,4851,8279,3428,4851,0,82.437,1,load
1780605281.3542907,70.50195990000793,70644,0.059326,-0.023438,1.054443,2.366412,2.656489,-0.59542,1.056371,3.607127,4853,8284,3431,4853,1,82.437,14,load
1780605281.3856792,70.53334829999949,70675,0.039062,-0.021484,1.063477,2.175573,2.908397,-0.572519,1.064411,3.67691,4856,8289,3433,4856,0,82.437,1,load
1780605281.416428,70.5640970999957,70706,0.036865,-0.034424,1.059326,1.541985,2.236641,-0.366412,1.060526,2.741266,4857,8291,3434,4857,0,82.437,5,load
1780605281.4467182,70.59438740000769,70737,0.048584,-0.020264,1.041992,2.167939,3.251908,-1.29771,1.043321,4.11812,4859,8294,3435,4859,0,82.437,16,load
1780605281.478009,70.6256779999967,70768,0.048584,-0.023193,1.076172,0.328244,2.251908,-0.877863,1.077518,2.439155,4862,8299,3437,4862,0,82.437,6,load
1780605281.5096366,70.6573056000052,70799,0.053223,-0.049316,1.049316,1.068702,2.572519,-0.854962,1.051822,2.913921,4863,8301,3438,4863,0,82.437,5,load
1780605281.5397313,70.6874003999983,70830,0.061523,-0.044189,1.041992,1.656489,3.549618,-0.977099,1.044742,4.037136,4866,8306,3440,4866,0,82.437,3,load
1780605281.5712645,70.7189337000018,70861,0.039795,-0.027344,1.051514,0.145038,2.900763,-0.167939,1.052622,2.909238,4868,8309,3441,4868,0,82.437,5,load
1780605281.602552,70.75022099999478,70892,0.056641,-0.058105,1.052002,1.526718,3.366412,-1.290076,1.055127,3.915086,4870,8314,3444,4870,1,68.1,13,load
1780605281.6325805,70.7802495000069,70923,0.049805,-0.025879,1.065918,1.48855,2.381679,-0.687023,1.067395,2.891397,4872,8317,3445,4872,0,68.1,5,load
1780605281.6650493,70.81271840000409,70954,0.060791,-0.070312,1.043945,1.625954,2.503817,-1.053435,1.048075,3.165841,4875,8323,3448,4875,0,68.1,1,load
1780605281.6966672,70.84433619999618,70986,0.041016,-0.043213,1.049316,2.152672,3.801527,-0.725191,1.051006,4.428488,4879,8330,3451,4879,0,68.1,3,load
1780605281.7262237,70.87389270000858,71017,0.052246,-0.008545,1.059326,1.305344,2.763359,-0.007634,1.060648,3.056163,4882,8335,3453,4882,0,68.1,0,load
1780605281.756797,70.904466100008,71047,0.059082,-0.024658,1.062012,2.068702,2.916031,-0.648855,1.06394,3.6337,4883,8338,3455,4883,1,68.1,18,load
1780605281.7875094,70.93517850000353,71078,0.035889,-0.004395,1.05835,1.900763,2.709924,-0.412214,1.058967,3.335642,4885,8341,3456,4885,0,68.1,5,load
1780605281.8189635,70.96663270000136,71109,0.035645,-0.055176,1.057617,1.045802,2.625954,-1.10687,1.059655,3.035539,4886,8343,3457,4886,0,68.1,5,load
1780605281.8489313,70.99660050000239,71140,0.053467,0.002441,1.039062,2.335878,3.381679,-0.946565,1.04044,4.21759,4890,8349,3459,4890,0,68.1,5,load
1780605281.880851,71.02852010000788,71170,0.061768,-0.035156,1.069092,0.740458,2.427481,-0.282443,1.071452,2.553569,4891,8351,3460,4891,0,75.54,5,load
1780605281.9124458,71.0601147999987,71202,0.037109,-0.019043,1.054443,1.954198,2.541985,-0.648855,1.055268,3.271329,4893,8356,3463,4893,1,75.54,14,load
1780605281.9438632,71.09153230000811,71234,0.048828,-0.021729,1.061768,1.847328,2.396947,-0.885496,1.063112,3.153106,4897,8361,3464,4897,0,75.54,5,load
1780605281.9746447,71.12231380000594,71265,0.05127,-0.035645,1.058594,0.954198,2.770992,-0.862595,1.060434,3.05499,4899,8365,3466,4899,0,75.54,0,load
1780605282.0066454,71.15431440000248,71296,0.054443,-0.009766,1.033447,2.770992,3.458015,-0.664122,1.034926,4.480773,4902,8369,3467,4902,0,75.54,5,load
1780605282.0366063,71.18427529999462,71327,0.0625,-0.016357,1.063965,0.78626,2.862595,-0.755725,1.065924,3.063295,4906,8375,3469,4906,0,75.54,0,load
1780605282.0686743,71.21634349999658,71358,0.04126,-0.021973,1.05127,2.244275,2.625954,-0.465649,1.052308,3.485575,4907,8380,3473,4907,1,75.54,17,load
1780605282.0993,71.24696910000057,71390,0.032471,-0.018066,1.069336,2.29771,2.221374,-0.748092,1.069981,3.282318,4909,8383,3474,4909,0,75.54,5,load
1780605282.1306257,71.27829479999491,71420,0.032959,-0.02832,1.048828,1.022901,3.015267,-0.114504,1.049728,3.186106,4910,8385,3475,4910,0,76.0,5,load
1780605282.1618137,71.30948270000226,71452,0.031738,-0.012451,1.047363,2.984733,3.381679,-1.0,1.047918,4.619998,4913,8389,3476,4913,0,76.0,5,load
1780605282.1937966,71.34146559999499,71482,0.054443,-0.039062,1.077148,0.908397,2.236641,-0.40458,1.079231,2.447741,4916,8393,3477,4916,0,76.0,5,load
1780605282.222865,71.37053430000378,71513,0.052002,-0.054688,1.053223,1.312977,2.564885,-1.10687,1.055923,3.086698,4918,8397,3479,4918,0,76.0,0,load
1780605282.2528577,71.40052670000296,71544,0.0354,-0.037109,1.056641,2.0,3.496183,-1.007634,1.057884,4.151942,4922,8403,3481,4922,0,76.0,5,load
1780605282.2839003,71.43156939999608,71574,0.041748,0.001953,1.057129,-0.091603,3.091603,-0.236641,1.057955,3.101999,4924,8407,3483,4924,0,76.0,0,load
1780605282.3150883,71.4627574000042,71604,0.043945,-0.033447,1.044678,1.08397,2.236641,-0.687023,1.046136,2.578673,4926,8412,3486,4926,1,76.0,14,load
1780605282.3462625,71.49393159999454,71636,0.049072,-0.01123,1.068115,1.938931,2.656489,-0.740458,1.069301,3.371152,4929,8417,3488,4929,0,76.0,0,load
1780605282.3763607,71.52402969999821,71667,0.052246,-0.036621,1.060791,-0.022901,2.259542,-0.526718,1.062708,2.320234,4931,8421,3490,4931,0,76.0,0,load
1780605282.4086547,71.55632380000316,71698,0.061768,-0.023193,1.032959,3.328244,3.992366,-1.244275,1.035064,5.344569,4935,8427,3492,4935,0,89.928,6,load
1780605282.439903,71.58757220000552,71730,0.034668,-0.082275,1.049316,0.679389,3.412214,-6.969466,1.053108,7.789623,4938,8433,3495,4938,0,89.928,0,load
1780605282.4715383,71.61920739999914,71761,0.029297,-0.016846,1.039062,1.969466,2.648855,-0.335878,1.039612,3.317837,4940,8438,3498,4940,1,89.928,14,load
1780605282.5028713,71.65054030000465,71792,0.03418,-0.04541,1.053467,2.709924,2.938931,-2.763359,1.054999,4.859748,4944,8443,3499,4944,0,89.928,5,load
1780605282.532376,71.68004510000173,71823,0.037598,-0.01416,1.053955,1.152672,3.145038,-0.007634,1.05472,3.349623,4945,8445,3500,4945,0,89.928,5,load
1780605282.564311,71.71198000000732,71854,0.056396,-0.021973,1.033691,2.763359,4.145038,-0.984733,1.035462,5.078109,4947,8448,3501,4947,0,89.928,17,load
1780605282.5956054,71.74327439999615,71885,0.04248,-0.045166,1.072754,0.687023,2.251908,-0.366412,1.074544,2.382719,4951,8453,3502,4951,0,89.928,5,load
1780605282.627125,71.77479409999796,71917,0.042236,-0.044189,1.045166,2.862595,2.664122,-0.229008,1.046952,3.917198,4953,8460,3507,4953,1,89.928,3,load
1780605282.6580348,71.80570389999775,71948,0.04126,-0.026855,1.062744,3.709924,3.740458,-0.549618,1.063884,5.296852,4957,8465,3508,4957,0,88.0,5,load
1780605282.6888084,71.83647740000742,71979,0.0271,-0.016846,1.047607,1.801527,2.900763,-0.061069,1.048093,3.41521,4959,8469,3510,4959,0,88.0,0,load
1780605282.7202108,71.86787990000448,72010,0.046387,-0.036865,1.05957,2.435115,3.938931,-0.984733,1.061226,4.734412,4961,8472,3511,4961,1,88.0,16,load
1780605282.7507,71.89836900000228,72041,0.03125,-0.033936,1.062256,0.770992,2.229008,-0.854962,1.063257,2.508758,4965,8477,3512,4965,0,88.0,5,load
1780605282.781361,71.92903020000085,72071,0.034668,-0.047363,1.062256,1.229008,2.641221,-1.038168,1.063876,3.092621,4966,8479,3513,4966,0,88.0,5,load
1780605282.811854,71.95952289999695,72102,0.067627,-0.035645,1.038818,1.938931,3.748092,-0.770992,1.041627,4.289764,4970,8485,3515,4970,0,88.0,5,load
1780605282.8420804,71.98974940000335,72133,0.056885,-0.002686,1.065186,0.290076,2.770992,-0.351145,1.066707,2.808175,4971,8487,3516,4971,0,88.0,5,load
1780605282.8739781,72.02164710000216,72163,0.0354,-0.013428,1.049805,2.839695,2.343511,-0.885496,1.050487,3.786821,4972,8490,3518,4972,1,88.0,17,load
1780605282.9046135,72.052282500008,72195,0.045166,-0.020508,1.064697,2.671756,3.633588,-0.343511,1.065852,4.523189,4974,8493,3519,4974,0,88.0,6,load
1780605282.9367824,72.08445140000549,72226,0.046631,-0.033936,1.064941,1.572519,2.923664,-0.40458,1.066502,3.344296,4975,8495,3520,4975,0,64.748,5,load
1780605282.9670026,72.11467179999454,72257,0.060547,-0.012451,1.05127,3.015267,3.694656,-0.954198,1.053085,4.863416,4978,8499,3521,4978,0,64.748,5,load
1780605282.9983041,72.14597310000681,72288,0.033203,-0.004395,1.068848,0.450382,2.587786,-0.877863,1.069372,2.769499,4980,8503,3523,4980,0,64.748,5,load
1780605283.0280497,72.17571870000393,72319,0.046631,-0.020508,1.051514,1.167939,2.778626,-0.633588,1.052747,3.07998,4981,8506,3525,4981,1,64.748,18,load
1780605283.0594072,72.20707620000758,72349,0.046387,-0.0354,1.03833,1.244275,3.229008,-0.977099,1.039968,3.595752,4985,8511,3526,4985,0,64.748,5,load
1780605283.0918245,72.23949370000628,72381,0.043213,-0.017822,1.05127,0.015267,2.343511,-0.839695,1.052308,2.489451,4988,8515,3527,4988,0,64.748,6,load
1780605283.122236,72.2699050999945,72412,0.059326,-0.050537,1.05127,1.984733,3.587786,-1.007634,1.054154,4.222168,4990,8520,3530,4990,1,64.748,13,load
1780605283.1538234,72.30149240000173,72443,0.032227,-0.037842,1.071533,1.236641,2.412214,-0.480916,1.072685,2.75306,4994,8525,3531,4994,0,64.748,5,load
1780605283.1853595,72.33302859999822,72474,0.063477,-0.083252,1.05835,0.770992,3.068702,-0.992366,1.063515,3.316045,4996,8529,3533,4996,0,64.748,1,load
1780605283.215852,72.36352100000659,72506,0.061035,-0.042969,1.052002,1.709924,3.030534,-0.977099,1.054647,3.614236,4999,8533,3534,4999,0,85.714,5,load
1780605283.2472365,72.39490549999755,72537,0.03125,-0.016357,1.053711,-0.068702,3.053435,-0.129771,1.054301,3.056964,5001,8537,3536,5001,0,85.714,1,load
1780605283.2784777,72.42614680000406,72568,0.049316,-0.04834,1.060547,1.351145,2.839695,-1.091603,1.062793,3.328822,5002,8540,3538,5002,1,85.714,17,load
1780605283.3098924,72.4575615000067,72599,0.043213,-0.034668,1.067383,1.312977,2.366412,-0.549618,1.06882,2.761502,5006,8545,3539,5006,0,85.714,5,load
1780605283.3413308,72.48899990000064,72631,0.047119,-0.082764,1.046143,1.10687,2.465649,-1.206107,1.050469,2.959608,5007,8547,3540,5007,0,85.714,6,load
1780605283.3714302,72.51909929999965,72662,0.054199,-0.036621,1.045654,2.763359,3.419847,-1.0,1.047698,4.509048,5013,8555,3542,5013,0,85.714,5,load
1780605283.4018152,72.54948420000437,72692,0.035645,0.003662,1.065918,1.030534,2.862595,-0.053435,1.06652,3.042911,5015,8559,3544,5015,0,85.714,0,load
1780605283.4332573,72.5809264999989,72723,0.044922,-0.007568,1.053955,2.374046,3.274809,-0.824427,1.054939,4.127971,5016,8562,3546,5016,1,85.714,18,load
1780605283.465306,72.61297519999789,72754,0.05127,-0.028809,1.067383,1.755725,3.320611,-0.21374,1.069002,3.762275,5018,8565,3547,5018,0,85.714,5,load
1780605283.494867,72.6425362000009,72785,0.048096,-0.031494,1.06543,0.862595,2.580153,-0.435114,1.06698,2.755102,5019,8567,3548,5019,0,71.685,5,load
1780605283.526363,72.67403189999459,72816,0.045654,-0.046631,1.050049,2.290076,4.244274,-1.038168,1.052075,4.933164,5022,8571,3549,5022,0,71.685,5,load
1780605283.55749,72.70515930000693,72847,0.051514,-0.037109,1.073486,0.717557,2.10687,-0.824427,1.075362,2.373494,5026,8577,3551,5026,0,71.685,5,load
1780605283.5955138,72.74318289999792,72885,0.023682,-0.027588,1.050781,2.282443,2.977099,-0.732824,1.05141,3.822263,5028,8581,3553,5028,0,71.685,7,load
1780605283.6271784,72.77484759999788,72917,0.065186,-0.014648,1.049561,0.320611,2.977099,0.167939,1.051685,2.999019,5032,8587,3555,5032,0,71.685,0,load
1780605283.658278,72.80594700000074,72948,0.051758,-0.051025,1.053223,1.51145,2.541985,-1.007634,1.055727,3.124339,5033,8590,3557,5033,1,71.685,17,load
1780605283.6893132,72.83698219999496,72979,0.036621,0.009521,1.067871,1.832061,1.80916,-0.656489,1.068541,2.657158,5038,8597,3559,5038,0,71.685,0,load
1780605283.72271,72.8703788999992,73010,0.056641,-0.039551,1.053223,0.610687,2.51145,-0.877863,1.055486,2.729646,5039,8599,3560,5039,0,71.685,5,load
1780605283.7517064,72.8993754999974,73042,0.063477,-0.021973,1.03418,2.603053,5.129771,-0.267176,1.036359,5.75863,5044,8607,3563,5044,0,97.276,5,load
1780605283.7834723,72.93114129999594,73073,0.027344,0.004883,1.068115,1.732824,3.374046,-0.221374,1.068476,3.799457,5047,8611,3564,5047,0,97.276,5,load
1780605283.8152153,72.96288449999702,73104,0.026611,-0.013916,1.049316,2.183206,3.045802,-0.061069,1.049746,3.747936,5049,8616,3567,5049,1,97.276,13,load
1780605283.845307,72.99297619999561,73135,0.062988,-0.027344,1.060303,2.832061,3.122137,-0.305344,1.062524,4.226292,5052,8621,3569,5052,0,97.276,1,load
1780605283.8752995,73.02296859999478,73166,0.049805,-0.026367,1.055908,1.419847,3.0,0.030534,1.057411,3.319172,5053,8623,3570,5053,0,97.276,6,load
1780605283.9071183,73.05478740000399,73196,0.043701,-0.040283,1.060303,1.91603,3.687023,-0.89313,1.061967,4.250058,5054,8626,3572,5054,1,97.276,17,load
1780605283.9376109,73.08527989999857,73227,0.03833,-0.022705,1.075928,0.992366,2.648855,-0.534351,1.07685,2.878672,5057,8631,3574,5057,0,97.276,5,load
1780605283.968583,73.1162522000086,73258,0.039551,-0.068848,1.043701,0.954198,2.389313,-0.992366,1.046717,2.757554,5059,8635,3576,5059,0,97.276,0,load
1780605284.0004246,73.14809360000072,73290,0.021729,-0.049316,1.061279,1.458015,2.687023,-1.099237,1.062647,3.248726,5062,8639,3577,5062,0,97.276,5,load
1780605284.0313566,73.17902559999493,73321,0.044434,-0.031982,1.054688,0.122137,2.519084,0.099237,1.056107,2.523995,5064,8643,3579,5064,0,71.685,0,load
1780605284.06244,73.21010900000692,73352,0.045898,-0.042969,1.054199,1.396947,2.099237,-1.007634,1.056072,2.715434,5065,8646,3581,5065,1,71.685,17,load
1780605284.093051,73.2407200000016,73383,0.033936,-0.031006,1.057861,2.358779,3.10687,-0.305344,1.05886,3.912763,5067,8649,3582,5067,0,71.685,5,load
1780605284.1247578,73.27242690000276,73414,0.05249,-0.036621,1.063232,1.89313,3.519084,-0.061069,1.065157,3.996451,5070,8653,3583,5070,0,71.685,6,load
1780605284.155505,73.30317400000058,73445,0.042969,-0.016113,1.05542,2.10687,3.396947,-0.877863,1.056417,4.092529,5072,8656,3584,5072,1,71.685,16,load
1780605284.1863232,73.33399230000214,73476,0.031494,-0.030029,1.06958,0.305344,2.206107,-0.80916,1.070465,2.369574,5076,8661,3585,5076,0,71.685,5,load
1780605284.218225,73.3658940000023,73508,0.069824,-0.02832,1.053467,1.557252,3.076336,-0.51145,1.056158,3.485751,5077,8663,3586,5077,0,71.685,5,load
1780605284.2492647,73.39693380000244,73539,0.058594,-0.035645,1.051758,1.671756,2.992366,-0.671756,1.053992,3.49289,5080,8667,3587,5080,0,71.685,5,load
1780605284.2797313,73.42740040000353,73570,0.057861,-0.002441,1.054932,0.206107,3.312977,0.015267,1.05652,3.319417,5082,8671,3589,5082,0,71.685,5,load
1780605284.310705,73.45837400000892,73600,0.043213,-0.031006,1.062012,1.022901,2.221374,2.641221,1.063343,3.599566,5083,8674,3591,5083,1,68.1,18,load
1780605284.3402932,73.48796220000077,73631,0.044434,-0.039551,1.051025,1.778626,3.19084,1.51145,1.052707,3.95341,5087,8679,3592,5087,0,68.1,5,load
1780605284.371427,73.51909620000515,73661,0.058105,-0.012451,1.054932,0.870229,2.755725,0.335878,1.056604,2.909318,5088,8681,3593,5088,0,68.1,5,load
1780605284.4024458,73.55011480000394,73692,0.074951,-0.009521,1.046143,1.183206,1.687023,2.755725,1.048867,3.440936,5090,8686,3596,5090,1,68.1,15,load
1780605284.4330997,73.58076890000666,73723,0.040527,-0.039551,1.044434,3.503817,4.129771,-1.038168,1.045968,5.514484,5095,8693,3598,5095,0,68.1,6,load
1780605284.4636843,73.61135330000252,73754,0.049805,-0.015381,1.034668,2.053435,4.29771,-0.839695,1.03598,4.836527,5096,8695,3599,5096,0,68.1,5,load
1780605284.494479,73.64214809999976,73784,0.041504,-0.026123,1.05957,2.374046,2.366412,-0.656489,1.060705,3.415696,5098,8700,3602,5098,1,68.1,14,load
1780605284.526523,73.67419210000662,73816,0.04126,-0.020752,1.045654,3.259542,3.694656,0.091603,1.046674,4.927828,5102,8705,3603,5102,0,68.1,6,load
1780605284.5574617,73.70513090000895,73847,0.041748,-0.025391,1.055664,1.21374,2.145038,0.206107,1.056794,2.473224,5103,8707,3604,5103,0,68.1,5,load
1780605284.588731,73.73640009999508,73878,0.05127,0.037354,1.046387,2.19084,3.587786,2.763359,1.048308,5.03072,5104,8710,3606,5104,1,75.54,18,load
1780605284.620516,73.76818519999506,73910,0.050537,-0.058838,1.041992,3.251908,4.015268,-0.076336,1.044875,5.167505,5106,8713,3607,5106,0,75.54,5,load
1780605284.6510785,73.79874749999726,73941,0.069092,-0.03833,1.046387,1.717557,3.793893,-0.717557,1.049366,4.225934,5107,8715,3608,5107,0,75.54,6,load
1780605284.6808465,73.82851550000487,73972,0.007813,-0.014404,1.057373,1.358779,2.679389,-1.030534,1.0575,3.176068,5108,8718,3610,5108,1,75.54,19,load
1780605284.7120118,73.85968100000173,74002,0.02002,-0.038086,1.066162,3.022901,3.068702,-0.900763,1.06703,4.400708,5110,8721,3611,5110,0,75.54,5,load
1780605284.7422059,73.88987490000727,74032,0.015137,-0.044922,1.069824,0.961832,2.961832,-0.427481,1.070874,3.143296,5111,8723,3612,5111,0,75.54,5,load
1780605284.7730045,73.92067350000434,74063,0.024658,-0.016113,1.072266,1.267176,3.007634,0.114504,1.07267,3.265686,5113,8727,3614,5113,0,75.54,0,load
1780605284.8043594,73.95202860000427,74094,0.014648,-0.012451,1.057861,0.938931,2.473282,1.648855,1.058036,3.117281,5115,8731,3616,5115,0,75.54,0,load
1780605284.8349776,73.9826466000086,74125,0.056885,-0.027344,1.064697,0.977099,2.732824,0.641221,1.066566,2.972241,5117,8734,3617,5117,1,75.54,19,load
1780605284.8659604,74.01362939999672,74156,0.042969,-0.002197,1.044434,0.618321,3.183206,-0.29771,1.045319,3.25634,5118,8736,3618,5118,1,50.36,17,load
1780605284.897096,74.04476499999873,74186,0.047119,-0.027832,1.035644,1.625954,2.427481,-0.564886,1.037089,2.975817,5119,8738,3619,5119,1,50.36,17,load
1780605284.9276128,74.07528190000448,74217,0.055176,0.049072,1.063965,0.954198,3.21374,0.519084,1.066524,3.392355,5120,8740,3620,5120,1,50.36,20,load
1780605284.957702,74.10537109999859,74248,0.064941,-0.03125,1.046387,2.053435,2.992366,2.366412,1.048866,4.332524,5121,8741,3620,5121,0,50.36,10,load
1780605284.9892867,74.13695580000058,74279,0.044189,-0.031494,1.050537,1.687023,2.763359,0.503817,1.051938,3.276588,5122,8743,3621,5122,0,50.36,1,load
1780605285.039097,74.18676620000042,74310,0.076416,0.032715,1.06958,0.961832,3.129771,0.015267,1.072805,3.274266,5123,8745,3622,5123,0,50.36,5,load
1780605285.0504236,74.19809269999678,74341,0.000732,-0.057861,1.055176,2.564885,2.618321,1.51145,1.056761,3.964684,5124,8747,3623,5124,0,50.36,9,load
1780605285.0830088,74.23067780000565,74372,0.065918,-0.023438,1.053467,3.900763,2.908397,-0.290076,1.055787,4.874307,5124,8748,3624,5124,1,50.36,31,load
1780605285.1124508,74.26012000000628,74403,0.047119,-0.186523,1.04834,0.229008,2.29771,0.916031,1.065846,2.484155,5125,8749,3624,5125,0,50.36,17,load
1780605285.1435082,74.29117730000871,74433,0.04248,-0.165283,1.045166,1.022901,2.938931,1.007634,1.059007,3.270928,5126,8751,3625,5126,0,28.881,5,load
1780605285.1744657,74.32213480000792,74464,0.023682,-0.201904,1.038574,-0.374046,3.564885,2.007634,1.058283,4.108395,5126,8752,3626,5126,1,28.881,37,load
1780605285.2052016,74.35287070000777,74495,0.069092,0.081299,1.064697,3.549618,2.709924,1.709924,1.07003,4.781978,5127,8753,3626,5127,0,28.881,20,load
1780605285.2365973,74.38426629999594,74526,0.047607,0.114014,1.070312,3.419847,2.351145,1.473282,1.07742,4.403839,5128,8755,3627,5128,0,28.881,12,load
1780605285.26838,74.41604910000751,74557,0.01416,-0.123047,1.047852,0.10687,3.061069,0.679389,1.055146,3.137377,5128,8755,3627,5128,0,28.881,12,load
1780605285.2991612,74.44683030000306,74589,0.063721,-0.095703,1.051514,0.381679,1.885496,2.40458,1.057781,3.079412,5129,8757,3628,5129,0,28.881,7,load
1780605285.3295877,74.47725670000364,74619,0.025391,-0.043701,1.057617,0.763359,3.129771,1.389313,1.058824,3.508329,5129,8757,3628,5129,0,28.881,7,load
1780605285.3615777,74.50924690000829,74650,0.042725,-0.175537,1.050537,0.610687,3.908397,-0.717557,1.065958,4.020372,5130,8759,3629,5130,0,28.881,9,load
1780605285.3915026,74.5391718000028,74681,0.032227,-0.125732,1.044434,-0.175573,3.381679,-0.061069,1.052468,3.386784,5130,8759,3629,5130,0,28.881,9,load
1780605285.4237778,74.5714469999948,74713,0.049072,0.097656,1.072754,4.10687,3.091603,-0.091603,1.078307,5.141282,5131,8761,3630,5131,0,17.857,7,load
1780605285.4557378,74.60340680000081,74744,0.023438,0.071289,1.053711,3.175573,3.10687,-0.496183,1.05638,4.470246,5131,8761,3630,5131,0,17.857,7,load
1780605285.4873478,74.63501680000627,74776,0.043213,-0.097656,1.051514,1.259542,2.793893,-0.870229,1.056922,3.185841,5132,8763,3631,5132,0,17.857,4,load
1780605285.5183926,74.66606160000083,74807,0.040039,0.08374,1.058106,3.137405,2.480916,-0.068702,1.062169,4.000372,5132,8764,3632,5132,1,17.857,45,load
1780605285.5486262,74.69629520000308,74838,0.04541,-0.10791,1.051025,0.351145,2.755725,-1.389313,1.057526,3.106045,5133,8765,3632,5133,0,17.857,13,load
1780605285.5783384,74.7260074000078,74869,0.044189,0.030273,1.053223,2.557252,3.0,-0.519084,1.054584,3.976052,5133,8766,3633,5133,1,17.857,46,load
1780605285.6092446,74.7569136999955,74899,0.039551,0.106201,1.062744,2.229008,2.70229,-0.923664,1.068769,3.622706,5134,8767,3633,5134,0,17.857,15,load
1780605285.6404955,74.78816450000159,74930,0.047852,-0.162598,1.052002,0.877863,3.152672,-1.580153,1.065568,3.634125,5134,8768,3634,5134,1,17.857,42,load
1780605285.67207,74.81973909999942,74961,0.040283,0.08374,1.051514,2.854962,2.977099,-1.633588,1.055612,4.4365,5135,8769,3634,5135,0,17.857,21,load
1780605285.7041402,74.8518092000013,74993,0.036377,-0.0354,1.049072,1.427481,2.725191,-0.51145,1.0503,3.118645,5136,8771,3635,5136,0,17.857,12,load
1780605285.7355015,74.88317050000478,75024,0.05249,-0.111572,1.059326,1.053435,3.007634,-0.954198,1.066478,3.326572,5136,8771,3635,5136,0,17.857,12,load
1780605285.7679994,74.9156684000045,75056,0.048828,-0.072754,1.064209,1.91603,2.916031,-1.748092,1.06781,3.902593,5137,8773,3636,5137,0,17.857,11,load
1780605285.7992966,74.94696560000011,75088,0.04126,-0.101074,1.054932,0.763359,2.954198,-0.732824,1.060566,3.137999,5137,8774,3637,5137,1,17.857,42,load
1780605285.8311229,74.97879190000822,75120,0.036865,0.091309,1.061768,3.671756,2.534351,-0.748092,1.066324,4.523756,5138,8775,3637,5138,0,17.857,11,load
1780605285.8619692,75.00963840000622,75151,0.021973,0.04248,1.05957,3.816794,3.076336,-1.450382,1.060649,5.112276,5139,8777,3638,5139,0,17.857,10,load
1780605285.8927372,75.04040630000236,75182,0.062256,0.04248,1.060303,1.870229,3.152672,-1.244275,1.062978,3.871087,5139,8778,3639,5139,1,17.857,31,load
1780605285.9246533,75.07232239999576,75213,0.053467,0.023926,1.051758,1.145038,2.854962,-0.076336,1.053388,3.07697,5140,8780,3640,5140,1,17.857,20,load
1780605285.9562426,75.10391170000366,75245,0.029053,-0.041016,1.040039,1.236641,2.969466,-0.267176,1.041253,3.227753,5141,8782,3641,5141,1,19.841,17,load
1780605285.986318,75.13398729999608,75276,0.012451,-0.042725,1.061279,0.854962,1.816794,-1.076336,1.062212,2.278201,5143,8785,3642,5143,0,19.841,6,load
1780605286.0173175,75.16498650000722,75307,0.053955,-0.039307,1.069092,0.770992,1.89313,-1.458015,1.071174,2.510812,5144,8787,3643,5144,0,19.841,5,load
1780605286.0495515,75.19722050000564,75338,0.042236,-0.043457,1.058594,-0.48855,2.549618,-0.358779,1.060327,2.620679,5145,8789,3644,5145,0,19.841,5,load
1780605286.08013,75.227799100001,75369,0.045898,-0.020752,1.034912,3.40458,3.587786,-3.137405,1.036137,5.85719,5149,8795,3646,5149,0,19.841,6,load
1780605286.1103494,75.25801859999774,75400,0.057373,-0.01416,1.062256,1.687023,2.70229,-2.496183,1.063898,4.04714,5151,8799,3648,5151,0,19.841,0,load
1780605286.141983,75.28965210000752,75431,0.035156,-0.036133,1.055664,1.885496,2.862595,-1.076336,1.056867,3.592777,5153,8804,3651,5153,1,19.841,14,load
1780605286.1737347,75.32140369999979,75463,0.067139,-0.046875,1.052978,2.389313,3.335878,-1.648855,1.056158,4.422174,5158,8811,3653,5158,0,19.841,0,load
1780605286.2051544,75.35282339999685,75494,0.04541,-0.045654,1.060791,1.015267,3.282443,-0.564886,1.062744,3.481996,5160,8815,3655,5160,0,19.841,0,load
1780605286.237615,75.38528420000512,75526,0.063232,-0.019531,1.045166,2.778626,4.137404,-1.007634,1.047259,5.084703,5163,8819,3656,5163,0,78.292,6,load
1780605286.2673662,75.41503530000045,75557,0.05957,0.001709,1.065186,0.916031,2.832061,-0.580153,1.066851,3.032534,5166,8823,3657,5166,0,78.292,5,load
1780605286.2998602,75.44752940000035,75588,0.028564,-0.032471,1.049805,2.839695,3.435115,-0.732824,1.050695,4.516737,5168,8828,3660,5168,1,78.292,14,load
1780605286.3290095,75.47667869999714,75620,0.041748,0.009766,1.048584,1.633588,3.679389,-0.931298,1.04946,4.132049,5173,8835,3662,5173,0,78.292,0,load
1780605286.3614686,75.50913770000625,75650,0.061523,-0.039307,1.057373,1.366412,2.832061,-0.625954,1.05989,3.206162,5175,8839,3664,5175,0,78.292,0,load
1780605286.391912,75.53958110000531,75682,0.057861,-0.002197,1.048584,2.816794,3.839695,-0.717557,1.050181,4.815856,5178,8843,3665,5178,0,78.292,5,load
1780605286.42476,75.57242920000863,75713,0.060303,-0.008545,1.063721,1.122137,3.198473,-1.030534,1.065463,3.542799,5181,8847,3666,5181,0,78.292,5,load
1780605286.4560976,75.60376660000475,75744,0.026123,-0.013916,1.045898,2.328244,2.984733,-0.877863,1.046317,3.885871,5182,8850,3668,5182,1,78.292,18,load
1780605286.4868867,75.634555800003,75776,0.047119,0.001709,1.050781,1.923664,2.885496,-0.534351,1.051838,3.50886,5185,8855,3670,5185,0,88.0,0,load
1780605286.5183105,75.66597960000217,75807,0.052979,-0.050049,1.068115,1.267176,2.618321,-0.51145,1.070599,2.953459,5187,8859,3672,5187,0,88.0,0,load
1780605286.5491884,75.69685750000644,75838,0.038818,-0.024902,1.040772,2.290076,3.89313,-0.641221,1.041793,4.562025,5190,8863,3673,5190,0,88.0,5,load
1780605286.5809693,75.72863830000279,75870,0.05835,-0.021484,1.067383,1.038168,3.534351,-0.21374,1.069192,3.689867,5194,8869,3675,5194,0,88.0,1,load
1780605286.6122234,75.7598924000049,75901,0.057129,-0.016113,1.047363,1.793893,3.625954,-0.625954,1.049044,4.093582,5195,8872,3677,5195,1,88.0,18,load
1780605286.6434736,75.79114270000719,75933,0.044922,0.000977,1.055664,1.992366,3.839695,-0.51145,1.05662,4.355957,5199,8877,3678,5199,0,88.0,5,load
1780605286.6754827,75.82315189999645,75964,0.047119,-0.043945,1.056152,1.435114,2.931298,-0.816794,1.058116,3.364404,5200,8879,3679,5200,0,88.0,5,load
1780605286.7058523,75.85352129999956,75995,0.053223,-0.013428,1.047119,2.358779,3.480916,-0.793893,1.048557,4.279122,5202,8882,3680,5202,0,88.0,16,load
1780605286.73651,75.88417920000211,76026,0.021729,-0.019531,1.064453,1.068702,2.068702,-0.580153,1.064854,2.399631,5205,8887,3682,5205,0,80.0,5,load
1780605286.7675586,75.91522759999498,76057,0.045654,-0.044678,1.048096,0.916031,3.152672,-0.251908,1.05004,3.292706,5206,8889,3683,5206,0,80.0,5,load
1780605286.7981086,75.94577770000615,76088,0.039307,-0.015625,1.0354,2.312977,3.938931,-1.076336,1.036264,4.692924,5210,8895,3685,5210,0,80.0,5,load
1780605286.8290217,75.97669080000196,76119,0.034912,-0.04126,1.078125,1.328244,1.816794,-0.961832,1.079479,2.447467,5211,8897,3686,5211,0,80.0,5,load
1780605286.860287,76.00795610000205,76150,0.04541,-0.030029,1.053467,1.305344,3.183206,-0.946565,1.054872,3.568292,5212,8899,3687,5212,0,80.0,5,load
1780605286.8915398,76.03920880000805,76181,0.038818,-0.046387,1.052246,2.267176,3.076336,-1.40458,1.053983,4.071458,5214,8902,3688,5214,1,80.0,16,load
1780605286.922811,76.07048009999562,76212,0.03125,-0.024658,1.032227,2.412214,2.633588,-1.648855,1.032994,3.93361,5216,8905,3689,5216,0,80.0,6,load
1780605286.9540987,76.10176770000544,76242,0.064697,-0.026123,1.045898,1.312977,3.832061,-0.541985,1.048223,4.08685,5217,8907,3690,5217,0,80.0,5,load
1780605286.9832742,76.13094339999952,76273,0.062988,-0.022705,1.049072,1.351145,3.290076,-0.717557,1.051207,3.628372,5218,8909,3691,5218,0,80.0,3,load
1780605287.0152385,76.16290769999614,76304,0.064697,-0.043701,1.051514,2.343511,3.343511,-1.221374,1.054408,4.261792,5220,8912,3692,5220,1,53.957,20,load
1780605287.045491,76.19315999999526,76335,0.067383,-0.020752,1.052002,1.931298,3.557252,-1.648855,1.054362,4.370661,5221,8914,3693,5221,1,53.957,17,load
1780605287.0774894,76.22515850000491,76366,0.005859,-0.063477,1.049072,2.229008,2.473282,-1.664122,1.051007,3.722218,5222,8916,3694,5222,1,53.957,16,load
1780605287.1075222,76.25519140000688,76397,0.042969,0.005371,1.053467,0.641221,2.656489,-0.78626,1.054356,2.843642,5224,8919,3695,5224,0,53.957,7,load
1780605287.152874,76.3005431000056,76428,0.039795,-0.048828,1.048584,2.610687,3.091603,-0.633588,1.050474,4.095745,5224,8920,3696,5224,1,53.957,24,load
1780605287.169767,76.31743589999678,76459,0.023926,-0.077881,1.043213,2.343511,2.885496,-0.351145,1.046389,3.733823,5225,8922,3697,5225,1,53.957,18,load
1780605287.2023942,76.3500633000076,76491,0.059326,-0.04126,1.037598,2.244275,3.480916,-0.091603,1.040111,4.142697,5226,8924,3698,5226,1,53.957,22,load
1780605287.2346034,76.3822724000056,76523,0.02002,0.114258,1.054932,1.748092,2.572519,-1.221374,1.06129,3.341472,5227,8925,3698,5227,0,53.957,10,load
1780605287.2660718,76.41374079999514,76554,0.05127,-0.183838,1.052734,1.564886,3.267176,-0.328244,1.069895,3.637451,5228,8927,3699,5228,0,32.0,4,load
1780605287.2961204,76.44378960000176,76585,0.026367,0.106689,1.055664,1.625954,3.251908,-0.977099,1.061369,3.764752,5229,8929,3700,5229,0,32.0,9,load
1780605287.3271594,76.47482840000885,76616,0.053711,-0.211182,1.045654,0.091603,3.572519,-0.229008,1.068118,3.581024,5230,8931,3701,5230,0,32.0,9,load
1780605287.359633,76.50730209999892,76648,0.037109,0.052734,1.055908,3.78626,2.770992,-0.641221,1.057875,4.735538,5230,8932,3702,5230,1,32.0,32,load
1780605287.3909376,76.53860660000646,76680,0.053955,0.101318,1.061279,0.030534,3.320611,-1.206107,1.067469,3.532999,5231,8933,3702,5231,0,32.0,10,load
1780605287.4222636,76.56993270000385,76711,0.040039,0.088623,1.058838,-0.358779,2.847328,-1.755725,1.063294,3.364308,5232,8935,3703,5232,0,32.0,7,load
1780605287.4528656,76.60053460000199,76742,0.045654,-0.236328,1.053955,0.458015,2.870229,-1.022901,1.08109,3.081285,5233,8937,3704,5233,0,32.0,9,load
1780605287.4827313,76.6304003999976,76773,0.044678,-0.202637,1.052734,1.458015,2.78626,-0.465649,1.07299,3.178975,5233,8938,3705,5233,1,32.0,32,load
1780605287.5143518,76.66202099999646,76803,0.041992,-0.212402,1.045166,1.587786,2.725191,-0.458015,1.067357,3.187085,5234,8939,3705,5234,0,32.0,12,load
1780605287.5446563,76.69232529999863,76834,0.035645,-0.147705,1.049805,3.564885,2.335878,-0.725191,1.060744,4.323267,5235,8941,3706,5235,0,25.0,7,load
1780605287.5755658,76.7232348999969,76865,0.050049,0.001953,1.056152,1.091603,3.442748,-1.145038,1.057339,3.788829,5236,8943,3707,5236,0,25.0,9,load
1780605287.6055858,76.75325480000174,76895,0.069824,-0.127686,1.053711,-0.068702,3.366412,-0.732824,1.063713,3.445937,5236,8944,3708,5236,1,25.0,30,load
1780605287.6371562,76.78482539999823,76926,0.05835,0.10376,1.056396,1.534351,3.129771,-0.206107,1.063082,3.49173,5237,8945,3708,5237,0,25.0,15,load
1780605287.669201,76.8168699000089,76958,0.049561,0.122559,1.049805,2.984733,3.396947,-0.717557,1.058096,4.578511,5238,8947,3709,5238,0,25.0,1,load
1780605287.7003996,76.84806879999815,76989,0.045166,-0.203613,1.052978,0.687023,3.259542,-1.770992,1.073435,3.772669,5239,8949,3710,5239,0,25.0,8,load
1780605287.7317195,76.879388500005,77020,0.023193,0.112061,1.05249,0.977099,3.366412,-1.022901,1.058693,3.651545,5240,8951,3711,5240,0,25.0,8,load
1780605287.7620654,76.9097344000038,77051,0.03418,-0.031494,1.055664,2.648855,3.19084,-1.068702,1.056687,4.282524,5240,8952,3712,5240,1,25.0,30,load
1780605287.793073,76.94074200000614,77082,0.036865,-0.001709,1.043945,2.89313,3.648855,-0.51145,1.044597,4.684648,5241,8954,3713,5241,1,25.0,22,load
1780605287.824637,76.97230599999602,77113,0.035889,0.107422,1.051758,2.687023,2.015267,-0.267176,1.057838,3.369388,5242,8955,3713,5242,0,25.09,9,load
1780605287.8557224,77.00339159999567,77145,0.049561,0.12915,1.065186,2.29771,2.832061,-0.717557,1.07413,3.716844,5243,8957,3714,5243,0,25.09,4,load
1780605287.8876731,77.03534230000514,77176,0.064209,0.081787,1.049805,2.839695,4.015268,-0.633588,1.054942,4.958596,5244,8959,3715,5244,0,25.09,8,load
1780605287.9181526,77.06582160000107,77207,0.026855,-0.027832,1.03418,2.671756,2.656489,-0.931298,1.034903,3.881047,5245,8961,3716,5245,0,25.09,8,load
1780605287.949342,77.0970110000053,77238,0.026367,-0.012451,1.045166,2.366412,3.145038,-1.175572,1.045573,4.107693,5245,8962,3717,5245,1,25.09,29,load
1780605287.9800248,77.12769380000827,77269,0.069092,-0.056396,1.071289,0.885496,3.770992,-0.534351,1.074995,3.910245,5246,8964,3718,5246,1,25.09,20,load
1780605288.0121636,77.15983279999637,77301,0.03418,0.000488,1.050781,1.839695,2.473282,-0.236641,1.051337,3.091537,5247,8965,3718,5247,0,25.09,11,load
1780605288.044172,77.19184110000788,77332,0.05542,0.106445,1.07251,1.374046,3.244275,-0.847328,1.079203,3.623712,5248,8967,3719,5248,0,25.09,1,load
1780605288.0740106,77.22167980000086,77363,0.052002,-0.12793,1.065186,1.335878,2.480916,-0.51145,1.0741,2.863756,5249,8969,3720,5249,0,28.0,6,load
1780605288.1049688,77.25263780000387,77394,0.057861,-0.033691,1.049316,2.206107,3.70229,-0.740458,1.05145,4.372886,5250,8971,3721,5250,0,28.0,8,load
1780605288.13587,77.28353909999714,77424,0.031982,0.084473,1.04541,2.053435,3.007634,-1.442748,1.049305,3.917139,5251,8973,3722,5251,0,28.0,8,load
1780605288.1664097,77.31407870000112,77455,0.074707,-0.144287,1.064697,1.763359,3.061069,0.206107,1.077024,3.538652,5252,8975,3723,5252,0,28.0,8,load
1780605288.19787,77.3455391000025,77487,0.047607,0.059326,1.058106,0.832061,2.824427,-1.122137,1.060836,3.151017,5252,8976,3724,5252,1,28.0,28,load
1780605288.229597,77.37726609999663,77518,0.046631,0.041748,1.040039,2.923664,3.549618,-1.267176,1.041921,4.770046,5253,8978,3725,5253,1,28.0,21,load
1780605288.260884,77.40855320000264,77549,0.052979,-0.020264,1.068604,0.045802,2.824427,-0.19084,1.070108,2.831238,5254,8979,3725,5254,0,28.0,10,load
1780605288.291306,77.43897519999882,77580,0.047363,-0.112305,1.052978,2.709924,3.030534,-0.900763,1.060009,4.164036,5255,8981,3726,5255,0,28.0,2,load
1780605288.3230023,77.47067130000505,77611,0.053955,-0.070801,1.065674,0.732824,1.625954,-1.099237,1.069385,2.095013,5256,8983,3727,5256,0,28.0,7,load
1780605288.3529358,77.5006049000076,77642,0.035156,-0.120605,1.044434,1.679389,3.877863,-0.664122,1.051962,4.27776,5257,8985,3728,5257,0,28.674,8,load
1780605288.3837142,77.53138329999638,77673,0.024902,0.060059,1.038086,2.946565,2.564885,-1.557252,1.04012,4.205463,5258,8987,3729,5258,0,28.674,8,load
1780605288.41378,77.56144910000148,77703,0.028076,0.060303,1.05835,2.076336,3.10687,-0.679389,1.060438,3.798076,5258,8988,3730,5258,1,28.674,28,load
1780605288.4458532,77.59352239999862,77734,0.066895,0.030029,1.061279,0.977099,3.320611,-1.030534,1.063809,3.611534,5259,8990,3731,5259,1,28.674,19,load
1780605288.4761353,77.62380430000485,77765,0.032227,0.003906,1.050049,1.992366,2.870229,-0.351145,1.05055,3.511558,5260,8991,3731,5260,0,28.674,12,load
1780605288.508083,77.6557521000068,77796,0.040771,0.064453,1.063721,1.259542,2.839695,-1.183206,1.066451,3.324198,5261,8993,3732,5261,0,28.674,1,load
1780605288.5386212,77.68629030000011,77827,0.056641,-0.151855,1.060791,2.19084,2.374046,-0.015267,1.073101,3.230496,5262,8995,3733,5262,0,28.674,5,load
1780605288.5701978,77.71786679999786,77858,0.053711,-0.075439,1.075928,0.908397,3.541985,-1.633588,1.079906,4.004928,5263,8997,3734,5263,0,28.674,8,load
1780605288.600252,77.74792110000271,77889,0.039062,-0.029297,1.036865,2.725191,3.267176,0.015267,1.038014,4.254566,5264,8999,3735,5264,0,28.674,8,load
1780605288.6319141,77.77958319999743,77920,0.033691,-0.089844,1.058838,0.59542,3.053435,-1.427481,1.063177,3.422819,5265,9001,3736,5265,0,28.777,8,load
1780605288.6618764,77.80954550000024,77951,0.042236,0.097168,1.064941,0.801527,2.961832,-0.450382,1.070199,3.101248,5266,9003,3737,5266,0,28.777,7,load
1780605288.694017,77.84168599999975,77982,0.029785,0.010254,1.059814,1.351145,2.259542,-1.206107,1.060282,2.895828,5266,9004,3738,5266,1,28.777,27,load
1780605288.7246823,77.87235150000197,78014,0.056641,-0.116699,1.062012,2.259542,2.961832,-0.816794,1.069905,3.813808,5267,9006,3739,5267,1,28.777,19,load
1780605288.7555244,77.9031934000086,78045,0.071045,-0.073486,1.037109,2.160305,4.312978,-0.305344,1.042134,4.833418,5268,9008,3740,5268,1,28.777,21,load
1780605288.7873275,77.93499650000012,78076,0.061279,-0.074219,1.044434,0.870229,3.236641,-0.763359,1.048859,3.437421,5269,9010,3741,5269,1,28.777,22,load
1780605288.8185134,77.96618250000756,78108,0.082275,-0.000244,1.057617,1.80916,3.572519,-0.519084,1.060813,4.037995,5270,9012,3742,5270,1,28.777,21,load
1780605288.8502092,77.99787839999772,78139,0.018066,-0.021973,1.046387,1.70229,2.664122,-0.48855,1.046773,3.199066,5271,9014,3743,5271,1,28.777,17,load
1780605288.8794057,78.02707490000466,78169,0.025391,-0.030029,1.040527,1.839695,2.221374,-0.740458,1.04127,2.977794,5273,9017,3744,5273,0,28.777,5,load
1780605288.9113827,78.05905179999536,78200,0.070068,-0.025879,1.039307,2.21374,3.916031,-0.580153,1.041987,4.535694,5276,9021,3745,5276,0,39.286,5,load
1780605288.9423208,78.08998990000691,78231,0.055908,-0.032715,1.054688,0.824427,2.916031,-0.480916,1.056675,3.068256,5277,9023,3746,5277,0,39.286,6,load
1780605288.97334,78.12100909999572,78262,0.011963,-0.037842,1.041992,2.603053,3.465649,-1.969466,1.042748,4.76082,5279,9026,3747,5279,1,39.286,16,load
1780605289.0048277,78.15249670000048,78293,0.035156,-0.030762,1.076172,0.641221,2.770992,-0.580153,1.077185,2.902782,5281,9029,3748,5281,0,39.286,5,load
1780605289.035163,78.18283190000511,78325,0.07666,-0.061035,1.054199,2.473282,3.396947,-0.847328,1.058744,4.28653,5283,9033,3750,5283,0,39.286,1,load
1780605289.06744,78.21510919999855,78356,0.056152,-0.039551,1.055664,1.984733,3.496183,-0.625954,1.057896,4.068695,5286,9037,3751,5286,0,39.286,5,load
1780605289.0985844,78.24625340000784,78388,0.018799,-0.016357,1.047119,1.610687,3.328244,-1.045802,1.047416,3.842554,5288,9041,3753,5288,0,39.286,0,load
1780605289.1414971,78.28916630000458,78419,0.05249,-0.033936,1.041748,2.580153,3.381679,-1.335878,1.043621,4.458421,5289,9046,3757,5289,1,39.286,17,load
1780605289.1610923,78.30876129999524,78450,0.02832,-0.019775,1.058106,0.694656,2.51145,-0.732824,1.058669,2.706836,5291,9049,3758,5291,0,60.0,5,load
1780605289.198614,78.34628290000546,78486,0.037842,-0.047852,1.044922,0.763359,2.938931,-1.229008,1.046701,3.275743,5292,9052,3760,5292,1,60.0,21,load
1780605289.229305,78.37697399999888,78518,0.056885,-0.038818,1.059326,0.870229,3.183206,-0.946565,1.061562,3.433087,5294,9055,3761,5294,0,60.0,5,load
1780605289.260919,78.40858820000722,78549,0.037354,-0.015625,1.041016,1.679389,2.671756,-0.778626,1.041803,3.250367,5295,9057,3762,5295,1,60.0,5,load
1780605289.2918954,78.43956450000405,78580,0.031982,-0.032471,1.056152,2.587786,3.038168,-0.641221,1.057135,4.042062,5298,9061,3763,5298,0,60.0,5,load
1780605289.3221183,78.46978739999759,78611,0.041504,-0.014404,1.058838,0.801527,2.938931,-0.603053,1.059749,3.105388,5301,9065,3764,5301,0,60.0,5,load
1780605289.352677,78.500346300003,78642,0.068604,-0.067139,1.052002,0.229008,2.282443,-1.374046,1.056372,2.673947,5302,9068,3766,5302,1,60.0,17,load
1780605289.3842432,78.53191240000888,78673,-0.038574,-0.006592,1.088623,0.160305,2.114504,-12.183207,1.089326,12.36638,5304,9071,3767,5304,0,60.0,5,load
1780605289.416734,78.56440309999743,78704,0.043457,0.006348,1.038086,0.267176,4.129771,-28.045802,1.039015,28.349486,5306,9075,3769,5306,0,59.055,0,load
1780605289.4473221,78.59499120000692,78736,0.044678,-0.0354,1.033203,3.862595,4.137404,-0.580153,1.034774,5.689845,5309,9079,3770,5309,0,59.055,4,load
1780605289.477293,78.62496200000169,78767,0.016846,-0.009033,1.054688,1.740458,2.70229,-0.251908,1.054861,3.224131,5310,9081,3771,5310,0,59.055,5,load
1780605289.5083463,78.65601530000276,78797,0.026611,-0.047607,1.040039,1.519084,2.763359,-0.564886,1.041468,3.203571,5311,9084,3773,5311,1,59.055,18,load
1780605289.5391548,78.68682380000246,78828,0.049072,-0.016846,1.051514,4.59542,3.427481,-0.832061,1.052793,5.792912,5313,9087,3774,5313,0,59.055,5,load
1780605289.5701177,78.71778669999912,78859,0.033203,-0.024414,1.062744,-1.137405,1.580153,-1.29771,1.063543,2.339791,5315,9091,3776,5315,0,59.055,1,load
1780605289.6008735,78.74854260000575,78889,0.053467,-0.033447,1.030762,3.664122,3.862595,-1.122137,1.032689,5.441014,5318,9095,3777,5318,0,59.055,5,load
1780605289.631365,78.77903420000803,78921,0.030029,-0.010742,1.066406,1.343511,3.21374,0.007634,1.066883,3.483276,5321,9099,3778,5321,0,59.055,5,load
1780605289.663685,78.8113541000057,78952,0.036133,-0.023438,1.047119,0.160305,1.801527,-0.274809,1.048004,1.829403,5322,9102,3780,5322,1,59.055,17,load
1780605289.6940422,78.84171140000399,78983,0.057861,-0.045654,1.059814,3.59542,3.244275,-0.641221,1.062374,4.885031,5326,9107,3781,5326,0,71.685,5,load
1780605289.7251751,78.87284419999924,79014,0.041992,-0.017334,1.0625,-0.480916,1.885496,-0.587786,1.063471,2.0327,5327,9109,3782,5327,0,71.685,4,load
1780605289.756378,78.90404690000287,79045,0.031738,-0.042725,1.028076,3.900763,4.076336,-1.068702,1.029453,5.742351,5330,9113,3783,5330,0,71.685,5,load
1780605289.7871854,78.93485459999647,79076,0.01123,-0.01001,1.059326,1.442748,2.526718,-0.900763,1.059433,3.045849,5332,9117,3785,5332,0,71.685,0,load
1780605289.8185863,78.96625539999513,79107,0.046143,-0.023193,1.043213,0.961832,2.312977,-0.274809,1.04449,2.520021,5333,9119,3786,5333,0,71.685,5,load
1780605289.8499663,78.99763529999473,79138,0.021484,-0.030518,1.051758,3.534351,3.954198,-0.587786,1.05242,5.335992,5336,9123,3787,5336,0,71.685,4,load
1780605289.8799353,79.0276043000049,79169,0.021729,-0.007568,1.054443,-0.21374,1.816794,-0.419847,1.054694,1.876885,5337,9125,3788,5337,0,71.685,5,load
1780605289.9113848,79.0590538999968,79200,0.035645,-0.01416,1.044434,2.519084,3.687023,-0.854962,1.045138,4.546524,5338,9130,3792,5338,1,71.685,17,load
1780605289.942518,79.09018700000888,79231,0.013184,-0.010742,1.064697,1.129771,2.625954,-0.732824,1.064833,2.95111,5341,9135,3794,5341,0,71.685,0,load
1780605289.9733803,79.12104949999775,79261,0.050781,-0.038574,1.052978,0.48855,2.442748,-0.992366,1.054908,2.681509,5342,9137,3795,5342,0,57.554,5,load
1780605290.0039308,79.15159979999589,79292,0.056885,-0.037354,1.030518,3.442748,3.442748,-0.709924,1.032762,4.920266,5346,9143,3797,5346,0,57.554,5,load
1780605290.0334558,79.1811250000028,79323,0.055176,0.003906,1.057129,0.625954,2.687023,-0.358779,1.058575,2.782199,5347,9145,3798,5347,0,57.554,5,load
1780605290.0649202,79.21258930000477,79354,0.04834,-0.037842,1.048584,1.908397,2.770992,-0.587786,1.050379,3.415534,5349,9150,3801,5349,1,57.554,3,load
1780605290.0959556,79.24362470000051,79385,0.044922,-0.020996,1.060059,1.679389,2.656489,-0.312977,1.061218,3.15836,5351,9153,3802,5351,0,57.554,5,load
1780605290.1270993,79.274768400006,79416,0.039795,-0.031494,1.052978,0.78626,2.625954,-0.572519,1.054201,2.800289,5352,9155,3803,5352,0,57.554,4,load
1780605290.158356,79.3060250999988,79447,0.066895,-0.018066,1.05249,2.954198,3.755725,-0.89313,1.054769,4.861115,5356,9161,3805,5356,0,57.554,5,load
1780605290.1896317,79.33730070000456,79478,0.066895,-0.008545,1.061035,1.389313,3.053435,-0.732824,1.063176,3.433757,5358,9165,3807,5358,0,57.554,0,load
1780605290.2201383,79.3678074000054,79509,0.04248,-0.030518,1.041748,1.572519,2.847328,-0.10687,1.04306,3.254461,5359,9168,3809,5359,1,57.554,17,load
1780605290.2522006,79.3998697000061,79540,0.050781,-0.027588,1.060059,1.618321,2.496183,-0.351145,1.061633,2.995529,5361,9171,3810,5361,0,68.1,5,load
1780605290.282392,79.43006110000715,79571,0.052002,-0.032227,1.05957,1.496183,2.519084,-0.328244,1.061335,2.948236,5364,9175,3811,5364,0,68.1,4,load
1780605290.3130555,79.46072460000869,79602,0.050537,-0.033691,1.048096,2.48855,3.427481,-0.900763,1.049854,4.330344,5366,9178,3812,5366,1,68.1,17,load
1780605290.3437736,79.49144260000321,79633,0.024658,-0.03418,1.050293,1.175572,2.870229,-0.770992,1.051138,3.196031,5369,9183,3814,5369,0,68.1,1,load
1780605290.3757193,79.52338840000448,79664,0.061768,-0.024658,1.042969,1.931298,3.10687,-0.198473,1.045087,3.663597,5370,9185,3815,5370,0,68.1,5,load
1780605290.4058437,79.55351290000544,79695,0.036865,-0.031494,1.061768,1.618321,2.580153,-0.48855,1.062874,3.084612,5375,9191,3816,5375,0,68.1,5,load
1780605290.4377575,79.58542650000891,79726,0.023682,-0.02124,1.051758,1.396947,2.549618,-0.664122,1.052239,2.982125,5376,9193,3817,5376,0,68.1,4,load
1780605290.4684079,79.61607699999877,79757,0.046875,-0.036377,1.036133,2.022901,3.389313,-0.984733,1.03783,4.06808,5379,9198,3819,5379,1,68.1,3,load
1780605290.499387,79.64705600000161,79788,0.04126,-0.035645,1.053711,0.656489,2.206107,-1.015267,1.055121,2.515681,5381,9201,3820,5381,0,68.1,5,load
1780605290.530688,79.67835719999857,79819,0.056641,-0.039307,1.046143,1.748092,2.969466,-0.526718,1.048412,3.485826,5382,9203,3821,5382,0,75.269,4,load
1780605290.5607996,79.70846860000165,79850,0.030762,-0.032471,1.059326,1.465649,2.946565,-0.664122,1.06027,3.357295,5385,9207,3822,5385,0,75.269,5,load
1780605290.592624,79.74029309999605,79881,0.056152,-0.026611,1.045898,0.900763,2.89313,-0.236641,1.047743,3.039338,5386,9209,3823,5386,0,75.269,5,load
1780605290.6232414,79.77091049999581,79912,0.057617,-0.04541,1.05957,1.969466,2.778626,-1.221374,1.062107,3.618192,5387,9212,3825,5387,1,75.269,18,load
1780605290.6552954,79.8029644000053,79943,0.033936,-0.025879,1.055176,0.923664,2.625954,-0.427481,1.056038,2.816297,5389,9215,3826,5389,0,75.269,5,load
1780605290.6868997,79.83456879999721,79975,0.034424,-0.023438,1.043945,1.969466,2.419847,-0.687023,1.044776,3.194754,5391,9219,3828,5391,0,75.269,5,load
1780605290.718794,79.86646330000076,80007,0.049805,-0.028809,1.066894,1.717557,2.824427,-0.328244,1.068445,3.321918,5394,9223,3829,5394,0,75.269,5,load
1780605290.7492864,79.89695540000685,80038,0.045166,-0.043213,1.055664,0.763359,2.648855,-0.045802,1.057513,2.757036,5395,9225,3830,5395,0,75.269,5,load
1780605290.7806048,79.92827400000533,80069,0.04248,-0.033936,1.065674,2.099237,3.198473,-1.267176,1.06706,4.03023,5397,9230,3833,5397,1,60.0,14,load
1780605290.810253,79.95792200000142,80100,0.054443,-0.005615,1.061523,1.473282,2.557252,-0.946565,1.062933,3.099368,5399,9233,3834,5399,0,60.0,6,load
1780605290.8421414,79.98981050000293,80130,0.035645,-0.042725,1.0625,1.419847,3.755725,-0.557252,1.063956,4.053636,5401,9237,3836,5401,0,60.0,1,load
1780605290.8721693,80.01983839999593,80161,0.066406,-0.037109,1.041504,2.19084,3.21374,-1.251908,1.044278,4.085974,5404,9241,3837,5404,0,60.0,5,load
1780605290.9019108,80.04957980000472,80192,0.05249,-0.023438,1.05127,1.328244,3.763359,-0.78626,1.05284,4.067592,5406,9245,3839,5406,0,60.0,0,load
1780605290.9340565,80.08172560000094,80222,0.049561,-0.026123,1.067627,1.175572,2.847328,-0.916031,1.069096,3.213776,5407,9247,3840,5407,0,60.0,5,load
1780605290.965912,80.11358119999932,80254,0.075439,-0.032471,1.048096,1.740458,3.900763,0.396947,1.051309,4.289838,5410,9251,3841,5410,0,60.0,6,load
1780605290.996774,80.14444309999817,80285,0.048584,-0.02417,1.066894,1.419847,3.045802,-0.427481,1.068274,3.387568,5411,9253,3842,5411,0,60.0,5,load
1780605291.0275788,80.17524779999803,80316,0.069092,-0.031006,1.051514,1.068702,2.984733,3.305344,1.054237,4.579962,5412,9255,3843,5412,0,60.0,4,load
1780605291.058499,80.20616810000502,80347,0.033691,-0.031738,1.046875,1.625954,2.832061,1.648855,1.047898,3.658281,5415,9259,3844,5415,0,64.748,5,load
1780605291.0883281,80.23599719999766,80378,0.015137,-0.039062,1.052002,1.755725,2.900763,1.480916,1.052836,3.700015,5418,9263,3845,5418,0,64.748,6,load
1780605291.1198728,80.26754200000141,80409,0.064453,-0.04541,1.053467,1.442748,3.908397,-0.343511,1.056413,4.180322,5419,9265,3846,5419,0,64.748,6,load
1780605291.1509411,80.29861009999877,80440,0.055908,-0.040771,1.067383,1.70229,2.694656,-0.78626,1.069623,3.28286,5420,9267,3847,5420,0,64.748,6,load
1780605291.1832595,80.33092849999957,80471,0.017822,-0.014404,1.049316,1.900763,2.725191,-1.10687,1.049567,3.502103,5421,9269,3848,5421,0,64.748,4,load
1780605291.2125547,80.36022380000213,80503,0.0625,0.023926,1.050537,1.725191,3.70229,0.022901,1.052667,4.084576,5422,9271,3849,5422,0,64.748,3,load
1780605291.243323,80.39099220000207,80533,0.090332,-0.090576,1.060791,1.664122,2.564885,1.778626,1.068476,3.537153,5423,9273,3850,5423,0,64.748,6,load
1780605291.273785,80.42145419999724,80564,0.043945,0.0271,1.048584,1.80916,2.70229,6.007634,1.049854,6.831332,5424,9275,3851,5424,0,64.748,8,load
1780605291.30455,80.45221899999888,80594,0.027588,-0.141846,1.063965,0.656489,2.564885,-1.061069,1.073733,2.852276,5425,9277,3852,5425,0,64.748,9,load
1780605291.335186,80.48285499999474,80625,0.058594,-0.155029,1.047852,2.778626,3.022901,-0.274809,1.060877,4.11512,5425,9278,3853,5425,1,35.971,31,load
1780605291.3666642,80.51433320000069,80655,0.037842,0.120605,1.046631,2.770992,2.89313,0.099237,1.054236,4.0073,5426,9279,3853,5426,0,35.971,13,load
1780605291.3987234,80.54639240000688,80686,0.05835,-0.157227,1.063232,-0.282443,3.305344,-0.725191,1.076377,3.395728,5427,9281,3854,5427,0,35.971,4,load
1780605291.4287765,80.57644550000259,80717,0.028809,0.13501,1.049072,0.977099,3.167939,-1.274809,1.058116,3.551858,5428,9283,3855,5428,0,35.971,8,load
1780605291.4605997,80.60826870000164,80748,0.030029,-0.093262,1.032715,3.183206,3.274809,-0.236641,1.037352,4.573092,5429,9285,3856,5429,0,35.971,8,load
1780605291.4908538,80.63852279999992,80779,0.061035,-0.182617,1.056396,2.045802,2.732824,0.061069,1.073801,3.414288,5429,9286,3857,5429,1,35.971,30,load
1780605291.5230901,80.6707591000013,80811,0.044678,-0.140869,1.04834,0.305344,2.755725,-0.78626,1.058705,2.881919,5430,9287,3857,5430,0,35.971,13,load
1780605291.553916,80.70158510000329,80843,0.027588,0.182129,1.067139,0.229008,2.938931,-0.954198,1.082921,3.098428,5431,9289,3858,5431,0,35.971,3,load
1780605291.585596,80.73326510000334,80874,0.052979,-0.152832,1.060547,0.053435,3.21374,-0.969466,1.072811,3.357208,5432,9291,3859,5432,0,35.971,8,load
1780605291.6168911,80.76456029999827,80905,0.03418,0.15918,1.05957,2.717557,3.465649,-0.290076,1.072005,4.413614,5433,9293,3860,5433,0,28.571,9,load
1780605291.6488733,80.79654239999945,80936,0.062012,-0.198975,1.056641,2.374046,3.015267,0.465649,1.076998,3.865845,5433,9294,3861,5433,1,28.571,30,load
1780605291.6791837,80.82685290000518,80968,0.03418,-0.029541,1.041016,1.877863,2.816794,-0.10687,1.041995,3.387051,5434,9295,3861,5434,0,28.571,13,load
1780605291.711332,80.85900120000588,80999,0.034912,-0.167969,1.051758,-0.038168,2.679389,-1.251908,1.065658,2.957678,5435,9297,3862,5435,0,28.571,2,load
1780605291.7410438,80.8887129000068,81030,0.04541,0.136963,1.057861,2.282443,3.259542,-0.854962,1.067657,4.070027,5436,9299,3863,5436,0,28.571,9,load
1780605291.772013,80.91968210000778,81061,0.03833,-0.087402,1.051025,3.160305,2.984733,-0.70229,1.05535,4.403336,5437,9301,3864,5437,0,28.571,8,load
1780605291.8040571,80.95172620000085,81092,0.076416,-0.182617,1.057373,1.572519,3.198473,-0.167939,1.075744,3.568088,5437,9302,3865,5437,1,28.571,30,load
1780605291.8350425,80.98271150000801,81123,0.05542,-0.171631,1.049561,0.389313,3.175573,-0.824427,1.064944,3.303862,5438,9303,3865,5438,0,28.571,15,load
1780605291.8667505,81.01441950000299,81154,0.053711,-0.065674,1.070068,0.274809,2.938931,-0.908397,1.073426,3.088369,5440,9305,3865,5440,0,28.571,1,load
1780605291.8982913,81.04596050000691,81186,0.061279,-0.166992,1.05249,1.900763,3.053435,-0.305344,1.067416,3.609654,5441,9307,3866,5441,0,28.47,5,load
1780605291.9291399,81.0768090000056,81218,0.035645,-0.114746,1.042725,3.183206,3.091603,-1.099237,1.049625,4.571557,5442,9309,3867,5442,0,28.47,9,load
1780605291.9592726,81.10694169999624,81249,0.02832,0.124023,1.05957,2.145038,2.70229,-0.648855,1.06718,3.510637,5443,9311,3868,5443,0,28.47,8,load
1780605291.9915688,81.13923780000187,81280,0.036865,0.112305,1.051758,0.931298,3.351145,-1.496183,1.058379,3.786298,5443,9312,3869,5443,1,28.47,29,load
1780605292.0221946,81.16986360000737,81311,0.057129,0.02002,1.077637,0.557252,3.374046,-0.053435,1.079336,3.420171,5444,9314,3870,5444,1,28.47,20,load
1780605292.054208,81.20187699999951,81342,0.033447,-0.097168,1.03833,1.59542,2.793893,-0.587786,1.043403,3.27058,5445,9315,3870,5445,0,28.47,11,load
1780605292.0833056,81.2309746999963,81373,0.028564,-0.001953,1.050537,3.312977,2.083969,-1.221374,1.050927,4.100061,5446,9317,3871,5446,0,28.47,1,load
1780605292.1155968,81.26326590000826,81404,0.052002,-0.079346,1.058838,0.603053,3.229008,-0.717557,1.063079,3.362299,5447,9319,3872,5447,0,28.47,7,load
1780605292.1469526,81.29462169999897,81436,0.044434,-0.15625,1.044922,2.549618,2.847328,-0.717557,1.057473,3.888794,5448,9321,3873,5448,0,28.0,8,load
1780605292.176709,81.32437810000556,81466,0.025635,-0.048828,1.041992,2.229008,3.10687,-0.656489,1.04345,3.879703,5449,9323,3874,5449,0,28.0,8,load
1780605292.2081163,81.35578539999551,81497,0.045898,0.12085,1.052978,1.977099,3.10687,-0.541985,1.060884,3.722272,5449,9324,3875,5449,1,28.0,28,load
1780605292.240619,81.38828800000192,81528,0.047607,-0.170898,1.05957,0.916031,3.022901,-0.244275,1.074319,3.168077,5450,9326,3876,5450,1,28.0,19,load
1780605292.2717366,81.41940559999784,81560,0.032715,0.111572,1.073486,1.900763,2.526718,-1.045802,1.079764,3.330301,5451,9327,3876,5451,0,28.0,13,load
1780605292.302292,81.449961300008,81591,0.041504,0.108643,1.074463,0.534351,2.59542,-1.10687,1.080739,2.871741,5453,9329,3876,5453,0,28.0,0,load
1780605292.332794,81.48046299999987,81622,0.056885,0.097656,1.068115,-0.007634,3.587786,-0.847328,1.074078,3.686493,5454,9331,3877,5454,0,28.0,7,load
1780605292.3646328,81.51230190000206,81653,0.032227,0.112061,1.069824,0.633588,2.80916,-1.664122,1.07616,3.325976,5455,9333,3878,5455,0,28.0,8,load
1780605292.394614,81.54228310000326,81684,0.059082,-0.060059,1.05542,0.282443,3.312977,-0.656489,1.058777,3.389184,5456,9335,3879,5456,0,28.0,8,load
1780605292.426831,81.57450020000397,81715,0.038086,0.067383,1.064453,0.129771,2.954198,-1.175572,1.067264,3.182153,5456,9336,3880,5456,1,28.674,29,load
1780605292.459327,81.60699600000225,81747,0.0354,-0.070557,1.0271,2.320611,2.381679,-0.854962,1.030129,3.433452,5457,9338,3881,5457,1,28.674,22,load
1780605292.4929535,81.64062259999628,81779,0.027588,0.093262,1.05127,2.022901,2.610687,-0.007634,1.055759,3.302707,5458,9339,3881,5458,0,28.674,10,load
1780605292.5227115,81.67038049999974,81811,0.044189,0.127441,1.067627,0.938931,2.450382,-0.954198,1.076114,2.792214,5459,9341,3882,5459,0,28.674,4,load
1780605292.5537753,81.70144449999498,81842,0.047852,0.147949,1.057617,2.030534,3.343511,-0.381679,1.068987,3.930371,5460,9343,3883,5460,0,28.674,8,load
1780605292.5835745,81.7312435000058,81873,0.035645,-0.038818,1.050781,1.022901,2.59542,-1.648855,1.052102,3.240564,5461,9345,3884,5461,0,28.674,8,load
1780605292.615915,81.76358420000179,81904,0.054688,-0.032227,1.068115,0.259542,3.267176,-0.48855,1.07,3.313681,5462,9347,3885,5462,0,28.674,8,load
1780605292.6469526,81.79462179999973,81935,0.068848,-0.067871,1.059082,0.076336,3.435115,-0.229008,1.063485,3.443586,5462,9348,3886,5462,1,28.674,29,load
1780605292.6787827,81.82645170000615,81966,0.054932,-0.100586,1.052246,1.099237,3.007634,-0.412214,1.058469,3.228638,5463,9349,3886,5463,0,27.888,12,load
1780605292.7100973,81.85776630000328,81998,0.039551,0.125732,1.066894,1.48855,2.992366,-0.931298,1.075006,3.469489,5464,9351,3887,5464,0,27.888,1,load
1780605292.7421627,81.88983179999923,82030,0.039307,-0.156006,1.057373,1.40458,2.839695,-0.709924,1.069542,3.246645,5465,9353,3888,5465,0,27.888,6,load
1780605292.7726583,81.92032740000286,82061,0.041016,-0.019775,1.044189,3.129771,2.977099,-0.603053,1.045182,4.361452,5466,9355,3889,5466,0,27.888,8,load
1780605292.8044782,81.95214720000513,82092,0.04541,-0.094971,1.052002,1.244275,2.625954,-1.541985,1.057256,3.289616,5467,9357,3890,5467,0,27.888,8,load
1780605292.834602,81.98227130000305,82123,0.051025,-0.101074,1.04541,1.885496,3.564885,-0.236641,1.051524,4.03974,5468,9359,3891,5468,0,27.888,7,load
1780605292.865803,82.01347210000677,82154,0.025391,0.095459,1.054688,1.206107,2.694656,-0.587786,1.059303,3.010209,5468,9360,3892,5468,1,27.888,28,load
1780605292.8968136,82.04448270000285,82185,0.040527,-0.097656,1.043945,2.801527,2.725191,-0.740458,1.049286,3.977876,5469,9362,3893,5469,1,27.888,21,load
1780605292.9271815,82.07485050000832,82216,0.058594,-0.098145,1.040772,1.244275,3.320611,0.091603,1.04703,3.547262,5470,9363,3893,5470,0,28.0,10,load
1780605292.9577355,82.10540450000553,82247,0.047363,-0.134766,1.057129,1.114504,3.030534,-1.061069,1.066736,3.398842,5471,9365,3894,5471,0,28.0,1,load
1780605292.9894106,82.13707969999814,82278,0.054688,-0.106201,1.061523,2.541985,2.389313,-0.969466,1.068224,3.620824,5472,9367,3895,5472,0,28.0,4,load
1780605293.0213523,82.16902129999653,82309,0.039062,-0.084961,1.069824,1.977099,2.21374,-1.08397,1.073903,3.159835,5473,9369,3896,5473,0,28.0,5,load
1780605293.0571713,82.20484040000883,82341,0.056396,-0.030518,1.072998,1.221374,3.290076,-0.717557,1.074912,3.582073,5474,9371,3897,5474,0,28.0,4,load
1780605293.0840156,82.23168460000306,82372,0.066162,-0.031982,1.042969,2.068702,3.244275,-0.59542,1.045554,3.893504,5475,9373,3898,5475,0,28.0,2,load
1780605293.1157289,82.2633979999955,82403,0.045654,-0.025635,1.067139,2.083969,2.343511,-1.450382,1.068422,3.455225,5477,9376,3899,5477,1,28.0,18,load
1780605293.144804,82.29247309999482,82434,0.020508,-0.020264,1.066406,2.053435,2.328244,-1.480916,1.066796,3.439539,5481,9381,3900,5481,0,28.0,5,load
1780605293.1769135,82.32458260000567,82465,0.050049,-0.026855,1.063965,1.671756,3.015267,-0.664122,1.06548,3.511077,5482,9383,3901,5482,0,28.0,5,load
1780605293.2079732,82.35564229999727,82496,0.047363,-0.039307,1.036865,1.374046,2.89313,-0.480916,1.03869,3.238747,5483,9385,3902,5483,0,46.429,4,load
1780605293.240211,82.38788019999629,82528,0.05957,-0.030762,1.035156,1.908397,3.305344,-0.679389,1.037325,3.876706,5486,9389,3903,5486,0,46.429,6,load
1780605293.2703583,82.41802739999548,82559,0.03833,-0.017578,1.070557,1.21374,3.496183,-0.366412,1.071387,3.718968,5489,9393,3904,5489,0,46.429,6,load
1780605293.3026931,82.45036210000399,82590,0.01709,-0.025146,1.059326,1.664122,2.007634,-0.656489,1.059762,2.689028,5490,9396,3906,5490,1,46.429,18,load
1780605293.3330004,82.48066950000066,82621,0.00708,-0.036377,1.0625,2.496183,2.290076,-0.725191,1.063146,3.464286,5494,9401,3907,5494,0,46.429,5,load
1780605293.3629858,82.51065490000474,82651,0.072754,-0.024414,1.03833,1.656489,3.664122,-0.320611,1.041162,4.033923,5495,9403,3908,5495,0,46.429,5,load
1780605293.3930628,82.54073190000781,82682,0.034912,-0.036377,1.041992,1.557252,3.045802,-1.145038,1.043211,3.607361,5496,9406,3910,5496,1,46.429,18,load
1780605293.4227731,82.57044229999883,82713,0.041016,-0.009521,1.050537,1.709924,2.740458,-0.251908,1.05138,3.23997,5499,9411,3912,5499,0,46.429,1,load
1780605293.4532144,82.60088359999645,82743,0.052979,-0.033691,1.035889,1.290076,3.40458,-0.29771,1.03779,3.652957,5500,9413,3913,5500,0,46.429,5,load
1780605293.4850008,82.63267000000633,82774,0.062744,-0.004395,1.048096,1.969466,3.824427,-0.442748,1.049981,4.324473,5502,9416,3914,5502,1,68.345,17,load
1780605293.5159807,82.66364980000071,82805,0.049805,-0.041016,1.079102,1.122137,2.78626,-0.938931,1.081029,3.147066,5505,9421,3916,5505,0,68.345,5,load
1780605293.5490348,82.69670380000025,82836,0.063232,-0.050781,1.045898,1.984733,2.717557,-1.068702,1.049038,3.53078,5506,9423,3917,5506,0,68.345,5,load
1780605293.5781443,82.72581329999957,82867,0.043701,-0.0354,1.065186,2.122137,3.068702,-0.832061,1.066669,3.82266,5509,9427,3918,5509,0,68.345,5,load
1780605293.6098385,82.75750760000665,82898,0.048584,-0.016113,1.043701,1.320611,2.694656,-0.427481,1.044956,3.031159,5510,9429,3919,5510,0,68.345,5,load
1780605293.6390443,82.7867133999971,82929,0.05127,-0.031982,1.05957,2.0,3.648855,-1.0,1.061292,4.279502,5511,9432,3921,5511,1,68.345,17,load
1780605293.6700816,82.81775080000807,82959,0.051758,0.000488,1.056641,1.061069,2.167939,-1.007634,1.057908,2.615559,5513,9435,3922,5513,0,68.345,5,load
1780605293.7025907,82.85025990000577,82990,0.016846,-0.038086,1.04834,1.045802,2.671756,-1.328244,1.049167,3.161678,5515,9439,3924,5515,0,68.345,0,load
1780605293.7334058,82.88107499999751,83022,0.055664,-0.041504,1.062744,2.251908,2.847328,-0.793893,1.06501,3.715997,5518,9443,3925,5518,0,68.345,5,load
1780605293.7644053,82.91207439999562,83053,0.051758,-0.02124,1.048096,0.954198,2.80916,-0.458015,1.049588,3.001942,5519,9445,3926,5519,0,60.932,5,load
1780605293.7961092,82.94377820000227,83084,0.067383,-0.051514,1.04541,1.717557,3.671756,-0.778626,1.048845,4.127718,5520,9448,3928,5520,1,60.932,17,load
1780605293.8260274,82.97369650000473,83115,0.0354,0.013184,1.064941,0.961832,2.70229,-0.381679,1.065611,2.893643,5523,9453,3930,5523,0,60.932,1,load
1780605293.8584151,83.0060841000086,83146,0.025879,-0.040527,1.049072,1.534351,2.244275,-1.740458,1.050174,3.228033,5524,9455,3931,5524,0,60.932,5,load
1780605293.888771,83.03644009999698,83177,0.053711,-0.038818,1.045166,2.335878,3.381679,-0.862595,1.047265,4.199542,5527,9459,3932,5527,0,60.932,5,load
1780605293.9206986,83.06836770000518,83208,0.053223,-0.025635,1.050537,0.89313,3.236641,-0.427481,1.052197,3.384711,5529,9463,3934,5529,0,60.932,5,load
1780605293.9508333,83.09850229999574,83239,0.074707,-0.062256,1.053467,1.648855,3.251908,-1.007634,1.057946,3.782718,5530,9466,3936,5530,1,60.932,17,load
1780605293.9820044,83.1296735000069,83271,0.037842,-0.022705,1.062012,1.374046,2.564885,-0.51145,1.062928,2.954356,5533,9471,3938,5533,0,60.932,0,load
1780605294.0133388,83.16100799999549,83302,0.029053,-0.043945,1.04541,1.419847,2.709924,-1.366412,1.046737,3.350632,5534,9473,3939,5534,0,60.932,5,load
1780605294.0444846,83.19215380000242,83333,0.037354,-0.042236,1.051514,2.229008,3.091603,-0.580153,1.053024,3.855264,5539,9479,3940,5539,0,71.429,5,load
1780605294.0760953,83.22376449999865,83365,0.029785,-0.035645,1.054199,1.290076,2.969466,-0.442748,1.055222,3.267728,5540,9481,3941,5540,0,71.429,5,load
1780605294.107305,83.25497419999738,83396,0.020264,-0.009521,1.045898,1.870229,3.534351,-0.977099,1.046138,4.116324,5543,9486,3943,5543,1,71.429,3,load
1780605294.1379943,83.28566330000467,83427,0.051758,-0.038818,1.059326,0.389313,2.564885,-1.0,1.0613,2.780324,5545,9489,3944,5545,0,71.429,5,load
1780605294.1703928,83.31806180000422,83458,0.061768,-0.043213,1.051025,1.755725,2.519084,-0.984733,1.053725,3.224602,5546,9491,3945,5546,0,71.429,5,load
1780605294.2007186,83.34838769999624,83489,0.031006,-0.038086,1.06543,2.145038,3.007634,-0.694656,1.066561,3.758936,5551,9497,3946,5551,0,71.429,5,load
1780605294.23206,83.3797290000075,83520,0.045166,-0.022949,1.049561,0.679389,2.839695,-0.496183,1.050782,2.961694,5553,9501,3948,5553,0,71.429,0,load
1780605294.2640955,83.41176460000861,83551,0.026367,-0.019043,1.046631,2.19084,3.007634,-1.045802,1.047136,3.865144,5554,9504,3950,5554,1,71.429,17,load
1780605294.2955756,83.44324459999916,83583,0.05835,-0.035645,1.062256,0.679389,2.137405,-0.641221,1.064454,2.332645,5556,9507,3951,5556,0,68.0,5,load
1780605294.325876,83.4735451000015,83615,0.012695,-0.015137,1.044189,2.129771,2.625954,-0.847328,1.044376,3.485617,5557,9512,3955,5557,1,68.0,17,load
1780605294.358159,83.50582819999545,83646,0.043457,-0.015625,1.068848,1.770992,3.305344,-0.755725,1.069845,3.825288,5559,9515,3956,5559,0,68.0,5,load
1780605294.3890982,83.5367671999993,83677,0.051514,-0.043701,1.067871,0.938931,2.778626,-0.396947,1.070006,2.959716,5561,9519,3958,5561,0,68.0,1,load
1780605294.4189713,83.5666404000076,83708,0.04126,-0.009766,1.034424,2.969466,3.564885,-0.908397,1.035292,4.727718,5564,9523,3959,5564,0,68.0,5,load
1780605294.4510808,83.59874980000313,83739,0.049072,-0.032471,1.062012,0.992366,2.519084,-0.259542,1.063641,2.719915,5567,9527,3960,5567,0,68.0,5,load
1780605294.4813766,83.62904569999955,83770,0.069092,-0.029297,1.059814,1.938931,2.267176,-1.015267,1.062468,3.151239,5568,9530,3962,5568,1,68.0,17,load
1780605294.512273,83.65994219999993,83801,0.040283,-0.029541,1.070801,2.19084,3.21374,-0.51145,1.071965,3.922944,5571,9535,3964,5571,0,68.0,6,load
1780605294.5435483,83.6912175000034,83832,0.060059,-0.041504,1.063477,1.183206,3.259542,-0.259542,1.065979,3.477348,5572,9537,3965,5572,0,68.0,5,load
1780605294.5747437,83.7224128000089,83863,0.053467,-0.025879,1.057373,2.534351,3.78626,-0.78626,1.05904,4.623516,5574,9540,3966,5574,1,64.286,16,load
1780605294.6048596,83.75252860000182,83894,0.029785,-0.02417,1.058106,0.969466,2.770992,-0.70229,1.0588,3.018522,5578,9545,3967,5578,0,64.286,5,load
1780605294.6371505,83.78481969999848,83925,0.057617,-0.026367,1.054932,2.236641,2.557252,-0.763359,1.056833,3.482071,5580,9549,3969,5580,0,64.286,0,load
1780605294.6675246,83.81519370000751,83956,0.04126,-0.027588,1.060791,2.099237,2.832061,-0.984733,1.061952,3.6602,5583,9553,3970,5583,0,64.286,5,load
1780605294.6987848,83.84645379999711,83987,0.041992,-0.030762,1.044922,1.19084,3.045802,0.221374,1.046218,3.277806,5584,9555,3971,5584,0,64.286,5,load
1780605294.7291358,83.87680480000563,84018,0.044678,-0.026855,1.04541,2.076336,3.961832,-0.748092,1.046709,4.535077,5588,9560,3972,5588,1,64.286,17,load
1780605294.7613256,83.90899470000295,84049,0.039795,-0.022705,1.066894,0.908397,2.625954,-0.587786,1.067878,2.840126,5590,9563,3973,5590,0,64.286,5,load
1780605294.7982945,83.9459635999956,84085,0.041504,-0.057617,1.049561,1.625954,3.099237,-1.122137,1.05196,3.675348,5593,9569,3976,5593,0,64.286,1,load
1780605294.8284295,83.97609860000375,84117,0.063965,-0.011963,1.057129,0.984733,2.740458,-0.312977,1.05913,2.928782,5595,9573,3978,5595,0,82.677,0,load
1780605294.8609543,84.00862330000382,84148,0.031738,-0.036865,1.054199,1.847328,1.938931,-0.78626,1.055321,2.791108,5596,9576,3980,5596,1,82.677,17,load
1780605294.891976,84.03964519999863,84180,0.063721,-0.022461,1.062744,1.854962,3.122137,-0.564886,1.06489,3.675285,5598,9579,3981,5598,0,82.677,4,load
1780605294.9235716,84.07124069999554,84211,0.07251,-0.033447,1.060791,1.045802,3.78626,-0.824427,1.063792,4.01362,5601,9583,3982,5601,0,82.677,5,load
1780605294.9531424,84.10081139999966,84242,0.038818,-0.008057,1.037109,2.19084,3.091603,-1.137405,1.037867,3.956195,5604,9587,3983,5604,0,82.677,6,load
1780605295.0000882,84.14775740000186,84273,0.045898,-0.015625,1.057373,1.358779,3.030534,-1.099237,1.058484,3.498391,5605,9589,3984,5605,0,82.677,5,load
1780605295.0163305,84.1639995000005,84304,0.054932,-0.032471,1.069824,2.122137,1.694656,-0.870229,1.071726,2.851776,5606,9592,3986,5606,1,82.677,17,load
1780605295.0465598,84.19422889999987,84335,0.037842,-0.035645,1.072266,2.381679,3.061069,-0.725191,1.073525,3.945686,5608,9595,3987,5608,0,82.677,5,load
1780605295.0781753,84.22584450000431,84366,0.044922,-0.035889,1.053467,1.816794,3.366412,-0.122137,1.055035,3.827321,5609,9597,3988,5609,0,82.677,5,load
1780605295.1092703,84.25693950000277,84397,0.049316,-0.029297,1.044922,2.473282,3.854962,-0.954198,1.046495,4.678499,5612,9602,3990,5612,0,60.714,3,load
1780605295.140782,84.28845120000187,84429,0.020508,-0.030762,1.070312,1.381679,2.824427,-0.877863,1.070951,3.264517,5614,9605,3991,5614,0,60.714,5,load
1780605295.1724148,84.32008390000556,84460,0.04126,-0.021973,1.059814,1.580153,2.030534,-0.51145,1.060845,2.623268,5615,9608,3993,5615,1,60.714,17,load
1780605295.20497,84.35263900000427,84493,0.036377,-0.018066,1.052002,2.137405,3.48855,-0.290076,1.052786,4.101539,5625,9619,3994,5625,0,60.714,0,load
1780605295.235074,84.38274309999542,84524,0.053223,-0.023926,1.054688,1.0,3.053435,-0.793893,1.0563,3.309642,5626,9621,3995,5626,0,60.714,5,load
1780605295.267044,84.4147132000071,84555,0.034668,-0.038086,1.025879,2.221374,3.48855,-0.694656,1.027171,4.19369,5629,9625,3996,5629,0,60.714,6,load
1780605295.2985713,84.44624040000781,84587,0.058105,-0.018066,1.04248,0.694656,3.091603,-0.412214,1.044255,3.195384,5632,9629,3997,5632,0,60.714,5,load
1780605295.3299823,84.47765129999607,84618,0.039307,-0.057861,1.052246,0.992366,2.679389,-1.129771,1.054568,3.072507,5633,9634,4001,5633,1,60.714,17,load
1780605295.3615203,84.50918940000702,84650,0.065918,-0.024658,1.054932,1.335878,3.083969,-0.618321,1.057277,3.417273,5636,9639,4003,5636,0,94.862,0,load
1780605295.3931494,84.54081849999784,84681,0.038086,-0.046631,1.05957,1.48855,2.045802,-1.450382,1.06128,2.91628,5637,9641,4004,5637,0,94.862,5,load
1780605295.4237676,84.57143670000369,84712,0.028076,-0.027344,1.037109,2.29771,2.854962,-0.931298,1.03785,3.781216,5641,9647,4006,5641,0,94.862,5,load
1780605295.4544797,84.60214869999618,84743,0.062256,-0.025391,1.037598,1.557252,4.0,-0.091603,1.039774,4.293416,5642,9649,4007,5642,0,94.862,5,load
1780605295.4862735,84.6339425000042,84774,0.0271,-0.014893,1.059082,0.984733,1.923664,-1.145038,1.059533,2.445668,5644,9654,4010,5644,1,94.862,3,load
1780605295.5170934,84.6647626000049,84805,0.066162,-0.025879,1.034668,3.145038,4.519084,-0.198473,1.037104,5.509336,5646,9657,4011,5646,0,94.862,5,load
1780605295.5479443,84.69561330000579,84836,0.076904,-0.015869,1.033691,1.320611,4.40458,0.396947,1.03667,4.615399,5648,9661,4013,5648,0,94.862,1,load
1780605295.5785694,84.72623850000673,84867,0.059326,-0.022705,1.041016,2.061069,4.480916,0.145038,1.042952,4.934334,5650,9664,4014,5650,1,94.862,17,load
1780605295.6096478,84.757316800009,84898,0.047363,-0.031006,1.053223,1.091603,3.687023,-0.305344,1.054743,3.857327,5654,9669,4015,5654,0,94.862,5,load
1780605295.6420178,84.78968689999601,84930,0.057129,-0.013428,1.04248,1.328244,2.671756,-0.183206,1.044131,2.989327,5655,9671,4016,5655,0,67.857,5,load
1780605295.6730158,84.82068489999801,84961,0.027344,-0.070801,1.067139,2.564885,2.328244,-1.480916,1.069834,3.76729,5658,9675,4017,5658,0,67.857,5,load
1780605295.7035744,84.85124360000191,84992,0.050537,-0.016357,1.054199,2.099237,4.21374,-0.381679,1.055537,4.723143,5659,9677,4018,5659,0,67.857,5,load
1780605295.7350035,84.88267249999626,85023,0.033936,-0.022705,1.058838,1.656489,2.21374,-0.78626,1.059625,2.874509,5660,9680,4020,5660,1,67.857,18,load
1780605295.765022,84.91269120000652,85054,0.011475,-0.04126,1.072022,1.992366,2.778626,-1.358779,1.072877,3.679207,5664,9685,4021,5664,0,67.857,5,load
1780605295.7968175,84.94448649999686,85085,0.038818,-0.015137,1.05835,1.732824,3.152672,-1.251908,1.059169,3.809107,5665,9687,4022,5665,0,67.857,5,load
1780605295.8287444,84.97641339999973,85117,0.030273,-0.026367,1.046143,1.610687,2.221374,-0.984733,1.046913,2.915221,5666,9689,4023,5666,0,67.857,4,load
1780605295.8601532,85.00782230000186,85148,0.051514,-0.030029,1.043945,1.763359,3.503817,-0.954198,1.045647,4.036912,5668,9692,4024,5668,1,67.857,17,load
1780605295.8904114,85.03808040000149,85179,0.038818,-0.031494,1.061035,1.358779,3.145038,-3.832061,1.062212,5.140256,5670,9695,4025,5670,0,67.857,6,load
1780605295.9227047,85.07037380000111,85210,0.046143,-0.066895,1.074707,0.885496,2.198473,-9.488549,1.077775,9.78008,5672,9699,4027,5672,0,60.714,0,load
1780605295.9527714,85.10044039999775,85241,0.042969,-0.020996,1.063965,1.496183,1.763359,-1.40458,1.065039,2.705706,5673,9701,4028,5673,0,60.714,6,load
1780605295.9839983,85.13166739999724,85272,0.056641,0.016846,1.054932,1.335878,2.946565,-0.80916,1.056585,3.3349,5676,9705,4029,5676,0,60.714,7,load
1780605296.015089,85.16275820000737,85303,0.069092,-0.053711,1.055176,1.671756,3.290076,-0.358779,1.058799,3.707842,5677,9707,4030,5677,0,60.714,7,load
1780605296.0464733,85.19414239999605,85334,0.044678,-0.014648,1.049072,2.114504,2.770992,0.091603,1.050125,3.48682,5678,9709,4031,5678,0,60.714,6,load
1780605296.0778098,85.22547889999987,85366,0.043457,0.023438,1.060303,1.335878,2.618321,-0.21374,1.061452,2.947178,5679,9711,4032,5679,0,60.714,6,load
1780605296.109713,85.2573820999969,85397,0.051758,-0.010254,1.055908,1.740458,2.633588,0.167939,1.057226,3.1612,5680,9713,4033,5680,0,60.714,5,load
1780605296.1401384,85.28780750000442,85428,0.020996,-0.077148,1.045166,2.152672,2.366412,0.015267,1.04822,3.199083,5681,9715,4034,5681,0,60.714,6,load
1780605296.1699302,85.31759920000331,85459,0.050537,-0.019775,1.05127,1.801527,3.221374,-0.572519,1.052669,3.73504,5682,9717,4035,5682,0,60.714,6,load
1780605296.2021973,85.3498663000064,85490,0.080322,0.023682,1.044189,1.480916,3.961832,-0.977099,1.047542,4.340962,5683,9719,4036,5683,0,39.286,7,load
1780605296.2323124,85.37998159999552,85521,0.031494,0.003906,1.054688,0.167939,2.572519,-0.984733,1.055165,2.759666,5684,9721,4037,5684,0,39.286,7,load
1780605296.2637618,85.41143089999969,85552,0.03125,0.047607,1.083252,0.549618,2.80916,-0.229008,1.084748,2.871568,5685,9723,4038,5685,0,39.286,8,load
1780605296.2947357,85.44240480000735,85583,0.040527,-0.095215,1.041748,2.534351,2.664122,-1.862595,1.046875,4.121862,5686,9725,4039,5686,0,39.286,7,load
1780605296.326432,85.47410110000055,85614,0.036621,0.048096,1.058106,0.732824,2.618321,-1.656489,1.059831,3.183801,5687,9727,4040,5687,0,39.286,8,load
1780605296.3585105,85.50617950000742,85646,0.037354,-0.050049,1.066162,0.198473,2.541985,-1.08397,1.06799,2.770572,5687,9728,4041,5687,1,39.286,30,load
1780605296.389973,85.53764199999569,85678,0.04248,-0.05835,1.065918,0.038168,2.885496,-1.251908,1.068359,3.145604,5688,9729,4041,5688,0,39.286,12,load
1780605296.421615,85.56928389999666,85710,0.043945,-0.175781,1.052978,0.549618,3.053435,-0.610687,1.068454,3.162038,5689,9731,4042,5689,0,39.286,4,load
1780605296.4527318,85.60040090000257,85741,0.069824,-0.094971,1.050049,0.030534,3.465649,-1.015267,1.056644,3.61143,5690,9733,4043,5690,0,27.888,9,load
1780605296.4856474,85.633316499996,85773,0.051758,0.095947,1.054688,3.557252,3.541985,-0.343511,1.060307,5.03167,5690,9734,4044,5690,1,27.888,35,load
1780605296.5155816,85.66325070000312,85804,0.052246,0.13916,1.056885,2.083969,3.244275,-0.709924,1.067286,3.920745,5691,9735,4044,5691,0,27.888,13,load
1780605296.546899,85.69456810000702,85835,0.043457,0.059326,1.052734,1.206107,3.21374,-0.748092,1.0553,3.513184,5694,9739,4045,5694,0,27.888,10,load
1780605296.5788097,85.72647880000295,85866,0.049805,0.105713,1.065186,3.450382,2.282443,-0.51145,1.071576,4.168484,5694,9740,4046,5694,1,27.888,37,load
1780605296.6090088,85.75667790000443,85897,0.030273,0.051025,1.055908,2.969466,2.671756,-0.419847,1.057574,4.016501,5695,9741,4046,5695,0,27.888,13,load
1780605296.639929,85.7875980999961,85928,0.033691,0.111328,1.065918,3.068702,2.633588,-0.603053,1.072245,4.088568,5696,9743,4047,5696,0,27.888,10,load
1780605296.6717978,85.81946690000768,85959,0.025391,0.087402,1.05957,3.259542,2.21374,-0.763359,1.063472,4.013474,5698,9746,4048,5698,1,27.888,8,load
1780605296.7031555,85.8508245999983,85990,0.03833,0.139404,1.063721,1.832061,2.519084,-0.694656,1.073501,3.19136,5699,9747,4048,5699,0,27.888,13,load
1780605296.7328925,85.88056150000193,86021,0.050537,0.032959,1.066406,0.70229,2.931298,-1.206107,1.068112,3.2466,5700,9749,4049,5700,0,35.714,10,load
1780605296.764128,85.91179700000794,86052,0.045166,0.02002,1.041992,3.083969,3.10687,-0.419847,1.043163,4.397702,5700,9750,4050,5700,1,35.714,35,load
1780605296.7950945,85.94276350000291,86084,0.029541,-0.103027,1.045166,3.259542,2.305344,-0.610687,1.050647,4.038832,5701,9751,4050,5701,0,35.714,16,load
1780605296.8269093,85.97457829999621,86115,0.04834,-0.209961,1.054199,1.007634,3.061069,-0.870229,1.075991,3.338078,5702,9753,4051,5702,0,35.714,4,load
1780605296.8579428,86.00561190000735,86146,0.051025,-0.183105,1.048096,3.091603,2.534351,-0.908397,1.065193,4.099528,5703,9755,4052,5703,0,35.714,9,load
1780605296.8885274,86.03619650000473,86177,0.05249,-0.0625,1.064453,-0.358779,3.480916,-0.381679,1.067578,3.520111,5704,9757,4053,5704,0,35.714,8,load
1780605296.9202223,86.06789140000183,86208,0.031006,0.131836,1.062988,0.099237,2.229008,-1.129771,1.071581,2.500941,5704,9758,4054,5704,1,35.714,30,load
1780605296.9513474,86.09901639999589,86240,0.052734,0.0,1.042969,2.137405,3.229008,-0.458015,1.044301,3.899329,5705,9759,4054,5705,0,35.714,11,load
1780605296.9821227,86.12979180000548,86271,0.073975,0.023193,1.068115,0.755725,2.687023,-0.618321,1.070925,2.858939,5706,9761,4055,5706,0,24.0,1,load
1780605297.0128448,86.16051390000212,86302,0.055908,0.034912,1.053223,1.267176,2.938931,-0.549618,1.055283,3.247327,5707,9763,4056,5707,0,24.0,3,load
1780605297.0431297,86.19079880000209,86333,0.055176,-0.05835,1.039551,1.0,3.21374,0.19084,1.042648,3.371134,5708,9765,4057,5708,0,24.0,3,load
1780605297.0750883,86.22275739999895,86363,0.041992,-0.032715,1.065186,1.816794,2.648855,0.091603,1.066515,3.213342,5709,9767,4058,5709,0,24.0,1,load
1780605297.1073215,86.25499050000508,86394,0.0354,-0.031738,1.046387,1.145038,2.587786,-1.854962,1.047466,3.383583,5711,9770,4059,5711,1,24.0,16,load
1780605297.1372094,86.2848784999951,86425,0.065674,-0.039551,1.040772,2.030534,3.358779,0.335878,1.043591,3.939198,5713,9773,4060,5713,0,24.0,6,load
1780605297.1665351,86.31420419999631,86456,0.050293,-0.023682,1.064941,0.801527,2.40458,-1.08397,1.066391,2.756708,5714,9775,4061,5714,0,24.0,5,load
1780605297.1986713,86.34634030000598,86487,0.03125,-0.030029,1.057373,1.564886,1.755725,-0.374046,1.058261,2.381459,5715,9778,4063,5715,1,24.0,18,load
1780605297.2296066,86.37727569999697,86518,0.047119,-0.028809,1.05542,2.419847,2.40458,-1.259542,1.056864,3.636497,5717,9781,4064,5717,0,24.0,5,load
1780605297.2592669,86.4069359999994,86548,0.043701,-0.025635,1.067627,1.358779,2.587786,-0.816794,1.068828,3.03481,5719,9785,4066,5719,0,46.931,5,load
1780605297.2919028,86.43957180000143,86579,0.031982,-0.018066,1.042969,1.045802,2.870229,-0.419847,1.043615,3.083535,5720,9788,4068,5720,1,46.931,17,load
1780605297.3223593,86.4700284999999,86611,0.061279,-0.016357,1.044678,1.992366,3.656489,-1.435114,1.046601,4.404428,5724,9793,4069,5724,0,46.931,5,load
1780605297.3542783,86.5019472999993,86642,0.05957,-0.04541,1.060303,1.519084,3.183206,-0.458015,1.062945,3.556711,5725,9795,4070,5725,0,46.931,5,load
1780605297.3854506,86.53311970000505,86673,0.033447,-0.019043,1.031982,3.122137,3.732824,-1.832061,1.0327,5.199824,5728,9799,4071,5728,0,46.931,6,load
1780605297.417945,86.5656139000057,86705,0.049316,-0.021484,1.07251,1.717557,2.763359,-0.923664,1.073858,3.382205,5731,9803,4072,5731,0,46.931,5,load
1780605297.449342,86.59701120000682,86737,0.037109,-0.01001,1.049072,1.862595,2.312977,-0.236641,1.049776,2.979114,5732,9808,4076,5732,1,46.931,17,load
1780605297.4805865,86.62825550000707,86768,0.036133,-0.030273,1.04541,2.946565,3.534351,-0.618321,1.046472,4.642866,5735,9813,4078,5735,0,46.931,0,load
1780605297.5117195,86.6593886000046,86799,0.057373,-0.037598,1.059082,0.755725,3.129771,-0.045802,1.061301,3.220044,5736,9815,4079,5736,0,67.729,5,load
1780605297.542845,86.69051410000247,86831,0.041992,-0.018311,1.039795,1.900763,2.931298,-0.442748,1.040804,3.521567,5740,9821,4081,5740,0,67.729,5,load
1780605297.5728197,86.72048869999708,86862,0.04126,-0.013428,1.05542,1.0,3.282443,-1.282443,1.056311,3.663208,5741,9823,4082,5741,0,67.729,5,load
1780605297.6041226,86.75179160000698,86892,0.052246,-0.048828,1.049805,0.824427,2.503817,-0.519084,1.052238,2.686676,5743,9827,4084,5743,1,67.729,0,load
1780605297.6357615,86.78343060000043,86923,0.053955,-0.058594,1.046387,2.763359,3.732824,-1.160305,1.049414,4.787112,5749,9834,4085,5749,0,67.729,3,load
1780605297.6666949,86.8143640000053,86954,0.042236,-0.016357,1.050781,0.557252,2.977099,-0.175573,1.051757,3.033888,5752,9839,4087,5752,0,67.729,1,load
1780605297.696753,86.84442219999619,86985,0.061035,-0.041016,1.052734,0.954198,2.389313,-1.022901,1.0553,2.768689,5753,9842,4089,5753,1,67.729,17,load
1780605297.7276907,86.87535980000393,87016,0.065674,-0.017822,1.063965,1.763359,2.526718,-0.358779,1.066139,3.102009,5758,9849,4091,5758,0,67.729,0,load
1780605297.7587225,86.90639160000137,87047,0.048584,-0.036133,1.076172,1.725191,3.137405,-0.725191,1.077874,3.653148,5759,9851,4092,5759,0,67.729,5,load
1780605297.7914882,86.93915720000223,87079,0.046631,-0.033203,1.031494,1.969466,3.236641,-0.969466,1.033081,3.910819,5763,9857,4094,5763,0,96.429,6,load
1780605297.8213644,86.96903340000426,87110,0.042725,-0.022949,1.058594,1.91603,3.40458,-0.251908,1.059704,3.914818,5764,9859,4095,5764,0,96.429,5,load
1780605297.853952,87.00162110000383,87141,0.050781,-0.02417,1.061523,1.061069,1.503817,0.137405,1.063012,1.845592,5766,9864,4098,5766,1,96.429,14,load
1780605297.8838372,87.03150630000164,87173,0.047119,-0.030518,1.056885,2.832061,3.290076,-0.671756,1.058375,4.39277,5768,9867,4099,5768,0,96.429,5,load
1780605297.9145992,87.0622682999965,87204,0.032227,-0.035889,1.071777,0.770992,2.59542,-0.450382,1.072862,2.744718,5770,9871,4101,5770,0,96.429,0,load
1780605297.945933,87.09360219999508,87234,0.049316,-0.0271,1.039307,1.938931,3.374046,-0.679389,1.040829,3.950343,5771,9874,4103,5771,1,96.429,17,load
1780605297.977949,87.12561810000625,87266,0.05957,-0.026367,1.072754,1.442748,3.015267,-0.961832,1.07473,3.478287,5773,9877,4104,5773,0,96.429,5,load
1780605298.0098724,87.15754139999626,87298,0.033691,-0.033203,1.056641,1.312977,2.267176,-0.519084,1.057699,2.67085,5774,9879,4105,5774,0,96.429,5,load
1780605298.0401988,87.1878679000074,87329,0.037109,-0.043701,1.044678,2.259542,3.137405,-0.549618,1.04625,3.905242,5777,9883,4106,5777,0,56.0,5,load
1780605298.0710216,87.21869059999881,87360,0.046875,-0.021729,1.061768,1.061069,2.648855,-0.870229,1.063024,2.983219,5778,9885,4107,5778,0,56.0,6,load
1780605298.102519,87.25018800000544,87391,0.030518,-0.023926,1.0354,1.122137,2.526718,-0.59542,1.036126,2.828077,5779,9888,4109,5779,1,56.0,18,load
1780605298.1338465,87.2815155999997,87422,0.046143,-0.026123,1.055908,2.816794,3.305344,-0.916031,1.057239,4.438326,5782,9893,4111,5782,0,56.0,5,load
1780605298.1647546,87.31242380000185,87453,0.0271,-0.019287,1.061035,1.29771,3.206107,-0.122137,1.061556,3.460938,5783,9895,4112,5783,0,56.0,6,load
1780605298.1958103,87.34347940000589,87483,0.055908,-0.013428,1.050293,1.259542,3.51145,0.664122,1.051866,3.789167,5785,9900,4115,5785,1,56.0,14,load
1780605298.226248,87.3739171000052,87514,0.053955,-0.032959,1.045898,1.641221,4.229008,-0.709924,1.047808,4.591526,5787,9903,4116,5787,0,56.0,5,load
1780605298.2571077,87.4047767000011,87545,0.041992,-0.009766,1.05249,0.526718,3.328244,0.412214,1.053373,3.394784,5788,9905,4117,5788,0,56.0,5,load
1780605298.288493,87.43616209999891,87576,0.036621,-0.028564,1.063232,0.656489,2.534351,-0.664122,1.064246,2.70092,5789,9908,4119,5789,1,56.0,18,load
1780605298.3196468,87.46731580000778,87607,0.059326,-0.02417,1.068115,2.603053,2.832061,-1.648855,1.070034,4.185114,5793,9913,4120,5793,0,57.554,0,load
1780605298.3505743,87.49824339999759,87639,0.028564,-0.023926,1.062256,1.114504,2.351145,-0.740458,1.062909,2.705232,5794,9915,4121,5794,0,57.554,5,load
1780605298.381723,87.5293920999975,87670,-0.000732,-0.043701,1.064453,1.465649,1.648855,-1.282443,1.06535,2.551766,5795,9917,4122,5795,0,57.554,3,load
1780605298.412106,87.55977500000154,87700,0.026611,-0.016846,1.05127,2.068702,2.19084,-3.045802,1.051741,4.284416,5797,9920,4123,5797,1,57.554,18,load
1780605298.4434116,87.5910806000029,87732,0.038818,-0.039062,1.074707,2.091603,2.862595,-1.91603,1.076117,4.029942,5799,9923,4124,5799,0,57.554,6,load
1780605298.474176,87.62184500000149,87763,0.070557,-0.041992,1.062988,2.053435,4.045802,-0.282443,1.066155,4.545864,5800,9925,4125,5800,0,57.554,6,load
1780605298.5065057,87.65417470000102,87794,0.046143,-0.05249,1.052734,2.145038,3.290076,-0.923664,1.055052,4.034718,5801,9927,4126,5801,0,57.554,6,load
1780605298.537467,87.68513610000082,87826,0.002686,-0.03418,1.057129,1.442748,2.21374,-1.183206,1.057685,2.895193,5802,9929,4127,5802,0,57.554,6,load
1780605298.5695903,87.71725929999957,87857,0.057373,-0.07959,1.050049,0.709924,3.114504,-0.343511,1.054622,3.212807,5803,9931,4128,5803,0,40.0,6,load
1780605298.5991364,87.7468055000063,87888,0.052734,-0.054443,1.053711,1.183206,3.961832,-0.450382,1.056433,4.159199,5804,9933,4129,5804,0,40.0,5,load
1780605298.6298356,87.77750470000319,87919,0.049561,0.018311,1.060547,1.099237,3.007634,-1.0,1.061862,3.354725,5805,9935,4130,5805,0,40.0,5,load
1780605298.6605027,87.80817180000304,87949,0.042969,-0.068115,1.057129,1.854962,2.274809,-0.229008,1.060192,2.944161,5806,9937,4131,5806,0,40.0,7,load
1780605298.6919498,87.83961890000501,87980,0.035889,-0.016846,1.061768,0.442748,2.854962,-1.351145,1.062508,3.189424,5807,9939,4132,5807,0,40.0,7,load
1780605298.7227535,87.87042259999726,88011,0.040527,-0.092773,1.044189,2.503817,3.045802,-0.748092,1.049086,4.013184,5808,9941,4133,5808,0,40.0,7,load
1780605298.7530239,87.90069290000247,88042,0.069336,0.009521,1.055908,1.129771,3.694656,-0.122137,1.058225,3.865461,5809,9943,4134,5809,0,40.0,7,load
1780605298.7847264,87.93239539999922,88073,0.044678,-0.077393,1.053955,1.122137,2.099237,-1.78626,1.057737,2.976022,5810,9945,4135,5810,0,40.0,7,load
1780605298.8154573,87.96312640000542,88104,0.030029,-0.082275,1.044678,2.10687,2.160305,-1.068702,1.048343,3.201241,5811,9947,4136,5811,0,40.0,7,load
1780605298.8474684,87.99513740000839,88135,0.061768,-0.077393,1.052246,1.778626,3.541985,-0.656489,1.056895,4.01748,5812,9949,4137,5812,0,32.374,7,load
1780605298.8779933,88.02566250000382,88166,0.063477,0.019531,1.043945,1.389313,3.946565,-0.740458,1.046056,4.248982,5813,9951,4138,5813,0,32.374,7,load
1780605298.9102452,88.05791420000605,88197,0.026611,-0.049072,1.072266,1.21374,2.274809,-0.938931,1.073718,2.743996,5814,9953,4139,5814,0,32.374,7,load
1780605298.9423409,88.0900099999999,88229,0.012939,-0.05835,1.054932,2.694656,1.931298,-1.610687,1.056623,3.685837,5814,9954,4140,5814,1,32.374,26,load
1780605298.97241,88.12007900000026,88260,0.061035,0.020752,1.052002,1.534351,2.969466,-0.679389,1.053975,3.410796,5815,9956,4141,5815,1,32.374,17,load
1780605299.0034153,88.15108450000116,88291,0.075684,0.062988,1.044189,0.885496,4.473282,0.549618,1.048822,4.593086,5816,9958,4142,5816,1,32.374,19,load
1780605299.0346909,88.18236000000616,88322,0.029785,-0.093262,1.050293,1.557252,2.984733,-0.816794,1.054846,3.464219,5817,9960,4143,5817,1,32.374,22,load
1780605299.0653358,88.21300479999627,88353,0.048828,-0.074951,1.063721,2.175573,2.694656,-1.129771,1.067475,3.642893,5818,9961,4143,5818,0,32.374,10,load
1780605299.0983489,88.24601800000528,88385,0.048584,-0.060791,1.067139,1.381679,2.435115,-1.503817,1.069972,3.178095,5820,9963,4143,5820,0,32.0,0,load
1780605299.1267405,88.27440950000891,88416,0.044678,-0.096191,1.051758,1.419847,3.29771,-0.412214,1.057092,3.61397,5821,9965,4144,5821,0,32.0,0,load
1780605299.1585445,88.30621350000729,88447,0.047119,-0.120605,1.040772,1.816794,3.465649,-0.679389,1.048795,3.971528,5822,9967,4145,5822,0,32.0,3,load
1780605299.1908174,88.33848639999633,88478,0.053955,0.066895,1.042725,2.053435,2.778626,-0.473282,1.04626,3.487313,5823,9969,4146,5823,0,32.0,6,load
1780605299.2215824,88.36925139999948,88509,0.042969,0.054443,1.071045,1.343511,2.89313,-0.717557,1.073288,3.269574,5824,9971,4147,5824,0,32.0,7,load
1780605299.251638,88.39930710000044,88540,0.048096,0.064941,1.056152,1.938931,3.10687,-0.977099,1.05924,3.790359,5825,9973,4148,5825,0,32.0,7,load
1780605299.2827208,88.43039000000863,88571,0.031494,0.006836,1.050537,0.801527,2.129771,-0.923664,1.051031,2.455916,5826,9975,4149,5826,0,32.0,7,load
1780605299.31469,88.46235909999814,88602,0.051758,-0.054932,1.05957,2.450382,3.114504,-1.152672,1.062255,4.127125,5827,9977,4150,5827,0,32.0,7,load
1780605299.3457866,88.49345560000802,88633,0.048584,-0.011963,1.060547,1.282443,3.473282,-0.908397,1.061727,3.812287,5828,9979,4151,5828,0,32.0,7,load
1780605299.375825,88.52349390000745,88664,0.072266,-0.000977,1.036133,1.801527,4.175572,-0.358779,1.03865,4.561757,5829,9981,4152,5829,0,32.258,7,load
1780605299.4073827,88.55505179999454,88695,0.079834,-0.028809,1.043457,1.717557,4.32061,-0.549618,1.046903,4.681854,5830,9983,4153,5830,0,32.258,7,load
1780605299.4382536,88.58592280000448,88726,0.066895,0.013428,1.045898,1.496183,3.938931,-0.305344,1.048121,4.224568,5831,9985,4154,5831,0,32.258,7,load
1780605299.4694254,88.6170945000049,88757,0.023193,0.000732,1.045654,1.122137,3.312977,-0.916031,1.045912,3.615815,5832,9987,4155,5832,0,32.258,6,load
1780605299.5006368,88.64830580000125,88788,0.030029,-0.016602,1.052002,1.618321,3.358779,-1.022901,1.052561,3.866094,5833,9989,4156,5833,0,32.258,6,load
1780605299.5312946,88.67896360000304,88819,0.012207,-0.029541,1.066162,1.08397,2.076336,-0.221374,1.066641,2.352694,5834,9991,4157,5834,0,32.258,6,load
1780605299.5615504,88.70921939999971,88850,0.050293,-0.011963,1.043945,1.19084,2.664122,-1.427481,1.045225,3.248592,5835,9993,4158,5835,0,32.258,5,load
1780605299.5926313,88.74030050000874,88881,0.055908,-0.035645,1.073486,0.48855,2.152672,-0.519084,1.075532,2.267625,5837,9996,4159,5837,1,32.258,18,load
1780605299.623723,88.7713919999951,88912,0.021729,-0.013428,1.057129,1.496183,2.618321,-0.633588,1.057437,3.081493,5839,9999,4160,5839,0,32.258,5,load
1780605299.6552365,88.80290560000867,88943,0.049805,-0.038818,1.078369,1.931298,2.900763,-1.480916,1.080216,3.786482,5840,10001,4161,5840,0,39.427,6,load
1780605299.6860237,88.83369270000549,88974,0.057617,-0.048584,1.050049,1.732824,2.885496,0.587786,1.05275,3.416762,5841,10005,4164,5841,0,39.427,3,load
1780605299.7183058,88.86597490000713,89005,0.059082,-0.052734,1.040527,2.038168,2.656489,-1.946565,1.043537,3.873006,5844,10009,4165,5844,0,39.427,5,load
1780605299.7487264,88.8963955000072,89036,0.035889,-0.010742,1.053223,1.694656,3.10687,-0.877863,1.053889,3.646251,5848,10015,4167,5848,0,39.427,1,load
1780605299.7798047,88.9274737000087,89067,0.025635,-0.001221,1.040772,1.839695,2.19084,0.091603,1.041088,2.86228,5849,10018,4169,5849,1,39.427,18,load
1780605299.8102937,88.95796270000574,89098,0.035156,-0.046143,1.060303,2.068702,2.580153,-0.954198,1.061888,3.441978,5851,10021,4170,5851,0,39.427,6,load
1780605299.8410668,88.98873579999781,89129,0.044678,-0.019531,1.063232,1.08397,3.206107,0.122137,1.06435,3.386596,5852,10023,4171,5852,0,39.427,5,load
1780605299.8712273,89.01889629999641,89160,0.035889,-0.03125,1.057373,0.954198,2.519084,-1.564886,1.058443,3.115308,5853,10026,4173,5853,1,39.427,17,load
1780605299.902359,89.05002819999936,89190,0.03125,-0.026611,1.062256,1.419847,2.374046,-0.755725,1.063048,2.867609,5857,10031,4174,5857,0,39.427,5,load
1780605299.9329612,89.08063029999903,89221,0.02002,-0.034424,1.045654,1.51145,2.931298,-0.122137,1.046412,3.300289,5859,10035,4176,5859,0,68.345,0,load
1780605299.964595,89.1122641999973,89253,0.061035,-0.023438,1.039062,1.832061,4.061068,-0.709924,1.041117,4.511398,5862,10040,4178,5862,0,68.345,14,load
1780605300.0065498,89.15421880000213,89285,0.056641,-0.038574,1.047119,1.618321,3.267176,-0.946565,1.049359,3.76688,5867,10047,4180,5867,0,68.345,6,load
1780605300.0270705,89.17473959999916,89316,0.037354,0.006592,1.045898,1.862595,2.40458,-0.183206,1.046586,3.047102,5868,10050,4182,5868,1,68.345,18,load
1780605300.0597327,89.20740179999848,89346,0.03418,-0.048584,1.058838,1.80916,2.610687,-0.664122,1.060503,3.244966,5870,10053,4183,5870,0,68.345,5,load
1780605300.0892973,89.23696629999904,89377,0.065186,-0.024658,1.050049,1.21374,3.396947,0.053435,1.052359,3.607668,5871,10055,4184,5871,0,68.345,5,load
1780605300.1195664,89.26723559999664,89408,0.032227,-0.002441,1.05249,1.244275,2.679389,-0.038168,1.052986,2.954455,5873,10060,4187,5873,1,68.345,14,load
1780605300.150468,89.29813730000751,89439,0.042725,-0.022217,1.062256,2.229008,2.236641,-1.480916,1.063347,3.487714,5876,10065,4189,5876,0,68.345,0,load
1780605300.1816347,89.32930379999743,89470,0.055176,-0.041748,1.065918,1.641221,2.419847,-1.450382,1.068161,3.263874,5880,10071,4191,5880,0,68.345,0,load
1780605300.212975,89.36064410000108,89501,0.056152,-0.025635,1.053467,2.251908,3.442748,-0.770992,1.055274,4.185455,5883,10075,4192,5883,0,85.714,6,load
1780605300.244273,89.39194210000278,89532,0.034912,-0.023193,1.05249,1.625954,3.0,-0.351145,1.053324,3.43031,5884,10077,4193,5884,0,85.714,5,load
1780605300.2741268,89.42179580000811,89563,0.055664,-0.029541,1.050537,1.679389,2.70229,-0.175573,1.052425,3.186463,5885,10080,4195,5885,1,85.714,17,load
1780605300.305563,89.4532321000006,89594,0.018799,-0.056152,1.049316,1.763359,3.137405,-1.0,1.050986,3.735337,5887,10083,4196,5887,1,85.714,6,load
1780605300.3366768,89.4843458999967,89624,0.067871,-0.025391,1.054199,1.633588,4.473282,0.007634,1.056687,4.76224,5890,10087,4197,5890,0,85.714,5,load
1780605300.3671746,89.51484380000329,89655,0.020752,-0.00708,1.05127,1.854962,1.984733,0.29771,1.051498,2.732888,5891,10092,4201,5891,1,85.714,18,load
1780605300.404989,89.55265800000052,89692,0.022949,-0.03418,1.078613,2.625954,2.320611,-0.687023,1.079399,3.571116,5894,10097,4203,5894,0,85.714,6,load
1780605300.4349868,89.58265599999868,89723,0.068604,-0.025635,1.039551,1.694656,3.633588,-0.198473,1.042127,4.014251,5895,10099,4204,5895,0,85.714,4,load
1780605300.4660227,89.6136916999967,89754,0.015137,-0.054443,1.068115,3.267176,1.740458,-2.022901,1.069609,4.218502,5898,10103,4205,5898,0,59.289,6,load
1780605300.4969206,89.64458960000775,89785,0.063477,-0.009277,1.057861,1.763359,3.641221,-0.030534,1.059805,4.045845,5899,10105,4206,5899,0,59.289,5,load
1780605300.5286615,89.67633060000662,89816,0.044434,-0.030762,1.05127,-0.030534,3.198473,0.755725,1.052658,3.286683,5900,10107,4207,5900,0,59.289,5,load
1780605300.558487,89.70615589999943,89847,0.042236,-0.025146,1.034912,2.557252,4.251908,-0.259542,1.036079,4.968463,5903,10112,4209,5903,1,59.289,16,load
1780605300.5907297,89.73839870000666,89878,0.049805,-0.041748,1.037842,2.877863,3.671756,-1.80916,1.039874,5.003694,5905,10115,4210,5905,0,59.289,5,load
1780605300.6211774,89.7688463999948,89909,0.042969,0.001465,1.043457,2.274809,4.030534,-2.099237,1.044342,5.082004,5906,10117,4211,5906,0,59.289,6,load
1780605300.6526003,89.80026930000167,89940,0.020996,-0.046875,1.059814,1.48855,2.740458,-0.755725,1.061058,3.208896,5907,10119,4212,5907,0,59.289,6,load
1780605300.6846075,89.83227650000481,89971,0.052246,0.018555,1.046143,1.572519,3.687023,-1.045802,1.047611,4.142542,5908,10121,4213,5908,0,59.289,4,load
1780605300.7149045,89.86257369999657,90002,0.046631,-0.073975,1.051514,1.969466,3.458015,-0.480916,1.055143,4.008484,5909,10123,4214,5909,0,59.289,2,load
1780605300.74608,89.89374909999606,90033,0.036621,-0.057861,1.049561,1.099237,3.290076,-0.381679,1.051792,3.489786,5910,10125,4215,5910,0,43.011,1,load
1780605300.7762353,89.92390429999796,90064,0.02417,-0.070312,1.045166,0.618321,3.045802,0.931298,1.047807,3.244464,5911,10127,4216,5911,0,43.011,0,load
1780605300.8073828,89.9550520000048,90095,0.036377,-0.119873,1.042725,2.885496,2.816794,-1.305344,1.050222,4.238436,5912,10129,4217,5912,0,43.011,3,load
1780605300.8384323,89.98610150000604,90126,0.055176,0.013672,1.063965,0.832061,2.977099,-1.335878,1.065482,3.367494,5913,10131,4218,5913,0,43.011,7,load
1780605300.8695889,90.01725800000713,90157,0.042236,0.087646,1.054443,1.175572,3.175573,-1.641221,1.058922,3.762956,5914,10133,4219,5914,0,43.011,8,load
