host_epoch_s,host_elapsed_s,time_ms,ax,ay,az,gx,gy,gz,acc_mag,gyro_mag,pulse_count,edge_count,rise_count,fall_count,state,pulse_rate_hz,last_edge_dt_ms,label
1780600449.8417833,0.023644400003831834,188,0.055176,0.01709,1.036133,-0.40458,3.198473,-0.89313,1.037742,3.345384,14,22,8,14,0,0.0,5,normal
1780600449.8725605,0.05442169999878388,219,0.047852,-0.050537,1.058594,2.21374,2.312977,-0.396947,1.060879,3.226155,16,27,11,16,1,0.0,14,normal
1780600449.9040973,0.0859584999998333,250,0.020752,-0.011963,1.04248,2.343511,2.870229,-0.48855,1.042756,3.737505,18,30,12,18,0,72.0,5,normal
1780600449.9346323,0.11649339999712538,281,0.017334,-0.022705,1.05249,-0.167939,2.40458,-1.572519,1.052878,2.878024,20,34,14,20,0,72.0,5,normal
1780600449.964853,0.14671430000453256,311,0.034912,-0.083008,1.048828,2.778626,2.824427,-0.694656,1.052687,4.022524,21,39,18,21,1,72.0,18,normal
1780600449.995004,0.17686500000127126,342,0.035645,-0.021973,1.054443,1.824428,2.282443,-0.229008,1.055274,2.93096,25,44,19,25,0,72.0,5,normal
1780600450.026573,0.2084340000001248,373,0.033203,-0.051514,1.061035,0.244275,2.526718,-1.274809,1.062804,2.840618,26,46,20,26,0,72.0,5,normal
1780600450.0568254,0.23868660000152886,404,0.036621,-0.02124,1.059082,3.900763,4.0229,-0.167939,1.059928,5.606058,29,50,21,29,0,72.0,5,normal
1780600450.0874333,0.2692945000017062,435,0.020996,0.005127,1.032715,-0.549618,1.877863,-0.900763,1.032941,2.154025,31,54,23,31,0,72.0,5,normal
1780600450.1188247,0.3006859000015538,466,0.012207,-0.019775,1.059082,1.679389,2.51145,-0.694656,1.059337,3.100045,34,58,24,34,0,72.0,5,normal
1780600450.150055,0.331916099996306,497,0.037109,-0.023682,1.060059,2.740458,2.931298,-0.030534,1.060972,4.012923,37,62,25,37,0,72.0,5,normal
1780600450.1818144,0.3636757000058424,528,0.062256,0.017578,1.056152,-0.267176,3.114504,-0.740458,1.058132,3.212444,38,64,26,38,0,71.942,5,normal
1780600450.2125561,0.39441720000468194,559,0.036621,-0.082275,1.069824,2.137405,2.083969,-0.21374,1.073608,2.992843,40,69,29,40,1,71.942,14,normal
1780600450.2425377,0.42439880000893027,590,0.033203,-0.020508,1.049805,1.89313,2.0,-0.251908,1.05053,2.765393,42,72,30,42,0,71.942,5,normal
1780600450.274496,0.45635730000503827,621,0.028076,-0.038574,1.05127,-0.076336,2.045802,-1.0,1.052352,2.278406,44,76,32,44,0,71.942,5,normal
1780600450.3043118,0.48617279999598395,651,0.044434,-0.06543,1.056396,2.801527,3.366412,-0.053435,1.059353,4.37997,45,81,36,45,1,71.942,17,normal
1780600450.334899,0.5167602000001352,682,0.024658,0.002441,1.05542,1.022901,2.358779,-0.503817,1.055711,2.619923,49,86,37,49,0,71.942,5,normal
1780600450.3654873,0.5473483999958262,713,0.050537,-0.059814,1.074707,0.320611,2.282443,-1.259542,1.077556,2.626553,50,88,38,50,0,71.942,4,normal
1780600450.397703,0.5795642000011867,744,0.061279,-0.041504,1.058106,3.862595,4.007634,-0.160305,1.060691,5.568345,54,94,40,54,0,71.942,5,normal
1780600450.426884,0.6087452000065241,775,0.029297,-0.01001,1.04248,-0.877863,2.091603,-1.290076,1.04294,2.609548,56,98,42,56,0,71.942,5,normal
1780600450.4579175,0.6397786000015913,805,0.047119,-0.041504,1.060547,2.160305,2.671756,-0.755725,1.062404,3.517999,58,102,44,58,0,72.202,5,normal
1780600450.48986,0.671721200007596,836,0.053223,-0.029053,1.051758,3.358779,2.78626,-0.167939,1.053504,4.367246,61,106,45,61,0,72.202,5,normal
1780600450.5205178,0.7023790999955963,868,0.051758,0.010498,1.04834,-0.374046,3.29771,-1.015267,1.049669,3.470673,62,108,46,62,0,72.202,5,normal
1780600450.5528123,0.734673400002066,899,0.036133,-0.093994,1.04834,2.572519,2.908397,-0.709924,1.053165,3.947229,63,111,48,63,1,72.202,18,normal
1780600450.581483,0.7633440000063274,930,0.043213,0.000244,1.048828,1.328244,2.40458,0.045802,1.049718,2.747424,65,114,49,65,0,72.202,5,normal
1780600450.6142068,0.7960678999952506,960,0.023682,-0.033203,1.053955,-0.183206,2.038168,-1.114504,1.054744,2.330196,67,118,51,67,0,72.202,5,normal
1780600450.6438797,0.8257408000063151,991,0.037354,-0.005615,1.069336,3.870229,2.969466,0.083969,1.070003,4.878878,71,123,52,71,1,72.202,17,normal
1780600450.6755311,0.8573922000068706,1022,0.033691,0.05249,1.048828,-0.435114,2.519084,-0.885496,1.050681,2.705404,75,128,53,75,0,72.202,5,normal
1780600450.707585,0.8894463000033284,1053,0.031006,-0.036865,1.062256,0.59542,2.175573,-1.51145,1.063347,2.715165,76,130,54,76,0,72.202,5,normal
1780600450.7376993,0.9195604999986244,1084,0.048096,-0.048828,1.05127,3.48855,2.961832,-0.083969,1.053501,4.57706,80,136,56,80,0,78.853,5,normal
1780600450.768973,0.9508343000052264,1115,0.02832,-0.01416,1.052734,-0.221374,2.541985,-0.992366,1.05321,2.737788,81,138,57,81,0,78.853,5,normal
1780600450.8000157,0.9818767999968259,1146,0.049072,-0.066895,1.06665,2.259542,2.549618,0.183206,1.069872,3.411693,82,143,61,82,1,78.853,18,normal
1780600450.8323355,1.0141967000090517,1179,0.02832,-0.009766,1.054932,2.229008,2.396947,-0.450382,1.055357,3.304039,92,154,62,92,0,78.853,1,normal
1780600450.8627214,1.0445827000075951,1210,0.005371,-0.052979,1.05835,-0.10687,2.534351,-1.183206,1.059688,2.798988,93,156,63,93,0,78.853,5,normal
1780600450.892599,1.074460200004978,1241,0.043701,-0.004395,1.044189,3.70229,3.740458,0.312977,1.045113,5.272185,95,159,64,95,1,78.853,17,normal
1780600450.9248238,1.106684900005348,1271,0.029297,0.01001,1.039062,-0.007634,2.259542,-0.832061,1.039524,2.407886,97,162,65,97,0,78.853,5,normal
1780600450.9548767,1.1367379000002984,1302,0.023438,-0.037842,1.069824,1.412214,2.526718,-1.29771,1.07075,3.172176,101,168,67,101,0,78.853,0,normal
1780600450.986342,1.1682031999953324,1333,0.042236,-0.043945,1.047363,3.076336,3.503817,-0.389313,1.049135,4.678904,104,172,68,104,0,78.853,5,normal
1780600451.01673,1.1985911999945529,1364,0.018555,-0.013428,1.040039,-0.251908,2.419847,-1.038168,1.040291,2.645168,105,174,69,105,0,89.286,4,normal
1780600451.0482109,1.2300721000065096,1395,0.044922,-0.068115,1.051758,2.412214,2.549618,-0.160305,1.054918,3.513549,106,177,71,106,1,89.286,18,normal
1780600451.0788076,1.2606687000079546,1426,0.024658,-0.012207,1.057617,2.236641,2.51145,-0.282443,1.057975,3.374866,110,182,72,110,0,89.286,5,normal
1780600451.109579,1.2914403000031598,1457,0.062988,0.001221,1.047852,-0.221374,2.70229,-1.167939,1.049744,2.952196,111,184,73,111,0,89.286,5,normal
1780600451.1409326,1.322793700004695,1487,0.025635,-0.091064,1.052002,2.587786,2.992366,-0.374046,1.056247,3.973765,113,191,78,113,1,89.286,3,normal
1780600451.172111,1.3539720999979181,1518,0.037354,-0.018311,1.051514,1.679389,2.267176,-0.221374,1.052336,2.830096,117,196,79,117,0,89.286,1,normal
1780600451.2034018,1.3852630000037607,1550,0.05542,-0.066162,1.064453,0.40458,2.312977,-1.038168,1.067946,2.567361,118,198,80,118,0,89.286,5,normal
1780600451.234339,1.4162002000084613,1581,0.0625,-0.031006,1.056641,3.78626,4.229008,-0.061069,1.058942,5.676618,121,202,81,121,0,89.286,5,normal
1780600451.2657084,1.447569600000861,1612,0.050293,-0.01001,1.043457,-0.816794,2.343511,-1.10687,1.044716,2.717418,122,204,82,122,0,89.286,5,normal
1780600451.2966352,1.478496299998369,1643,0.048584,-0.041016,1.059082,2.183206,3.21374,-0.114504,1.060989,3.886853,124,210,86,124,0,68.1,0,normal
1780600451.3281436,1.510004800002207,1674,0.026123,-0.017822,1.049316,2.801527,2.541985,-0.465649,1.049793,3.811439,127,214,87,127,0,68.1,5,normal
1780600451.3575346,1.5393959000066388,1705,0.054199,0.003906,1.04834,0.007634,3.229008,-1.198473,1.049747,3.444254,128,216,88,128,0,68.1,5,normal
1780600451.3889713,1.5708324000006542,1735,0.028564,-0.094971,1.041016,2.175573,2.358779,-0.251908,1.045729,3.218759,129,219,90,129,1,68.1,18,normal
1780600451.418415,1.6002762999996776,1766,0.02124,-0.017822,1.057617,1.801527,2.068702,-0.007634,1.057981,2.743189,131,222,91,131,0,68.1,5,normal
1780600451.4504,1.6322613000083948,1797,0.026611,-0.001465,1.052002,-0.244275,2.312977,-1.496183,1.052339,2.765519,132,224,92,132,0,68.1,5,normal
1780600451.4814603,1.663321400003042,1828,0.045166,-0.001709,1.041748,4.198474,3.687023,-0.465649,1.042728,5.606973,134,231,97,134,1,68.1,3,normal
1780600451.5131133,1.6949744000012288,1859,0.049316,0.012939,1.04126,0.351145,2.954198,-0.389313,1.042507,3.000359,137,236,99,137,0,68.1,1,normal
1780600451.5435107,1.725371799999266,1890,0.032715,-0.048096,1.061279,1.534351,2.229008,-1.129771,1.062872,2.93242,138,238,100,138,0,68.1,5,normal
1780600451.5752234,1.7570845000009285,1921,0.056152,-0.049561,1.052978,3.282443,3.854962,-0.343511,1.055639,5.074758,141,242,101,141,0,61.151,5,normal
1780600451.6057296,1.7875907999987248,1953,0.039062,0.020752,1.053711,-0.625954,2.839695,-1.251908,1.054639,3.165906,144,246,102,144,0,61.151,4,normal
1780600451.638128,1.819989199997508,1984,0.023682,-0.093262,1.040527,2.343511,2.458015,-0.274809,1.044967,3.407258,146,251,105,146,1,61.151,3,normal
1780600451.6687412,1.8506023000081768,2015,0.038086,-0.013184,1.054199,1.51145,2.0,-0.068702,1.054969,2.507828,148,254,106,148,0,61.151,5,normal
1780600451.6992645,1.8811258000059752,2046,0.039795,-0.021484,1.049072,-0.458015,2.763359,-1.206107,1.050047,3.049692,150,258,108,150,0,61.151,1,normal
1780600451.7299225,1.9117837000085274,2077,0.030273,0.00293,1.046875,4.10687,3.526718,-0.328244,1.047317,5.42327,152,261,109,152,1,61.151,17,normal
1780600451.7610416,1.9429028000013204,2107,0.034912,0.010254,1.049805,1.08397,2.305344,-0.572519,1.050435,2.61101,154,264,110,154,0,61.151,5,normal
1780600451.7918267,1.9736879999982193,2138,0.041016,-0.051514,1.071533,0.351145,2.564885,-1.183206,1.073554,2.846386,156,268,112,156,0,61.151,1,normal
1780600451.8238325,2.005693600003724,2170,0.062012,-0.050049,1.058106,3.259542,3.725191,-0.045802,1.061102,4.950127,160,274,114,160,0,61.151,5,normal
1780600451.8561532,2.0380145000090124,2201,0.054199,0.012939,1.04126,-0.580153,3.030534,-1.206107,1.04275,3.312916,161,276,115,161,0,71.429,5,normal
1780600451.8876507,2.069511900001089,2233,0.016602,-0.084473,1.045898,2.534351,2.267176,-0.366412,1.049436,3.420128,162,279,117,162,1,71.429,18,normal
1780600451.9190176,2.100878700002795,2265,0.059814,0.020508,1.049805,1.21374,2.618321,-0.305344,1.051707,2.902069,165,284,119,165,0,71.429,1,normal
1780600451.9498267,2.131687900007819,2296,0.061279,-0.069092,1.065674,-0.122137,2.137405,-0.946565,1.069668,2.340812,166,286,120,166,0,71.429,5,normal
1780600451.980442,2.1623032000061357,2327,0.073486,-0.026611,1.057617,4.045802,3.503817,-0.251908,1.060501,5.35805,170,292,122,170,0,71.429,5,normal
1780600452.0104198,2.192280999996001,2358,0.060791,-0.010498,1.036865,-0.48855,2.923664,-1.137405,1.038699,3.17493,172,296,124,172,0,71.429,5,normal
1780600452.0466008,2.228462099999888,2388,0.031982,-0.044678,1.067139,1.152672,2.633588,-1.480916,1.068552,3.233813,174,300,126,174,0,71.429,1,normal
1780600452.071846,2.2537071999977343,2419,0.062744,-0.045166,1.046143,3.251908,3.381679,-0.198473,1.048995,4.695748,177,304,127,177,0,71.429,5,normal
1780600452.1031008,2.28496200000518,2450,0.070068,0.015381,1.047852,-0.480916,2.664122,-1.022901,1.050304,2.893986,178,306,128,178,0,71.429,5,normal
1780600452.133766,2.3156272000051104,2481,0.064209,-0.056885,1.052734,2.312977,2.480916,0.007634,1.056224,3.391882,180,311,131,180,1,67.857,3,normal
1780600452.1647408,2.3466020000050776,2512,0.023438,0.000488,1.059814,1.954198,2.564885,-0.687023,1.060074,3.296897,183,316,133,183,0,67.857,5,normal
1780600452.1960669,2.377927900000941,2543,0.026855,-0.015137,1.050537,-0.381679,2.366412,-1.526718,1.050989,2.84191,184,318,134,184,0,67.857,5,normal
1780600452.226294,2.4081552999996347,2573,0.059082,-0.087402,1.043213,2.832061,2.954198,-0.381679,1.048534,4.110174,185,321,136,185,1,67.857,18,normal
1780600452.2583063,2.440167399996426,2604,0.056396,-0.018311,1.05249,1.480916,2.236641,-0.045802,1.054159,2.682867,187,324,137,187,0,67.857,5,normal
1780600452.289434,2.4712951999972574,2635,0.044922,-0.052246,1.060547,0.419847,2.351145,-1.351145,1.062783,2.744038,188,326,138,188,0,67.857,5,normal
1780600452.321333,2.5031940000044415,2667,0.042969,-0.034912,1.048584,3.351145,2.748092,0.038168,1.050045,4.33401,192,332,140,192,0,67.857,5,normal
1780600452.3512042,2.533065399999032,2698,0.030029,-0.018066,1.029785,-0.59542,2.59542,-0.725191,1.030381,2.759824,194,336,142,194,0,67.857,5,normal
1780600452.383284,2.5651453000027686,2729,0.056885,-0.062744,1.05127,1.992366,2.305344,-0.282443,1.054675,3.06005,196,341,145,196,1,67.857,14,normal
1780600452.4142122,2.5960734999971464,2761,0.027588,-0.006104,1.047607,1.801527,2.465649,-0.312977,1.047988,3.06967,198,344,146,198,0,64.286,5,normal
1780600452.4462385,2.628099599998677,2792,0.021973,-0.03833,1.042236,-0.175573,2.305344,-1.198473,1.043172,2.604184,200,348,148,200,0,64.286,1,normal
1780600452.4749062,2.65676739999617,2823,0.039795,-0.007324,1.049805,4.061068,3.236641,-0.007634,1.050584,5.19309,202,351,149,202,1,64.286,17,normal
1780600452.505405,2.6872661000088556,2853,0.033691,0.009277,1.039795,1.152672,2.19084,-0.061069,1.040382,2.47632,205,356,151,205,0,64.286,5,normal
1780600452.5361125,2.717973599996185,2883,0.032471,-0.036865,1.056152,0.091603,1.908397,-1.045802,1.057294,2.178089,208,360,152,208,0,64.286,6,normal
1780600452.5668783,2.7487396000069566,2914,0.050781,-0.001709,1.04541,4.221374,3.137405,-0.267176,1.046644,5.266374,211,365,154,211,1,64.286,14,normal
1780600452.5981364,2.7799976999958744,2945,0.027344,-0.003662,1.037842,-0.061069,2.320611,-0.648855,1.038208,2.410389,213,368,155,213,0,64.286,5,normal
1780600452.6298316,2.811692800009041,2976,0.039307,-0.026855,1.06958,1.755725,2.251908,-0.770992,1.070639,2.957717,214,370,156,214,0,64.286,5,normal
1780600452.6607969,2.8426580999948783,3008,0.030273,-0.007324,1.049805,2.679389,3.068702,-0.145038,1.050267,4.076408,218,376,158,218,0,64.286,5,normal
1780600452.6926363,2.874497299999348,3039,0.039551,0.014404,1.052978,-0.366412,3.48855,-1.061069,1.053819,3.664711,220,380,160,220,0,79.137,5,normal
1780600452.7248778,2.9067388999974355,3070,0.061523,-0.080322,1.044434,2.931298,2.473282,-0.145038,1.049323,3.838055,221,383,162,221,1,79.137,18,normal
1780600452.7559566,2.9378179000050295,3102,0.035889,0.025879,1.043701,1.374046,2.221374,-0.312977,1.044638,2.630676,223,386,163,223,0,79.137,5,normal
1780600452.787209,2.9690701000072295,3133,0.042236,-0.057861,1.076904,0.687023,2.694656,-1.206107,1.079284,3.031149,225,390,165,225,0,79.137,1,normal
1780600452.8190842,3.000945399995544,3165,0.051025,-0.043945,1.052978,3.328244,3.48855,-0.328244,1.05513,4.832694,228,394,166,228,0,79.137,6,normal
1780600452.85002,3.0318810000026133,3196,0.067627,0.023682,1.056885,-0.412214,2.610687,-1.160305,1.059311,2.886506,230,398,168,230,0,79.137,5,normal
1780600452.8814206,3.063281700000516,3227,0.055176,-0.06543,1.05249,2.206107,2.030534,-0.335878,1.055964,3.017083,231,403,172,231,1,79.137,17,normal
1780600452.912274,3.094135000006645,3258,0.032715,-0.010498,1.063232,1.89313,2.290076,-0.51145,1.063787,3.014958,235,408,173,235,0,79.137,5,normal
1780600452.9421525,3.1240136999986134,3289,0.04834,-0.001709,1.056885,-0.465649,2.305344,-1.473282,1.057991,2.775248,236,410,174,236,0,64.0,4,normal
1780600452.9735084,3.155369600004633,3320,0.052979,-0.036865,1.046387,4.08397,3.21374,-0.099237,1.048375,5.197767,238,415,177,238,1,64.0,14,normal
1780600453.0060484,3.1879096000047866,3351,0.0271,0.025635,1.042236,0.282443,2.381679,-0.51145,1.042904,2.452295,242,420,178,242,0,64.0,5,normal
1780600453.0353467,3.2172079000010854,3382,0.030762,-0.040771,1.063232,1.183206,2.282443,-1.549618,1.064458,3.001806,245,424,179,245,0,64.0,5,normal
1780600453.0668173,3.248678400006611,3413,0.04541,-0.042725,1.053467,3.694656,3.625954,-0.198473,1.05531,5.180485,248,428,180,248,0,64.0,5,normal
1780600453.0953891,3.277250200000708,3444,0.03125,-0.009277,1.031006,-0.885496,3.091603,-0.320611,1.031521,3.231858,249,430,181,249,0,64.0,5,normal
1780600453.126569,3.308430100005353,3474,0.030762,-0.034424,1.063721,1.839695,2.80916,-0.259542,1.064722,3.36797,250,432,182,250,0,64.0,5,normal
1780600453.158433,3.3402941999956965,3505,0.053711,-0.050049,1.058838,3.129771,2.854962,-0.534351,1.06138,4.269872,253,436,183,253,0,64.0,5,normal
1780600453.1886194,3.3704805000015767,3536,0.043213,0.000977,1.050049,-0.641221,2.717557,-0.916031,1.050938,2.938604,255,440,185,255,0,64.0,5,normal
1780600453.2211576,3.4030188000033377,3567,0.02124,-0.079102,1.058106,2.541985,2.549618,-0.450382,1.061271,3.628372,256,445,189,256,1,71.942,18,normal
1780600453.2530901,3.4349513000051957,3599,0.035889,0.025391,1.036377,1.564886,2.358779,-0.564886,1.037309,2.886486,260,450,190,260,0,71.942,5,normal
1780600453.2854774,3.467338500006008,3631,0.02832,-0.037842,1.056885,1.129771,3.038168,-1.015267,1.057941,3.396706,261,452,191,261,0,71.942,5,normal
1780600453.3155532,3.497414299999946,3662,0.042969,-0.040039,1.053223,3.480916,3.938931,0.053435,1.054859,5.256882,265,458,193,265,0,71.942,5,normal
1780600453.3469038,3.5287649999954738,3693,0.029053,-0.005127,1.038574,-0.290076,2.435115,-1.045802,1.038993,2.666014,266,460,194,266,0,71.942,5,normal
1780600453.3780632,3.559924300003331,3724,0.042969,-0.036621,1.057373,2.389313,2.725191,-0.083969,1.058879,3.625263,268,466,198,268,1,71.942,0,normal
1780600453.4092383,3.5910994000005303,3755,0.028809,-0.016357,1.049072,2.152672,2.717557,-0.335878,1.049595,3.483092,272,472,200,272,0,71.942,0,normal
1780600453.4402566,3.622117699997034,3787,0.023438,-0.03833,1.042236,0.068702,2.007634,-0.977099,1.043204,2.233839,273,474,201,273,0,71.942,5,normal
1780600453.4731154,3.6549765999952797,3819,0.063965,-0.0354,1.05249,4.0229,4.038168,-0.320611,1.055026,5.709056,275,477,202,275,0,75.397,17,normal
1780600453.5031247,3.6849859000067227,3851,0.026611,0.001465,1.042725,-0.412214,2.587786,-1.160305,1.043065,2.86581,277,480,203,277,0,75.397,5,normal
1780600453.5350008,3.7168619000003673,3881,0.051514,-0.045654,1.057861,2.175573,2.687023,-0.648855,1.060098,3.517701,279,486,207,279,0,75.397,0,normal
1780600453.5659118,3.7477729999955045,3912,0.062256,-0.040527,1.055664,3.091603,2.755725,-0.19084,1.058274,4.145896,282,490,208,282,0,75.397,5,normal
1780600453.5954962,3.777357300001313,3943,0.08374,0.016846,1.052246,-0.458015,2.641221,-0.969466,1.055707,2.85056,283,492,209,283,0,75.397,5,normal
1780600453.6268694,3.808730500008096,3973,0.053467,-0.062012,1.050049,2.045802,2.717557,-0.358779,1.053236,3.420401,284,495,211,284,1,75.397,17,normal
1780600453.6571004,3.838961700006621,4005,0.03125,-0.009033,1.055908,1.328244,2.122137,-0.328244,1.056409,2.524964,288,500,212,288,0,75.397,5,normal
1780600453.6882691,3.8701302999979816,4035,0.052002,0.000732,1.056885,-0.381679,2.603053,-1.557252,1.058164,3.057221,289,502,213,289,0,75.397,5,normal
1780600453.7198944,3.9017556000035256,4066,0.052734,-0.038574,1.053223,3.992366,2.694656,-0.282443,1.055247,4.824928,291,509,218,291,1,75.397,3,normal
1780600453.7500727,3.9319339000066975,4097,0.0354,0.03125,1.049805,1.335878,2.351145,-0.641221,1.050866,2.77914,294,514,220,294,0,68.345,0,normal
1780600453.7807302,3.962591400006204,4128,0.044434,-0.054688,1.067871,0.832061,2.59542,-1.534351,1.070193,3.127741,295,516,221,295,0,68.345,5,normal
1780600453.8123574,3.9942185999971116,4159,0.043701,-0.037109,1.054199,3.48855,4.282442,-0.366412,1.055757,5.535662,298,520,222,298,0,68.345,5,normal
1780600453.844934,4.026795099998708,4191,0.071045,0.031982,1.061523,-0.274809,2.51145,-1.282443,1.064379,2.833295,301,524,223,301,0,68.345,5,normal
1780600453.8765428,4.058403899995028,4223,0.028809,-0.093018,1.042969,2.435115,2.641221,-0.229008,1.047505,3.599761,303,531,228,303,1,68.345,3,normal
1780600453.9071546,4.089015699995798,4254,0.046631,-0.005859,1.052734,1.358779,2.671756,-0.328244,1.053783,3.015344,305,534,229,305,0,68.345,5,normal
1780600453.9384272,4.120288400008576,4285,0.033691,-0.040771,1.068604,0.091603,2.610687,-1.274809,1.069912,2.906754,306,536,230,306,0,68.345,5,normal
1780600453.9701657,4.152027000003727,4316,0.032959,-0.010742,1.046143,4.221374,3.664122,-0.083969,1.046717,5.590424,308,539,231,308,1,68.345,17,normal
1780600454.0059707,4.187831899995217,4347,0.043945,-0.002197,1.041992,-0.473282,2.80916,-1.175572,1.042921,3.081777,310,542,232,310,0,64.0,5,normal
1780600454.030949,4.212810299999546,4378,0.071777,-0.04248,1.0625,1.961832,3.122137,-0.366412,1.065769,3.705508,312,546,234,312,0,64.0,1,normal
1780600454.0621517,4.244012900002417,4409,0.064209,-0.033203,1.052978,3.526718,3.19084,-0.053435,1.055457,4.756264,316,552,236,316,0,64.0,5,normal
1780600454.0930085,4.2748696000053314,4440,0.086182,0.026123,1.059814,-0.412214,2.717557,-0.977099,1.063634,2.917149,318,556,238,318,0,64.0,0,normal
1780600454.1246758,4.3065369999967515,4471,0.048584,-0.069824,1.049805,2.503817,2.007634,-0.129771,1.053245,3.211936,319,559,240,319,1,64.0,18,normal
1780600454.1554146,4.337275800004136,4502,0.023193,-0.003418,1.051514,1.80916,2.396947,-0.572519,1.051775,3.057154,323,564,241,323,0,64.0,0,normal
1780600454.1857457,4.367606800005888,4533,0.022705,-0.044922,1.038818,-0.129771,2.40458,-1.290076,1.040037,2.731876,324,566,242,324,0,64.0,5,normal
1780600454.2173433,4.39920460000576,4564,0.046875,-0.033691,1.053711,4.244274,3.091603,-0.10687,1.055291,5.25198,326,571,245,326,1,64.0,3,normal
1780600454.2478518,4.429713100005756,4595,0.050781,0.026855,1.050049,0.534351,1.992366,-0.89313,1.051619,2.247829,329,576,247,329,0,64.0,5,normal
1780600454.2788763,4.460737400004291,4626,0.009277,-0.039307,1.056152,1.21374,2.534351,-1.389313,1.056924,3.134692,331,580,249,331,0,75.269,0,normal
1780600454.3099792,4.491840400005458,4657,0.03418,-0.042236,1.05542,3.580153,3.389313,-0.267176,1.056818,4.937238,334,584,250,334,0,75.269,5,normal
1780600454.3410256,4.522886699996889,4688,0.029785,-0.006592,1.038818,-0.496183,3.015267,-0.885496,1.039266,3.181531,335,586,251,335,0,75.269,4,normal
1780600454.3726363,4.554497400007676,4719,0.037598,-0.036377,1.059814,2.251908,2.251908,-0.244275,1.061105,3.194034,337,591,254,337,1,75.269,4,normal
1780600454.4044335,4.586294699998689,4750,0.033203,-0.013428,1.049316,2.396947,2.450382,-0.549618,1.049928,3.471571,340,596,256,340,0,75.269,5,normal
1780600454.4334726,4.615333900001133,4781,0.040527,0.004883,1.056885,-0.122137,2.419847,-1.236641,1.057673,2.720268,341,598,257,341,0,75.269,5,normal
1780600454.4654477,4.647308900006465,4812,0.067139,-0.08374,1.05127,3.328244,2.267176,-0.381679,1.056734,4.045118,342,601,259,342,1,75.269,17,normal
1780600454.4962351,4.6780963000055635,4843,0.040527,0.020508,1.044678,0.938931,2.274809,-0.679389,1.045665,2.553022,345,606,261,345,0,75.269,0,normal
1780600454.5275848,4.7094459000072675,4874,0.045166,-0.065674,1.069336,0.122137,2.137405,-1.450382,1.072302,2.585928,346,608,262,346,0,75.269,5,normal
1780600454.558699,4.740560100006405,4905,0.051025,-0.032715,1.053223,3.946565,3.534351,-0.221374,1.054965,5.302454,350,614,264,350,0,68.1,5,normal
1780600454.5890777,4.770938900008332,4936,0.031006,-0.001221,1.04126,-0.656489,2.664122,-0.78626,1.041722,2.854247,352,618,266,352,0,68.1,5,normal
1780600454.620447,4.802308099999209,4967,0.041748,-0.048584,1.05957,2.282443,3.19084,-0.053435,1.061505,3.923501,354,622,268,354,0,68.1,0,normal
1780600454.6515749,4.83343590000004,4998,0.0271,-0.012207,1.055908,2.587786,2.80916,-0.503817,1.056326,3.852512,357,626,269,357,0,68.1,5,normal
1780600454.6815937,4.8634548999980325,5029,0.047363,0.008545,1.044922,-0.267176,3.389313,-0.877863,1.04603,3.511334,359,630,271,359,0,68.1,0,normal
1780600454.7138011,4.895662299997639,5060,0.063232,-0.084229,1.052002,2.618321,2.572519,-0.160305,1.057261,3.67412,361,635,274,361,1,68.1,3,normal
1780600454.7441614,4.926022500003455,5091,0.052979,-0.016113,1.049316,1.541985,2.458015,-0.122137,1.050776,2.904216,364,640,276,364,0,68.1,5,normal
1780600454.776187,4.95804820000194,5122,0.051025,-0.062988,1.057617,0.503817,2.473282,-1.328244,1.060719,2.852226,365,642,277,365,0,68.1,5,normal
1780600454.807892,4.989753200003179,5154,0.038818,-0.042725,1.054688,3.435115,3.526718,-0.251908,1.056266,4.929626,368,646,278,368,0,68.1,6,normal
1780600454.839886,5.021747000006144,5186,0.063232,0.029785,1.059326,-0.450382,2.870229,-1.038168,1.06163,3.085264,369,648,279,369,0,67.616,5,normal
1780600454.8709595,5.052820800003246,5217,0.037598,-0.08374,1.054199,1.969466,2.641221,0.083969,1.058188,3.295739,370,651,281,370,1,67.616,17,normal
1780600454.8997562,5.081617300005746,5248,0.03125,-0.008057,1.054932,2.061069,2.465649,-0.412214,1.055425,3.239961,373,656,283,373,0,67.616,5,normal
1780600454.9314344,5.113295600007405,5278,0.047607,-0.006836,1.051025,-0.335878,2.687023,-1.587786,1.052125,3.139104,375,660,285,375,0,67.616,5,normal
1780600454.9628444,5.144705500002601,5309,0.068115,-0.074463,1.047119,2.938931,2.862595,-0.419847,1.051971,4.12408,377,665,288,377,1,67.616,14,normal
1780600454.9929898,5.174850900002639,5340,0.053467,-0.013916,1.047363,1.282443,2.412214,0.007634,1.048819,2.73194,379,668,289,379,0,67.616,5,normal
1780600455.0242693,5.206130499995197,5371,0.026611,-0.047852,1.05957,0.274809,2.320611,-1.610687,1.060984,2.838145,381,672,291,381,0,67.616,0,normal
1780600455.0547566,5.236617899994599,5402,0.052734,-0.029053,1.057617,4.183206,3.358779,-0.557252,1.05933,5.39362,383,675,292,383,1,67.616,16,normal
1780600455.0853658,5.267227000003913,5432,0.053223,0.007813,1.04248,-0.137405,2.541985,-0.541985,1.043868,2.602751,386,680,294,386,0,67.616,5,normal
1780600455.1161458,5.298006900004111,5463,0.035645,-0.039551,1.070801,1.870229,3.0,-1.038168,1.072124,3.684502,389,684,295,389,0,72.202,5,normal
1780600455.1470122,5.3288734999950975,5494,0.055908,-0.040039,1.052002,3.152672,3.496183,-0.312977,1.054247,4.718113,393,690,297,393,0,72.202,6,normal
1780600455.1845198,5.366380899999058,5525,0.059082,0.021729,1.040283,-0.664122,3.335878,-1.122137,1.042186,3.581666,394,692,298,394,0,72.202,5,normal
1780600455.2171211,5.398982400001842,5562,0.038574,-0.050293,1.053223,3.389313,3.114504,0.183206,1.055128,4.606641,397,696,299,397,0,72.202,6,normal
1780600455.2617745,5.443635799994809,5593,0.03125,0.001709,1.029297,-0.450382,2.900763,-1.022901,1.029772,3.108632,399,700,301,399,0,72.202,5,normal
1780600455.276356,5.4582171000074595,5623,0.040283,-0.047363,1.050781,2.259542,2.053435,-0.160305,1.052619,3.057421,400,704,304,400,0,72.202,4,normal
1780600455.3079844,5.489845500007505,5654,0.026611,-0.01416,1.052734,2.656489,2.618321,-0.10687,1.053166,3.731482,403,708,305,403,0,72.202,5,normal
1780600455.3378084,5.519669500004966,5685,0.049072,0.005859,1.049072,-0.381679,3.091603,-1.244275,1.050236,3.354386,404,710,306,404,0,72.202,4,normal
1780600455.3694212,5.55128230000264,5716,0.053711,-0.07959,1.052734,2.717557,3.083969,-0.152672,1.057104,4.113306,406,715,309,406,1,67.194,14,normal
1780600455.4010675,5.582928700008779,5748,0.072754,0.016113,1.050537,0.908397,2.282443,-0.587786,1.053177,2.52591,408,718,310,408,0,67.194,5,normal
1780600455.4333725,5.615233600008651,5779,0.060059,-0.066895,1.067871,0.885496,2.412214,-1.59542,1.071648,3.024606,412,724,312,412,0,67.194,0,normal
1780600455.4646018,5.64646289999655,5811,0.048828,-0.021484,1.051758,3.335878,3.229008,-0.198473,1.05311,4.64693,415,728,313,415,0,67.194,6,normal
1780600455.496153,5.678014300006907,5843,0.065186,0.005615,1.050537,-0.183206,2.824427,-1.526718,1.052572,3.21587,418,732,314,418,0,67.194,5,normal
1780600455.5274394,5.709300600006827,5874,0.043701,-0.097656,1.053955,2.572519,2.442748,-0.274809,1.059371,3.558144,419,735,316,419,1,67.194,17,normal
1780600455.5592291,5.741090199997416,5905,0.040771,-0.010986,1.046875,1.412214,1.984733,0.099237,1.047726,2.437901,423,740,317,423,0,67.194,5,normal
1780600455.5900502,5.7719113000057405,5936,0.028076,-0.053223,1.062744,0.19084,2.251908,-1.465649,1.064446,2.693629,426,744,318,426,0,67.194,5,normal
1780600455.621245,5.803106100007426,5968,0.061523,-0.045898,1.050781,3.427481,3.89313,-0.427481,1.053581,5.2045,430,750,320,430,0,95.238,5,normal
1780600455.653174,5.835035199997947,5999,0.041992,-0.013672,1.032715,-0.48855,2.877863,-1.206107,1.033659,3.158396,431,752,321,431,0,95.238,5,normal
1780600455.6847298,5.866590899997391,6031,0.016602,-0.089355,1.048584,1.954198,2.435115,0.236641,1.052515,3.131242,432,755,323,432,1,95.238,18,normal
1780600455.7149405,5.896801700000651,6062,0.009766,-0.000977,1.051514,2.007634,2.419847,-0.335878,1.051559,3.16213,434,758,324,434,0,95.238,5,normal
1780600455.7446792,5.926540400003432,6092,0.070068,-0.007813,1.053467,-0.099237,2.664122,-1.167939,1.055823,2.91058,435,760,325,435,0,95.238,5,normal
1780600455.7752516,5.95711270000902,6122,0.021729,-0.081055,1.054443,2.282443,2.656489,0.015267,1.057777,3.502386,437,767,330,437,1,95.238,3,normal
1780600455.8074393,5.9893005000049016,6154,0.041748,-0.003906,1.072754,1.633588,2.305344,0.053435,1.073573,2.825964,441,772,331,441,0,95.238,1,normal
1780600455.8390853,6.020946600008756,6185,0.026367,-0.032227,1.07251,0.290076,2.099237,-1.259542,1.073318,2.465235,442,774,332,442,0,95.238,5,normal
1780600455.872181,6.054042100004153,6217,0.046387,-0.034668,1.047852,3.343511,3.709924,-0.381679,1.04945,5.00882,445,778,333,445,0,95.238,6,normal
1780600455.901931,6.08379230000719,6249,0.072754,-0.001709,1.04248,-0.366412,2.503817,-0.977099,1.045018,2.712578,448,782,334,448,0,64.057,5,normal
1780600455.9340215,6.115882600002806,6280,0.016846,-0.08252,1.051514,2.160305,2.167939,-0.068702,1.054881,3.061307,450,787,337,450,1,64.057,3,normal
1780600455.9654844,6.147345599994878,6312,0.044922,-0.018555,1.058106,1.679389,2.435115,0.129771,1.059221,2.960908,452,790,338,452,0,64.057,5,normal
1780600455.997627,6.179488299996592,6344,0.040283,-0.051758,1.062012,0.40458,2.175573,-1.145038,1.064035,2.491568,454,794,340,454,0,64.057,0,normal
1780600456.0285022,6.210363400008646,6375,0.034424,-0.04126,1.04834,3.870229,3.076336,-0.480916,1.049716,4.967272,457,798,341,457,0,64.057,5,normal
1780600456.0594745,6.241335600003367,6406,0.023926,-0.010742,1.026611,-0.534351,2.099237,-1.068702,1.026946,2.415461,458,800,342,458,0,64.057,5,normal
1780600456.108789,6.29065019999689,6437,0.030273,-0.040527,1.049072,2.083969,2.748092,-0.40458,1.050291,3.472552,460,804,344,460,0,64.057,0,normal
1780600456.1206648,6.302525899998727,6468,0.043457,-0.026611,1.050537,2.877863,3.152672,-0.068702,1.051772,4.26921,464,810,346,464,0,64.057,5,normal
1780600456.1517425,6.333603699997184,6499,0.04834,0.01001,1.056885,-0.259542,3.091603,-1.015267,1.058037,3.264374,465,812,347,465,0,68.0,5,normal
1780600456.1833494,6.36521060000814,6530,0.028809,-0.090088,1.045654,2.587786,2.587786,-0.175573,1.049923,3.663892,466,815,349,466,1,68.0,17,normal
1780600456.2140164,6.395877500006463,6561,0.027344,0.001221,1.058106,1.21374,2.160305,-0.244275,1.058459,2.489931,470,820,350,470,0,68.0,0,normal
1780600456.245558,6.427419100000407,6592,0.016602,-0.024902,1.056641,0.129771,2.534351,-1.564886,1.057064,2.981383,471,822,351,471,0,68.0,4,normal
1780600456.276132,6.4579932000051485,6623,0.046875,-0.019043,1.044189,4.175572,2.725191,-0.282443,1.045414,4.994181,474,827,353,474,1,68.0,3,normal
1780600456.3062997,6.488160799999605,6654,0.054688,0.007813,1.038818,-0.114504,2.358779,-0.847328,1.040286,2.508967,477,832,355,477,0,68.0,5,normal
1780600456.336811,6.518672300007893,6684,0.022949,-0.058594,1.068115,0.816794,2.519084,-1.21374,1.069967,2.913092,479,836,357,479,0,68.0,1,normal
1780600456.3690646,6.5509257999947295,6715,0.022705,-0.022705,1.038086,3.870229,3.152672,-0.229008,1.038582,4.997045,482,840,358,482,0,68.0,5,normal
1780600456.3994675,6.5813287000055425,6746,0.039307,-0.013916,1.033203,-0.610687,2.450382,-1.137405,1.034044,2.769657,483,842,359,483,0,68.0,5,normal
1780600456.43017,6.612031299999217,6777,0.05249,-0.044434,1.056641,2.496183,2.89313,-0.007634,1.058876,3.82115,485,846,361,485,0,71.942,0,normal
1780600456.4598744,6.641735600001994,6807,0.052246,-0.040039,1.0625,3.099237,3.549618,-0.083969,1.064537,4.712972,489,852,363,489,0,71.942,5,normal
1780600456.4911327,6.672993800006225,6838,0.044434,0.011719,1.04834,-0.587786,2.793893,-0.725191,1.049347,2.945714,490,854,364,490,0,71.942,5,normal
1780600456.5221367,6.7039977999957046,6869,0.025391,-0.086914,1.05835,2.465649,2.183206,-0.412214,1.062216,3.318996,491,857,366,491,1,71.942,18,normal
1780600456.5539327,6.7357939000066835,6901,0.043701,-0.016846,1.056641,1.40458,2.236641,-0.099237,1.057678,2.642964,495,862,367,495,0,71.942,0,normal
1780600456.585765,6.767626100001507,6932,0.032227,-0.072754,1.069336,0.343511,2.229008,-1.274809,1.072292,2.590678,496,864,368,496,0,71.942,5,normal
1780600456.6172998,6.799161000002641,6964,0.070312,-0.050537,1.056396,3.618321,3.099237,-0.526718,1.059939,4.793218,500,870,370,500,0,71.942,5,normal
1780600456.6489565,6.830817699999898,6995,0.05127,-0.018799,1.037598,-0.564886,2.557252,-0.923664,1.039034,2.777011,502,874,372,502,0,71.942,5,normal
1780600456.6789017,6.860762900003465,7026,0.066406,-0.033691,1.0625,2.656489,2.526718,-0.381679,1.065106,3.686043,504,878,374,504,0,71.942,0,normal
1780600456.7101626,6.89202369999839,7057,0.02002,-0.009521,1.048584,2.274809,3.267176,-0.183206,1.048818,3.985318,507,882,375,507,0,78.571,5,normal
1780600456.7410088,6.922869999994873,7088,0.049805,-0.003906,1.055908,-0.038168,3.343511,-1.412214,1.057089,3.629721,509,886,377,509,0,78.571,1,normal
1780600456.7723105,6.954171599994879,7119,0.064941,-0.07959,1.055664,2.740458,3.259542,0.068702,1.06065,4.259043,511,891,380,511,1,78.571,4,normal
1780600456.803376,6.985237200002302,7150,0.043457,-0.013672,1.061768,1.458015,2.160305,-0.21374,1.062744,2.615036,514,896,382,514,0,78.571,5,normal
1780600456.8345358,7.016396999999415,7181,0.023682,-0.05957,1.074707,0.435114,2.068702,-1.267176,1.076617,2.464668,515,898,383,515,0,78.571,5,normal
1780600456.8673172,7.049178300003405,7213,0.054199,-0.047607,1.052246,3.305344,4.045802,-0.496183,1.054716,5.247858,518,902,384,518,0,78.571,5,normal
1780600456.8971121,7.078973399999086,7244,0.038574,-0.009766,1.036377,-0.305344,2.412214,-0.977099,1.03714,2.620445,519,904,385,519,0,78.571,5,normal
1780600456.9290268,7.11088789999485,7275,0.033691,-0.066895,1.053223,2.244275,1.633588,-0.290076,1.055883,2.790972,520,907,387,520,1,78.571,18,normal
1780600456.9594758,7.141337000008207,7307,0.019043,-0.008057,1.059814,2.007634,2.374046,-0.198473,1.060016,3.115458,523,912,389,523,0,64.0,5,normal
1780600456.9906845,7.1725456999993185,7337,0.051758,0.009277,1.057861,-0.541985,2.870229,-1.419847,1.059167,3.247758,525,916,391,525,0,64.0,5,normal
1780600457.0216954,7.2035565999976825,7368,0.064453,-0.086182,1.05249,3.412214,2.885496,-0.312977,1.057978,4.479648,527,921,394,527,1,64.0,14,normal
1780600457.0537632,7.235624299995834,7399,0.050293,-0.013184,1.057129,1.099237,2.458015,0.022901,1.058407,2.69271,529,924,395,529,0,64.0,5,normal
1780600457.084234,7.266095099999802,7430,0.033447,-0.054443,1.073242,0.183206,2.48855,-1.51145,1.075143,2.917349,531,928,397,531,0,64.0,0,normal
1780600457.1408305,7.322691699999268,7461,0.0354,-0.018066,1.040772,3.954198,3.59542,-0.473282,1.04153,5.365326,534,932,398,534,0,64.0,5,normal
1780600457.143432,7.325293000001693,7491,0.072021,0.005859,1.042969,0.038168,2.29771,-0.977099,1.045469,2.497128,536,936,400,536,0,64.0,5,normal
1780600457.174547,7.356408100007684,7521,0.041992,-0.060547,1.074463,1.038168,2.0,-1.496183,1.076986,2.704876,539,940,401,539,0,64.0,5,normal
1780600457.2056582,7.38751929999853,7552,0.049805,-0.038574,1.054443,3.877863,3.251908,-0.137405,1.056323,5.062766,543,946,403,543,0,64.0,5,normal
1780600457.2374346,7.419295900006546,7583,0.043213,0.004639,1.043701,-0.40458,2.442748,-1.328244,1.044606,2.809793,544,948,404,544,0,76.087,5,normal
1780600457.268225,7.4500859999971,7614,0.057373,-0.03833,1.061035,2.389313,2.549618,-0.351145,1.063276,3.51179,545,950,405,545,0,76.087,5,normal
1780600457.298161,7.480022100004135,7645,0.037598,-0.014893,1.051514,2.732824,2.969466,-0.610687,1.052291,4.081543,549,956,407,549,0,76.087,5,normal
1780600457.3302705,7.51213160000043,7676,0.065918,0.012939,1.059814,-0.236641,2.21374,-1.068702,1.061941,2.469569,551,960,409,551,0,76.087,5,normal
1780600457.3593621,7.541223399995943,7707,0.03833,-0.099365,1.047852,2.603053,2.59542,-0.450382,1.05325,3.703368,552,963,411,552,1,76.087,18,normal
1780600457.3911874,7.573048699996434,7737,0.038818,-0.010498,1.061768,1.900763,2.709924,-0.351145,1.062529,3.328647,554,966,412,554,0,76.087,5,normal
1780600457.4215686,7.603429800001322,7768,0.040771,-0.034424,1.048584,-0.381679,2.274809,-1.10687,1.049941,2.558436,556,970,414,556,0,76.087,1,normal
1780600457.4519587,7.63381980000122,7799,0.07373,-0.038086,1.04248,3.694656,3.70229,-0.351145,1.045778,5.242208,557,973,416,557,1,76.087,17,normal
1780600457.4839525,7.665813600004185,7830,0.057861,0.011719,1.051758,0.282443,2.549618,-0.770992,1.053413,2.678574,560,978,418,560,0,76.087,5,normal
1780600457.5139902,7.69585139999981,7861,0.03125,-0.050781,1.063232,1.122137,2.183206,-1.450382,1.064903,2.851173,563,982,419,563,0,68.345,5,normal
1780600457.546285,7.728146000008564,7892,0.043213,-0.037354,1.054688,3.21374,3.80916,-0.374046,1.056233,4.997774,567,988,421,567,0,68.345,5,normal
1780600457.5784864,7.760347700008424,7924,0.050293,0.010986,1.049561,-0.412214,3.427481,-1.045802,1.050822,3.60711,568,990,422,568,0,68.345,5,normal
1780600457.6088789,7.790739999996731,7955,0.038574,-0.094727,1.040039,2.259542,2.068702,-0.21374,1.045056,3.070952,569,993,424,569,1,68.345,18,normal
1780600457.6390061,7.820867200003704,7986,0.042725,-0.008545,1.058594,1.938931,2.687023,-0.541985,1.05949,3.357573,572,998,426,572,0,68.345,5,normal
1780600457.6719377,7.853798900003312,8017,0.050537,-0.028076,1.058594,-0.152672,2.206107,-1.129771,1.060171,2.483264,574,1002,428,574,0,68.345,5,normal
1780600457.701158,7.883019200002309,8048,0.07373,-0.06543,1.043457,4.19084,2.541985,-0.290076,1.048103,4.910088,575,1005,430,575,1,68.345,17,normal
1780600457.7320457,7.91390680000768,8079,0.049805,0.009277,1.041992,0.083969,2.450382,-0.572519,1.043223,2.517777,577,1008,431,577,0,68.345,5,normal
1780600457.7638118,7.945672900008503,8110,0.051514,-0.057617,1.074951,1.015267,2.122137,-1.419847,1.077726,2.747763,579,1012,433,579,0,68.345,0,normal
1780600457.7952297,7.97709090000717,8141,0.054688,-0.036133,1.061279,3.534351,4.076336,-0.007634,1.063301,5.395202,582,1016,434,582,0,67.857,5,normal
1780600457.8255973,8.007458499996574,8172,0.028564,-0.009766,1.041992,-0.198473,2.641221,-1.137405,1.042429,2.882556,584,1020,436,584,0,67.857,5,normal
1780600457.8574533,8.039314599998761,8203,0.049805,-0.035645,1.058838,2.274809,2.351145,-0.21374,1.060608,3.278464,585,1025,440,585,1,67.857,18,normal
1780600457.8881607,8.07002189999912,8235,0.028564,-0.006592,1.05835,1.984733,2.671756,-0.267176,1.058756,3.338986,589,1030,441,589,0,67.857,5,normal
1780600457.9187024,8.100563500003773,8266,0.032227,0.005859,1.049072,0.167939,2.839695,-1.129771,1.049583,3.060793,590,1032,442,590,0,67.857,5,normal
1780600457.9503314,8.132192500008387,8297,0.067383,-0.033936,1.04834,3.557252,3.267176,-0.351145,1.051051,4.842704,591,1035,444,591,1,67.857,18,normal
1780600457.9816535,8.163514500003657,8328,0.055908,0.009033,1.051758,1.137405,2.89313,-0.40458,1.053281,3.134896,594,1040,446,594,0,67.857,5,normal
1780600458.0117056,8.19356680000783,8359,0.03418,-0.050537,1.066406,0.671756,2.70229,-0.832061,1.06815,2.906192,597,1044,447,597,0,67.857,5,normal
1780600458.042286,8.224147200002335,8389,0.035889,-0.022461,1.052246,3.19084,3.89313,-0.381679,1.053098,5.048128,599,1049,450,599,1,67.857,14,normal
1780600458.0733438,8.25520480000705,8420,0.036133,0.0,1.040283,0.320611,2.435115,-0.572519,1.04091,2.521974,601,1052,451,601,0,68.1,5,normal
1780600458.108458,8.290319299994735,8450,0.053711,-0.051514,1.073242,0.679389,2.564885,-1.244275,1.075819,2.930602,603,1056,453,603,0,68.1,0,normal
1780600458.135541,8.317402100001345,8481,0.057129,-0.021973,1.049561,3.465649,2.847328,-0.687023,1.051344,4.53762,607,1062,455,607,0,68.1,5,normal
1780600458.1647139,8.346575000003213,8512,0.057617,-0.003662,1.044922,-0.236641,3.091603,-1.007634,1.046516,3.260266,609,1066,457,609,0,68.1,5,normal
1780600458.1968863,8.378747499999008,8543,0.022949,-0.044434,1.056885,1.687023,2.580153,-0.671756,1.058067,3.155074,610,1068,458,610,0,68.1,5,normal
1780600458.2278452,8.40970630000811,8574,0.060791,-0.039307,1.054199,3.129771,3.099237,-0.396947,1.056682,4.422477,613,1072,459,613,0,68.1,5,normal
1780600458.2588685,8.440729599999031,8605,0.070557,0.008545,1.04541,-0.053435,2.832061,-1.343511,1.047823,3.135036,615,1076,461,615,0,68.1,0,normal
1780600458.2899256,8.471786699999939,8636,0.027588,-0.070557,1.04541,2.198473,2.778626,0.152672,1.048152,3.546457,616,1079,463,616,1,68.1,17,normal
1780600458.321817,8.503678100008983,8667,0.024414,-0.011963,1.05249,2.045802,2.160305,-0.389313,1.052841,3.000631,619,1084,465,619,0,68.1,5,normal
1780600458.352735,8.534596099998453,8698,0.051514,-0.009521,1.050781,0.152672,2.748092,-1.160305,1.052086,2.986909,620,1086,466,620,0,68.345,5,normal
1780600458.3826792,8.564540399995167,8729,0.057861,-0.067383,1.039795,2.740458,2.870229,-0.732824,1.043581,4.035512,621,1089,468,621,1,68.345,17,normal
1780600458.4141812,8.596042400007718,8760,0.037354,-0.000732,1.045898,0.969466,2.572519,-0.045802,1.046566,2.749512,623,1092,469,623,0,68.345,5,normal
1780600458.4450598,8.626921000002767,8791,0.033691,-0.039307,1.068848,0.641221,2.557252,-0.793893,1.070101,2.753356,624,1094,470,624,0,68.345,5,normal
1780600458.4750254,8.656886600001599,8822,0.049561,-0.002197,1.056885,3.427481,3.70229,-0.343511,1.058048,5.056934,627,1099,472,627,1,68.345,3,normal
1780600458.5052767,8.687137900007656,8852,0.064453,-0.004395,1.044678,0.320611,2.587786,-0.343511,1.046673,2.6301,630,1104,474,630,0,68.345,5,normal
1780600458.5376217,8.719482900007279,8883,0.064941,-0.055908,1.067139,0.900763,2.748092,-1.320611,1.070574,3.179213,632,1108,476,632,0,68.345,1,normal
1780600458.5671606,8.749021700001322,8914,0.054688,-0.026855,1.05542,3.29771,3.10687,-0.717557,1.057177,4.587202,635,1112,477,635,0,68.345,5,normal
1780600458.597558,8.77941920000012,8945,0.04541,-0.007568,1.047852,-0.099237,2.496183,-1.0,1.048862,2.69087,636,1114,478,636,0,68.345,5,normal
1780600458.6301596,8.812020800003665,8975,0.023438,-0.040527,1.057861,1.687023,2.793893,-0.435114,1.058897,3.292599,638,1118,480,638,0,64.982,1,normal
1780600458.6614776,8.84333869999682,9007,0.058105,-0.026611,1.060791,2.824427,3.038168,-0.312977,1.062714,4.160025,642,1124,482,642,0,64.982,5,normal
1780600458.6929557,8.874816800002009,9038,0.085693,0.01123,1.046143,0.091603,2.51145,-1.366412,1.049706,2.860569,644,1128,484,644,0,64.982,1,normal
1780600458.7226365,8.90449770000123,9069,0.026611,-0.07959,1.035644,2.221374,2.70229,-0.114504,1.039039,3.499998,645,1131,486,645,1,64.982,18,normal
1780600458.75444,8.936301299996558,9100,0.049316,-0.020508,1.051758,1.923664,1.793893,-0.389313,1.053113,2.658966,647,1134,487,647,0,64.982,5,normal
1780600458.785777,8.967638200003421,9131,0.056885,-0.039795,1.059082,0.763359,1.931298,-1.152672,1.061355,2.375138,648,1136,488,648,0,64.982,5,normal
1780600458.817392,8.999253300004057,9163,0.043457,-0.000488,1.046387,3.603053,3.900763,-0.312977,1.047289,5.31939,651,1143,492,651,1,64.982,4,normal
1780600458.8472538,9.029114999997546,9194,0.031494,-0.005615,1.043213,0.534351,2.206107,-0.618321,1.043703,2.352607,653,1146,493,653,0,64.982,6,normal
1780600458.8794343,9.06129559999681,9225,0.033691,-0.036621,1.062256,1.450382,2.847328,-1.366412,1.063421,3.475337,654,1148,494,654,0,64.0,5,normal
1780600458.9094017,9.091262800007826,9256,0.047363,-0.034912,1.053955,2.770992,3.687023,-0.564886,1.055596,4.64668,657,1152,495,657,0,64.0,5,normal
1780600458.9405406,9.122401600005105,9287,0.02124,-0.012451,1.045166,0.068702,2.748092,-1.122137,1.045456,2.969162,660,1156,496,660,0,64.0,6,normal
1780600458.9711697,9.153030900008162,9318,0.039795,-0.038818,1.059326,2.40458,2.167939,-0.061069,1.060784,3.238162,662,1161,499,662,1,64.0,3,normal
1780600459.0033302,9.185191399999894,9349,0.029785,-0.012939,1.052734,2.534351,2.572519,-0.473282,1.053235,3.642085,664,1164,500,664,0,64.0,5,normal
1780600459.0338545,9.215715600003023,9380,0.049072,0.00708,1.059082,0.259542,2.671756,-0.954198,1.060242,2.848883,665,1166,501,665,0,64.0,5,normal
1780600459.065287,9.247148199996445,9410,0.026367,-0.069092,1.037842,2.282443,2.648855,0.10687,1.040473,3.4982,666,1169,503,666,1,64.0,18,normal
1780600459.0958614,9.277722600003472,9442,0.023682,-0.014404,1.04541,1.381679,2.419847,-0.305344,1.045778,2.8032,670,1174,504,670,0,64.0,5,normal
1780600459.1272995,9.30916079999588,9473,0.020508,-0.044434,1.05542,0.725191,1.992366,-0.992366,1.056554,2.340986,671,1176,505,671,0,64.0,5,normal
1780600459.1717024,9.353563600001507,9504,0.033691,-0.013428,1.050049,3.603053,3.480916,-0.030534,1.050675,5.00996,676,1183,507,676,1,78.853,3,normal
1780600459.1878605,9.369721600000048,9534,0.051758,0.017822,1.043457,1.10687,2.534351,-0.114504,1.044892,2.767889,679,1188,509,679,0,78.853,0,normal
1780600459.219338,9.401199200001429,9565,0.047852,-0.052246,1.069824,0.534351,2.549618,-1.335878,1.072168,2.927568,680,1190,510,680,0,78.853,5,normal
1780600459.2501485,9.432009600001038,9596,0.05957,-0.020996,1.050049,3.503817,4.007634,-0.091603,1.051947,5.32412,682,1193,511,682,0,78.853,16,normal
1780600459.2816298,9.463490900001489,9627,0.018555,-0.000244,1.047607,-0.40458,2.770992,-1.129771,1.047772,3.01968,684,1196,512,684,0,78.853,5,normal
1780600459.31192,9.49378119999892,9658,0.037598,-0.035156,1.073242,2.022901,2.549618,-0.671756,1.074476,3.323242,687,1202,515,687,0,78.853,0,normal
1780600459.3426116,9.524472699995385,9689,0.020264,-0.009766,1.05249,2.801527,3.305344,-0.366412,1.052731,4.348345,690,1206,516,690,0,78.853,5,normal
1780600459.3743815,9.55624259999604,9720,0.049316,0.020264,1.041016,0.358779,2.748092,-1.053435,1.04238,2.96487,693,1210,517,693,0,78.853,5,normal
1780600459.4066005,9.588461599996663,9752,0.037598,-0.067139,1.045898,1.908397,3.015267,-0.381679,1.048725,3.588801,694,1213,519,694,1,78.853,17,normal
1780600459.4372344,9.619095500005642,9784,0.05957,-0.007324,1.049561,1.053435,2.267176,-0.389313,1.051275,2.530094,696,1216,520,696,0,71.429,5,normal
1780600459.469756,9.651617099996656,9815,0.023682,-0.050293,1.056641,0.473282,2.251908,-1.267176,1.058102,2.626942,699,1221,522,699,0,71.429,14,normal
1780600459.5014622,9.683323500008555,9847,0.054932,-0.039795,1.054688,3.358779,2.916031,-0.045802,1.056866,4.448228,703,1226,523,703,0,71.429,5,normal
1780600459.534049,9.715910099999746,9879,0.057373,0.011475,1.055664,0.061069,2.78626,-1.244275,1.057284,3.05208,706,1230,524,706,0,71.429,5,normal
1780600459.56461,9.746471100006602,9910,0.052246,-0.049561,1.051025,1.854962,2.954198,-0.19084,1.05349,3.493507,707,1233,526,707,1,71.429,18,normal
1780600459.5965135,9.778374600005918,9942,0.042725,-0.013916,1.066894,1.648855,2.267176,-0.603053,1.06784,2.867487,711,1238,527,711,0,71.429,5,normal
1780600459.6266696,9.808530900001642,9973,0.024414,-0.034668,1.061279,0.496183,2.610687,-1.19084,1.062126,2.912041,714,1242,528,714,0,71.429,5,normal
1780600459.6578648,9.83972590000485,10004,0.057129,-0.021484,1.039795,3.40458,2.969466,-0.229008,1.041585,4.523422,717,1247,530,717,1,71.429,17,normal
1780600459.6888237,9.870684900000924,10035,0.05249,0.009277,1.047852,0.335878,2.519084,-0.59542,1.049206,2.610196,719,1250,531,719,0,91.633,5,normal
1780600459.7211711,9.903032200003508,10066,0.034424,-0.037842,1.06543,0.992366,2.725191,-1.160305,1.066657,3.123742,720,1252,532,720,0,91.633,5,normal
1780600459.7518246,9.933685800002422,10097,0.047852,-0.033691,1.053223,3.526718,3.312977,-0.717557,1.054847,4.89167,724,1258,534,724,0,91.633,5,normal
1780600459.782862,9.964723099998082,10128,0.033203,-0.017334,1.033203,-0.267176,2.610687,-1.068702,1.033882,2.833583,725,1260,535,725,0,91.633,5,normal
1780600459.8137066,9.995567699996172,10159,0.025635,-0.038574,1.04541,2.167939,2.870229,-0.137405,1.046436,3.599591,726,1264,538,726,0,91.633,4,normal
1780600459.8443651,10.026226400004816,10190,0.013916,-0.008301,1.053467,3.076336,2.358779,-0.839695,1.053591,3.966455,729,1268,539,729,0,91.633,5,normal
1780600459.8758817,10.05774279999605,10221,0.051514,0.016113,1.054443,0.389313,3.022901,-1.175572,1.055824,3.266721,730,1270,540,730,0,91.633,5,normal
1780600459.9066582,10.088519400000223,10252,0.034668,-0.06543,1.049805,2.40458,2.572519,0.21374,1.052413,3.527824,731,1273,542,731,1,91.633,18,normal
1780600459.9374866,10.119347900006687,10283,0.032715,-0.018311,1.061523,1.748092,2.419847,-0.503817,1.062185,3.027428,733,1276,543,733,0,91.633,5,normal
1780600459.967804,10.149665000004461,10314,0.01416,-0.027344,1.057861,0.351145,2.755725,-1.206107,1.058309,3.028534,735,1280,545,735,0,57.348,5,normal
1780600459.999178,10.181039000002784,10345,0.044678,-0.042236,1.039307,3.679389,3.366412,-0.450382,1.041124,5.007342,738,1285,547,738,1,57.348,18,normal
1780600460.0291908,10.211051999998745,10377,0.027588,0.008789,1.040527,-0.145038,2.519084,-0.732824,1.04093,2.627518,742,1290,548,742,0,57.348,5,normal
1780600460.0619116,10.243772800007719,10407,0.044678,-0.047607,1.061279,0.961832,2.259542,-1.167939,1.063286,2.719326,743,1292,549,743,0,57.348,5,normal
1780600460.0927494,10.274610599997686,10438,0.035156,-0.028564,1.048096,3.419847,3.862595,-0.358779,1.049074,5.171433,746,1296,550,746,0,57.348,5,normal
1780600460.1233668,10.305227999997442,10469,0.022217,-0.012695,1.028809,0.030534,2.480916,-0.954198,1.029127,2.658265,748,1300,552,748,0,57.348,5,normal
1780600460.1543949,10.336256099995808,10500,0.039307,-0.032471,1.063721,1.801527,2.954198,-0.290076,1.064942,3.472309,749,1304,555,749,0,57.348,4,normal
1780600460.1860983,10.367959399998654,10531,0.027832,-0.016602,1.05835,2.916031,2.526718,-0.641221,1.058846,3.911356,754,1310,556,754,0,57.348,5,normal
1780600460.216673,10.398534000007203,10563,0.061523,-0.008301,1.044189,0.366412,3.137405,-1.358779,1.046033,3.438582,755,1312,557,755,0,57.348,5,normal
1780600460.246312,10.42817310000828,10594,0.03125,-0.070801,1.040039,2.40458,2.366412,-0.519084,1.042914,3.413409,757,1317,560,757,1,78.571,14,normal
1780600460.277703,10.459564100005082,10624,0.029785,-0.018066,1.049805,2.053435,2.748092,-0.396947,1.050382,3.453429,760,1322,562,760,0,78.571,5,normal
1780600460.309777,10.49163829999452,10655,0.019287,-0.016846,1.050293,0.503817,2.458015,-1.160305,1.050605,2.764413,762,1326,564,762,0,78.571,5,normal
1780600460.3402276,10.522088700003223,10686,0.039062,-0.058594,1.040527,2.954198,2.541985,-0.366412,1.042908,3.91449,763,1329,566,763,1,78.571,18,normal
1780600460.3729687,10.5548298000067,10717,0.042236,0.020996,1.038574,1.08397,2.832061,-0.587786,1.039645,3.088859,765,1332,567,765,0,78.571,5,normal
1780600460.404079,10.585940200006007,10749,0.055908,-0.04248,1.073486,1.450382,2.549618,-1.320611,1.07578,3.216858,767,1336,569,767,0,78.571,0,normal
1780600460.434796,10.616657200007467,10780,0.072998,-0.0354,1.055664,2.877863,3.671756,-0.29771,1.058777,4.674668,770,1340,570,770,0,78.571,5,normal
1780600460.4653807,10.64724180000485,10812,0.044189,-0.000732,1.040039,0.152672,2.557252,-1.274809,1.040978,2.861466,772,1344,572,772,0,78.571,5,normal
1780600460.4979951,10.679856300004758,10843,0.020508,-0.074951,1.043457,2.045802,2.389313,0.129771,1.046346,3.148168,773,1347,574,773,1,78.571,18,normal
1780600460.529663,10.711524199999985,10875,0.049805,-0.017578,1.05957,1.21374,2.480916,-0.259542,1.060886,2.774072,775,1350,575,775,0,64.057,5,normal
1780600460.5600069,10.74186799999734,10906,0.04126,-0.032471,1.054443,0.206107,2.580153,-1.0,1.05575,2.774828,777,1354,577,777,0,64.057,1,normal
1780600460.5898082,10.771669299996574,10936,0.028564,-0.071289,1.037109,2.480916,2.480916,-0.229008,1.039949,3.516011,778,1357,579,778,1,64.057,18,normal
1780600460.6207342,10.802595300003304,10967,0.043701,0.006836,1.044678,1.29771,2.778626,0.045802,1.045614,3.067069,781,1362,581,781,0,64.057,5,normal
1780600460.6510768,10.832937900006073,10997,0.047607,-0.051025,1.05835,0.251908,2.29771,-1.022901,1.060648,2.527698,783,1366,583,783,0,64.057,5,normal
1780600460.6819386,10.863799800004927,11028,0.059082,-0.036377,1.052978,3.610687,2.778626,-0.122137,1.055262,4.557712,785,1371,586,785,1,64.057,13,normal
1780600460.7133844,10.895245499996236,11059,0.045166,0.00293,1.043457,0.21374,2.0,-0.412214,1.044438,2.053194,787,1374,587,787,0,64.057,5,normal
1780600460.7451434,10.927004500001203,11090,0.039795,-0.049805,1.064209,0.801527,2.381679,-1.061069,1.066117,2.727766,788,1376,588,788,0,64.057,5,normal
1780600460.7757955,10.957656700004009,11121,0.066162,-0.031738,1.058106,3.312977,3.389313,-0.679389,1.060647,4.787988,792,1382,590,792,0,64.057,5,normal
1780600460.8058426,10.98770379999769,11152,0.04248,-0.005859,1.046143,-0.335878,1.946565,-1.022901,1.047021,2.224467,794,1386,592,794,0,68.592,5,normal
1780600460.8438606,11.02572190000501,11183,0.052246,-0.043945,1.057617,1.954198,2.916031,-0.152672,1.059818,3.513607,796,1390,594,796,0,68.592,1,normal
1780600460.875457,11.057318200008012,11220,0.011963,-0.011475,1.038574,-0.145038,3.122137,-1.251908,1.038707,3.366906,799,1394,595,799,0,68.592,5,normal
1780600460.9057226,11.08758370000578,11251,0.037598,-0.041016,1.062012,1.709924,3.229008,-0.282443,1.063468,3.66471,800,1396,596,800,0,68.592,4,normal
1780600460.9371572,11.119018400000641,11282,0.047119,-0.041016,1.064209,3.015267,2.862595,-0.389313,1.066041,4.175866,804,1402,598,804,0,68.592,5,normal
1780600460.9677818,11.149642899996252,11313,0.046875,0.016357,1.052246,-0.137405,3.007634,-1.038168,1.053417,3.184734,806,1406,600,806,0,68.592,5,normal
1780600460.9984376,11.180298699997365,11344,0.022705,-0.074707,1.04248,1.961832,2.114504,0.114504,1.0454,2.886698,807,1409,602,807,1,68.592,18,normal
1780600461.0299013,11.21176249999553,11375,0.01001,-0.011719,1.046143,1.832061,2.610687,-0.572519,1.046256,3.240357,809,1412,603,809,0,68.592,5,normal
1780600461.0659304,11.247791600006167,11406,0.024414,-0.044434,1.056396,0.053435,2.641221,-0.900763,1.057612,2.791107,811,1416,605,811,0,66.929,0,normal
1780600461.0908914,11.272752600008971,11437,0.044434,-0.028809,1.047119,3.221374,3.351145,-0.10687,1.048457,4.649607,812,1419,607,812,1,66.929,18,normal
1780600461.121159,11.303020300008939,11468,0.040771,0.007568,1.050537,1.274809,2.40458,-0.236641,1.051355,2.731876,815,1424,609,815,0,66.929,5,normal
1780600461.1529021,11.3347633999947,11498,0.033691,-0.037354,1.057129,0.564886,2.374046,-1.21374,1.058325,2.725501,816,1426,610,816,0,66.929,4,normal
1780600461.182689,11.364549999998417,11529,0.039307,-0.007324,1.047363,3.396947,3.312977,-0.541985,1.048126,4.775857,818,1429,611,818,1,66.929,17,normal
1780600461.2137704,11.395631499995943,11560,0.041504,0.005127,1.030518,0.167939,2.007634,-0.816794,1.031366,2.173925,821,1434,613,821,0,66.929,0,normal
1780600461.2450595,11.426920700003393,11591,0.050781,-0.047363,1.060059,1.221374,2.305344,-1.038168,1.062331,2.807874,822,1436,614,822,0,66.929,4,normal
1780600461.2768388,11.458699900002102,11622,0.0354,-0.038574,1.053467,2.870229,4.0,-0.694656,1.054767,4.971998,826,1442,616,826,0,66.929,5,normal
1780600461.30561,11.48747110000113,11653,0.040527,-0.008545,1.032959,0.022901,2.694656,-0.992366,1.033789,2.87167,828,1446,618,828,0,66.929,5,normal
1780600461.3379772,11.519838299995172,11683,0.046143,-0.04126,1.059082,1.587786,2.679389,-0.59542,1.060889,3.170917,830,1450,620,830,0,68.592,0,normal
1780600461.368378,11.550239000003785,11714,0.050781,-0.040283,1.061279,2.671756,2.541985,-0.427481,1.063257,3.712507,833,1454,621,833,0,68.592,5,normal
1780600461.4009535,11.582814599998528,11746,0.030518,-0.006836,1.05249,0.145038,2.412214,-1.389313,1.052955,2.787472,834,1456,622,834,0,68.592,5,normal
1780600461.4313908,11.613251999995555,11777,0.027344,-0.068115,1.044189,2.633588,2.152672,-0.374046,1.046766,3.421942,836,1461,625,836,1,68.592,3,normal
1780600461.4634356,11.645296899994719,11808,0.0271,-0.015625,1.057129,1.221374,2.290076,-0.305344,1.057592,2.613319,839,1466,627,839,0,68.592,5,normal
1780600461.4933636,11.675224899998284,11839,0.030273,-0.031982,1.056152,0.679389,2.129771,-0.793893,1.05707,2.37229,841,1470,629,841,0,68.592,0,normal
1780600461.5243664,11.706227600006969,11870,0.033936,0.000244,1.047119,3.587786,2.984733,-0.656489,1.047669,4.712942,842,1473,631,842,1,68.592,17,normal
1780600461.5551422,11.73700330000429,11901,0.0354,0.013672,1.040527,0.503817,2.580153,-0.519084,1.041219,2.67964,844,1476,632,844,0,68.592,5,normal
1780600461.5852232,11.767084300008719,11932,0.044434,-0.057129,1.063721,1.045802,2.664122,-1.274809,1.06618,3.133111,846,1480,634,846,0,68.592,0,normal
1780600461.6175482,11.799409400002332,11963,0.053955,-0.02832,1.056641,3.328244,3.152672,-0.427481,1.058396,4.604268,850,1486,636,850,0,71.429,5,normal
1780600461.6476886,11.829549800007953,11994,0.02124,-0.017822,1.044189,-0.358779,2.519084,-0.740458,1.044557,2.650054,851,1488,637,851,0,71.429,5,normal
1780600461.679486,11.861347099998966,12025,0.043457,-0.041016,1.054443,2.374046,2.984733,0.10687,1.056135,3.815252,852,1490,638,852,0,71.429,5,normal
1780600461.711055,11.89291619999858,12056,0.027832,-0.010986,1.063232,1.885496,2.969466,-0.160305,1.063653,3.521153,855,1494,639,855,0,71.429,5,normal
1780600461.743455,11.925316000008024,12088,0.051025,-0.019775,1.060547,0.557252,2.129771,-1.465649,1.061958,2.644727,858,1498,640,858,0,71.429,5,normal
1780600461.7730749,11.954936099995393,12120,0.052246,-0.015625,1.044434,3.70229,2.625954,-0.160305,1.045856,4.541837,860,1503,643,860,1,71.429,3,normal
1780600461.8059974,11.987858599997708,12151,0.020996,0.001953,1.02832,0.335878,2.282443,-0.59542,1.028536,2.382621,862,1506,644,862,0,71.429,5,normal
1780600461.8369975,12.018858700001147,12182,0.02002,-0.038818,1.056152,1.641221,2.435115,-1.076336,1.057055,3.127601,863,1508,645,863,0,71.429,5,normal
1780600461.868779,12.050640200002817,12214,0.046631,-0.035156,1.047607,2.801527,3.244275,-0.450382,1.049234,4.310071,866,1512,646,866,0,63.745,6,normal
1780600461.9005919,12.0824530999962,12246,0.056396,0.018066,1.059814,0.175573,2.618321,-1.137405,1.061468,2.86009,869,1516,647,869,0,63.745,5,normal
1780600461.9314084,12.113269599998603,12277,0.03833,-0.081055,1.050049,1.91603,2.366412,-0.519084,1.05387,3.088775,871,1521,650,871,1,63.745,4,normal
1780600461.9626923,12.1445534999948,12308,0.031494,-0.016602,1.05542,1.40458,2.175573,-0.450382,1.05602,2.628461,874,1526,652,874,0,63.745,6,normal
1780600461.993919,12.175780100005795,12339,0.040771,-0.046631,1.061523,-0.145038,2.610687,-0.946565,1.063329,2.780774,876,1530,654,876,0,63.745,1,normal
1780600462.0238597,12.205721000005724,12370,0.055664,-0.039795,1.042725,3.610687,3.038168,-0.557252,1.044967,4.751637,877,1533,656,877,1,63.745,18,normal
1780600462.0544157,12.23627690000285,12401,0.049316,-0.002441,1.048584,0.923664,2.656489,-0.40458,1.049746,2.841438,879,1536,657,879,0,63.745,4,normal
1780600462.0857093,12.267570500000147,12431,0.041016,-0.048828,1.070557,0.633588,2.519084,-1.068702,1.072454,2.808797,880,1538,658,880,0,63.745,5,normal
1780600462.1200323,12.301893500000006,12462,0.045898,-0.004639,1.050049,3.717557,3.038168,-0.030534,1.051062,4.801212,885,1545,660,885,1,63.745,4,normal
1780600462.1464276,12.32828889999655,12493,0.038086,0.005127,1.044189,0.183206,2.419847,-0.679389,1.044896,2.520078,888,1550,662,888,0,78.853,0,normal
1780600462.1777353,12.359596499998588,12524,0.039307,-0.034668,1.060791,1.70229,2.580153,-0.961832,1.062085,3.237298,889,1552,663,889,0,78.853,5,normal
1780600462.2094166,12.391277700007777,12555,0.056885,-0.04126,1.058594,2.885496,3.328244,-0.282443,1.060924,4.413964,892,1556,664,892,0,78.853,5,normal
1780600462.2416587,12.423519899995881,12587,0.059082,0.012451,1.059082,-0.091603,2.832061,-0.908397,1.060802,2.975592,895,1560,665,895,0,78.853,5,normal
1780600462.2718968,12.453758100004052,12618,0.045654,-0.074219,1.050049,1.740458,2.374046,-0.374046,1.053658,2.967356,897,1567,670,897,1,78.853,3,normal
1780600462.3029673,12.484828400003607,12649,0.029053,-0.003662,1.060791,1.51145,2.480916,-0.427481,1.061195,2.936352,899,1570,671,899,0,78.853,5,normal
1780600462.3340602,12.515921400001389,12680,0.028809,-0.030762,1.042236,0.175573,2.496183,-1.358779,1.043088,2.847461,900,1572,672,900,0,78.853,5,normal
1780600462.3651507,12.547011899994686,12711,0.056152,-0.052002,1.04126,3.076336,2.480916,-0.267176,1.044069,3.961082,901,1575,674,901,1,78.853,18,normal
1780600462.395908,12.57776919999742,12742,0.047607,-0.007324,1.045898,1.114504,2.427481,-0.396947,1.047007,2.700435,905,1580,675,905,0,78.853,5,normal
1780600462.427068,12.608929199996055,12773,0.0354,-0.058838,1.061523,0.763359,2.236641,-0.839695,1.063742,2.50806,907,1584,677,907,0,67.857,1,normal
1780600462.4578373,12.63969850000285,12804,0.047119,-0.022217,1.052978,3.419847,3.221374,-0.480916,1.054266,4.722698,911,1590,679,911,0,67.857,5,normal
1780600462.488122,12.669983100000536,12835,0.035156,-0.004395,1.041992,-0.343511,2.648855,-1.366412,1.042594,3.000252,912,1592,680,912,0,67.857,5,normal
1780600462.5204866,12.702347700003884,12866,0.040527,-0.042236,1.056885,1.793893,3.045802,-0.183206,1.058504,3.539566,913,1594,681,913,0,67.857,5,normal
1780600462.5517235,12.733584700006759,12897,0.037354,-0.025146,1.058106,2.854962,2.732824,0.083969,1.059063,3.952997,916,1598,682,916,0,67.857,5,normal
1780600462.582317,12.764178299999912,12928,0.05249,0.020508,1.052246,0.290076,2.816794,-0.908397,1.053754,2.973829,917,1600,683,917,0,67.857,5,normal
1780600462.6130936,12.794954800003325,12959,0.039551,-0.063477,1.048828,1.89313,2.229008,-0.038168,1.051491,2.9247,919,1607,688,919,1,67.857,3,normal
1780600462.6442487,12.826110000009066,12990,0.018311,-0.011963,1.054443,1.610687,2.40458,-0.465649,1.05467,2.931407,923,1612,689,923,0,67.857,0,normal
1780600462.6757782,12.857639399997424,13021,0.016602,-0.021973,1.047119,0.206107,2.450382,-1.206107,1.047481,2.738895,924,1614,690,924,0,67.857,5,normal
1780600462.7067578,12.888619000004837,13052,0.043457,-0.061768,1.033936,3.389313,2.671756,-0.358779,1.03669,4.33064,925,1617,692,925,1,64.516,18,normal
1780600462.7371635,12.919024800008629,13083,0.049316,0.014648,1.04126,0.778626,2.610687,-0.167939,1.04253,2.729496,927,1620,693,927,0,64.516,5,normal
1780600462.7691483,12.95100960000127,13114,0.029541,-0.057373,1.0625,0.778626,2.633588,-1.053435,1.064458,2.941389,931,1626,695,931,0,64.516,0,normal
1780600462.7991893,12.981050400005188,13145,0.041016,-0.022705,1.051514,3.099237,3.793893,-0.244275,1.052558,4.904953,934,1630,696,934,0,64.516,5,normal
1780600462.8304982,13.012359400003334,13176,0.029785,-0.004395,1.036133,-0.114504,2.175573,-1.099237,1.03657,2.440194,935,1632,697,935,0,64.516,4,normal
1780600462.8618176,13.043678700007149,13207,0.055664,-0.042969,1.053467,2.022901,2.908397,-0.633588,1.055811,3.598935,936,1634,698,936,0,64.516,5,normal
1780600462.8924203,13.074281399996835,13238,0.0354,-0.022949,1.053955,2.770992,3.282443,-0.564886,1.054799,4.332658,941,1640,699,941,0,64.516,5,normal
1780600462.9238248,13.105685899994569,13269,0.046387,0.020264,1.05127,-0.030534,3.198473,-0.763359,1.052488,3.288447,942,1642,700,942,0,64.516,5,normal
1780600462.9542813,13.136142600007588,13300,0.048096,-0.070068,1.050537,2.068702,2.854962,-0.022901,1.053969,3.525742,943,1647,704,943,1,64.516,18,normal
1780600462.9875178,13.169379099999787,13332,0.04126,-0.023193,1.050049,1.290076,2.160305,-0.137405,1.051115,2.51994,945,1650,705,945,0,71.429,5,normal
1780600463.017186,13.199047100002645,13363,0.039307,-0.039795,1.071533,0.709924,2.244275,-1.656489,1.072992,2.878318,946,1652,706,946,0,71.429,5,normal
1780600463.047766,13.229627199994866,13394,0.066406,-0.001465,1.037598,3.557252,3.763359,-0.473282,1.039722,5.200087,949,1657,708,949,1,71.429,14,normal
1780600463.0780463,13.259907400002703,13425,0.030762,0.006104,1.038086,0.320611,2.29771,-0.633588,1.03856,2.404932,951,1660,709,951,0,71.429,5,normal
1780600463.1101856,13.292046899994602,13455,0.058594,-0.059082,1.065186,0.992366,2.480916,-1.122137,1.068431,2.89809,955,1666,711,955,0,71.429,0,normal
1780600463.1416147,13.323475800003507,13487,0.067871,-0.033936,1.052734,2.816794,2.70229,-0.312977,1.055466,3.915949,958,1670,712,958,0,71.429,5,normal
1780600463.1716635,13.35352459999558,13518,0.052246,-0.02124,1.038574,0.0,2.78626,-0.748092,1.040104,2.884941,961,1674,713,961,0,71.429,4,normal
1780600463.202592,13.384453000006033,13548,0.07373,-0.043213,1.058838,2.145038,2.526718,-0.076336,1.062281,3.315316,962,1676,714,962,0,71.429,5,normal
1780600463.2337558,13.415617100006784,13579,0.063721,-0.025146,1.05127,2.679389,3.045802,-0.648855,1.053499,4.108168,965,1680,715,965,0,71.429,5,normal
1780600463.2650883,13.446949400007725,13610,0.06665,0.019043,1.058838,-0.282443,3.183206,-1.198473,1.061104,3.41305,967,1684,717,967,0,79.137,5,normal
1780600463.2958221,13.477683400007663,13641,0.052246,-0.070801,1.049805,2.236641,2.709924,-0.045802,1.053486,3.514022,968,1689,721,968,1,79.137,18,normal
1780600463.3274324,13.50929349999933,13673,0.022705,-0.018066,1.043457,1.541985,2.465649,-0.358779,1.04386,2.930164,972,1694,722,972,0,79.137,5,normal
1780600463.3582137,13.540074799995637,13704,0.017334,-0.043213,1.063232,0.534351,2.610687,-1.091603,1.064251,2.879725,973,1696,723,973,0,79.137,5,normal
1780600463.3899271,13.57178820000263,13735,0.043457,-0.013428,1.054932,3.534351,3.961832,-0.343511,1.055912,5.320315,976,1701,725,976,1,79.137,14,normal
1780600463.4208024,13.602663600002415,13766,0.019287,-0.000244,1.035889,0.244275,2.137405,-0.625954,1.036068,2.240533,980,1706,726,980,0,79.137,5,normal
1780600463.4526253,13.634486399998423,13797,0.02124,-0.037842,1.071045,1.465649,2.870229,-0.900763,1.071924,3.346299,983,1710,727,983,0,79.137,5,normal
1780600463.4832144,13.665075600001728,13829,0.048828,-0.030273,1.05249,2.916031,2.48855,-0.274809,1.054057,3.843388,986,1714,728,986,0,79.137,5,normal
1780600463.514628,13.696489199995995,13860,0.043457,0.016602,1.056152,-0.251908,2.80916,-1.274809,1.057176,3.095154,987,1716,729,987,0,80.0,5,normal
1780600463.545505,13.727366300008725,13891,0.039062,-0.078369,1.044434,2.152672,2.328244,-0.305344,1.048098,3.185585,989,1721,732,989,1,80.0,14,normal
1780600463.5760412,13.757902500001364,13922,0.034912,-0.013428,1.054688,1.70229,2.824427,-0.610687,1.055351,3.353822,991,1724,733,991,0,80.0,5,normal
1780600463.605805,13.787666100004571,13952,0.042969,-0.008301,1.054932,0.114504,3.534351,-0.89313,1.055839,3.64725,993,1728,735,993,0,80.0,5,normal
1780600463.636527,13.81838830000197,13982,0.026611,-0.075439,1.039062,2.465649,2.40458,-0.343511,1.042137,3.461131,994,1733,739,994,1,80.0,18,normal
1780600463.6680217,13.849882800001069,14013,0.032715,-0.016357,1.059326,1.679389,2.763359,-0.656489,1.059957,3.299618,998,1738,740,998,0,80.0,5,normal
1780600463.6983714,13.880232600000454,14044,0.017334,-0.041748,1.056396,0.282443,2.206107,-1.145038,1.057363,2.501558,999,1740,741,999,0,80.0,5,normal
1780600463.7305243,13.912385400006315,14076,0.037354,0.008789,1.044922,3.671756,3.152672,-0.091603,1.045626,4.840405,1000,1743,743,1000,1,80.0,18,normal
1780600463.7596931,13.941554200006067,14107,0.05127,-0.006836,1.036865,0.053435,1.91603,-1.0,1.038154,2.16195,1003,1748,745,1003,0,80.0,5,normal
1780600463.7909029,13.972764100006316,14136,0.034668,-0.04541,1.063477,0.938931,2.480916,-1.374046,1.06501,2.987397,1006,1752,746,1006,0,68.841,5,normal
1780600463.8205392,14.002400400000624,14167,0.055176,0.0,1.043701,3.465649,3.465649,-0.221374,1.045159,4.906164,1009,1757,748,1009,1,68.841,13,normal
1780600463.8503213,14.03218249999918,14197,0.063965,0.001709,1.037354,0.381679,2.366412,-0.656489,1.039325,2.485269,1011,1760,749,1011,0,68.841,5,normal
1780600463.8833418,14.065202900004806,14228,0.046143,-0.058594,1.056641,1.183206,2.473282,-0.877863,1.059269,2.878844,1013,1764,751,1013,0,68.841,1,normal
1780600463.9131796,14.095040800006245,14259,0.047119,-0.026855,1.053223,3.480916,3.717557,-0.427481,1.054618,5.110748,1017,1770,753,1017,0,68.841,6,normal
1780600463.9441292,14.12599030000274,14290,0.022461,-0.007324,1.039795,-0.183206,3.053435,-0.80916,1.040063,3.164138,1019,1774,755,1019,0,68.841,5,normal
1780600463.975298,14.157159099995624,14321,0.063965,-0.039062,1.057861,2.526718,2.89313,-0.114504,1.060513,3.842865,1020,1776,756,1020,0,68.841,5,normal
1780600464.0081615,14.190022599999793,14353,0.028076,-0.016113,1.056152,2.167939,2.80916,-0.076336,1.056648,3.549249,1023,1780,757,1023,0,68.841,5,normal
1780600464.0387783,14.220639499995741,14384,0.067139,-0.005859,1.071045,0.458015,2.793893,-1.099237,1.073163,3.037094,1025,1784,759,1025,0,68.841,1,normal
1780600464.0690107,14.250872000004165,14415,0.058838,-0.072754,1.045654,2.442748,3.19084,-0.396947,1.049832,4.038074,1026,1787,761,1026,1,71.685,18,normal
1780600464.0991402,14.281001299998024,14446,0.025635,-0.001953,1.054199,1.29771,2.099237,-0.587786,1.054513,2.536994,1029,1792,763,1029,0,71.685,5,normal
1780600464.1300194,14.311880699999165,14476,0.03125,-0.034424,1.057617,0.305344,2.51145,-1.198473,1.058639,2.799456,1031,1796,765,1031,0,71.685,5,normal
1780600464.1596513,14.341512500002864,14506,0.035645,-0.06958,1.035644,2.473282,2.557252,-0.450382,1.038591,3.586016,1033,1801,768,1033,1,71.685,14,normal
1780600464.1911175,14.372978800005512,14537,0.037109,-0.029541,1.050293,1.381679,2.244275,-0.244275,1.051364,2.646786,1035,1804,769,1035,0,71.685,5,normal
1780600464.2230225,14.404883600000176,14568,0.026855,-0.050781,1.061523,0.496183,2.587786,-1.328244,1.063077,2.950774,1036,1806,770,1036,0,71.685,5,normal
1780600464.2552083,14.437069499996142,14600,0.057861,-0.031494,1.050293,2.954198,3.687023,-0.366412,1.052357,4.738743,1040,1812,772,1040,0,71.685,6,normal
1780600464.286166,14.468027199996868,14632,0.047607,-0.008789,1.039062,0.221374,2.748092,-0.885496,1.04019,2.895707,1042,1816,774,1042,0,71.685,5,normal
1780600464.317877,14.499738099999377,14663,0.013672,-0.059082,1.047852,2.137405,2.618321,-0.21374,1.049605,3.386707,1044,1821,777,1044,1,71.685,14,normal
1780600464.3487904,14.530651499997475,14694,0.010254,-0.012451,1.04541,1.908397,2.801527,-0.40458,1.045535,3.413827,1046,1824,778,1046,0,71.685,5,normal
1780600464.3812325,14.56309360000887,14726,0.030518,-0.030273,1.05249,0.21374,2.709924,-0.793893,1.053368,2.831896,1048,1828,780,1048,0,71.685,1,normal
1780600464.4110615,14.592922600000747,14757,0.037354,-0.043945,1.044434,3.801527,3.038168,-0.534351,1.046025,4.895672,1050,1833,783,1050,1,71.685,3,normal
1780600464.4432595,14.625120600001537,14788,0.060303,0.005859,1.041504,0.534351,2.396947,-0.458015,1.043265,2.498132,1053,1838,785,1053,0,71.685,5,normal
1780600464.4744864,14.656347600001027,14819,0.048096,-0.064453,1.061523,1.137405,2.587786,-0.946565,1.064565,2.980992,1054,1840,786,1054,0,71.685,5,normal
1780600464.5060544,14.687915600006818,14851,0.043945,-0.025391,1.057373,2.717557,3.320611,-0.076336,1.05859,4.29155,1057,1844,787,1057,0,71.685,5,normal
1780600464.5369945,14.718855700004497,14883,0.064209,-0.005859,1.056641,-0.21374,3.671756,-1.053435,1.058606,3.82586,1059,1848,789,1059,0,71.685,1,normal
1780600464.5697665,14.751627599995118,14914,0.042969,-0.083984,1.03833,2.137405,3.206107,-0.343511,1.042607,3.868542,1060,1851,791,1060,1,71.685,18,normal
1780600464.6007829,14.782644000006258,14946,0.051025,-0.023193,1.045898,1.244275,2.435115,-0.152672,1.047399,2.738852,1063,1856,793,1063,0,67.46,5,normal
1780600464.632064,14.813925199996447,14977,0.033936,-0.053955,1.066162,0.541985,2.068702,-1.061069,1.068066,2.387288,1066,1860,794,1066,0,67.46,5,normal
1780600464.664378,14.846239200007403,15009,0.054932,-0.034424,1.052002,2.977099,3.717557,-0.534351,1.053997,4.792586,1070,1866,796,1070,0,67.46,5,normal
1780600464.694787,14.876648100005696,15040,0.031006,-0.011963,1.030029,0.175573,2.656489,-0.717557,1.030565,2.75729,1071,1868,797,1071,0,67.46,5,normal
1780600464.7268598,14.908720999999787,15071,0.022949,-0.039795,1.052002,2.251908,2.335878,-0.229008,1.053004,3.25267,1072,1870,798,1072,0,67.46,5,normal
1780600464.7564752,14.938336300008814,15102,0.03833,-0.015869,1.050293,2.480916,3.244275,-0.618321,1.051112,4.130688,1076,1876,800,1076,0,67.46,5,normal
1780600464.786967,14.968828099998063,15133,0.048828,0.003662,1.047363,0.015267,2.969466,-0.885496,1.048507,3.09872,1078,1880,802,1078,0,67.46,5,normal
1780600464.8192885,15.00114960000792,15164,0.02002,-0.071533,1.046387,2.19084,2.465649,-0.152672,1.04902,3.301895,1080,1885,805,1080,1,67.46,15,normal
1780600464.8500528,15.031914000006509,15196,0.035645,0.009277,1.046631,1.19084,2.175573,-0.114504,1.047279,2.482806,1082,1888,806,1082,0,76.0,5,normal
1780600464.8818448,15.063705900000059,15227,0.043701,-0.048828,1.059082,0.664122,1.801527,-1.351145,1.061107,2.347797,1084,1892,808,1084,0,76.0,1,normal
1780600464.9120746,15.093935700002476,15258,0.032959,-0.021484,1.051025,3.564885,2.954198,-0.580153,1.051761,4.666076,1087,1897,810,1087,1,76.0,3,normal
1780600464.9426224,15.124483499996131,15289,0.036865,-0.002686,1.035156,0.389313,1.717557,-1.122137,1.035816,2.088243,1090,1902,812,1090,0,76.0,5,normal
1780600464.9727695,15.154630599994562,15319,0.048584,-0.036621,1.068848,1.198473,2.480916,-1.061069,1.070578,2.952482,1091,1904,813,1091,0,76.0,5,normal
1780600465.0048623,15.186723499995423,15350,0.053467,-0.033691,1.05835,3.480916,3.465649,-1.152672,1.060235,5.045409,1094,1908,814,1094,0,76.0,5,normal
1780600465.035212,15.217073200008599,15381,0.05127,-0.022705,1.027344,-0.335878,2.709924,-1.0,1.028873,2.908006,1096,1912,816,1096,0,76.0,1,normal
1780600465.0742748,15.25613589999557,15411,0.019043,-0.027344,1.057861,1.59542,2.954198,-0.923664,1.058386,3.482213,1097,1914,817,1097,0,76.0,5,normal
1780600465.0965157,15.27837690000888,15442,0.05127,-0.021973,1.060547,2.938931,3.328244,-0.48855,1.062013,4.466902,1101,1920,819,1101,0,76.0,5,normal
1780600465.1276813,15.30954240000574,15473,0.049561,0.015869,1.041504,0.389313,3.137405,-1.038168,1.042803,3.327562,1103,1924,821,1103,0,75.812,5,normal
1780600465.1577442,15.339605400004075,15504,0.032959,-0.043213,1.059082,2.0,2.427481,-0.022901,1.060476,3.145344,1105,1929,824,1105,1,75.812,14,normal
1780600465.1883497,15.37021090000053,15534,0.007813,-0.009766,1.05249,2.458015,2.900763,-0.381679,1.052564,3.821249,1107,1932,825,1107,0,75.812,5,normal
1780600465.2197337,15.401594900002237,15564,0.077393,0.024902,1.046631,0.236641,3.21374,-1.122137,1.049784,3.412231,1108,1934,826,1108,0,75.812,5,normal
1780600465.2503397,15.43220100000326,15595,0.051025,-0.073486,1.048828,2.083969,2.290076,-0.137405,1.052637,3.099396,1110,1939,829,1110,1,75.812,3,normal
1780600465.2803597,15.462220800007344,15626,0.040771,-0.012939,1.057861,1.977099,2.29771,-0.305344,1.058726,3.046576,1113,1944,831,1113,0,75.812,5,normal
1780600465.312336,15.494197100008023,15657,0.04248,-0.037109,1.056152,0.366412,2.412214,-1.564886,1.057658,2.898603,1115,1948,833,1115,0,75.812,0,normal
1780600465.3421347,15.523995800002012,15688,0.074219,-0.040527,1.046387,3.076336,3.374046,-0.29771,1.049798,4.575659,1116,1951,835,1116,1,75.812,18,normal
1780600465.3725603,15.554421499997261,15719,0.063721,-0.000488,1.050049,1.19084,2.526718,-0.305344,1.05198,2.809918,1119,1956,837,1119,0,75.812,0,normal
1780600465.405315,15.58717610000167,15750,0.049805,-0.039551,1.064453,0.580153,2.664122,-0.870229,1.066351,2.862066,1120,1958,838,1120,0,61.372,5,normal
1780600465.4350836,15.616944900000817,15781,0.032959,-0.021729,1.053711,3.59542,3.480916,-0.320611,1.05445,5.01464,1123,1963,840,1123,1,61.372,3,normal
1780600465.4656544,15.647515600008774,15811,0.06543,0.001221,1.049072,-0.175573,2.618321,-0.908397,1.051111,2.776979,1125,1966,841,1125,0,61.372,5,normal
1780600465.4973218,15.679182899999432,15842,0.043945,-0.047852,1.064209,1.656489,2.396947,-1.358779,1.06619,3.214901,1126,1968,842,1126,0,61.372,5,normal
1780600465.5286176,15.710478900000453,15874,0.026611,-0.009033,1.050049,2.961832,3.778626,-0.48855,1.050425,4.825883,1129,1972,843,1129,0,61.372,5,normal
1780600465.559549,15.741410300004645,15905,0.042236,0.029541,1.053223,-0.068702,2.870229,-1.282443,1.054483,3.144454,1132,1976,844,1132,0,61.372,5,normal
1780600465.591018,15.772879099997226,15936,0.020996,-0.074707,1.053467,2.221374,2.450382,0.083969,1.056321,3.308462,1134,1981,847,1134,1,61.372,3,normal
1780600465.6206777,15.80253879999509,15967,0.028564,-0.009033,1.048584,1.778626,2.267176,-0.320611,1.049012,2.899377,1137,1986,849,1137,0,61.372,6,normal
1780600465.650886,15.832747199994628,15997,0.051758,-0.008057,1.052246,0.465649,2.916031,-1.0,1.053549,3.117702,1139,1990,851,1139,0,61.372,1,normal
1780600465.682626,15.86448720000044,16027,0.032715,-0.071045,1.049316,2.198473,2.770992,-0.381679,1.052227,3.557719,1140,1993,853,1140,1,72.202,18,normal
1780600465.713671,15.895532199996524,16059,0.045166,-0.026123,1.056885,1.320611,2.21374,-0.366412,1.058172,2.603635,1142,1996,854,1142,0,72.202,5,normal
1780600465.7452185,15.927079600005527,16090,0.030518,-0.053223,1.068359,0.587786,2.229008,-1.068702,1.07012,2.540884,1144,2000,856,1144,0,72.202,1,normal
1780600465.7765827,15.958443900002749,16122,0.032471,-0.031006,1.053711,3.480916,3.251908,-0.580153,1.054667,4.798777,1148,2006,858,1148,0,72.202,6,normal
1780600465.80797,15.989831300001242,16153,0.018555,-0.007568,1.029297,-0.603053,2.908397,-1.045802,1.029492,3.148991,1150,2010,860,1150,0,72.202,0,normal
1780600465.8391144,16.020975599996746,16184,0.025879,-0.037598,1.052978,2.458015,2.282443,-0.236641,1.053967,3.362645,1151,2012,861,1151,0,72.202,5,normal
1780600465.869414,16.051275300007546,16215,0.050293,-0.018555,1.05127,2.396947,2.969466,-0.519084,1.052635,3.851302,1154,2016,862,1154,0,72.202,5,normal
1780600465.9017818,16.083642900004634,16246,0.059082,0.010498,1.0354,0.282443,3.007634,-1.343511,1.037138,3.306154,1157,2020,863,1157,0,72.202,5,normal
1780600465.9332132,16.115074400004232,16278,0.05957,-0.067139,1.044922,3.068702,3.160305,0.221374,1.04877,4.410609,1159,2025,866,1159,1,75.697,3,normal
1780600465.9650664,16.14692769999965,16310,0.062988,-0.005615,1.039307,0.221374,2.610687,-0.503817,1.041229,2.668056,1161,2028,867,1161,0,75.697,5,normal
1780600465.9955864,16.17744759999914,16341,0.051514,-0.049561,1.058838,1.458015,2.580153,-1.290076,1.061248,3.232227,1162,2030,868,1162,0,75.697,5,normal
1780600466.0267444,16.208605499996338,16373,0.06665,-0.040039,1.054443,2.923664,3.305344,-0.099237,1.057306,4.41395,1165,2034,869,1165,0,75.697,6,normal
1780600466.0583537,16.240214799996465,16404,0.068604,0.001221,1.056396,0.221374,2.954198,-1.167939,1.058622,3.184396,1166,2036,870,1166,0,75.697,5,normal
1780600466.0894387,16.27129980000609,16435,0.025879,-0.071533,1.057373,2.0,2.10687,-0.305344,1.060106,2.920982,1168,2041,873,1168,1,75.697,4,normal
1780600466.1204183,16.30227939999895,16466,0.019287,-0.004639,1.05835,2.091603,2.824427,-0.496183,1.058535,3.549421,1171,2046,875,1171,0,75.697,5,normal
1780600466.1521668,16.334027899996727,16497,0.04834,0.001465,1.059814,0.137405,3.137405,-1.244275,1.060917,3.37793,1173,2050,877,1173,0,75.697,0,normal
1780600466.18598,16.3678413000016,16528,0.069336,-0.064209,1.043213,2.89313,2.427481,-0.160305,1.047484,3.780021,1174,2053,879,1174,1,60.0,17,normal
1780600466.2135832,16.395444299996598,16559,0.034912,0.016846,1.037598,1.183206,2.496183,-0.267176,1.038322,2.7753,1176,2056,880,1176,0,60.0,5,normal
1780600466.244002,16.425863299999037,16589,0.037598,-0.042969,1.058106,0.374046,2.381679,-0.793893,1.059645,2.538222,1177,2058,881,1177,0,60.0,5,normal
1780600466.2741292,16.45599040000525,16620,0.062744,-0.01416,1.05127,3.519084,3.78626,-0.374046,1.053235,5.182627,1182,2065,883,1182,1,60.0,3,normal
1780600466.3059208,16.487781899995753,16651,0.044434,-0.005859,1.032959,0.305344,2.152672,-0.969466,1.033931,2.380566,1184,2068,884,1184,0,60.0,5,normal
1780600466.3364909,16.51835199999914,16682,0.048828,-0.031982,1.071533,1.320611,2.755725,-1.21374,1.073122,3.288039,1185,2070,885,1185,0,60.0,5,normal
1780600466.3681483,16.55000960000325,16713,0.054688,-0.033447,1.050781,2.824427,3.832061,-0.259542,1.052735,4.767541,1188,2074,886,1188,0,60.0,5,normal
1780600466.3988597,16.580720900004962,16744,0.038818,-0.016846,1.051025,0.19084,2.549618,-1.274809,1.051877,2.856941,1191,2078,887,1191,0,60.0,5,normal
1780600466.4301507,16.612011799996253,16775,0.055664,-0.029297,1.064453,2.320611,2.160305,0.022901,1.06631,3.170596,1193,2082,889,1193,0,60.0,1,normal
1780600466.4665463,16.648407500004396,16811,0.012695,-0.013184,1.052246,2.282443,2.267176,-0.526718,1.052405,3.259918,1197,2088,891,1197,0,81.272,5,normal
1780600466.497052,16.6789129999961,16843,0.033203,-0.038086,1.054199,2.29771,2.854962,-0.351145,1.055409,3.681519,1199,2092,893,1199,0,81.272,0,normal
1780600466.5284617,16.71032290000585,16874,0.02417,-0.008789,1.064941,2.137405,2.908397,-0.236641,1.065252,3.61708,1202,2096,894,1202,0,81.272,5,normal
1780600466.5589783,16.740839400008554,16905,0.058838,0.000732,1.056152,0.618321,3.282443,-1.183206,1.05779,3.543547,1203,2098,895,1203,0,81.272,5,normal
1780600466.592148,16.774009200002183,16936,0.040039,-0.063232,1.033447,2.656489,2.687023,-0.099237,1.036154,3.779798,1205,2103,898,1205,1,81.272,3,normal
1780600466.6230655,16.804926600001636,16968,0.04834,0.001465,1.049072,1.076336,2.320611,-0.816794,1.050186,2.68531,1208,2108,900,1208,0,81.272,5,normal
1780600466.652738,16.834599299996626,16999,0.053955,-0.050293,1.070068,0.770992,2.351145,-1.0,1.072607,2.668766,1210,2112,902,1210,0,81.272,1,normal
1780600466.6842258,16.866087000002153,17029,0.048584,-0.013916,1.046143,3.603053,3.351145,-0.244275,1.047363,4.926645,1212,2115,903,1212,1,81.272,17,normal
1780600466.7150664,16.89692759999889,17060,0.06958,-0.010254,1.034668,0.175573,2.366412,-0.717557,1.037056,2.479036,1215,2120,905,1215,0,81.272,0,normal
1780600466.7464802,16.92834139999468,17091,0.037109,-0.041504,1.043701,1.91603,2.496183,-0.694656,1.045185,3.222522,1218,2124,906,1218,0,75.0,0,normal
1780600466.7774718,16.959333000006154,17123,0.03418,-0.012451,1.046631,2.977099,2.442748,-0.59542,1.047263,3.89675,1222,2130,908,1222,0,75.0,5,normal
1780600466.8082833,16.990144399998826,17154,0.04834,0.003174,1.05542,0.206107,3.51145,-0.954198,1.056531,3.64462,1223,2132,909,1223,0,75.0,5,normal
1780600466.8406417,17.02250279999862,17185,0.043701,-0.072266,1.042725,2.351145,2.114504,-0.381679,1.046139,3.185073,1224,2135,911,1224,1,75.0,18,normal
1780600466.8715765,17.05343770000036,17217,0.030518,-0.02832,1.065674,1.290076,2.374046,-0.282443,1.066487,2.716646,1228,2140,912,1228,0,75.0,0,normal
1780600466.9024591,17.084320199996,17248,0.049316,-0.056396,1.066406,0.389313,2.603053,-1.022901,1.069035,2.823788,1229,2142,913,1229,0,75.0,5,normal
1780600466.934511,17.11637220000557,17280,0.048584,-0.025879,1.058106,3.435115,3.679389,-0.389313,1.059536,5.048711,1233,2148,915,1233,0,75.0,6,normal
1780600466.9732964,17.15515750000486,17311,0.04248,-0.006592,1.035889,-0.557252,2.832061,-1.175572,1.03678,3.11658,1235,2152,917,1235,0,75.0,5,normal
1780600466.9967663,17.17862750000495,17342,0.049072,-0.040527,1.057129,2.145038,2.832061,-0.21374,1.059043,3.559135,1237,2156,919,1237,0,75.697,1,normal
1780600467.0285978,17.210459000008996,17373,0.027832,-0.015869,1.048584,2.572519,2.656489,-0.358779,1.049073,3.715307,1240,2160,920,1240,0,75.697,5,normal
1780600467.0588677,17.24072889999661,17404,0.043457,0.01709,1.05127,0.328244,3.274809,-1.267176,1.052306,3.526734,1241,2162,921,1241,0,75.697,5,normal
1780600467.0903084,17.272169600008056,17435,0.022217,-0.073486,1.047363,2.458015,2.564885,-0.358779,1.050173,3.570602,1243,2167,924,1243,1,75.697,4,normal
1780600467.121319,17.303180100003374,17466,0.025635,-0.013428,1.051025,1.587786,1.870229,-0.70229,1.051424,2.551868,1246,2172,926,1246,0,75.697,5,normal
1780600467.1523042,17.33416539999598,17497,0.010742,-0.033447,1.058838,0.114504,2.816794,-0.885496,1.05942,2.954918,1248,2176,928,1248,0,75.697,1,normal
1780600467.1832132,17.36507430000347,17528,0.036133,-0.015869,1.044678,4.198474,2.458015,-0.030534,1.045423,4.865177,1249,2179,930,1249,1,75.697,17,normal
1780600467.213674,17.395535300005577,17559,0.033691,0.009521,1.032227,0.458015,2.877863,-0.366412,1.03282,2.937028,1252,2184,932,1252,0,75.697,1,normal
1780600467.2450528,17.42691399999603,17590,0.0354,-0.039551,1.063232,1.48855,2.29771,-1.244275,1.064556,3.007236,1255,2188,933,1255,0,75.697,1,normal
1780600467.276123,17.457984299995587,17621,0.039551,-0.033447,1.05249,3.412214,3.320611,-0.549618,1.053764,4.792884,1259,2194,935,1259,0,78.853,5,normal
1780600467.30677,17.48863120000169,17652,0.053955,-0.006348,1.032715,-0.175573,2.427481,-1.08397,1.034143,2.664297,1260,2196,936,1260,0,78.853,5,normal
1780600467.3374987,17.519359800004167,17683,0.046875,-0.047363,1.046387,2.198473,2.564885,-0.10687,1.048506,3.379844,1261,2198,937,1261,0,78.853,5,normal
1780600467.3695664,17.55142760000308,17714,0.038086,-0.014893,1.050049,2.274809,2.832061,-0.847328,1.050845,3.730052,1264,2202,938,1264,0,78.853,5,normal
1780600467.4014127,17.583274000004167,17746,0.065186,-0.016846,1.054688,0.396947,2.358779,-1.412214,1.056834,2.777724,1267,2206,939,1267,0,78.853,5,normal
1780600467.4322593,17.614120500002173,17777,0.04834,-0.030273,1.044434,3.091603,2.679389,-0.664122,1.04599,4.144658,1269,2211,942,1269,1,78.853,3,normal
1780600467.461892,17.64375309999741,17808,0.040527,0.003662,1.047119,1.40458,2.076336,-0.229008,1.04791,2.517233,1272,2216,944,1272,0,78.853,5,normal
1780600467.493162,17.675023100004182,17838,0.037109,-0.038574,1.052734,0.480916,1.89313,-1.038168,1.054094,2.212016,1274,2220,946,1274,0,78.853,0,normal
1780600467.523371,17.70523220000905,17869,0.046143,-0.009521,1.037842,3.282443,2.908397,-0.015267,1.038911,4.385594,1275,2223,948,1275,1,78.853,17,normal
1780600467.5553823,17.737243299998227,17900,0.053223,0.002441,1.046143,0.282443,2.412214,-0.694656,1.047498,2.526084,1277,2226,949,1277,0,64.516,5,normal
1780600467.5867906,17.768651699996553,17931,0.058105,-0.040771,1.06665,1.312977,2.648855,-1.007634,1.06901,3.123406,1279,2230,951,1279,0,64.516,0,normal
1780600467.6181195,17.79998060000071,17963,0.038818,-0.033691,1.051025,2.816794,3.167939,-0.51145,1.052282,4.269865,1283,2236,953,1283,0,64.516,5,normal
1780600467.6480396,17.829900700002327,17994,0.051514,0.000732,1.044189,0.221374,2.778626,-1.236641,1.04546,3.049434,1285,2240,955,1285,0,64.516,1,normal
1780600467.6803792,17.86224040000525,18025,0.025391,-0.076416,1.039551,1.877863,2.442748,-0.045802,1.042665,3.081474,1286,2243,957,1286,1,64.516,17,normal
1780600467.7114215,17.893282699995325,18056,0.020264,-0.005615,1.049805,1.778626,2.366412,-0.473282,1.050015,2.997902,1289,2248,959,1289,0,64.516,1,normal
1780600467.7428188,17.924680099997204,18087,0.042236,-0.010742,1.051758,-0.076336,2.946565,-1.061069,1.05266,3.132721,1290,2250,960,1290,0,64.516,5,normal
1780600467.773828,17.955689099995652,18119,0.048828,-0.025391,1.036377,3.656489,3.70229,-0.21374,1.037837,5.207931,1292,2257,965,1292,1,64.516,3,normal
1780600467.804962,17.986822999999276,18150,0.069092,-0.00293,1.04126,0.267176,2.045802,-0.458015,1.043554,2.113401,1294,2260,966,1294,0,68.0,5,normal
1780600467.8356335,18.017494700005045,18181,0.055664,-0.050781,1.069336,1.458015,2.40458,-1.351145,1.071987,3.119841,1295,2262,967,1295,0,68.0,5,normal
1780600467.8673055,18.049166600001627,18212,0.044922,-0.035645,1.062744,3.122137,3.366412,-0.396947,1.06429,4.608475,1298,2266,968,1298,0,68.0,5,normal
1780600467.8980966,18.079957699999795,18243,0.056885,-0.007568,1.047852,-0.160305,2.541985,-1.175572,1.049422,2.805237,1301,2270,969,1301,0,68.0,5,normal
1780600467.9288597,18.1107209000038,18274,0.060059,-0.036865,1.059814,2.366412,2.480916,-0.21374,1.062155,3.435191,1303,2274,971,1303,0,68.0,0,normal
1780600467.9582129,18.140073899994604,18305,0.066406,-0.024902,1.054443,2.29771,2.694656,-0.374046,1.056826,3.560976,1307,2280,973,1307,0,68.0,5,normal
1780600467.9893613,18.171222400007537,18335,0.064697,0.006592,1.056396,0.122137,3.21374,-1.198473,1.058396,3.43211,1309,2284,975,1309,0,68.0,0,normal
1780600468.0195026,18.20136390000698,18366,0.040039,-0.081299,1.041016,2.29771,2.519084,0.145038,1.044953,3.412666,1310,2287,977,1310,1,68.0,18,normal
1780600468.0510285,18.23288959999627,18396,0.032471,-0.016846,1.056885,2.206107,2.610687,-0.29771,1.057518,3.430922,1312,2290,978,1312,0,68.0,5,normal
1780600468.0823953,18.264256399997976,18427,0.059082,-0.010254,1.05249,0.496183,3.145038,-0.984733,1.054197,3.332741,1313,2292,979,1313,0,68.592,5,normal
1780600468.1126714,18.294532500003697,18458,0.037842,-0.070312,1.050781,2.526718,2.40458,-0.618321,1.053811,3.542404,1315,2299,984,1315,1,68.592,3,normal
1780600468.1444736,18.326334600002156,18489,0.033691,-0.022949,1.052734,1.419847,2.496183,-0.244275,1.053523,2.882112,1319,2304,985,1319,0,68.592,0,normal
1780600468.1771824,18.35904360000859,18521,0.046387,-0.057129,1.070557,0.717557,2.343511,-1.206107,1.073083,2.731598,1320,2306,986,1320,0,68.592,5,normal
1780600468.207238,18.389099100008025,18552,0.052979,-0.023438,1.05957,3.229008,3.854962,-0.450382,1.061153,5.048768,1323,2310,987,1323,0,68.592,5,normal
1780600468.2380714,18.419932699995115,18584,0.035889,0.00415,1.033936,0.145038,2.763359,-1.099237,1.034566,2.9775,1324,2312,988,1324,0,68.592,5,normal
1780600468.2701788,18.452040000003763,18615,0.037842,-0.036377,1.046875,2.251908,2.862595,0.061069,1.04819,3.642701,1326,2318,992,1326,0,68.592,1,normal
1780600468.300687,18.482548300002236,18646,0.030518,-0.019775,1.045898,2.290076,2.244275,-0.412214,1.04653,3.232822,1329,2322,993,1329,0,68.592,5,normal
1780600468.3313987,18.513260000006994,18677,0.054688,0.01123,1.047119,0.48855,2.839695,-1.152672,1.048606,3.103417,1330,2324,994,1330,0,68.0,5,normal
1780600468.3628051,18.544666300003882,18708,0.031738,-0.056641,1.040039,2.48855,2.816794,-0.305344,1.042064,3.771,1331,2327,996,1331,1,68.0,18,normal
1780600468.393537,18.575398300003144,18739,0.022705,-0.010498,1.049072,1.603053,2.343511,-0.129771,1.04937,2.8423,1335,2332,997,1335,0,68.0,5,normal
1780600468.4243388,18.606199900008505,18770,0.004883,-0.035645,1.064209,0.572519,2.320611,-1.129771,1.064817,2.643746,1336,2334,998,1336,0,68.0,5,normal
1780600468.4552372,18.63709820000804,18801,0.042236,-0.024414,1.053955,3.442748,3.862595,0.007634,1.055084,5.174187,1339,2341,1002,1339,1,68.0,4,normal
1780600468.4865983,18.66845939999621,18832,0.034912,0.000488,1.033936,0.282443,3.045802,-0.427481,1.034525,3.088595,1342,2346,1004,1342,0,68.0,0,normal
1780600468.5171595,18.69902070000535,18863,0.030273,-0.039551,1.069092,1.412214,2.954198,-0.748092,1.070251,3.358761,1343,2348,1005,1343,0,68.0,5,normal
1780600468.548389,18.73025010000856,18894,0.042236,-0.029053,1.048096,2.687023,3.450382,-0.603053,1.049349,4.414624,1346,2352,1006,1346,0,68.0,5,normal
1780600468.5806582,18.76251939999929,18925,0.046387,0.013672,1.039795,0.152672,2.664122,-0.908397,1.040919,2.818872,1347,2354,1007,1347,0,68.0,5,normal
1780600468.6104777,18.792338900006143,18956,0.037842,-0.041016,1.049561,2.0,3.267176,0.137405,1.051043,3.833186,1349,2361,1012,1349,1,68.1,4,normal
1780600468.6429098,18.8247709999996,18987,0.025146,-0.022461,1.046631,2.015267,2.618321,-0.442748,1.047174,3.333606,1351,2365,1014,1351,1,68.1,3,normal
1780600468.6727438,18.854604899999686,19018,0.0625,-0.018066,1.054688,0.053435,3.007634,-1.175572,1.056692,3.229657,1353,2368,1015,1353,0,68.1,5,normal
1780600468.7043033,18.88616439999896,19049,0.056641,-0.057861,1.052734,2.496183,3.381679,-0.48855,1.055844,4.231473,1354,2371,1017,1354,1,68.1,18,normal
1780600468.7351117,18.916972899998655,19080,0.039795,-0.010498,1.055908,1.442748,2.335878,-0.396947,1.05671,2.774061,1358,2376,1018,1358,0,68.1,5,normal
1780600468.766737,18.948598100003437,19111,0.055176,-0.059082,1.069824,0.610687,1.847328,-1.21374,1.072874,2.293191,1361,2381,1020,1361,1,68.1,14,normal
1780600468.7985303,18.980391400007647,19143,0.059082,-0.027588,1.05835,3.427481,3.648855,-0.091603,1.060356,5.007011,1365,2386,1021,1365,0,68.1,6,normal
1780600468.8300374,19.011898600001587,19174,0.033447,-0.013428,1.044922,-0.152672,2.984733,-0.977099,1.045543,3.144306,1366,2388,1022,1366,0,68.1,5,normal
1780600468.8615766,19.043437700005597,19206,0.041504,-0.077881,1.054932,2.083969,2.129771,-0.091603,1.058616,2.981148,1367,2391,1024,1367,1,72.0,18,normal
1780600468.8928556,19.07471670000814,19238,0.035889,-0.019287,1.04541,1.412214,2.717557,-0.480916,1.046204,3.10012,1371,2396,1025,1371,0,72.0,5,normal
1780600468.9226775,19.10453860000416,19269,0.0271,-0.042725,1.052734,0.236641,2.40458,-0.832061,1.05395,2.555451,1372,2398,1026,1372,0,72.0,5,normal
1780600468.9545884,19.136449500001618,19300,0.045898,-0.015137,1.040527,3.541985,3.19084,-0.48855,1.041649,4.792264,1374,2405,1031,1374,1,72.0,3,normal
1780600468.9854217,19.167282900001737,19331,0.053711,0.02832,1.048828,0.259542,2.381679,-0.51145,1.050584,2.449763,1377,2410,1033,1377,0,72.0,1,normal
1780600469.018911,19.200771999996505,19362,0.028809,-0.037109,1.061035,1.465649,2.763359,-1.152672,1.062075,3.333606,1378,2412,1034,1378,0,72.0,5,normal
1780600469.0488036,19.230664700007765,19393,0.046143,-0.029297,1.054688,2.839695,2.938931,-0.503817,1.056103,4.117646,1381,2416,1035,1381,0,72.0,5,normal
1780600469.0832067,19.265067700005602,19425,0.039062,0.016846,1.045166,0.450382,2.549618,-0.80916,1.046031,2.712588,1382,2418,1036,1382,0,72.0,5,normal
1780600469.1110656,19.292926900001476,19456,0.040283,-0.045166,1.054932,1.938931,2.801527,-0.175573,1.056666,3.411574,1384,2425,1041,1384,1,68.0,4,normal
1780600469.1417348,19.323596000002,19487,0.046387,-0.015625,1.052734,1.89313,2.70229,-0.427481,1.053872,3.327018,1387,2430,1043,1387,0,68.0,1,normal
1780600469.1732106,19.355071800004225,19518,0.047607,-0.009277,1.063721,0.145038,2.664122,-1.053435,1.064826,2.868503,1388,2432,1044,1388,0,68.0,5,normal
1780600469.2043126,19.386173799997778,19549,0.054199,-0.063232,1.043213,3.114504,3.083969,-0.366412,1.046532,4.398325,1389,2435,1046,1389,1,68.0,17,normal
1780600469.2344542,19.416315299997223,19580,0.046875,0.023926,1.04126,1.236641,2.236641,-0.59542,1.042589,2.624189,1393,2440,1047,1393,0,68.0,5,normal
1780600469.2668905,19.44875170000887,19611,0.059326,-0.058105,1.063965,0.458015,1.984733,-1.152672,1.067201,2.340426,1397,2446,1049,1397,0,68.0,0,normal
1780600469.2973244,19.47918560000835,19642,0.037354,-0.032715,1.061523,3.122137,3.717557,-0.374046,1.062684,4.869074,1400,2450,1050,1400,0,68.0,5,normal
1780600469.3283348,19.510196000002907,19673,0.047119,-0.013184,1.040527,-0.549618,1.954198,-0.801527,1.041677,2.182525,1401,2452,1051,1401,0,68.0,5,normal
1780600469.3579762,19.539837300006184,19704,0.049805,-0.035156,1.061279,1.977099,2.816794,-0.839695,1.063029,3.542363,1402,2454,1052,1402,0,68.0,5,normal
1780600469.3903124,19.572173499997007,19735,0.037354,-0.030762,1.057129,2.641221,2.198473,-0.206107,1.058236,3.442646,1406,2460,1054,1406,0,78.853,5,normal
1780600469.4211218,19.602983100005076,19767,0.039551,-0.003174,1.055176,0.396947,2.465649,-0.969466,1.055922,2.678965,1407,2462,1055,1407,0,78.853,5,normal
1780600469.4554427,19.637303900002735,19798,0.017578,-0.078857,1.039307,2.435115,2.931298,-0.328244,1.042442,3.824922,1409,2469,1060,1409,1,78.853,3,normal
1780600469.4844503,19.666311599998153,19829,0.054932,-0.017822,1.046631,1.427481,2.885496,-0.320611,1.048223,3.23521,1415,2476,1061,1415,0,78.853,0,normal
1780600469.5164657,19.698326800003997,19861,0.053467,-0.054443,1.069824,0.51145,2.305344,-1.068702,1.072542,2.591971,1416,2478,1062,1416,0,78.853,5,normal
1780600469.547957,19.729818200008594,19892,0.042725,-0.026855,1.064453,3.389313,3.335878,-0.59542,1.065649,4.792708,1419,2482,1063,1419,0,78.853,5,normal
1780600469.5788424,19.760703599997214,19924,0.040527,0.015137,1.036377,0.21374,2.740458,-0.832061,1.03728,2.871954,1420,2484,1064,1420,0,78.853,5,normal
1780600469.6102424,19.79210360000434,19955,0.031982,-0.027588,1.055176,2.343511,2.679389,0.022901,1.056021,3.559733,1422,2490,1068,1422,0,78.853,1,normal
1780600469.6411757,19.823036800007685,19986,0.019531,-0.008789,1.059814,2.076336,2.564885,-0.343511,1.060031,3.317802,1425,2495,1070,1425,1,75.697,3,normal
1780600469.6713161,19.853177299999516,20017,0.040771,0.011719,1.053711,0.503817,3.053435,-1.274809,1.054564,3.347004,1427,2498,1071,1427,0,75.697,6,normal
1780600469.7035844,19.885445599997183,20048,0.04834,-0.057861,1.040772,2.458015,3.0,-0.351145,1.043499,3.894245,1428,2501,1073,1428,1,75.697,18,normal
1780600469.7339332,19.915794400003506,20079,0.042725,-0.017822,1.047119,1.465649,2.51145,-0.534351,1.048142,2.956525,1432,2506,1074,1432,0,75.697,5,normal
1780600469.7659805,19.947841700006393,20110,0.012939,-0.039062,1.054932,0.725191,2.51145,-1.167939,1.055734,2.863104,1435,2510,1075,1435,0,75.697,5,normal
1780600469.7961304,19.9779916999978,20141,0.057373,-0.026367,1.051025,3.503817,3.610687,-0.160305,1.05292,5.033834,1439,2515,1076,1439,1,75.697,17,normal
1780600469.8270066,20.008867700002156,20172,0.045898,-0.011475,1.037354,0.251908,2.435115,-0.496183,1.038432,2.497887,1441,2518,1077,1441,0,75.697,5,normal
1780600469.8590705,20.040931600000476,20203,0.056152,-0.047852,1.052246,1.633588,2.862595,-0.427481,1.054829,3.323522,1442,2520,1078,1442,0,75.697,5,normal
1780600469.8906384,20.072499600006267,20235,0.05957,-0.035889,1.053467,2.740458,2.236641,-0.496183,1.05576,3.571956,1446,2526,1080,1446,0,75.697,5,normal
1780600469.9214087,20.103269700004603,20266,0.048584,-0.001221,1.058106,-0.068702,2.931298,-0.824427,1.059221,3.045802,1447,2528,1081,1447,0,78.571,5,normal
1780600469.9523823,20.134243399996194,20297,0.034668,-0.077881,1.036133,2.305344,2.389313,-0.328244,1.039634,3.336341,1449,2535,1086,1449,1,78.571,4,normal
1780600469.9836886,20.165549700002884,20329,0.030518,-0.01709,1.056396,1.40458,2.885496,-0.709924,1.056975,3.28678,1459,2546,1087,1459,0,78.571,1,normal
1780600470.0151272,20.1969883999991,20360,0.017822,-0.047119,1.05835,0.442748,2.587786,-0.938931,1.059548,2.788235,1460,2548,1088,1460,0,78.571,5,normal
1780600470.0461776,20.22803890000796,20391,0.056885,-0.012939,1.063721,3.412214,3.229008,-0.465649,1.065319,4.72086,1462,2551,1089,1462,1,78.571,17,normal
1780600470.076999,20.258860100002494,20422,0.041748,-0.009033,1.015137,0.083969,2.832061,-0.70229,1.016035,2.919046,1464,2554,1090,1464,0,78.571,5,normal
1780600470.1080859,20.289946999997483,20453,0.065674,-0.040283,1.068115,1.610687,2.519084,-0.496183,1.07089,3.03089,1469,2560,1091,1469,0,78.571,0,normal
1780600470.1394258,20.321286799997324,20484,0.078613,-0.047119,1.066894,2.572519,2.824427,-0.290076,1.070824,3.831369,1472,2564,1092,1472,0,78.571,5,normal
1780600470.1697276,20.351588799996534,20515,0.052246,0.003418,1.049316,0.389313,2.503817,-1.061069,1.050622,2.747095,1475,2568,1093,1475,0,78.571,5,normal
1780600470.201706,20.38356699999713,20546,0.068848,-0.053711,1.057129,2.450382,2.656489,0.282443,1.060729,3.625062,1476,2571,1095,1476,1,103.571,18,normal
1780600470.2327738,20.414635000008275,20578,0.042725,-0.01416,1.058594,1.450382,2.40458,-0.580153,1.05955,2.867436,1478,2574,1096,1478,0,103.571,5,normal
1780600470.2636888,20.445550000004005,20609,0.012451,-0.032227,1.050537,0.435114,2.152672,-1.08397,1.051105,2.449145,1480,2578,1098,1480,0,103.571,5,normal
1780600470.2950437,20.47690490000241,20640,0.042236,-0.0354,1.039307,3.648855,2.717557,-0.274809,1.040767,4.557936,1483,2583,1100,1483,1,103.571,18,normal
1780600470.3265328,20.508393900003284,20671,0.060059,0.009766,1.037598,0.969466,2.480916,-0.610687,1.03938,2.732718,1485,2586,1101,1485,0,103.571,4,normal
1780600470.3577774,20.53963850000582,20702,0.047852,-0.051514,1.064209,1.137405,2.343511,-1.068702,1.066529,2.815646,1486,2588,1102,1486,0,103.571,5,normal
1780600470.387604,20.569465199994738,20733,0.032959,-0.022705,1.047852,3.557252,3.587786,-0.549618,1.048616,5.082158,1490,2594,1104,1490,0,103.571,5,normal
1780600470.4201052,20.60196630000428,20764,0.037354,-0.018066,1.032959,-0.137405,2.145038,-1.091603,1.033792,2.41074,1491,2596,1105,1491,0,103.571,5,normal
1780600470.4500349,20.631896000006236,20795,0.039062,-0.04541,1.049561,1.946565,2.564885,-0.114504,1.051268,3.221935,1492,2600,1108,1492,0,103.571,4,normal
1780600470.481839,20.66370000000461,20827,0.034668,-0.018311,1.062256,2.167939,2.21374,-0.656489,1.062979,3.167267,1495,2604,1109,1495,0,67.616,6,normal
1780600470.5125606,20.694421699998202,20858,0.052979,-0.011963,1.057861,0.557252,2.732824,-1.167939,1.059255,3.02373,1496,2606,1110,1496,0,67.616,5,normal
1780600470.5434659,20.725327000007383,20889,0.047852,-0.06543,1.042725,2.183206,2.961832,-0.549618,1.045871,3.720338,1497,2609,1112,1497,1,67.616,18,normal
1780600470.5740318,20.755892900007893,20920,0.031494,-0.005615,1.065186,1.099237,2.282443,-0.099237,1.065666,2.535294,1499,2612,1113,1499,0,67.616,4,normal
1780600470.605998,20.787859100004425,20951,0.045898,-0.04834,1.061523,0.870229,2.10687,-1.312977,1.063614,2.63061,1502,2616,1114,1502,1,67.616,5,normal
1780600470.6367686,20.81862980000733,20982,0.055664,-0.007813,1.046387,3.290076,3.259542,-0.51145,1.047895,4.659484,1506,2621,1115,1506,1,67.616,17,normal
1780600470.6703196,20.852180800007773,21013,0.025635,-0.011475,1.044189,0.068702,2.152672,-1.351145,1.044567,2.5425,1510,2626,1116,1510,0,67.616,5,normal
1780600470.7002108,20.88207190000685,21045,0.027344,-0.037842,1.051514,1.908397,2.725191,-0.145038,1.05255,3.330117,1511,2628,1117,1511,0,67.616,5,normal
1780600470.7311594,20.913020699998015,21076,0.034912,-0.023193,1.057129,2.541985,3.053435,-0.427481,1.05796,3.995984,1514,2632,1118,1514,0,67.616,5,normal
1780600470.7622545,20.944115599995712,21107,0.048096,0.020996,1.052734,0.0,2.938931,-0.977099,1.054042,3.097102,1516,2636,1120,1516,0,75.0,5,normal
1780600470.792433,20.97429430000193,21137,0.038086,-0.07251,1.043945,2.068702,2.770992,0.076336,1.047153,3.458866,1517,2641,1124,1517,1,75.0,18,normal
1780600470.8236089,21.005470000003697,21169,0.027832,-0.009277,1.059814,1.259542,2.625954,-0.519084,1.06022,2.958298,1519,2644,1125,1519,0,75.0,5,normal
1780600470.8547356,21.036596799996914,21199,0.020752,-0.041016,1.052978,0.656489,2.412214,-1.022901,1.053981,2.701126,1520,2646,1126,1520,0,75.0,5,normal
1780600470.886077,21.067938100008178,21231,0.044189,-0.037598,1.037354,3.572519,2.862595,-0.335878,1.038975,4.590224,1522,2651,1129,1522,1,75.0,14,normal
1780600470.9168744,21.09873559999687,21262,0.041748,-0.001709,1.049316,1.068702,2.519084,-0.755725,1.050148,2.838843,1524,2654,1130,1524,0,75.0,5,normal
1780600470.9485526,21.130413699997007,21292,0.035156,-0.04541,1.033936,0.687023,2.473282,-1.274809,1.035529,2.866054,1527,2658,1131,1527,0,75.0,5,normal
1780600470.9773724,21.159233600003063,21323,0.041748,-0.003662,1.046875,3.480916,3.725191,-0.503817,1.047714,5.123246,1529,2661,1132,1529,1,75.0,17,normal
1780600471.0080986,21.189959800001816,21353,0.039551,0.005127,1.039307,0.450382,2.251908,-0.587786,1.040072,2.370533,1531,2664,1133,1531,0,75.0,5,normal
1780600471.0388062,21.220667300003697,21384,0.049561,-0.043213,1.061523,1.045802,2.091603,-1.068702,1.063558,2.571114,1533,2668,1135,1533,0,61.372,1,normal
1780600471.0703394,21.25220050000644,21415,0.057129,-0.033203,1.064453,3.10687,3.625954,-0.656489,1.066502,4.819872,1536,2672,1136,1536,0,61.372,5,normal
1780600471.1015756,21.283436800003983,21446,0.046143,-0.023193,1.041992,0.030534,2.610687,-0.801527,1.043271,2.731129,1538,2676,1138,1538,0,61.372,5,normal
1780600471.132132,21.313993100004154,21477,0.053467,-0.050293,1.050293,2.312977,2.870229,-0.290076,1.052855,3.697597,1539,2680,1141,1539,0,61.372,4,normal
1780600471.1641178,21.345979000005173,21509,0.022705,-0.009766,1.052246,1.664122,2.877863,-0.40458,1.052536,3.348892,1543,2686,1143,1543,0,61.372,5,normal
1780600471.1950493,21.376910499995574,21540,0.032715,-0.036621,1.051514,0.122137,2.435115,-0.832061,1.05266,2.576243,1544,2688,1144,1544,0,61.372,5,normal
1780600471.2270672,21.408928400007426,21572,0.045898,0.0,1.050049,3.534351,2.732824,-0.152672,1.051052,4.470266,1545,2691,1146,1545,1,61.372,17,normal
1780600471.258071,21.439932199995383,21603,0.053467,-0.006348,1.016602,0.977099,2.167939,-0.312977,1.018026,2.398466,1548,2696,1148,1548,0,61.372,5,normal
1780600471.2904565,21.472317699997802,21634,0.052734,-0.054932,1.064941,1.908397,2.381679,-1.19084,1.06766,3.276046,1551,2700,1149,1551,0,72.0,5,normal
1780600471.3203948,21.502256000007037,21665,0.060791,-0.023193,1.053223,2.847328,3.320611,-0.564886,1.05523,4.410536,1555,2706,1151,1555,0,72.0,5,normal
1780600471.3530684,21.534929600005853,21697,0.064453,-0.019287,1.038086,0.305344,3.137405,-0.679389,1.040264,3.22461,1556,2708,1152,1556,0,72.0,5,normal
1780600471.3828976,21.564758699998492,21728,0.022705,-0.076904,1.043213,1.870229,2.091603,0.290076,1.04629,2.820763,1558,2713,1155,1558,1,72.0,15,normal
1780600471.4130573,21.594918400005554,21758,0.058838,-0.016357,1.05835,1.908397,2.59542,-0.450382,1.06011,3.252849,1562,2718,1156,1562,0,72.0,5,normal
1780600471.443738,21.625599100007094,21789,0.071289,0.010742,1.063721,0.335878,2.900763,-1.137405,1.066161,3.133836,1564,2722,1158,1564,0,72.0,5,normal
1780600471.4759946,21.657855700002983,21820,0.035156,-0.062744,1.038574,2.381679,2.648855,-0.48855,1.041062,3.595485,1565,2725,1160,1565,1,72.0,17,normal
1780600471.5057023,21.687563400002546,21851,0.031006,-0.013672,1.057617,1.129771,2.709924,-0.40458,1.05816,2.96374,1567,2728,1161,1567,0,72.0,5,normal
1780600471.5364504,21.718311500007985,21882,0.030029,-0.039551,1.067383,0.793893,2.053435,-1.0,1.068537,2.418028,1569,2732,1163,1569,0,72.0,0,normal
1780600471.5680416,21.749902700001257,21913,0.063477,-0.030762,1.04834,3.534351,3.29771,-0.557252,1.05071,4.865908,1570,2735,1165,1570,1,68.1,17,normal
1780600471.5989895,21.78085060000012,21944,0.032715,0.008789,1.03418,0.427481,2.099237,-0.847328,1.034734,2.303801,1573,2740,1167,1573,0,68.1,5,normal
1780600471.6312957,21.813156899996102,21975,0.024902,-0.043213,1.063232,1.671756,2.603053,-1.374046,1.064402,3.385064,1576,2744,1168,1576,0,68.1,5,normal
1780600471.6608398,21.842700900000636,22006,0.03833,-0.029541,1.058106,2.847328,3.70229,-0.603053,1.059212,4.709342,1580,2750,1170,1580,0,68.1,5,normal
1780600471.6926017,21.874462799998582,22037,0.046875,-0.020752,1.042969,-0.427481,2.80916,-0.961832,1.044228,2.999874,1581,2752,1171,1581,0,68.1,5,normal
1780600471.7234051,21.90526640000462,22068,0.032471,-0.042236,1.04248,2.290076,2.450382,-0.236641,1.043841,3.362264,1582,2754,1172,1582,0,68.1,5,normal
1780600471.754737,21.936598100000992,22099,0.029053,-0.011719,1.053711,1.977099,3.129771,-0.328244,1.054176,3.716468,1586,2760,1174,1586,0,68.1,5,normal
1780600471.7850401,21.96690139999555,22130,0.046387,0.00415,1.061523,0.183206,3.183206,-0.70229,1.062545,3.264901,1588,2764,1176,1588,0,68.1,5,normal
1780600471.8172743,21.999135599995498,22161,0.039307,-0.068604,1.051514,2.580153,2.450382,-0.328244,1.054482,3.573416,1590,2769,1179,1590,1,68.1,14,normal
1780600471.8462877,22.02814880000369,22192,0.018066,-0.017822,1.059326,1.251908,2.412214,-0.396947,1.05963,2.746565,1592,2772,1180,1592,0,78.853,5,normal
1780600471.876467,22.058328099999926,22223,0.009766,-0.032959,1.062012,0.572519,2.59542,-1.175572,1.062568,2.906192,1594,2776,1182,1594,0,78.853,0,normal
1780600471.908802,22.090663299997686,22253,0.04541,-0.000244,1.04126,3.687023,2.572519,-0.091603,1.042249,4.496708,1595,2779,1184,1595,1,78.853,18,normal
1780600471.9396055,22.12146660000144,22284,0.052979,0.016602,1.03833,1.167939,2.732824,-0.679389,1.039813,3.048603,1598,2784,1186,1598,0,78.853,5,normal
1780600471.9710891,22.152950200004852,22315,0.028076,-0.058105,1.059326,0.763359,1.793893,-0.992366,1.06129,2.187592,1599,2786,1187,1599,0,78.853,5,normal
1780600472.0023515,22.18421279999893,22346,0.035156,-0.021729,1.055664,3.572519,3.389313,-0.694656,1.056473,4.973216,1602,2790,1188,1602,0,78.853,5,normal
1780600472.0333335,22.215194600008545,22378,0.035156,-0.022705,1.030273,0.083969,2.458015,-1.007634,1.031123,2.657859,1604,2794,1190,1604,0,78.853,0,normal
1780600472.0703368,22.252197900001192,22415,0.055176,-0.052979,1.040283,1.969466,2.564885,-0.015267,1.043092,3.233831,1607,2798,1191,1607,0,78.853,0,normal
1780600472.1023378,22.284198900000774,22446,0.060791,-0.023682,1.049072,0.038168,2.496183,-0.984733,1.051099,2.68367,1609,2802,1193,1609,0,66.929,5,normal
1780600472.133866,22.31572729999607,22477,0.026855,-0.060547,1.044434,2.183206,2.587786,-0.099237,1.046532,3.387163,1610,2807,1197,1610,1,66.929,18,normal
1780600472.1674984,22.349359400002868,22508,0.028076,-0.016846,1.052734,1.984733,2.389313,0.061069,1.053243,3.10672,1614,2812,1198,1614,0,66.929,5,normal
1780600472.1933596,22.37522080000781,22539,0.050781,-0.00415,1.063232,0.450382,2.664122,-0.938931,1.064452,2.860416,1615,2814,1199,1615,0,66.929,5,normal
1780600472.2253428,22.40720400000282,22570,0.042236,-0.07373,1.048096,2.251908,2.732824,-0.572519,1.051534,3.587088,1616,2817,1201,1616,1,66.929,18,normal
1780600472.255488,22.437349100000574,22601,0.034912,-0.013916,1.053955,1.198473,2.0,-0.030534,1.054625,2.331796,1619,2822,1203,1619,0,66.929,5,normal
1780600472.2862868,22.468147899999167,22631,0.029297,-0.042725,1.058594,0.328244,2.70229,-1.08397,1.059861,2.930035,1621,2826,1205,1621,0,66.929,5,normal
1780600472.3164704,22.4983315999998,22662,0.061035,-0.0354,1.045898,3.435115,3.320611,-0.267176,1.048276,4.78517,1623,2831,1208,1623,1,66.929,14,normal
1780600472.3482125,22.53007360000629,22693,0.033691,-0.001221,1.042969,0.648855,1.282443,-0.633588,1.043513,1.570702,1625,2834,1209,1625,0,66.929,5,normal
1780600472.3798091,22.561670199997025,22724,0.029541,-0.043945,1.056641,1.534351,2.167939,-1.198473,1.057967,2.913852,1627,2838,1211,1627,0,64.748,1,normal
1780600472.411182,22.593043000000762,22755,0.041748,-0.034424,1.054443,3.061069,2.89313,-0.320611,1.055831,4.224113,1630,2842,1212,1630,0,64.748,6,normal
1780600472.442041,22.623902000006638,22787,0.054688,-0.008301,1.051025,0.076336,3.007634,-1.167939,1.05248,3.227347,1632,2846,1214,1632,0,64.748,5,normal
1780600472.4747727,22.65663389999827,22818,0.041504,-0.071533,1.040772,2.045802,2.412214,0.328244,1.044052,3.17991,1633,2849,1216,1633,1,64.748,17,normal
1780600472.50552,22.68738129999838,22850,0.037354,-0.010498,1.054199,1.022901,2.351145,-0.381679,1.054913,2.592275,1635,2852,1217,1635,0,64.748,5,normal
1780600472.5378344,22.719695499996305,22882,0.020508,-0.05127,1.055908,0.458015,2.419847,-0.938931,1.057351,2.635722,1636,2854,1218,1636,0,64.748,5,normal
1780600472.5686154,22.75047660000564,22913,0.03418,-0.02417,1.054688,3.763359,3.0,-0.183206,1.055518,4.816268,1638,2857,1219,1638,1,64.748,16,normal
1780600472.5985398,22.780400899995584,22944,0.043945,-0.000732,1.038086,0.091603,2.778626,-0.832061,1.039016,2.901978,1641,2862,1221,1641,0,64.748,5,normal
1780600472.630805,22.812666199999512,22975,0.023193,-0.024658,1.058106,1.91603,2.755725,-0.473282,1.058647,3.389571,1644,2866,1222,1644,0,67.729,5,normal
1780600472.6617131,22.84357440000167,23006,0.05127,-0.016602,1.053223,2.862595,3.358779,-0.427481,1.0546,4.4338,1648,2872,1224,1648,0,67.729,5,normal
1780600472.6921818,22.874042900002678,23037,0.049805,0.014893,1.059326,0.076336,2.984733,-0.70229,1.060601,3.067192,1649,2874,1225,1649,0,67.729,5,normal
1780600472.7244132,22.90627439999662,23069,0.054443,-0.068604,1.053955,2.045802,3.061069,-0.51145,1.057588,3.717126,1650,2877,1227,1650,1,67.729,17,normal
1780600472.7550848,22.936945800000103,23100,0.042236,-0.010742,1.063232,1.10687,2.305344,-0.549618,1.064125,2.615693,1653,2882,1229,1653,0,67.729,5,normal
1780600472.7862136,22.96807479999552,23131,0.044189,-0.043457,1.063477,0.374046,2.129771,-0.679389,1.065281,2.266584,1656,2886,1230,1656,0,67.729,5,normal
1780600472.8168607,22.998721800002386,23162,0.042236,-0.003418,1.057861,3.656489,3.038168,-0.267176,1.05871,4.761487,1658,2889,1231,1658,1,67.729,17,normal
1780600472.8469644,23.02882550000504,23193,0.036377,-0.003906,1.037354,0.526718,1.877863,-1.0,1.037998,2.191757,1660,2892,1232,1660,0,67.729,5,normal
1780600472.8780873,23.059948399997666,23223,0.04248,-0.046875,1.066894,0.801527,2.59542,-1.305344,1.068768,3.01373,1662,2896,1234,1662,0,67.729,0,normal
1780600472.9089959,23.090857100003632,23254,0.048584,-0.029053,1.058106,3.503817,3.427481,-0.496183,1.059619,4.926516,1665,2900,1235,1665,0,75.269,5,normal
1780600472.9406824,23.12254350000876,23286,0.042969,-0.001953,1.046631,0.152672,2.587786,-1.206107,1.047514,2.859133,1667,2904,1237,1667,0,75.269,5,normal
1780600472.9721055,23.153966700003366,23317,0.042969,-0.04834,1.040039,1.977099,2.206107,-0.206107,1.042048,2.969564,1668,2907,1239,1668,1,75.269,18,normal
1780600473.0043063,23.18616739999561,23349,0.034424,-0.008789,1.047363,1.473282,2.496183,-0.496183,1.047966,2.940695,1670,2910,1240,1670,0,75.269,5,normal
1780600473.0362427,23.218103899998823,23380,0.039062,-0.010986,1.065186,0.053435,3.198473,-1.068702,1.065958,3.372716,1671,2912,1241,1671,0,75.269,5,normal
1780600473.0809772,23.262838399998145,23411,0.063721,-0.032715,1.046143,3.10687,2.801527,-0.419847,1.048592,4.204458,1672,2915,1243,1672,1,75.269,18,normal
1780600473.0966127,23.278473800004576,23442,0.057861,0.005615,1.046875,1.114504,2.656489,-0.427481,1.048488,2.912352,1675,2920,1245,1675,0,75.269,5,normal
1780600473.1289966,23.310857699994813,23473,0.055664,-0.046387,1.071777,1.458015,2.587786,-0.946565,1.074224,3.11744,1678,2924,1246,1678,0,75.269,5,normal
1780600473.1591375,23.340998700005002,23504,0.043945,-0.024414,1.055176,3.122137,3.51145,-0.526718,1.056373,4.728156,1682,2930,1248,1682,0,68.0,5,normal
1780600473.1903481,23.37220929999603,23535,0.060791,-0.020752,1.043457,-0.19084,2.687023,-0.923664,1.045432,2.847748,1683,2932,1249,1683,0,68.0,5,normal
1780600473.222314,23.404175100004068,23566,0.044434,-0.038818,1.039795,2.541985,2.236641,-0.480916,1.041468,3.419873,1684,2934,1250,1684,0,68.0,5,normal
1780600473.2525787,23.434439999997267,23598,0.034668,-0.009766,1.057129,1.954198,3.137405,-0.229008,1.057742,3.703329,1688,2940,1252,1688,0,68.0,5,normal
1780600473.2829936,23.464854699996067,23628,0.064941,-0.000977,1.054932,0.290076,3.122137,-0.870229,1.056929,3.254103,1690,2944,1254,1690,0,68.0,5,normal
1780600473.314924,23.496785199997248,23659,0.041016,-0.071777,1.041748,2.442748,2.328244,-0.076336,1.045023,3.375436,1691,2947,1256,1691,1,68.0,18,normal
1780600473.3449087,23.526769799995236,23690,0.049805,-0.02002,1.057373,1.89313,2.053435,-0.305344,1.058735,2.809586,1693,2950,1257,1693,0,68.0,5,normal
1780600473.3750775,23.55693859999883,23721,0.006348,-0.035156,1.070557,0.694656,2.282443,-1.351145,1.071153,2.74184,1695,2954,1259,1695,0,68.0,1,normal
1780600473.407354,23.58921520000149,23751,0.057129,-0.069092,1.044678,2.419847,2.740458,-0.541985,1.048518,3.695878,1696,2957,1261,1696,1,68.0,17,normal
1780600473.4373906,23.61925180000253,23782,0.055176,-0.024902,1.046631,1.351145,2.458015,-0.206107,1.04838,2.812457,1699,2962,1263,1699,0,61.151,5,normal
1780600473.4689295,23.650790700005018,23813,0.02417,-0.04541,1.064697,0.687023,2.572519,-0.946565,1.065939,2.825923,1700,2964,1264,1700,0,61.151,5,normal
1780600473.5001774,23.682038500002818,23844,0.05249,-0.020752,1.051514,3.335878,3.229008,-0.305344,1.053027,4.65272,1702,2967,1265,1702,1,61.151,16,normal
1780600473.5321274,23.713988500006963,23876,0.03125,-0.01416,1.031982,0.076336,2.48855,-0.587786,1.032552,2.558164,1704,2970,1266,1704,0,61.151,5,normal
1780600473.562371,23.744232199998805,23907,0.03418,-0.038086,1.045166,2.564885,2.358779,0.091603,1.046418,3.485809,1705,2972,1267,1705,0,61.151,5,normal
1780600473.5933933,23.7752543999959,23938,0.015869,-0.01416,1.053711,2.763359,2.465649,-0.381679,1.053926,3.723071,1709,2978,1269,1709,0,61.151,5,normal
1780600473.62457,23.806431000004523,23969,0.047852,0.001953,1.05835,0.328244,3.328244,-1.030534,1.059433,3.499565,1711,2982,1271,1711,0,61.151,5,normal
1780600473.6556463,23.837507500007632,24000,0.009033,-0.063232,1.036621,2.022901,3.244275,-0.145038,1.038587,3.826027,1713,2987,1274,1713,1,61.151,14,normal
1780600473.686053,23.867914300004486,24031,0.03418,-0.011475,1.067139,1.389313,2.015267,-0.885496,1.067748,2.602998,1715,2990,1275,1715,0,61.151,5,normal
1780600473.7181835,23.900044699999853,24062,0.013916,-0.036377,1.062988,0.442748,2.030534,-0.709924,1.063702,2.196153,1716,2992,1276,1716,0,60.714,5,normal
1780600473.748923,23.930784299998777,24094,0.056152,-0.024902,1.050293,3.335878,3.206107,-0.305344,1.052088,4.636856,1719,2997,1278,1719,1,60.714,3,normal
1780600473.779512,23.961372999998275,24125,0.027344,-0.003174,1.041992,0.236641,2.564885,-1.061069,1.042356,2.785768,1722,3002,1280,1722,0,60.714,5,normal
1780600473.8123527,23.994213800004218,24156,0.037354,-0.035645,1.057129,1.618321,2.427481,-0.748092,1.058389,3.011854,1723,3004,1281,1723,0,60.714,5,normal
1780600473.8428614,24.024722500005737,24187,0.044189,-0.030029,1.043457,2.48855,2.610687,-0.679389,1.044824,3.670168,1726,3008,1282,1726,0,60.714,6,normal
1780600473.8745868,24.056448100003763,24219,0.031494,0.003662,1.058838,0.328244,2.80916,-0.977099,1.059312,2.992298,1728,3012,1284,1728,0,60.714,1,normal
1780600473.9043627,24.086223899998004,24250,0.028564,-0.071777,1.03833,2.335878,2.59542,-0.312977,1.0412,3.505779,1729,3015,1286,1729,1,60.714,17,normal
1780600473.9367235,24.11858460000076,24281,0.028564,-0.01123,1.049561,1.229008,2.89313,-0.496183,1.050009,3.182272,1732,3020,1288,1732,0,60.714,5,normal
1780600473.9678316,24.149692799997865,24312,0.017822,-0.043945,1.056396,0.748092,2.664122,-0.412214,1.05746,2.797697,1733,3022,1289,1733,0,68.0,5,normal
1780600473.9993443,24.18120540000382,24343,0.043701,-0.01123,1.044922,3.496183,3.045802,-0.59542,1.045896,4.674904,1735,3025,1290,1735,1,68.0,17,normal
1780600474.0286438,24.210504999995464,24374,0.037598,0.013916,1.041504,0.198473,2.412214,-0.709924,1.042275,2.522332,1738,3030,1292,1738,0,68.0,1,normal
1780600474.0592442,24.24110539999674,24405,0.043213,-0.039307,1.067627,1.519084,2.259542,-1.29771,1.069224,3.016156,1739,3032,1293,1739,0,68.0,5,normal
1780600474.0902045,24.27206560000195,24435,0.041748,-0.018311,1.050781,3.198473,3.374046,-0.549618,1.05177,4.681506,1742,3037,1295,1742,1,68.0,3,normal
1780600474.120591,24.302452200005064,24466,0.021973,-0.005859,1.037354,-0.030534,1.755725,-0.931298,1.037603,1.987667,1745,3042,1297,1745,0,68.0,5,normal
1780600474.1522691,24.334130200004438,24497,0.041748,-0.039551,1.061279,1.603053,2.183206,-0.694656,1.062836,2.796197,1747,3046,1299,1747,0,68.0,0,normal
1780600474.182586,24.36444710000069,24528,0.046631,-0.023438,1.049805,2.770992,2.977099,-0.320611,1.051101,4.079744,1750,3050,1300,1750,0,68.0,5,normal
1780600474.213888,24.395749200004502,24559,0.040283,0.016113,1.045654,0.229008,3.129771,-0.961832,1.046554,3.28223,1751,3052,1301,1751,0,68.0,5,normal
1780600474.2455623,24.427423500004807,24590,0.067871,-0.053223,1.047119,2.038168,2.442748,0.007634,1.050665,3.181384,1753,3057,1304,1753,1,71.942,3,normal
1780600474.276849,24.458710300008534,24621,0.025635,-0.021973,1.048828,1.748092,2.137405,-0.587786,1.049371,2.823086,1756,3062,1306,1756,0,71.942,5,normal
1780600474.308068,24.489929200004553,24652,0.037842,-0.0271,1.060303,0.290076,2.48855,-0.854962,1.061324,2.64726,1758,3066,1308,1758,0,71.942,0,normal
1780600474.3397005,24.521561600005953,24684,0.058105,-0.014404,1.050049,3.221374,3.419847,-0.496183,1.051754,4.724278,1759,3069,1310,1759,1,71.942,18,normal
1780600474.370975,24.552836200004094,24715,0.055908,0.013428,1.036377,0.167939,2.465649,-0.343511,1.037971,2.495121,1762,3074,1312,1762,0,71.942,1,normal
1780600474.4024088,24.584270100007416,24746,0.056885,-0.041992,1.065918,1.587786,2.152672,-1.08397,1.06826,2.886183,1764,3078,1314,1764,0,71.942,0,normal
1780600474.4334285,24.615289800000028,24778,0.054199,-0.034424,1.057373,3.122137,2.709924,-0.335878,1.059321,4.1478,1768,3084,1316,1768,0,71.942,5,normal
1780600474.4646487,24.646510000005946,24809,0.064453,0.004395,1.040772,0.335878,3.198473,-0.946565,1.042775,3.352466,1769,3086,1317,1769,0,71.942,5,normal
1780600474.4957426,24.67760370000906,24840,0.075684,-0.046631,1.066894,2.083969,2.496183,-0.091603,1.070592,3.253037,1770,3089,1319,1770,1,68.0,18,normal
1780600474.5272563,24.709117300008074,24871,0.014404,-0.01001,1.052734,1.900763,2.503817,-0.465649,1.05288,3.177866,1773,3094,1321,1773,0,68.0,1,normal
1780600474.557836,24.739697199998773,24903,0.009033,-0.041992,1.044678,0.656489,2.603053,-1.007634,1.04556,2.867436,1774,3096,1322,1774,0,68.0,5,normal
1780600474.5882246,24.770085900003323,24933,0.037598,-0.061279,1.043457,2.740458,3.572519,-0.229008,1.045931,4.508375,1776,3101,1325,1776,1,68.0,3,normal
1780600474.619134,24.800994999997783,24964,0.026855,0.017334,1.047119,1.290076,1.91603,-0.80916,1.047607,2.447491,1780,3106,1326,1780,0,68.0,5,normal
1780600474.650932,24.83279329999641,24995,0.026611,-0.042725,1.071533,0.70229,2.458015,-0.946565,1.072715,2.725992,1781,3108,1327,1781,0,68.0,5,normal
1780600474.680482,24.862343000000692,25026,0.035645,-0.010254,1.046143,3.29771,3.274809,-0.198473,1.0468,4.651737,1783,3111,1328,1783,1,68.0,16,normal
1780600474.7131479,24.895009100000607,25057,0.024658,-0.015381,1.039795,0.061069,2.274809,-1.320611,1.040201,2.631064,1785,3114,1329,1785,0,68.0,5,normal
1780600474.7433863,24.92524749999575,25088,0.038574,-0.039551,1.066894,1.648855,2.793893,-0.725191,1.068324,3.324224,1788,3118,1330,1788,0,68.0,0,normal
1780600474.7739644,24.955825600001845,25119,0.047119,-0.0271,1.056152,2.618321,3.061069,-0.450382,1.05755,4.05322,1792,3124,1332,1792,0,78.853,5,normal
1780600474.8046312,24.986492299998645,25150,0.046875,0.002686,1.051758,0.396947,3.145038,-0.923664,1.052805,3.301816,1794,3128,1334,1794,0,78.853,1,normal
1780600474.836619,25.018479999998817,25181,0.03833,-0.070557,1.041504,2.145038,2.427481,0.007634,1.044594,3.239431,1795,3131,1336,1795,1,78.853,17,normal
1780600474.8668942,25.048755299998447,25212,0.031006,-0.017578,1.052734,2.0,2.847328,-0.541985,1.053338,3.521509,1797,3134,1337,1797,0,78.853,5,normal
1780600474.897281,25.07914200000232,25242,0.063721,0.000244,1.059082,0.526718,3.381679,-1.167939,1.060997,3.61625,1798,3136,1338,1798,0,78.853,5,normal
1780600474.9279022,25.10976330000267,25273,0.04248,-0.067383,1.041016,2.282443,2.343511,-0.259542,1.044059,3.281608,1800,3143,1343,1800,1,78.853,3,normal
1780600474.9595854,25.141446499997983,25304,0.046875,-0.017578,1.055176,1.473282,2.801527,-0.839695,1.056363,3.274782,1802,3146,1344,1802,0,78.853,5,normal
1780600474.9904046,25.172265800007153,25335,0.004639,-0.045654,1.052246,0.465649,2.900763,-0.900763,1.053246,3.072886,1803,3148,1345,1803,0,78.853,5,normal
1780600475.0209084,25.202769600000465,25366,0.050049,-0.009766,1.043457,3.21374,2.923664,-0.122137,1.044702,4.346361,1804,3151,1347,1804,1,78.853,17,normal
1780600475.051897,25.23375820000365,25397,0.02832,-0.001709,1.031738,0.419847,2.21374,-0.732824,1.032128,2.369378,1808,3156,1348,1808,0,57.554,5,normal
1780600475.0833864,25.26524760000757,25428,0.026367,-0.038086,1.053223,1.458015,2.587786,-0.900763,1.054241,3.10384,1812,3162,1350,1812,0,57.554,0,normal
1780600475.1159365,25.297797599996557,25460,0.052002,-0.033691,1.055176,2.816794,2.335878,-0.580153,1.056994,3.705028,1815,3166,1351,1815,0,57.554,5,normal
1780600475.1490226,25.33088370000769,25491,0.046631,0.001221,1.047363,0.076336,2.992366,-1.167939,1.048402,3.213124,1816,3168,1352,1816,0,57.554,5,normal
1780600475.178682,25.360543300004792,25522,0.045898,-0.071777,1.041748,2.045802,2.267176,0.068702,1.045226,3.054523,1817,3171,1354,1817,1,57.554,18,normal
1780600475.2093809,25.391242099998635,25554,0.026855,-0.018555,1.044434,1.206107,2.076336,-0.312977,1.044944,2.421532,1821,3176,1355,1821,0,57.554,5,normal
1780600475.239587,25.42144819999521,25585,0.023926,-0.043701,1.066406,0.496183,2.40458,-0.992366,1.067569,2.648206,1822,3178,1356,1822,0,57.554,5,normal
1780600475.2713382,25.453199499999755,25615,0.044678,-0.061279,1.033936,2.427481,3.145038,-0.503817,1.036713,4.004718,1824,3185,1361,1824,1,57.554,3,normal
1780600475.3011594,25.483020600004238,25646,0.060791,0.003906,1.053467,0.923664,2.435115,-0.549618,1.055227,2.66177,1827,3190,1363,1827,0,57.554,1,normal
1780600475.3336492,25.515510400000494,25677,0.044922,-0.045654,1.076172,0.687023,2.160305,-0.954198,1.078076,2.459556,1828,3192,1364,1828,0,71.429,5,normal
1780600475.3652642,25.547125299999607,25709,0.05542,-0.032959,1.055664,3.022901,2.916031,-0.328244,1.057632,4.212945,1831,3196,1365,1831,0,71.429,5,normal
1780600475.3970842,25.57894550000492,25741,0.071533,0.015869,1.049072,0.534351,3.083969,-0.717557,1.051628,3.211119,1832,3198,1366,1832,0,71.429,5,normal
1780600475.4281054,25.609966600008192,25772,0.043945,-0.064941,1.045654,1.854962,3.083969,-0.534351,1.04859,3.638308,1834,3205,1371,1834,1,71.429,4,normal
1780600475.4597704,25.64163159999589,25804,0.049561,-0.005859,1.062256,1.580153,2.358779,-0.282443,1.063427,2.853155,1837,3210,1373,1837,0,71.429,0,normal
1780600475.4905782,25.672439400004805,25835,0.053223,-0.033936,1.056641,0.282443,2.59542,-1.053435,1.058524,2.815262,1838,3212,1374,1838,0,71.429,5,normal
1780600475.5218067,25.703667800000403,25866,0.056152,-0.049805,1.037354,3.465649,2.900763,-0.312977,1.040065,4.530244,1839,3215,1376,1839,1,71.429,18,normal
1780600475.5524817,25.734342900002957,25897,0.05542,0.013184,1.049805,0.70229,2.778626,-0.625954,1.051349,2.933563,1841,3218,1377,1841,0,71.429,5,normal
1780600475.5846455,25.766506600004504,25928,0.068848,-0.063477,1.069092,1.435114,2.450382,-1.389313,1.073185,3.161347,1846,3224,1378,1846,0,71.713,1,normal
1780600475.6167572,25.798618200002238,25960,0.038086,-0.031982,1.055908,2.603053,2.916031,-0.343511,1.057079,3.923916,1849,3228,1379,1849,0,71.713,6,normal
1780600475.647032,25.828893199999584,25991,0.025391,-0.018799,1.040039,0.450382,2.740458,-0.862595,1.040519,2.908096,1850,3230,1380,1850,0,71.713,5,normal
1780600475.6765482,25.858409499996924,26022,0.03833,-0.054199,1.041016,2.129771,3.183206,0.045802,1.04313,3.830251,1851,3233,1382,1851,1,71.713,18,normal
1780600475.7079499,25.88981110000168,26052,0.012207,-0.015625,1.05542,2.099237,2.267176,-0.587786,1.055606,3.145214,1855,3238,1383,1855,0,71.713,5,normal
1780600475.7392294,25.921090500007267,26084,0.04834,-0.002197,1.054443,0.656489,3.145038,-1.068702,1.055553,3.385907,1856,3240,1384,1856,0,71.713,5,normal
1780600475.7704227,25.95228379999753,26115,0.044434,-0.058105,1.039551,2.305344,3.076336,-0.564886,1.042121,3.885556,1857,3245,1388,1857,1,71.713,18,normal
1780600475.8016675,25.983528700002353,26146,0.037354,-0.01709,1.044922,1.610687,2.519084,-0.236641,1.045729,2.999349,1859,3248,1389,1859,0,71.713,5,normal
1780600475.832859,26.014720300008776,26177,0.061279,-0.065674,1.072998,1.091603,2.496183,-0.78626,1.076751,2.835618,1860,3250,1390,1860,0,71.713,5,normal
1780600475.8650165,26.046877700006007,26209,0.060547,-0.020752,1.057373,3.129771,3.633588,-0.259542,1.059308,4.802686,1864,3256,1392,1864,0,64.057,5,normal
1780600475.8962188,26.078080000006594,26240,0.032227,-0.027588,1.04834,-0.038168,2.763359,-0.885496,1.049198,2.902019,1865,3258,1393,1865,0,64.057,5,normal
1780600475.9281607,26.110021800006507,26272,0.0354,-0.036133,1.053223,2.351145,2.320611,-0.175573,1.054437,3.308163,1867,3265,1398,1867,1,64.057,3,normal
1780600475.9595525,26.14141359999485,26303,0.017822,-0.014648,1.051758,1.78626,2.694656,-0.496183,1.052011,3.270794,1869,3269,1400,1869,1,64.057,4,normal
1780600476.0061867,26.18804789999558,26334,0.046631,-0.008789,1.050781,0.473282,2.854962,-1.229008,1.051852,3.144084,1871,3272,1401,1871,0,64.057,5,normal
1780600476.0214677,26.20332889999554,26365,0.044678,-0.056396,1.043457,2.274809,2.977099,-0.320611,1.045935,3.760408,1872,3275,1403,1872,1,64.057,18,normal
1780600476.052551,26.234412300007534,26396,0.035156,-0.01709,1.046387,1.557252,2.534351,-0.687023,1.047117,3.052862,1874,3278,1404,1874,0,64.057,5,normal
1780600476.0836008,26.26546199999575,26427,0.052246,-0.053955,1.072022,0.503817,2.465649,-1.076336,1.074649,2.737107,1877,3282,1405,1877,1,64.057,5,normal
1780600476.1151857,26.29704689999926,26459,0.044189,-0.030518,1.060791,3.328244,3.770992,-0.053435,1.06215,5.029955,1881,3288,1407,1881,0,68.0,5,normal
1780600476.1446335,26.326494799999637,26490,0.040771,-0.009033,1.040527,0.061069,2.335878,-0.709924,1.041365,2.44214,1884,3292,1408,1884,0,68.0,5,normal
1780600476.177376,26.35923719999846,26521,0.037842,-0.040771,1.037842,2.259542,3.091603,-0.458015,1.039331,3.856594,1885,3294,1409,1885,0,68.0,5,normal
1780600476.2088697,26.39073090000602,26553,0.022217,-0.01001,1.049561,1.80916,2.450382,-0.244275,1.049843,3.055667,1888,3298,1410,1888,0,68.0,4,normal
1780600476.239585,26.421446100008325,26584,0.037842,-0.006592,1.056152,0.541985,2.938931,-1.358779,1.056851,3.282886,1890,3302,1412,1890,0,68.0,5,normal
1780600476.2708492,26.452710400000797,26615,0.033936,-0.061768,1.046387,2.572519,2.687023,-0.435114,1.048757,3.7453,1891,3307,1416,1891,1,68.0,18,normal
1780600476.3016489,26.483510100006242,26646,0.025391,-0.02002,1.046143,1.236641,2.755725,-0.282443,1.046642,3.033657,1893,3310,1417,1893,0,68.0,5,normal
1780600476.3332624,26.515123500008485,26677,0.026367,-0.049805,1.067627,0.801527,2.435115,-1.053435,1.069113,2.771634,1894,3312,1418,1894,0,68.0,5,normal
1780600476.3643343,26.546195600007195,26709,0.062256,-0.029053,1.058106,2.992366,3.442748,-0.534351,1.060334,4.592636,1898,3318,1420,1898,0,68.0,5,normal
1780600476.395771,26.57763210000121,26740,0.049805,-0.017822,1.047119,-0.099237,2.320611,-0.862595,1.048454,2.477732,1899,3320,1421,1899,0,68.0,5,normal
1780600476.4268394,26.60870050000085,26771,0.051514,-0.040283,1.051514,2.114504,2.709924,-0.381679,1.053545,3.458394,1900,3324,1424,1900,0,68.0,4,normal
1780600476.4582562,26.64011730000493,26802,0.036621,-0.02417,1.049805,2.870229,2.541985,-0.51145,1.050721,3.868008,1903,3328,1425,1903,0,68.0,5,normal
1780600476.488275,26.670136300002923,26833,0.043945,-0.008789,1.055176,0.198473,3.015267,-0.969466,1.056127,3.173498,1904,3330,1426,1904,0,68.0,5,normal
1780600476.52039,26.70225119999668,26864,0.046387,-0.066406,1.047363,1.839695,2.618321,-0.137405,1.050491,3.202961,1906,3335,1429,1906,1,68.0,14,normal
1780600476.5498161,26.731677400006447,26895,0.02832,-0.009521,1.053955,1.755725,1.908397,-0.48855,1.054378,2.638794,1908,3338,1430,1908,0,68.0,5,normal
1780600476.5801044,26.76196560000244,26925,0.054443,-0.007324,1.067627,0.564886,2.755725,-1.358779,1.069039,3.124003,1910,3342,1432,1910,0,68.0,5,normal
1780600476.6117013,26.79356230000849,26956,0.042236,-0.064941,1.043213,2.480916,2.152672,-0.625954,1.046085,3.343764,1911,3347,1436,1911,1,68.0,18,normal
1780600476.642036,26.82389709999552,26987,0.049805,0.001953,1.043213,1.343511,2.343511,-0.572519,1.044403,2.761312,1915,3352,1437,1915,0,61.151,5,normal
1780600476.6753678,26.85722910000186,27018,0.046143,-0.040283,1.06665,0.473282,1.977099,-1.137405,1.068408,2.329508,1916,3354,1438,1916,0,61.151,5,normal
1780600476.7065105,26.88837179999973,27050,0.04834,-0.016846,1.057617,3.503817,3.396947,-0.045802,1.058855,4.880377,1919,3358,1439,1919,0,61.151,5,normal
1780600476.738043,26.919904299997143,27081,0.047363,-0.017334,1.043213,-0.580153,2.427481,-0.755725,1.044431,2.60775,1921,3362,1441,1921,0,61.151,5,normal
1780600476.7678974,26.949758500006283,27112,0.049561,-0.041992,1.054688,2.183206,3.099237,-0.229008,1.056686,3.797908,1922,3366,1444,1922,0,61.151,4,normal
1780600476.7989633,26.98082440000144,27143,0.029541,-0.015625,1.046875,2.778626,2.648855,-0.59542,1.047408,3.884806,1927,3372,1445,1927,0,61.151,6,normal
1780600476.8299315,27.011792699995567,27174,0.038086,0.009521,1.061279,0.122137,3.419847,-0.961832,1.062005,3.55463,1928,3374,1446,1928,0,61.151,5,normal
1780600476.8614757,27.043336800008547,27205,0.028809,-0.061523,1.053955,2.206107,2.282443,-0.29771,1.056142,3.188273,1930,3379,1449,1930,1,61.151,14,normal
1780600476.8912716,27.073132699995767,27237,0.059082,-0.007568,1.047852,1.480916,2.335878,-0.70229,1.049543,2.853533,1932,3382,1450,1932,0,68.0,5,normal
1780600476.9233863,27.105247400002554,27268,0.036133,-0.053223,1.059326,0.78626,2.641221,-1.061069,1.061278,2.952985,1935,3386,1451,1935,0,68.0,5,normal
1780600476.9534416,27.135302700000466,27299,0.04834,-0.000977,1.04541,3.236641,3.480916,-0.251908,1.046528,4.75984,1937,3389,1452,1937,1,68.0,17,normal
1780600476.9863007,27.168161900000996,27330,0.043457,-0.012695,1.050049,-0.053435,3.167939,-1.076336,1.051024,3.34622,1939,3392,1453,1939,0,68.0,5,normal
1780600477.0172815,27.199142600002233,27361,0.043457,-0.032715,1.05957,1.648855,2.839695,-0.908397,1.060966,3.407018,1941,3396,1455,1941,0,68.0,1,normal
1780600477.06535,27.247211199995945,27392,0.067383,-0.041016,1.060303,2.51145,3.198473,-0.183206,1.063233,4.070771,1944,3400,1456,1944,0,68.0,6,normal
1780600477.0797312,27.261592499999097,27423,0.062988,-0.010498,1.054199,0.381679,3.045802,-0.793893,1.056132,3.170624,1946,3404,1458,1946,0,68.0,5,normal
1780600477.1100814,27.291942700001528,27454,0.035645,-0.072754,1.038086,1.992366,2.572519,0.183206,1.041243,3.258979,1947,3409,1462,1947,1,68.0,18,normal
1780600477.140764,27.32262520000222,27486,0.026123,-0.00415,1.049316,1.244275,2.625954,-0.473282,1.04965,2.944122,1951,3414,1463,1951,0,68.0,5,normal
1780600477.1726336,27.354494900006102,27517,0.016846,-0.031006,1.053223,0.748092,2.435115,-0.908397,1.053814,2.704553,1952,3416,1464,1952,0,71.429,5,normal
1780600477.2049055,27.386766700001317,27549,0.066162,-0.029053,1.051514,3.282443,3.618321,-0.061069,1.053994,4.885735,1954,3419,1465,1954,1,71.429,17,normal
1780600477.2355418,27.417402999999467,27580,0.047119,-0.017578,1.035889,-0.10687,2.541985,-1.251908,1.037109,2.835557,1957,3424,1467,1957,0,71.429,5,normal
1780600477.2669098,27.448770899994997,27611,0.044434,-0.031738,1.053223,1.977099,2.480916,-0.458015,1.054637,3.205252,1959,3428,1469,1959,0,71.429,5,normal
1780600477.2986548,27.480515899995225,27643,0.040039,-0.020264,1.052246,2.351145,2.412214,-0.854962,1.053202,3.475287,1961,3434,1473,1961,0,71.429,5,normal
1780600477.3293,27.5111612000037,27674,0.046631,-0.006592,1.050293,0.351145,3.114504,-0.648855,1.051348,3.200695,1962,3436,1474,1962,0,71.429,5,normal
1780600477.3608937,27.542754800000694,27705,0.015381,-0.068359,1.039551,2.19084,3.19084,-0.366412,1.041909,3.887865,1964,3441,1477,1964,1,71.429,15,normal
1780600477.3925607,27.57442190000438,27737,0.052002,-0.023193,1.039062,1.503817,2.343511,-0.251908,1.040621,2.795884,1967,3446,1479,1967,0,71.429,5,normal
1780600477.4255164,27.607377599997562,27768,0.061768,-0.057617,1.064209,1.068702,2.656489,-0.770992,1.067556,2.965381,1970,3450,1480,1970,0,71.713,5,normal
1780600477.455218,27.637079200008884,27800,0.037109,-0.020508,1.053223,3.480916,3.40458,0.022901,1.054076,4.869134,1973,3454,1481,1973,0,71.713,5,normal
1780600477.4865,27.668361100004404,27830,0.028809,-0.016113,1.031738,0.022901,2.78626,-1.030534,1.032266,2.97082,1974,3456,1482,1974,0,71.713,5,normal
1780600477.518814,27.70067530000233,27862,0.045166,-0.040527,1.045898,2.167939,3.045802,-0.099237,1.047657,3.739882,1976,3460,1484,1976,0,71.713,0,normal
1780600477.5492942,27.731155400004354,27893,0.026367,-0.010986,1.050293,2.160305,2.80916,-0.412214,1.050681,3.567663,1979,3464,1485,1979,0,71.713,5,normal
1780600477.5791998,27.761060899996664,27924,0.031494,0.001953,1.056396,0.129771,2.70229,-0.748092,1.056868,2.806929,1981,3468,1487,1981,0,71.713,5,normal
1780600477.6086528,27.790514000007533,27954,0.061035,-0.049072,1.053467,1.687023,2.335878,0.0,1.056374,2.881384,1982,3473,1491,1982,1,71.713,18,normal
1780600477.6412933,27.82315440000093,27985,0.023682,-0.008789,1.052246,2.122137,2.038168,-0.435114,1.052549,2.974377,1986,3478,1492,1986,0,71.713,5,normal
1780600477.6783712,27.860232399994857,28022,0.042969,-0.019287,1.064209,0.198473,2.564885,-0.969466,1.065251,2.749162,1987,3481,1494,1987,1,66.929,18,normal
1780600477.7083764,27.890237500003423,28053,0.019531,-0.008301,1.050781,1.839695,2.290076,-0.641221,1.050996,3.006674,1989,3484,1495,1989,0,66.929,5,normal
1780600477.739061,27.920922300007078,28084,0.026855,-0.005859,1.052734,0.671756,2.312977,-1.099237,1.053093,2.647535,1991,3488,1497,1991,0,66.929,5,normal
1780600477.7713397,27.953200799995102,28115,0.057617,-0.042969,1.036621,3.068702,2.305344,-0.267176,1.03911,3.847457,1992,3493,1501,1992,1,66.929,17,normal
1780600477.8016772,27.983538300002692,28146,0.043213,0.000732,1.040039,0.938931,2.366412,-0.541985,1.040937,2.60293,1996,3498,1502,1996,0,66.929,5,normal
1780600477.833283,28.015144100005273,28177,0.0271,-0.039551,1.060059,0.89313,2.564885,-1.114504,1.061142,2.935717,1997,3500,1503,1997,0,66.929,5,normal
1780600477.8636243,28.045485599999665,28208,0.041992,-0.008545,1.053955,3.183206,3.732824,-0.305344,1.054826,4.915284,2000,3505,1505,2000,1,66.929,14,normal
1780600477.8938134,28.075674599997,28238,0.0354,-0.002686,1.046631,0.290076,2.167939,-0.732824,1.047233,2.306759,2003,3510,1507,2003,0,66.929,5,normal
1780600477.924614,28.106475199994748,28269,0.031982,-0.035889,1.061279,1.358779,2.656489,-1.19084,1.062367,3.21268,2006,3514,1508,2006,0,66.929,5,normal
1780600477.9564397,28.138300799997523,28300,0.044434,-0.027588,1.056885,2.450382,3.778626,-0.152672,1.058178,4.506184,2009,3518,1509,2009,0,79.137,5,normal
1780600477.9870296,28.16889070000616,28331,0.050293,0.011963,1.046631,0.175573,2.725191,-0.717557,1.047907,2.82354,2010,3520,1510,2010,0,79.137,5,normal
1780600478.0184593,28.200320600008126,28362,0.052246,-0.038574,1.046387,2.564885,2.992366,0.114504,1.0484,3.942842,2012,3524,1512,2012,0,79.137,0,normal
1780600478.049655,28.23151610000059,28393,0.021973,-0.011963,1.04248,2.083969,2.259542,-0.183206,1.042781,3.079289,2015,3528,1513,2015,0,79.137,5,normal
1780600478.0846283,28.266489500005264,28424,0.023193,-0.000488,1.049561,0.328244,2.763359,-0.984733,1.049817,2.95188,2017,3532,1515,2017,0,79.137,5,normal
1780600478.1098144,28.291675500004203,28454,0.008789,-0.065186,1.0354,2.358779,2.389313,-0.290076,1.037488,3.369985,2018,3537,1519,2018,1,79.137,18,normal
1780600478.1420326,28.323893900000257,28485,0.026611,-0.011475,1.052734,1.748092,2.396947,-0.839695,1.053133,3.083223,2022,3542,1520,2022,0,79.137,6,normal
1780600478.1718466,28.353707800008124,28516,0.032471,-0.02124,1.05542,0.122137,2.580153,-1.068702,1.056133,2.795394,2023,3544,1521,2023,0,79.137,5,normal
1780600478.2024133,28.384274399999413,28547,0.023682,-0.006348,1.038086,3.290076,3.030534,-0.412214,1.038375,4.492066,2024,3547,1523,2024,1,79.137,18,normal
1780600478.234827,28.416688099998282,28578,0.030762,0.019531,1.041016,0.694656,2.465649,-0.282443,1.041653,2.577158,2027,3552,1525,2027,0,64.748,5,normal
1780600478.2670333,28.448894400004065,28610,0.034424,-0.033203,1.058594,1.694656,2.694656,-1.030534,1.059674,3.345898,2030,3556,1526,2030,0,64.748,5,normal
1780600478.2980053,28.479866499998025,28642,0.050049,-0.023926,1.057373,2.442748,2.709924,-0.839695,1.058827,3.743767,2034,3562,1528,2034,0,64.748,5,normal
1780600478.3293054,28.5111665000004,28673,0.037109,-0.009277,1.049561,0.229008,3.030534,-0.770992,1.050257,3.135444,2035,3564,1529,2035,0,64.748,5,normal
1780600478.3604603,28.542321400003857,28704,0.014404,-0.063477,1.041748,2.274809,2.664122,-0.366412,1.04378,3.522295,2037,3569,1532,2037,1,64.748,15,normal
1780600478.3904612,28.572322299994994,28735,0.025146,-0.015381,1.046875,1.526718,2.030534,-0.419847,1.04729,2.574919,2039,3572,1533,2039,0,64.748,5,normal
1780600478.420607,28.60246819999884,28765,0.04126,-0.00415,1.059814,0.160305,2.679389,-1.21374,1.060625,2.945843,2041,3576,1535,2041,0,64.748,5,normal
1780600478.4527688,28.63463000000047,28796,0.052246,-0.055908,1.044189,2.946565,3.312977,-0.251908,1.046989,4.440892,2042,3579,1537,2042,1,64.748,17,normal
1780600478.482149,28.664010000007693,28827,0.042236,-0.003662,1.038818,1.335878,2.687023,-0.549618,1.039683,3.050695,2044,3582,1538,2044,0,64.748,5,normal
1780600478.5140693,28.69593060000625,28858,0.040039,-0.048584,1.053955,0.740458,2.458015,-0.877863,1.055834,2.713072,2046,3586,1540,2046,0,67.857,0,normal
1780600478.5447006,28.72656179999467,28889,0.043213,-0.018066,1.056152,3.412214,3.328244,-0.320611,1.05719,4.777364,2049,3590,1541,2049,0,67.857,5,normal
1780600478.5772948,28.759155899999314,28921,0.045654,-0.019043,1.041748,-0.114504,3.167939,-0.541985,1.042922,3.216006,2051,3594,1543,2051,0,67.857,5,normal
1780600478.6068,28.788661300000967,28952,0.05127,-0.040527,1.051514,1.923664,2.732824,-0.526718,1.053543,3.38323,2052,3598,1546,2052,0,67.857,3,normal
1780600478.6401572,28.822018300008494,28983,0.039307,-0.01123,1.056152,2.267176,2.366412,-0.320611,1.056943,3.292838,2057,3604,1547,2057,0,67.857,5,normal
1780600478.6683729,28.850233999997727,29014,0.061279,-0.018799,1.045654,0.022901,3.450382,-1.29771,1.047617,3.686422,2058,3606,1548,2058,0,67.857,5,normal
1780600478.6988456,28.880706800002372,29044,0.015869,-0.060791,1.041748,2.045802,3.137405,-0.053435,1.043641,3.74586,2059,3609,1550,2059,1,67.857,18,normal
1780600478.731009,28.912870100000873,29075,0.01123,-0.005371,1.054443,1.862595,3.038168,-0.473282,1.054517,3.594958,2062,3614,1552,2062,0,67.857,5,normal
1780600478.7622626,28.94412369999918,29106,0.035889,-0.04541,1.050049,0.251908,2.351145,-0.916031,1.051643,2.535834,2064,3618,1554,2064,0,67.857,5,normal
1780600478.7935882,28.975449400008074,29137,0.046387,-0.029053,1.046875,3.206107,3.068702,-0.465649,1.048305,4.462386,2065,3621,1556,2065,1,68.1,18,normal
1780600478.8230672,29.00492829999712,29168,0.042969,0.010742,1.039307,0.839695,2.931298,-0.496183,1.04025,3.089302,2067,3624,1557,2067,0,68.1,5,normal
1780600478.855176,29.037037200003397,29199,0.043701,-0.033936,1.065674,1.290076,2.412214,-1.450382,1.067109,3.096236,2069,3628,1559,2069,0,68.1,1,normal
1780600478.8847308,29.066592000002856,29230,0.072266,-0.028076,1.0625,3.198473,3.78626,-0.274809,1.065325,4.964022,2072,3632,1560,2072,0,68.1,6,normal
1780600478.9158583,29.097719500001404,29260,0.032715,-0.010986,1.030762,-0.114504,2.618321,-0.870229,1.031339,2.761524,2074,3636,1562,2074,0,68.1,5,normal
1780600478.9473543,29.129215499997372,29291,0.052979,-0.044678,1.047607,1.549618,2.801527,-0.259542,1.049897,3.212045,2076,3640,1564,2076,0,68.1,5,normal
1780600478.9787357,29.160596900008386,29322,0.048584,-0.022217,1.048584,2.641221,2.916031,-0.221374,1.049944,3.940595,2080,3646,1566,2080,0,68.1,5,normal
1780600479.0098584,29.191719599999487,29354,0.062012,-0.010742,1.054932,0.221374,3.122137,-0.900763,1.056807,3.257012,2081,3648,1567,2081,0,68.1,5,normal
1780600479.040391,29.22225220000837,29385,0.036865,-0.072998,1.043457,2.229008,2.045802,-0.694656,1.046657,3.104244,2082,3651,1569,2082,1,68.1,17,normal
1780600479.071802,29.253662999995868,29416,0.040283,-0.015869,1.055176,1.412214,2.312977,-0.503817,1.056064,2.756455,2085,3656,1571,2085,0,71.685,5,normal
1780600479.1029093,29.284770500002196,29447,0.045166,-0.050293,1.066894,0.900763,2.305344,-1.229008,1.069034,2.763412,2088,3660,1572,2088,0,71.685,5,normal
1780600479.134385,29.31624620000366,29478,0.048096,-0.007324,1.053711,2.916031,3.389313,-0.442748,1.054833,4.492962,2091,3665,1574,2091,1,71.685,14,normal
1780600479.1648173,29.34667840000475,29509,0.031006,-0.005859,1.040039,0.267176,2.465649,-1.122137,1.040518,2.722132,2093,3668,1575,2093,0,71.685,5,normal
1780600479.1966903,29.378551500005415,29540,0.030762,-0.026855,1.070801,1.687023,2.206107,-1.206107,1.071579,3.027812,2095,3672,1577,2095,0,71.685,0,normal
1780600479.2272193,29.4090806000022,29571,0.045654,-0.032959,1.060303,2.648855,3.870229,-0.19084,1.061797,4.693775,2099,3678,1579,2099,0,71.685,5,normal
1780600479.2580957,29.439956999995047,29603,0.036621,0.027344,1.056885,0.343511,3.0,-0.938931,1.057872,3.162213,2101,3682,1581,2101,0,71.685,5,normal
1780600479.2890315,29.470892700002878,29633,0.034424,-0.046387,1.048096,2.068702,2.748092,-0.122137,1.049686,3.441868,2102,3684,1582,2102,0,71.685,3,normal
1780600479.320658,29.502519100002246,29664,0.023926,-0.020264,1.046875,2.068702,2.236641,-0.40458,1.047344,3.073398,2105,3688,1583,2105,0,71.685,5,normal
1780600479.3519566,29.533817799994722,29696,0.021729,-0.015869,1.056396,0.450382,1.931298,-1.274809,1.056739,2.357518,2107,3692,1585,2107,0,78.571,0,normal
1780600479.3825383,29.564399399998365,29727,0.046875,-0.061035,1.034424,3.396947,2.458015,-0.19084,1.037283,4.197321,2108,3695,1587,2108,1,78.571,18,normal
1780600479.413961,29.595822100003716,29758,0.060303,0.01416,1.040039,0.923664,2.572519,-0.374046,1.041882,2.75879,2111,3700,1589,2111,0,78.571,5,normal
1780600479.444493,29.626354299995,29789,0.056152,-0.054199,1.068604,0.877863,2.29771,-0.938931,1.07145,2.632813,2114,3704,1590,2114,0,78.571,5,normal
1780600479.4741006,29.655961800002842,29819,0.029053,0.007568,1.04541,3.435115,3.083969,-0.381679,1.045841,4.632122,2117,3709,1592,2117,1,78.571,14,normal
1780600479.506402,29.688263200005167,29850,0.042725,0.01416,1.043213,0.427481,1.91603,-0.778626,1.044183,2.111912,2119,3712,1593,2119,0,78.571,5,normal
1780600479.537859,29.71972019999521,29881,0.017822,-0.01416,1.054199,1.580153,2.458015,-1.167939,1.054445,3.146872,2120,3714,1594,2120,0,78.571,5,normal
1780600479.5685663,29.75042759999633,29912,0.03833,-0.04248,1.047607,2.396947,3.648855,0.160305,1.049169,4.36866,2124,3720,1596,2124,0,78.571,5,normal
1780600479.598858,29.78071920000366,29943,0.027588,-0.007568,1.043945,0.580153,2.725191,-0.984733,1.044337,2.955155,2126,3724,1598,2126,0,78.571,5,normal
1780600479.6302195,29.812080700008664,29974,0.038574,-0.057129,1.043945,1.694656,2.847328,-0.175573,1.046219,3.318127,2128,3729,1601,2128,1,75.54,14,normal
1780600479.6612058,29.843066900008125,30006,0.040771,-0.005371,1.060303,1.40458,2.541985,-0.732824,1.0611,2.995257,2130,3732,1602,2130,0,75.54,4,normal
1780600479.6924312,29.874292399996193,30037,0.035645,-0.03418,1.0625,0.137405,2.396947,-1.08397,1.063647,2.63424,2132,3736,1604,2132,0,75.54,1,normal
1780600479.7222784,29.904139499994926,30067,0.025391,-0.066406,1.036133,2.267176,3.061069,-0.78626,1.038569,3.889528,2134,3741,1607,2134,1,75.54,4,normal
1780600479.7524858,29.93434680000064,30098,0.048096,-0.005615,1.045898,1.221374,2.419847,-0.549618,1.047019,2.765772,2137,3746,1609,2137,0,75.54,5,normal
1780600479.784702,29.966563199996017,30128,0.013184,-0.046631,1.056885,0.694656,2.229008,-1.175572,1.057995,2.614,2138,3748,1610,2138,0,75.54,5,normal
1780600479.8159933,29.997854400004144,30160,0.051025,-0.025635,1.049805,3.305344,2.824427,-0.641221,1.051357,4.394753,2140,3751,1611,2140,1,75.54,17,normal
1780600479.8485339,30.030395099995076,30192,0.035645,-0.015869,1.044922,-0.251908,2.679389,-0.78626,1.04565,2.80371,2143,3756,1613,2143,0,75.54,1,normal
1780600479.878993,30.060854299998027,30223,0.049561,-0.045654,1.046143,2.664122,2.687023,-0.29771,1.04831,3.795559,2144,3758,1614,2144,0,75.54,5,normal
1780600479.9112813,30.093142600002466,30254,0.032715,-0.013672,1.049561,2.557252,2.847328,-0.236641,1.050159,3.834425,2148,3764,1616,2148,0,71.429,5,normal
1780600479.9410317,30.122892800005502,30285,0.059814,0.013184,1.059326,0.175573,2.679389,-0.832061,1.061095,2.811099,2150,3768,1618,2150,0,71.429,5,normal
1780600479.9713483,30.15320950000023,30316,0.035645,-0.0625,1.047852,1.839695,2.496183,-0.305344,1.050319,3.115869,2152,3773,1621,2152,1,71.429,14,normal
1780600480.0028422,30.18470339999476,30347,0.02124,-0.012451,1.052734,1.374046,2.267176,-0.465649,1.053022,2.691638,2154,3776,1622,2154,0,71.429,5,normal
1780600480.0357215,30.21758260000206,30379,0.04541,-0.050293,1.064697,0.694656,2.717557,-1.19084,1.066851,3.047255,2155,3778,1623,2155,0,71.429,5,normal
1780600480.065835,30.24769620000734,30410,0.035156,-0.002686,1.055908,3.465649,3.396947,-0.366412,1.056497,4.866644,2158,3783,1625,2158,1,71.429,3,normal
1780600480.1096575,30.291518700003508,30441,0.037842,-0.005371,1.041016,0.244275,2.389313,-1.396947,1.041717,2.778479,2161,3788,1627,2161,0,71.429,5,normal
1780600480.1279614,30.30982260000019,30472,0.051025,-0.024902,1.056396,1.740458,2.832061,-0.763359,1.057921,3.410642,2163,3792,1629,2163,0,71.429,0,normal
1780600480.1595972,30.341458299997612,30503,0.034668,-0.011719,1.057617,2.587786,3.19084,-0.221374,1.05825,4.114256,2166,3796,1630,2166,0,71.429,5,normal
1780600480.1910112,30.372872299994924,30534,0.061035,0.019775,1.054443,0.496183,3.282443,-1.076336,1.056393,3.489861,2168,3800,1632,2168,0,71.429,0,normal
1780600480.2216597,30.40352089999942,30565,0.035156,-0.073242,1.04126,2.068702,2.572519,-0.099237,1.044424,3.30261,2169,3803,1634,2169,1,71.429,18,normal
1780600480.2527108,30.434571899997536,30597,0.024658,-0.010254,1.041992,1.198473,2.610687,-0.328244,1.042334,2.891326,2172,3808,1636,2172,0,71.429,5,normal
1780600480.2840235,30.46588459999475,30628,0.015625,-0.036133,1.060303,0.732824,2.931298,-1.122137,1.061033,3.223155,2173,3810,1637,2173,0,71.429,5,normal
1780600480.3143544,30.496215599996503,30659,0.038818,-0.007324,1.050049,3.091603,3.389313,-0.396947,1.050792,4.604674,2175,3813,1638,2175,1,71.429,17,normal
1780600480.345237,30.527098100006697,30690,0.043945,-0.007568,1.031982,0.59542,2.175573,-0.732824,1.032945,2.371639,2177,3816,1639,2177,0,71.429,5,normal
1780600480.3767655,30.558626600002754,30721,0.033203,-0.035889,1.062012,1.694656,2.70229,-1.08397,1.063137,3.368861,2178,3818,1640,2178,0,71.429,5,normal
1780600480.4080896,30.589950900000986,30752,0.063965,-0.04126,1.058594,2.625954,2.931298,-0.198473,1.061327,3.940499,2182,3824,1642,2182,0,71.429,5,normal
1780600480.4389493,30.62081059999764,30783,0.059082,-0.003906,1.052734,0.152672,3.419847,-0.70229,1.054398,3.49455,2184,3828,1644,2184,0,71.429,5,normal
1780600480.4710996,30.652960699997493,30814,0.049561,-0.039795,1.054688,1.824428,2.328244,-0.10687,1.056601,2.959844,2186,3833,1647,2186,1,64.286,14,normal
1780600480.5014381,30.683299199998146,30845,0.033691,-0.012939,1.05542,1.91603,2.274809,-0.564886,1.056037,3.027379,2188,3836,1648,2188,0,64.286,5,normal
1780600480.531423,30.71328429999994,30876,0.048096,-0.016357,1.061523,0.374046,2.40458,-1.145038,1.062738,2.689429,2189,3838,1649,2189,0,64.286,5,normal
1780600480.5628731,30.74473439999565,30906,0.016357,-0.074219,1.039062,2.343511,2.328244,-0.503817,1.041838,3.341646,2191,3843,1652,2191,1,64.286,3,normal
1780600480.591935,30.773796000008588,30937,0.01416,-0.00415,1.048828,1.419847,2.801527,-0.618321,1.048932,3.201068,2194,3848,1654,2194,0,64.286,5,normal
1780600480.6243942,30.806255400006194,30968,0.020264,-0.038574,1.05957,0.396947,2.671756,-0.916031,1.060466,2.852185,2195,3850,1655,2195,0,64.286,5,normal
1780600480.655112,30.83697309999843,30999,0.03833,-0.005615,1.050293,3.328244,3.312977,-0.335878,1.051007,4.708061,2197,3853,1656,2197,1,64.286,17,normal
1780600480.686191,30.868052300007548,31030,0.051758,0.013672,1.046387,0.694656,2.091603,-0.671756,1.047755,2.304041,2200,3858,1658,2200,0,64.286,1,normal
1780600480.71712,30.898981200007256,31061,0.027588,-0.054199,1.05835,1.343511,2.80916,-1.152672,1.060095,3.3204,2201,3860,1659,2201,0,64.286,5,normal
1780600480.7484329,30.930294000005233,31092,0.077148,-0.036621,1.017822,2.961832,3.526718,-0.648855,1.021399,4.650935,2205,3866,1661,2205,0,68.345,5,normal
1780600480.7796626,30.96152379999694,31123,0.047607,-0.020508,1.060547,0.122137,2.396947,-0.671756,1.061813,2.492293,2208,3870,1662,2208,0,68.345,5,normal
1780600480.8100476,30.99190870000166,31154,0.046631,-0.037598,1.077393,1.946565,2.358779,-0.122137,1.079056,3.060698,2209,3872,1663,2209,0,68.345,4,normal
1780600480.8422022,31.024063300006674,31185,0.043213,-0.021484,1.05542,2.114504,2.603053,-0.366412,1.056523,3.373614,2212,3876,1664,2212,0,68.345,5,normal
1780600480.8715878,31.05344899999909,31216,0.061279,-0.01123,1.061768,0.526718,2.656489,-0.992366,1.063594,2.884294,2213,3878,1665,2213,0,68.345,5,normal
1780600480.903405,31.085266199996113,31247,0.049072,-0.074219,1.049805,2.076336,3.045802,-0.328244,1.053568,3.700787,2215,3883,1668,2215,1,68.345,3,normal
1780600480.9325356,31.11439689999679,31278,0.035889,-0.005859,1.034912,1.122137,2.70229,-0.396947,1.035551,2.952818,2218,3888,1670,2218,0,68.345,5,normal
1780600480.9638522,31.14571340000839,31308,0.023926,-0.035645,1.048096,0.129771,2.832061,-1.229008,1.048974,3.089963,2220,3892,1672,2220,0,68.345,0,normal
1780600480.9949338,31.17679510000744,31339,0.057373,-0.039062,1.040772,3.129771,2.183206,-0.480916,1.043083,3.846184,2221,3895,1674,2221,1,68.345,18,normal
1780600481.025188,31.207049200005713,31370,0.044678,0.000732,1.04126,0.900763,2.442748,-0.175573,1.042218,2.609448,2223,3898,1675,2223,0,64.748,5,normal
1780600481.0566733,31.238534500007518,31401,0.025879,-0.0354,1.066162,0.954198,2.19084,-1.129771,1.067063,2.643228,2225,3902,1677,2225,0,64.748,1,normal
1780600481.0889475,31.270808600005694,31433,0.056396,-0.043945,1.056396,2.656489,3.625954,-0.328244,1.058813,4.506908,2229,3908,1679,2229,0,64.748,5,normal
1780600481.1196916,31.301552699995227,31464,0.055908,-0.022949,1.044189,0.129771,2.778626,-0.801527,1.045937,2.894831,2230,3910,1680,2230,0,64.748,5,normal
1780600481.151824,31.333685100005823,31496,0.023926,-0.066162,1.043945,2.045802,2.748092,0.083969,1.046313,3.427005,2231,3913,1682,2231,1,64.748,18,normal
1780600481.1831226,31.36498389999906,31527,0.043213,0.004883,1.062012,2.015267,2.358779,-0.412214,1.062902,3.129706,2235,3918,1683,2235,0,64.748,0,normal
1780600481.2141004,31.395961600006558,31558,0.035889,-0.044434,1.044434,0.229008,2.335878,-1.038168,1.045994,2.56643,2236,3920,1684,2236,0,64.748,5,normal
1780600481.2442102,31.426071299996693,31589,0.051514,-0.049561,1.04248,3.274809,2.519084,-0.137405,1.044928,4.133889,2238,3925,1687,2238,1,64.748,4,normal
1780600481.2742953,31.45615660000476,31620,0.03418,0.002441,1.047607,1.022901,2.328244,-0.519084,1.048168,2.595476,2241,3930,1689,2241,0,72.0,5,normal
1780600481.3065631,31.48842429999786,31650,0.02417,-0.045898,1.073242,0.335878,2.045802,-0.824427,1.074495,2.231098,2243,3934,1691,2243,0,72.0,1,normal
1780600481.3371246,31.51898570000776,31681,0.023193,0.002197,1.044922,3.282443,3.167939,-0.534351,1.045182,4.593016,2245,3937,1692,2245,1,72.0,16,normal
1780600481.368206,31.550067100004526,31712,0.040527,-0.005127,1.041504,-0.045802,2.709924,-1.145038,1.042305,2.94226,2247,3940,1693,2247,0,72.0,5,normal
1780600481.399608,31.581468999997014,31743,0.052734,-0.027588,1.076904,1.641221,2.236641,-0.503817,1.078548,2.819575,2250,3944,1694,2250,0,72.0,0,normal
1780600481.431394,31.61325530000613,31775,0.044189,-0.020752,1.061768,2.916031,2.709924,0.022901,1.062889,3.980885,2254,3950,1696,2254,0,72.0,5,normal
1780600481.4625952,31.64445649999834,31806,0.079834,0.020508,1.062988,0.351145,3.450382,-0.78626,1.066179,3.556212,2256,3954,1698,2256,0,72.0,1,normal
1780600481.4928772,31.674738500005333,31837,0.04126,-0.07373,1.077393,1.610687,2.259542,-0.496183,1.0807,2.818872,2257,3957,1700,2257,1,72.0,17,normal
1780600481.5240407,31.705901900000754,31868,0.003418,-0.046143,1.086426,0.801527,1.526718,-0.419847,1.087411,1.774707,2260,3962,1702,2260,0,72.0,1,normal
1780600481.5554597,31.737320800006273,31899,0.068115,-0.033203,0.985107,1.091603,3.671756,-0.862595,0.988018,3.926507,2261,3964,1703,2261,0,71.685,5,normal
1780600481.587531,31.769392200003495,31931,0.031494,-0.016846,1.033203,3.068702,4.42748,-0.847328,1.03382,5.453208,2265,3971,1706,2265,1,71.685,3,normal
1780600481.6179066,31.799767699994845,31962,0.029541,0.017822,1.077148,0.633588,2.083969,-0.603053,1.077701,2.260096,2267,3974,1707,2267,0,71.685,5,normal
1780600481.6486127,31.83047390000138,31993,0.042969,-0.041016,1.048584,0.923664,2.832061,-0.793893,1.050265,3.082854,2268,3976,1708,2268,0,71.685,5,normal
1780600481.6802933,31.862154400005238,32024,0.046631,-0.047852,1.061035,3.618321,2.961832,-0.061069,1.063137,4.676368,2271,3980,1709,2271,0,71.685,5,normal
1780600481.7105274,31.892388699998264,32055,0.07373,0.013672,1.053955,-0.358779,2.946565,-0.793893,1.056619,3.072659,2274,3984,1710,2274,0,71.685,5,normal
1780600481.7421978,31.924058999997214,32086,0.028809,-0.084473,1.043457,2.091603,2.274809,-0.412214,1.047267,3.117608,2276,3989,1713,2276,1,71.685,3,normal
1780600481.7736273,31.955488399995374,32118,0.02832,-0.019531,1.048584,1.557252,2.358779,-0.419847,1.049148,2.857471,2279,3994,1715,2279,0,71.685,5,normal
1780600481.8048558,31.986716900006286,32149,0.035156,-0.046875,1.067139,0.21374,2.320611,-0.725191,1.068746,2.44066,2281,3998,1717,2281,0,80.0,0,normal
1780600481.8348505,32.01671179999539,32179,0.0625,-0.019287,1.049072,3.427481,3.80916,-0.328244,1.051109,5.134693,2282,4001,1719,2282,1,80.0,18,normal
1780600481.8653986,32.04725990000588,32210,0.058594,0.028564,1.05127,1.320611,2.427481,-0.755725,1.053289,2.864925,2284,4004,1720,2284,0,80.0,6,normal
1780600481.8983786,32.08023970000795,32241,0.028564,-0.040771,1.073975,1.267176,2.015267,-0.969466,1.075128,2.570389,2287,4008,1721,2287,0,80.0,0,normal
1780600481.9301186,32.11197969999921,32273,0.069092,-0.037842,1.055664,2.832061,3.320611,-0.549618,1.058599,4.398762,2291,4014,1723,2291,0,80.0,6,normal
1780600481.9599879,32.141849100007676,32305,0.062256,0.001221,1.062256,0.229008,2.793893,-0.938931,1.064079,2.956328,2292,4016,1724,2292,0,80.0,5,normal
1780600481.9912722,32.17313330000616,32335,0.028076,-0.050781,1.041992,2.030534,2.351145,-0.114504,1.043606,3.108708,2293,4019,1726,2293,1,80.0,18,normal
1780600482.0370152,32.218876300001284,32367,0.02832,-0.026855,1.061279,1.633588,1.847328,0.015267,1.061997,2.466062,2296,4024,1728,2296,0,80.0,0,normal
1780600482.0531216,32.23498269999982,32399,0.022705,-0.050049,1.060791,0.290076,2.29771,-1.29771,1.062214,2.654744,2297,4026,1729,2297,0,64.0,5,normal
1780600482.084635,32.266496299998835,32429,0.040771,-0.006592,1.056885,3.870229,3.099237,0.10687,1.057691,4.959371,2299,4031,1732,2299,1,64.0,3,normal
1780600482.1168303,32.298691400006646,32460,0.048096,0.02124,1.049072,0.656489,2.465649,-0.816794,1.050389,2.679096,2301,4034,1733,2301,0,64.0,5,normal
1780600482.1460156,32.32787680000183,32491,0.056152,-0.053467,1.059326,1.114504,2.480916,-1.045802,1.06216,2.913892,2302,4036,1734,2302,0,64.0,5,normal
1780600482.1779706,32.35983180000039,32522,0.028564,-0.034424,1.054932,3.007634,3.274809,-0.648855,1.05588,4.493468,2305,4040,1735,2305,0,64.0,5,normal
1780600482.2094457,32.39130689999729,32553,0.030762,-0.023682,1.036133,0.259542,2.435115,-0.984733,1.03686,2.639478,2306,4042,1736,2306,0,64.0,5,normal
1780600482.2392678,32.421129099995596,32584,0.056152,-0.035156,1.04541,2.21374,2.557252,-0.267176,1.047507,3.39287,2308,4046,1738,2308,0,64.0,0,normal
1780600482.2695897,32.451450900000054,32614,0.046143,-0.019775,1.053467,2.526718,2.854962,-0.183206,1.054662,3.816893,2312,4052,1740,2312,0,64.0,5,normal
1780600482.3004942,32.482355400003144,32645,0.066895,0.012207,1.063232,0.129771,3.083969,-1.167939,1.065405,3.300271,2314,4056,1742,2314,0,64.0,0,normal
1780600482.331511,32.51337230000354,32676,0.037109,-0.071777,1.048096,2.076336,2.427481,-0.160305,1.051206,3.198364,2315,4059,1744,2315,1,64.982,18,normal
1780600482.3643901,32.546251200008555,32707,0.041748,-0.007813,1.052734,1.748092,2.053435,-0.51145,1.053591,2.744814,2318,4064,1746,2318,0,64.982,0,normal
1780600482.3936145,32.575475599995116,32738,0.025879,-0.037109,1.062988,0.251908,2.389313,-1.251908,1.063951,2.70916,2319,4066,1747,2319,0,64.982,5,normal
1780600482.4250758,32.60693700000411,32769,0.05127,-0.023193,1.046387,3.015267,3.282443,-0.450382,1.047899,4.479856,2322,4073,1751,2322,1,64.982,4,normal
1780600482.4563916,32.638252799995826,32800,0.032959,0.002441,1.03833,0.587786,2.450382,-0.900763,1.038856,2.676049,2324,4076,1752,2324,0,64.982,5,normal
1780600482.4876459,32.6695069999987,32831,0.050537,-0.05127,1.064941,1.175572,2.19084,-1.129771,1.067372,2.730958,2325,4078,1753,2325,0,64.982,5,normal
1780600482.518426,32.700287200001185,32862,0.0271,-0.030273,1.05542,2.526718,3.541985,-0.175573,1.056202,4.354398,2328,4082,1754,2328,0,64.982,5,normal
1780600482.5499566,32.73181769999792,32894,0.049561,0.006348,1.036865,0.358779,2.59542,-0.992366,1.038068,2.801735,2331,4086,1755,2331,0,64.982,5,normal
1780600482.5801485,32.762009700003546,32924,0.063477,-0.040527,1.045166,2.366412,2.70229,-0.19084,1.047876,3.59704,2333,4090,1757,2333,0,64.982,0,normal
1780600482.6100574,32.79191850000643,32955,0.025879,-0.009766,1.054443,2.366412,2.839695,-0.267176,1.054806,3.706097,2337,4096,1759,2337,0,78.853,5,normal
1780600482.6425228,32.82438400000683,32986,0.044189,-0.00293,1.052978,0.534351,3.519084,-1.099237,1.053909,3.725292,2339,4100,1761,2339,0,78.853,0,normal
1780600482.6734622,32.855323199997656,33017,0.013672,-0.074951,1.03833,2.312977,2.351145,-0.435114,1.041122,3.326721,2340,4103,1763,2340,1,78.853,18,normal
1780600482.70478,32.886641200006125,33048,0.051514,-0.015625,1.047363,1.412214,2.687023,-0.366412,1.048746,3.057564,2342,4106,1764,2342,0,78.853,5,normal
1780600482.7357695,32.91763070000161,33079,0.033691,-0.050293,1.049072,0.465649,2.541985,-0.961832,1.050817,2.757469,2343,4108,1765,2343,0,78.853,5,normal
1780600482.7663684,32.948229600006016,33110,0.053955,-0.000488,1.056885,3.458015,2.984733,-0.206107,1.058261,4.572634,2348,4115,1767,2348,1,78.853,3,normal
1780600482.7964737,32.97833480000554,33141,0.044189,0.003418,1.04126,0.40458,2.473282,-0.832061,1.042203,2.64067,2350,4118,1768,2350,0,78.853,5,normal
1780600482.8295016,33.01136279999628,33172,0.032959,-0.026123,1.062012,1.572519,2.305344,-1.282443,1.062844,3.07117,2351,4120,1769,2351,0,78.853,5,normal
1780600482.8589544,33.0408155000041,33203,0.059082,-0.052734,1.048584,2.824427,3.664122,-0.442748,1.05157,4.647495,2354,4124,1770,2354,0,78.853,6,normal
1780600482.8897662,33.07162729999982,33234,0.057129,0.000488,1.048828,0.137405,2.824427,-1.114504,1.050383,3.039472,2357,4128,1771,2357,0,71.685,5,normal
1780600482.92202,33.10388120000425,33265,0.027344,-0.068604,1.049805,1.954198,2.358779,-0.091603,1.052399,3.064494,2359,4133,1774,2359,1,71.685,4,normal
1780600482.953637,33.13549800000328,33297,0.030029,-0.011719,1.053955,1.671756,1.671756,-0.351145,1.054448,2.390154,2362,4138,1776,2362,0,71.685,5,normal
1780600482.9844165,33.166277700001956,33328,0.018311,-0.044678,1.036377,0.29771,2.396947,-0.961832,1.037501,2.599828,2364,4142,1778,2364,0,71.685,1,normal
1780600483.0155096,33.1973708000005,33359,0.03833,-0.023926,1.044678,3.19084,3.70229,-0.534351,1.045654,4.9167,2365,4145,1780,2365,1,71.685,17,normal
1780600483.0460172,33.227878400008194,33390,0.058105,-0.005859,1.039551,0.549618,2.175573,-0.274809,1.04119,2.260689,2367,4148,1781,2367,0,71.685,5,normal
1780600483.0771482,33.25900930000353,33421,0.04834,-0.033936,1.060059,1.450382,2.541985,-1.152672,1.061703,3.145464,2369,4152,1783,2369,0,71.685,0,normal
1780600483.110331,33.292192299995804,33453,0.056396,-0.04541,1.049805,2.328244,3.29771,-0.603053,1.052299,4.081579,2373,4158,1785,2373,0,71.685,5,normal
1780600483.1399791,33.321840400007204,33484,0.043213,0.000977,1.054688,0.21374,3.229008,-0.839695,1.055573,3.343241,2375,4162,1787,2375,0,72.0,0,normal
1780600483.1718276,33.353688700008206,33515,0.009766,-0.066406,1.04541,2.10687,2.389313,-0.099237,1.047563,3.187094,2376,4165,1789,2376,1,72.0,18,normal
1780600483.2031765,33.38503760000458,33546,0.015625,-0.010498,1.053223,1.946565,2.175573,-0.740458,1.053391,3.011728,2380,4170,1790,2380,0,72.0,1,normal
1780600483.2340026,33.41586380000808,33577,0.041992,-0.012451,1.055664,0.496183,2.419847,-1.305344,1.056572,2.793883,2381,4172,1791,2381,0,72.0,5,normal
1780600483.269555,33.45141629999853,33613,0.067139,-0.068848,1.044922,3.381679,2.503817,0.10687,1.049338,4.20907,2384,4178,1794,2384,0,72.0,8,normal
1780600483.3017251,33.48358630000439,33645,0.032959,-0.033203,1.048096,0.366412,2.145038,-1.21374,1.049139,2.491709,2385,4180,1795,2385,0,72.0,5,normal
1780600483.3316092,33.51347040000837,33676,0.063721,-0.054932,1.043945,3.19084,2.59542,-0.259542,1.04733,4.121289,2386,4183,1797,2386,1,72.0,18,normal
1780600483.3631232,33.54498439999588,33707,0.037109,-0.00708,1.056885,0.961832,2.557252,-0.496183,1.05756,2.776843,2396,4194,1798,2396,0,72.0,0,normal
1780600483.3929582,33.574819400004344,33737,0.016602,-0.039307,1.066894,0.763359,2.40458,-1.099237,1.067747,2.751916,2397,4196,1799,2397,0,86.957,5,normal
1780600483.4248445,33.60670570000366,33768,0.031494,-0.008789,1.041992,3.51145,3.305344,-0.122137,1.042505,4.82395,2400,4201,1801,2400,1,86.957,3,normal
1780600483.4551349,33.63699610000185,33799,0.030518,-0.002197,1.037109,0.236641,2.770992,-1.007634,1.037561,2.957993,2403,4206,1803,2403,0,86.957,5,normal
1780600483.4867315,33.66859270000714,33830,0.032959,-0.025146,1.06665,1.633588,2.366412,-0.862595,1.067456,3.002097,2405,4210,1805,2405,0,86.957,0,normal
1780600483.5173812,33.6992423000047,33861,0.05835,-0.039307,1.061279,2.480916,3.076336,-0.610687,1.063609,3.998966,2408,4214,1806,2408,0,86.957,5,normal
1780600483.5471175,33.72897860000376,33892,0.071533,-0.002441,1.056885,0.40458,3.076336,-1.244275,1.059306,3.343015,2410,4218,1808,2410,0,86.957,0,normal
1780600483.5789046,33.76076570000441,33923,0.063232,-0.048584,1.050293,2.114504,2.465649,-0.381679,1.053316,3.270509,2412,4223,1811,2412,1,86.957,3,normal
1780600483.6103907,33.79225189999852,33954,0.041992,-0.01709,1.056396,1.89313,2.068702,-0.671756,1.057369,2.883526,2415,4228,1813,2415,0,86.957,5,normal
1780600483.6399717,33.8218329000083,33985,0.045166,-0.03125,1.056641,0.061069,2.236641,-0.938931,1.058067,2.426496,2416,4230,1814,2416,0,86.957,5,normal
1780600483.6718297,33.85369079999509,34015,0.011963,-0.071045,1.039307,2.129771,3.030534,-0.312977,1.041801,3.71726,2417,4233,1816,2417,1,71.942,18,normal
1780600483.703423,33.885284100004355,34047,0.046143,0.01123,1.052978,0.580153,3.030534,-0.740458,1.054049,3.173168,2420,4238,1818,2420,0,71.942,0,normal
1780600483.7343612,33.91622230000212,34078,0.040527,-0.047852,1.069824,0.618321,2.198473,-1.274809,1.07166,2.615481,2421,4240,1819,2421,0,71.942,5,normal
1780600483.7656925,33.947553699996206,34109,0.056396,-0.033447,1.053223,2.748092,3.664122,-0.458015,1.055262,4.602996,2425,4246,1821,2425,0,71.942,5,normal
1780600483.797113,33.978973999997834,34140,0.029053,-0.011719,1.038086,-0.267176,2.503817,-1.08397,1.038558,2.741436,2427,4250,1823,2427,0,71.942,5,normal
1780600483.8269038,34.00876500000595,34171,0.047852,-0.047363,1.048828,2.198473,2.366412,-0.015267,1.050987,3.230081,2429,4254,1825,2429,0,71.942,0,normal
1780600483.8589356,34.04079670000647,34202,0.027588,-0.020508,1.047607,1.946565,2.80916,-0.549618,1.048171,3.461586,2432,4258,1826,2432,0,71.942,5,normal
1780600483.8874252,34.069286300000385,34233,0.053223,-0.002441,1.053223,0.633588,2.671756,-1.0,1.054569,2.922279,2433,4260,1827,2433,0,71.942,5,normal
1780600483.9198368,34.101697899997816,34263,0.063721,-0.049072,1.055908,2.389313,1.793893,-0.305344,1.058967,3.003348,2435,4265,1830,2435,1,71.942,3,normal
1780600483.950074,34.131935199999134,34294,0.020752,-0.014648,1.054443,1.618321,1.923664,-0.358779,1.054749,2.539324,2438,4270,1832,2438,0,75.269,5,normal
1780600483.9834206,34.16528169999947,34325,0.030273,-0.035156,1.0625,0.10687,2.755725,-0.877863,1.063512,2.894147,2439,4272,1833,2439,0,75.269,5,normal
1780600484.0116172,34.193478400004096,34355,0.030762,-0.069824,1.0354,2.664122,2.198473,-0.396947,1.038208,3.476837,2440,4275,1835,2440,1,75.269,18,normal
1780600484.0420222,34.223883400001796,34386,0.047607,-0.001953,1.041016,1.687023,2.442748,-0.59542,1.042105,3.027803,2443,4280,1837,2443,0,75.269,0,normal
1780600484.073808,34.25566900000558,34417,0.036133,-0.048584,1.065674,0.541985,2.320611,-1.030534,1.067392,2.59634,2444,4282,1838,2444,0,75.269,5,normal
1780600484.1060495,34.28791070000443,34449,0.050293,-0.029785,1.057617,2.862595,3.564885,-0.381679,1.059231,4.587868,2448,4288,1840,2448,0,75.269,5,normal
1780600484.1354845,34.317345600007684,34480,0.016846,-0.009521,1.040527,-0.274809,2.519084,-0.923664,1.040707,2.697121,2450,4292,1842,2450,0,75.269,5,normal
1780600484.166666,34.34852719999617,34510,0.033203,-0.033447,1.05835,1.923664,2.610687,-0.770992,1.059398,3.333256,2452,4296,1844,2452,0,75.269,0,normal
1780600484.1983156,34.38017669999681,34541,0.038818,-0.020752,1.057129,2.335878,3.053435,-0.778626,1.058045,3.922506,2455,4300,1845,2455,0,75.269,5,normal
1780600484.2286437,34.410504900006345,34573,0.056885,-0.001709,1.051025,0.450382,2.648855,-0.633588,1.052565,2.760563,2456,4302,1846,2456,0,64.516,5,normal
1780600484.2608132,34.44267449999461,34604,0.058105,-0.055664,1.042236,2.412214,2.312977,-0.351145,1.045338,3.360348,2458,4307,1849,2458,1,64.516,3,normal
1780600484.2917008,34.47356189999846,34636,0.039551,0.008789,1.029541,1.114504,2.946565,-0.40458,1.030338,3.176169,2461,4312,1851,2461,0,64.516,5,normal
1780600484.3232615,34.50512260000687,34667,0.037109,-0.037109,1.067139,0.78626,2.885496,-1.022901,1.068428,3.160794,2462,4314,1852,2462,0,64.516,5,normal
1780600484.3548021,34.53666339999472,34698,0.043457,-0.016357,1.061523,3.473282,3.458015,-0.374046,1.062538,4.915432,2465,4318,1853,2465,0,64.516,5,normal
1780600484.385848,34.5677091999969,34729,0.024902,-0.015381,1.038086,0.030534,2.580153,-0.870229,1.038498,2.723127,2467,4322,1855,2467,0,64.516,0,normal
1780600484.4167237,34.59858489999897,34760,0.026855,-0.036865,1.03833,2.312977,2.580153,-0.450382,1.039331,3.494266,2468,4324,1856,2468,0,64.516,5,normal
1780600484.4469929,34.628853999995044,34791,0.014648,-0.023926,1.058838,2.59542,2.732824,-0.656489,1.05921,3.825638,2472,4330,1858,2472,0,64.516,5,normal
1780600484.4785967,34.66045789999771,34822,0.056396,-0.010986,1.059814,0.549618,2.396947,-0.732824,1.061371,2.566021,2474,4334,1860,2474,0,64.516,5,normal
1780600484.5104396,34.69230090000201,34853,0.032959,-0.06958,1.038818,2.450382,2.221374,-0.503817,1.041667,3.34555,2476,4339,1863,2476,1,71.429,14,normal
1780600484.5404804,34.722341600005166,34884,0.033203,0.000977,1.051758,1.603053,2.305344,-0.496183,1.052282,2.851418,2478,4342,1864,2478,0,71.429,5,normal
1780600484.571851,34.75371210000594,34915,0.037109,-0.054932,1.061035,0.343511,2.862595,-0.847328,1.063104,3.005065,2479,4344,1865,2479,0,71.429,5,normal
1780600484.6015074,34.78336869999475,34946,0.060059,-0.010742,1.050781,3.40458,3.198473,-0.29771,1.052551,4.680815,2482,4349,1867,2482,1,71.429,3,normal
1780600484.632326,34.81418709999707,34977,0.055664,-0.00708,1.038086,0.236641,2.229008,-0.862595,1.039601,2.40178,2485,4354,1869,2485,0,71.429,5,normal
1780600484.6647134,34.846574499999406,35008,0.047363,-0.036865,1.06543,1.564886,2.862595,-1.038168,1.067119,3.423611,2486,4356,1870,2486,0,71.429,5,normal
1780600484.6951323,34.87699340000108,35039,0.041016,-0.032227,1.062988,2.679389,2.862595,-0.305344,1.064267,3.932787,2489,4360,1871,2489,0,71.429,5,normal
1780600484.7252827,34.9071438999963,35070,0.044434,0.004639,1.04248,0.435114,2.557252,-0.992366,1.043437,2.777347,2491,4364,1873,2491,0,71.429,1,normal
1780600484.7573853,34.93924649999826,35101,0.048584,-0.04834,1.042236,1.816794,2.396947,-0.167939,1.044487,3.012357,2492,4367,1875,2492,1,71.429,18,normal
1780600484.7890613,34.9709223999962,35133,0.059082,-0.0271,1.050049,1.236641,2.381679,-0.534351,1.052059,2.736276,2495,4372,1877,2495,0,67.857,5,normal
1780600484.8206894,35.00255069999548,35164,0.032715,-0.050293,1.062988,0.038168,2.770992,-0.885496,1.06468,2.909288,2498,4376,1878,2498,0,67.857,5,normal
1780600484.8520122,35.03387339999608,35196,0.054443,-0.022217,1.043457,3.458015,3.122137,0.076336,1.045112,4.659554,2501,4381,1880,2501,1,67.857,14,normal
1780600484.8827786,35.064639699994586,35227,0.023926,-0.01416,1.039795,0.030534,2.167939,-1.0,1.040166,2.387654,2503,4384,1881,2503,0,67.857,5,normal
1780600484.9133005,35.095161699995515,35258,0.034668,-0.03125,1.053955,1.908397,2.778626,-0.732824,1.054988,3.449605,2504,4386,1882,2504,0,67.857,5,normal
1780600484.944005,35.125866100002895,35288,0.070557,-0.032959,1.067383,2.870229,2.877863,-0.160305,1.07022,4.067678,2508,4392,1884,2508,0,67.857,5,normal
1780600484.9761245,35.157985600002576,35320,0.050293,0.018066,1.04834,0.320611,3.427481,-1.068702,1.049701,3.604517,2510,4396,1886,2510,0,67.857,4,normal
1780600485.0072377,35.18909889999486,35351,0.024658,-0.071045,1.028076,2.389313,2.442748,-0.40458,1.030823,3.44086,2511,4399,1888,2511,1,67.857,18,normal
1780600485.0381634,35.22002470000007,35382,0.027588,-0.010986,1.039062,1.877863,2.267176,-0.396947,1.039487,2.970525,2513,4402,1889,2513,0,67.857,5,normal
1780600485.069295,35.25115619999997,35413,0.026367,-0.047119,1.054688,0.51145,2.251908,-0.793893,1.056069,2.441913,2515,4406,1891,2515,0,71.429,1,normal
1780600485.109735,35.291596199997,35445,0.054932,-0.008057,1.061035,3.160305,3.335878,-0.534351,1.062487,4.626137,2517,4409,1892,2517,1,71.429,17,normal
1780600485.130949,35.312810100003844,35476,0.041748,-0.022705,1.042725,0.083969,2.59542,-1.007634,1.043807,2.785423,2520,4414,1894,2520,0,71.429,5,normal
1780600485.163207,35.34506809999584,35507,0.041016,-0.028076,1.056641,1.618321,2.694656,-0.564886,1.057809,3.193623,2523,4418,1895,2523,0,71.429,5,normal
1780600485.1935763,35.37543739999819,35538,0.022705,-0.012451,1.061279,2.40458,2.732824,-0.29771,1.061595,3.652255,2527,4424,1897,2527,0,71.429,5,normal
1780600485.2249887,35.40684989999863,35569,0.041748,0.00415,1.057617,0.465649,2.732824,-0.908397,1.058449,2.917249,2528,4426,1898,2528,0,71.429,5,normal
1780600485.2559788,35.437839899997925,35601,0.00708,-0.073975,1.041992,2.343511,3.045802,-0.442748,1.044639,3.86846,2529,4429,1900,2529,1,71.429,18,normal
1780600485.2879152,35.4697765000019,35632,0.055908,-0.023438,1.054688,1.480916,2.648855,-0.076336,1.056428,3.035683,2532,4434,1902,2532,0,71.429,5,normal
1780600485.318427,35.50028819999716,35663,0.044678,-0.051758,1.055664,0.862595,2.206107,-0.641221,1.057876,2.454006,2535,4438,1903,2535,0,80.0,5,normal
1780600485.3497336,35.53159470000537,35694,0.06543,-0.026367,1.061523,3.076336,3.480916,-0.061069,1.063865,4.645896,2537,4441,1904,2537,1,80.0,17,normal
1780600485.3806028,35.5624639000016,35725,0.044922,-0.011963,1.042969,0.145038,2.038168,-0.763359,1.044004,2.181257,2539,4444,1905,2539,0,80.0,5,normal
1780600485.411979,35.59384020000289,35756,0.060059,-0.019775,1.062988,1.717557,2.870229,-0.885496,1.064867,3.460104,2541,4448,1907,2541,0,80.0,1,normal
1780600485.4438572,35.62571829999797,35787,0.032959,-0.019043,1.056396,2.51145,3.137405,-0.358779,1.057082,4.034775,2544,4452,1908,2544,0,80.0,6,normal
1780600485.4737751,35.65563639999891,35818,0.050293,0.019287,1.056641,0.656489,3.076336,-1.099237,1.058013,3.332137,2546,4456,1910,2546,0,80.0,5,normal
1780600485.5052643,35.68712550000055,35849,0.036377,-0.063232,1.042236,2.076336,2.717557,-0.122137,1.044786,3.422164,2547,4461,1914,2547,1,80.0,17,normal
1780600485.5360885,35.71794960000261,35880,0.022705,-0.01001,1.048828,1.816794,2.19084,-0.480916,1.049122,2.886486,2551,4466,1915,2551,0,80.0,5,normal
1780600485.5671937,35.7490550000075,35911,0.029785,-0.052246,1.047607,0.091603,2.549618,-0.89313,1.049332,2.703077,2552,4468,1916,2552,0,80.0,5,normal
1780600485.5985663,35.780427500008955,35942,0.037109,-0.031738,1.037354,3.114504,2.473282,-0.419847,1.038502,3.999191,2553,4471,1918,2553,1,64.516,18,normal
1780600485.6293595,35.8112206000078,35973,0.039795,0.014648,1.033203,1.312977,2.320611,-0.557252,1.034073,2.723908,2556,4476,1920,2556,0,64.516,5,normal
1780600485.6607382,35.84259939999902,36004,0.041748,-0.032227,1.063477,1.587786,2.374046,-1.099237,1.064783,3.060307,2559,4480,1921,2559,0,64.516,5,normal
1780600485.6914775,35.87333869999566,36036,0.044922,-0.038818,1.065674,2.961832,3.0,-0.564886,1.067326,4.253416,2562,4484,1922,2562,0,64.516,6,normal
1780600485.7229838,35.90484489999653,36067,0.057129,-0.001709,1.053223,-0.076336,3.221374,-1.045802,1.054772,3.38774,2563,4486,1923,2563,0,64.516,5,normal
1780600485.7545314,35.93639260000782,36098,0.057617,-0.054688,1.048828,2.236641,2.259542,-0.274809,1.051832,3.191178,2565,4491,1926,2565,1,64.516,14,normal
1780600485.7852666,35.967127800002345,36129,0.017822,-0.016113,1.043701,1.977099,1.977099,-0.206107,1.043978,2.803627,2567,4494,1927,2567,0,64.516,5,normal
1780600485.8165789,35.998440099996515,36161,0.050293,-0.057861,1.062012,0.671756,2.351145,-0.961832,1.064775,2.627596,2569,4498,1929,2569,0,64.516,5,normal
1780600485.8473814,36.02924260000873,36192,0.04541,-0.001221,1.04834,3.137405,3.305344,-0.251908,1.049324,4.564215,2573,4503,1930,2573,1,80.0,17,normal
1780600485.8786395,36.060500599996885,36223,0.052246,0.011963,1.040283,0.374046,2.641221,-0.625954,1.041663,2.740033,2577,4508,1931,2577,0,80.0,5,normal
1780600485.9099314,36.09179269999731,36254,0.060303,-0.037598,1.065918,1.519084,3.175573,-0.679389,1.068284,3.58517,2578,4510,1932,2578,0,80.0,5,normal
1780600485.9419556,36.123816699997406,36285,0.057617,-0.031982,1.056396,2.465649,3.358779,-0.465649,1.05845,4.19257,2581,4514,1933,2581,0,80.0,5,normal
1780600485.9723141,36.15417520000483,36317,0.061279,-0.005615,1.065918,0.70229,2.969466,-0.748092,1.067693,3.141748,2583,4518,1935,2583,0,80.0,5,normal
1780600486.002934,36.18479509999452,36347,0.06958,-0.043945,1.05127,2.358779,2.557252,0.10687,1.054486,3.480632,2584,4522,1938,2584,0,80.0,4,normal
1780600486.0336487,36.21550990000833,36378,0.042236,-0.012451,1.05957,2.114504,2.80916,-1.0,1.060485,3.655476,2589,4528,1939,2589,0,80.0,5,normal
1780600486.0643177,36.24617890000809,36408,0.037109,-0.007813,1.049805,0.603053,3.21374,-0.816794,1.050489,3.370304,2590,4530,1940,2590,0,80.0,5,normal
1780600486.0959988,36.277860000001965,36439,0.028809,-0.075195,1.038818,1.80916,2.778626,-0.236641,1.041935,3.324128,2591,4533,1942,2591,1,80.0,18,normal
1780600486.1384685,36.32032959999924,36470,0.013428,-0.014648,1.047119,1.679389,2.076336,-0.557252,1.047308,2.728012,2594,4538,1944,2594,0,75.54,5,normal
1780600486.1563516,36.338212700007716,36501,0.029541,-0.017334,1.058594,0.870229,2.480916,-0.938931,1.059148,2.791744,2596,4542,1946,2596,0,75.54,5,normal
1780600486.1881406,36.37000180000905,36532,0.024902,-0.063477,1.035889,1.954198,2.832061,-0.526718,1.03813,3.480933,2598,4547,1949,2598,1,75.54,14,normal
1780600486.2186065,36.40046770000481,36563,0.040771,-0.024414,1.050049,1.419847,2.358779,-0.160305,1.051124,2.757807,2600,4550,1950,2600,0,75.54,4,normal
1780600486.2502804,36.43214160000207,36594,0.025635,-0.05127,1.056885,1.10687,2.236641,-1.030534,1.058438,2.69995,2601,4552,1951,2601,0,75.54,5,normal
1780600486.2822711,36.46413229999598,36626,0.047607,-0.019287,1.05249,2.80916,3.21374,-0.335878,1.053743,4.281626,2605,4558,1953,2605,0,75.54,5,normal
1780600486.3129811,36.494842200001585,36657,0.015381,-0.015381,1.037598,0.152672,2.801527,-0.877863,1.037826,2.939814,2607,4562,1955,2607,0,75.54,5,normal
1780600486.3438387,36.5256997999968,36688,0.064697,-0.025879,1.050537,1.885496,3.206107,-0.267176,1.052846,3.729021,2608,4564,1956,2608,0,75.54,4,normal
1780600486.3759413,36.557802399998764,36719,0.048584,-0.025879,1.068359,2.557252,2.89313,-0.458015,1.069776,3.888382,2611,4568,1957,2611,0,75.54,5,normal
1780600486.4049475,36.58680869999807,36750,0.045654,-0.002686,1.051025,0.610687,3.221374,-0.541985,1.05202,3.323242,2613,4572,1959,2613,0,67.857,0,normal
1780600486.4362698,36.61813089999487,36780,0.061035,-0.034668,1.051758,2.198473,2.648855,-0.083969,1.054098,3.443366,2615,4576,1961,2615,0,67.857,0,normal
1780600486.467426,36.649287299995194,36811,0.02124,-0.01001,1.048828,1.816794,2.664122,-0.374046,1.049091,3.246259,2619,4582,1963,2619,0,67.857,5,normal
1780600486.4983127,36.6801739000075,36842,0.049072,-0.003418,1.065186,1.160305,2.694656,-0.885496,1.066321,3.064569,2620,4584,1964,2620,0,67.857,5,normal
1780600486.5296514,36.71151259999897,36873,0.026611,-0.072266,1.031982,1.801527,2.885496,-0.442748,1.034852,3.430395,2621,4587,1966,2621,1,67.857,17,normal
1780600486.5611913,36.74305249999452,36904,0.023926,-0.014648,1.056641,1.183206,2.374046,-0.335878,1.057013,2.67374,2624,4592,1968,2624,0,67.857,0,normal
1780600486.5931668,36.7750279000029,36936,0.049805,-0.048096,1.062256,1.10687,2.984733,-1.061069,1.06451,3.355542,2625,4594,1969,2625,0,67.857,5,normal
1780600486.6238482,36.805709299995215,36968,0.073486,-0.019043,1.053711,2.900763,3.19084,-0.274809,1.056442,4.321042,2629,4600,1971,2629,0,67.857,5,normal
1780600486.655646,36.83750720000535,36999,0.035889,-0.022217,1.051025,0.183206,3.152672,-1.08397,1.051873,3.338846,2630,4602,1972,2630,0,67.857,5,normal
1780600486.6865492,36.86841029999778,37030,0.057617,-0.02832,1.05957,2.122137,2.664122,-0.419847,1.061514,3.431805,2631,4604,1973,2631,0,64.286,5,normal
1780600486.7172203,36.89908139999898,37061,0.058594,-0.025635,1.060547,2.335878,3.091603,-0.641221,1.062474,3.927531,2634,4608,1974,2634,0,64.286,5,normal
1780600486.7482142,36.930075500000385,37092,0.062256,0.006592,1.061279,0.80916,3.152672,-0.908397,1.063124,3.37924,2637,4612,1975,2637,0,64.286,5,normal
1780600486.7796173,36.96147850000125,37123,0.031738,-0.067383,1.035889,2.007634,2.007634,-0.10687,1.038563,2.841233,2639,4617,1978,2639,1,64.286,3,normal
1780600486.8119605,36.993821600000956,37155,0.027588,-0.01709,1.038574,1.274809,2.648855,-0.541985,1.039081,2.9892,2642,4622,1980,2642,0,64.286,5,normal
1780600486.842786,37.02464719999989,37186,0.023438,-0.038574,1.053955,1.305344,2.244275,-0.580153,1.054921,2.660314,2643,4624,1981,2643,0,64.286,5,normal
1780600486.873038,37.054899099995964,37217,0.041748,-0.003662,1.052002,2.755725,2.610687,-0.244275,1.052836,3.803864,2645,4627,1982,2645,1,64.286,17,normal
1780600486.904354,37.08621520000452,37248,0.036621,-0.00708,1.028564,0.541985,2.877863,-0.687023,1.02924,3.007963,2647,4630,1983,2647,0,64.286,5,normal
1780600486.9359224,37.11778349999804,37279,0.035156,-0.037109,1.058106,1.824428,2.687023,-1.007634,1.05934,3.400581,2649,4634,1985,2649,0,64.286,1,normal
1780600486.9676998,37.149560899997596,37311,0.043701,-0.031982,1.065186,2.374046,2.580153,-0.748092,1.066561,3.585097,2653,4640,1987,2653,0,78.292,5,normal
1780600486.9979744,37.17983550000645,37342,0.038574,-0.018555,1.051025,0.725191,2.801527,-0.748092,1.051897,2.988996,2655,4644,1989,2655,0,78.292,1,normal
1780600487.030333,37.212194299994735,37373,0.055664,-0.039551,1.053467,1.755725,2.427481,-0.374046,1.055678,3.01913,2656,4647,1991,2656,1,78.292,18,normal
1780600487.0626526,37.244513700003154,37405,0.036377,-0.021973,1.05835,1.267176,2.473282,-0.694656,1.059202,2.864508,2658,4650,1992,2658,0,78.292,5,normal
1780600487.0938303,37.27569160000712,37437,0.015137,-0.048096,1.059082,1.183206,2.832061,-0.847328,1.060282,3.184103,2659,4652,1993,2659,0,78.292,5,normal
1780600487.1239595,37.30582080000022,37468,0.05249,-0.004883,1.063721,2.847328,3.312977,-0.725191,1.065026,4.428204,2664,4659,1995,2664,1,78.292,4,normal
1780600487.1556017,37.33746290000272,37499,0.039062,-0.013672,1.036621,0.480916,3.51145,-0.603053,1.037447,3.595168,2667,4664,1997,2667,0,78.292,0,normal
1780600487.1869497,37.368811000007554,37530,0.062256,-0.020752,1.061279,1.89313,3.152672,-0.603053,1.063306,3.72652,2668,4666,1998,2668,0,78.292,5,normal
1780600487.2187726,37.4006337000028,37562,0.056885,-0.036865,1.059082,1.969466,2.664122,-0.610687,1.061249,3.368869,2671,4670,1999,2671,0,71.713,5,normal
1780600487.2496665,37.431527699998696,37593,0.066895,0.013428,1.067139,0.587786,2.763359,-1.068702,1.069318,3.020558,2672,4672,2000,2672,0,71.713,5,normal
1780600487.2800152,37.46187640000426,37624,0.047607,-0.068604,1.044189,1.824428,2.778626,-0.022901,1.047523,3.324127,2674,4679,2005,2674,1,71.713,3,normal
1780600487.3113594,37.4932206000085,37655,0.029785,-0.015625,1.048584,1.656489,2.832061,-0.717557,1.049123,3.358484,2676,4682,2006,2676,0,71.713,5,normal
1780600487.3434286,37.52528980000352,37686,0.037354,-0.019531,1.062256,0.70229,2.030534,-1.160305,1.063092,2.441841,2677,4684,2007,2677,0,71.713,5,normal
1780600487.3742204,37.55608150000626,37718,0.035645,0.001953,1.042969,3.045802,3.366412,-0.152672,1.043579,4.54235,2678,4687,2009,2678,1,71.713,17,normal
1780600487.4055994,37.58746059999976,37749,0.036865,0.011963,1.035644,0.832061,2.419847,-0.847328,1.03637,2.695543,2682,4692,2010,2682,0,71.713,5,normal
1780600487.4371974,37.61905860000115,37780,0.022705,-0.031982,1.060791,1.618321,2.763359,-0.89313,1.061516,3.324574,2684,4696,2012,2684,0,71.713,1,normal
1780600487.4693131,37.65117420000024,37812,0.054199,-0.030518,1.060547,2.236641,3.053435,-0.198473,1.062369,3.790174,2687,4700,2013,2687,0,64.0,6,normal
1780600487.4998734,37.68173450000177,37843,0.060791,0.004639,1.063477,0.89313,2.748092,-0.587786,1.065223,2.948759,2688,4702,2014,2688,0,64.0,5,normal
1780600487.5308127,37.712673800007906,37874,0.053711,-0.033691,1.05127,1.89313,2.587786,-0.274809,1.05318,3.218089,2689,4705,2016,2689,1,64.0,18,normal
1780600487.5618954,37.74375650000002,37905,0.033203,-0.013916,1.054443,1.877863,2.877863,-0.465649,1.055058,3.46775,2693,4710,2017,2693,0,64.0,5,normal
1780600487.5916443,37.77350540000771,37936,0.047852,-0.007813,1.053223,0.969466,3.015267,-0.557252,1.054338,3.215934,2694,4712,2018,2694,0,64.0,5,normal
1780600487.6236322,37.80549329999485,37967,0.026611,-0.05835,1.042725,2.083969,2.152672,-0.961832,1.044695,3.146752,2695,4717,2022,2695,1,64.0,18,normal
1780600487.6539128,37.835773900005734,37998,0.049561,-0.011475,1.042236,1.534351,2.40458,-0.458015,1.043477,2.888947,2697,4720,2023,2697,0,64.0,5,normal
1780600487.6843755,37.866236800007755,38028,0.007568,-0.028564,1.062988,0.664122,2.778626,-0.908397,1.063399,2.997834,2698,4722,2024,2698,0,64.0,4,normal
1780600487.7148268,37.89668790000724,38058,0.050293,-0.067871,1.037109,1.984733,2.931298,-0.534351,1.040544,3.580112,2700,4727,2027,2700,1,64.0,14,normal
1780600487.745315,37.9271762999997,38089,0.057373,-0.019287,1.045898,1.022901,1.961832,-0.473282,1.047648,2.262544,2702,4730,2028,2702,0,54.152,5,normal
1780600487.777291,37.959152199997334,38120,0.05127,-0.050537,1.064209,1.045802,2.206107,-0.687023,1.066641,2.536259,2705,4734,2029,2705,0,54.152,5,normal
1780600487.807839,37.98970000000554,38151,0.049561,0.000977,1.058106,2.755725,3.503817,-0.48855,1.059266,4.484354,2709,4739,2030,2709,1,54.152,17,normal
1780600487.8382792,38.020140299995546,38182,0.070557,-0.001709,1.050049,0.778626,2.496183,-0.732824,1.052418,2.715552,2713,4744,2031,2713,0,54.152,5,normal
1780600487.869361,38.051221999994596,38213,0.041504,-0.030518,1.064209,1.740458,2.496183,-1.358779,1.065455,3.332627,2714,4746,2032,2714,0,54.152,5,normal
1780600487.9001188,38.08198000000266,38244,0.065674,-0.03418,1.05835,2.251908,4.068702,-0.687023,1.060936,4.70079,2717,4750,2033,2717,0,54.152,5,normal
1780600487.9312177,38.11307880000095,38275,0.042236,-0.02002,1.041748,-0.007634,3.229008,-1.312977,1.042796,3.485751,2719,4754,2035,2719,0,54.152,5,normal
1780600487.962747,38.14460830000462,38306,0.060791,-0.035645,1.044678,2.465649,2.687023,-0.099237,1.047052,3.6482,2720,4758,2038,2720,0,54.152,5,normal
1780600487.9929235,38.174784600007115,38337,0.05957,-0.014404,1.064453,1.748092,2.29771,-0.519084,1.066216,2.933384,2723,4764,2041,2723,0,54.152,5,normal
1780600488.0241528,38.206013800008805,38368,0.074707,-0.004883,1.076416,0.572519,3.030534,-0.839695,1.079016,3.196405,2724,4766,2042,2724,0,78.853,5,normal
1780600488.0686102,38.25047139999515,38399,0.044434,-0.064697,1.041992,1.961832,2.755725,-0.465649,1.044944,3.414621,2725,4769,2044,2725,1,78.853,18,normal
1780600488.0891144,38.270975499995984,38431,0.041016,-0.02124,1.047852,1.129771,2.114504,-0.572519,1.048869,2.46481,2728,4774,2046,2728,0,78.853,4,normal
1780600488.1188166,38.30067769999732,38462,0.034912,-0.037354,1.072022,1.045802,2.694656,-1.007634,1.07324,3.061078,2731,4778,2047,2731,0,78.853,5,normal
1780600488.149067,38.330927999995765,38493,0.048584,0.009277,1.055908,2.80916,3.152672,-0.21374,1.057066,4.22805,2733,4783,2050,2733,1,78.853,14,normal
1780600488.1807015,38.362562700000126,38524,0.059082,-0.014404,1.033936,0.778626,2.335878,-1.045802,1.035722,2.675123,2735,4786,2051,2735,0,78.853,5,normal
1780600488.212022,38.39388329999929,38555,0.05249,-0.058594,1.062744,2.015267,2.847328,-0.877863,1.065652,3.597113,2736,4788,2052,2736,0,78.853,5,normal
1780600488.2435932,38.42545429999882,38586,0.033691,-0.024414,1.056152,2.274809,3.732824,-0.793893,1.056972,4.44286,2740,4794,2054,2740,0,78.853,5,normal
1780600488.2742033,38.456064400001196,38617,0.043945,-0.019775,1.053223,0.435114,3.030534,-0.854962,1.054324,3.178746,2742,4798,2056,2742,0,78.853,5,normal
1780600488.3046114,38.48647260000871,38648,0.053711,-0.035889,1.051025,2.465649,2.931298,-0.122137,1.053009,3.832342,2743,4800,2057,2743,0,67.857,4,normal
1780600488.3354006,38.5172617000062,38679,0.012451,-0.012207,1.052002,1.419847,2.854962,-0.610687,1.052146,3.246492,2746,4804,2058,2746,0,67.857,5,normal
1780600488.3656015,38.54746260000684,38710,0.038818,-0.006104,1.05957,0.70229,2.755725,-0.473282,1.060299,2.88292,2748,4808,2060,2748,0,67.857,0,normal
1780600488.3971324,38.57899350000662,38741,0.034424,-0.067871,1.035889,1.801527,2.335878,-0.29771,1.03868,2.96487,2750,4813,2063,2750,1,67.857,3,normal
1780600488.429588,38.611449200005154,38772,0.039307,-0.017578,1.051758,1.022901,2.465649,-0.732824,1.052639,2.768173,2753,4818,2065,2753,0,67.857,5,normal
1780600488.459501,38.64136229999713,38803,0.01416,-0.041016,1.053467,1.351145,2.618321,-0.694656,1.05436,3.027168,2754,4820,2066,2754,0,67.857,5,normal
1780600488.4906902,38.672551299998304,38834,0.035889,-0.000488,1.037842,3.236641,2.70229,-0.29771,1.038462,4.22692,2755,4823,2068,2755,1,67.857,17,normal
1780600488.521388,38.70324930000061,38864,0.045898,-0.025146,1.048096,1.557252,2.251908,-0.427481,1.049402,2.771076,2758,4828,2070,2758,0,67.857,1,normal
1780600488.552011,38.733872199998586,38895,0.021484,-0.046143,1.056152,1.251908,2.145038,-1.19084,1.057378,2.754372,2759,4830,2071,2759,0,67.857,5,normal
1780600488.582576,38.764437200006796,38926,0.07373,-0.010254,1.054688,2.89313,2.954198,-0.412214,1.057311,4.155407,2762,4835,2073,2762,1,68.345,3,normal
1780600488.6143138,38.796174999995856,38957,0.056885,-0.01416,1.045166,0.435114,2.229008,-1.015267,1.046809,2.487683,2764,4838,2074,2764,0,68.345,5,normal
1780600488.6445324,38.82639370000106,38988,0.040283,-0.038818,1.070557,2.137405,3.053435,-1.137405,1.072017,3.896878,2765,4840,2075,2765,0,68.345,5,normal
1780600488.6758232,38.85768430000462,39019,0.063232,-0.034912,1.059326,2.167939,3.351145,-0.480916,1.061786,4.020126,2768,4844,2076,2768,0,68.345,5,normal
1780600488.7058134,38.887674600002356,39050,0.062256,-0.009277,1.052978,0.572519,2.816794,-0.541985,1.054858,2.925039,2771,4848,2077,2771,0,68.345,5,normal
1780600488.7361827,38.918043900004704,39080,0.023926,-0.021729,1.044189,2.625954,2.854962,-0.21374,1.044689,3.884859,2773,4852,2079,2773,0,68.345,1,normal
1780600488.7673938,38.94925489999878,39111,0.047363,-0.009521,1.049072,2.236641,2.656489,-0.541985,1.050184,3.514718,2777,4858,2081,2777,0,68.345,5,normal
1780600488.79842,38.98028119999799,39142,0.039307,0.003418,1.057617,0.442748,3.183206,-0.687023,1.058353,3.286461,2779,4862,2083,2779,0,68.345,0,normal
1780600488.829503,39.01136420000694,39172,0.070068,-0.033203,1.049316,1.900763,2.496183,-0.21374,1.052177,3.14476,2780,4865,2085,2780,1,68.345,18,normal
1780600488.8663285,39.048189599998295,39210,0.048096,-0.019043,1.052978,1.21374,2.763359,-0.427481,1.054248,3.048288,2782,4868,2086,2782,0,70.423,5,normal
1780600488.8974154,39.079276500007836,39241,0.053711,-0.066895,1.049805,1.854962,2.503817,0.175573,1.053304,3.121027,2784,4873,2089,2784,1,70.423,3,normal
1780600488.9291105,39.11097160000645,39272,0.037842,-0.015137,1.054199,1.89313,2.167939,-0.633588,1.054987,2.947089,2787,4878,2091,2787,0,70.423,5,normal
1780600488.9599466,39.14180779999879,39303,0.050293,-0.008301,1.054443,1.152672,2.641221,-1.076336,1.055675,3.076232,2789,4882,2093,2789,0,70.423,1,normal
1780600488.991044,39.17290530000173,39334,0.068359,-0.04248,1.036621,2.48855,3.51145,-0.435114,1.039741,4.325793,2790,4885,2095,2790,1,70.423,17,normal
1780600489.0222814,39.20414260000689,39365,0.046143,-0.00415,1.044189,1.358779,2.099237,-0.51145,1.045217,2.552382,2792,4888,2096,2792,0,70.423,5,normal
1780600489.0544312,39.23629240000446,39396,0.041992,-0.051514,1.060303,1.320611,2.312977,-1.236641,1.062384,2.936521,2793,4891,2098,2793,1,70.423,14,normal
1780600489.0847306,39.26659169999766,39428,0.058594,-0.007324,1.051514,2.931298,3.229008,-0.358779,1.05317,4.37581,2798,4898,2100,2798,0,70.423,6,normal
1780600489.1155365,39.29739770000742,39459,0.017578,-0.025879,1.037598,0.045802,2.740458,-1.183206,1.038069,2.985328,2800,4902,2102,2800,0,70.423,0,normal
1780600489.1470854,39.328946699999506,39490,0.040283,-0.029053,1.040039,2.19084,2.633588,0.007634,1.041224,3.425729,2801,4904,2103,2801,0,67.857,5,normal
1780600489.1776028,39.3594640000083,39521,0.057861,-0.02002,1.054932,2.015267,2.824427,-0.503817,1.056707,3.50607,2804,4908,2104,2804,0,67.857,6,normal
1780600489.21971,39.40157129999716,39552,0.045654,-0.009277,1.058106,0.664122,3.450382,-0.480916,1.059131,3.546473,2807,4912,2105,2807,0,67.857,5,normal
1780600489.2408304,39.422691500003566,39583,0.018799,-0.067139,1.041016,1.832061,2.083969,-0.137405,1.043348,2.778175,2809,4919,2110,2809,1,67.857,4,normal
1780600489.2709978,39.45285899999726,39614,0.033691,-0.019287,1.05542,1.580153,2.267176,-0.465649,1.056134,2.802462,2811,4922,2111,2811,0,67.857,5,normal
1780600489.301993,39.48385400000552,39645,0.038574,-0.019043,1.061523,0.80916,2.358779,-0.923664,1.062395,2.659273,2812,4924,2112,2812,0,67.857,5,normal
1780600489.332463,39.51432430000568,39676,0.030762,-0.000732,1.042236,3.038168,3.473282,-0.641221,1.04269,4.658897,2813,4927,2114,2813,1,67.857,18,normal
1780600489.3646755,39.54653680000047,39707,0.024414,0.010986,1.043945,0.89313,2.580153,-0.679389,1.044288,2.813617,2817,4932,2115,2817,0,67.857,5,normal
1780600489.3948762,39.57673749999958,39738,0.03833,-0.052979,1.064453,1.312977,2.221374,-0.954198,1.06646,2.751164,2819,4936,2117,2819,0,67.857,1,normal
1780600489.4261184,39.607979599997634,39769,0.044922,-0.022705,1.063477,2.847328,3.412214,-0.671756,1.064667,4.494634,2822,4940,2118,2822,0,75.269,5,normal
1780600489.458549,39.64041029999498,39801,0.047852,-0.01001,1.051025,0.412214,2.587786,-0.78626,1.052162,2.735829,2823,4942,2119,2823,0,75.269,5,normal
1780600489.488446,39.67030710000836,39832,0.045898,-0.029053,1.051025,2.534351,3.19084,0.206107,1.052428,4.080058,2824,4944,2120,2824,0,75.269,4,normal
1780600489.5191882,39.701049299997976,39863,0.028564,-0.005127,1.050293,1.900763,2.51145,-0.664122,1.050694,3.218904,2829,4950,2121,2829,0,75.269,5,normal
1780600489.5509071,39.73276820000319,39894,0.05542,-0.013916,1.068115,1.015267,2.954198,-0.580153,1.069643,3.177205,2830,4952,2122,2830,0,75.269,5,normal
1780600489.5819385,39.76379959999758,39925,0.021729,-0.071777,1.045166,2.091603,2.427481,-0.541985,1.047853,3.249802,2832,4959,2127,2832,1,75.269,3,normal
1780600489.6151328,39.796993900003145,39957,0.051514,-0.020996,1.047363,1.473282,1.78626,-0.465649,1.048839,2.361803,2842,4970,2128,2842,0,75.269,0,normal
1780600489.6463244,39.82818559999578,39989,0.042725,-0.04248,1.052978,1.709924,2.572519,-0.977099,1.054701,3.239817,2843,4972,2129,2843,0,75.269,5,normal
1780600489.679459,39.86132019999786,40021,0.069336,-0.036133,1.062744,2.030534,3.48855,-0.526718,1.065616,4.070686,2846,4976,2130,2846,0,95.238,6,normal
1780600489.7090774,39.89093860000139,40052,0.060303,-0.010498,1.052002,0.992366,3.358779,-0.419847,1.053781,3.527387,2847,4978,2131,2847,0,95.238,5,normal
1780600489.7400777,39.921939000007114,40083,0.053223,-0.028564,1.037109,2.587786,2.687023,0.007634,1.038867,3.730521,2849,4985,2136,2849,1,95.238,3,normal
1780600489.7714343,39.95329550000315,40114,0.045898,-0.016357,1.055664,1.458015,2.694656,-0.648855,1.056788,3.131772,2851,4989,2138,2851,1,95.238,3,normal
1780600489.802268,39.98412910000479,40145,0.056152,-0.011719,1.06665,0.778626,3.068702,-0.473282,1.068192,3.201123,2853,4992,2139,2853,0,95.238,6,normal
1780600489.832738,40.01459920000343,40176,0.038574,-0.077637,1.041504,2.099237,3.038168,-0.274809,1.045106,3.703077,2854,4995,2141,2854,1,95.238,18,normal
1780600489.8631566,40.04501770000206,40207,0.0625,-0.01416,1.040283,0.961832,2.19084,-0.740458,1.042255,2.504631,2856,4998,2142,2856,0,95.238,5,normal
1780600489.8952947,40.077155899998615,40238,0.029541,-0.045166,1.061523,1.038168,2.396947,-0.679389,1.062894,2.699021,2858,5002,2144,2858,0,95.238,6,normal
1780600489.9253664,40.10722750000423,40269,0.056152,0.005615,1.032471,3.030534,2.534351,-0.305344,1.034012,3.962362,2862,5007,2145,2862,1,95.238,17,normal
1780600489.957258,40.139119200001005,40300,0.041748,0.005615,1.037598,0.419847,2.175573,-0.381679,1.038452,2.248348,2866,5012,2146,2866,0,71.685,5,normal
1780600489.987686,40.16954699999769,40331,0.047852,-0.036621,1.060791,1.938931,2.778626,-1.022901,1.062501,3.539286,2867,5014,2147,2867,0,71.685,5,normal
1780600490.0185862,40.200447299997904,40362,0.074219,-0.026367,1.054199,2.183206,3.70229,-0.51145,1.057138,4.328386,2870,5018,2148,2870,0,71.685,5,normal
1780600490.048895,40.230756000004476,40392,0.027832,-0.026855,1.031982,0.152672,2.572519,-1.08397,1.032707,2.795738,2872,5022,2150,2872,0,71.685,5,normal
1780600490.0799375,40.2617986999976,40423,0.037842,-0.018799,1.04126,2.076336,2.694656,-0.534351,1.042117,3.443526,2873,5026,2153,2873,0,71.685,5,normal
1780600490.1109965,40.29285759999766,40454,0.04248,-0.023193,1.05835,2.427481,3.160305,-0.519084,1.059456,4.018662,2876,5030,2154,2876,0,71.685,6,normal
1780600490.140139,40.32200020000164,40485,0.047607,0.002441,1.058838,0.755725,3.0,-0.587786,1.05991,3.149065,2877,5032,2155,2877,0,71.685,5,normal
1780600490.17189,40.35375110000314,40515,0.050293,-0.017578,1.05249,2.389313,2.687023,-0.328244,1.053838,3.61063,2879,5036,2157,2879,0,71.685,0,normal
1780600490.2047083,40.38656959999935,40546,0.035889,-0.009521,1.049561,1.969466,2.496183,-0.389313,1.050217,3.203325,2883,5042,2159,2883,0,71.685,5,normal
1780600490.2338712,40.41573239999707,40577,0.064453,-0.007324,1.062012,0.480916,2.961832,-0.839695,1.063991,3.115898,2885,5046,2161,2885,0,68.592,5,normal
1780600490.265276,40.447137099996326,40608,0.042969,-0.089355,1.037354,1.870229,3.114504,-0.419847,1.042081,3.65707,2886,5049,2163,2886,1,68.592,18,normal
1780600490.2982495,40.48011060000863,40640,0.034424,-0.015869,1.057129,1.19084,2.030534,-0.473282,1.057808,2.401076,2888,5052,2164,2888,0,68.592,5,normal
1780600490.3284633,40.51032450000639,40671,0.035156,-0.053955,1.057129,0.984733,2.435115,-1.007634,1.059089,2.813327,2890,5056,2166,2890,0,68.592,1,normal
1780600490.3590941,40.54095530000632,40702,0.0271,0.006348,1.037598,2.885496,2.763359,-0.282443,1.037971,4.005248,2892,5059,2167,2892,1,68.592,17,normal
1780600490.3905933,40.572454399996786,40733,0.044189,-0.012695,1.038818,0.244275,2.045802,-0.59542,1.039835,2.144644,2895,5064,2169,2895,0,68.592,5,normal
1780600490.4205897,40.602450799997314,40764,0.05835,-0.056152,1.068604,1.816794,2.351145,-1.099237,1.071667,3.168114,2896,5066,2170,2896,0,68.592,5,normal
1780600490.4527586,40.63461960000859,40795,0.046143,-0.029541,1.059326,2.374046,3.198473,-0.458015,1.060742,4.009502,2899,5070,2171,2899,0,68.592,5,normal
1780600490.483123,40.664984200004255,40827,0.07666,0.005371,1.056885,0.694656,3.450382,-0.839695,1.059675,3.618393,2901,5074,2173,2901,0,64.0,0,normal
1780600490.514764,40.69662529999914,40858,0.051514,-0.043945,1.044678,2.015267,2.419847,-0.312977,1.04687,3.164636,2902,5077,2175,2902,1,64.0,18,normal
1780600490.545102,40.726963100009016,40889,0.03418,-0.022461,1.051758,1.381679,2.206107,-0.816794,1.052553,2.728204,2905,5082,2177,2905,0,64.0,5,normal
1780600490.5759797,40.75784089999797,40920,0.052734,-0.02417,1.063232,0.633588,3.259542,-0.679389,1.064814,3.389339,2907,5086,2179,2907,0,64.0,5,normal
1780600490.607574,40.7894352000003,40951,0.05835,-0.053955,1.051025,2.305344,3.465649,-0.152672,1.054026,4.16517,2909,5091,2182,2909,1,64.0,14,normal
1780600490.638576,40.820437300004414,40982,0.033203,-0.020996,1.060059,1.389313,2.022901,-0.29771,1.060786,2.472034,2911,5094,2183,2911,0,64.0,5,normal
1780600490.6697295,40.85159069999645,41013,0.04834,-0.053711,1.072998,0.977099,2.496183,-1.167939,1.075428,2.923993,2912,5096,2184,2912,0,64.0,5,normal
1780600490.7016912,40.88355220000085,41044,0.04541,-0.013428,1.046631,2.78626,3.381679,-0.748092,1.047702,4.445069,2915,5101,2186,2915,1,64.0,3,normal
1780600490.7311983,40.91305940000166,41075,0.05249,-0.013672,1.036865,0.282443,2.717557,-0.954198,1.038283,2.894026,2918,5106,2188,2918,0,64.0,5,normal
1780600490.7638462,40.94570739999472,41106,0.050293,-0.029785,1.050537,2.099237,2.717557,-0.755725,1.052162,3.51611,2920,5110,2190,2920,0,68.1,1,normal
1780600490.7940264,40.975887599997805,41137,0.067627,-0.033447,1.057373,2.587786,3.572519,-0.748092,1.060061,4.474279,2923,5114,2191,2923,0,68.1,5,normal
1780600490.824675,41.0065362000023,41168,0.050049,-0.022705,1.042725,0.290076,2.908397,-0.717557,1.044172,3.009619,2924,5116,2192,2924,0,68.1,5,normal
1780600490.8564625,41.038323700006,41199,0.041992,-0.022217,1.054688,2.389313,2.259542,0.137405,1.055757,3.291387,2926,5120,2194,2926,0,68.1,1,normal
1780600490.8864574,41.0683185000089,41230,0.050049,-0.017822,1.047119,1.763359,2.656489,-0.442748,1.048466,3.219067,2930,5126,2196,2930,0,68.1,5,normal
1780600490.917502,41.09936310000194,41261,0.052979,0.001953,1.068604,0.801527,2.954198,-0.748092,1.069918,3.151091,2932,5130,2198,2932,0,68.1,0,normal
1780600490.9488533,41.130714400002034,41292,0.062256,-0.04541,1.042236,2.251908,3.335878,-0.671756,1.045081,4.080494,2933,5133,2200,2933,1,68.1,18,normal
1780600490.9799821,41.16184319999593,41323,0.055176,-0.014648,1.051758,1.389313,2.198473,-0.335878,1.053306,2.622268,2937,5138,2201,2937,0,68.1,1,normal
1780600491.0103395,41.19220069999574,41354,0.028809,-0.048584,1.068359,0.984733,2.618321,-0.870229,1.069851,2.929608,2938,5140,2202,2938,0,68.1,4,normal
1780600491.0413506,41.22321169999486,41385,0.057861,0.005371,1.044189,2.916031,3.022901,-0.038168,1.045805,4.200312,2943,5147,2204,2943,1,82.437,3,normal
1780600491.072561,41.25442219999968,41416,0.055664,-0.014404,1.047363,0.282443,2.580153,-0.793893,1.04894,2.714264,2945,5150,2205,2945,0,82.437,5,normal
1780600491.1043308,41.28619199999957,41447,0.057373,-0.041504,1.057861,1.91603,2.755725,-0.549618,1.060229,3.40107,2946,5152,2206,2946,0,82.437,5,normal
1780600491.1363084,41.3181695999956,41478,0.058105,-0.02832,1.058838,2.496183,3.152672,-0.290076,1.060809,4.031676,2949,5156,2207,2949,0,82.437,6,normal
1780600491.1665924,41.348453500002506,41510,0.054199,-0.006836,1.051514,0.755725,3.0,-1.145038,1.052932,3.298823,2952,5160,2208,2952,0,82.437,5,normal
1780600491.197223,41.37908420000167,41540,0.033447,-0.022217,1.030518,2.503817,2.778626,-0.328244,1.0313,3.754678,2954,5164,2210,2954,0,82.437,0,normal
1780600491.2284536,41.41031469999871,41571,0.056641,-0.01709,1.044678,1.770992,2.80916,-1.152672,1.046352,3.515174,2957,5168,2211,2957,0,82.437,5,normal
1780600491.259357,41.441218200008734,41602,0.071289,-0.004395,1.072266,0.740458,3.114504,-0.717557,1.074642,3.280747,2958,5170,2212,2958,0,82.437,5,normal
1780600491.2904654,41.4723265000066,41633,0.030029,-0.084717,1.051758,2.19084,2.648855,-0.374046,1.055591,3.457763,2959,5173,2214,2959,1,82.437,17,normal
1780600491.3212974,41.50315849999606,41665,0.025146,0.00415,1.043945,0.870229,2.412214,-0.412214,1.044256,2.597305,2963,5178,2215,2963,0,71.429,5,normal
1780600491.3542664,41.536127600003965,41696,0.029053,-0.046631,1.071533,1.061069,2.564885,-0.977099,1.072941,2.942656,2964,5181,2217,2964,1,71.429,14,normal
1780600491.3846192,41.56648039999709,41728,0.024414,-0.012695,1.052734,2.59542,3.366412,-0.618321,1.053094,4.295492,2969,5188,2219,2969,0,71.429,6,normal
1780600491.4153693,41.597230400002445,41759,0.023926,-0.01709,1.04248,0.068702,2.778626,-0.847328,1.042895,2.905761,2971,5192,2221,2971,0,71.429,1,normal
1780600491.4468906,41.628751700001885,41790,0.045166,-0.015625,1.053955,2.480916,2.78626,0.122137,1.055038,3.732708,2972,5194,2222,2972,0,71.429,5,normal
1780600491.4776776,41.65953869999794,41821,0.051514,-0.012695,1.062744,2.374046,3.183206,-0.396947,1.064068,3.990797,2975,5198,2223,2975,0,71.429,5,normal
1780600491.5095577,41.69141899999522,41852,0.072998,-0.007813,1.061035,0.923664,3.328244,-0.969466,1.063572,3.58751,2976,5200,2224,2976,0,71.429,5,normal
1780600491.540282,41.72214310000709,41883,0.037109,-0.08667,1.037598,1.977099,2.969466,0.053435,1.041872,3.567843,2978,5207,2229,2978,1,71.429,3,normal
1780600491.57082,41.752681300000404,41914,0.033691,-0.009033,1.051025,1.557252,2.206107,-0.816794,1.051604,2.821186,2981,5212,2231,2981,0,71.429,0,normal
1780600491.6024842,41.78434529999504,41945,0.028076,-0.012939,1.057373,0.80916,2.923664,-0.526718,1.057825,3.078958,2982,5214,2232,2982,0,67.857,5,normal
1780600491.6317124,41.81357349999598,41976,0.056152,-0.003174,1.04834,3.282443,2.29771,-0.480916,1.049847,4.03549,2983,5217,2234,2983,1,67.857,18,normal
1780600491.663937,41.845798299997114,42006,0.018311,-0.010254,1.033691,1.229008,2.19084,-0.51145,1.033904,2.563556,2985,5220,2235,2985,0,67.857,6,normal
1780600491.6943243,41.876185500004794,42037,0.002441,-0.052002,1.065918,0.625954,2.450382,-0.923664,1.067188,2.692461,2988,5224,2236,2988,0,67.857,5,normal
1780600491.7240417,41.9059028000047,42068,0.028809,0.009521,1.046875,3.030534,2.862595,0.19084,1.047314,4.17313,2992,5229,2237,2992,1,67.857,17,normal
1780600491.7554588,41.93732009999803,42099,0.057373,0.003418,1.043457,0.229008,2.122137,-0.946565,1.045039,2.33493,2994,5232,2238,2994,0,67.857,5,normal
1780600491.785622,41.96748310000112,42130,0.021484,-0.012695,1.065918,2.038168,2.740458,-1.21374,1.06621,3.624556,2995,5234,2239,2995,0,67.857,5,normal
1780600491.8167925,41.998653600006946,42160,0.059082,-0.022217,1.056885,2.778626,2.946565,-0.618321,1.058768,4.09699,2999,5240,2241,2999,0,67.857,5,normal
1780600491.8474526,42.02931369999715,42190,0.056152,-0.014893,1.037354,0.007634,3.129771,-0.763359,1.038979,3.221528,3000,5242,2242,3000,0,67.857,5,normal
1780600491.8780398,42.059900899999775,42221,0.044434,-0.009766,1.050293,2.396947,2.801527,-0.465649,1.051278,3.71628,3003,5246,2243,3003,0,76.087,5,normal
1780600491.9097407,42.0916017999989,42252,0.063721,-0.031006,1.064209,2.259542,3.717557,-0.587786,1.066566,4.389904,3006,5250,2244,3006,0,76.087,5,normal
1780600491.939977,42.121838200007915,42283,0.048828,-0.017822,1.054932,0.282443,2.832061,-0.480916,1.056211,2.886455,3007,5252,2245,3007,0,76.087,5,normal
1780600491.9711955,42.15305670000089,42314,0.061768,-0.038574,1.050781,2.29771,2.251908,-0.053435,1.053302,3.217672,3008,5255,2247,3008,1,76.087,17,normal
1780600492.0015526,42.18341379999765,42345,0.047852,-0.010986,1.055176,1.29771,1.709924,-1.167939,1.056317,2.443762,3010,5258,2248,3010,0,76.087,5,normal
1780600492.032677,42.214538000000175,42376,0.066895,-0.01416,1.068848,0.824427,2.885496,-1.10687,1.071032,3.198583,3012,5262,2250,3012,0,76.087,5,normal
1780600492.0638754,42.24573650000093,42407,0.07251,-0.066162,1.038086,3.19084,2.396947,-0.206107,1.042716,3.99616,3013,5267,2254,3013,1,76.087,17,normal
1780600492.096043,42.27790430000459,42438,0.042969,0.012207,1.043945,0.70229,2.89313,-0.114504,1.044901,2.979349,3017,5272,2255,3017,0,76.087,5,normal
1780600492.1274896,42.309350800001994,42470,0.035645,-0.04126,1.06958,1.862595,2.717557,-1.259542,1.070969,3.527155,3018,5274,2256,3018,0,76.087,5,normal
1780600492.1580534,42.339914500000305,42501,0.030029,-0.018066,1.066406,2.549618,3.206107,-0.320611,1.066982,4.108828,3022,5280,2258,3022,0,67.857,5,normal
1780600492.1897902,42.371651499997824,42533,0.056641,-0.001709,1.049561,0.389313,2.877863,-0.900763,1.051089,3.040564,3023,5282,2259,3023,0,67.857,5,normal
1780600492.2213748,42.40323599999829,42564,0.024414,-0.091553,1.052734,2.412214,2.732824,-0.114504,1.05699,3.646946,3024,5287,2263,3024,1,67.857,18,normal
1780600492.2530336,42.43489479999698,42596,0.023438,-0.016602,1.052246,0.877863,2.435115,-0.236641,1.052638,2.599312,3026,5290,2264,3026,0,67.857,5,normal
1780600492.283487,42.46534830000019,42627,0.001465,-0.04541,1.053223,1.053435,2.396947,-0.969466,1.054202,2.791942,3027,5292,2265,3027,0,67.857,5,normal
1780600492.3160865,42.49794770000153,42658,0.057617,-0.022949,1.048096,3.053435,3.389313,0.229008,1.049929,4.567642,3030,5297,2267,3030,1,67.857,14,normal
1780600492.346977,42.52883819999988,42689,0.04541,-0.019287,1.045654,-0.10687,2.679389,-0.961832,1.046818,2.848801,3032,5300,2268,3032,0,67.857,5,normal
1780600492.3779974,42.55985849999706,42720,0.034912,-0.021729,1.068604,2.816794,2.961832,-0.259542,1.069394,4.095624,3037,5306,2269,3037,0,67.857,0,normal
1780600492.4091332,42.590994400001364,42751,0.067627,-0.012695,1.060059,2.305344,3.038168,-0.374046,1.062289,3.832099,3040,5310,2270,3040,0,72.0,6,normal
1780600492.4405425,42.62240360000578,42783,0.031982,-0.001465,1.059326,1.08397,2.687023,-1.114504,1.05981,3.104384,3043,5314,2271,3043,0,72.0,5,normal
1780600492.4716098,42.653470899997046,42814,0.025391,-0.085938,1.040527,2.167939,2.541985,-0.229008,1.044379,3.348745,3044,5317,2273,3044,1,72.0,17,normal
1780600492.5018547,42.68371589999879,42845,0.023682,-0.010986,1.040283,1.198473,1.885496,-0.496183,1.040611,2.288587,3046,5320,2274,3046,0,72.0,5,normal
1780600492.5329168,42.7147779000079,42876,-0.002686,-0.043213,1.062256,0.862595,2.923664,-0.78626,1.063138,3.148029,3049,5324,2275,3049,0,72.0,5,normal
1780600492.5652387,42.747099900007015,42907,0.023682,0.011963,1.041016,3.244275,3.580153,0.061069,1.041354,4.831826,3050,5329,2279,3050,1,72.0,0,normal
1780600492.5937142,42.77557539999543,42938,0.034668,0.002686,1.030273,0.007634,3.137405,-0.900763,1.03086,3.26416,3052,5332,2280,3052,0,72.0,5,normal
1780600492.6254528,42.80731380000361,42968,0.047119,-0.062988,1.072266,1.305344,2.687023,-1.091603,1.075147,3.180505,3053,5334,2281,3053,0,72.0,5,normal
1780600492.6557705,42.83763170000748,42999,0.037354,-0.010254,1.0625,2.816794,3.549618,-0.221374,1.063206,4.536863,3057,5340,2283,3057,0,72.0,5,normal
1780600492.6855927,42.867453900005785,43029,0.0625,-0.020752,1.047852,-0.083969,2.839695,-1.076336,1.049919,3.037995,3058,5342,2284,3058,0,64.748,5,normal
1780600492.7180262,42.89988729999459,43060,0.044189,-0.01709,1.058594,2.465649,3.061069,-0.671756,1.059653,3.987583,3063,5348,2285,3063,0,64.748,0,normal
1780600492.748785,42.930646100008744,43092,0.035889,-0.011963,1.052246,1.862595,2.694656,-0.435114,1.052926,3.304506,3066,5352,2286,3066,0,64.748,5,normal
1780600492.7816136,42.96347479999531,43124,0.057373,-0.013184,1.062988,0.641221,2.656489,-1.419847,1.064617,3.079621,3069,5356,2287,3069,0,64.748,5,normal
1780600492.8113756,42.993236800000886,43155,0.052002,-0.062012,1.048584,2.885496,2.78626,-0.259542,1.051702,4.019539,3070,5359,2289,3070,1,64.748,17,normal
1780600492.8426642,43.02452550000453,43186,0.045898,-0.010498,1.047607,1.206107,2.229008,-0.793893,1.048665,2.65583,3072,5362,2290,3072,0,64.748,5,normal
1780600492.87454,43.05640129999665,43217,0.051514,-0.071045,1.077148,1.19084,2.641221,-1.061069,1.080717,3.085452,3076,5368,2292,3076,0,64.748,0,normal
1780600492.9061215,43.08798270000261,43249,0.041016,-0.023193,1.063721,2.221374,3.068702,-0.290076,1.064764,3.799418,3079,5372,2293,3079,0,64.748,5,normal
1780600492.9371,43.11896120000165,43280,0.022705,-0.025146,1.041748,-0.022901,3.129771,-0.961832,1.042299,3.274311,3080,5374,2294,3080,0,87.649,5,normal
1780600492.9678895,43.14975080000295,43311,0.048584,-0.05127,1.048096,2.564885,2.641221,-0.038168,1.050473,3.681867,3081,5376,2295,3081,0,87.649,4,normal
1780600492.9984055,43.18026660000032,43342,0.049805,-0.015137,1.049072,1.717557,2.664122,-0.618321,1.050363,3.229531,3086,5382,2296,3086,0,87.649,5,normal
1780600493.0295331,43.211394400001154,43373,0.047607,0.001709,1.072022,0.870229,3.053435,-0.847328,1.073079,3.286142,3087,5384,2297,3087,0,87.649,5,normal
1780600493.062041,43.243902300004265,43404,0.073242,-0.059082,1.042236,2.541985,3.21374,-0.465649,1.046476,4.123912,3089,5391,2302,3089,1,87.649,4,normal
1780600493.0918143,43.27367540000705,43435,0.060791,-0.007813,1.049316,1.21374,2.374046,-0.679389,1.051105,2.751514,3092,5396,2304,3092,0,87.649,1,normal
1780600493.121212,43.30307320000429,43465,0.016602,-0.040527,1.041992,0.48855,2.442748,-1.015267,1.042912,2.690068,3093,5398,2305,3093,0,87.649,5,normal
1780600493.1525936,43.334454700001515,43496,0.039795,-0.02002,1.050781,3.21374,3.19084,0.045802,1.051725,4.528982,3094,5401,2307,3094,1,87.649,17,normal
1780600493.1839352,43.36579630000051,43527,0.056396,-0.019043,1.034912,0.152672,2.51145,-1.053435,1.036622,2.727713,3096,5404,2308,3096,0,87.649,5,normal
1780600493.2160559,43.39791709999554,43558,0.057373,-0.046387,1.057617,2.114504,2.625954,-0.557252,1.060187,3.417205,3100,5410,2310,3100,0,71.942,0,normal
1780600493.2475297,43.42939089999709,43590,0.043945,-0.025146,1.060303,2.145038,2.740458,-0.908397,1.061511,3.596732,3103,5414,2311,3103,0,71.942,5,normal
1780600493.2780976,43.45995889999904,43621,0.061035,0.000977,1.053223,0.198473,3.229008,-1.091603,1.05499,3.414305,3104,5416,2312,3104,0,71.942,5,normal
1780600493.310688,43.49254930000461,43652,0.02417,-0.080811,1.048096,2.351145,2.328244,-0.198473,1.051484,3.314814,3105,5419,2314,3105,1,71.942,18,normal
1780600493.3414454,43.52330650000658,43684,0.040527,-0.016846,1.040039,1.122137,2.022901,-0.70229,1.040965,2.417546,3109,5424,2315,3109,0,71.942,5,normal
1780600493.3717303,43.553591500007315,43715,0.012695,-0.053223,1.049072,0.755725,2.29771,-1.198473,1.050498,2.699432,3110,5426,2316,3110,0,71.942,5,normal
1780600493.4024038,43.584264999997686,43745,0.032471,0.01001,1.042969,3.496183,3.038168,-0.053435,1.043522,4.632129,3115,5433,2318,3115,1,71.942,4,normal
1780600493.4316044,43.61346550000599,43776,0.034668,0.012695,1.043457,0.419847,2.778626,-0.587786,1.04411,2.87098,3118,5438,2320,3118,0,71.942,1,normal
1780600493.462851,43.64471219999541,43806,0.030762,-0.048584,1.066894,0.801527,2.587786,-0.709924,1.068443,2.800549,3119,5440,2321,3119,0,71.942,5,normal
1780600493.4942374,43.67609860000084,43837,0.033936,-0.011963,1.054932,3.29771,3.503817,-0.167939,1.055545,4.814543,3121,5443,2322,3121,0,75.269,16,normal
1780600493.5247927,43.70665380000719,43868,0.024902,-0.020752,1.03833,-0.389313,2.534351,-1.076336,1.038836,2.780827,3123,5446,2323,3123,0,75.269,5,normal
1780600493.5574226,43.73928380000871,43900,0.05542,-0.037842,1.044922,2.633588,2.977099,-0.099237,1.047075,3.976022,3125,5453,2328,3125,1,75.269,3,normal
1780600493.589161,43.77102200000081,43932,0.031738,-0.015625,1.052734,1.40458,2.122137,-1.198473,1.053329,2.812943,3127,5456,2329,3127,0,75.269,5,normal
1780600493.6201327,43.80199380000704,43963,0.062988,-0.013184,1.061523,0.51145,2.030534,-1.129771,1.063472,2.379292,3128,5458,2330,3128,0,75.269,5,normal
1780600493.6511347,43.832995899996604,43994,0.034912,-0.020508,1.043945,3.610687,2.793893,-0.450382,1.04473,4.587564,3129,5461,2332,3129,1,75.269,18,normal
1780600493.6831949,43.86505599999509,44025,0.027344,0.020264,1.039307,0.580153,2.358779,-0.603053,1.039864,2.502816,3133,5466,2333,3133,0,75.269,5,normal
1780600493.7140493,43.89591059999657,44056,0.031494,-0.062012,1.052734,1.389313,2.442748,-1.099237,1.055029,3.017537,3135,5470,2335,3135,0,75.269,1,normal
1780600493.7439923,43.925853499997174,44087,0.052246,-0.027344,1.061523,2.694656,3.496183,-0.572519,1.06316,4.451095,3139,5476,2337,3139,0,72.0,5,normal
1780600493.7748632,43.95672430000559,44118,0.032959,-0.033936,1.035889,-0.335878,2.664122,-0.625954,1.036968,2.757205,3141,5480,2339,3141,0,72.0,0,normal
1780600493.8065338,43.988395000007586,44149,0.040039,-0.028809,1.053223,2.854962,2.870229,-0.389313,1.054377,4.067012,3142,5482,2340,3142,0,72.0,5,normal
1780600493.8367355,44.018596599999,44180,0.054932,-0.011963,1.05127,1.396947,2.366412,-0.916031,1.052772,2.896632,3145,5487,2342,3145,1,72.0,3,normal
1780600493.8685384,44.05039960000431,44211,0.057129,-0.013428,1.061035,0.305344,2.755725,-0.946565,1.062657,2.929717,3147,5490,2343,3147,0,72.0,5,normal
1780600493.8997328,44.08159410000371,44242,0.05835,-0.069824,1.048828,2.320611,2.732824,-0.801527,1.052768,3.673691,3149,5497,2348,3149,1,72.0,4,normal
1780600493.9302323,44.112093400006415,44273,0.062012,-0.016846,1.049072,1.175572,2.908397,-0.625954,1.051038,3.198838,3151,5500,2349,3151,0,72.0,5,normal
1780600493.9613516,44.143212900002254,44304,0.038086,-0.059082,1.063232,1.21374,2.229008,-0.732824,1.065554,2.641718,3152,5502,2350,3152,0,72.0,5,normal
1780600493.9912994,44.17316049999499,44335,0.04834,-0.005615,1.057373,3.015267,3.59542,-0.091603,1.058492,4.693322,3155,5506,2351,3155,0,72.0,5,normal
1780600494.0216892,44.20355030000792,44365,0.051514,0.006592,1.044678,-0.229008,2.664122,-0.900763,1.045968,2.821589,3156,5508,2352,3156,0,61.151,5,normal
1780600494.0543458,44.23620700000902,44396,0.05835,-0.020264,1.071533,2.389313,2.709924,-1.015267,1.073312,3.752768,3159,5512,2353,3159,0,61.151,0,normal
1780600494.0845742,44.266435500001535,44427,0.05542,-0.030762,1.058594,2.557252,3.396947,0.030534,1.06049,4.252025,3163,5518,2355,3163,0,61.151,5,normal
1780600494.1141722,44.296033300008276,44458,0.05249,-0.003906,1.044922,-0.038168,2.679389,-0.885496,1.046247,2.822178,3165,5522,2357,3165,0,61.151,0,normal
1780600494.1469257,44.32878690000507,44489,0.019287,-0.077393,1.037598,2.183206,2.732824,0.053435,1.040659,3.498224,3166,5525,2359,3166,1,61.151,18,normal
1780600494.1779463,44.3598076000053,44521,0.040771,0.000732,1.048828,0.977099,2.007634,-0.51145,1.04962,2.29061,3169,5530,2361,3169,0,61.151,0,normal
1780600494.209649,44.391510300003574,44552,0.019775,-0.045898,1.055664,0.755725,2.236641,-1.091603,1.056846,2.601016,3170,5532,2362,3170,0,61.151,5,normal
1780600494.2399032,44.42176430000109,44583,0.040527,-0.022461,1.043945,3.10687,3.587786,-0.045802,1.044973,4.746256,3173,5537,2364,3173,1,61.151,3,normal
1780600494.2704504,44.452311400003964,44614,0.049072,-0.014404,1.040527,-0.129771,2.70229,-0.832061,1.041783,2.830466,3175,5540,2365,3175,0,61.151,5,normal
1780600494.301285,44.48314609999943,44645,0.060303,-0.039551,1.058594,1.885496,2.70229,-0.946565,1.061047,3.428331,3176,5542,2366,3176,0,71.429,5,normal
1780600494.3333492,44.515210300000035,44676,0.056885,-0.027832,1.063721,2.374046,2.70229,-0.908397,1.065604,3.709939,3179,5546,2367,3179,0,71.429,5,normal
1780600494.3647418,44.54660299999523,44707,0.05127,-0.033691,1.049561,-0.061069,2.908397,-0.938931,1.051352,3.056811,3180,5548,2368,3180,0,71.429,4,normal
1780600494.396243,44.57810430000245,44738,0.037598,-0.059326,1.046143,2.679389,2.526718,-0.21374,1.048498,3.689053,3182,5553,2371,3182,1,71.429,3,normal
1780600494.4253185,44.60717970000405,44769,0.024658,-0.008301,1.05249,1.732824,2.068702,-0.839695,1.052812,2.82618,3185,5558,2373,3185,0,71.429,5,normal
1780600494.4626327,44.644493800005876,44805,0.040771,-0.008301,1.057617,0.396947,2.641221,-1.610687,1.058435,3.118963,3187,5562,2375,3187,0,71.429,0,normal
1780600494.4942853,44.67614660000254,44836,0.025879,-0.013672,1.054199,1.717557,2.48855,-0.603053,1.054606,3.08327,3190,5566,2376,3190,0,71.429,5,normal
1780600494.5257568,44.707617899999605,44868,0.039307,-0.012939,1.062744,0.709924,2.51145,-1.152672,1.06355,2.853073,3192,5570,2378,3192,0,71.429,1,normal
1780600494.5562716,44.73813280000468,44899,0.05127,-0.0625,1.047852,2.89313,3.351145,-0.374046,1.050965,4.443004,3193,5573,2380,3193,1,66.929,17,normal
1780600494.5866387,44.768499800004065,44930,0.058594,-0.006592,1.043457,1.007634,2.625954,-0.526718,1.045122,2.861536,3196,5578,2382,3196,0,66.929,5,normal
1780600494.617696,44.79955720000726,44961,0.056396,-0.064453,1.07959,1.198473,2.21374,-0.938931,1.082982,2.686741,3199,5582,2383,3199,0,66.929,4,normal
1780600494.6493957,44.83125689999724,44992,0.061523,-0.021729,1.057617,3.21374,3.770992,-0.374046,1.059628,4.968744,3203,5588,2385,3203,0,66.929,5,normal
1780600494.680053,44.861914199995226,45023,0.049561,-0.025635,1.050781,-0.656489,3.007634,-0.931298,1.052262,3.216232,3204,5590,2386,3204,0,66.929,5,normal
1780600494.711301,44.89316219999455,45054,0.061279,-0.026367,1.062988,2.603053,3.099237,0.038168,1.06508,4.047544,3205,5592,2387,3205,0,66.929,5,normal
1780600494.7415347,44.9233957999968,45085,0.020996,0.000488,1.057861,2.381679,2.687023,-0.610687,1.05807,3.642173,3209,5598,2389,3209,0,66.929,5,normal
1780600494.7734911,44.95535230000678,45116,0.041016,0.000977,1.059326,0.496183,3.19084,-0.908397,1.06012,3.354526,3211,5602,2391,3211,0,66.929,5,normal
1780600494.8042798,44.986141000001226,45147,0.032227,-0.087158,1.042969,2.328244,2.587786,-0.183206,1.0471,3.485818,3212,5605,2393,3212,1,66.929,17,normal
1780600494.834959,45.016820100005134,45178,0.041504,-0.008545,1.050537,1.091603,2.969466,-0.496183,1.051391,3.202424,3214,5608,2394,3214,0,75.269,5,normal
1780600494.865367,45.047228199997335,45209,0.012207,-0.055176,1.051025,0.89313,2.954198,-0.992366,1.052543,3.241876,3216,5612,2396,3216,0,75.269,0,normal
1780600494.8962743,45.078135600007954,45240,0.036621,0.009277,1.054443,3.587786,3.015267,-0.290076,1.05512,4.69555,3218,5615,2397,3218,1,75.269,17,normal
1780600494.926639,45.10850030000438,45270,0.062744,0.01123,1.049316,0.557252,2.519084,-0.70229,1.051251,2.67386,3221,5620,2399,3221,0,75.269,5,normal
1780600494.9585204,45.140381599994726,45301,0.018555,-0.039795,1.057129,1.580153,2.496183,-1.10687,1.05804,3.154834,3224,5624,2400,3224,0,75.269,5,normal
1780600494.989258,45.171119300008286,45332,0.02417,-0.016113,1.055908,2.641221,3.129771,-0.259542,1.056308,4.10352,3228,5630,2402,3228,0,75.269,5,normal
1780600495.0202875,45.202148700002,45364,0.046143,-0.003906,1.060791,0.267176,3.419847,-0.717557,1.061801,3.504515,3229,5632,2403,3229,0,75.269,5,normal
1780600495.0516813,45.23354250000557,45395,0.03833,-0.07666,1.052978,2.160305,2.40458,-0.068702,1.056461,3.23321,3230,5635,2405,3230,1,75.269,17,normal
1780600495.0826378,45.26449899999716,45426,0.033691,-0.006836,1.060791,1.625954,1.80916,-0.80916,1.061348,2.563499,3233,5640,2407,3233,0,75.269,5,normal
1780600495.1147027,45.29656380000233,45457,0.034424,-0.016602,1.064453,0.465649,2.801527,-1.08397,1.065139,3.039798,3235,5644,2409,3235,0,75.269,6,normal
1780600495.1443083,45.32616949999647,45488,0.06665,-0.072266,1.04834,3.480916,3.519084,-0.358779,1.052939,4.962806,3236,5647,2411,3236,1,75.269,18,normal
1780600495.175587,45.357448199996725,45519,0.034912,0.012939,1.037109,0.259542,2.610687,-0.847328,1.037778,2.756994,3238,5650,2412,3238,0,75.269,5,normal
1780600495.2068775,45.38873869999952,45550,0.03418,-0.059326,1.069092,1.267176,2.381679,-1.435114,1.071282,3.055762,3240,5654,2414,3240,0,75.269,1,normal
1780600495.238051,45.41991219999909,45581,0.061279,-0.039551,1.057373,2.412214,3.526718,-0.175573,1.059885,4.27637,3243,5658,2415,3243,0,75.269,5,normal
1780600495.2690892,45.4509504000016,45612,0.036133,-0.028564,1.040039,-0.603053,2.778626,-1.137405,1.041058,3.062372,3245,5662,2417,3245,0,75.269,5,normal
1780600495.2993193,45.48118040000554,45643,0.05542,-0.041504,1.042969,2.954198,3.10687,0.167939,1.045264,4.29047,3246,5666,2420,3246,0,75.269,4,normal
1780600495.3307202,45.51258140000573,45674,0.016357,-0.00293,1.042725,1.59542,2.664122,-0.625954,1.042857,3.167764,3250,5672,2422,3250,0,75.269,5,normal
1780600495.3614883,45.54334960000415,45705,0.045654,0.001221,1.062256,0.59542,2.732824,-1.221374,1.063237,3.051984,3251,5674,2423,3251,0,75.269,5,normal
1780600495.3932936,45.57515479999711,45736,0.055908,-0.077148,1.049072,2.610687,2.51145,-0.366412,1.05339,3.641061,3253,5679,2426,3253,1,64.516,14,normal
1780600495.4264226,45.60828380000021,45768,0.052246,0.02417,1.031494,0.854962,2.328244,-0.847328,1.033099,2.621001,3255,5682,2427,3255,0,64.516,5,normal
1780600495.4562497,45.63811080000596,45799,0.019531,-0.030762,1.050781,1.618321,2.610687,-0.801527,1.051413,3.174444,3258,5686,2428,3258,0,64.516,5,normal
1780600495.4891775,45.67103870000574,45831,0.063721,-0.02417,1.064941,2.442748,2.641221,-0.534351,1.06712,3.637114,3261,5690,2429,3261,0,64.516,6,normal
1780600495.5200691,45.70193019999715,45862,0.053711,0.010254,1.061035,0.267176,2.435115,-0.801527,1.062443,2.57752,3262,5692,2430,3262,0,64.516,5,normal
1780600495.552363,45.734224100000574,45894,0.035645,-0.08374,1.032227,2.389313,2.671756,-0.427481,1.036231,3.609686,3263,5695,2432,3263,1,64.516,17,normal
1780600495.5840995,45.76596069999505,45926,0.06958,0.021729,1.046631,0.770992,2.847328,-0.587786,1.049166,3.007856,3265,5698,2433,3265,0,64.516,5,normal
1780600495.616194,45.79805520000809,45958,0.015137,-0.023682,1.055176,2.007634,2.694656,-1.022901,1.05555,3.512562,3269,5704,2435,3269,0,64.516,0,normal
1780600495.6461997,45.828060900006676,45989,0.039795,-0.026611,1.066406,2.89313,3.305344,-0.801527,1.06748,4.465192,3272,5708,2436,3272,0,75.099,5,normal
1780600495.677427,45.85928810000769,46020,0.040283,-0.029541,1.04248,-0.152672,2.961832,-0.656489,1.043677,3.037554,3275,5712,2437,3275,0,75.099,5,normal
1780600495.7084515,45.890312600007746,46051,0.032227,-0.06958,1.034912,2.427481,2.877863,0.206107,1.037749,3.770575,3276,5715,2439,3276,1,75.099,18,normal
1780600495.7395585,45.92141969999648,46083,0.041016,-0.003418,1.055664,1.0,2.374046,-1.091603,1.056466,2.797801,3280,5720,2440,3280,0,75.099,5,normal
1780600495.7711852,45.95304629999737,46113,0.02832,-0.047363,1.062744,0.366412,2.717557,-1.114504,1.064176,2.959982,3281,5722,2441,3281,0,75.099,5,normal
1780600495.8028877,45.984748800008674,46145,0.064453,-0.037109,1.040039,3.465649,2.694656,-0.206107,1.042695,4.394812,3283,5729,2446,3283,1,75.099,3,normal
1780600495.832981,46.01484220000566,46176,0.030518,-0.005127,1.034424,-0.038168,2.328244,-0.793893,1.034887,2.460172,3286,5734,2448,3286,0,75.099,1,normal
1780600495.8642452,46.04610639999737,46207,0.051025,-0.04248,1.060303,1.908397,2.519084,-0.877863,1.062379,3.280001,3287,5736,2449,3287,0,75.099,5,normal
1780600495.8945653,46.076426400002674,46238,0.052246,-0.025635,1.058838,2.335878,3.465649,-0.458015,1.060436,4.204382,3290,5740,2450,3290,0,75.099,5,normal
1780600495.9272096,46.109070799997426,46269,0.057617,-0.04126,1.039551,-0.503817,2.664122,-0.732824,1.041963,2.808631,3291,5742,2451,3291,0,67.857,4,normal
1780600495.9566836,46.13854480000737,46300,0.040527,-0.054199,1.043945,2.877863,2.465649,0.076336,1.046137,3.790428,3293,5748,2455,3293,0,67.857,0,normal
1780600495.986975,46.1688359999971,46331,0.022705,-0.008057,1.046631,1.938931,2.29771,-1.007634,1.046908,3.170844,3296,5752,2456,3296,0,67.857,5,normal
1780600496.017994,46.199854999998934,46361,0.044189,-0.003906,1.069824,0.419847,2.992366,-1.076336,1.070744,3.207651,3297,5754,2457,3297,0,67.857,5,normal
1780600496.0492332,46.23109440000553,46392,0.032227,-0.077148,1.045898,2.442748,2.465649,-0.656489,1.049235,3.532339,3298,5757,2459,3298,1,67.857,17,normal
1780600496.0796833,46.2615444999974,46423,0.022217,0.000244,1.045166,0.732824,2.458015,-0.48855,1.045402,2.611044,3302,5762,2460,3302,0,67.857,5,normal
1780600496.1097987,46.29165980000107,46454,0.020996,-0.045166,1.063965,0.839695,2.59542,-1.091603,1.06513,2.938178,3303,5764,2461,3303,0,67.857,5,normal
1780600496.1407669,46.3226280999952,46484,0.049561,-0.068848,1.043945,3.427481,2.870229,0.10687,1.047386,4.47183,3305,5771,2466,3305,1,67.857,3,normal
1780600496.1719887,46.35384999999951,46515,0.049561,0.014893,1.047363,0.549618,1.923664,-0.969466,1.048641,2.223157,3308,5776,2468,3308,0,67.857,0,normal
1780600496.2037616,46.385622700006934,46546,0.026123,-0.018066,1.05835,1.877863,2.679389,-0.877863,1.058826,3.387645,3309,5778,2469,3309,0,64.982,5,normal
1780600496.2348979,46.41675899999973,46578,0.037842,-0.031738,1.060791,2.129771,3.122137,-0.335878,1.06194,3.794269,3312,5782,2470,3312,0,64.982,6,normal
1780600496.2668872,46.44874829999753,46609,0.055664,0.023193,1.057373,-0.221374,2.969466,-0.80916,1.059091,3.085688,3313,5784,2471,3313,0,64.982,5,normal
1780600496.2990422,46.480903500007116,46641,0.037109,-0.088379,1.045898,2.282443,3.221374,-0.076336,1.050282,3.94875,3315,5791,2476,3315,1,64.982,3,normal
1780600496.329291,46.51115220000793,46672,0.040527,0.008545,1.054443,1.167939,2.541985,-0.48855,1.055256,2.839797,3317,5794,2477,3317,0,64.982,5,normal
1780600496.3606215,46.54248269999516,46703,0.011719,-0.044922,1.073242,0.51145,2.618321,-0.916031,1.074246,2.820691,3318,5796,2478,3318,0,64.982,5,normal
1780600496.3916676,46.57352869999886,46734,0.023926,0.004395,1.04248,3.534351,3.282443,-0.198473,1.042764,4.827574,3320,5799,2479,3320,1,64.982,17,normal
1780600496.421898,46.603759000005084,46765,0.022705,-0.002197,1.022949,-0.091603,2.374046,-0.862595,1.023204,2.527559,3324,5804,2480,3324,0,64.982,6,normal
1780600496.454013,46.63587430000189,46796,0.023682,-0.036133,1.055908,2.557252,3.160305,-0.671756,1.056792,4.120476,3327,5808,2481,3327,0,72.0,1,normal
1780600496.4842584,46.66611950000515,46827,0.051025,-0.025391,1.053467,2.427481,2.641221,-0.572519,1.055007,3.632698,3331,5814,2483,3331,0,72.0,6,normal
1780600496.514272,46.69613310000568,46858,0.048828,0.000977,1.047852,0.129771,2.709924,-1.0,1.048989,2.891458,3333,5818,2485,3333,0,72.0,1,normal
1780600496.5450842,46.72694540000521,46888,0.040039,-0.028564,1.045898,2.80916,2.763359,-0.068702,1.047054,3.941098,3334,5820,2486,3334,0,72.0,5,normal
1780600496.5769715,46.75883269999758,46919,0.026367,-0.007324,1.047119,1.923664,2.709924,-0.465649,1.047477,3.355741,3337,5824,2487,3337,0,72.0,5,normal
1780600496.6073227,46.78918390000763,46950,0.04834,-0.005859,1.068848,0.251908,3.389313,-0.709924,1.069956,3.472016,3338,5826,2488,3338,0,72.0,5,normal
1780600496.6389415,46.82080260000657,46981,0.022949,-0.07666,1.040283,2.259542,2.641221,-0.244275,1.043356,3.48443,3340,5833,2493,3340,1,72.0,3,normal
1780600496.668472,46.850333199996385,47012,0.010254,-0.005127,1.050781,1.0,2.007634,-0.610687,1.050844,2.32455,3342,5836,2494,3342,0,72.0,5,normal
1780600496.6998055,46.88166670000646,47042,0.004883,-0.047607,1.070557,0.557252,2.114504,-1.389313,1.071626,2.590723,3343,5838,2495,3343,0,72.0,5,normal
1780600496.7309978,46.9128589000029,47073,0.04248,-0.000244,1.052246,3.732824,3.389313,-0.21374,1.053103,5.046494,3344,5841,2497,3344,1,61.372,17,normal
1780600496.7621949,46.94405600000755,47104,0.036377,0.016602,1.033936,-0.007634,2.587786,-1.007634,1.034708,2.777053,3346,5844,2498,3346,0,61.372,5,normal
1780600496.7931654,46.97502660000464,47135,0.019531,-0.059082,1.054199,2.198473,3.022901,-0.801527,1.056034,3.822782,3348,5848,2500,3348,0,61.372,0,normal
1780600496.824881,47.00674230000004,47167,0.043213,-0.017578,1.054688,2.465649,2.648855,-0.114504,1.055719,3.620631,3352,5854,2502,3352,0,61.372,5,normal
1780600496.8558292,47.03769050000119,47198,0.056885,0.018311,1.064941,-0.053435,3.48855,-0.847328,1.066617,3.590376,3354,5858,2504,3354,0,61.372,0,normal
1780600496.8856573,47.067518399999244,47229,0.049316,-0.092041,1.039551,2.572519,2.694656,-0.015267,1.044782,3.725488,3355,5861,2506,3355,1,61.372,18,normal
1780600496.917064,47.09892499999842,47260,0.013672,-0.001709,1.053223,0.969466,1.969466,-0.908397,1.053313,2.375678,3358,5866,2508,3358,0,61.372,0,normal
1780600496.948376,47.130237100005616,47291,0.015137,-0.049805,1.069824,0.557252,2.778626,-0.78626,1.07109,2.941003,3359,5868,2509,3359,0,61.372,5,normal
1780600496.9789462,47.16080729999521,47322,0.042236,-0.005127,1.041016,3.580153,3.725191,-0.152672,1.041885,5.168931,3362,5873,2511,3362,1,61.372,3,normal
1780600497.0109,47.19276109999919,47353,0.034668,-0.007813,1.028809,-0.358779,3.068702,-0.89313,1.029422,3.216106,3364,5876,2512,3364,0,71.429,5,normal
1780600497.0411406,47.22300159999577,47384,0.035889,-0.032715,1.063965,2.122137,2.656489,-1.221374,1.065073,3.612776,3366,5880,2514,3366,0,71.429,0,normal
1780600497.0718699,47.2537311000051,47415,0.053467,-0.028809,1.0625,2.320611,3.259542,-0.480916,1.064234,4.030028,3369,5884,2515,3369,0,71.429,5,normal
1780600497.103588,47.285449300004984,47446,0.04541,-0.030518,1.05127,-0.290076,3.007634,-0.664122,1.052692,3.093714,3370,5886,2516,3370,0,71.429,5,normal
1780600497.134062,47.315923300004215,47477,0.051758,-0.068115,1.056396,2.80916,3.0,-0.114504,1.059855,4.111508,3372,5891,2519,3372,1,71.429,4,normal
1780600497.1653554,47.34721649999847,47508,0.056152,-0.007568,1.054688,1.725191,2.664122,-0.59542,1.056208,3.229296,3375,5896,2521,3375,0,71.429,5,normal
1780600497.1973367,47.379197800008114,47539,0.065186,-0.011719,1.064209,0.648855,2.717557,-0.984733,1.066268,2.962402,3376,5898,2522,3376,0,71.429,5,normal
1780600497.2266047,47.408465900007286,47570,0.060547,-0.066406,1.039307,3.221374,2.969466,-0.10687,1.043184,4.38251,3377,5901,2524,3377,1,71.429,17,normal
1780600497.2577324,47.439593500006595,47601,0.054443,0.012695,1.049316,1.045802,2.160305,-0.641221,1.050804,2.484308,3380,5906,2526,3380,0,71.429,0,normal
1780600497.2893274,47.47118860000046,47632,0.049316,-0.061523,1.071533,1.022901,2.053435,-1.419847,1.07443,2.697942,3381,5908,2527,3381,0,60.932,5,normal
1780600497.3205717,47.50243279999995,47663,0.042236,-0.012451,1.054688,3.198473,3.145038,-0.221374,1.055606,4.491158,3385,5914,2529,3385,0,60.932,5,normal
1780600497.3522978,47.534159000002546,47695,0.060303,0.003418,1.065186,0.21374,2.954198,-0.877863,1.066897,3.089274,3387,5918,2531,3387,0,60.932,5,normal
1780600497.383785,47.565646100003505,47726,0.046143,-0.061035,1.039551,2.29771,2.679389,-0.251908,1.042363,3.538652,3389,5923,2534,3389,1,60.932,14,normal
1780600497.4148676,47.596728699994856,47757,0.026611,0.004639,1.059082,1.648855,1.984733,-1.007634,1.059426,2.770056,3391,5926,2535,3391,0,60.932,5,normal
1780600497.4438057,47.625666799998726,47788,0.05127,0.005127,1.0625,0.328244,3.183206,-0.877863,1.063749,3.318311,3392,5928,2536,3392,0,60.932,5,normal
1780600497.476275,47.65813619999972,47818,0.04541,-0.071289,1.035644,2.503817,2.496183,-0.167939,1.039088,3.539524,3394,5933,2539,3394,1,60.932,3,normal
1780600497.5064046,47.68826589999662,47849,0.021729,-0.01001,1.061523,0.885496,2.152672,-0.480916,1.061793,2.376842,3397,5938,2541,3397,0,60.932,5,normal
1780600497.5378618,47.71972300000198,47880,0.017334,-0.049805,1.046143,0.839695,2.038168,-0.992366,1.047471,2.417438,3398,5940,2542,3398,0,60.932,5,normal
1780600497.5686307,47.75049190000573,47911,0.049561,-0.020752,1.056641,3.221374,3.114504,-0.10687,1.058006,4.482054,3400,5943,2543,3400,1,68.1,17,normal
1780600497.5989778,47.780838999999105,47942,0.040039,-0.013916,1.041016,0.007634,1.748092,-1.030534,1.041878,2.029257,3403,5948,2545,3403,0,68.1,0,normal
1780600497.6300347,47.81189589999849,47973,0.044434,-0.025635,1.058106,2.236641,2.381679,-1.0,1.059348,3.416864,3404,5950,2546,3404,0,68.1,5,normal
1780600497.6602085,47.8420696999965,48003,0.026367,-0.017334,1.046631,2.931298,3.40458,-0.236641,1.047106,4.498852,3408,5956,2548,3408,0,68.1,5,normal
1780600497.6910796,47.87294070000644,48034,0.071289,-0.016846,1.048584,-0.19084,2.839695,-0.656489,1.05114,2.920833,3410,5960,2550,3410,0,68.1,5,normal
1780600497.7224464,47.904307600008906,48065,0.060791,-0.039795,1.050781,3.129771,2.465649,-0.160305,1.05329,3.987554,3412,5964,2552,3412,0,68.1,0,normal
1780600497.7533247,47.93518580000091,48096,0.040039,-0.004883,1.059326,1.40458,2.625954,-0.564886,1.060094,3.031102,3415,5968,2553,3415,0,68.1,5,normal
1780600497.783636,47.9654972999997,48127,0.049561,-0.002441,1.056641,0.374046,3.351145,-0.748092,1.057805,3.453943,3417,5972,2555,3417,0,68.1,1,normal
1780600497.8155663,47.997427499998594,48158,0.053223,-0.074463,1.046875,2.633588,2.572519,-0.412214,1.050868,3.704532,3419,5977,2558,3419,1,68.1,3,normal
1780600497.8464477,48.02830890000041,48189,0.041504,-0.00708,1.045654,0.89313,2.236641,-0.572519,1.046502,2.475484,3422,5982,2560,3422,0,79.137,5,normal
1780600497.8774796,48.059340599997086,48220,0.022949,-0.054932,1.07251,0.717557,2.045802,-1.229008,1.074161,2.492118,3423,5984,2561,3423,0,79.137,5,normal
1780600497.90849,48.090351000006194,48251,0.024658,-0.013184,1.048584,3.122137,2.946565,-0.259542,1.048957,4.300854,3426,5988,2562,3426,0,79.137,5,normal
1780600497.9397347,48.121595899996464,48282,0.014893,-0.018066,1.032715,-0.251908,2.526718,-1.396947,1.03298,2.898141,3427,5990,2563,3427,0,79.137,5,normal
1780600497.9712873,48.15314850000141,48313,0.021973,-0.020752,1.050293,2.80916,2.770992,-0.167939,1.050728,3.949428,3428,5992,2564,3428,0,79.137,5,normal
1780600498.0012033,48.18306450000091,48344,0.043457,-0.01123,1.054443,2.244275,3.045802,-0.167939,1.055398,3.787068,3432,5998,2566,3432,0,79.137,5,normal
1780600498.0317986,48.21365970000625,48375,0.052246,-0.003906,1.059814,0.122137,3.648855,-0.526718,1.061109,3.688698,3434,6002,2568,3434,0,79.137,5,normal
1780600498.064222,48.24608320000698,48406,0.029053,-0.091309,1.035889,2.374046,2.992366,-0.145038,1.040311,3.822484,3436,6007,2571,3436,1,79.137,14,normal
1780600498.0954528,48.2773140000063,48437,0.063232,-0.012939,1.043213,0.725191,2.458015,-0.358779,1.045208,2.587752,3438,6010,2572,3438,0,79.137,5,normal
1780600498.1255593,48.30742040000041,48468,0.03418,-0.056641,1.061523,0.671756,1.770992,-0.923664,1.063583,2.107326,3440,6014,2574,3440,0,64.516,0,normal
1780600498.1567652,48.33862640000007,48499,0.06543,-0.000244,1.056396,3.580153,2.992366,-0.343511,1.058421,4.678648,3442,6017,2575,3442,1,64.516,17,normal
1780600498.1866946,48.36855569999898,48530,0.068115,-0.009521,1.035889,-0.129771,2.137405,-0.992366,1.038169,2.360112,3445,6022,2577,3445,0,64.516,5,normal
1780600498.219304,48.40116530000523,48561,0.0271,-0.020264,1.050537,2.541985,2.557252,-0.664122,1.051082,3.666372,3448,6026,2578,3448,0,64.516,5,normal
1780600498.2494445,48.43130559999554,48593,0.03125,-0.001953,1.058838,2.648855,2.618321,-0.725191,1.059301,3.794462,3451,6032,2581,3451,0,64.516,6,normal
1780600498.2811706,48.463031799998134,48623,0.056152,0.008301,1.053711,-0.114504,3.152672,-0.641221,1.055239,3.219257,3452,6034,2582,3452,0,64.516,5,normal
1780600498.3119645,48.49382560000231,48654,0.050537,-0.042236,1.044678,2.19084,2.603053,-0.21374,1.046752,3.40901,3453,6037,2584,3453,1,64.516,18,normal
1780600498.3440583,48.52591939999547,48686,0.044678,-0.016113,1.048584,1.160305,2.099237,-0.335878,1.049659,2.421966,3456,6042,2586,3456,0,64.516,5,normal
1780600498.3745966,48.5564577000041,48717,0.028076,-0.053711,1.061768,0.992366,2.030534,-0.80916,1.063496,2.400542,3458,6046,2588,3458,0,64.516,5,normal
1780600498.4066093,48.58847040000546,48748,0.04541,-0.011963,1.063721,3.541985,2.694656,-0.419847,1.064757,4.470246,3460,6049,2589,3460,1,71.429,17,normal
1780600498.4367633,48.618624399998225,48780,0.025635,-0.03125,1.033691,-0.80916,2.465649,-1.091603,1.034481,2.815273,3462,6052,2590,3462,0,71.429,5,normal
1780600498.4687018,48.650563000002876,48811,0.040771,-0.02417,1.045166,2.908397,3.045802,-0.374046,1.04624,4.227954,3464,6056,2592,3464,0,71.429,0,normal
1780600498.4993806,48.6812418000045,48842,0.032715,-0.020996,1.056396,2.305344,2.80916,-0.351145,1.057111,3.65093,3467,6060,2593,3467,0,71.429,5,normal
1780600498.5310395,48.712900700003956,48873,0.04541,0.019775,1.05957,-0.076336,3.259542,-0.732824,1.060727,3.341777,3469,6064,2595,3469,0,71.429,5,normal
1780600498.5613813,48.743242600001395,48904,0.035156,-0.084717,1.037109,2.458015,2.992366,-0.419847,1.041157,3.895172,3470,6069,2599,3470,1,71.429,18,normal
1780600498.593659,48.77552019999712,48936,0.049316,0.006104,1.047119,0.969466,2.335878,-0.312977,1.048298,2.548361,3474,6074,2600,3474,0,71.429,5,normal
1780600498.6249468,48.80680809999467,48967,0.038086,-0.045166,1.073486,0.832061,2.274809,-1.145038,1.075111,2.679215,3475,6076,2601,3475,0,71.429,5,normal
1780600498.6573882,48.83924939999997,48999,0.05249,-0.039307,1.059082,2.412214,3.007634,-0.267176,1.06111,3.864714,3478,6080,2602,3478,0,71.713,5,normal
1780600498.6886077,48.8704687999998,49031,0.061035,0.015137,1.062256,-0.091603,2.793893,-0.916031,1.064116,2.941656,3480,6084,2604,3480,0,71.713,5,normal
1780600498.7191951,48.90105640000547,49062,0.047607,-0.078125,1.062256,2.679389,2.442748,-0.053435,1.066188,3.626155,3481,6089,2608,3481,1,71.713,18,normal
1780600498.7505805,48.932441600001766,49094,0.031006,-0.003174,1.047852,0.900763,2.458015,-0.564886,1.048315,2.678116,3483,6092,2609,3483,0,71.713,5,normal
1780600498.7823286,48.964189699996496,49125,0.036377,-0.061523,1.068604,0.732824,2.59542,-0.824427,1.070991,2.820092,3484,6094,2610,3484,0,71.713,5,normal
1780600498.813736,48.99559710000176,49156,0.052246,-0.001709,1.053955,3.931298,3.007634,-0.175573,1.05525,4.952958,3486,6099,2613,3486,1,71.713,14,normal
1780600498.845593,49.02745419999701,49187,0.055176,-0.020508,1.033691,-0.59542,2.015267,-1.259542,1.035366,2.449954,3488,6102,2614,3488,0,71.713,5,normal
1780600498.8767939,49.058655000000726,49218,0.046875,-0.023926,1.060547,2.824427,2.129771,-0.603053,1.061852,3.588452,3491,6108,2617,3491,0,71.713,1,normal
1780600498.9080951,49.08995619999769,49250,0.020996,-0.006836,1.053467,1.801527,2.549618,-0.580153,1.053698,3.175316,3494,6112,2618,3494,1,63.745,5,normal
1780600498.9383607,49.12022189999698,49281,0.040527,0.005371,1.058106,0.221374,3.099237,-1.0,1.058895,3.264089,3497,6116,2619,3497,0,63.745,5,normal
1780600498.9692402,49.15110139999888,49311,0.074951,-0.061279,1.050781,2.748092,2.679389,0.167939,1.055232,3.841788,3498,6119,2621,3498,1,63.745,17,normal
1780600498.9997752,49.18163629999617,49342,0.023438,0.003662,1.052978,1.473282,2.679389,-0.755725,1.053246,3.149731,3500,6122,2622,3500,0,63.745,5,normal
1780600499.0299132,49.21177439999883,49373,0.029053,-0.038818,1.062256,0.396947,2.778626,-1.038168,1.063362,2.992678,3502,6126,2624,3502,0,63.745,5,normal
1780600499.0629497,49.24481079999532,49404,0.05957,-0.050049,1.040772,3.541985,3.251908,0.045802,1.043676,4.808603,3504,6131,2627,3504,1,63.745,18,normal
1780600499.0929306,49.274791799995,49435,0.024414,0.003418,1.024414,0.015267,2.679389,-0.832061,1.024711,2.805652,3506,6134,2628,3506,0,63.745,5,normal
1780600499.1244767,49.30633790000866,49466,0.040527,-0.052979,1.064697,1.832061,2.251908,-1.007634,1.066785,3.072924,3507,6136,2629,3507,0,63.745,5,normal
1780600499.1555815,49.33744260000822,49498,0.058838,-0.032715,1.06543,2.51145,2.900763,-0.145038,1.067554,3.839642,3511,6142,2631,3511,0,63.745,6,normal
1780600499.1876807,49.36954179999884,49530,0.040039,0.006104,1.050781,0.519084,3.396947,-0.877863,1.051562,3.546736,3512,6144,2632,3512,0,64.286,5,normal
1780600499.2179837,49.39984490000643,49561,0.02124,-0.075928,1.022949,2.412214,3.0,-0.183206,1.025983,3.853873,3514,6151,2637,3514,1,64.286,3,normal
1780600499.2501516,49.43201269999554,49592,0.035889,-0.009033,1.044922,1.08397,2.89313,-0.748092,1.045577,3.17881,3518,6156,2638,3518,0,64.286,0,normal
1780600499.282819,49.464680200006114,49623,0.010742,-0.047363,1.053467,0.603053,2.916031,-0.916031,1.054586,3.115449,3519,6158,2639,3519,0,64.286,5,normal
1780600499.3126016,49.494462700007716,49654,0.047852,-0.009033,1.052246,3.358779,3.312977,0.251908,1.053372,4.724476,3521,6161,2640,3521,1,64.286,17,normal
1780600499.3436275,49.52548860000388,49685,0.041016,-0.019287,1.031738,-0.229008,2.274809,-0.961832,1.032733,2.480388,3523,6164,2641,3523,0,64.286,4,normal
1780600499.3749723,49.55683339999814,49716,0.033203,-0.023438,1.065674,2.122137,2.625954,-0.625954,1.066448,3.433791,3528,6170,2642,3528,0,64.286,0,normal
1780600499.4062202,49.58808139999746,49748,0.073975,-0.022949,1.057373,2.374046,3.099237,-0.290076,1.060206,3.91478,3531,6174,2643,3531,0,64.286,5,normal
1780600499.4363856,49.61824670000351,49779,0.076416,0.011719,1.056885,-0.183206,3.458015,-1.068702,1.059708,3.624025,3532,6176,2644,3532,0,64.286,5,normal
1780600499.4672668,49.649127900003805,49810,0.019043,-0.073975,1.035889,2.29771,3.21374,-0.251908,1.038701,3.958668,3533,6179,2646,3533,1,75.0,18,normal
1780600499.4974353,49.67929660000664,49841,0.027832,-0.001221,1.050293,1.038168,3.038168,-0.564886,1.050662,3.259962,3537,6184,2647,3537,0,75.0,5,normal
1780600499.528717,49.71057819999987,49872,-0.001709,-0.049805,1.058106,0.48855,2.122137,-0.862595,1.059278,2.342268,3538,6186,2648,3538,0,75.0,5,normal
1780600499.5607753,49.74263649999921,49903,0.041016,0.010742,1.057373,3.755725,3.175573,-0.045802,1.058223,4.918519,3540,6193,2653,3540,1,75.0,3,normal
1780600499.5910456,49.77290680000442,49934,0.029541,0.006836,1.038818,0.030534,2.160305,-0.557252,1.039261,2.231228,3543,6198,2655,3543,0,75.0,0,normal
1780600499.6217463,49.80360749999818,49964,0.050781,-0.062744,1.070801,1.21374,2.045802,-1.282443,1.073839,2.70243,3544,6200,2656,3544,0,75.0,4,normal
1780600499.6520474,49.83390850000433,49995,0.03418,-0.014648,1.056152,3.282443,3.564885,0.015267,1.056807,4.845934,3547,6204,2657,3547,0,75.0,5,normal
1780600499.683187,49.8650481000077,50026,0.01709,-0.014404,1.04248,-0.244275,1.862595,-1.358779,1.04272,2.31845,3548,6206,2658,3548,0,75.0,4,normal
1780600499.7146797,49.89654080000764,50056,0.05249,-0.023926,1.062256,2.450382,2.633588,-0.458015,1.063821,3.626284,3553,6212,2659,3553,0,75.0,0,normal
1780600499.745856,49.92771720000019,50088,0.04834,-0.02002,1.056152,2.572519,2.778626,-0.328244,1.057448,3.800837,3556,6216,2660,3556,0,82.734,5,normal
1780600499.7769148,49.95877589999873,50119,0.030518,0.011475,1.042236,0.122137,3.687023,-0.938931,1.042746,3.806658,3557,6218,2661,3557,0,82.734,5,normal
1780600499.8093843,49.99124540000048,50151,0.05249,-0.072998,1.033936,3.389313,2.328244,-0.10687,1.037838,4.113342,3558,6221,2663,3558,1,82.734,17,normal
1780600499.84082,50.02268120000372,50183,0.047607,0.01709,1.040039,0.091603,1.938931,-0.793893,1.041268,2.097168,3562,6226,2664,3562,0,82.734,5,normal
1780600499.8721874,50.05404859999544,50214,0.028564,-0.030273,1.054199,1.847328,2.580153,-1.030534,1.055021,3.336437,3564,6230,2666,3564,0,82.734,0,normal
1780600499.9044473,50.086308500001905,50246,0.065186,-0.023926,1.057617,2.770992,2.748092,-0.763359,1.059894,3.976572,3568,6236,2668,3568,0,82.734,5,normal
1780600499.9346154,50.11647649999941,50277,0.072021,0.016357,1.061768,-0.061069,3.435115,-0.954198,1.064333,3.565703,3570,6240,2670,3570,0,82.734,0,normal
1780600499.9654248,50.147286000006716,50308,0.044678,-0.088867,1.037842,2.320611,2.946565,-0.038168,1.042597,3.750858,3571,6243,2672,3571,1,82.734,18,normal
1780600499.9982398,50.18010100000538,50340,0.019775,-0.005371,1.047607,1.007634,2.473282,-0.381679,1.047808,2.697801,3573,6246,2673,3573,0,67.46,5,normal
1780600500.0275698,50.20943089999491,50371,0.000732,-0.051758,1.052978,0.664122,2.175573,-0.839695,1.05425,2.424719,3574,6248,2674,3574,0,67.46,5,normal
1780600500.0641315,50.24599270000181,50407,0.065674,-0.053955,1.038574,3.717557,3.259542,-0.038168,1.042046,4.94432,3577,6256,2679,3577,0,67.46,8,normal
1780600500.1099591,50.2918204000016,50437,0.078125,0.003662,1.070557,0.396947,3.274809,-1.045802,1.07341,3.460584,3578,6258,2680,3578,0,67.46,5,normal
1780600500.1248872,50.30674830000498,50468,0.043701,-0.066895,1.048584,2.51145,2.89313,-0.022901,1.051624,3.831202,3579,6261,2682,3579,1,67.46,18,normal
1780600500.155565,50.33742609999899,50499,0.039795,-0.002197,1.046143,1.129771,2.259542,-0.80916,1.046902,2.652669,3582,6266,2684,3582,0,67.46,0,normal
1780600500.1874251,50.369286200002534,50530,0.0271,-0.049805,1.068848,0.641221,2.251908,-0.931298,1.07035,2.519836,3583,6268,2685,3583,0,67.46,5,normal
1780600500.2180903,50.399951500003226,50561,0.035645,-0.009277,1.063232,3.465649,3.89313,-0.022901,1.06387,5.212265,3586,6273,2687,3586,1,67.46,3,normal
1780600500.249397,50.43125829999917,50592,0.012939,-0.003418,1.049072,-0.526718,2.923664,-1.167939,1.049158,3.192072,3589,6278,2689,3589,0,63.492,5,normal
1780600500.2812595,50.46312060000491,50623,0.017822,-0.017578,1.05835,2.198473,2.709924,-0.603053,1.058646,3.541277,3591,6282,2691,3591,0,63.492,0,normal
1780600500.312527,50.4943881000072,50654,0.031982,-0.012695,1.05542,2.374046,2.946565,-0.51145,1.055981,3.818366,3594,6286,2692,3594,0,63.492,5,normal
1780600500.3424346,50.52429570000095,50685,0.044189,0.022217,1.052002,-0.19084,3.396947,-1.015267,1.053164,3.550554,3595,6288,2693,3595,0,63.492,5,normal
1780600500.3742473,50.55610850000812,50716,0.031494,-0.085449,1.039551,2.480916,2.694656,0.122137,1.043532,3.664838,3597,6293,2696,3597,1,63.492,3,normal
1780600500.4045084,50.58636960000149,50747,0.025635,0.001953,1.04834,1.343511,2.312977,-0.625954,1.048655,2.747126,3600,6298,2698,3600,0,63.492,5,normal
1780600500.4361508,50.61801190000551,50778,0.02417,-0.047607,1.051758,0.305344,2.251908,-1.198473,1.053112,2.569176,3601,6300,2699,3601,0,63.492,5,normal
1780600500.4673023,50.649163499998394,50809,0.062744,-0.021484,1.037842,3.320611,3.549618,-0.29771,1.039959,4.869792,3602,6303,2701,3602,1,63.492,18,normal
1780600500.4982846,50.68014579999726,50840,0.054443,0.012695,1.044189,0.274809,2.78626,-0.885496,1.045685,2.936472,3605,6308,2703,3605,0,63.492,0,normal
1780600500.5293803,50.71124140000029,50871,0.046143,-0.038086,1.062744,1.519084,2.290076,-0.687023,1.064427,2.832678,3606,6310,2704,3606,0,60.932,5,normal
1780600500.5615253,50.74338650000573,50903,0.037354,-0.018555,1.043457,2.610687,3.007634,-0.503817,1.04429,4.014396,3610,6316,2706,3610,0,60.932,5,normal
1780600500.5929782,50.774839400008204,50935,0.070312,-0.000732,1.054443,0.229008,3.328244,-0.854962,1.056785,3.443924,3613,6320,2707,3613,0,60.932,5,normal
1780600500.6245394,50.80640060000587,50966,0.051025,-0.087891,1.042969,2.847328,2.083969,-0.40458,1.047908,3.551604,3615,6325,2710,3615,1,60.932,14,normal
1780600500.6553342,50.83719530000235,50997,0.042236,-0.012939,1.040283,1.442748,2.175573,-0.358779,1.041221,2.635026,3617,6328,2711,3617,0,60.932,5,normal
1780600500.6860244,50.86788570000499,51028,0.03418,-0.062988,1.060791,0.778626,2.503817,-1.290076,1.063209,2.922269,3618,6330,2712,3618,0,60.932,5,normal
1780600500.7157261,50.89758730000176,51059,0.065918,-0.002197,1.05957,3.412214,3.221374,-0.053435,1.061621,4.6929,3621,6335,2714,3621,1,60.932,3,normal
1780600500.7468052,50.9286662999948,51090,0.084961,-0.001709,1.043945,-0.045802,2.931298,-0.748092,1.047398,3.025598,3624,6340,2716,3624,0,60.932,5,normal
1780600500.7785037,50.960364900005516,51121,0.021484,-0.020752,1.053711,1.977099,2.625954,-1.114504,1.054134,3.470832,3626,6344,2718,3626,0,80.0,0,normal
1780600500.8100753,50.99193640000885,51152,0.03418,-0.032715,1.061768,2.778626,3.198473,-0.480916,1.062821,4.264068,3629,6348,2719,3629,0,80.0,6,normal
1780600500.840534,51.022395100008,51183,0.042969,-0.008545,1.062012,0.122137,2.770992,-0.610687,1.062915,2.840115,3631,6352,2721,3631,0,80.0,1,normal
1780600500.8727376,51.054598800008534,51214,0.015625,-0.074219,1.041504,2.374046,2.694656,-0.122137,1.044262,3.593353,3632,6355,2723,3632,1,80.0,17,normal
1780600500.9031174,51.08497850000276,51246,0.056152,-0.003174,1.052246,1.114504,2.335878,-0.908397,1.053748,2.742924,3635,6360,2725,3635,0,80.0,5,normal
1780600500.9321423,51.114003499998944,51276,0.01709,0.003906,1.065674,0.206107,2.89313,-1.061069,1.065818,3.088454,3638,6364,2726,3638,0,80.0,5,normal
1780600500.9632754,51.145136599996476,51306,0.051025,-0.091309,1.036377,2.587786,2.969466,-0.419847,1.041642,3.961141,3639,6367,2728,3639,1,80.0,18,normal
1780600500.9936926,51.17555379999976,51337,0.060059,0.006348,1.059814,1.19084,2.572519,-0.671756,1.061534,2.913282,3641,6370,2729,3641,0,80.0,5,normal
1780600501.024021,51.205881999994745,51367,0.050781,-0.030518,1.065674,0.244275,2.557252,-0.755725,1.067319,2.677747,3642,6372,2730,3642,0,80.0,5,normal
1780600501.0565867,51.23844790000294,51398,0.061279,-0.055176,1.039795,2.961832,3.748092,-0.221374,1.043059,4.782222,3644,6377,2733,3644,1,64.982,3,normal
1780600501.0863488,51.268209900008515,51429,0.054688,0.002441,1.049805,1.061069,2.648855,-0.541985,1.051231,2.904487,3647,6382,2735,3647,0,64.982,4,normal
1780600501.1178417,51.29970299999695,51460,0.049805,-0.058105,1.070801,0.992366,2.328244,-1.206107,1.073532,2.803606,3649,6386,2737,3649,0,64.982,1,normal
1780600501.149425,51.33128630000283,51491,0.052246,-0.024414,1.057617,3.167939,3.465649,-0.122137,1.059188,4.696965,3652,6390,2738,3652,0,64.982,4,normal
1780600501.1800287,51.36188979999861,51522,0.048584,-0.017334,1.052002,-0.335878,2.496183,-0.923664,1.053266,2.682704,3654,6394,2740,3654,0,64.982,1,normal
1780600501.2112305,51.39309169999615,51553,0.047852,-0.032959,1.054932,2.908397,2.51145,-0.40458,1.05653,3.863915,3655,6396,2741,3655,0,64.982,5,normal
1780600501.241314,51.4231751000043,51584,0.015625,-0.003662,1.052734,2.305344,2.320611,-0.419847,1.052857,3.297896,3659,6402,2743,3659,0,64.982,5,normal
1780600501.2731922,51.455053300000145,51615,0.051025,0.01001,1.053223,0.564886,2.816794,-1.267176,1.054506,3.13993,3660,6404,2744,3660,0,64.982,5,normal
1780600501.3034525,51.485313700002735,51646,0.024658,-0.088379,1.034912,2.335878,2.923664,-0.396947,1.038972,3.763204,3661,6407,2746,3661,1,64.982,18,normal
1780600501.3345358,51.516396899998654,51677,0.033691,-0.008545,1.04541,1.198473,2.862595,-0.458015,1.045988,3.136968,3663,6410,2747,3663,0,68.1,5,normal
1780600501.3648908,51.54675199999474,51708,-0.003662,-0.048584,1.049072,0.51145,2.175573,-1.198473,1.050203,2.535949,3664,6412,2748,3664,0,68.1,5,normal
1780600501.397232,51.57909310000832,51739,0.032471,0.007324,1.050049,3.572519,3.793893,0.145038,1.050576,5.21321,3666,6417,2751,3666,1,68.1,4,normal
1780600501.428278,51.61013909999747,51770,0.042725,-0.022217,1.031006,-0.366412,2.793893,-0.992366,1.03213,2.987455,3669,6422,2753,3669,0,68.1,5,normal
1780600501.4598825,51.64174370000546,51801,0.042236,-0.015381,1.056396,2.068702,3.099237,-1.015267,1.057352,3.862068,3671,6426,2755,3671,0,68.1,1,normal
1780600501.4905875,51.67244870000286,51832,0.044678,-0.021973,1.061768,2.732824,2.870229,-0.091603,1.062934,3.964207,3674,6430,2756,3674,0,68.1,5,normal
1780600501.5213478,51.70320889999857,51863,0.045898,-0.012939,1.046631,-0.083969,2.465649,-1.145038,1.047717,2.719851,3676,6434,2758,3676,0,68.1,1,normal
1780600501.5522888,51.7341499000031,51894,0.047363,-0.093018,1.038574,2.152672,2.282443,0.167939,1.043806,3.141933,3677,6437,2760,3677,1,68.1,17,normal
1780600501.5831687,51.76502990000881,51925,0.035156,-0.010986,1.052246,1.847328,2.175573,-0.679389,1.052891,2.933821,3680,6442,2762,3680,0,68.1,5,normal
1780600501.6144402,51.7963013999979,51956,0.057373,-0.010986,1.061035,0.534351,1.931298,-1.259542,1.062642,2.366831,3681,6444,2763,3681,0,64.516,5,normal
1780600501.6446228,51.82648400000471,51987,0.046631,-0.016602,1.042725,3.083969,3.450382,0.015267,1.043899,4.627768,3682,6447,2765,3682,1,64.516,18,normal
1780600501.6752703,51.85713140000007,52018,0.043213,0.013428,1.039795,0.89313,2.679389,-0.526718,1.040779,2.873019,3684,6450,2766,3684,0,64.516,5,normal
1780600501.7070165,51.888877699995646,52049,0.057861,-0.06958,1.077637,0.78626,2.320611,-1.068702,1.08143,2.673118,3685,6452,2767,3685,0,64.516,5,normal
1780600501.7372627,51.91912400000729,52080,0.068848,-0.018066,1.054932,3.175573,3.48855,0.083969,1.05733,4.718188,3689,6458,2769,3689,0,64.516,5,normal
1780600501.7692373,51.95109840000805,52111,0.022949,-0.020508,1.050537,-0.412214,2.48855,-0.572519,1.050988,2.586615,3691,6462,2771,3691,0,64.516,5,normal
1780600501.8014688,51.98333010000351,52143,0.05957,-0.061768,1.055664,2.427481,2.839695,0.183206,1.059146,3.740333,3693,6467,2774,3693,1,64.516,14,normal
1780600501.8316927,52.0135539000039,52174,0.042236,-0.003418,1.051514,2.053435,2.160305,-0.80916,1.052367,3.088406,3695,6470,2775,3695,0,64.516,5,normal
1780600501.8631728,52.045033900009,52205,0.049805,0.000488,1.063232,0.694656,2.801527,-1.145038,1.064398,3.105191,3697,6474,2777,3697,0,64.516,1,normal
1780600501.8938966,52.07575770000403,52236,0.064209,-0.053223,1.043701,2.70229,3.343511,0.175573,1.047028,4.302588,3698,6477,2779,3698,1,60.714,17,normal
1780600501.9242072,52.10606829999597,52267,0.055908,0.00708,1.047119,1.122137,2.29771,-0.770992,1.048634,2.670785,3701,6482,2781,3701,0,60.714,5,normal
1780600501.9552243,52.13708549999865,52297,0.016357,-0.042236,1.047119,0.618321,2.282443,-1.229008,1.048098,2.665019,3702,6484,2782,3702,0,60.714,5,normal
1780600501.9853222,52.16718330000003,52328,0.060791,-0.008545,1.056885,3.549618,3.335878,0.282443,1.058666,4.879308,3704,6487,2783,3704,1,60.714,17,normal
1780600502.0168107,52.1986717999971,52359,0.071289,-0.021729,1.028564,-0.183206,3.167939,-0.671756,1.031261,3.243556,3706,6490,2784,3706,0,60.714,6,normal
1780600502.0489058,52.230767000000924,52390,0.0354,-0.031738,1.048096,2.267176,2.625954,-0.89313,1.049174,3.582374,3707,6492,2785,3707,0,60.714,5,normal
1780600502.0785074,52.260368600007496,52422,0.027588,-0.005127,1.061279,2.664122,2.480916,-0.419847,1.06165,3.664528,3711,6498,2787,3711,0,60.714,5,normal
1780600502.1103277,52.29218899999978,52453,0.035889,0.000488,1.052734,0.152672,3.229008,-0.725191,1.053346,3.31296,3713,6502,2789,3713,0,60.714,5,normal
1780600502.1423836,52.32424470000842,52484,0.013428,-0.088867,1.03418,2.274809,2.351145,-0.374046,1.038078,3.292803,3715,6507,2792,3715,1,60.714,15,normal
1780600502.183572,52.36543309999979,52515,0.024658,0.001221,1.046143,1.519084,2.251908,-0.648855,1.046434,2.792798,3717,6510,2793,3717,0,68.1,5,normal
1780600502.2024639,52.384325000006356,52546,0.014648,-0.033447,1.055176,0.70229,2.122137,-1.0,1.055807,2.448812,3719,6514,2795,3719,0,68.1,0,normal
1780600502.2341757,52.41603690000193,52576,0.035645,-0.037109,1.045654,3.152672,3.229008,-0.21374,1.04692,4.51791,3720,6517,2797,3720,1,68.1,18,normal
1780600502.2651186,52.446979800006375,52607,0.029785,0.010742,1.041016,1.053435,2.053435,-0.938931,1.041497,2.491568,3723,6522,2799,3723,0,68.1,5,normal
1780600502.2949574,52.476818499999354,52638,0.04248,-0.0625,1.06543,0.694656,2.603053,-1.259542,1.068106,2.974034,3724,6524,2800,3724,0,68.1,5,normal
1780600502.3261359,52.50799710000865,52668,0.05127,-0.013916,1.050293,3.442748,3.480916,0.022901,1.051636,4.895898,3726,6527,2801,3726,1,68.1,17,normal
1780600502.3575907,52.53945189999649,52699,0.044189,-0.011719,1.036621,-0.580153,2.900763,-0.870229,1.037629,3.083554,3728,6530,2802,3728,0,68.1,5,normal
1780600502.38948,52.57134130000486,52731,0.03418,-0.030273,1.037109,2.687023,2.885496,0.10687,1.038114,3.944312,3729,6532,2803,3729,0,68.1,5,normal
1780600502.4200995,52.60196060000453,52762,0.023682,-0.012451,1.056152,2.290076,2.969466,-0.366412,1.056491,3.767816,3733,6538,2805,3733,0,68.1,5,normal
1780600502.4519541,52.63381529999606,52793,0.040527,0.021729,1.05127,-0.167939,2.732824,-0.763359,1.052275,2.842402,3735,6542,2807,3735,0,64.748,5,normal
1780600502.4822705,52.664131700003054,52824,0.034424,-0.101562,1.038574,2.603053,2.458015,-0.381679,1.044096,3.600473,3737,6547,2810,3737,1,64.748,14,normal
1780600502.5130327,52.69489379999868,52855,0.051025,-0.010254,1.042236,1.145038,2.236641,-0.503817,1.043535,2.562715,3739,6550,2811,3739,0,64.748,5,normal
1780600502.5435524,52.72541349999665,52886,0.027832,-0.040039,1.061279,0.328244,2.664122,-0.977099,1.062399,2.856574,3741,6554,2813,3741,0,64.748,0,normal
1780600502.5756629,52.757523899999796,52917,0.054443,-0.007813,1.054688,3.603053,3.114504,-0.442748,1.056121,4.783112,3743,6557,2814,3743,1,64.748,17,normal
1780600502.6060364,52.787897600006545,52948,0.063721,-0.016602,1.043213,-0.435114,2.374046,-0.839695,1.045289,2.555486,3746,6562,2816,3746,0,64.748,5,normal
1780600502.638192,52.8200530000031,52979,0.028076,-0.027588,1.044922,2.236641,2.618321,-0.312977,1.045663,3.457763,3747,6564,2817,3747,0,64.748,5,normal
1780600502.6684015,52.850262699997984,53011,0.037354,-0.024902,1.05957,2.076336,3.022901,-0.603053,1.060521,3.716554,3750,6568,2818,3750,0,64.748,5,normal
1780600502.7001562,52.88201739999931,53042,0.040283,-0.007568,1.056396,0.076336,2.572519,-0.832061,1.057191,2.704812,3751,6570,2819,3751,0,64.748,5,normal
1780600502.7307754,52.91263659999822,53073,0.020752,-0.091064,1.046143,2.396947,2.282443,-0.328244,1.050304,3.326055,3752,6573,2821,3752,1,60.714,17,normal
1780600502.7632532,52.94511440000497,53105,0.034668,0.01123,1.032959,0.992366,2.816794,-0.709924,1.033602,3.069708,3755,6578,2823,3755,0,60.714,5,normal
1780600502.793548,52.97540920000756,53136,0.032715,-0.067871,1.071777,0.618321,2.625954,-1.229008,1.074422,2.964526,3758,6582,2824,3758,0,60.714,5,normal
1780600502.8243566,53.006217600006494,53167,0.040039,-0.008301,1.058106,3.480916,3.435115,-0.122137,1.058895,4.892004,3761,6587,2826,3761,0,60.714,14,normal
1780600502.8542273,53.03608849999728,53197,0.068115,-0.009766,1.035889,0.045802,2.412214,-1.076336,1.038172,2.64185,3763,6590,2827,3763,0,60.714,5,normal
1780600502.8842068,53.066067899999325,53228,0.044678,-0.048584,1.068604,2.114504,2.59542,-0.984733,1.07064,3.48956,3765,6594,2829,3765,0,60.714,1,normal
1780600502.9159112,53.097772299995995,53258,0.067139,-0.024902,1.064453,3.244275,3.541985,-0.053435,1.066859,4.803523,3768,6598,2830,3768,0,60.714,6,normal
1780600502.946849,53.12871030000679,53289,0.036133,-0.016357,1.030762,-0.687023,2.725191,-0.603053,1.031525,2.874428,3770,6602,2832,3770,0,60.714,5,normal
1780600502.9779665,53.159827600000426,53320,0.047119,-0.035645,1.050781,2.984733,3.480916,-0.259542,1.052441,4.592686,3771,6604,2833,3771,0,60.714,5,normal
1780600503.0090377,53.190898800006835,53351,0.033447,-0.006592,1.05127,2.022901,2.564885,-0.549618,1.051822,3.312529,3774,6608,2834,3774,0,79.137,5,normal
1780600503.039949,53.22181000000273,53382,0.058838,-0.005615,1.063721,0.396947,2.679389,-1.129771,1.065362,2.934804,3775,6610,2835,3775,0,79.137,5,normal
1780600503.0706778,53.252538900007494,53413,0.036865,-0.089355,1.046387,2.450382,2.206107,-0.282443,1.050842,3.309238,3776,6613,2837,3776,1,79.137,18,normal
1780600503.1003942,53.282255500002066,53444,0.021729,-0.003662,1.03418,1.396947,2.473282,-0.770992,1.034414,2.9433,3779,6618,2839,3779,0,79.137,5,normal
1780600503.1327682,53.314629200001946,53474,0.044678,-0.046143,1.057373,0.114504,2.587786,-1.328244,1.059322,2.91101,3781,6622,2841,3781,0,79.137,5,normal
1780600503.163676,53.34553730000334,53506,0.036865,0.012939,1.055176,3.557252,3.450382,-0.236641,1.055899,4.961368,3784,6627,2843,3784,1,79.137,14,normal
1780600503.194114,53.375975100003416,53537,0.054199,-0.000977,1.040039,-0.374046,2.618321,-1.175572,1.041451,2.894388,3786,6630,2844,3786,0,79.137,5,normal
1780600503.2255886,53.407449799997266,53568,0.032227,-0.025879,1.056152,1.854962,2.977099,-0.923664,1.056961,3.62728,3788,6634,2846,3788,0,79.137,0,normal
1780600503.2572641,53.43912530000671,53599,0.035156,-0.024414,1.063721,2.80916,2.854962,-0.465649,1.064582,4.032247,3791,6638,2847,3791,0,79.137,5,normal
1780600503.2882814,53.470142499994836,53631,0.045654,-0.000244,1.07251,0.282443,2.51145,-0.801527,1.073481,2.65134,3793,6642,2849,3793,0,67.857,5,normal
1780600503.319958,53.50181919999886,53662,0.021973,-0.092285,1.034912,2.480916,2.557252,-0.648855,1.039251,3.621532,3794,6645,2851,3794,1,67.857,18,normal
1780600503.350682,53.53254329999618,53693,0.041992,-0.009277,1.043701,1.221374,2.091603,-0.358779,1.044587,2.448526,3798,6650,2852,3798,0,67.857,5,normal
1780600503.3825254,53.564386700003524,53724,0.038086,-0.051514,1.077881,0.633588,2.10687,-1.114504,1.079783,2.466263,3799,6652,2853,3799,0,67.857,5,normal
1780600503.41241,53.59427109999524,53755,0.05957,0.004883,1.047852,3.580153,2.938931,0.145038,1.049555,4.634204,3801,6655,2854,3801,1,67.857,17,normal
1780600503.4438887,53.625749800004996,53786,0.018066,-0.008789,1.026123,-0.038168,2.236641,-0.938931,1.02632,2.426028,3804,6660,2856,3804,0,67.857,5,normal
1780600503.4745197,53.656380800006445,53817,0.03125,-0.019531,1.054932,1.793893,3.175573,-1.061069,1.055575,3.798445,3807,6664,2857,3807,0,67.857,5,normal
1780600503.5059981,53.68785930000013,53847,0.063965,-0.033936,1.063965,2.916031,3.129771,-0.473282,1.066426,4.3038,3810,6668,2858,3810,0,67.857,6,normal
1780600503.5369332,53.71879440000339,53879,0.054688,0.016846,1.069336,-0.305344,2.854962,-0.877863,1.070866,3.002446,3811,6670,2859,3811,0,67.857,5,normal
1780600503.5696888,53.7515499000001,53911,0.064453,-0.084229,1.037109,2.862595,2.442748,-0.496183,1.042518,3.795744,3813,6675,2862,3813,1,71.429,14,normal
1780600503.6003687,53.78222979999555,53942,0.051758,-0.01123,1.050293,1.450382,2.59542,-0.51145,1.051628,3.016852,3815,6678,2863,3815,0,71.429,5,normal
1780600503.6308177,53.81267880000814,53973,0.060303,-0.038574,1.068848,0.435114,2.89313,-1.015267,1.071242,3.09682,3817,6682,2865,3817,0,71.429,5,normal
1780600503.6620116,53.84387280000374,54004,0.032471,-0.010498,1.048584,3.40458,3.137405,-0.267176,1.049139,4.63744,3821,6687,2866,3821,1,71.429,17,normal
1780600503.692782,53.87464320000436,54035,0.025391,-0.004395,1.029785,-0.557252,2.259542,-1.290076,1.030108,2.660894,3825,6692,2867,3825,0,71.429,5,normal
1780600503.7243855,53.906246600003215,54066,0.037109,-0.026611,1.059082,2.030534,2.847328,-0.923664,1.060066,3.617112,3826,6694,2868,3826,0,71.429,5,normal
1780600503.7550273,53.93688839999959,54097,0.04126,-0.032227,1.065186,2.541985,3.59542,-0.053435,1.066471,4.403588,3829,6698,2869,3829,0,71.429,5,normal
1780600503.7868364,53.968697600008454,54128,0.038818,0.020752,1.05835,-0.10687,2.877863,-0.709924,1.059265,2.966059,3831,6702,2871,3831,0,71.429,5,normal
1780600503.8176816,53.99954279999656,54159,0.0271,-0.075195,1.039551,2.389313,2.572519,-0.015267,1.042619,3.510969,3832,6707,2875,3832,1,71.429,17,normal
1780600503.8469205,54.02878170000622,54190,0.010498,0.004639,1.051025,1.70229,2.580153,-0.351145,1.051088,3.110994,3834,6710,2876,3834,0,75.269,5,normal
1780600503.876713,54.058574099995894,54220,0.056641,0.000977,1.052978,0.519084,2.625954,-1.21374,1.054501,2.93909,3835,6712,2877,3835,0,75.269,5,normal
1780600503.908931,54.090792200004216,54251,0.041992,-0.082764,1.039795,2.465649,2.51145,-0.366412,1.043928,3.538512,3837,6717,2880,3837,1,75.269,14,normal
1780600503.939337,54.12119819999498,54282,0.032715,-0.015869,1.044922,1.412214,2.076336,-0.450382,1.045554,2.551149,3839,6720,2881,3839,0,75.269,5,normal
1780600503.9710171,54.15287819999503,54313,0.031006,-0.038574,1.056396,0.664122,2.740458,-1.030534,1.057555,3.002194,3842,6724,2882,3842,0,75.269,5,normal
1780600504.0024018,54.18426310000359,54344,0.035645,-0.012695,1.063232,3.557252,3.030534,-0.251908,1.063906,4.679919,3846,6729,2883,3846,1,75.269,16,normal
1780600504.0339854,54.21584649999568,54376,0.047119,-0.027588,1.048096,-0.389313,2.938931,-0.694656,1.049517,3.044902,3850,6734,2884,3850,0,75.269,5,normal
1780600504.065063,54.246924200007925,54407,0.074463,-0.040771,1.053467,2.633588,2.801527,-0.137405,1.056882,3.847495,3851,6736,2885,3851,0,75.269,4,normal
1780600504.0965104,54.27837159999763,54439,0.024902,0.006592,1.04834,1.671756,2.564885,-0.938931,1.048656,3.202342,3854,6740,2886,3854,0,75.269,5,normal
1780600504.1282477,54.31010899999819,54470,0.029541,-0.023682,1.067871,0.083969,2.251908,-1.152672,1.068542,2.531165,3856,6744,2888,3856,0,78.571,5,normal
1780600504.1583893,54.340250399996876,54502,0.056641,0.002686,1.05127,3.480916,3.351145,-0.10687,1.052798,4.83305,3858,6749,2891,3858,1,78.571,18,normal
1780600504.189492,54.37135319999652,54532,0.050293,0.004639,1.037598,1.152672,2.183206,-0.549618,1.038826,2.529253,3860,6752,2892,3860,0,78.571,5,normal
1780600504.2210305,54.40289169999596,54563,0.040283,-0.057861,1.061279,0.984733,2.534351,-1.091603,1.063619,2.929886,3861,6754,2893,3861,0,78.571,5,normal
1780600504.2530463,54.434907500006375,54594,0.061768,-0.02832,1.060791,3.221374,3.618321,-0.343511,1.062965,4.856696,3865,6760,2895,3865,0,78.571,5,normal
1780600504.2838407,54.46570190000057,54625,0.056396,-0.028076,1.04541,-0.320611,2.793893,-0.877863,1.047307,2.94606,3866,6762,2896,3866,0,78.571,5,normal
1780600504.3149178,54.496778900007484,54657,0.026367,-0.087402,1.033203,2.419847,2.900763,0.251908,1.037229,3.785967,3868,6769,2901,3868,1,78.571,4,normal
1780600504.3482594,54.530120700001135,54689,0.062744,-0.021484,1.047363,0.938931,2.167939,-0.755725,1.049461,2.480458,3872,6774,2902,3872,0,78.571,0,normal
1780600504.3795621,54.561423399994965,54721,0.038574,-0.05835,1.067139,0.954198,2.679389,-1.358779,1.069429,3.152126,3873,6776,2903,3873,0,67.729,5,normal
1780600504.4109926,54.59285369999998,54752,0.040039,-0.020752,1.053467,3.305344,3.290076,-0.160305,1.054432,4.666433,3876,6780,2904,3876,0,67.729,5,normal
1780600504.442633,54.624494100004085,54784,0.071045,0.011475,1.049072,-0.320611,2.847328,-0.717557,1.051538,2.953804,3877,6782,2905,3877,0,67.729,5,normal
1780600504.473563,54.65542409999762,54815,0.074951,-0.051514,1.054688,2.496183,2.801527,0.015267,1.058602,3.752295,3879,6789,2910,3879,1,67.729,3,normal
1780600504.5047162,54.68657740000344,54847,0.013672,0.000488,1.048096,1.480916,2.381679,-0.59542,1.048185,2.86706,3881,6792,2911,3881,0,67.729,5,normal
1780600504.5359251,54.71778619999532,54878,0.025635,-0.019287,1.05957,0.251908,2.412214,-1.053435,1.060056,2.644231,3882,6794,2912,3882,0,67.729,5,normal
1780600504.5669672,54.748828499999945,54909,0.062012,-0.074219,1.041016,3.564885,3.274809,-0.259542,1.045499,4.847694,3883,6797,2914,3883,1,67.729,18,normal
1780600504.5989444,54.78080570000748,54940,0.034912,0.013916,1.034424,0.664122,2.603053,-0.679389,1.035106,2.771013,3887,6802,2915,3887,0,67.729,5,normal
1780600504.6301312,54.81199240000569,54971,0.034912,-0.056641,1.065918,2.114504,2.832061,-0.946565,1.067993,3.658918,3890,6806,2916,3890,0,68.0,1,normal
1780600504.661341,54.84320200000366,55003,0.060303,-0.043213,1.060547,2.312977,2.877863,-0.603053,1.063138,3.741073,3894,6812,2918,3894,0,68.0,5,normal
1780600504.691346,54.87320699999691,55034,0.052002,0.02417,1.055176,-0.099237,2.78626,-1.061069,1.056733,2.983112,3896,6816,2920,3896,0,68.0,0,normal
1780600504.7233624,54.9052234999981,55065,0.037109,-0.084961,1.045898,2.381679,2.48855,-0.10687,1.05,3.446258,3897,6819,2922,3897,1,68.0,18,normal
1780600504.7542813,54.936142499995185,55096,0.032227,-0.000977,1.051514,1.740458,2.473282,-0.916031,1.052008,3.159973,3899,6822,2923,3899,0,68.0,5,normal
1780600504.7848275,54.96668870000576,55127,0.015137,-0.040527,1.059082,0.0,2.580153,-0.862595,1.059965,2.720526,3900,6824,2924,3900,0,68.0,4,normal
1780600504.8154328,54.99729389999993,55157,0.060059,-0.073486,1.049072,2.473282,2.427481,-0.137405,1.053356,3.468237,3902,6831,2929,3902,1,68.0,4,normal
1780600504.8452632,55.02712450000399,55188,0.046875,-0.01123,1.045654,1.21374,1.992366,-0.519084,1.046765,2.390008,3904,6834,2930,3904,0,68.0,5,normal
1780600504.8776796,55.05954070000735,55219,0.033691,-0.046631,1.074463,0.717557,2.549618,-1.419847,1.076002,3.00523,3905,6836,2931,3905,0,68.0,5,normal
1780600504.9074728,55.089334100004635,55250,0.03418,-0.01001,1.045898,3.229008,3.587786,0.007634,1.046505,4.826879,3907,6839,2932,3907,1,60.932,16,normal
1780600504.93991,55.12177100000554,55281,0.030029,-0.012939,1.042725,-0.900763,2.587786,-1.21374,1.043237,2.996862,3911,6844,2933,3911,0,60.932,5,normal
1780600504.9713674,55.153228499999386,55313,0.035645,-0.027832,1.05957,2.664122,3.007634,-0.122137,1.060535,4.019742,3913,6848,2935,3913,0,60.932,0,normal
1780600505.001895,55.18375620000006,55344,0.044434,-0.014404,1.054443,2.320611,2.633588,-0.267176,1.055477,3.520284,3917,6854,2937,3917,0,60.932,5,normal
1780600505.033011,55.214872199998354,55375,0.05835,0.004883,1.062744,0.068702,3.129771,-0.870229,1.064356,3.249228,3919,6858,2939,3919,0,60.932,0,normal
1780600505.0709565,55.25281760000507,55406,0.040283,-0.085693,1.042969,2.755725,2.824427,-0.068702,1.047258,3.946661,3920,6861,2941,3920,1,60.932,19,normal
1780600505.0962203,55.27808129999903,55438,0.041016,0.002441,1.043945,0.610687,2.587786,-0.664122,1.044754,2.740554,3922,6864,2942,3922,0,60.932,5,normal
1780600505.1278594,55.30972050000855,55469,0.043457,-0.046631,1.064941,0.770992,2.671756,-1.496183,1.066847,3.157732,3924,6868,2944,3924,0,60.932,1,normal
1780600505.1576385,55.33949969999958,55500,0.036865,-0.023193,1.051758,3.59542,3.21374,0.091603,1.052659,4.823231,3928,6874,2946,3928,0,84.0,5,normal
1780600505.1884928,55.37035399999877,55531,0.00708,-0.005859,1.02832,-0.725191,2.625954,-1.183206,1.028361,2.970103,3929,6876,2947,3929,0,84.0,5,normal
1780600505.219861,55.40172209999582,55561,0.037354,-0.031982,1.052246,2.083969,3.061069,-0.618321,1.053395,3.754383,3930,6878,2948,3930,0,84.0,5,normal
1780600505.2506034,55.43246470000304,55593,0.041504,-0.003906,1.044434,2.083969,2.801527,-0.603053,1.045265,3.543325,3933,6882,2949,3933,0,84.0,5,normal
1780600505.2824361,55.464297200000146,55624,0.039062,0.007324,1.054443,-0.015267,2.938931,-1.015267,1.055192,3.109392,3936,6886,2950,3936,0,84.0,5,normal
1780600505.313028,55.49488919999567,55655,0.014893,-0.091553,1.041992,2.122137,2.885496,-0.030534,1.046113,3.581967,3938,6891,2953,3938,1,84.0,3,normal
1780600505.3434343,55.52529560000403,55686,0.047607,-0.014893,1.035889,1.045802,2.641221,-0.419847,1.037089,2.871589,3941,6896,2955,3941,0,84.0,5,normal
1780600505.3746345,55.556495600001654,55717,0.033691,-0.048584,1.064697,0.679389,2.564885,-1.259542,1.066338,2.937116,3943,6900,2957,3943,0,84.0,0,normal
1780600505.4056766,55.58753770000476,55748,0.047363,0.00415,1.048096,3.335878,3.770992,-0.229008,1.049174,5.039932,3945,6903,2958,3945,1,84.0,18,normal
1780600505.4365559,55.61841700000514,55778,0.03418,0.011963,1.043701,0.679389,2.618321,-0.709924,1.044329,2.796634,3947,6906,2959,3947,0,68.345,6,normal
1780600505.4681833,55.65004439999757,55809,0.041016,-0.052979,1.061523,0.717557,2.671756,-1.343511,1.063636,3.075417,3949,6910,2961,3949,0,68.345,1,normal
1780600505.4991493,55.68101050000405,55841,0.054688,-0.037842,1.063477,2.450382,2.923664,-0.496183,1.065554,3.846866,3953,6916,2963,3953,0,68.345,6,normal
1780600505.5299141,55.711775400006445,55872,0.066895,-0.002441,1.055664,0.045802,2.824427,-0.908397,1.057784,2.967267,3954,6918,2964,3954,0,68.345,5,normal
1780600505.5615735,55.74343470000895,55903,0.022705,-0.082275,1.048096,2.068702,2.29771,-0.076336,1.051565,3.092706,3955,6921,2966,3955,1,68.345,17,normal
1780600505.5918636,55.77372490000562,55934,0.006592,0.002441,1.05127,1.740458,2.625954,-0.625954,1.051293,3.211954,3958,6926,2968,3958,0,68.345,0,normal
1780600505.6230657,55.80492680000316,55965,0.030762,-0.011719,1.050293,0.335878,1.977099,-1.183206,1.050809,2.328457,3959,6928,2969,3959,0,68.345,5,normal
1780600505.6612542,55.84311539999908,56002,0.052979,-0.078613,1.046387,3.053435,3.312977,-0.091603,1.050672,4.506404,3962,6934,2972,3962,0,68.345,8,normal
1780600505.6913576,55.87321879999945,56033,0.052246,-0.035156,1.058106,0.198473,2.694656,-0.885496,1.059978,2.843355,3964,6938,2974,3964,0,66.667,5,normal
1780600505.7236383,55.905499400003464,56064,0.070557,-0.056885,1.052734,3.244275,2.78626,0.015267,1.056628,4.27654,3966,6943,2977,3966,1,66.667,14,normal
1780600505.7535148,55.935375900007784,56095,0.067139,-0.007324,1.046875,1.061069,2.442748,-0.664122,1.049051,2.744803,3968,6946,2978,3968,0,66.667,5,normal
1780600505.7835882,55.965449299998,56126,0.048584,-0.051758,1.068604,0.984733,2.450382,-1.244275,1.070959,2.919296,3969,6948,2979,3969,0,66.667,5,normal
1780600505.8159032,55.99776440000278,56157,0.053711,-0.027344,1.063477,3.839695,3.061069,-0.236641,1.065183,4.916238,3973,6954,2981,3973,0,66.667,6,normal
1780600505.8464766,56.02833780000219,56188,0.040283,-0.022461,1.040772,-0.389313,2.80916,-0.961832,1.041793,2.994673,3975,6958,2983,3975,0,66.667,5,normal
1780600505.8775337,56.0593949000031,56219,0.059326,-0.031494,1.048828,2.503817,2.656489,-0.229008,1.050977,3.65766,3976,6960,2984,3976,0,66.667,5,normal
1780600505.908597,56.0904581000068,56250,0.022949,-0.007568,1.058106,2.274809,2.916031,-0.358779,1.058381,3.715739,3979,6964,2985,3979,0,66.667,5,normal
1780600505.9387584,56.12061959999846,56281,0.032471,0.003174,1.058106,0.038168,3.099237,-0.923664,1.058608,3.234174,3981,6968,2987,3981,0,66.667,0,normal
1780600505.9696794,56.151540599996224,56312,0.023438,-0.091553,1.038818,2.465649,3.328244,0.10687,1.043108,4.143435,3982,6971,2989,3982,1,64.516,18,normal
1780600506.0007896,56.18265080000856,56343,0.019775,0.006104,1.050781,1.122137,2.473282,-0.435114,1.050985,2.750571,3985,6976,2991,3985,0,64.516,5,normal
1780600506.0320334,56.213894500004244,56374,0.010498,-0.043945,1.06958,0.709924,2.442748,-1.351145,1.070534,2.880382,3987,6980,2993,3987,0,64.516,5,normal
1780600506.0643313,56.24619249999523,56406,0.049316,-0.014404,1.049072,3.251908,3.0,-0.427481,1.05033,4.444957,3991,6986,2995,3991,0,64.516,5,normal
1780600506.0951674,56.2770285000006,56437,0.033447,-0.015625,1.047607,-0.465649,1.900763,-1.343511,1.048258,2.373764,3992,6988,2996,3992,0,64.516,5,normal
1780600506.125392,56.307253200007835,56468,0.044434,-0.031006,1.049316,2.557252,2.801527,-0.816794,1.050714,3.880108,3993,6990,2997,3993,0,64.516,5,normal
1780600506.1563797,56.338240900004166,56499,0.037598,-0.006104,1.054688,2.396947,2.312977,-0.938931,1.055375,3.460752,3997,6996,2999,3997,0,64.516,5,normal
1780600506.1876843,56.36954539999715,56530,0.057617,0.010254,1.063232,-0.114504,3.022901,-0.870229,1.064842,3.147751,3999,7000,3001,3999,0,64.516,5,normal
1780600506.2194235,56.40128469999763,56561,0.039551,-0.08667,1.041992,2.603053,2.274809,-0.305344,1.046338,3.470429,4000,7003,3003,4000,1,64.516,17,normal
1780600506.2515168,56.43337800000154,56593,0.055908,0.009766,1.052246,0.755725,2.572519,-0.847328,1.053776,2.811928,4002,7006,3004,4002,0,71.174,5,normal
1780600506.2817125,56.463573700006236,56624,0.052002,-0.058594,1.056641,1.038168,2.465649,-1.374046,1.059541,3.007527,4004,7010,3006,4004,0,71.174,0,normal
1780600506.3124619,56.49432310000702,56655,0.037109,-0.008789,1.031738,3.458015,3.374046,-0.618321,1.032443,4.870768,4007,7014,3007,4007,0,71.174,5,normal
1780600506.343402,56.52526300000318,56686,0.04834,-0.016113,1.035644,-0.198473,2.725191,-0.740458,1.036897,2.83096,4009,7018,3009,4009,0,71.174,4,normal
1780600506.3740606,56.55592189999879,56716,0.034912,-0.019531,1.061523,2.030534,3.251908,-0.694656,1.062277,3.896219,4011,7022,3011,4011,0,71.174,5,normal
1780600506.4065003,56.58836140000494,56748,0.062744,-0.025635,1.05249,2.427481,3.206107,-0.206107,1.05467,4.026694,4014,7028,3014,4014,0,71.174,4,normal
1780600506.438053,56.619914099996095,56779,0.050293,0.004639,1.056152,0.450382,2.526718,-0.717557,1.057359,2.664964,4015,7030,3015,4015,0,71.174,5,normal
1780600506.4692442,56.65110540000023,56810,0.019287,-0.088135,1.044922,2.580153,2.503817,-0.244275,1.04881,3.603603,4016,7033,3017,4016,1,71.174,18,normal
1780600506.5003307,56.68219180000597,56842,0.040527,-0.003662,1.046387,1.396947,2.549618,-0.305344,1.047178,2.923226,4019,7038,3019,4019,0,71.174,5,normal
1780600506.531502,56.713363200004096,56873,0.027588,-0.040283,1.069336,0.694656,2.305344,-1.198473,1.07045,2.689516,4022,7042,3020,4022,0,71.429,5,normal
1780600506.5629966,56.744857700003195,56904,0.043701,-0.020264,1.057861,3.335878,3.305344,-0.564886,1.058957,4.729955,4025,7046,3021,4025,0,71.429,5,normal
1780600506.5942075,56.77606879999803,56936,0.04126,-0.010254,1.042969,-0.19084,3.198473,-1.122137,1.043835,3.394973,4026,7048,3022,4026,0,71.429,5,normal
1780600506.6248806,56.80674169999838,56967,0.041748,-0.041748,1.053223,2.526718,2.48855,-0.335878,1.054876,3.562302,4028,7052,3024,4028,0,71.429,1,normal
1780600506.6564286,56.838289699997404,56998,0.032715,-0.003174,1.052734,2.320611,2.732824,-0.427481,1.053247,3.610582,4031,7056,3025,4031,0,71.429,5,normal
1780600506.6876566,56.86951790000603,57029,0.033447,-0.011475,1.046875,-0.160305,3.435115,-0.854962,1.047472,3.543539,4033,7060,3027,4033,0,71.429,5,normal
1780600506.71875,56.9006112000061,57060,0.047607,-0.074463,1.054443,2.358779,3.389313,-0.335878,1.058141,4.142957,4034,7065,3031,4034,1,71.429,18,normal
1780600506.7496598,56.93152100000589,57091,0.020508,-0.006836,1.050049,1.320611,2.603053,-0.473282,1.050271,2.957008,4038,7070,3032,4038,0,71.429,5,normal
1780600506.7813544,56.963215700001456,57122,0.054688,-0.064941,1.068115,0.580153,2.21374,-1.038168,1.071484,2.51297,4039,7072,3033,4039,0,71.429,5,normal
1780600506.8125982,56.99445939999714,57154,0.043213,-0.038574,1.049072,2.870229,2.832061,-0.526718,1.05067,4.066475,4042,7076,3034,4042,0,71.174,5,normal
1780600506.846001,57.02786200000264,57186,0.048584,0.02124,1.061523,0.015267,3.114504,-0.725191,1.062847,3.197854,4044,7080,3036,4044,0,71.174,5,normal
1780600506.8763983,57.05825950000144,57217,0.040527,-0.09082,1.046143,2.229008,2.526718,-0.19084,1.050859,3.374788,4045,7085,3040,4045,1,71.174,18,normal
1780600506.9077444,57.089605500004836,57249,0.033936,-0.010254,1.044922,1.068702,1.931298,-0.671756,1.045523,2.307226,4047,7088,3041,4047,0,71.174,5,normal
1780600506.939393,57.121254199999385,57280,0.032471,-0.063232,1.067139,0.549618,2.038168,-1.312977,1.069503,2.485984,4048,7090,3042,4048,0,71.174,5,normal
1780600506.9694686,57.15132980000635,57311,0.044434,0.000977,1.050293,3.549618,3.061069,-0.053435,1.051233,4.687514,4051,7095,3044,4051,1,71.174,14,normal
1780600507.0007591,57.182620299994596,57342,0.016846,-0.019043,1.038086,-0.343511,2.954198,-1.152672,1.038397,3.189662,4053,7098,3045,4053,0,71.174,5,normal
1780600507.0331419,57.21500310000556,57374,0.070312,-0.036377,1.058838,2.732824,2.305344,-0.114504,1.061793,3.577156,4055,7104,3049,4055,0,71.174,0,normal
1780600507.0632286,57.245089799995185,57406,0.017578,-0.006348,1.056396,2.0,2.259542,-0.458015,1.056562,3.052099,4059,7110,3051,4059,0,67.46,0,normal
1780600507.0934458,57.27530700000352,57437,0.042725,0.001709,1.05542,-0.015267,2.59542,-1.183206,1.056286,2.85244,4060,7112,3052,4060,0,67.46,5,normal
1780600507.1384308,57.32029190000321,57467,0.037354,-0.086182,1.047852,2.206107,3.305344,-0.366412,1.052053,3.990797,4061,7115,3054,4061,1,67.46,17,normal
1780600507.1561933,57.3380543999956,57498,0.04834,-0.016846,1.056885,1.206107,2.145038,-0.305344,1.058124,2.479741,4063,7118,3055,4063,0,67.46,5,normal
1780600507.186871,57.3687321000034,57529,0.041016,-0.044922,1.063477,0.480916,2.89313,-0.908397,1.065215,3.070288,4066,7122,3056,4066,0,67.46,4,normal
1780600507.2190685,57.40092970000114,57560,0.02832,-0.018555,1.043213,3.21374,3.328244,-0.229008,1.043762,4.632254,4070,7127,3057,4070,1,67.46,17,normal
1780600507.2482386,57.43009969999548,57591,0.031982,-0.00708,1.032715,0.145038,2.244275,-0.900763,1.033234,2.422639,4072,7130,3058,4072,0,67.46,4,normal
1780600507.2802293,57.46209060000547,57622,0.034424,-0.018555,1.065918,2.206107,2.450382,-0.641221,1.066635,3.358935,4073,7132,3059,4073,0,67.46,5,normal
1780600507.3115284,57.49338970000099,57653,0.029785,-0.039795,1.060303,3.091603,3.045802,-0.358779,1.061467,4.354726,4077,7138,3061,4077,0,67.46,5,normal
1780600507.3425307,57.524391800005105,57684,0.052734,-0.016113,1.041748,0.045802,2.70229,-0.992366,1.043206,2.879108,4078,7140,3062,4078,0,68.345,5,normal
1780600507.3726423,57.554503399995156,57714,0.063232,-0.037842,1.05127,2.618321,2.610687,-0.450382,1.053849,3.7248,4080,7146,3066,4080,0,68.345,0,normal
1780600507.4042885,57.58614959999977,57745,0.05127,-0.014648,1.061035,2.236641,2.053435,-0.587786,1.062374,3.092677,4083,7151,3068,4083,1,68.345,3,normal
1780600507.4344165,57.616277599998284,57777,0.02832,-0.00415,1.062012,0.160305,2.343511,-1.19084,1.062397,2.633599,4085,7154,3069,4085,0,68.345,5,normal
1780600507.4665096,57.64837080000143,57808,0.059814,-0.032959,1.05249,3.229008,3.603053,0.007634,1.054704,4.838238,4086,7157,3071,4086,1,68.345,18,normal
1780600507.497253,57.679114200000186,57839,0.044189,0.015137,1.041504,0.984733,2.442748,-0.519084,1.042551,2.68443,4088,7160,3072,4088,0,68.345,5,normal
1780600507.5288455,57.71070680000412,57870,0.033447,-0.061523,1.073242,0.908397,2.206107,-1.167939,1.075524,2.656346,4093,7166,3073,4093,0,68.345,0,normal
1780600507.5600817,57.7419430000009,57901,0.051025,-0.016602,1.052002,3.267176,3.061069,-0.419847,1.053369,4.49676,4096,7170,3074,4096,0,68.345,5,normal
1780600507.590258,57.77211910000187,57932,0.043213,-0.022949,1.040283,-0.679389,2.328244,-0.984733,1.041433,2.61763,4097,7172,3075,4097,0,68.345,5,normal
1780600507.622528,57.804389199998695,57963,0.056641,-0.032227,1.050049,2.679389,2.671756,-0.221374,1.052069,3.790305,4098,7174,3076,4098,0,71.685,4,normal
1780600507.6536357,57.83549690000655,57995,0.027344,0.000244,1.056152,2.007634,2.145038,-0.778626,1.056506,3.039414,4102,7180,3078,4102,0,71.685,5,normal
1780600507.6851366,57.86699769999541,58026,0.035889,-0.020752,1.056152,-0.137405,3.030534,-0.862595,1.056966,3.153901,4103,7182,3079,4103,0,71.685,5,normal
1780600507.7157347,57.89759590000904,58058,0.061035,0.000977,1.042236,3.427481,3.114504,0.114504,1.044022,4.632588,4105,7189,3084,4105,1,71.685,3,normal
1780600507.7473876,57.92924880000646,58089,0.065674,0.013428,1.04126,0.10687,2.541985,-0.885496,1.043415,2.693921,4108,7194,3086,4108,0,71.685,0,normal
1780600507.7782502,57.960111399996094,58120,0.063965,-0.056396,1.068604,1.748092,2.59542,-1.267176,1.072001,3.376057,4109,7196,3087,4109,0,71.685,4,normal
1780600507.8096347,57.99149580000085,58151,0.0354,-0.0354,1.061523,2.496183,3.206107,-0.328244,1.062703,4.076493,4112,7200,3088,4112,0,71.685,5,normal
1780600507.8420823,58.023943399995915,58183,0.036865,0.0271,1.056885,0.099237,3.541985,-0.748092,1.057875,3.621484,4113,7202,3089,4113,0,71.685,5,normal
1780600507.872423,58.05428409999877,58214,0.020752,-0.071289,1.042236,2.129771,2.969466,-0.442748,1.044878,3.680988,4115,7209,3094,4115,1,67.729,3,normal
1780600507.902998,58.08485909999581,58245,0.047852,0.00293,1.049561,1.862595,2.152672,-0.412214,1.050655,2.876313,4117,7212,3095,4117,0,67.729,6,normal
1780600507.9343257,58.11618680000538,58276,0.02417,-0.043701,1.053467,0.114504,2.679389,-1.068702,1.05465,2.88693,4118,7214,3096,4118,0,67.729,5,normal
1780600507.9661584,58.14801960000477,58307,0.058594,-0.037354,1.049805,3.419847,3.496183,-0.061069,1.052102,4.891052,4119,7217,3098,4119,1,67.729,18,normal
1780600507.996248,58.17810920000193,58338,0.05957,-0.01416,1.031494,0.137405,2.572519,-0.732824,1.03331,2.678388,4123,7222,3099,4123,0,67.729,5,normal
1780600508.042837,58.22469810000621,58369,0.052246,-0.035645,1.066162,1.381679,2.19084,-1.122137,1.068036,2.822766,4125,7226,3101,4125,0,67.729,0,normal
1780600508.058179,58.24004010000499,58400,0.047363,-0.022705,1.054443,3.053435,3.396947,-0.557252,1.055751,4.601439,4129,7232,3103,4129,0,67.729,5,normal
1780600508.088368,58.270229000001564,58431,0.045898,-0.029541,1.040527,-0.366412,2.564885,-0.587786,1.041958,2.656763,4131,7236,3105,4131,0,67.729,1,normal
1780600508.119584,58.30144520000613,58462,0.072021,-0.045654,1.058838,2.603053,2.923664,-0.473282,1.062266,3.943056,4132,7238,3106,4132,0,67.729,5,normal
1780600508.150876,58.33273710000503,58493,0.030518,-0.006836,1.055664,2.091603,2.633588,-0.396947,1.056127,3.386466,4135,7242,3107,4135,0,71.685,5,normal
1780600508.1823168,58.36417800000345,58524,0.046387,0.011475,1.057129,0.21374,2.442748,-0.969466,1.058208,2.636772,4136,7244,3108,4136,0,71.685,5,normal
1780600508.2134387,58.39530000000377,58555,0.024902,-0.092285,1.045166,2.412214,3.343511,-0.458015,1.049528,4.148207,4138,7251,3113,4138,1,71.685,3,normal
1780600508.2438715,58.425732600007905,58586,0.021484,-0.001953,1.042725,1.221374,2.580153,-0.824427,1.042948,2.9713,4140,7254,3114,4140,0,71.685,4,normal
1780600508.2753537,58.457214800000656,58617,0.014893,-0.053955,1.064697,0.40458,2.450382,-1.0,1.066168,2.677323,4141,7256,3115,4141,0,71.685,5,normal
1780600508.3048117,58.48667280000518,58647,0.070801,-0.040771,1.042236,3.358779,3.374046,-0.259542,1.045434,4.767908,4143,7259,3116,4143,1,71.685,17,normal
1780600508.3358545,58.517715599999065,58678,0.040771,-0.010254,1.039551,0.183206,2.633588,-0.984733,1.0404,2.817632,4147,7264,3117,4147,0,71.685,5,normal
1780600508.3671923,58.54905339999823,58709,0.047363,-0.044678,1.068115,1.290076,2.320611,-1.603053,1.070098,3.101502,4149,7268,3119,4149,0,71.685,0,normal
1780600508.3991375,58.58099859999493,58741,0.045898,-0.032959,1.058838,2.450382,3.022901,-0.740458,1.060345,3.961134,4153,7274,3121,4153,0,71.685,5,normal
1780600508.4302309,58.61209209999652,58772,0.058594,0.00293,1.048828,0.458015,3.389313,-0.549618,1.050468,3.464001,4155,7278,3123,4155,0,71.685,0,normal
1780600508.4616427,58.64350400000694,58803,0.063232,-0.050049,1.05249,2.419847,2.496183,-0.183206,1.055575,3.481402,4156,7281,3125,4156,1,71.685,18,normal
1780600508.492842,58.674703199998476,58834,0.04541,-0.013428,1.056396,2.10687,2.679389,-0.641221,1.057457,3.468313,4158,7284,3126,4158,0,71.685,5,normal
1780600508.5226765,58.70453760000237,58865,0.05249,-0.02124,1.066162,-0.114504,2.984733,-1.167939,1.067665,3.207152,4159,7286,3127,4159,0,71.685,5,normal
1780600508.5539155,58.73577660000592,58896,0.070801,-0.065918,1.046875,3.48855,2.778626,-0.045802,1.051335,4.460139,4161,7293,3132,4161,1,71.685,4,normal
1780600508.5848095,58.76667080000334,58927,0.060791,0.007324,1.047119,0.732824,2.801527,-0.778626,1.048908,2.99864,4163,7296,3133,4163,0,71.685,5,normal
1780600508.6163292,58.798190300003625,58957,0.024658,-0.044678,1.05835,0.755725,2.732824,-0.977099,1.059579,2.999029,4164,7298,3134,4164,0,71.685,5,normal
1780600508.6486986,58.83055980000063,58989,0.031006,-0.041748,1.055908,2.633588,3.374046,-0.053435,1.057188,4.280517,4167,7302,3135,4167,0,71.685,5,normal
1780600508.680899,58.86276000000362,59021,0.068359,0.028076,1.062256,-0.175573,3.267176,-0.824427,1.064823,3.374158,4170,7306,3136,4170,0,71.685,5,normal
1780600508.7121294,58.893990500000655,59053,0.016846,-0.08374,1.040772,2.251908,2.664122,-0.473282,1.044271,3.520317,4172,7311,3139,4172,1,60.498,3,normal
1780600508.743411,58.92527219999465,59085,0.027344,0.003174,1.046143,1.236641,2.51145,-0.641221,1.046505,2.871904,4175,7316,3141,4175,0,60.498,5,normal
1780600508.7742655,58.95612679999613,59116,0.014404,-0.048584,1.058106,0.931298,2.549618,-1.221374,1.059318,2.976512,4177,7320,3143,4177,0,60.498,0,normal
1780600508.8057287,58.98758980000275,59147,0.056641,-0.018555,1.060303,3.305344,3.435115,-0.053435,1.061977,4.767406,4180,7324,3144,4180,0,60.498,5,normal
1780600508.8359976,59.017858799998066,59178,0.03418,-0.011475,1.0354,-0.145038,2.229008,-0.977099,1.036028,2.43808,4181,7326,3145,4181,0,60.498,5,normal
1780600508.8675678,59.04942900000606,59209,0.036865,-0.027344,1.054688,2.458015,3.030534,-0.229008,1.055686,3.908762,4183,7330,3147,4183,0,60.498,1,normal
1780600508.8980873,59.07994840000174,59240,0.031006,-0.031982,1.05835,2.221374,2.396947,-0.862595,1.059287,3.37993,4187,7336,3149,4187,0,60.498,4,normal
1780600508.9282641,59.110125300008804,59270,0.049561,0.00293,1.043213,0.320611,3.160305,-0.587786,1.044394,3.230451,4188,7338,3150,4188,0,60.498,5,normal
1780600508.9605105,59.142371699999785,59301,0.051025,-0.054932,1.048096,2.099237,2.793893,-0.244275,1.050774,3.503185,4189,7341,3152,4189,1,60.498,18,normal
1780600508.9922976,59.17415869999968,59333,0.037842,-0.001465,1.04834,1.053435,2.473282,-0.580153,1.049024,2.750169,4192,7346,3154,4192,0,71.429,0,normal
1780600509.0233333,59.20519449999847,59365,0.026367,-0.046875,1.074219,1.10687,2.763359,-1.015267,1.075564,3.145168,4193,7348,3155,4193,0,71.429,5,normal
1780600509.0540802,59.23594149999553,59396,0.045654,-0.007813,1.04541,3.10687,3.618321,0.022901,1.046436,4.769215,4196,7353,3157,4196,1,71.429,3,normal
1780600509.0854626,59.26732369999809,59427,0.032227,-0.022705,1.045898,-0.549618,3.206107,-1.022901,1.046641,3.409916,4199,7358,3159,4199,0,71.429,5,normal
1780600509.1165912,59.29845240000577,59458,0.028809,-0.012451,1.05542,2.396947,2.923664,-0.51145,1.055886,3.815068,4201,7362,3161,4201,0,71.429,0,normal
1780600509.1479647,59.32982590000029,59489,0.040039,-0.023682,1.051758,2.251908,2.938931,-0.503817,1.052786,3.736608,4204,7366,3162,4204,0,71.429,5,normal
1780600509.1776772,59.35953820000577,59520,0.070068,0.008301,1.054443,0.290076,3.183206,-0.458015,1.056801,3.229044,4205,7368,3163,4205,0,71.429,4,normal
1780600509.2102695,59.39213059999747,59551,0.029053,-0.077393,1.051758,2.480916,1.885496,-0.496183,1.055002,3.155351,4207,7373,3166,4207,1,71.429,3,normal
1780600509.2398934,59.421754499999224,59582,0.031494,-0.006592,1.046875,2.015267,1.885496,-0.290076,1.047369,2.774985,4210,7378,3168,4210,0,71.429,6,normal
1780600509.2712364,59.45309769999585,59613,0.036377,-0.054443,1.060791,0.709924,2.083969,-0.648855,1.06281,2.295198,4212,7382,3170,4212,0,71.429,0,normal
1780600509.3012338,59.48309500000323,59644,0.060791,-0.021973,1.050293,3.068702,3.496183,-0.206107,1.05228,4.65647,4213,7385,3172,4213,1,71.429,17,normal
1780600509.3336232,59.515484400006244,59675,0.036133,-0.009766,1.036865,0.045802,2.709924,-0.709924,1.037541,2.801745,4216,7390,3174,4216,0,71.429,1,normal
1780600509.366236,59.548097100007,59706,0.037354,-0.032715,1.069336,1.732824,2.274809,-1.427481,1.070488,3.196113,4217,7392,3175,4217,0,71.429,5,normal
1780600509.395912,59.57777309999801,59738,0.040527,-0.036865,1.059814,2.236641,3.320611,-0.396947,1.06123,4.023256,4221,7398,3177,4221,0,71.429,5,normal
1780600509.4286404,59.61050150000665,59769,0.037842,0.01001,1.050537,0.473282,3.114504,-0.725191,1.051266,3.232651,4224,7402,3178,4224,0,71.429,5,normal
1780600509.458597,59.64045809999516,59800,0.047363,-0.077148,1.045898,2.519084,2.442748,-0.160305,1.049809,3.51262,4225,7405,3180,4225,1,71.429,18,normal
1780600509.4899273,59.67178849999618,59831,0.05249,-0.002441,1.051758,1.725191,2.992366,-0.557252,1.05307,3.498724,4227,7408,3181,4227,0,71.429,5,normal
1780600509.5208623,59.702723599999445,59862,0.040039,-0.022705,1.052734,0.259542,2.694656,-1.259542,1.05374,2.985796,4228,7410,3182,4228,0,71.429,5,normal
1780600509.5519602,59.73382130000391,59893,0.052979,-0.062988,1.041016,2.931298,3.282443,-0.10687,1.044264,4.402086,4230,7415,3185,4230,1,64.286,4,normal
1780600509.5820708,59.76393210000242,59924,0.059814,-0.000977,1.047119,0.358779,2.671756,-0.801527,1.048827,2.812374,4233,7420,3187,4233,0,64.286,5,normal
1780600509.6135542,59.79541530000279,59955,0.057373,-0.050049,1.064453,1.167939,2.664122,-0.916031,1.067172,3.049712,4235,7424,3189,4235,0,64.286,1,normal
1780600509.64461,59.82647100000759,59986,0.065674,-0.018799,1.058838,2.847328,3.793893,-0.206107,1.061039,4.747987,4238,7428,3190,4238,0,64.286,6,normal
1780600509.6758854,59.85774659999879,60017,0.057617,-0.028564,1.051025,-0.419847,2.48855,-0.954198,1.052991,2.698082,4240,7432,3192,4240,0,64.286,1,normal
1780600509.7106056,59.89246689999709,60048,0.046143,-0.040283,1.055664,2.763359,2.664122,-0.129771,1.05744,3.840643,4241,7434,3193,4241,0,64.286,5,normal
1780600509.7369814,59.9188426000037,60079,0.031494,-0.017578,1.056641,2.015267,2.412214,-0.725191,1.057256,3.22583,4245,7440,3195,4245,0,64.286,5,normal
1780600509.7669985,59.948859700001776,60109,0.050049,0.005371,1.04834,0.396947,3.122137,-0.648855,1.049548,3.21346,4246,7442,3196,4246,0,64.286,5,normal
1780600509.799199,59.98106030000781,60140,0.044189,-0.077637,1.038086,2.007634,2.770992,-0.114504,1.041923,3.423756,4247,7445,3198,4247,1,64.286,17,normal
1780600509.8294032,60.01126440000371,60171,0.046875,-0.009277,1.050293,1.694656,2.48855,-0.832061,1.051379,3.12363,4249,7448,3199,4249,0,68.345,5,normal
1780600509.85973,60.041591200002586,60202,0.039795,-0.013916,1.0625,0.389313,2.832061,-1.229008,1.063336,3.111687,4250,7450,3200,4250,0,68.345,4,normal
1780600509.8907707,60.07263180000882,60232,0.021973,-0.085693,1.041016,2.221374,3.251908,-0.10687,1.044768,3.939649,4252,7455,3203,4252,1,68.345,3,normal
1780600509.9205139,60.10237500000221,60263,0.066162,-0.003906,1.045166,1.198473,2.59542,-0.427481,1.047265,2.890551,4255,7460,3205,4255,0,68.345,5,normal
1780600509.9517071,60.133568200006266,60293,0.024658,-0.052979,1.055664,0.335878,2.519084,-0.717557,1.05728,2.640736,4257,7464,3207,4257,0,68.345,1,normal
1780600509.9832993,60.165160500007914,60324,0.040283,-0.036377,1.03833,3.221374,3.007634,-0.244275,1.039748,4.41393,4258,7467,3209,4258,1,68.345,17,normal
1780600510.012552,60.194413300007,60355,0.040039,0.008545,1.04541,0.526718,2.717557,-0.633588,1.046212,2.839715,4261,7472,3211,4261,0,68.345,1,normal
1780600510.044802,60.22666309999477,60386,0.04834,-0.033936,1.070068,1.717557,2.78626,-1.030534,1.071697,3.431508,4263,7476,3213,4263,0,68.345,0,normal
1780600510.0778155,60.25967680000758,60418,0.056885,-0.032959,1.053711,2.030534,3.061069,-0.526718,1.05576,3.710882,4267,7482,3215,4267,0,68.345,5,normal
1780600510.110353,60.29221410000173,60450,0.049316,0.017334,1.063721,0.419847,2.839695,-0.770992,1.065004,2.9723,4268,7484,3216,4268,0,68.1,5,normal
1780600510.1388583,60.32071949999954,60481,0.02832,-0.06543,1.044922,2.221374,2.900763,-0.412214,1.047351,3.676799,4269,7487,3218,4269,1,68.1,17,normal
1780600510.1704857,60.35234690000652,60512,0.030518,0.0,1.052734,1.259542,2.580153,-0.618321,1.053177,2.936998,4273,7492,3219,4273,0,68.1,0,normal
1780600510.201941,60.38380209999741,60543,0.013916,-0.041992,1.056885,0.908397,1.91603,-0.671756,1.05781,2.224323,4274,7494,3220,4274,0,68.1,5,normal
1780600510.2333257,60.41518700000597,60574,0.050537,-0.01123,1.054199,3.267176,3.687023,-0.137405,1.05547,4.92823,4277,7499,3222,4277,1,68.1,3,normal
1780600510.2626956,60.444556800008286,60605,0.035645,-0.015869,1.036133,0.473282,2.931298,-0.664122,1.036867,3.042624,4280,7504,3224,4280,0,68.1,5,normal
1780600510.2948403,60.47670139999536,60636,0.037354,-0.026367,1.062256,2.022901,2.671756,-1.0,1.063239,3.4972,4282,7508,3226,4282,0,68.1,0,normal
1780600510.32534,60.50720110000111,60666,0.039551,-0.01416,1.054688,3.045802,3.343511,-0.038168,1.055524,4.522989,4285,7512,3227,4285,0,68.1,5,normal
1780600510.3556972,60.537558299998636,60698,0.050293,0.002441,1.051025,0.274809,2.610687,-0.618321,1.052231,2.696948,4286,7514,3228,4286,0,68.1,5,normal
1780600510.3873777,60.56923900000402,60729,0.057861,-0.043701,1.05127,2.320611,2.832061,-0.145038,1.053767,3.664265,4288,7519,3231,4288,1,71.685,3,normal
1780600510.4200056,60.601866700002574,60761,0.032471,-0.016846,1.050537,1.603053,2.694656,-0.923664,1.051174,3.268656,4291,7524,3233,4291,0,71.685,5,normal
1780600510.4505436,60.63240479999513,60792,0.025635,-0.050781,1.051514,1.099237,2.259542,-0.931298,1.053051,2.67977,4292,7526,3234,4292,0,71.685,5,normal
1780600510.4824245,60.66428569999698,60824,0.054932,-0.013428,1.054199,3.022901,3.412214,-0.083969,1.055715,4.559406,4294,7529,3235,4294,1,71.685,18,normal
1780600510.5126734,60.694534599999315,60855,0.05127,-0.022461,1.037598,-0.145038,3.29771,-0.664122,1.039106,3.367044,4297,7534,3237,4297,0,71.685,0,normal
1780600510.5430608,60.72492200000852,60885,0.031738,-0.065674,1.061523,1.122137,2.48855,-1.129771,1.064026,2.954396,4298,7536,3238,4298,0,71.685,5,normal
1780600510.5751202,60.756981300000916,60916,0.050293,-0.019043,1.06665,2.694656,3.320611,-0.358779,1.068005,4.291428,4302,7542,3240,4302,0,71.685,5,normal
1780600510.6058261,60.78768740000669,60948,0.062988,0.000977,1.052978,0.015267,3.076336,-0.587786,1.054861,3.132023,4304,7546,3242,4304,0,71.685,5,normal
1780600510.6372263,60.819087600000785,60979,0.067139,-0.052246,1.047363,2.312977,2.671756,-0.496183,1.050813,3.56852,4306,7551,3245,4306,1,72.0,15,normal
1780600510.669615,60.851476199997705,61011,0.039795,-0.010986,1.035889,1.328244,2.381679,-0.740458,1.036711,2.825758,4308,7554,3246,4308,0,72.0,5,normal
1780600510.7010825,60.88294360000873,61042,0.030273,-0.047119,1.067627,1.145038,2.687023,-0.664122,1.069095,2.995374,4309,7556,3247,4309,0,72.0,5,normal
1780600510.7310348,60.91289590000815,61073,0.028809,-0.001221,1.052002,3.389313,3.122137,0.038168,1.052397,4.608323,4312,7561,3249,4312,1,72.0,3,normal
1780600510.7625983,60.94445940000878,61104,0.033447,0.016357,1.042969,0.137405,2.564885,-0.656489,1.043633,2.651131,4315,7566,3251,4315,0,72.0,5,normal
1780600510.7941074,60.97596870000416,61135,0.041748,-0.022461,1.063965,2.114504,2.290076,-1.068702,1.06502,3.295103,4317,7570,3253,4317,0,72.0,0,normal
1780600510.825352,61.007213200005936,61166,0.054443,-0.027588,1.065918,2.725191,3.099237,-0.099237,1.067664,4.128169,4320,7574,3254,4320,0,72.0,5,normal
1780600510.8557346,61.03759580000769,61197,0.025635,-0.026367,1.046631,0.152672,2.450382,-0.916031,1.047277,2.620456,4322,7578,3256,4322,0,72.0,0,normal
1780600510.8881521,61.070013300006394,61229,0.056396,-0.060303,1.056152,2.076336,2.343511,-0.167939,1.059375,3.135509,4323,7581,3258,4323,1,68.0,18,normal
1780600510.9175484,61.099409500006004,61260,0.030518,-0.001465,1.046631,1.320611,2.633588,-0.671756,1.047077,3.021763,4326,7586,3260,4326,0,68.0,5,normal
1780600510.9501052,61.131966400003876,61291,0.020508,-0.0271,1.053223,0.335878,2.526718,-1.206107,1.053771,2.819895,4327,7588,3261,4327,0,68.0,5,normal
1780600510.9810631,61.162924300006125,61322,0.060059,-0.057617,1.044678,3.122137,2.534351,-0.343511,1.047988,4.035924,4328,7591,3263,4328,1,68.0,18,normal
1780600511.010963,61.19282409999869,61353,0.057373,0.0,1.0354,0.748092,2.458015,-0.977099,1.036989,2.748855,4330,7594,3264,4330,0,68.0,6,normal
1780600511.0489893,61.23085049999645,61383,0.055908,-0.056152,1.058106,1.229008,2.259542,-0.80916,1.061068,2.696429,4331,7596,3265,4331,0,68.0,5,normal
1780600511.0731173,61.254978500001016,61415,0.046143,-0.008789,1.054443,3.221374,3.236641,-0.358779,1.055489,4.580591,4335,7602,3267,4335,0,68.0,4,normal
1780600511.1031404,61.2850013999996,61445,0.05249,-0.019043,1.040039,-0.641221,2.80916,-0.946565,1.041537,3.032908,4337,7606,3269,4337,0,68.0,5,normal
1780600511.1349308,61.31679189999704,61476,0.047119,-0.026123,1.066406,2.198473,2.503817,-0.877863,1.067766,3.445726,4339,7610,3271,4339,0,68.0,0,normal
1780600511.1661384,61.34799959999509,61507,0.040283,-0.021484,1.06543,2.290076,2.877863,-0.51145,1.066407,3.713236,4342,7614,3272,4342,0,68.345,5,normal
1780600511.1960514,61.377912600000855,61538,0.054199,0.007568,1.051025,0.496183,2.801527,-0.977099,1.052449,3.008234,4343,7616,3273,4343,0,68.345,5,normal
1780600511.2288976,61.4107587000035,61569,0.05249,-0.057861,1.05127,2.236641,2.328244,-0.381679,1.054168,3.250994,4345,7621,3276,4345,1,68.345,3,normal
1780600511.2636993,61.445560399995884,61605,0.011719,-0.007324,1.041504,1.389313,1.793893,-0.984733,1.041596,2.473447,4348,7626,3278,4348,0,68.345,5,normal
1780600511.2961924,61.478053500002716,61636,0.047363,-0.044678,1.047852,2.435115,2.877863,-0.206107,1.049872,3.775494,4349,7628,3279,4349,0,68.345,4,normal
1780600511.3259928,61.5078538999951,61667,0.021973,-0.009033,1.052978,1.40458,2.320611,-0.717557,1.053246,2.805881,4352,7632,3280,4352,0,68.345,5,normal
1780600511.357242,61.53910320000432,61698,0.037354,-0.012939,1.056396,0.549618,2.694656,-0.633588,1.057136,2.822178,4354,7636,3282,4354,0,68.345,0,normal
1780600511.388479,61.57034010000643,61729,0.029785,-0.06958,1.037354,2.259542,2.19084,-0.305344,1.040111,3.162047,4355,7639,3284,4355,1,68.345,18,normal
1780600511.4196181,61.601479200006,61761,0.074707,0.000732,1.043457,1.145038,2.687023,-0.381679,1.046128,2.945655,4358,7644,3286,4358,0,62.992,5,normal
1780600511.4505296,61.63239080000494,61792,0.057373,-0.060791,1.063232,1.557252,2.541985,-1.40458,1.066513,3.295386,4361,7648,3287,4361,0,62.992,5,normal
1780600511.482053,61.66391410000506,61823,0.05542,-0.021729,1.058838,2.725191,2.938931,-0.198473,1.06051,4.012901,4365,7654,3289,4365,0,62.992,5,normal
1780600511.5122604,61.69412149999698,61854,0.050781,-0.036377,1.049316,-0.450382,3.366412,-0.778626,1.051174,3.484513,4366,7656,3290,4366,0,62.992,5,normal
1780600511.5435097,61.725371000007726,61885,0.067383,-0.028076,1.05249,2.801527,2.80916,-0.534351,1.055019,4.003182,4367,7658,3291,4367,0,62.992,5,normal
1780600511.575649,61.75751019999734,61916,0.016357,-0.010986,1.045654,1.91603,2.618321,-0.51145,1.04584,3.284564,4371,7664,3293,4371,0,62.992,5,normal
1780600511.605472,61.7873333000025,61947,0.036621,0.004883,1.056152,0.396947,2.641221,-0.78626,1.056798,2.784209,4373,7668,3295,4373,0,62.992,5,normal
1780600511.636729,61.81859009999607,61978,0.028564,-0.075439,1.034912,2.29771,2.946565,-0.335878,1.038051,3.751604,4374,7671,3297,4374,1,62.992,17,normal
1780600511.6668863,61.84874739999941,62009,0.041016,-0.003418,1.036133,1.19084,2.755725,-0.610687,1.03695,3.063504,4376,7674,3298,4376,0,62.992,5,normal
1780600511.6971316,61.87899290000496,62039,0.025879,-0.025635,1.058106,0.938931,2.496183,-1.0,1.058732,2.848249,4378,7678,3300,4378,0,71.942,0,normal
1780600511.7291036,61.91096480000124,62070,0.066895,-0.052002,1.033691,2.534351,3.091603,-0.183206,1.037158,4.001814,4379,7681,3302,4379,1,71.942,18,normal
1780600511.7592275,61.941088599996874,62101,0.060059,0.003662,1.040772,1.374046,2.175573,-0.755725,1.042509,2.681835,4382,7686,3304,4382,0,71.942,5,normal
1780600511.790732,61.9725929999986,62132,0.036377,-0.043213,1.057373,1.587786,2.748092,-1.076336,1.058881,3.351354,4385,7690,3305,4385,0,71.942,5,normal
1780600511.823014,62.00487520000024,62164,0.045654,-0.031738,1.060791,2.381679,2.885496,-0.152672,1.062247,3.744568,4389,7696,3307,4389,0,71.942,5,normal
1780600511.8531172,62.03497829999833,62195,0.04541,-0.018555,1.043701,0.198473,3.160305,-0.480916,1.044853,3.202843,4390,7698,3308,4390,0,71.942,5,normal
1780600511.8846636,62.06652480000048,62226,0.044434,-0.039062,1.043701,2.412214,2.480916,-0.290076,1.045377,3.472444,4391,7701,3310,4391,1,71.942,18,normal
1780600511.9154298,62.09729089999746,62257,0.027344,-0.00708,1.051025,1.618321,2.816794,-0.618321,1.051405,3.306903,4394,7706,3312,4394,0,71.942,5,normal
1780600511.9445581,62.12641929999518,62287,0.036377,0.006836,1.054932,0.305344,3.129771,-0.641221,1.055581,3.20934,4396,7710,3314,4396,0,71.942,5,normal
1780600511.9766777,62.15853870000865,62318,0.008057,-0.080078,1.031738,2.045802,2.022901,-0.244275,1.034872,2.887404,4397,7713,3316,4397,1,68.1,18,normal
1780600512.0072467,62.18910790000518,62349,0.047363,-0.009277,1.047607,1.267176,2.770992,-0.847328,1.048719,3.162609,4399,7716,3317,4399,0,68.1,5,normal
1780600512.0394042,62.221265400003176,62380,0.028564,-0.046143,1.064209,0.961832,2.587786,-0.854962,1.065592,2.890107,4401,7720,3319,4401,0,68.1,0,normal
1780600512.0689015,62.25076270000136,62411,0.047363,0.005615,1.041504,3.305344,3.656489,-0.282443,1.042595,4.937102,4402,7723,3321,4402,1,68.1,17,normal
1780600512.1000373,62.2818985000049,62442,0.046875,0.004639,1.040772,-0.007634,2.709924,-0.717557,1.041837,2.803326,4405,7728,3323,4405,0,68.1,5,normal
1780600512.130232,62.31209320000198,62472,0.04541,-0.057861,1.064941,1.198473,2.717557,-1.038168,1.067478,3.146307,4408,7732,3324,4408,0,68.1,5,normal
1780600512.1751094,62.35697059999802,62503,0.033447,-0.008789,1.054443,2.854962,3.229008,-0.152672,1.05501,4.312842,4412,7738,3326,4412,0,68.1,5,normal
1780600512.191765,62.3736263000028,62534,0.020508,-0.026123,1.031006,-0.335878,2.480916,-0.671756,1.03154,2.592106,4413,7740,3327,4413,0,68.1,5,normal
1780600512.2224455,62.40430660000129,62565,0.027588,-0.026611,1.052002,2.984733,2.877863,-0.137405,1.0527,4.148446,4414,7742,3328,4414,0,68.1,5,normal
1780600512.2550483,62.43690939999942,62595,0.03833,-0.016602,1.053467,2.053435,3.381679,-0.48855,1.054295,3.986356,4418,7748,3330,4418,0,75.812,6,normal
1780600512.285116,62.4669772000052,62627,0.049805,-0.002441,1.058594,0.48855,3.152672,-0.763359,1.059768,3.280356,4420,7752,3332,4420,0,75.812,5,normal
1780600512.317758,62.49961929999699,62658,0.018799,-0.076416,1.046875,1.938931,2.374046,-0.519084,1.049829,3.108858,4422,7757,3335,4422,1,75.812,14,normal
1780600512.3487887,62.530650000000605,62689,0.051025,-0.012207,1.043701,0.824427,2.236641,-0.80916,1.045019,2.517337,4424,7760,3336,4424,0,75.812,5,normal
1780600512.3788764,62.56073749999632,62720,0.041748,-0.059814,1.059814,0.923664,2.625954,-0.641221,1.062322,2.856564,4426,7764,3338,4426,0,75.812,0,normal
1780600512.4085615,62.59042259999842,62751,0.051514,0.010498,1.052978,2.923664,2.847328,-0.427481,1.05429,4.103392,4428,7767,3339,4428,1,75.812,17,normal
1780600512.4409406,62.62280179999652,62782,0.064941,-0.008789,1.032715,0.282443,2.48855,-0.755725,1.034792,2.616061,4431,7772,3341,4431,0,75.812,5,normal
1780600512.471752,62.653613000002224,62813,0.050537,-0.046631,1.067383,2.076336,2.51145,-1.030534,1.069595,3.417683,4434,7776,3342,4434,0,75.812,5,normal
1780600512.5021777,62.684038799998234,62844,0.046875,-0.027344,1.058106,2.160305,4.076336,-0.465649,1.059496,4.636838,4437,7780,3343,4437,0,75.812,5,normal
1780600512.5324306,62.71429170000192,62875,0.05127,-0.02832,1.051025,0.198473,2.21374,-0.832061,1.052656,2.37326,4438,7782,3344,4438,0,71.429,5,normal
1780600512.565783,62.74764410000353,62906,0.027588,-0.073486,1.045654,2.244275,2.51145,-0.19084,1.048596,3.37351,4439,7785,3346,4439,1,71.429,18,normal
1780600512.5962396,62.778100800001994,62938,0.041504,0.002686,1.05127,1.175572,2.694656,-0.954198,1.052092,3.090896,4442,7790,3348,4442,0,71.429,5,normal
1780600512.6273985,62.809259700006805,62969,0.024658,-0.035156,1.052002,1.007634,2.236641,-0.839695,1.052878,2.59287,4444,7794,3350,4444,0,71.429,5,normal
1780600512.659792,62.84165319999738,63000,0.051514,-0.043945,1.032227,2.908397,3.335878,-0.19084,1.034445,4.429816,4446,7799,3353,4446,1,71.429,14,normal
1780600512.6896882,62.87154930000543,63031,0.02417,0.004883,1.033203,1.045802,2.366412,-0.59542,1.033497,2.654832,4448,7802,3354,4448,0,71.429,5,normal
1780600512.7206974,62.90255860000616,63062,0.050537,-0.044434,1.061523,1.862595,2.29771,-0.885496,1.063654,3.087529,4450,7806,3356,4450,0,71.429,1,normal
1780600512.751313,62.933174100006,63093,0.056152,-0.020508,1.059082,2.931298,3.145038,-0.526718,1.060768,4.33142,4454,7812,3358,4454,0,71.429,6,normal
1780600512.782391,62.9642523000075,63124,0.030029,-0.024414,1.04126,-0.160305,2.870229,-1.076336,1.041979,3.069595,4456,7816,3360,4456,0,71.429,5,normal
1780600512.8142292,62.996090300002834,63155,0.041504,-0.02124,1.061523,2.564885,3.10687,-0.099237,1.062547,4.030028,4457,7818,3361,4457,0,67.857,5,normal
1780600512.8446286,63.02648980000231,63186,0.061035,-0.015381,1.057129,1.679389,2.450382,-0.557252,1.059001,3.022457,4460,7822,3362,4460,0,67.857,5,normal
1780600512.8762043,63.05806540000776,63218,0.034912,-0.003174,1.060547,1.251908,2.435115,-0.778626,1.061126,2.846632,4462,7826,3364,4462,0,67.857,1,normal
1780600512.9075074,63.08936870000616,63249,0.041748,-0.064453,1.042969,2.137405,3.343511,-0.671756,1.045792,4.024776,4463,7829,3366,4463,1,67.857,17,normal
1780600512.9376945,63.11955560000206,63280,0.019531,0.004395,1.035889,1.206107,2.374046,-0.839695,1.036082,2.792109,4466,7834,3368,4466,0,67.857,5,normal
1780600512.969884,63.15174499999557,63311,0.031738,-0.049561,1.076904,1.022901,2.442748,-1.251908,1.078511,2.929269,4469,7838,3369,4469,0,67.857,5,normal
1780600513.0065897,63.18845090000832,63343,0.046631,-0.016357,1.060303,2.633588,3.19084,-0.442748,1.061454,4.160922,4473,7844,3371,4473,0,67.857,5,normal
1780600513.033809,63.21567010000581,63375,0.056396,-0.022217,1.054932,0.709924,2.862595,-0.641221,1.056672,3.018213,4474,7846,3372,4474,0,67.857,5,normal
1780600513.0651016,63.246962899997015,63406,0.032959,-0.070801,1.040527,2.053435,2.396947,-0.068702,1.043454,3.157003,4475,7849,3374,4475,1,71.713,18,normal
1780600513.096267,63.278128200006904,63438,0.039062,-0.006592,1.053711,1.152672,1.961832,-0.732824,1.054455,2.390496,4478,7854,3376,4478,0,71.713,5,normal
1780600513.128339,63.31020010000793,63469,0.016357,-0.035156,1.057617,1.236641,2.007634,-1.007634,1.058328,2.564215,4480,7858,3378,4480,0,71.713,5,normal
1780600513.1582313,63.340092400001595,63500,0.066895,0.005371,1.054443,3.282443,3.251908,-0.129771,1.056577,4.622356,4483,7863,3380,4483,1,71.713,14,normal
1780600513.189526,63.37138720000803,63531,0.064209,-0.012695,1.036377,0.282443,2.519084,-1.160305,1.038442,2.787807,4485,7866,3381,4485,0,71.713,5,normal
1780600513.221358,63.40321920000133,63562,0.049561,-0.052246,1.065674,1.80916,2.625954,-1.076336,1.068104,3.36559,4487,7870,3383,4487,0,71.713,0,normal
1780600513.2528608,63.43472200000542,63593,0.061279,-0.030029,1.060791,2.312977,2.992366,-0.450382,1.062984,3.808801,4490,7874,3384,4490,0,71.713,5,normal
1780600513.2837367,63.465597800008254,63625,0.044678,0.012451,1.056885,0.374046,3.198473,-0.671756,1.057902,3.28959,4492,7878,3386,4492,0,71.713,5,normal
1780600513.314606,63.49646710000525,63656,0.02832,-0.064453,1.042969,2.328244,2.770992,-0.129771,1.045342,3.621596,4493,7881,3388,4493,1,72.0,17,normal
1780600513.3461144,63.527975599994534,63687,0.018311,-0.010254,1.050781,1.145038,2.679389,-0.824427,1.050991,3.028188,4495,7884,3389,4495,0,72.0,5,normal
1780600513.3762891,63.558150199998636,63718,0.053223,-0.012451,1.068115,0.465649,2.648855,-0.778626,1.069513,2.799914,4497,7888,3391,4497,0,72.0,0,normal
1780600513.4082258,63.59008690000337,63749,0.038086,-0.046631,1.032471,2.908397,2.274809,-0.099237,1.034225,3.693694,4498,7891,3393,4498,1,72.0,17,normal
1780600513.4382823,63.62014339999587,63780,0.020508,0.00415,1.032227,1.022901,2.625954,-0.801527,1.032438,2.929916,4501,7896,3395,4501,0,72.0,5,normal
1780600513.469467,63.6513280000072,63811,0.037842,-0.050781,1.067383,1.21374,2.389313,-1.030534,1.06926,2.871234,4504,7900,3396,4504,0,72.0,5,normal
1780600513.5006714,63.68253249999543,63842,0.040771,-0.004639,1.063477,3.015267,3.335878,-0.10687,1.064268,4.497926,4507,7905,3398,4507,1,72.0,14,normal
1780600513.5306096,63.71247080000467,63872,0.053223,-0.015625,1.037598,0.068702,2.717557,-1.160305,1.039079,2.955697,4509,7908,3399,4509,0,72.0,5,normal
1780600513.5618079,63.74366900000314,63903,0.055176,-0.037598,1.068604,2.114504,2.694656,-0.862595,1.070687,3.53219,4510,7910,3400,4510,0,72.0,5,normal
1780600513.5917695,63.77363070000138,63934,0.062988,-0.018799,1.0625,2.633588,2.862595,-0.480916,1.064531,3.919377,4514,7916,3402,4514,0,75.54,5,normal
1780600513.6234124,63.80527359999542,63965,0.041504,0.002441,1.049072,0.206107,2.549618,-0.748092,1.049896,2.665084,4516,7920,3404,4516,0,75.54,5,normal
1780600513.6549625,63.836823599995114,63996,0.048828,-0.031982,1.045898,2.671756,2.450382,-0.114504,1.047526,3.627087,4518,7925,3407,4518,1,75.54,14,normal
1780600513.6862884,63.86814960000629,64028,0.015137,-0.001953,1.048584,1.549618,2.160305,-0.847328,1.048695,2.790376,4520,7928,3408,4520,0,75.54,5,normal
1780600513.7170298,63.89889100000437,64059,0.013428,-0.004639,1.061523,0.671756,2.725191,-0.847328,1.061618,2.931874,4522,7932,3410,4522,0,75.54,0,normal
1780600513.7488372,63.93069839999953,64090,0.052002,-0.016357,1.043701,3.068702,3.549618,-0.19084,1.045124,4.696078,4523,7935,3412,4523,1,75.54,18,normal
1780600513.7785206,63.96038170000247,64121,0.043945,0.015625,1.031006,0.450382,2.29771,-0.732824,1.03206,2.453436,4526,7940,3414,4526,0,75.54,5,normal
1780600513.8114116,63.99327279999852,64152,0.044189,-0.055664,1.067871,1.832061,2.587786,-1.122137,1.070234,3.363373,4527,7942,3415,4527,0,75.54,5,normal
1780600513.8413007,64.02316179999616,64183,0.049072,-0.016113,1.06543,2.877863,3.290076,-0.175573,1.066681,4.374646,4530,7946,3416,4530,0,75.54,5,normal
1780600513.873758,64.0556193000084,64214,0.047119,-0.032715,1.04126,-0.099237,2.916031,-1.015267,1.042839,3.089312,4531,7948,3417,4531,0,60.714,5,normal
1780600513.9044003,64.08626140000706,64245,0.056152,-0.028564,1.043457,2.557252,2.870229,0.21374,1.045357,3.850122,4532,7950,3418,4532,0,60.714,5,normal
1780600513.934545,64.11640630000329,64276,0.031982,-0.005615,1.066894,1.587786,2.870229,-0.992366,1.067388,3.426962,4536,7956,3420,4536,0,60.714,5,normal
1780600513.9660718,64.14793310000096,64307,0.06665,-0.013672,1.05957,0.435114,2.992366,-0.618321,1.061753,3.086406,4538,7960,3422,4538,0,60.714,5,normal
1780600513.996522,64.17838320000737,64338,0.037109,-0.074707,1.040283,1.908397,1.954198,-0.664122,1.043622,2.811037,4540,7965,3425,4540,1,60.714,15,normal
1780600514.0284812,64.21034240000881,64370,0.05249,0.012451,1.041748,0.801527,2.618321,-0.832061,1.043144,2.861883,4542,7968,3426,4542,0,60.714,5,normal
1780600514.0597315,64.24159259999578,64401,0.020996,-0.056885,1.057129,1.229008,2.625954,-1.152672,1.058866,3.120056,4543,7970,3427,4543,0,60.714,5,normal
1780600514.0907505,64.27261149999686,64432,0.038574,-0.006348,1.057373,2.824427,3.40458,-0.21374,1.058095,4.428797,4546,7975,3429,4546,1,60.714,3,normal
1780600514.1363738,64.31823489999806,64462,0.039795,0.005371,1.039307,0.641221,1.854962,-0.816794,1.040082,2.125841,4549,7980,3431,4549,0,60.714,5,normal
1780600514.151291,64.33315210000728,64493,0.060059,-0.062744,1.069336,1.91603,2.625954,-0.908397,1.072858,3.375203,4550,7982,3432,4550,0,68.1,5,normal
1780600514.1825867,64.36444790000678,64524,0.037109,-0.029541,1.061035,2.10687,3.51145,-0.030534,1.062095,4.095134,4553,7986,3433,4553,0,68.1,5,normal
1780600514.214958,64.39681910000218,64556,0.045166,0.010742,1.063232,0.129771,3.381679,-0.580153,1.064245,3.433536,4555,7990,3435,4555,0,68.1,1,normal
1780600514.24543,64.42729110000073,64587,0.047119,-0.050293,1.034424,2.152672,2.931298,0.175573,1.036717,3.641061,4556,7993,3437,4556,1,68.1,18,normal
1780600514.276181,64.45804219999991,64618,0.011719,-0.008545,1.053955,1.305344,3.015267,-0.549618,1.054055,3.331342,4559,7998,3439,4559,0,68.1,5,normal
1780600514.3071196,64.48898069999996,64649,0.042725,-0.023193,1.070557,0.625954,2.778626,-0.877863,1.07166,2.980474,4562,8002,3440,4562,0,68.1,5,normal
1780600514.3385649,64.52042600000277,64680,0.059814,-0.061768,1.032715,2.709924,2.48855,-0.236641,1.036288,3.68681,4563,8005,3442,4563,1,68.1,18,normal
1780600514.36972,64.55158110000775,64711,0.053711,0.008301,1.03833,0.465649,2.442748,-0.969466,1.039751,2.669028,4565,8008,3443,4565,0,68.1,5,normal
1780600514.401238,64.58309919999738,64742,0.056396,-0.064941,1.060547,1.458015,2.183206,-1.167939,1.064029,2.873374,4566,8010,3444,4566,0,68.1,5,normal
1780600514.4315107,64.61337180000555,64773,0.066895,-0.010498,1.059326,2.717557,3.541985,-0.366412,1.061488,4.4794,4569,8015,3446,4569,0,67.857,3,normal
1780600514.4629185,64.64477959999931,64804,0.060547,-0.036621,1.045898,0.030534,2.19084,-1.061069,1.048289,2.434456,4572,8020,3448,4572,0,67.857,5,normal
1780600514.4928153,64.67467629999737,64835,0.045898,-0.023926,1.055176,2.717557,2.778626,-0.641221,1.056444,3.939168,4574,8024,3450,4574,0,67.857,0,normal
1780600514.5245779,64.70643890000065,64866,0.052246,-0.024902,1.062988,2.229008,2.877863,-0.335878,1.064563,3.655596,4577,8028,3451,4577,0,67.857,5,normal
1780600514.5563858,64.73824679999962,64897,0.061523,0.013916,1.06958,0.320611,2.916031,-0.732824,1.071438,3.023749,4578,8030,3452,4578,0,67.857,5,normal
1780600514.586812,64.76867309999943,64928,0.049316,-0.06543,1.049561,2.236641,2.229008,-0.129771,1.052754,3.160361,4580,8035,3455,4580,1,67.857,3,normal
1780600514.6183522,64.80021339999803,64960,0.032227,0.001953,1.057617,1.076336,1.91603,-0.519084,1.05811,2.258123,4583,8040,3457,4583,0,67.857,5,normal
1780600514.6488464,64.83070760000555,64990,0.032959,-0.040283,1.060791,0.839695,2.374046,-0.946565,1.062067,2.690198,4584,8042,3458,4584,0,67.857,5,normal
1780600514.679986,64.86184710000816,65021,0.070801,-0.04126,1.037109,2.862595,3.648855,-0.099237,1.040342,4.638797,4585,8045,3460,4585,1,67.857,18,normal
1780600514.709084,64.89094530000875,65052,0.04541,0.001221,1.052246,0.740458,2.29771,-1.160305,1.053226,2.678443,4588,8050,3462,4588,0,68.1,0,normal
1780600514.7408123,64.92267339999671,65082,0.055664,-0.060791,1.063232,1.122137,2.290076,-1.312977,1.066423,2.868371,4589,8052,3463,4589,0,68.1,5,normal
1780600514.7718623,64.95372340000176,65114,0.044189,-0.004639,1.047607,2.816794,3.122137,-0.358779,1.048549,4.220284,4593,8058,3465,4593,0,68.1,5,normal
1780600514.8037307,64.98559179999575,65145,0.039307,-0.029053,1.04248,-0.160305,3.015267,-0.977099,1.043626,3.173682,4595,8062,3467,4595,0,68.1,5,normal
1780600514.8344014,65.01626250000845,65176,0.048584,-0.023926,1.054443,3.030534,3.068702,-0.442748,1.055833,4.335562,4597,8066,3469,4597,0,68.1,1,normal
1780600514.8639383,65.04579940000258,65207,0.034424,0.004395,1.050537,2.19084,3.10687,-0.152672,1.05111,3.804698,4600,8070,3470,4600,0,68.1,4,normal
1780600514.895402,65.07726320000074,65237,0.073486,-0.002197,1.05249,0.374046,3.122137,-0.549618,1.055055,3.192136,4601,8072,3471,4601,0,68.1,5,normal
1780600514.9269598,65.10882100000163,65268,0.020508,-0.074707,1.051758,2.458015,2.412214,-0.114504,1.054607,3.445827,4603,8077,3474,4603,1,68.1,4,normal
1780600514.9587357,65.14059690000431,65300,0.033447,-0.006592,1.044922,1.244275,2.503817,-0.419847,1.045478,2.827294,4606,8082,3476,4606,0,68.1,5,normal
1780600514.9902198,65.17208109999774,65331,0.004395,-0.048096,1.059082,0.40458,2.229008,-0.748092,1.060183,2.38575,4608,8086,3478,4608,0,71.685,1,normal
1780600515.0204833,65.20234440000786,65362,0.031982,-0.011719,1.041504,2.80916,3.221374,-0.022901,1.042061,4.274244,4609,8089,3480,4609,1,71.685,17,normal
1780600515.0512857,65.23314690000552,65393,0.018066,0.013184,1.032959,0.312977,2.496183,-1.022901,1.033201,2.715734,4612,8094,3482,4612,0,71.685,1,normal
1780600515.0833457,65.26520680000249,65424,0.037354,-0.040283,1.059082,2.099237,2.503817,-1.045802,1.060506,3.430684,4615,8098,3483,4615,0,71.685,1,normal
1780600515.114695,65.29655630000343,65456,0.079834,-0.035645,1.062256,2.083969,3.496183,-0.221374,1.065848,4.076178,4619,8104,3485,4619,0,71.685,5,normal
1780600515.1459076,65.32776870000816,65487,0.071045,-0.012695,1.051758,0.656489,2.839695,-0.557252,1.054231,2.967385,4620,8106,3486,4620,0,71.685,5,normal
1780600515.1757443,65.35760550000123,65518,0.025635,-0.072754,1.045166,2.381679,2.259542,-0.007634,1.048009,3.282984,4621,8109,3488,4621,1,71.685,18,normal
1780600515.208148,65.39000909999595,65549,0.025391,0.000488,1.053955,1.160305,1.992366,-0.816794,1.054261,2.446014,4624,8114,3490,4624,0,71.685,1,normal
1780600515.2389646,65.42082569999911,65580,0.056396,-0.018799,1.068604,0.625954,2.793893,-1.374046,1.070256,3.175793,4625,8116,3491,4625,0,71.685,5,normal
1780600515.2698467,65.45170790000702,65611,0.063721,-0.072998,1.041992,2.312977,3.083969,-0.381679,1.046488,3.873811,4627,8121,3494,4627,1,67.857,3,normal
1780600515.3000238,65.48188500000106,65642,0.056885,-0.01001,1.051514,0.954198,1.961832,-0.587786,1.053099,2.259374,4630,8126,3496,4630,0,67.857,5,normal
1780600515.331031,65.51289230000111,65673,0.043945,-0.059326,1.061279,1.229008,2.389313,-1.381679,1.063844,3.02131,4632,8130,3498,4632,0,67.857,0,normal
1780600515.3627465,65.54460760000802,65704,0.033203,-0.016602,1.066162,2.961832,3.343511,-0.29771,1.066808,4.476622,4635,8134,3499,4635,0,67.857,5,normal
1780600515.3950093,65.57687050000823,65736,0.067871,-0.008545,1.056885,0.167939,3.206107,-0.526718,1.059096,3.253422,4636,8136,3500,4636,0,67.857,5,normal
1780600515.4248312,65.60669230000349,65767,0.068359,-0.041992,1.044922,3.122137,2.984733,-0.114504,1.047997,4.32082,4638,8140,3502,4638,0,67.857,0,normal
1780600515.4564633,65.63832450000336,65798,0.049805,-0.006348,1.061523,1.687023,2.503817,-0.732824,1.06271,3.106795,4642,8146,3504,4642,0,67.857,5,normal
1780600515.4870415,65.66890269999567,65829,0.04834,-0.004395,1.066406,0.824427,2.78626,-0.389313,1.06751,2.931636,4643,8148,3505,4643,0,67.857,5,normal
1780600515.5190353,65.70089639999787,65860,0.074463,-0.064697,1.046631,2.465649,2.480916,-0.450382,1.051269,3.526643,4644,8151,3507,4644,1,67.857,18,normal
1780600515.5497384,65.73159949999535,65891,0.065918,-0.013184,1.049805,0.992366,2.122137,-0.656489,1.051955,2.432948,4648,8156,3508,4648,0,75.0,1,normal
1780600515.5806718,65.76253300000099,65923,0.04126,-0.056396,1.07251,1.053435,2.763359,-0.709924,1.074784,3.04136,4649,8158,3509,4649,0,75.0,4,normal
1780600515.6104875,65.792348700008,65953,0.05127,-0.007324,1.050049,2.938931,3.618321,-0.40458,1.051325,4.679022,4652,8163,3511,4652,1,75.0,3,normal
1780600515.6417518,65.82361300000048,65983,0.038086,0.010498,1.043457,0.664122,2.259542,-0.618321,1.044205,2.434935,4654,8166,3512,4654,0,75.0,5,normal
1780600515.6723528,65.85421390000556,66014,0.033447,-0.05835,1.063965,1.381679,2.580153,-1.221374,1.066088,3.171432,4655,8168,3513,4655,0,75.0,5,normal
1780600515.7038221,65.88568340000347,66045,0.033447,-0.004395,1.056396,2.854962,3.687023,-0.030534,1.056935,4.663248,4658,8172,3514,4658,0,75.0,5,normal
1780600515.7343094,65.91617070000211,66076,0.015625,-0.025146,1.040039,-0.427481,2.10687,-1.091603,1.04046,2.411066,4659,8174,3515,4659,0,75.0,5,normal
1780600515.7646897,65.94655090000015,66107,0.057129,-0.032227,1.044189,2.992366,2.908397,-0.282443,1.046248,4.18244,4661,8178,3517,4661,0,75.0,1,normal
1780600515.796516,65.97837720000825,66137,0.042236,-0.03418,1.070557,2.366412,3.137405,-0.099237,1.071934,3.931038,4665,8184,3519,4665,0,75.0,6,normal
1780600515.8265398,66.00840079999762,66168,0.037842,-0.025146,1.037598,0.259542,2.78626,-0.977099,1.038592,2.964006,4667,8188,3521,4667,0,68.592,1,normal
1780600515.857905,66.03976600000169,66199,0.037598,-0.068359,1.043213,2.526718,2.954198,-0.679389,1.046126,3.946284,4668,8191,3523,4668,1,68.592,18,normal
1780600515.887995,66.06985620000341,66230,0.016846,-0.006104,1.052246,1.19084,2.664122,-0.793893,1.052399,3.024221,4670,8194,3524,4670,0,68.592,5,normal
1780600515.9196203,66.10148150000896,66261,0.031006,-0.001953,1.070312,0.80916,2.832061,-1.015267,1.070763,3.115458,4671,8196,3525,4671,0,68.592,5,normal
1780600515.9500985,66.13195969999651,66292,0.041504,-0.07666,1.037842,2.625954,2.59542,-0.076336,1.041496,3.692921,4673,8203,3530,4673,1,68.592,3,normal
1780600515.9818358,66.16369709999708,66323,0.034912,0.004395,1.04248,0.877863,2.312977,-0.396947,1.043074,2.505608,4675,8206,3531,4675,0,68.592,5,normal
1780600516.0133514,66.19521259999601,66354,0.020264,-0.049561,1.067627,1.251908,2.633588,-0.854962,1.068969,3.038753,4676,8208,3532,4676,0,68.592,5,normal
1780600516.0452435,66.22710459999507,66386,0.044922,-0.033447,1.068115,2.427481,3.389313,-0.534351,1.069582,4.203051,4679,8212,3533,4679,0,68.592,5,normal
1780600516.092623,66.27448409999488,66418,0.050781,0.008545,1.063965,0.358779,3.129771,-0.59542,1.06521,3.206043,4682,8216,3534,4682,0,60.0,5,normal
1780600516.1076536,66.28951470000902,66449,0.029785,-0.068848,1.047852,2.419847,2.343511,-0.10687,1.050533,3.37033,4684,8221,3537,4684,1,60.0,3,normal
1780600516.137182,66.3190431999974,66480,0.009277,0.003418,1.050781,1.442748,2.641221,-0.564886,1.050828,3.062134,4687,8226,3539,4687,0,60.0,5,normal
1780600516.1678421,66.34970340000291,66510,0.080322,-0.002441,1.063477,0.78626,2.625954,-0.900763,1.066508,2.885344,4689,8230,3541,4689,0,60.0,0,normal
1780600516.1990554,66.38091659999918,66541,0.037354,-0.065674,1.040772,2.59542,2.320611,-0.068702,1.04351,3.482264,4690,8233,3543,4690,1,60.0,19,normal
1780600516.230592,66.41245309999795,66572,0.023926,-0.011963,1.05542,0.954198,2.122137,-0.748092,1.055759,2.444095,4692,8236,3544,4692,0,60.0,5,normal
1780600516.2612035,66.44306479999796,66603,0.029053,-0.051758,1.065186,0.755725,2.381679,-0.427481,1.066838,2.535006,4693,8238,3545,4693,0,60.0,5,normal
1780600516.291922,66.47378319999552,66634,0.0625,-0.014893,1.041748,2.824427,3.816794,-0.419847,1.043727,4.766716,4698,8245,3547,4698,1,60.0,3,normal
1780600516.32214,66.5040011999954,66664,0.059082,0.006348,1.041016,0.580153,2.358779,-0.847328,1.04271,2.572621,4701,8250,3549,4701,0,60.0,0,normal
1780600516.3534763,66.53533739999693,66695,0.060791,-0.068604,1.082031,1.122137,2.419847,-0.80916,1.085907,2.787399,4702,8252,3550,4702,0,72.202,5,normal
1780600516.3847272,66.56658850000531,66726,0.052002,-0.010742,1.052978,3.129771,3.374046,-0.473282,1.054316,4.626408,4705,8256,3551,4705,0,72.202,5,normal
1780600516.4169095,66.59877060000144,66758,0.01416,-0.022217,1.057373,0.022901,2.534351,-0.740458,1.057701,2.640405,4708,8260,3552,4708,0,72.202,4,normal
1780600516.4480305,66.6298916000087,66789,0.041016,-0.039062,1.049561,2.923664,2.641221,0.076336,1.051088,3.940772,4710,8266,3556,4710,0,72.202,1,normal
1780600516.4788973,66.66075840000121,66820,0.01416,-0.003662,1.038574,1.183206,2.793893,-0.664122,1.038677,3.105942,4713,8270,3557,4713,0,72.202,5,normal
1780600516.508768,66.69062930000655,66851,0.047363,0.004883,1.06543,0.450382,3.328244,-0.954198,1.066493,3.491496,4714,8272,3558,4714,0,72.202,5,normal
1780600516.5409703,66.72283149999566,66882,0.058594,-0.07666,1.048828,2.236641,3.145038,-0.351145,1.053257,3.875194,4715,8275,3560,4715,1,72.202,18,normal
1780600516.5717156,66.75357680000889,66913,0.018066,0.002197,1.040527,1.312977,2.458015,-0.687023,1.040686,2.870148,4719,8280,3561,4719,0,72.202,5,normal
1780600516.6031024,66.78496370000357,66944,-0.002441,-0.050293,1.04834,0.938931,2.557252,-0.832061,1.049548,2.848413,4720,8282,3562,4720,0,72.202,5,normal
1780600516.6341372,66.81599830000778,66975,0.05127,-0.01123,1.053467,3.099237,2.839695,0.061069,1.054773,4.203911,4725,8289,3564,4725,1,82.143,4,normal
1780600516.665265,66.84712629999558,67006,0.054688,-0.024902,1.034912,-0.167939,1.778626,-1.167939,1.036655,2.134431,4728,8294,3566,4728,0,82.143,0,normal
1780600516.696384,66.8782452000014,67037,0.030273,-0.015137,1.051025,2.48855,2.541985,-0.503817,1.05157,3.592826,4729,8296,3567,4729,0,82.143,5,normal
1780600516.7286243,66.91048550000414,67069,0.015869,-0.011963,1.043457,1.541985,2.832061,-0.656489,1.043646,3.290785,4732,8300,3568,4732,0,82.143,5,normal
1780600516.7598057,66.94166690000566,67101,0.050781,-0.009766,1.069336,0.687023,3.114504,-1.152672,1.070586,3.391281,4733,8302,3569,4733,0,82.143,5,normal
1780600516.7916517,66.9735129000037,67132,0.060303,-0.075684,1.042236,3.022901,2.541985,-0.374046,1.046719,3.967307,4735,8309,3574,4735,1,82.143,3,normal
1780600516.8209705,67.00283169999602,67163,0.024902,-0.006592,1.039307,0.59542,2.259542,-0.801527,1.039626,2.470324,4737,8312,3575,4737,0,82.143,5,normal
1780600516.857063,67.03892410000844,67200,0.066406,-0.070312,1.0625,1.053435,2.870229,-0.793893,1.066893,3.15883,4738,8315,3577,4738,1,82.143,19,normal
1780600516.8897033,67.07156440000108,67231,0.05249,0.001953,1.046387,0.641221,2.274809,-0.564886,1.047704,2.430024,4742,8320,3578,4742,0,66.406,0,normal
1780600516.9213445,67.10320569999749,67262,0.033203,-0.067871,1.069824,1.183206,2.328244,-0.977099,1.072489,2.788444,4743,8322,3579,4743,0,66.406,5,normal
1780600516.9520636,67.13392480000039,67293,0.059326,0.010254,1.059814,3.137405,3.045802,-0.19084,1.061523,4.376829,4746,8327,3581,4746,1,66.406,3,normal
1780600516.9832377,67.16509900000528,67324,0.022461,-0.012207,1.025146,-0.473282,2.916031,-0.900763,1.025465,3.088463,4748,8330,3582,4748,0,66.406,5,normal
1780600517.02595,67.20781100000022,67355,0.03125,-0.015137,1.042725,2.580153,2.80916,-0.343511,1.043302,3.829696,4749,8332,3583,4749,0,66.406,5,normal
1780600517.044042,67.22590320000018,67386,0.041016,-0.008545,1.060303,2.259542,3.068702,-0.412214,1.06113,3.833064,4752,8336,3584,4752,0,66.406,5,normal
1780600517.0748668,67.25672800000757,67416,0.040527,-0.017334,1.041748,-0.389313,2.938931,-1.229008,1.04268,3.209258,4753,8338,3585,4753,0,66.406,5,normal
1780600517.1057081,67.28756929999508,67447,0.068359,-0.04541,1.040772,3.167939,3.0,-0.320611,1.044002,4.374772,4755,8342,3587,4755,0,66.406,1,normal
1780600517.1353118,67.3171730000031,67477,0.05249,-0.021729,1.047852,2.0,2.977099,-0.305344,1.04939,3.599494,4759,8348,3589,4759,0,66.406,5,normal
1780600517.1663659,67.34822709999571,67508,0.049805,0.000732,1.059082,-0.175573,2.946565,-0.961832,1.060253,3.104544,4761,8352,3591,4761,0,68.592,0,normal
1780600517.198746,67.3806070999999,67539,0.040283,-0.096191,1.036133,2.587786,3.206107,-0.526718,1.041368,4.153696,4762,8355,3593,4762,1,68.592,18,normal
1780600517.229387,67.41124830000626,67571,0.027344,-0.000244,1.029053,0.587786,2.473282,-0.29771,1.029416,2.559541,4766,8360,3594,4766,0,68.592,0,normal
1780600517.2609143,67.44277560000774,67602,0.03125,-0.060547,1.056641,0.832061,2.725191,-0.89313,1.058835,2.98608,4767,8362,3595,4767,0,68.592,5,normal
1780600517.2913651,67.47322620000341,67633,0.043701,0.010254,1.059082,3.435115,2.770992,-0.236641,1.060033,4.419775,4772,8369,3597,4772,1,68.592,4,normal
1780600517.3224592,67.50432029999502,67664,0.029297,-0.02417,1.033203,-0.442748,2.954198,-0.923664,1.033901,3.126734,4774,8372,3598,4774,0,68.592,5,normal
1780600517.3545926,67.53645369999867,67695,0.023926,-0.02124,1.050537,2.946565,2.78626,-0.48855,1.051024,4.084626,4775,8374,3599,4775,0,68.592,5,normal
1780600517.3865235,67.56838470000366,67727,0.02124,-0.007324,1.039795,1.603053,2.282443,-0.732824,1.040038,2.883809,4778,8378,3600,4778,0,68.592,5,normal
1780600517.4170196,67.59888079999655,67758,0.075439,-0.018311,1.067871,0.351145,2.961832,-0.78626,1.070689,3.08447,4781,8382,3601,4781,0,80.0,5,normal
1780600517.446669,67.6285302000033,67788,0.035889,-0.078125,1.042969,2.648855,3.10687,-0.160305,1.046506,4.085924,4783,8387,3604,4783,1,80.0,3,normal
1780600517.4763157,67.65817680000328,67819,0.01709,0.015381,1.048584,1.694656,2.40458,-0.977099,1.048836,3.099772,4786,8392,3606,4786,0,80.0,5,normal
1780600517.5077894,67.68965060000482,67849,0.037842,-0.003906,1.068359,0.732824,2.778626,-0.847328,1.069036,2.995957,4788,8396,3608,4788,0,80.0,0,normal
1780600517.538289,67.72015019999526,67879,0.038086,-0.093262,1.031738,2.89313,2.358779,-0.351145,1.036645,3.749312,4789,8399,3610,4789,1,80.0,18,normal
1780600517.5689452,67.75080639999942,67910,0.048584,0.005859,1.038818,1.259542,2.709924,-0.938931,1.03997,3.132367,4791,8402,3611,4791,0,80.0,5,normal
1780600517.599559,67.78142020000087,67940,0.05542,-0.01123,1.069092,0.51145,3.435115,-0.709924,1.070586,3.544797,4792,8404,3612,4792,0,80.0,5,normal
1780600517.6305177,67.81237880000845,67971,0.023682,-0.083008,1.035156,2.824427,3.083969,-0.351145,1.038749,4.196613,4794,8411,3617,4794,1,80.0,4,normal
1780600517.66061,67.84247119999782,68002,0.064453,0.003418,1.042725,0.839695,2.480916,-0.480916,1.04472,2.662952,4796,8414,3618,4796,0,80.0,5,normal
1780600517.692135,67.87399619999633,68032,0.013184,-0.044922,1.070557,0.816794,2.534351,-1.335878,1.07158,2.979036,4797,8416,3619,4797,0,58.394,5,normal
1780600517.7225628,67.9044239000068,68064,0.04541,-0.00293,1.061768,3.206107,3.335878,0.10687,1.062742,4.628026,4799,8419,3620,4799,0,58.394,17,normal
1780600517.7540874,67.93594860000303,68095,0.042236,-0.013916,1.046143,-0.755725,2.229008,-1.267176,1.047087,2.673075,4803,8424,3621,4803,0,58.394,5,normal
1780600517.7862194,67.96808059999603,68126,0.055908,-0.02417,1.062744,2.557252,2.770992,-0.236641,1.064488,3.778086,4806,8428,3622,4806,0,58.394,0,normal
1780600517.8173964,67.99925750000693,68157,0.057129,-0.027832,1.063232,2.114504,2.366412,-0.374046,1.06513,3.195457,4810,8434,3624,4810,0,58.394,5,normal
1780600517.8478472,68.02970830000413,68189,0.037109,0.008545,1.06958,0.21374,3.122137,-0.969466,1.070258,3.27617,4812,8438,3626,4812,0,58.394,0,normal
1780600517.8787193,68.0605804000079,68219,0.023438,-0.085938,1.042969,2.740458,2.381679,-0.198473,1.046766,3.636193,4813,8441,3628,4813,1,58.394,18,normal
1780600517.908407,68.09026810000069,68250,0.043457,0.013184,1.040039,1.129771,2.557252,-0.709924,1.04103,2.884426,4815,8444,3629,4815,0,58.394,5,normal
1780600517.940238,68.12209920000168,68281,0.053711,-0.025146,1.064941,0.274809,2.946565,-1.114504,1.066592,3.162259,4816,8446,3630,4816,0,58.394,5,normal
1780600517.9695363,68.15139739999722,68312,0.030762,-0.008789,1.041504,3.778626,2.305344,-0.503817,1.041995,4.454936,4818,8453,3635,4818,1,75.0,3,normal
1780600518.0011935,68.18305469999905,68342,0.052246,-0.010986,1.033691,0.816794,2.534351,-0.496183,1.035069,2.708558,4820,8456,3636,4820,0,75.0,5,normal
1780600518.0319202,68.21378130000085,68373,0.033936,-0.072266,1.067139,0.969466,2.465649,-1.114504,1.070121,2.874266,4821,8458,3637,4821,0,75.0,5,normal
1780600518.0637314,68.2455925999966,68405,0.046143,0.000732,1.06543,3.015267,3.480916,-0.175573,1.066429,4.608626,4824,8462,3638,4824,0,75.0,5,normal
1780600518.09629,68.27815130000818,68436,0.020508,-0.031006,1.032959,-0.824427,2.770992,-1.267176,1.033628,3.156551,4827,8466,3639,4827,0,75.0,5,normal
1780600518.1308193,68.31268040000577,68468,0.05957,-0.059082,1.034912,2.618321,1.992366,-0.435114,1.038307,3.318802,4829,8471,3642,4829,1,75.0,4,normal
1780600518.1569653,68.33882639999501,68499,0.047119,-0.007568,1.055664,1.732824,1.984733,-0.832061,1.056742,2.763,4832,8476,3644,4832,0,75.0,5,normal
1780600518.1883368,68.37019810000493,68530,0.042236,-0.030273,1.072266,0.51145,2.549618,-0.725191,1.073524,2.699636,4834,8480,3646,4834,0,75.0,1,normal
1780600518.2188342,68.40069530000619,68561,0.058105,-0.062744,1.053955,2.412214,3.358779,-0.465649,1.057419,4.16137,4835,8483,3648,4835,1,75.0,17,normal
1780600518.2496438,68.43150489999971,68591,0.03125,0.013428,1.046631,0.992366,2.328244,-1.091603,1.047183,2.756286,4837,8486,3649,4837,0,68.1,5,normal
1780600518.2813225,68.46318370000517,68622,0.015381,-0.046387,1.065674,0.580153,2.458015,-0.946565,1.066794,2.69711,4838,8488,3650,4838,0,68.1,5,normal
1780600518.3111749,68.49303599999985,68653,0.052734,0.006592,1.053223,3.717557,2.900763,0.015267,1.054563,4.715389,4843,8495,3652,4843,1,68.1,3,normal
1780600518.3424516,68.52431280000019,68684,0.053467,-0.00293,1.028809,-0.091603,2.503817,-0.916031,1.030201,2.667696,4846,8500,3654,4846,0,68.1,1,normal
1780600518.372993,68.55485410000256,68714,0.026855,-0.062988,1.059082,1.076336,2.801527,-1.183206,1.061293,3.225993,4847,8502,3655,4847,0,68.1,5,normal
1780600518.4044921,68.58635320000758,68745,0.0354,-0.001709,1.062988,3.290076,3.633588,-0.206107,1.063579,4.906123,4850,8506,3656,4850,0,68.1,5,normal
1780600518.4346535,68.61651459999848,68776,0.027588,-0.02832,1.033691,-0.778626,3.076336,-1.137405,1.034447,3.371022,4853,8510,3657,4853,0,68.1,5,normal
1780600518.467044,68.64890529999684,68807,0.04248,-0.029541,1.044189,2.824427,3.015267,-0.053435,1.045471,4.131838,4855,8514,3659,4855,0,68.1,1,normal
1780600518.4959106,68.6777718999947,68838,0.025146,-0.006104,1.062256,2.40458,2.832061,-0.740458,1.062571,3.788252,4858,8518,3660,4858,0,68.1,5,normal
1780600518.5267422,68.7086033999949,68868,0.037842,-0.020508,1.043945,-0.328244,2.916031,-0.778626,1.044832,3.03599,4859,8520,3661,4859,0,79.422,5,normal
1780600518.5592127,68.74107390000427,68899,0.0271,-0.048828,1.044189,2.816794,2.778626,0.160305,1.045682,3.959898,4860,8523,3663,4860,1,79.422,18,normal
1780600518.5894516,68.77131280000322,68930,0.028076,-0.000977,1.053467,1.923664,2.610687,-0.48855,1.053841,3.279459,4862,8526,3664,4862,0,79.422,5,normal
1780600518.620666,68.80252710000786,68961,0.035645,0.003174,1.067139,0.51145,2.977099,-1.08397,1.067738,3.209313,4863,8528,3665,4863,0,79.422,5,normal
1780600518.6518178,68.83367890000227,68992,0.037354,-0.087158,1.04248,2.625954,3.290076,-0.320611,1.046784,4.221733,4865,8535,3670,4865,1,79.422,3,normal
1780600518.682764,68.86462510000274,69023,0.026123,0.010498,1.028809,0.824427,2.694656,-0.618321,1.029194,2.884991,4868,8540,3672,4868,0,79.422,1,normal
1780600518.7141237,68.89598480000859,69054,0.017334,-0.053467,1.057617,0.89313,2.51145,-0.938931,1.05911,2.826067,4869,8542,3673,4869,0,79.422,5,normal
1780600518.745272,68.92713310000545,69085,0.059326,-0.012451,1.05835,3.465649,3.48855,-0.320611,1.060084,4.927828,4871,8545,3674,4871,0,79.422,16,normal
1780600518.7762234,68.95808470000338,69117,0.046387,-0.017334,1.055176,-0.114504,2.465649,-0.954198,1.056337,2.646324,4875,8550,3675,4875,0,79.422,5,normal
1780600518.8063943,68.98825560000842,69148,0.057617,-0.040039,1.038574,3.19084,2.40458,-0.251908,1.040942,4.003364,4877,8556,3679,4877,0,64.286,0,normal
1780600518.8377857,69.0196469000075,69178,0.0354,-0.025391,1.061035,2.10687,2.427481,-0.70229,1.061929,3.290103,4880,8560,3680,4880,0,64.286,5,normal
1780600518.8684404,69.05030149999948,69210,0.06665,-0.013184,1.065674,0.251908,3.29771,-0.648855,1.067837,3.370365,4881,8562,3681,4881,0,64.286,5,normal
1780600518.900267,69.08212809999532,69241,0.039062,-0.070801,1.027344,2.656489,2.854962,-0.10687,1.030521,3.901174,4882,8565,3683,4882,1,64.286,18,normal
1780600518.9332542,69.11511539999628,69273,0.064941,0.003418,1.034912,0.312977,2.793893,-0.801527,1.036953,2.923395,4886,8570,3684,4886,0,64.286,5,normal
1780600518.96383,69.14569109999866,69304,0.030029,-0.067627,1.057861,1.770992,2.305344,-0.961832,1.060446,3.062049,4888,8574,3686,4888,0,64.286,1,normal
1780600518.9949868,69.17684800000279,69336,0.016357,-0.028564,1.067871,2.29771,2.885496,-0.167939,1.068378,3.692392,4892,8580,3688,4892,0,64.286,5,normal
1780600519.0340831,69.21594419999747,69367,0.04834,-0.00708,1.046143,-0.465649,2.763359,-0.80916,1.047283,2.9168,4894,8584,3690,4894,0,64.286,0,normal
1780600519.057313,69.23917410000286,69397,0.038574,-0.040283,1.040039,3.312977,2.725191,0.221374,1.041534,4.29552,4895,8586,3691,4895,0,64.286,5,normal
1780600519.0886235,69.27048459999787,69429,0.022949,0.01416,1.047607,1.763359,2.946565,-0.732824,1.047954,3.511226,4898,8590,3692,4898,0,74.733,5,normal
1780600519.120723,69.3025842000061,69461,0.051514,-0.054443,1.062988,0.70229,2.389313,-1.007634,1.065627,2.686513,4899,8592,3693,4899,0,74.733,5,normal
1780600519.1517825,69.33364359999541,69493,0.052979,-0.009033,1.056641,3.389313,3.465649,-0.022901,1.058006,4.847544,4904,8599,3695,4904,1,74.733,3,normal
1780600519.1835833,69.36544449999928,69524,0.021973,-0.012207,1.038574,-0.549618,3.282443,-1.206107,1.038878,3.539944,4906,8602,3696,4906,0,74.733,5,normal
1780600519.2151556,69.39701670000795,69556,0.060059,-0.032959,1.034668,3.175573,2.854962,-0.114504,1.036934,4.271789,4907,8604,3697,4907,0,74.733,5,normal
1780600519.2466202,69.42848139999842,69587,0.041504,-0.017822,1.051758,2.259542,2.862595,-0.664122,1.052727,3.706891,4910,8608,3698,4910,0,74.733,5,normal
1780600519.2771626,69.45902379999461,69618,0.052246,0.004883,1.060303,-0.061069,2.458015,-1.244275,1.0616,2.755683,4913,8612,3699,4913,0,74.733,5,normal
1780600519.3090677,69.49092900000687,69649,0.034912,-0.094482,1.029297,3.259542,3.419847,-0.381679,1.034214,4.739794,4915,8617,3702,4915,1,74.733,3,normal
1780600519.3385186,69.52037980000023,69680,0.073975,-0.009521,1.040527,0.908397,2.885496,-0.877863,1.043197,3.149907,4919,8622,3703,4919,0,83.665,5,normal
1780600519.3708847,69.55274569999892,69711,0.045898,-0.061035,1.069824,0.854962,2.320611,-0.938931,1.072546,2.645333,4921,8626,3705,4921,0,83.665,0,normal
1780600519.3999074,69.58176860000822,69742,0.049072,-0.012695,1.069092,3.40458,3.40458,-0.21374,1.070293,4.819545,4923,8629,3706,4923,1,83.665,17,normal
1780600519.4306738,69.61253500000748,69772,0.055908,0.009277,1.048096,0.671756,2.580153,-0.900763,1.049627,2.814217,4925,8632,3707,4925,0,83.665,5,normal
1780600519.461976,69.64383729999827,69803,0.043701,-0.069092,1.065918,1.091603,2.526718,-1.160305,1.069048,2.987006,4927,8636,3709,4927,0,83.665,1,normal
1780600519.4931848,69.67504600000393,69834,0.056396,-0.012695,1.05835,3.503817,3.625954,0.267176,1.059927,5.049322,4931,8642,3711,4931,0,83.665,5,normal
1780600519.5246468,69.70650800000294,69865,0.031738,-0.023682,1.046387,-0.70229,2.984733,-1.198473,1.047136,3.292139,4932,8644,3712,4932,0,83.665,5,normal
1780600519.5548751,69.73673630000849,69896,0.063721,-0.037842,1.053711,2.740458,3.083969,-0.282443,1.056314,4.135306,4933,8646,3713,4933,0,83.665,5,normal
1780600519.5862944,69.76815550000174,69927,0.048584,-0.025391,1.060547,1.908397,2.78626,-0.687023,1.061963,3.446335,4936,8650,3714,4936,0,83.665,5,normal
1780600519.6166651,69.79852630000096,69958,0.041992,0.004639,1.076904,0.496183,2.21374,-0.770992,1.077733,2.396095,4939,8654,3715,4939,0,71.942,5,normal
1780600519.6481807,69.83004179999989,69989,0.049072,-0.092773,1.037109,2.740458,2.862595,-0.206107,1.042406,3.968254,4941,8659,3718,4941,1,71.942,4,normal
1780600519.6792486,69.86110979999648,70020,0.062988,0.005371,1.050293,1.343511,2.320611,-0.709924,1.052194,2.773851,4943,8662,3719,4943,0,71.942,5,normal
1780600519.7113302,69.89319129999785,70051,0.042969,-0.055908,1.061035,0.877863,2.427481,-1.374046,1.063376,2.924262,4944,8664,3720,4944,0,71.942,5,normal
1780600519.7424653,69.92432639999606,70083,0.03418,-0.002441,1.062988,3.320611,3.633588,-0.068702,1.06354,4.922818,4946,8667,3721,4946,1,71.942,17,normal
1780600519.7748623,69.9567234999995,70114,0.02832,-0.020752,1.034668,-0.328244,2.137405,-1.137405,1.035263,2.443344,4948,8670,3722,4948,0,71.942,5,normal
1780600519.8054066,69.9872677999956,70146,0.06958,-0.042969,1.041504,3.007634,2.946565,-0.068702,1.04471,4.211036,4950,8674,3724,4950,0,71.942,0,normal
1780600519.8374496,70.01931060000788,70177,0.037109,-0.01001,1.070068,1.725191,2.526718,-0.839695,1.070758,3.172644,4954,8680,3726,4954,0,71.942,5,normal
1780600519.8665454,70.04840660000627,70208,0.069824,0.003174,1.064941,0.221374,2.458015,-0.717557,1.067233,2.570162,4956,8684,3728,4956,0,68.0,1,normal
1780600519.898454,70.08031499999925,70239,0.045166,-0.081787,1.029297,2.541985,2.076336,-0.541985,1.033528,3.326651,4957,8687,3730,4957,1,68.0,17,normal
1780600519.9292254,70.111086600009,70270,0.04541,-0.001709,1.042236,1.167939,2.152672,-0.717557,1.043226,2.552051,4960,8692,3732,4960,0,68.0,1,normal
1780600519.9619231,70.14378420000139,70301,0.045654,-0.060059,1.060303,1.08397,2.312977,-1.259542,1.062983,2.848034,4961,8694,3733,4961,0,68.0,5,normal
1780600519.9903266,70.17218789999606,70332,0.064453,-0.025635,1.05249,3.480916,2.969466,-0.007634,1.054773,4.57543,4966,8701,3735,4966,1,68.0,3,normal
1780600520.020837,70.20269819999521,70362,0.05835,0.011963,1.039062,0.954198,2.320611,-0.450382,1.040768,2.54923,4968,8704,3736,4968,0,68.0,5,normal
1780600520.0529788,70.23484000000462,70393,0.054199,-0.060059,1.068848,1.427481,2.076336,-1.458015,1.071905,2.91113,4969,8706,3737,4969,0,68.0,5,normal
1780600520.0919144,70.27377549999801,70424,0.035889,-0.011963,1.057129,3.328244,3.694656,-0.114504,1.057806,4.974014,4971,8709,3738,4971,1,68.0,17,normal
1780600520.1138701,70.29573140000866,70455,0.048828,-0.026611,1.046875,-0.557252,2.0,-1.603053,1.048351,2.623034,4975,8714,3739,4975,0,68.0,5,normal
1780600520.1447713,70.32663239999965,70485,0.024414,-0.022949,1.047852,2.175573,3.152672,-0.969466,1.048387,3.951243,4978,8718,3740,4978,0,79.422,0,normal
1780600520.1771934,70.35905460000504,70517,0.057617,-0.021484,1.057861,2.122137,2.320611,-0.610687,1.059647,3.203379,4982,8724,3742,4982,0,79.422,5,normal
1780600520.206166,70.38802719999512,70548,0.059814,0.00415,1.056885,0.0,2.969466,-0.732824,1.058584,3.058555,4984,8728,3744,4984,0,79.422,0,normal
1780600520.238494,70.42035499999474,70578,0.043457,-0.060059,1.033936,2.549618,2.465649,0.099237,1.03659,3.548214,4985,8731,3746,4985,1,79.422,18,normal
1780600520.2696004,70.45146160000877,70610,0.039795,-0.004639,1.037109,1.282443,2.114504,-0.80916,1.037883,2.602023,4987,8734,3747,4987,0,79.422,5,normal
1780600520.3007526,70.48261390000698,70641,0.037354,-0.035889,1.063965,0.671756,2.442748,-0.938931,1.065225,2.701826,4988,8736,3748,4988,0,79.422,5,normal
1780600520.330758,70.51261930000328,70672,0.04248,-0.009521,1.051514,3.381679,2.59542,-0.244275,1.052414,4.269851,4991,8743,3752,4991,1,79.422,4,normal
1780600520.361614,70.5434752000001,70702,0.049561,-0.006592,1.041504,1.183206,2.435115,-0.725191,1.042703,2.802796,4995,8748,3753,4995,0,79.422,0,normal
1780600520.392725,70.57458620000398,70733,0.040283,-0.061035,1.064453,1.160305,2.412214,-1.526718,1.066962,3.08155,4996,8750,3754,4996,0,79.422,5,normal
1780600520.4244244,70.60628560000623,70765,0.051025,-0.011475,1.047852,3.083969,3.244275,-0.259542,1.049156,4.483698,4999,8754,3755,4999,0,75.0,5,normal
1780600520.4558775,70.63773859999492,70796,0.026123,-0.0354,1.057373,-0.59542,2.656489,-1.312977,1.058288,3.022477,5002,8758,3756,5002,0,75.0,5,normal
1780600520.4857273,70.66758850000042,70827,0.044922,-0.030518,1.057129,2.70229,2.679389,-0.282443,1.058523,3.815924,5004,8762,3758,5004,0,75.0,0,normal
1780600520.516847,70.69870809999702,70857,0.05542,-0.030762,1.067383,2.152672,2.89313,-0.465649,1.069263,3.636073,5007,8766,3759,5007,0,75.0,6,normal
1780600520.5476296,70.72949080000399,70888,0.05957,0.013916,1.056885,-0.083969,3.633588,-1.0,1.058654,3.769617,5008,8768,3760,5008,0,75.0,5,normal
1780600520.5788884,70.76074949999747,70919,0.041992,-0.075684,1.040527,2.587786,2.557252,-0.10687,1.044121,3.639725,5009,8771,3762,5009,1,75.0,18,normal
1780600520.6101456,70.79200670000864,70951,0.018066,0.00293,1.039551,0.839695,2.78626,-0.793893,1.039712,3.016388,5013,8776,3763,5013,0,75.0,5,normal
1780600520.6410642,70.82292540000344,70982,0.023926,-0.037109,1.058838,0.877863,2.396947,-0.694656,1.059758,2.645476,5014,8778,3764,5014,0,75.0,5,normal
1780600520.6717656,70.85362670000177,71013,0.040039,0.005127,1.047363,3.21374,3.618321,-0.022901,1.048141,4.839514,5018,8785,3767,5018,1,75.0,3,normal
1780600520.7034786,70.88533980000648,71044,0.0354,0.003418,1.0271,-0.221374,2.969466,-1.045802,1.027715,3.156016,5021,8790,3769,5021,0,78.853,1,normal
1780600520.734883,70.91674420000345,71075,0.027832,-0.060303,1.06543,2.122137,2.519084,-1.21374,1.067498,3.51033,5022,8792,3770,5022,0,78.853,5,normal
1780600520.7650998,70.94696100000874,71106,0.067139,-0.023193,1.058106,2.618321,3.160305,-0.435114,1.060487,4.12704,5025,8796,3771,5025,0,78.853,6,normal
1780600520.7964194,70.97828060000029,71137,0.041992,-0.028564,1.053467,-0.435114,3.152672,-0.854962,1.05469,3.295394,5026,8798,3772,5026,0,78.853,5,normal
1780600520.8287687,71.01062990000355,71169,0.049072,-0.071777,1.047363,2.328244,2.320611,-0.007634,1.050966,3.28725,5028,8805,3777,5028,1,78.853,4,normal
1780600520.858939,71.04080010000325,71200,0.04248,-0.007568,1.054932,1.587786,2.328244,-0.519084,1.055814,2.865525,5030,8808,3778,5030,0,78.853,5,normal
1780600520.8889618,71.07082300000184,71230,0.031982,0.025146,1.065674,0.206107,3.40458,-0.618321,1.06645,3.466405,5031,8810,3779,5031,0,78.853,5,normal
1780600520.9210851,71.10294640000211,71261,0.049805,-0.073975,1.046143,2.618321,2.389313,-0.480916,1.049937,3.577108,5032,8813,3781,5032,1,78.853,17,normal
1780600520.9516737,71.13353500000085,71293,0.064941,0.001221,1.037598,0.687023,2.442748,-0.503817,1.039629,2.587054,5036,8818,3782,5036,0,78.853,5,normal
1780600520.983737,71.16559810000763,71324,0.044678,-0.057861,1.072754,1.374046,2.389313,-1.351145,1.075242,3.069595,5038,8822,3784,5038,0,60.714,0,normal
1780600521.0155773,71.19743840000592,71356,0.036377,-0.011963,1.061279,2.221374,2.961832,-0.274809,1.06197,3.712475,5041,8826,3785,5041,0,60.714,6,normal
1780600521.0601673,71.24202839999634,71387,0.03418,-0.030518,1.052978,-0.396947,2.839695,-0.900763,1.053975,3.005463,5042,8828,3786,5042,0,60.714,5,normal
1780600521.0769472,71.25880840000173,71418,0.030273,-0.033691,1.054932,2.931298,2.442748,-0.007634,1.055904,3.815702,5043,8830,3787,5043,0,60.714,5,normal
1780600521.1083975,71.2902585999982,71449,0.036377,-0.007568,1.060791,1.641221,2.175573,-0.587786,1.061442,2.78787,5046,8834,3788,5046,0,60.714,5,normal
1780600521.139759,71.32162020000396,71480,0.060059,-0.003906,1.072022,0.450382,2.671756,-1.183206,1.07371,2.956535,5047,8836,3789,5047,0,60.714,5,normal
1780600521.1710958,71.35295689999475,71511,0.04541,-0.081787,1.034424,2.503817,2.984733,-0.442748,1.038645,3.920938,5049,8843,3794,5049,1,60.714,3,normal
1780600521.2020562,71.38391730000149,71542,0.021729,0.01001,1.04248,1.038168,2.114504,-0.679389,1.042755,2.45163,5053,8848,3795,5053,0,60.714,1,normal
1780600521.2331884,71.41504960000748,71574,0.039551,-0.059814,1.060059,1.320611,2.21374,-1.10687,1.062481,2.80532,5054,8850,3796,5054,0,64.0,5,normal
1780600521.2620754,71.44393649999984,71604,0.054932,0.002686,1.05249,3.167939,3.366412,-0.145038,1.053926,4.62489,5056,8853,3797,5056,1,64.0,17,normal
1780600521.2933602,71.47522140000365,71634,0.045166,0.002197,1.031738,0.534351,2.519084,-0.603053,1.032729,2.644804,5058,8856,3798,5058,0,64.0,5,normal
1780600521.324733,71.50659420000738,71665,0.052002,-0.057129,1.056885,1.610687,2.656489,-1.320611,1.059704,3.375686,5062,8862,3800,5062,0,64.0,1,normal
1780600521.3568234,71.53868460000376,71697,0.053711,-0.029297,1.067139,2.183206,2.832061,-0.274809,1.068891,3.58643,5065,8866,3801,5065,0,64.0,5,normal
1780600521.3870666,71.56892770000559,71728,0.070068,-0.012939,1.050293,-0.267176,2.732824,-0.648855,1.052707,2.821476,5066,8868,3802,5066,0,64.0,5,normal
1780600521.4193606,71.60122189999674,71759,0.029053,-0.080322,1.031738,2.519084,2.709924,-0.099237,1.035268,3.701259,5067,8871,3804,5067,1,64.0,18,normal
1780600521.4489932,71.63085440000577,71791,0.019043,-0.003418,1.049072,1.366412,1.778626,-0.717557,1.049251,2.354884,5071,8876,3805,5071,0,64.0,6,normal
1780600521.4799173,71.66177849999804,71821,0.050781,-0.008545,1.080322,0.458015,2.89313,-1.015267,1.081549,3.10012,5072,8878,3806,5072,0,64.0,5,normal
1780600521.5115955,71.69345669999893,71852,0.045654,-0.070068,1.040039,2.687023,2.580153,-0.358779,1.043396,3.74246,5074,8885,3811,5074,1,71.942,4,normal
1780600521.542587,71.72444810000889,71883,0.034424,-0.009277,1.048828,0.938931,2.419847,-0.549618,1.049434,2.653174,5078,8890,3812,5078,0,71.942,0,normal
1780600521.574341,71.75620220000565,71914,0.038086,-0.058594,1.074219,1.015267,2.648855,-1.160305,1.07649,3.064883,5079,8892,3813,5079,0,71.942,5,normal
1780600521.6055555,71.78741679999803,71946,0.052246,-0.016113,1.053955,3.099237,3.778626,-0.198473,1.055372,4.891081,5082,8896,3814,5082,0,71.942,6,normal
1780600521.6361125,71.817973600002,71977,0.078369,-0.006836,1.063721,-0.091603,2.305344,-0.89313,1.066626,2.474001,5083,8898,3815,5083,0,71.942,5,normal
1780600521.6675844,71.84944570000516,72008,0.060791,-0.044922,1.050049,2.847328,3.10687,0.137405,1.052766,4.216492,5085,8904,3819,5085,0,71.942,0,normal
1780600521.6991422,71.88100330000452,72040,0.023438,0.000488,1.057129,1.687023,2.244275,-0.656489,1.057389,2.883365,5089,8910,3821,5089,0,71.942,0,normal
1780600521.7301273,71.91198849999637,72071,0.054443,-0.005615,1.070801,0.847328,2.549618,-1.251908,1.072199,2.964084,5090,8912,3822,5090,0,71.942,5,normal
1780600521.7610445,71.94290570000885,72102,0.040039,-0.067871,1.0354,2.312977,2.335878,-0.435114,1.038395,3.315948,5091,8915,3824,5091,1,68.0,17,normal
1780600521.791734,71.97359510000388,72133,0.041992,0.004395,1.046631,0.977099,2.603053,-0.740458,1.047482,2.877306,5095,8920,3825,5095,0,68.0,5,normal
1780600521.8235118,72.005373100008,72164,0.028809,-0.05957,1.060059,0.916031,2.251908,-0.946565,1.062122,2.608867,5096,8922,3826,5096,1,68.0,5,normal
1780600521.8546133,72.03647439999622,72195,0.027344,-0.008545,1.056396,3.076336,2.709924,-0.351145,1.056785,4.11471,5100,8927,3827,5100,1,68.0,16,normal
1780600521.885212,72.0670730999991,72226,0.033203,-0.026611,1.031738,-0.045802,3.099237,-1.366412,1.032615,3.387396,5102,8930,3828,5102,0,68.0,5,normal
1780600521.9155128,72.09737400000449,72257,0.029785,-0.0271,1.042725,3.022901,2.480916,-0.59542,1.043502,3.955679,5103,8932,3829,5103,0,68.0,5,normal
1780600521.947315,72.12917620000371,72288,0.042236,-0.019775,1.049072,2.259542,2.847328,-0.755725,1.050108,3.712671,5107,8938,3831,5107,0,68.0,5,normal
1780600521.978928,72.16078930000367,72319,0.044434,0.010498,1.05835,0.022901,3.412214,-0.656489,1.059334,3.474868,5108,8940,3832,5108,0,68.0,5,normal
1780600522.0097067,72.19156799999473,72350,0.042725,-0.047119,1.046387,2.725191,2.564885,0.10687,1.048318,3.743892,5110,8947,3837,5110,1,68.0,3,normal
1780600522.0400503,72.22191140000359,72381,0.019775,0.004883,1.048828,1.381679,1.969466,-1.045802,1.049026,2.623268,5113,8952,3839,5113,0,78.853,1,normal
1780600522.0710778,72.25293909999891,72412,0.027344,-0.015137,1.070068,0.671756,2.641221,-1.053435,1.070525,2.92182,5114,8954,3840,5114,0,78.853,5,normal
1780600522.102146,72.2840070999955,72442,0.032227,-0.064697,1.035889,2.480916,3.099237,-0.007634,1.038407,3.969921,5115,8957,3842,5115,1,78.853,19,normal
1780600522.1372857,72.31914680000045,72473,0.02002,-0.00293,1.044922,1.068702,2.167939,-0.244275,1.045118,2.429352,5117,8960,3843,5117,0,78.853,5,normal
1780600522.1637928,72.34565410000505,72504,0.014893,-0.057129,1.055908,0.954198,2.664122,-1.236641,1.057557,3.088256,5120,8964,3844,5120,0,78.853,5,normal
1780600522.1960113,72.37787240000034,72536,0.025879,-0.007568,1.059326,2.656489,3.21374,0.10687,1.059669,4.170909,5124,8970,3846,5124,0,78.853,5,normal
1780600522.2273662,72.40922729999875,72567,0.015625,-0.015869,1.032227,-0.78626,3.068702,-1.21374,1.032467,3.392389,5125,8972,3847,5125,0,78.853,5,normal
1780600522.2572017,72.43906289999723,72598,0.075928,-0.038086,1.043945,3.030534,2.59542,-0.076336,1.047396,3.99076,5126,8974,3848,5126,0,78.853,5,normal
1780600522.2894437,72.4713047999976,72629,0.053223,-0.019043,1.05835,1.946565,3.290076,-0.473282,1.059858,3.851975,5130,8980,3850,5130,0,78.853,5,normal
1780600522.3206506,72.50251180000487,72660,0.053955,0.010742,1.056641,-0.145038,3.267176,-0.961832,1.058072,3.408899,5131,8982,3851,5131,0,64.516,5,normal
1780600522.3517652,72.53362620000553,72691,0.045166,-0.090332,1.039062,2.51145,3.022901,-0.335878,1.043959,3.944379,5133,8989,3856,5133,1,64.516,4,normal
1780600522.3839345,72.56579560000682,72724,0.017334,-0.005615,1.033203,0.679389,2.526718,-0.557252,1.033364,2.675145,5143,9001,3858,5143,0,64.516,0,normal
1780600522.4153297,72.59719090000726,72755,0.04126,-0.071533,1.071777,1.770992,2.450382,-1.351145,1.074954,3.311552,5144,9003,3859,5144,0,64.516,5,normal
1780600522.4536083,72.63546950000455,72793,0.058838,-0.016846,1.064697,2.587786,2.992366,-0.419847,1.066455,3.978337,5147,9007,3860,5147,0,64.516,5,normal
1780600522.4849195,72.66678060000413,72825,0.031982,-0.020996,1.042236,2.816794,2.641221,-0.740458,1.042938,3.93175,5150,9011,3861,5150,0,64.516,0,normal
1780600522.5163085,72.69816960000026,72856,0.05127,-0.017578,1.060791,2.122137,2.847328,-0.725191,1.062175,3.624451,5154,9017,3863,5154,0,64.516,5,normal
1780600522.5471666,72.72902780000004,72887,0.062744,0.015137,1.053711,-0.10687,2.916031,-0.969466,1.055686,3.07482,5156,9021,3865,5156,0,64.516,0,normal
1780600522.5784576,72.76031880000664,72918,0.043457,-0.092041,1.033691,2.21374,2.847328,-0.076336,1.03869,3.607458,5157,9024,3867,5157,1,100.775,18,normal
1780600522.6099033,72.79176449999795,72950,0.024902,-0.00415,1.03833,0.793893,2.618321,-0.717557,1.038637,2.828561,5161,9029,3868,5161,0,100.775,0,normal
1780600522.6420288,72.8238898999989,72981,0.052002,-0.067139,1.067627,0.992366,2.541985,-1.122137,1.070999,2.950537,5162,9031,3869,5162,1,100.775,5,normal
1780600522.6723473,72.8542085000081,73013,0.047363,-0.005371,1.064453,3.129771,3.412214,-0.419847,1.06552,4.649187,5167,9039,3872,5167,0,100.775,6,normal
1780600522.703677,72.8855382000038,73044,0.054932,-0.02124,1.035889,-0.183206,2.496183,-0.938931,1.037562,2.673216,5168,9041,3873,5168,0,100.775,5,normal
1780600522.7364388,72.91829990000406,73076,0.02417,-0.052002,1.031494,2.648855,2.625954,0.206107,1.033087,3.735578,5169,9044,3875,5169,1,100.775,18,normal
1780600522.7682698,72.95013100000506,73109,0.043701,-0.015625,1.049805,0.51145,2.045802,-0.854962,1.05083,2.275488,5172,9049,3877,5172,0,100.775,0,normal
1780600522.7981572,72.9800183000043,73139,0.027588,-0.020508,1.052978,0.450382,2.908397,-0.503817,1.053539,2.985875,5173,9051,3878,5173,0,100.775,5,normal
1780600522.8292565,73.0111176000064,73170,0.062988,-0.013672,1.049316,3.282443,3.335878,-0.267176,1.051294,4.687632,5175,9056,3881,5175,1,71.429,3,normal
1780600522.8597221,73.04158319999988,73201,0.059326,-0.000244,1.036865,0.068702,2.167939,-0.885496,1.038561,2.342815,5178,9061,3883,5178,0,71.429,5,normal
1780600522.8919911,73.07385230000364,73232,0.051758,-0.077148,1.064697,1.938931,2.083969,-0.557252,1.068743,2.900502,5180,9065,3885,5180,0,71.429,1,normal
1780600522.9228005,73.10466179999639,73263,0.038818,-0.012207,1.06543,2.854962,3.389313,-0.458015,1.066206,4.455112,5183,9069,3886,5183,0,71.429,5,normal
1780600522.9558146,73.13767569999618,73295,0.037842,0.01001,1.057373,-0.114504,2.442748,-0.824427,1.058097,2.580661,5184,9071,3887,5184,0,71.429,5,normal
1780600522.9850557,73.1669169000088,73326,0.034424,-0.056641,1.038574,2.801527,2.450382,-0.007634,1.040687,3.721959,5186,9076,3890,5186,1,71.429,3,normal
1780600523.0159454,73.1978065000003,73357,0.028564,-0.001953,1.057373,1.396947,2.534351,-0.389313,1.057761,2.919925,5189,9081,3892,5189,0,71.429,5,normal
1780600523.0469086,73.22876980000001,73388,0.033447,-0.023926,1.071289,0.290076,3.183206,-0.977099,1.072078,3.342405,5191,9085,3894,5191,0,71.429,1,normal
1780600523.0772421,73.25910320000548,73419,0.027832,-0.062744,1.037354,2.40458,3.412214,-0.267176,1.039622,4.182893,5192,9088,3896,5192,1,71.429,17,normal
1780600523.1101525,73.29201370000374,73449,0.030273,-0.005371,1.032959,1.099237,1.938931,-0.267176,1.033416,2.244807,5195,9093,3898,5195,0,71.685,0,normal
1780600523.1392486,73.32110980000289,73480,0.065186,-0.041992,1.079834,0.793893,2.618321,-1.282443,1.082614,3.021676,5196,9095,3899,5196,0,71.685,5,normal
1780600523.169953,73.35181429999648,73511,0.043213,0.007324,1.046631,3.465649,2.687023,-0.206107,1.047548,4.390136,5198,9100,3902,5198,1,71.685,3,normal
1780600523.2006655,73.3825266000058,73542,0.037109,0.003174,1.036865,-0.335878,2.183206,-1.244275,1.037534,2.535236,5200,9103,3903,5200,0,71.685,5,normal
1780600523.2330222,73.4148833000072,73573,0.025391,-0.032959,1.049072,2.412214,2.793893,-1.122137,1.049897,3.857954,5201,9105,3904,5201,0,71.685,5,normal
1780600523.2638073,73.4456685000041,73604,0.029053,-0.016846,1.058838,2.312977,3.412214,-0.229008,1.05937,4.12862,5204,9109,3905,5204,0,71.685,5,normal
1780600523.295704,73.47756509999454,73636,0.061523,0.017822,1.064209,0.290076,3.030534,-0.885496,1.066135,3.17055,5207,9113,3906,5207,0,71.685,5,normal
1780600523.3273787,73.50923989999865,73667,0.046875,-0.065918,1.031738,2.610687,3.152672,0.053435,1.034904,4.093639,5209,9118,3909,5209,1,71.685,3,normal
1780600523.3574622,73.5393233000068,73698,0.045166,-0.000488,1.051025,1.458015,2.938931,-0.40458,1.051996,3.305572,5212,9123,3911,5212,0,71.685,5,normal
1780600523.3887007,73.5705619000073,73729,0.058105,-0.033447,1.07251,0.221374,3.167939,-1.007634,1.074603,3.331692,5214,9127,3913,5214,0,67.857,0,normal
1780600523.4195995,73.6014606999961,73760,0.046631,-0.072266,1.038574,2.839695,3.381679,-0.122137,1.042129,4.417526,5215,9130,3915,5215,1,67.857,18,normal
1780600523.4502552,73.63211639999645,73791,0.045898,-0.003906,1.034668,0.412214,2.648855,-0.496183,1.035693,2.72627,5217,9133,3916,5217,0,67.857,5,normal
1780600523.482008,73.6638690999971,73822,0.053955,-0.073486,1.071289,1.08397,2.839695,-1.167939,1.075161,3.256215,5218,9136,3918,5218,0,67.857,14,normal
1780600523.5127137,73.69457479999983,73853,0.056641,-0.001465,1.069824,3.587786,3.442748,-0.328244,1.071324,4.983218,5222,9142,3920,5222,1,67.857,3,normal
1780600523.544628,73.72648910000862,73884,0.048584,-0.0271,1.036377,-0.557252,2.236641,-1.015267,1.037869,2.518702,5225,9147,3922,5225,0,67.857,0,normal
1780600523.5756114,73.75747240000055,73916,0.048584,-0.034424,1.040772,3.183206,2.473282,-0.045802,1.042473,4.03138,5226,9149,3923,5226,0,67.857,5,normal
1780600523.6057832,73.78764429999865,73946,0.055176,-0.021973,1.064697,2.183206,2.816794,-0.656489,1.066352,3.623768,5229,9153,3924,5229,0,67.857,5,normal
1780600523.6376178,73.81947909999872,73977,0.065674,0.025635,1.065918,0.206107,2.832061,-0.885496,1.068247,2.974416,5232,9157,3925,5232,0,67.857,5,normal
1780600523.667467,73.84932819999813,74008,0.060303,-0.063965,1.04248,2.412214,2.725191,-0.053435,1.04618,3.639821,5234,9162,3928,5234,1,71.685,3,normal
1780600523.70028,73.88214099999459,74039,0.043213,0.007813,1.055908,1.534351,2.10687,-0.954198,1.056821,2.775541,5236,9165,3929,5236,0,71.685,5,normal
1780600523.7297065,73.91156770000816,74070,0.055176,-0.026367,1.073242,0.450382,2.778626,-1.160305,1.074983,3.044654,5237,9167,3930,5237,0,71.685,5,normal
1780600523.7610188,73.94287980000081,74101,0.061768,-0.065186,1.041992,3.137405,1.961832,-0.053435,1.045855,3.700668,5238,9170,3932,5238,1,71.685,18,normal
1780600523.791671,73.97353220000514,74132,0.042969,0.01001,1.038574,0.549618,2.503817,-0.656489,1.039511,2.646159,5242,9175,3933,5242,0,71.685,5,normal
1780600523.8208265,74.00268780000624,74163,0.051025,-0.073975,1.061523,1.0,2.59542,-1.053435,1.06532,2.974211,5243,9178,3935,5243,1,71.685,14,normal
1780600523.8517244,74.03358550000121,74193,0.052002,0.003174,1.059082,3.244275,3.259542,-0.206107,1.060363,4.603522,5246,9184,3938,5246,1,71.685,3,normal
1780600523.8824823,74.06434349999472,74223,0.042725,-0.004395,1.037109,0.610687,2.167939,-0.78626,1.037998,2.385603,5249,9189,3940,5249,0,71.685,0,normal
1780600523.9140294,74.09589060000144,74254,0.043701,-0.05542,1.08252,1.061069,2.389313,-1.229008,1.084818,2.888796,5250,9191,3941,5250,0,71.685,5,normal
1780600523.943765,74.12562610000896,74285,0.029541,-0.001953,1.055176,3.244275,3.580153,-0.175573,1.055591,4.834629,5252,9194,3942,5252,1,64.982,16,normal
1780600523.9747467,74.15660780000326,74316,0.018066,-0.021729,1.030518,-0.740458,2.29771,-1.045802,1.030905,2.630865,5254,9197,3943,5254,0,64.982,5,normal
1780600524.0058157,74.18767700000899,74347,0.026367,-0.019043,1.04834,2.801527,2.877863,-0.251908,1.048844,4.02419,5258,9203,3945,5258,0,64.982,0,normal
1780600524.0380368,74.21989799999574,74378,0.037109,-0.017334,1.059082,2.236641,3.007634,-0.603053,1.059874,3.796327,5261,9207,3946,5261,0,64.982,5,normal
1780600524.069318,74.25117930000124,74410,0.070557,-0.009521,1.067627,0.496183,3.038168,-0.374046,1.069998,3.10106,5264,9211,3947,5264,0,64.982,5,normal
1780600524.100702,74.28256320000219,74441,0.039551,-0.085205,1.039795,2.664122,3.114504,-0.183206,1.04403,4.10259,5265,9214,3949,5265,1,64.982,17,normal
1780600524.1314082,74.31326930000796,74472,0.056885,0.003906,1.04834,0.656489,2.732824,-0.381679,1.049889,2.836368,5269,9219,3950,5269,0,64.982,5,normal
1780600524.1760316,74.35789270000532,74503,0.043213,-0.053467,1.072998,0.732824,2.824427,-1.08397,1.075198,3.112782,5272,9223,3951,5272,0,64.982,5,normal
1780600524.1932368,74.37509810000483,74534,0.071533,-0.001465,1.05835,3.290076,3.580153,-0.251908,1.060765,4.868835,5276,9228,3952,5276,1,64.982,17,normal
1780600524.2242131,74.40607440000167,74565,0.066162,-0.005859,1.026123,-0.374046,2.78626,-0.70229,1.02827,2.897648,5278,9231,3953,5278,0,92.857,5,normal
1780600524.2564692,74.43833040000754,74596,0.05127,-0.062744,1.070312,1.89313,2.51145,-1.381679,1.073375,3.435166,5279,9233,3954,5279,0,92.857,5,normal
1780600524.2874105,74.46927169999981,74627,0.051025,-0.017822,1.061523,2.938931,3.816794,-0.290076,1.062898,4.825907,5283,9239,3956,5283,0,92.857,5,normal
1780600524.3177094,74.49957070000528,74658,0.070312,-0.024902,1.040283,-0.007634,2.114504,-0.465649,1.042954,2.165182,5284,9241,3957,5284,0,92.857,5,normal
1780600524.3496344,74.53149550000671,74689,0.066162,-0.029297,1.045898,3.129771,2.580153,0.21374,1.048398,4.061815,5286,9247,3961,5286,0,92.857,0,normal
1780600524.3801193,74.56198050000239,74720,0.012695,-0.007324,1.054199,1.679389,2.717557,-0.870229,1.054301,3.311006,5289,9252,3963,5289,1,92.857,3,normal
1780600524.4109924,74.59285349999845,74751,0.06543,0.001953,1.070557,0.343511,3.10687,-0.816794,1.072556,3.230758,5291,9255,3964,5291,0,92.857,5,normal
1780600524.442827,74.62468819999776,74782,0.038818,-0.079102,1.033691,2.633588,2.923664,-0.503817,1.03744,3.967043,5292,9258,3966,5292,1,92.857,19,normal
1780600524.4745297,74.65639089999604,74814,0.033447,0.019287,1.033203,0.648855,2.435115,-0.732824,1.033924,2.624467,5294,9261,3967,5294,0,92.857,5,normal
1780600524.5059357,74.68779680000443,74846,0.049072,-0.040039,1.067871,1.80916,2.442748,-1.091603,1.069748,3.229811,5299,9267,3968,5299,0,74.733,0,normal
1780600524.538423,74.72028429999773,74877,0.05542,-0.021973,1.066162,2.381679,3.030534,-0.725191,1.067828,3.922045,5302,9271,3969,5302,0,74.733,5,normal
1780600524.5687761,74.75063720000617,74909,0.046387,0.003418,1.053223,-0.152672,3.167939,-1.152672,1.054249,3.374581,5305,9275,3970,5305,0,74.733,5,normal
1780600524.5996122,74.78147349999927,74940,0.06665,-0.057861,1.046143,2.374046,3.053435,-0.10687,1.049859,3.869235,5306,9278,3972,5306,1,74.733,18,normal
1780600524.6311655,74.81302670000878,74971,0.016357,0.001221,1.043213,1.351145,2.48855,-0.916031,1.043342,2.97617,5308,9281,3973,5308,0,74.733,5,normal
1780600524.6605418,74.84240300000238,75002,0.030762,-0.005859,1.080322,0.503817,2.687023,-1.099237,1.080776,2.946565,5310,9285,3975,5310,0,74.733,5,normal
1780600524.6936464,74.87550769999507,75033,0.05957,-0.02002,1.050049,3.183206,3.496183,0.053435,1.051928,4.728526,5311,9290,3979,5311,1,74.733,18,normal
1780600524.7228348,74.90469599999778,75064,0.041748,0.007813,1.04126,0.526718,2.534351,-0.862595,1.042126,2.72845,5313,9293,3980,5313,0,74.733,5,normal
1780600524.756072,74.93793329999608,75095,0.046631,-0.070801,1.083008,0.89313,2.51145,-0.908397,1.086321,2.81607,5314,9295,3981,5314,0,74.733,5,normal
1780600524.7846467,74.96650789999694,75126,0.032471,-0.003418,1.064453,3.21374,3.610687,-0.389313,1.064954,4.849408,5317,9300,3983,5317,1,64.286,14,normal
1780600524.8171163,74.9989773999987,75157,0.025879,-0.015137,1.041748,-0.412214,2.236641,-1.038168,1.042179,2.500055,5319,9303,3984,5319,0,64.286,5,normal
1780600524.8485973,75.03045849999762,75188,0.032227,-0.031738,1.037598,2.984733,2.946565,-0.175573,1.038583,4.197821,5321,9309,3988,5321,0,64.286,0,normal
1780600524.879451,75.06131210000603,75219,0.045654,-0.012451,1.065918,2.274809,3.221374,-0.748092,1.066968,4.013932,5324,9313,3989,5324,0,64.286,5,normal
1780600524.9095771,75.09143820000463,75250,0.046631,-0.001221,1.046387,0.305344,3.045802,-0.801527,1.047426,3.164268,5325,9315,3990,5325,0,64.286,5,normal
1780600524.9403465,75.1222076999984,75280,0.050781,-0.03418,1.049072,2.938931,2.503817,0.183206,1.050857,3.865227,5326,9317,3991,5326,0,64.286,3,normal
1780600524.9704843,75.15234529999725,75311,0.015381,-0.005371,1.049561,1.358779,2.648855,-0.908397,1.049687,3.112538,5329,9321,3992,5329,0,64.286,5,normal
1780600525.001348,75.18320929999754,75342,0.046143,0.005371,1.071289,0.587786,3.122137,-1.198473,1.072296,3.395522,5331,9325,3994,5331,0,64.286,5,normal
1780600525.0332088,75.21507010000641,75373,0.022217,-0.057617,1.03833,2.259542,2.923664,-0.175573,1.040165,3.699212,5332,9330,3998,5332,1,64.286,18,normal
1780600525.0641787,75.24603989999741,75405,0.069336,0.008545,1.032471,0.564886,2.465649,-0.549618,1.034831,2.588552,5336,9335,3999,5336,0,68.1,5,normal
1780600525.0954108,75.27727200000663,75436,0.043701,-0.058594,1.074951,0.954198,2.549618,-1.0,1.077434,2.90018,5337,9337,4000,5337,0,68.1,5,normal
1780600525.1250753,75.30693639999663,75466,0.042969,-0.010498,1.057617,3.473282,3.51145,-0.167939,1.058542,4.94188,5339,9340,4001,5339,1,68.1,17,normal
1780600525.156833,75.33869410000625,75497,0.03418,-0.011719,1.025635,-0.366412,2.305344,-0.801527,1.026271,2.468058,5342,9345,4003,5342,0,68.1,5,normal
1780600525.1890342,75.37089550000383,75528,0.027344,-0.03125,1.059814,1.854962,2.671756,-0.954198,1.060628,3.38964,5345,9349,4004,5345,0,68.1,5,normal
1780600525.21876,75.40062119999493,75558,0.058594,-0.010498,1.067383,2.877863,3.755725,-0.21374,1.069041,4.736376,5348,9353,4005,5348,0,68.1,5,normal
1780600525.2494955,75.43135660000553,75590,0.029053,-0.044434,1.03418,-0.030534,2.549618,-0.770992,1.035541,2.663816,5349,9355,4006,5349,0,68.1,5,normal
1780600525.2803524,75.46221359999618,75621,0.040771,-0.059814,1.032227,2.717557,2.656489,-0.412214,1.034762,3.82256,5351,9359,4008,5351,0,68.1,0,normal
1780600525.311712,75.4935731000005,75652,0.017334,-0.01416,1.048828,1.389313,2.89313,-0.480916,1.049067,3.245254,5354,9363,4009,5354,0,68.1,5,normal
1780600525.3413851,75.5232462999993,75683,0.040283,0.001709,1.07373,0.709924,3.541985,-0.816794,1.074487,3.70362,5356,9367,4011,5356,0,71.942,5,normal
1780600525.3738284,75.55568960000528,75714,0.031982,-0.084717,1.041016,2.770992,1.931298,-0.137405,1.044947,3.380412,5357,9370,4013,5357,1,71.942,18,normal
1780600525.4040787,75.58593990000372,75745,0.035645,-0.01001,1.032959,1.045802,2.328244,-0.473282,1.033622,2.595846,5359,9373,4014,5359,0,71.942,5,normal
1780600525.4359028,75.61776409999584,75776,0.007324,-0.052734,1.069336,1.091603,2.412214,-0.900763,1.07066,2.796739,5362,9377,4015,5362,0,71.942,0,normal
1780600525.4670477,75.64890880000894,75807,0.064941,-0.012207,1.071045,3.541985,3.526718,0.022901,1.073081,4.998392,5363,9380,4017,5363,1,71.942,18,normal
1780600525.499769,75.68163020000793,75839,0.029297,-0.02417,1.044434,-0.351145,2.244275,-1.015267,1.045124,2.48814,5366,9385,4019,5366,0,71.942,5,normal
1780600525.5295815,75.71144270000514,75870,0.052246,-0.032471,1.051758,2.610687,3.236641,-0.374046,1.053555,4.175098,5367,9389,4022,5367,0,71.942,4,normal
1780600525.5618765,75.74373770000238,75901,0.048584,-0.023438,1.055908,1.992366,2.679389,-0.717557,1.057285,3.415193,5371,9395,4024,5371,0,71.942,5,normal
1780600525.5931942,75.7750553000078,75933,0.048096,0.004395,1.068604,0.396947,3.480916,-0.877863,1.069694,3.611784,5372,9397,4025,5372,0,64.0,5,normal
1780600525.6222358,75.80409689999942,75963,0.047607,-0.0896,1.031494,2.328244,2.70229,-0.083969,1.036472,3.567933,5373,9400,4027,5373,1,64.0,17,normal
1780600525.6526058,75.8344669000071,75994,0.039795,-0.004395,1.043701,1.694656,2.78626,-1.091603,1.044469,3.438997,5376,9405,4029,5376,0,64.0,5,normal
1780600525.6838868,75.86574789999577,76025,0.075439,-0.01416,1.066162,0.740458,2.725191,-1.343511,1.068921,3.127294,5378,9409,4031,5378,0,64.0,5,normal
1780600525.715676,75.89753729999939,76056,0.062012,-0.055664,1.048096,3.061069,2.221374,-0.076336,1.051403,3.782918,5380,9414,4034,5380,1,64.0,14,normal
1780600525.7468836,75.92874469999515,76087,0.049805,0.008301,1.043457,0.748092,2.78626,-0.725191,1.044678,2.974691,5382,9417,4035,5382,0,64.0,5,normal
1780600525.7774723,75.95933339999465,76118,0.049805,-0.06958,1.075439,1.099237,2.152672,-1.061069,1.078838,2.639732,5384,9421,4037,5384,0,64.0,0,normal
1780600525.8095698,75.9914310000022,76149,0.067627,-0.012451,1.060547,3.244275,3.572519,-0.274809,1.062774,4.833604,5387,9426,4039,5387,1,64.0,3,normal
1780600525.8405583,76.02241940000386,76180,0.022949,-0.016602,1.053955,-0.305344,3.145038,-1.030534,1.054336,3.323628,5390,9431,4041,5390,0,64.0,5,normal
1780600525.8717773,76.0536385000014,76211,0.037842,-0.015137,1.062988,2.473282,2.671756,-0.687023,1.063769,3.705051,5391,9433,4042,5391,0,68.345,5,normal
1780600525.9019566,76.08381779999763,76242,0.020264,-0.006592,1.058106,2.412214,2.770992,-0.770992,1.05832,3.753878,5394,9437,4043,5394,0,68.345,5,normal
1780600525.931706,76.11356719999458,76273,0.059326,-0.006104,1.053955,0.259542,2.816794,-0.992366,1.055641,2.997746,5396,9441,4045,5396,0,68.345,1,normal
1780600525.963059,76.1449200000061,76303,0.065186,-0.044922,1.050537,3.045802,2.969466,0.229008,1.053516,4.259939,5397,9443,4046,5397,0,68.345,5,normal
1780600525.993738,76.17559909999545,76334,0.052246,-0.013428,1.056152,1.687023,2.694656,-0.755725,1.057529,3.267773,5401,9449,4048,5401,0,68.345,5,normal
1780600526.0253568,76.20721799999592,76365,0.058838,0.000244,1.051758,0.656489,3.465649,-0.78626,1.053402,3.613849,5403,9453,4050,5403,0,68.345,5,normal
1780600526.0568109,76.23867210000753,76396,0.035156,-0.085938,1.038818,2.40458,2.725191,-0.198473,1.04296,3.639789,5404,9456,4052,5404,1,68.345,17,normal
1780600526.0907323,76.27259340000455,76427,0.060059,-0.008545,1.056641,1.160305,2.59542,-0.793893,1.058381,2.951742,5406,9459,4053,5406,0,68.345,5,normal
1780600526.1171722,76.29903330000525,76457,0.038086,0.000732,1.060547,0.725191,2.725191,-1.076336,1.061231,3.018454,5407,9461,4054,5407,0,68.345,5,normal
1780600526.1474707,76.32933180000691,76488,0.038574,-0.063721,1.04541,2.870229,3.183206,-0.099237,1.04806,4.287291,5409,9466,4057,5409,1,64.982,3,normal
1780600526.1775694,76.35943060000136,76519,0.04834,0.007813,1.046143,1.061069,2.48855,-0.496183,1.047288,2.750444,5412,9471,4059,5412,0,64.982,5,normal
1780600526.2086978,76.390558900006,76550,0.021973,-0.054688,1.070068,0.755725,2.70229,-1.152672,1.07169,3.033504,5414,9475,4061,5414,0,64.982,1,normal
1780600526.241302,76.42316310000024,76581,0.040039,-0.016113,1.05542,3.229008,3.564885,0.137405,1.056302,4.811838,5416,9478,4062,5416,1,64.982,17,normal
1780600526.2719803,76.45384139999805,76612,0.056641,-0.019287,1.041504,-0.610687,3.198473,-0.877863,1.043221,3.372508,5418,9481,4063,5418,0,64.982,5,normal
1780600526.303632,76.48549330000242,76643,0.043457,-0.015381,1.052734,2.473282,2.80916,-0.320611,1.053743,3.756501,5421,9485,4064,5421,0,64.982,1,normal
1780600526.3353243,76.51718540000729,76675,0.039795,-0.019043,1.054199,2.267176,2.847328,-1.08397,1.055122,3.797678,5425,9491,4066,5425,0,64.982,5,normal
1780600526.3658342,76.5476953000034,76706,0.051758,0.004883,1.054932,0.70229,3.19084,-0.916031,1.056212,3.393196,5426,9493,4067,5426,0,64.982,5,normal
1780600526.397514,76.57937520000269,76737,0.036621,-0.076172,1.041016,2.496183,2.526718,-0.015267,1.044441,3.551826,5427,9496,4069,5427,1,64.982,18,normal
1780600526.428969,76.61083000000508,76769,0.025391,0.002686,1.04126,0.992366,2.328244,-0.679389,1.041573,2.620512,5430,9501,4071,5430,0,74.733,1,normal
1780600526.4597077,76.64156889999867,76800,0.015137,-0.054688,1.063477,1.160305,2.671756,-0.763359,1.064989,3.011197,5431,9503,4072,5431,0,74.733,5,normal
1780600526.4923508,76.67421199999808,76832,0.05835,-0.025879,1.054688,2.725191,3.122137,-0.534351,1.056617,4.178509,5435,9509,4074,5435,0,74.733,6,normal
1780600526.5230355,76.70489660000021,76864,0.030273,0.00415,1.053711,0.10687,2.625954,-0.885496,1.054154,2.773294,5436,9511,4075,5436,0,74.733,5,normal
1780600526.555765,76.73762610000267,76895,0.041748,-0.058838,1.040039,2.343511,2.427481,-0.061069,1.042538,3.374676,5437,9514,4077,5437,1,74.733,18,normal
1780600526.5872986,76.76915970000846,76927,0.028564,-0.001465,1.049561,1.358779,2.51145,-0.916031,1.04995,2.998796,5444,9523,4079,5444,0,74.733,0,normal
1780600526.6173093,76.79917040000146,76958,0.032715,-0.015137,1.057617,0.778626,2.51145,-1.236641,1.058231,2.905671,5445,9525,4080,5445,0,74.733,5,normal
1780600526.6491966,76.83105770000839,76989,0.058594,-0.015137,1.047363,3.335878,2.503817,-0.091603,1.04911,4.171998,5447,9530,4083,5447,1,74.733,4,normal
1780600526.6798284,76.86168960000214,77020,0.053955,0.009521,1.032959,0.19084,3.198473,-0.801527,1.034411,3.302892,5450,9535,4085,5450,0,79.681,5,normal
1780600526.7120118,76.89387300000817,77051,0.037354,-0.067139,1.072998,1.450382,2.526718,-1.145038,1.075745,3.130339,5452,9539,4087,5452,0,79.681,1,normal
1780600526.7421522,76.92401329999848,77082,0.067871,-0.023926,1.073242,3.19084,3.221374,-0.160305,1.075652,4.537004,5455,9543,4088,5455,0,79.681,5,normal
1780600526.7739766,76.95583780000743,77113,0.050293,-0.029785,1.049805,0.167939,2.564885,-0.961832,1.051431,2.744442,5456,9545,4089,5456,0,79.681,5,normal
1780600526.8064632,76.98832430000766,77145,0.018066,-0.088135,1.038574,2.274809,2.320611,0.137405,1.042464,3.252518,5458,9550,4092,5458,1,79.681,4,normal
1780600526.8377268,77.01958799999557,77177,0.053711,-0.015137,1.052246,1.099237,2.625954,-0.763359,1.053725,2.947316,5461,9555,4094,5461,0,79.681,5,normal
1780600526.8680437,77.04990490000637,77208,0.024658,-0.046143,1.063232,0.557252,2.51145,-0.908397,1.064519,2.728204,5463,9559,4096,5463,0,79.681,0,normal
1780600526.8988159,77.08067700000538,77239,0.049561,-0.02002,1.050781,3.389313,2.206107,-0.381679,1.05214,4.062023,5464,9562,4098,5464,1,79.681,18,normal
1780600526.9296498,77.11151109999628,77270,0.025391,0.010254,1.037598,0.419847,2.526718,-0.938931,1.037959,2.728033,5467,9567,4100,5467,0,68.0,0,normal
1780600526.9607422,77.14260350000404,77301,0.057373,-0.046631,1.071777,1.641221,2.732824,-1.396947,1.074324,3.480431,5468,9569,4101,5468,0,68.0,5,normal
1780600526.9938123,77.175673500009,77333,0.041016,-0.029297,1.064697,2.557252,3.145038,-0.572519,1.06589,4.093724,5472,9575,4103,5472,0,68.0,6,normal
1780600527.0370555,77.21891670000332,77364,0.046631,-0.009766,1.054688,-0.030534,2.419847,-0.824427,1.055763,2.556614,5473,9577,4104,5473,0,68.0,5,normal
1780600527.054222,77.23608329999843,77394,0.059082,-0.052979,1.051025,2.473282,2.732824,-0.267176,1.054017,3.695516,5474,9579,4105,5474,0,68.0,4,normal
1780600527.0843892,77.26625030000287,77425,0.043457,-0.014648,1.057129,2.145038,2.442748,-0.717557,1.058123,3.329128,5477,9583,4106,5477,0,68.0,5,normal
1780600527.116178,77.29803920000268,77456,0.046143,0.000244,1.057861,0.29771,2.877863,-0.641221,1.058867,2.963426,5480,9587,4107,5480,0,68.0,5,normal
1780600527.1463335,77.32819450000534,77487,0.039551,-0.094482,1.03418,2.19084,2.290076,-0.145038,1.03924,3.17258,5482,9592,4110,5482,1,68.0,4,normal
1780600527.1775792,77.35944040000322,77518,0.040771,-0.000488,1.052002,1.305344,2.21374,-0.938931,1.052792,2.736085,5485,9597,4112,5485,0,68.0,5,normal
1780600527.2091482,77.39100940000208,77549,0.043457,-0.051514,1.06665,0.557252,2.221374,-1.122137,1.068777,2.550338,5487,9601,4114,5487,0,71.685,1,normal
1780600527.2397573,77.42161839999608,77580,0.061768,-0.020508,1.049316,3.40458,2.923664,-0.633588,1.051333,4.532153,5488,9604,4116,5488,1,71.685,18,normal
1780600527.2690556,77.45091670000693,77610,0.056396,0.003418,1.037842,1.458015,2.290076,-0.541985,1.039378,2.768394,5490,9607,4117,5490,0,71.685,5,normal
1780600527.3014379,77.48329889999877,77641,0.041016,-0.050781,1.063965,1.053435,2.549618,-1.290076,1.065965,3.045419,5491,9609,4118,5491,0,71.685,5,normal
1780600527.3326268,77.51448800000071,77672,0.041016,-0.01416,1.047607,2.832061,3.496183,-0.175573,1.048506,4.502743,5496,9616,4120,5496,1,71.685,3,normal
1780600527.3623328,77.54419410000264,77703,0.020264,-0.007324,1.032227,-0.015267,2.038168,-1.122137,1.032451,2.326704,5499,9621,4122,5499,0,71.685,0,normal
1780600527.392745,77.5746061999962,77734,0.036133,-0.031006,1.052734,2.21374,3.038168,-1.0,1.05381,3.889873,5500,9623,4123,5500,0,71.685,5,normal
1780600527.425323,77.60718410000845,77764,0.03418,-0.014648,1.064453,3.122137,3.305344,-0.251908,1.065102,4.553734,5503,9627,4124,5503,0,71.685,6,normal
1780600527.4557717,77.63763290000497,77795,0.037598,-0.028564,1.04248,-0.229008,2.977099,-0.946565,1.043549,3.132339,5504,9629,4125,5504,0,71.685,5,normal
1780600527.4859643,77.66782539999986,77826,0.041504,-0.042969,1.040283,2.770992,2.778626,0.068702,1.041997,3.924778,5506,9635,4129,5506,0,68.592,0,normal
1780600527.516769,77.69863020000048,77857,0.044189,-0.026123,1.055908,2.549618,2.839695,-0.656489,1.057155,3.872389,5509,9639,4130,5509,0,68.592,4,normal
1780600527.548194,77.73005510000803,77888,0.037354,0.004395,1.063477,0.435114,2.908397,-0.70229,1.064141,3.02346,5510,9641,4131,5510,0,68.592,5,normal
1780600527.5791845,77.76104559999658,77919,0.023438,-0.085693,1.041748,2.29771,2.51145,-0.442748,1.045529,3.43262,5511,9644,4133,5511,1,68.592,18,normal
1780600527.609226,77.79108710000583,77950,0.036133,-0.002197,1.057861,1.709924,2.129771,-0.70229,1.05848,2.820102,5515,9649,4134,5515,0,68.592,5,normal
1780600527.6403224,77.82218350000039,77981,0.009277,-0.036377,1.061768,0.51145,2.564885,-1.08397,1.062431,2.831114,5516,9651,4135,5516,0,68.592,5,normal
1780600527.6719136,77.85377480000898,78012,0.03125,-0.019287,1.041748,3.748092,3.267176,-0.259542,1.042395,4.978955,5517,9656,4139,5517,1,68.592,18,normal
1780600527.7023356,77.88419680000516,78043,0.030273,0.013184,1.037109,0.793893,2.145038,-0.664122,1.037635,2.381704,5519,9659,4140,5519,0,68.592,5,normal
1780600527.7336144,77.91547570000694,78074,0.040039,-0.045166,1.0625,1.564886,2.603053,-1.229008,1.064213,3.276464,5520,9661,4141,5520,0,68.592,5,normal
1780600527.7654884,77.94734949999838,78105,0.038574,-0.009277,1.055664,3.015267,3.396947,-0.167939,1.056409,4.545249,5525,9667,4142,5525,0,68.1,5,normal
1780600527.796578,77.97843909999938,78136,0.026855,-0.023193,1.039062,-0.167939,2.709924,-0.78626,1.039668,2.826676,5526,9669,4143,5526,0,68.1,5,normal
1780600527.8279715,78.00983270000143,78167,0.028564,-0.024658,1.044922,2.450382,2.847328,0.061069,1.045603,3.757044,5528,9675,4147,5528,0,68.1,1,normal
1780600527.858131,78.0399921000062,78198,0.029053,-0.004395,1.052246,2.396947,2.603053,-0.572519,1.052656,3.584553,5531,9679,4148,5531,0,68.1,5,normal
1780600527.8893337,78.07119479999528,78229,0.032227,0.011475,1.067383,0.381679,2.679389,-0.748092,1.067931,2.807926,5534,9683,4149,5534,0,68.1,5,normal
1780600527.9216452,78.10350630000175,78261,0.053467,-0.074463,1.042236,2.274809,2.946565,-0.381679,1.04626,3.742016,5535,9686,4151,5535,1,68.1,18,normal
1780600527.9516428,78.13350389999687,78292,0.052979,0.001709,1.054199,1.114504,2.267176,-0.59542,1.055531,2.595521,5537,9689,4152,5537,0,68.1,5,normal
1780600527.9829314,78.16479249999975,78323,0.036133,-0.05249,1.067871,1.022901,2.526718,-1.183206,1.069771,2.971633,5540,9693,4153,5540,0,68.1,5,normal
1780600528.014984,78.19684509999934,78355,0.036133,-0.009277,1.063477,2.839695,3.717557,-0.389313,1.064131,4.694216,5544,9699,4155,5544,0,76.0,5,normal
1780600528.0536196,78.23548089999531,78391,0.026855,-0.026855,1.044434,-0.465649,3.053435,-1.145038,1.045124,3.294148,5547,9703,4156,5547,0,76.0,6,normal
1780600528.083528,78.26538920000894,78423,0.062256,-0.019531,1.058838,3.076336,3.847328,-0.442748,1.060846,4.945888,5550,9707,4157,5550,0,76.0,5,normal
1780600528.1159163,78.29777740000281,78455,0.051025,-0.01709,1.056152,0.183206,2.885496,-0.671756,1.057522,2.968318,5553,9711,4158,5553,0,76.0,5,normal
1780600528.1457918,78.32765300000028,78486,0.07373,-0.034912,1.059082,2.580153,2.740458,-0.122137,1.062219,3.765928,5555,9715,4160,5555,0,76.0,0,normal
1780600528.17694,78.35880119999638,78517,0.052979,-0.023438,1.059326,2.152672,2.625954,-0.977099,1.060909,3.53332,5558,9719,4161,5558,0,76.0,5,normal
1780600528.207464,78.38932509999722,78548,0.030762,0.001221,1.059814,0.671756,3.229008,-1.221374,1.060262,3.51703,5559,9721,4162,5559,0,76.0,5,normal
1780600528.2394009,78.42126200000348,78579,0.037598,-0.080811,1.041992,2.458015,2.274809,-0.549618,1.045797,3.393917,5560,9724,4164,5560,1,76.0,17,normal
1780600528.2699358,78.4517971000023,78610,0.023926,-0.000244,1.031738,1.557252,2.312977,-0.587786,1.032016,2.84963,5564,9729,4165,5564,0,78.431,5,normal
1780600528.3018992,78.48376030000509,78641,0.04834,-0.044678,1.058594,0.419847,2.732824,-0.923664,1.060638,2.915091,5565,9731,4166,5565,0,78.431,5,normal
1780600528.3319192,78.51378029999614,78672,0.028564,0.006348,1.048096,3.625954,2.419847,-0.251908,1.048504,4.366539,5570,9738,4168,5570,1,78.431,3,normal
1780600528.3622663,78.54412740000407,78702,0.053467,0.000977,1.05127,1.358779,2.068702,-0.717557,1.052629,2.576955,5573,9743,4170,5573,0,78.431,1,normal
1780600528.3927195,78.57458060000499,78733,0.037842,-0.042236,1.071045,1.015267,2.274809,-1.458015,1.072545,2.886405,5574,9745,4171,5574,0,78.431,5,normal
1780600528.4242327,78.60609400000249,78764,0.068848,-0.017334,1.065674,3.633588,3.145038,-0.396947,1.068036,4.822012,5577,9749,4172,5577,0,78.431,5,normal
1780600528.455708,78.63756920000014,78796,0.028809,-0.015625,1.052978,0.251908,2.961832,-0.793893,1.053488,3.076715,5578,9751,4173,5578,0,78.431,5,normal
1780600528.4856806,78.66754170000786,78827,0.05835,-0.033936,1.054932,2.59542,2.877863,0.137405,1.057089,3.87778,5580,9757,4177,5580,0,78.431,0,normal
1780600528.5173705,78.69923169999674,78857,0.054688,-0.041748,1.062744,2.374046,3.068702,-0.854962,1.064969,3.972906,5583,9761,4178,5583,0,78.431,5,normal
1780600528.548556,78.73041730000114,78888,0.072021,0.020752,1.060547,0.351145,2.748092,-0.320611,1.063192,2.788925,5586,9765,4179,5586,0,79.137,5,normal
1780600528.5797026,78.76156369999808,78920,0.022461,-0.077393,1.040039,2.022901,3.496183,-0.328244,1.043156,4.052551,5587,9768,4181,5587,1,79.137,17,normal
1780600528.6126297,78.79449080000632,78952,0.054688,0.015625,1.04541,1.312977,2.389313,-0.580153,1.046956,2.787347,5589,9771,4182,5589,0,79.137,5,normal
1780600528.6452727,78.82713390000572,78984,0.020752,-0.034424,1.062988,1.91603,2.282443,-1.167939,1.063748,3.20075,5593,9777,4184,5593,0,79.137,0,normal
1780600528.6769743,78.85883549999562,79016,0.053711,-0.032227,1.061035,2.236641,3.145038,-0.381679,1.062882,3.878081,5596,9781,4185,5596,0,79.137,6,normal
1780600528.7078195,78.88968059999752,79048,0.06665,0.004883,1.060791,0.770992,3.076336,-1.015267,1.062894,3.330021,5597,9783,4186,5597,0,79.137,5,normal
1780600528.7395887,78.92145000000892,79079,0.039551,-0.086426,1.048828,2.030534,3.526718,-0.59542,1.053126,4.112826,5598,9786,4188,5598,1,79.137,17,normal
1780600528.7713127,78.95317380000779,79111,0.033691,0.007324,1.048828,1.152672,2.259542,-0.778626,1.049395,2.653383,5602,9791,4189,5602,0,79.137,5,normal
1780600528.8028045,78.98466570000164,79142,0.030029,-0.042236,1.070557,0.938931,2.152672,-1.274809,1.07181,2.672214,5604,9795,4191,5604,0,70.866,0,normal
1780600528.835038,79.01689919999626,79174,0.060547,-0.019287,1.04834,2.870229,3.351145,-0.442748,1.050264,4.434458,5608,9801,4193,5608,0,70.866,5,normal
1780600528.8651204,79.04698149999604,79205,0.034912,-0.02002,1.044678,-0.312977,2.503817,-0.900763,1.045453,2.679259,5610,9805,4195,5610,0,70.866,1,normal
1780600528.8964055,79.07826670000213,79236,0.068359,-0.049072,1.052734,2.435115,2.725191,-0.038168,1.056092,3.654847,5611,9807,4196,5611,0,70.866,5,normal
1780600528.9272695,79.10913070000242,79267,0.051758,-0.013916,1.053955,2.129771,2.160305,-0.862595,1.055317,3.153873,5614,9811,4197,5614,0,70.866,5,normal
1780600528.958638,79.14049910000176,79298,0.064697,0.005127,1.057617,0.419847,2.725191,-0.938931,1.059607,2.912822,5615,9813,4198,5615,0,70.866,5,normal
1780600528.9900835,79.1719446000061,79329,0.042725,-0.073486,1.043945,2.625954,2.068702,-0.442748,1.0474,3.37212,5617,9820,4203,5617,1,70.866,3,normal
1780600529.0287898,79.21065090000047,79360,0.041504,-0.012451,1.044434,1.183206,2.877863,-0.526718,1.045332,3.155868,5621,9825,4204,5621,0,70.866,0,normal
1780600529.0532954,79.235156499999,79392,0.029541,-0.046631,1.064941,0.992366,2.526718,-0.870229,1.066371,2.850683,5622,9827,4205,5622,0,72.0,5,normal
1780600529.0838203,79.26568140000745,79423,0.053467,-0.018311,1.062256,3.076336,3.244275,-0.587786,1.063758,4.509396,5625,9831,4206,5625,0,72.0,5,normal
1780600529.1137269,79.2955881000089,79454,0.03833,-0.032959,1.037598,0.206107,2.152672,-0.793893,1.038828,2.303637,5626,9833,4207,5626,0,72.0,5,normal
1780600529.145876,79.32773710000038,79485,0.030273,-0.020996,1.05249,2.175573,2.946565,-0.335878,1.053135,3.678067,5629,9839,4210,5629,0,72.0,0,normal
1780600529.1761582,79.35801930000889,79516,0.05127,-0.022461,1.061279,2.503817,2.763359,-0.618321,1.062754,3.77989,5632,9843,4211,5632,0,72.0,5,normal
1780600529.2081995,79.3900605999952,79548,0.037598,-0.004395,1.060303,0.587786,2.694656,-0.954198,1.060978,2.918418,5633,9845,4212,5633,0,72.0,5,normal
1780600529.239136,79.42099719999533,79579,0.033936,-0.078125,1.046875,2.10687,2.648855,-0.687023,1.050334,3.453597,5634,9848,4214,5634,1,72.0,17,normal
1780600529.2705634,79.45242460000736,79610,0.045898,-0.003418,1.054932,1.603053,2.503817,-0.51145,1.055935,3.016697,5638,9853,4215,5638,0,72.0,5,normal
1780600529.3007271,79.48258840000199,79641,0.03125,-0.050537,1.067871,0.816794,2.885496,-1.21374,1.069523,3.235182,5639,9855,4216,5639,0,72.0,5,normal
1780600529.3328366,79.51469779999752,79672,0.03418,0.001709,1.046875,3.526718,3.236641,-0.412214,1.047434,4.80453,5641,9862,4221,5641,1,67.857,3,normal
1780600529.363086,79.54494720000366,79703,0.05127,-0.001953,1.044678,0.167939,2.580153,-1.160305,1.045937,2.834025,5643,9865,4222,5643,0,67.857,5,normal
1780600529.3942988,79.57615999999689,79734,0.052734,-0.050537,1.061523,1.725191,2.717557,-1.10687,1.064033,3.403904,5644,9867,4223,5644,0,67.857,5,normal
1780600529.4256496,79.60751080000773,79765,0.036133,-0.029053,1.057373,2.48855,3.59542,-0.396947,1.058389,4.390614,5647,9871,4224,5647,0,67.857,5,normal
1780600529.4577804,79.63964160000614,79796,0.033203,-0.014893,1.046875,0.389313,2.717557,-0.816794,1.047507,2.864234,5648,9873,4225,5648,0,67.857,5,normal
1780600529.4887125,79.67057370000111,79828,0.0354,-0.057617,1.040772,2.076336,2.992366,0.160305,1.042966,3.6457,5650,9880,4230,5650,1,67.857,3,normal
1780600529.519094,79.70095510000829,79859,0.026855,-0.010498,1.045166,1.450382,2.557252,-0.717557,1.045564,3.026224,5653,9885,4232,5653,0,67.857,1,normal
1780600529.5506144,79.73247560000164,79890,0.031982,-0.030518,1.05957,0.503817,2.519084,-0.969466,1.060492,2.745811,5654,9887,4233,5654,0,67.857,5,normal
1780600529.5815928,79.76345389999915,79921,0.058105,-0.054199,1.044678,2.618321,2.160305,-0.656489,1.047695,3.457383,5655,9890,4235,5655,1,67.857,18,normal
1780600529.61213,79.7939910999994,79952,0.046387,-0.010498,1.046143,1.183206,2.442748,-0.59542,1.047223,2.778762,5657,9893,4236,5657,0,57.143,5,normal
1780600529.6431587,79.8250199000031,79983,0.023438,-0.056396,1.067383,0.946565,2.847328,-1.091603,1.069128,3.192939,5660,9898,4238,5660,1,57.143,14,normal
1780600529.676037,79.85789830000431,80015,0.048096,-0.026123,1.060303,2.778626,3.175573,-0.59542,1.061714,4.261402,5664,9903,4239,5664,0,57.143,5,normal
1780600529.7073238,79.88918490000651,80046,0.043701,-0.037598,1.037598,-0.045802,3.496183,-0.580153,1.039198,3.544287,5665,9905,4240,5665,0,57.143,5,normal
1780600529.7382598,79.92012090000208,80078,0.041748,-0.052002,1.050293,2.015267,2.755725,-0.083969,1.052408,3.415022,5666,9908,4242,5666,1,57.143,17,normal
1780600529.7698708,79.9517319000006,80110,0.037354,-0.017822,1.046387,1.358779,2.396947,-0.480916,1.047205,2.796947,5670,9913,4243,5670,0,57.143,5,normal
1780600529.8010392,79.98290050000651,80142,0.029053,-0.053955,1.058838,1.21374,2.687023,-1.007634,1.06061,3.11586,5671,9915,4244,5671,1,57.143,5,normal
1780600529.833676,80.0155373000016,80173,0.025391,0.000244,1.049561,3.045802,3.557252,-0.580153,1.049868,4.718848,5674,9920,4246,5674,1,57.143,0,normal
1780600529.865156,80.04701710000518,80204,0.02832,-0.03418,1.042969,0.068702,2.961832,-0.877863,1.043913,3.089954,5676,9923,4247,5676,0,75.397,5,normal
1780600529.89728,80.07914119999623,80236,0.063965,-0.046387,1.053467,2.427481,2.458015,-0.137405,1.056426,3.457366,5677,9925,4248,5677,0,75.397,5,normal
1780600529.9296312,80.11149250000017,80268,0.020264,-0.011963,1.05127,1.633588,2.282443,-0.496183,1.051533,2.850325,5680,9929,4249,5680,0,75.397,5,normal
1780600529.9588978,80.14075900000171,80299,0.042725,-0.018799,1.060547,0.465649,2.145038,-1.160305,1.061574,2.482806,5681,9931,4250,5681,0,75.397,5,normal
1780600530.0058367,80.18769800000882,80330,0.044922,-0.042725,1.052002,2.358779,3.007634,-0.40458,1.053827,3.843616,5683,9938,4255,5683,1,75.397,3,normal
1780600530.0209122,80.20277329999954,80361,0.028076,-0.001709,1.045166,1.290076,2.557252,-0.694656,1.045544,2.947267,5686,9943,4257,5686,0,75.397,1,normal
1780600530.0527759,80.23463710000215,80392,0.023193,-0.046875,1.065918,0.908397,2.465649,-1.267176,1.0672,2.917249,5687,9945,4258,5687,0,75.397,5,normal
1780600530.0837584,80.26561950000178,80423,0.037842,0.000488,1.051514,3.099237,3.862595,0.175573,1.052194,4.955375,5689,9948,4259,5689,1,75.397,16,normal
1780600530.1143472,80.2962084000028,80454,0.051514,-0.013672,1.036133,0.053435,2.251908,-0.977099,1.037503,2.455335,5691,9951,4260,5691,0,60.0,5,normal
1780600530.1444354,80.32629650000308,80485,0.026123,-0.006836,1.060059,2.129771,3.259542,-0.374046,1.060402,3.911579,5696,9957,4261,5696,0,60.0,1,normal
1780600530.1756437,80.3575048000057,80516,0.031738,-0.031494,1.057861,2.206107,3.091603,-0.603053,1.058806,3.845594,5699,9961,4262,5699,0,60.0,6,normal
1780600530.2076697,80.38953090000723,80547,0.05249,0.026123,1.05835,0.19084,3.618321,-0.839695,1.059972,3.719375,5700,9963,4263,5700,0,60.0,5,normal
1780600530.2403505,80.42221170000266,80579,0.048584,-0.079102,1.039307,2.175573,2.267176,-0.343511,1.043444,3.160886,5701,9966,4265,5701,1,60.0,18,normal
1780600530.2712975,80.45315860000846,80611,0.03418,-0.00708,1.041016,1.21374,2.519084,-0.564886,1.041601,2.852726,5705,9971,4266,5705,0,60.0,5,normal
1780600530.301964,80.48382510000374,80642,0.025635,-0.050293,1.071289,1.053435,2.656489,-1.335878,1.072775,3.154556,5706,9973,4267,5706,0,60.0,5,normal
1780600530.3330173,80.51487860000634,80673,0.027344,-0.01416,1.04834,2.664122,3.343511,-0.236641,1.048792,4.28166,5710,9978,4268,5710,1,60.0,16,normal
1780600530.3630753,80.54493630000798,80703,0.05835,-0.008545,1.037109,0.519084,2.022901,-0.847328,1.038785,2.253784,5712,9981,4269,5712,0,60.0,5,normal
1780600530.3938065,80.5756676000019,80734,0.0625,-0.053711,1.063477,1.908397,2.587786,-1.022901,1.066665,3.374158,5713,9983,4270,5713,0,78.571,5,normal
1780600530.4250236,80.60688459999801,80764,0.056152,-0.013184,1.063965,2.854962,3.458015,-0.328244,1.065527,4.496268,5716,9988,4272,5716,1,78.571,14,normal
1780600530.4571633,80.63902440000675,80796,0.051514,-0.028076,1.054443,-0.022901,2.679389,-0.770992,1.056074,2.788204,5718,9991,4273,5718,0,78.571,5,normal
1780600530.4887888,80.67065010000078,80828,0.038574,-0.061523,1.038086,1.534351,2.847328,0.152672,1.040623,3.238027,5720,9998,4278,5720,1,78.571,4,normal
1780600530.521337,80.70319820000441,80860,0.043945,-0.024658,1.037842,1.221374,2.625954,-0.48855,1.039064,2.937018,5723,10003,4280,5723,0,78.571,0,normal
1780600530.553219,80.73508020000008,80892,0.028564,-0.061279,1.064941,0.832061,2.580153,-0.832061,1.067085,2.835814,5724,10005,4281,5724,0,78.571,5,normal
1780600530.5845144,80.76637549999577,80924,0.056885,-0.017578,1.067627,2.770992,3.603053,-0.648855,1.069286,4.591449,5727,10009,4282,5727,0,78.571,5,normal
1780600530.6150715,80.79693280000356,80955,0.0354,-0.034424,1.046143,-0.152672,3.290076,-0.877863,1.047307,3.4086,5728,10011,4283,5728,0,78.571,5,normal
1780600530.6467524,80.82861350000894,80986,0.070312,-0.053223,1.046875,2.564885,2.961832,-0.358779,1.050582,3.934439,5730,10017,4287,5730,0,67.46,0,normal
1780600530.6770506,80.85891179999453,81018,0.04834,-0.01416,1.057373,2.0,2.679389,-0.801527,1.058572,3.438251,5733,10022,4289,5733,1,67.46,3,normal
1780600530.707148,80.88900920000742,81048,0.060059,0.000732,1.067383,0.48855,2.923664,-0.587786,1.069071,3.021917,5735,10025,4290,5735,0,67.46,5,normal
1780600530.7398157,80.92167690000497,81079,0.04541,-0.062012,1.047363,2.290076,2.496183,-0.053435,1.05018,3.387954,5736,10028,4292,5736,1,67.46,18,normal
1780600530.7708268,80.9526879000041,81111,0.056152,-0.007568,1.058838,1.351145,2.480916,-0.519084,1.060353,2.872279,5740,10033,4293,5740,0,67.46,5,normal
1780600530.801827,80.98368800000753,81141,0.039795,-0.039551,1.067627,0.480916,2.198473,-0.824427,1.0691,2.396716,5742,10037,4295,5742,0,67.46,5,normal
1780600530.8322504,81.01411160000134,81173,0.0354,-0.000488,1.046143,2.923664,3.114504,-0.450382,1.046741,4.295438,5745,10042,4297,5745,1,67.46,18,normal
1780600530.8643906,81.04625169999781,81204,0.047363,-0.010742,1.042725,0.305344,2.389313,-0.969466,1.043855,2.59652,5747,10045,4298,5747,0,67.46,5,normal
1780600530.895897,81.07775799999945,81235,0.037842,-0.007324,1.054688,2.10687,2.832061,-0.900763,1.055392,3.642917,5748,10047,4299,5748,0,67.46,5,normal
1780600530.9273138,81.10917490000429,81266,0.043213,-0.030273,1.059814,2.312977,3.854962,-0.496183,1.061127,4.522918,5752,10053,4301,5752,0,78.571,5,normal
1780600530.9582574,81.14011870000104,81298,0.034912,0.023926,1.051514,0.305344,3.755725,-0.847328,1.052365,3.862211,5753,10055,4302,5753,0,78.571,4,normal
1780600530.9890132,81.17087440000614,81329,0.037842,-0.081543,1.039062,2.183206,2.740458,0.137405,1.042944,3.506477,5754,10060,4306,5754,1,78.571,18,normal
1780600531.0375133,81.21937439999601,81360,0.031738,-0.005127,1.054443,1.580153,2.206107,-0.503817,1.054933,2.760004,5756,10063,4307,5756,0,78.571,5,normal
1780600531.0510952,81.23295629999484,81391,0.017578,-0.026855,1.056396,0.770992,2.732824,-1.08397,1.056884,3.039366,5757,10065,4308,5757,0,78.571,5,normal
1780600531.082519,81.26438010000857,81422,0.044678,-0.05542,1.035644,2.854962,3.78626,-0.320611,1.038088,4.752826,5759,10070,4311,5759,1,78.571,14,normal
1780600531.1127434,81.29460449999897,81453,0.058105,0.001709,1.046631,0.984733,2.435115,-0.458015,1.048244,2.66632,5761,10073,4312,5761,0,78.571,5,normal
1780600531.145745,81.32760610000696,81484,0.040283,-0.058838,1.07251,1.183206,2.351145,-1.229008,1.074878,2.904879,5764,10078,4314,5764,0,78.571,14,normal
1780600531.1763835,81.35824470000807,81516,0.070557,-0.025391,1.063477,2.519084,2.977099,-0.450382,1.066117,3.92578,5768,10083,4315,5768,0,64.0,5,normal
1780600531.2075555,81.38941659999546,81547,0.042236,-0.033936,1.043213,0.160305,2.992366,-0.648855,1.044619,3.0661,5771,10087,4316,5771,0,64.0,5,normal
1780600531.2384627,81.42032380000455,81578,0.056152,-0.02417,1.056396,2.587786,2.381679,-0.076336,1.058164,3.517792,5772,10089,4317,5772,0,64.0,4,normal
1780600531.2689974,81.45085850000032,81609,0.037598,-0.011719,1.051025,2.183206,2.580153,-0.961832,1.051763,3.514072,5775,10093,4318,5775,0,64.0,5,normal
1780600531.2995894,81.48145049999584,81640,0.059814,-0.00293,1.054199,0.664122,2.587786,-0.664122,1.055899,2.752954,5777,10097,4320,5777,0,64.0,5,normal
1780600531.3314097,81.51327090000268,81671,0.037354,-0.082031,1.04126,2.137405,3.129771,-0.480916,1.045154,3.820372,5778,10102,4324,5778,1,64.0,17,normal
1780600531.3628623,81.54472340000211,81702,0.033936,-0.014893,1.059082,1.160305,2.076336,-0.496183,1.05973,2.429748,5782,10107,4325,5782,0,64.0,5,normal
1780600531.394041,81.57590229999914,81733,0.031494,-0.046875,1.05835,0.801527,2.320611,-1.198473,1.059855,2.732035,5783,10109,4326,5783,0,64.0,5,normal
1780600531.4245234,81.60638460000337,81764,0.060303,-0.012695,1.046143,2.916031,3.412214,-0.51145,1.047956,4.517524,5786,10114,4328,5786,1,64.0,14,normal
1780600531.4549031,81.63676419999683,81795,0.06665,0.002197,1.052002,0.755725,1.931298,-0.679389,1.054113,2.182338,5789,10119,4330,5789,0,75.269,5,normal
1780600531.4863703,81.66823140000633,81826,0.031738,-0.033691,1.058106,2.038168,2.312977,-1.274809,1.059117,3.336035,5792,10123,4331,5792,0,75.269,5,normal
1780600531.5188882,81.7007494999998,81858,0.051514,-0.033203,1.057373,2.114504,3.351145,-0.59542,1.059148,4.006972,5795,10127,4332,5795,0,75.269,6,normal
1780600531.5497177,81.7315787999978,81889,0.049561,-0.006592,1.039307,0.465649,2.832061,-0.541985,1.040508,2.920813,5796,10129,4333,5796,0,75.269,5,normal
1780600531.5808825,81.76274370000465,81920,0.044922,-0.046143,1.051758,1.946565,2.419847,-0.251908,1.053728,3.115804,5798,10134,4336,5798,1,75.269,14,normal
1780600531.6105945,81.79245570000785,81951,0.025879,-0.011719,1.052734,1.847328,2.328244,-0.442748,1.053118,3.004891,5800,10137,4337,5800,0,75.269,5,normal
1780600531.6424382,81.82429930000217,81982,0.032471,-0.011719,1.051758,0.312977,3.351145,-0.984733,1.052324,3.506826,5802,10141,4339,5802,0,75.269,5,normal
1780600531.6735206,81.85538170000655,82013,0.030762,-0.060547,1.044189,2.480916,2.229008,-0.160305,1.046396,3.339029,5803,10146,4343,5803,1,75.269,18,normal
1780600531.704742,81.88660310000705,82044,0.053467,-0.001709,1.055908,1.465649,2.335878,-0.801527,1.057262,2.871741,5805,10149,4344,5805,0,75.269,5,normal
1780600531.7368746,81.91873570000462,82075,0.033203,-0.041504,1.078857,0.885496,2.351145,-1.335878,1.080166,2.845445,5806,10151,4345,5806,0,60.714,5,normal
1780600531.766001,81.94786210000166,82106,0.037598,0.008301,1.05542,3.167939,2.954198,0.10687,1.056122,4.33296,5808,10154,4346,5808,1,60.714,17,normal
1780600531.7979047,81.97976600000402,82137,0.042969,-0.022461,1.04248,0.458015,1.664122,-0.778626,1.043607,1.893499,5811,10159,4348,5811,0,60.714,5,normal
1780600531.8285275,82.01038849999895,82168,0.05127,-0.012939,1.052734,2.0,2.78626,-0.717557,1.054062,3.504016,5813,10163,4350,5813,0,60.714,5,normal
1780600531.8596365,82.04149770000367,82199,0.042969,-0.032227,1.054443,2.091603,3.572519,-0.763359,1.05581,4.209562,5817,10169,4352,5817,0,60.714,5,normal
1780600531.8915458,82.07340690000274,82230,0.071289,0.021973,1.052978,0.832061,3.519084,-0.587786,1.055618,3.663574,5818,10171,4353,5818,0,60.714,5,normal
1780600531.922859,82.10472020000452,82262,0.031738,-0.079346,1.038818,1.885496,3.29771,-0.40458,1.042327,3.820166,5819,10174,4355,5819,1,60.714,18,normal
1780600531.9538927,82.13575390000187,82293,0.030029,-0.000244,1.050781,1.59542,2.679389,-0.793893,1.05121,3.217881,5822,10179,4357,5822,0,60.714,5,normal
1780600531.983929,82.16579020000063,82324,0.049561,-0.030029,1.055908,0.641221,2.648855,-0.801527,1.057497,2.840782,5824,10183,4359,5824,0,60.714,5,normal
1780600532.0166044,82.1984655999986,82355,0.06958,-0.054443,1.050537,2.984733,3.030534,0.076336,1.054246,4.254244,5825,10186,4361,5825,1,67.857,18,normal
1780600532.0457513,82.22761250000622,82386,0.043457,-0.005127,1.044922,0.977099,2.366412,-0.480916,1.045838,2.604978,5827,10189,4362,5827,0,67.857,4,normal
1780600532.07769,82.25955109999632,82417,0.040771,-0.055176,1.081055,1.389313,2.259542,-1.305344,1.083229,2.956288,5829,10193,4364,5829,0,67.857,1,normal
1780600532.1085067,82.290367900001,82448,0.043213,-0.016602,1.046631,2.625954,3.671756,-0.687023,1.047654,4.566118,5832,10197,4365,5832,0,67.857,5,normal
1780600532.1402864,82.32214760000352,82479,0.034668,-0.024658,1.042725,-0.015267,2.572519,-1.229008,1.043592,2.851061,5834,10201,4367,5834,0,67.857,5,normal
1780600532.1700127,82.35187389999919,82510,0.043945,-0.028564,1.047119,2.480916,2.709924,-0.045802,1.04843,3.674334,5835,10203,4368,5835,0,67.857,5,normal
1780600532.2017033,82.3835645000072,82541,0.058838,-0.016846,1.045898,2.450382,3.053435,-0.816794,1.047688,3.999374,5838,10207,4369,5838,0,67.857,5,normal
1780600532.2328267,82.41468790000363,82572,0.057861,0.020752,1.052734,0.534351,2.862595,-0.832061,1.054528,3.028582,5840,10211,4371,5840,0,67.857,0,normal
1780600532.263754,82.44561500000418,82603,0.020508,-0.076416,1.030518,2.022901,2.229008,-0.129771,1.03355,3.01288,5841,10214,4373,5841,1,67.857,18,normal
1780600532.2941706,82.47603170000366,82634,0.01001,-0.005859,1.054199,1.381679,2.679389,-0.625954,1.054263,3.078958,5844,10219,4375,5844,0,68.1,6,normal
1780600532.3248322,82.50669330000528,82665,0.025635,-0.024414,1.056396,0.709924,2.534351,-0.725191,1.056989,2.729987,5846,10223,4377,5846,0,68.1,5,normal
1780600532.3559725,82.53783359999943,82696,0.060059,-0.052734,1.050293,2.900763,3.305344,-0.007634,1.05333,4.397702,5848,10228,4380,5848,1,68.1,14,normal
1780600532.3854542,82.567315399996,82727,0.041016,0.004883,1.044434,0.740458,2.633588,-0.40458,1.04525,2.765456,5850,10231,4381,5850,0,68.1,5,normal
1780600532.4183848,82.60024600000179,82757,0.04248,-0.049805,1.06958,0.870229,2.664122,-0.755725,1.071581,2.902752,5851,10233,4382,5851,0,68.1,5,normal
1780600532.4476094,82.62947060000442,82788,0.057861,0.004639,1.056885,3.061069,3.015267,0.068702,1.058478,4.29729,5854,10238,4384,5854,1,68.1,4,normal
1780600532.4785764,82.6604376000032,82818,0.061768,0.00415,1.041016,1.145038,2.053435,-0.580153,1.042855,2.421628,5857,10243,4386,5857,0,68.1,5,normal
1780600532.5109007,82.69276190000528,82849,0.054932,-0.049561,1.066894,1.824428,2.549618,-0.89313,1.069457,3.259872,5859,10247,4388,5859,0,68.1,1,normal
1780600532.5408504,82.7227114999987,82880,0.038818,-0.005615,1.055908,2.954198,3.396947,-0.435114,1.056636,4.522816,5862,10251,4389,5862,0,68.1,5,normal
1780600532.5719728,82.75383400000283,82911,0.030762,-0.035889,1.040283,-0.335878,2.519084,-0.877863,1.041356,2.688725,5863,10253,4390,5863,0,68.592,5,normal
1780600532.6032221,82.7850832999975,82942,0.057617,-0.030518,1.041748,2.328244,2.847328,0.022901,1.043786,3.678114,5865,10257,4392,5865,0,68.592,1,normal
1780600532.6332436,82.81510469999921,82973,0.060059,-0.026367,1.057861,2.244275,3.290076,-0.793893,1.059893,4.06099,5869,10263,4394,5869,0,68.592,5,normal
1780600532.6637177,82.84557900000073,83004,0.0625,0.019043,1.053223,0.755725,2.946565,-0.633588,1.055247,3.107217,5870,10265,4395,5870,0,68.592,5,normal
1780600532.695558,82.87741929999902,83034,0.041016,-0.063965,1.048096,2.038168,2.503817,-0.419847,1.050846,3.255687,5871,10268,4397,5871,1,68.592,18,normal
1780600532.7262645,82.90812560000631,83066,0.048584,-0.01001,1.058838,1.351145,2.175573,-0.763359,1.059999,2.672345,5874,10273,4399,5874,0,68.592,0,normal
1780600532.7573364,82.93919760000426,83097,0.042725,-0.027588,1.060791,0.358779,3.083969,-0.923664,1.062009,3.239251,5875,10275,4400,5875,0,68.592,5,normal
1780600532.7886362,82.97049740000512,83128,0.066406,-0.059082,1.03833,2.946565,2.114504,-0.427481,1.042128,3.651864,5877,10280,4403,5877,1,68.592,4,normal
1780600532.8198063,83.00166740000714,83159,0.072021,0.006592,1.054443,0.870229,2.801527,-0.847328,1.056921,3.053492,5879,10283,4404,5879,0,68.592,5,normal
1780600532.8504317,83.03229279999505,83190,0.05835,-0.059082,1.078125,1.312977,2.687023,-0.916031,1.081318,3.127797,5880,10285,4405,5880,0,60.932,5,normal
1780600532.8811836,83.06304470000032,83222,0.040039,-0.02124,1.055664,2.29771,3.122137,-0.534351,1.056637,3.91315,5883,10289,4406,5883,0,60.932,5,normal
1780600532.9119005,83.09376170000178,83252,0.040771,-0.033691,1.042725,0.160305,2.435115,-0.671756,1.044065,2.531153,5884,10291,4407,5884,0,60.932,5,normal
1780600532.943008,83.12486900000658,83283,0.052002,-0.032715,1.049072,2.40458,3.328244,-0.290076,1.05087,4.116232,5886,10295,4409,5886,0,60.932,1,normal
1780600532.9744072,83.15626839999459,83314,0.065186,-0.025635,1.058594,2.503817,2.671756,-0.916031,1.060909,3.774452,5890,10301,4411,5890,0,60.932,5,normal
1780600533.0046198,83.18648089999624,83345,0.071045,0.008301,1.058838,0.519084,2.587786,-0.709924,1.061251,2.733144,5892,10305,4413,5892,0,60.932,0,normal
1780600533.0383067,83.22016789999907,83376,0.023193,-0.075684,1.038086,2.053435,2.89313,-0.267176,1.0411,3.557834,5893,10308,4415,5893,1,60.932,18,normal
1780600533.0692773,83.25113849999616,83408,0.02124,-0.014648,1.04834,1.282443,2.885496,-1.030534,1.048657,3.321558,5895,10311,4416,5895,0,60.932,5,normal
1780600533.0988693,83.28073060000315,83439,0.018799,-0.04541,1.0625,1.221374,2.854962,-0.778626,1.063636,3.201378,5896,10313,4417,5896,0,60.932,4,normal
1780600533.130685,83.3125463000033,83469,0.047119,-0.021484,1.041504,2.732824,2.854962,-0.137405,1.04279,3.954493,5899,10320,4421,5899,1,68.1,3,normal
1780600533.1598594,83.34172070000204,83500,0.055664,0.004639,1.049072,0.839695,2.534351,-0.717557,1.050558,2.764582,5902,10325,4423,5902,0,68.1,0,normal
1780600533.1916804,83.3735416999989,83531,0.052002,-0.052002,1.06543,1.160305,2.633588,-0.770992,1.067965,2.979349,5903,10327,4424,5903,0,68.1,5,normal
1780600533.2233841,83.40524520000326,83562,0.062256,-0.010742,1.054688,3.358779,2.496183,-0.557252,1.056578,4.221712,5906,10331,4425,5906,0,68.1,5,normal
1780600533.2543082,83.43616939999629,83593,0.026123,-0.029053,1.043945,0.229008,2.900763,-0.618321,1.044676,2.974759,5909,10335,4426,5909,0,68.1,5,normal
1780600533.2846937,83.46655490000558,83624,0.030273,-0.027344,1.044189,2.396947,2.740458,-0.435114,1.044986,3.666714,5911,10339,4428,5911,0,68.1,1,normal
1780600533.31538,83.4972412000061,83655,0.056396,-0.029297,1.055908,2.198473,2.59542,-0.870229,1.057819,3.510952,5914,10343,4429,5914,0,68.1,5,normal
1780600533.3464828,83.52834380000422,83686,0.067871,0.00293,1.060059,0.458015,3.160305,-1.030534,1.062233,3.355489,5915,10345,4430,5915,0,68.1,5,normal
1780600533.378677,83.56053800000518,83717,0.018799,-0.070068,1.043701,1.900763,2.687023,-0.519084,1.046219,3.332033,5916,10348,4432,5916,1,68.1,18,normal
1780600533.4086995,83.59056060000148,83749,0.031738,-0.008789,1.053467,1.137405,2.78626,-0.091603,1.053981,3.010867,5920,10353,4433,5920,0,75.0,5,normal
1780600533.4410112,83.62287229999492,83780,0.011475,-0.047363,1.067139,1.038168,2.648855,-0.664122,1.068251,2.921521,5921,10355,4434,5921,0,75.0,5,normal
1780600533.4711492,83.65301039999758,83811,0.045654,0.005371,1.054443,2.908397,3.358779,-0.29771,1.055445,4.452954,5926,10362,4436,5926,1,75.0,3,normal
1780600533.5021636,83.68402470000728,83842,0.041016,-0.012207,1.042725,0.145038,2.587786,-0.770992,1.043602,2.70409,5929,10367,4438,5929,0,75.0,0,normal
1780600533.5316622,83.71352330000082,83872,0.025391,-0.042969,1.064697,0.946565,2.839695,-1.099237,1.065866,3.188757,5930,10369,4439,5930,0,75.0,4,normal
1780600533.5637715,83.74563259999559,83903,0.021729,-0.013428,1.051758,2.870229,3.427481,-0.19084,1.052068,4.474624,5932,10372,4440,5932,0,75.0,16,normal
1780600533.5949526,83.77681369999482,83934,0.014893,-0.023926,1.042725,-0.236641,2.740458,-1.137405,1.043105,2.976541,5934,10375,4441,5934,0,75.0,5,normal
1780600533.6261404,83.80800140000065,83965,0.018311,-0.01123,1.050781,2.412214,3.19084,-0.59542,1.051001,4.044102,5937,10381,4444,5937,0,75.0,0,normal
1780600533.6628957,83.84475679999741,84002,0.044678,-0.015381,1.053467,2.183206,3.099237,-0.473282,1.054526,3.820426,5942,10387,4445,5942,0,86.957,0,normal
1780600533.694242,83.87610320000385,84033,0.024902,-0.026367,1.047119,2.21374,2.21374,-0.870229,1.047747,3.249398,5943,10389,4446,5943,0,86.957,5,normal
1780600533.7250416,83.90690280000854,84064,0.048584,-0.0354,1.053223,2.198473,3.007634,-0.801527,1.054937,3.81072,5946,10393,4447,5946,0,86.957,6,normal
1780600533.7569914,83.93885249999585,84096,0.074463,0.003418,1.063965,0.793893,2.832061,-0.854962,1.066573,3.062972,5947,10395,4448,5947,0,86.957,5,normal
1780600533.7878947,83.96975580000435,84127,0.01416,-0.065918,1.036865,2.061069,2.748092,-0.938931,1.039055,3.561124,5949,10402,4453,5949,1,86.957,3,normal
1780600533.8169842,83.9988452999969,84158,0.031738,0.001465,1.050293,1.0,2.381679,-0.625954,1.050773,2.657859,5951,10405,4454,5951,0,86.957,5,normal
1780600533.8490722,84.03093340000487,84188,0.036133,-0.011963,1.062744,0.458015,2.664122,-1.068702,1.063425,2.906794,5952,10407,4455,5952,0,86.957,5,normal
1780600533.8802435,84.062104800003,84220,0.070312,-0.032959,1.043457,3.351145,2.717557,0.152672,1.046342,4.317244,5953,10410,4457,5953,1,86.957,17,normal
1780600533.9116716,84.09353290000581,84251,0.039795,-0.016113,1.040527,0.320611,2.473282,-0.832061,1.041413,2.629114,5957,10415,4458,5957,0,86.957,5,normal
1780600533.9423482,84.12420930000371,84282,0.041992,-0.04541,1.068604,1.396947,2.48855,-1.412214,1.070392,3.18413,5959,10419,4460,5959,0,60.714,0,normal
1780600533.9744003,84.1562613999995,84314,0.034668,-0.024902,1.060547,2.312977,2.740458,-1.015267,1.061406,3.727028,5962,10423,4461,5962,0,60.714,6,normal
1780600534.0068371,84.18869840000116,84346,0.078613,0.020752,1.064453,0.671756,2.931298,-1.068702,1.067554,3.191534,5963,10425,4462,5963,0,60.714,5,normal
1780600534.0385296,84.22039089999453,84377,0.023193,-0.076416,1.033936,2.343511,2.366412,-0.206107,1.037015,3.33683,5964,10428,4464,5964,1,60.714,18,normal
1780600534.070081,84.25194220000412,84409,0.023682,-0.003662,1.044434,1.328244,2.51145,-0.427481,1.044708,2.87304,5966,10431,4465,5966,0,60.714,5,normal
1780600534.102389,84.28425029999926,84440,0.042725,-0.052979,1.066894,0.908397,2.671756,-0.862595,1.069063,2.950853,5968,10435,4467,5968,0,60.714,0,normal
1780600534.1334333,84.3152945000038,84472,0.062988,-0.014404,1.065186,2.473282,3.358779,-0.496183,1.067143,4.200562,5972,10441,4469,5972,0,60.714,4,normal
1780600534.1636164,84.3454774999991,84503,0.038086,-0.022217,1.044922,-0.29771,2.442748,-1.08397,1.045852,2.688985,5974,10445,4471,5974,0,60.714,1,normal
1780600534.1936855,84.37554680000176,84534,0.034424,-0.023682,1.056641,2.70229,2.793893,-0.366412,1.057466,3.90416,5975,10447,4472,5975,0,63.492,5,normal
1780600534.2265058,84.4083668999956,84565,0.036377,-0.02832,1.049561,2.21374,2.19084,-1.022901,1.050572,3.278224,5978,10451,4473,5978,0,63.492,6,normal
1780600534.2558608,84.4377220000024,84596,0.071777,-0.001465,1.062256,0.435114,3.015267,-0.679389,1.064679,3.121335,5979,10453,4474,5979,0,63.492,5,normal
1780600534.2885265,84.47038769999926,84627,0.033691,-0.08667,1.041504,2.366412,2.816794,0.045802,1.045647,3.679176,5981,10460,4479,5981,1,63.492,4,normal
1780600534.3186867,84.50054779999482,84658,0.04541,-0.010986,1.05542,1.167939,2.480916,-0.618321,1.056454,2.810933,5984,10465,4481,5984,0,63.492,0,normal
1780600534.3507528,84.5326139999961,84689,0.035156,-0.057617,1.060547,0.648855,2.480916,-0.870229,1.062692,2.707998,5985,10467,4482,5985,0,63.492,5,normal
1780600534.3819692,84.56383030000143,84721,0.024902,0.002686,1.04834,2.877863,3.21374,-0.312977,1.048639,4.325295,5987,10470,4483,5987,1,63.492,18,normal
1780600534.4132664,84.59512749999703,84752,0.044434,-0.023682,1.041016,-0.091603,3.206107,-0.48855,1.042232,3.24441,5991,10475,4484,5991,0,63.492,5,normal
1780600534.4440143,84.62587540000095,84783,0.037598,-0.012451,1.047363,2.374046,2.687023,-0.748092,1.048112,3.662762,5995,10481,4486,5995,0,63.492,1,normal
1780600534.4750714,84.65693260000262,84815,0.040527,-0.015381,1.055908,2.038168,2.366412,-1.21374,1.056798,3.350702,5998,10485,4487,5998,0,81.851,5,normal
1780600534.5065796,84.68844090000493,84846,0.078613,0.016113,1.061279,0.717557,3.343511,-0.89313,1.064309,3.534351,5999,10487,4488,5999,0,81.851,5,normal
1780600534.537896,84.7197570999997,84877,0.050537,-0.069824,1.045654,1.946565,2.778626,-0.351145,1.049201,3.410745,6000,10490,4490,6000,1,81.851,18,normal
1780600534.567864,84.74972500000149,84908,0.046631,0.000488,1.049316,1.419847,2.648855,-0.908397,1.050352,3.139679,6004,10495,4491,6004,0,81.851,5,normal
1780600534.5993977,84.7812588000088,84939,0.048828,-0.032471,1.063721,0.496183,2.206107,-0.854962,1.065336,2.41745,6005,10497,4492,6005,0,81.851,5,normal
1780600534.6302285,84.8120898000052,84970,0.069092,-0.052246,1.04126,2.519084,3.625954,-0.183206,1.044857,4.418924,6007,10504,4497,6007,1,81.851,3,normal
1780600534.6606688,84.84252990000823,85001,0.041992,0.001465,1.049561,0.778626,2.832061,-0.717557,1.050401,3.023527,6010,10509,4499,6010,0,81.851,0,normal
1780600534.6927671,84.87462840000808,85032,0.043457,-0.04834,1.073486,1.206107,2.610687,-0.923664,1.075452,3.020519,6011,10511,4500,6011,0,81.851,5,normal
1780600534.7255473,84.90740850000293,85063,0.063721,-0.014648,1.054199,2.694656,3.083969,-0.29771,1.056225,4.106174,6014,10515,4501,6014,0,81.851,5,normal
1780600534.755713,84.93757409999671,85095,0.020752,-0.028564,1.050049,0.564886,2.824427,-0.603053,1.050642,2.942815,6015,10517,4502,6015,0,60.714,5,normal
1780600534.7878675,84.96972870000172,85126,0.036133,-0.058594,1.046387,2.51145,2.763359,-0.175573,1.048649,3.73823,6017,10524,4507,6017,1,60.714,3,normal
1780600534.8201191,85.0019803000032,85158,0.035156,-0.015869,1.050049,1.40458,2.679389,-0.816794,1.050757,3.133548,6020,10529,4509,6020,0,60.714,0,normal
1780600534.8510935,85.03295459999936,85190,0.035156,-0.049072,1.067383,0.80916,2.641221,-1.183206,1.069088,3.005123,6021,10531,4510,6021,0,60.714,5,normal
1780600534.8817048,85.06356589999632,85221,0.0354,-0.006836,1.052002,2.839695,3.793893,0.038168,1.05262,4.739088,6023,10534,4511,6023,1,60.714,17,normal
1780600534.9126775,85.09453859999485,85252,0.024658,-0.019531,1.035889,0.175573,2.541985,-0.732824,1.036366,2.651329,6025,10537,4512,6025,0,60.714,5,normal
1780600534.9438176,85.12567880000279,85283,0.051514,-0.0354,1.063965,2.038168,2.656489,-0.870229,1.065799,3.459532,6029,10543,4514,6029,0,60.714,0,normal
1780600534.9745429,85.15640400000848,85314,0.030029,-0.024658,1.060059,2.0,3.122137,-0.534351,1.06077,3.746101,6032,10547,4515,6032,0,60.714,5,normal
1780600535.0134177,85.19527890000609,85345,0.038818,-0.011719,1.046631,0.480916,2.610687,-0.465649,1.047416,2.695143,6033,10549,4516,6033,0,72.0,5,normal
1780600535.0363674,85.21822850000171,85376,0.033203,-0.04248,1.046387,2.389313,2.885496,-0.229008,1.047775,3.753312,6034,10551,4517,6034,0,72.0,4,normal
1780600535.0669117,85.24877289999858,85407,0.02002,-0.016846,1.060303,1.78626,2.870229,-0.89313,1.060625,3.496658,6039,10557,4518,6039,0,72.0,5,normal
1780600535.097507,85.27936810000392,85438,0.022949,-0.008545,1.059326,1.19084,2.839695,-0.80916,1.059609,3.18382,6040,10559,4519,6040,0,72.0,5,normal
1780600535.129043,85.3109043000004,85469,0.026367,-0.062256,1.043701,2.10687,2.328244,-0.236641,1.045889,3.148908,6041,10564,4523,6041,1,72.0,18,normal
1780600535.158842,85.34070319999591,85500,0.036377,0.003662,1.056885,1.320611,2.59542,-0.641221,1.057517,2.981842,6044,10568,4524,6044,0,72.0,3,normal
1780600535.1905375,85.37239869999758,85530,0.024902,-0.043457,1.057861,0.740458,2.152672,-0.938931,1.059046,2.462492,6045,10570,4525,6045,0,72.0,5,normal
1780600535.2210207,85.40288190000865,85561,0.045898,-0.069092,1.040283,2.580153,2.473282,-0.183206,1.043585,3.57881,6048,10575,4527,6048,1,72.0,14,normal
1780600535.2536778,85.43553889999748,85592,0.062256,0.001465,1.04834,0.923664,2.450382,-0.709924,1.050188,2.713212,6050,10578,4528,6050,0,72.0,5,normal
1780600535.2837198,85.46558099999675,85623,0.03833,-0.053467,1.059326,1.183206,2.816794,-1.229008,1.061367,3.293139,6053,10583,4530,6053,1,71.942,14,normal
1780600535.316562,85.49842309999804,85654,0.033447,-0.009277,1.049561,2.877863,3.358779,-0.21374,1.050134,4.428224,6056,10587,4531,6056,0,71.942,16,normal
1780600535.345818,85.52767910000694,85685,0.052002,-0.033936,1.047119,-0.198473,2.816794,-0.946565,1.048959,2.978205,6060,10592,4532,6060,0,71.942,5,normal
1780600535.3763368,85.55819789999805,85716,0.049805,-0.016113,1.053467,2.244275,2.51145,-0.694656,1.054766,3.438997,6061,10594,4533,6061,0,71.942,5,normal
1780600535.4083064,85.59016760000668,85747,0.029297,-0.015869,1.058838,2.083969,2.541985,-0.70229,1.059362,3.361224,6064,10598,4534,6064,0,71.942,6,normal
1780600535.4404738,85.62233490000654,85779,0.048828,0.016846,1.056152,0.694656,2.916031,-0.717557,1.057415,3.082316,6066,10602,4536,6066,0,71.942,5,normal
1780600535.4709835,85.65284460000112,85810,0.011475,-0.074951,1.040772,2.091603,3.175573,-0.534351,1.04353,3.839869,6067,10607,4540,6067,1,71.942,18,normal
1780600535.502712,85.68457320000743,85842,0.069336,-0.01416,1.049316,1.137405,2.916031,-0.519084,1.0517,3.172754,6071,10612,4541,6071,0,71.942,5,normal
1780600535.532197,85.71405809999851,85873,0.046875,-0.058594,1.063232,1.167939,2.748092,-1.0,1.065877,3.148982,6072,10614,4542,6072,0,76.0,5,normal
1780600535.5638497,85.74571080000896,85903,0.048096,-0.010498,1.049316,3.152672,2.832061,-0.160305,1.05047,4.240944,6074,10619,4545,6074,1,76.0,15,normal
1780600535.5935082,85.77536939999845,85934,0.037354,0.006836,1.04126,0.763359,2.984733,-0.664122,1.041952,3.151572,6077,10624,4547,6077,0,76.0,5,normal
1780600535.625567,85.8074282000016,85965,0.056885,-0.03418,1.058594,1.977099,3.083969,-0.801527,1.060672,3.749964,6080,10628,4548,6080,0,76.0,5,normal
1780600535.656986,85.83884720000788,85996,0.052246,-0.011719,1.05835,2.374046,3.793893,0.061069,1.059703,4.475874,6083,10632,4549,6083,0,76.0,5,normal
1780600535.687531,85.86939210000855,86027,0.030518,-0.028564,1.037109,0.007634,2.465649,-0.78626,1.037951,2.587989,6084,10634,4550,6084,0,76.0,5,normal
1780600535.7177196,85.8995808000036,86057,0.051758,-0.03125,1.057861,1.832061,2.725191,-1.290076,1.059588,3.528089,6086,10638,4552,6086,0,76.0,1,normal
1780600535.747624,85.92948520000209,86087,0.061768,-0.013184,1.062012,2.778626,3.305344,-0.251908,1.063888,4.32545,6089,10642,4553,6089,0,76.0,5,normal
1780600535.7772567,85.95911779999733,86117,0.01709,-0.020508,1.046631,0.442748,2.099237,-0.992366,1.046971,2.363813,6091,10646,4555,6091,0,76.0,5,normal
1780600535.80938,85.9912411999976,86148,0.031494,-0.022217,1.067627,2.198473,3.129771,-0.70229,1.068322,3.888697,6092,10648,4556,6092,0,72.727,5,normal
1780600535.8412755,86.02313670000876,86180,0.040283,-0.023438,1.057617,2.167939,2.801527,-0.923664,1.058644,3.660828,6095,10652,4557,6095,0,72.727,5,normal
1780600535.8711977,86.0530587999965,86211,0.062012,0.005859,1.063721,0.709924,3.045802,-0.900763,1.065543,3.254577,6097,10656,4559,6097,0,72.727,0,normal
1780600535.903592,86.0854532999947,86242,0.039062,-0.080078,1.048096,2.305344,2.244275,-0.496183,1.051876,3.255392,6098,10659,4561,6098,1,72.727,18,normal
1780600535.9338698,86.11573099999805,86274,0.049072,-0.00293,1.053955,1.351145,2.633588,-0.793893,1.055101,3.064579,6101,10664,4563,6101,0,72.727,5,normal
1780600535.9663599,86.14822109999659,86305,0.040527,-0.053223,1.053223,0.763359,2.244275,-1.061069,1.055345,2.597182,6103,10668,4565,6103,0,72.727,5,normal
1780600535.9974797,86.1793408000085,86336,0.034668,0.001221,1.047852,2.984733,3.679389,-0.206107,1.048426,4.742258,6106,10673,4567,6106,1,72.727,14,normal
1780600536.0285318,86.21039290000044,86367,0.054443,-0.01123,1.040039,0.480916,2.664122,-0.412214,1.041524,2.738384,6108,10676,4568,6108,0,72.727,5,normal
1780600536.0585535,86.2404147000052,86398,0.042725,-0.063965,1.05957,1.89313,2.534351,-0.992366,1.062359,3.315368,6109,10678,4569,6109,0,68.0,5,normal
1780600536.0891347,86.2709959000058,86429,0.041992,-0.020508,1.063965,2.465649,3.671756,-0.465649,1.064991,4.447252,6113,10684,4571,6113,0,68.0,5,normal
1780600536.1201851,86.30204640000011,86460,0.041504,-0.036377,1.056885,-0.259542,2.641221,-0.755725,1.058325,2.759444,6115,10688,4573,6115,0,68.0,5,normal
1780600536.1518807,86.33374180000101,86491,0.053467,-0.034424,1.061768,2.664122,2.740458,-0.022901,1.06367,3.822065,6117,10692,4575,6117,0,68.0,0,normal
1780600536.1827762,86.36463730000833,86521,0.050781,-0.02124,1.062744,2.412214,2.19084,-0.793893,1.064169,3.353926,6120,10696,4576,6120,0,68.0,6,normal
1780600536.2125766,86.39443790000223,86553,0.05127,-0.000488,1.061279,0.580153,2.40458,-0.709924,1.062517,2.573436,6121,10698,4577,6121,0,68.0,5,normal
1780600536.2435148,86.42537589999847,86583,0.049316,-0.057861,1.049072,1.961832,2.740458,-0.099237,1.051823,3.371756,6123,10703,4580,6123,1,68.0,4,normal
1780600536.2748072,86.45666830000118,86614,0.030029,-0.01709,1.049072,1.679389,1.91603,-0.610687,1.049641,2.620012,6126,10708,4582,6126,0,68.0,5,normal
1780600536.3054256,86.48728670000855,86645,0.043945,-0.02002,1.053223,0.801527,2.412214,-0.70229,1.054329,2.637126,6127,10710,4583,6127,0,68.0,5,normal
1780600536.3369687,86.51882979999937,86676,0.047852,-0.054199,1.040283,2.625954,2.290076,-0.427481,1.042793,3.510388,6128,10713,4585,6128,1,68.345,18,normal
1780600536.3684149,86.55027609999524,86707,0.048096,-0.022461,1.045654,1.389313,2.473282,-0.664122,1.047001,2.913482,6131,10718,4587,6131,0,68.345,0,normal
1780600536.400678,86.58253909999621,86739,0.059326,-0.06543,1.060791,1.679389,2.351145,-0.969466,1.064462,3.047638,6132,10720,4588,6132,0,68.345,5,normal
1780600536.4300525,86.61191360000521,86770,0.034912,-0.008057,1.05957,2.80916,3.534351,-0.312977,1.060176,4.525591,6136,10726,4590,6136,0,68.345,5,normal
1780600536.462878,86.64473909999651,86801,0.034912,-0.033936,1.043701,-0.083969,2.427481,-1.122137,1.044836,2.675613,6137,10728,4591,6137,0,68.345,5,normal
1780600536.4922233,86.67408440000145,86832,0.059814,-0.008545,1.058838,2.526718,2.78626,-0.122137,1.06056,3.763305,6138,10730,4592,6138,0,68.345,5,normal
1780600536.5246294,86.7064903999999,86863,0.05542,-0.027344,1.05835,1.832061,2.931298,-0.740458,1.060152,3.535142,6141,10734,4593,6141,0,68.345,5,normal
1780600536.5543852,86.73624630000268,86894,0.048584,0.013184,1.058838,0.450382,2.854962,-1.061069,1.060034,3.078883,6144,10738,4594,6144,0,68.345,5,normal
1780600536.5858889,86.76774999999907,86925,0.045898,-0.085938,1.049561,1.900763,2.320611,-0.10687,1.054073,3.001592,6146,10743,4597,6146,1,68.345,3,normal
1780600536.6161783,86.79803950000496,86956,0.015869,0.001953,1.05127,1.580153,1.717557,-0.839695,1.051391,2.480317,6150,10748,4598,6150,0,78.571,5,normal
1780600536.6480463,86.8299074999959,86987,0.017822,-0.020996,1.055664,0.48855,2.427481,-1.08397,1.056023,2.703023,6151,10750,4599,6151,0,78.571,5,normal
1780600536.6791093,86.86097039999731,87018,0.042236,-0.05127,1.029785,2.656489,1.580153,-0.679389,1.031925,3.164709,6152,10753,4601,6152,1,78.571,17,normal
1780600536.7089977,86.89085880000493,87049,0.040283,0.008057,1.034912,0.977099,2.572519,-0.847328,1.035727,2.87933,6156,10758,4602,6156,0,78.571,5,normal
1780600536.7419133,86.92377449999913,87080,0.036621,-0.06543,1.058106,1.167939,2.534351,-1.175572,1.060759,3.028034,6157,10761,4604,6157,1,78.571,14,normal
1780600536.7740214,86.95588249999855,87112,0.039062,-0.01709,1.049805,2.328244,3.160305,-0.022901,1.05067,3.925401,6162,10768,4606,6162,0,78.571,6,normal
1780600536.804522,86.9863830999966,87144,0.073486,-0.006836,1.054199,0.534351,3.19084,-0.541985,1.05678,3.280356,6164,10772,4608,6164,0,78.571,1,normal
1780600536.8375165,87.01937779999571,87175,0.036377,-0.088379,1.045166,2.19084,2.770992,-0.045802,1.049527,3.532743,6165,10775,4610,6165,1,78.571,18,normal
1780600536.8676674,87.049528500007,87207,0.021729,-0.003418,1.039307,1.465649,2.534351,-0.984733,1.039539,3.088812,6167,10778,4611,6167,0,67.729,5,normal
1780600536.8988087,87.08066989999497,87238,0.009521,-0.043701,1.057617,1.206107,1.900763,-0.78626,1.058562,2.384492,6168,10780,4612,6168,0,67.729,5,normal
1780600536.9299145,87.11177560000215,87269,0.057861,-0.037842,1.049561,3.19084,2.427481,-0.145038,1.051835,4.011877,6170,10787,4617,6170,1,67.729,3,normal
1780600536.960729,87.14259000000311,87300,0.040527,0.000244,1.038086,0.877863,2.725191,-0.709924,1.038877,2.949796,6173,10792,4619,6173,0,67.729,0,normal
1780600536.991307,87.17316809999465,87331,0.03125,-0.055908,1.064941,1.290076,2.076336,-1.068702,1.066866,2.667882,6174,10794,4620,6174,0,67.729,5,normal
1780600537.0224605,87.20432170000277,87361,0.062256,0.006348,1.046143,2.916031,3.022901,-0.267176,1.048012,4.208628,6176,10797,4621,6176,1,67.729,17,normal
1780600537.0524204,87.23428150000109,87392,0.068115,-0.007813,1.041992,0.274809,2.305344,-0.725191,1.044245,2.432289,6178,10800,4622,6178,0,67.729,5,normal
1780600537.0836298,87.26549109999905,87423,0.051514,-0.054688,1.061768,2.442748,2.931298,-1.343511,1.064422,4.045312,6182,10806,4624,6182,0,67.729,0,normal
1780600537.1149116,87.2967728000076,87454,0.063965,-0.023193,1.055176,2.160305,3.717557,-0.389313,1.057367,4.317258,6185,10810,4625,6185,0,67.729,5,normal
1780600537.1452909,87.32715199999802,87485,0.05542,-0.04126,1.045898,0.083969,3.137405,-0.435114,1.048178,3.168546,6186,10812,4626,6186,0,68.345,5,normal
1780600537.1770163,87.35887739999453,87516,0.062012,-0.032715,1.045898,2.641221,2.778626,0.129771,1.048246,3.835838,6187,10814,4627,6187,0,68.345,5,normal
1780600537.2087653,87.39062649999687,87547,0.046875,-0.016602,1.060547,1.496183,2.709924,-0.725191,1.061712,3.179332,6192,10820,4628,6192,0,68.345,5,normal
1780600537.23828,87.42014129999734,87578,0.06665,-0.00708,1.06665,0.770992,2.435115,-0.671756,1.068754,2.641111,6195,10824,4629,6195,0,68.345,5,normal
1780600537.2694192,87.4512803999969,87609,0.042236,-0.080811,1.044922,2.419847,3.022901,-0.129771,1.048893,3.87433,6196,10829,4633,6196,1,68.345,17,normal
1780600537.3015478,87.48340900000767,87641,0.0271,0.007324,1.037354,1.030534,2.854962,-0.381679,1.037733,3.059164,6198,10832,4634,6198,0,68.345,5,normal
1780600537.332643,87.51450420000765,87672,0.040771,-0.053955,1.06958,0.938931,2.648855,-1.022901,1.071716,2.990711,6199,10834,4635,6199,0,68.345,5,normal
1780600537.3640885,87.54594969999744,87704,0.039551,-0.012939,1.057129,2.732824,3.580153,-0.137405,1.057948,4.506074,6203,10840,4637,6203,0,68.345,5,normal
1780600537.395299,87.57716020000225,87735,0.014404,-0.019287,1.042725,-0.328244,2.748092,-0.717557,1.043002,2.859133,6204,10842,4638,6204,0,72.0,5,normal
1780600537.426333,87.60819400000037,87766,0.061768,-0.033203,1.060303,2.70229,2.816794,-0.267176,1.062619,3.912554,6206,10848,4642,6206,0,72.0,0,normal
1780600537.4560196,87.6378807000001,87796,0.038818,-0.026123,1.060059,2.19084,3.59542,-0.549618,1.061091,4.246046,6209,10852,4643,6209,0,72.0,5,normal
1780600537.4879856,87.66984679999587,87827,0.039307,-0.014404,1.054688,0.40458,3.412214,-0.59542,1.055518,3.487322,6210,10854,4644,6210,0,72.0,5,normal
1780600537.5202518,87.70211300000665,87859,0.026367,-0.066895,1.039795,2.053435,2.328244,0.114504,1.042278,3.106514,6211,10857,4646,6211,1,72.0,18,normal
1780600537.5509434,87.73280450000311,87890,0.034668,-0.015625,1.049316,1.51145,2.206107,-0.885496,1.050005,2.817001,6213,10860,4647,6213,0,72.0,5,normal
1780600537.5829,87.76476130000083,87921,0.031982,-0.020996,1.058106,0.748092,2.519084,-0.80916,1.058797,2.749575,6215,10864,4649,6215,0,72.0,5,normal
1780600537.6127539,87.79461510000692,87952,0.049805,-0.01123,1.044434,3.076336,1.977099,-0.580153,1.045681,3.702613,6216,10869,4653,6216,1,72.0,18,normal
1780600537.6433225,87.82518359999813,87983,0.063965,0.002686,1.0354,0.938931,2.503817,-0.847328,1.037378,2.805112,6220,10874,4654,6220,0,72.0,5,normal
1780600537.6752791,87.85714039999584,88014,0.036865,-0.064941,1.060791,1.137405,2.564885,-0.900763,1.063416,2.946812,6221,10876,4655,6221,0,60.932,4,normal
1780600537.7056644,87.88752560000285,88045,0.045166,-0.01001,1.055908,2.755725,3.70229,-0.129771,1.056921,4.617122,6224,10880,4656,6224,0,60.932,5,normal
1780600537.7362726,87.91813370000455,88076,0.051025,-0.031738,1.038818,-0.007634,2.564885,-1.068702,1.040555,2.778636,6226,10884,4658,6226,0,60.932,5,normal
1780600537.7681646,87.95002580000437,88107,0.039307,-0.020752,1.054932,2.694656,2.496183,-0.847328,1.055868,3.769624,6228,10888,4660,6228,0,60.932,5,normal
1780600537.8000844,87.98194539999531,88138,0.041504,-0.025879,1.062988,2.145038,2.503817,-0.648855,1.064113,3.360253,6231,10894,4663,6231,0,60.932,6,normal
1780600537.8309724,88.01283350000449,88170,0.068604,0.001709,1.07251,0.725191,2.557252,-0.862595,1.074703,2.79455,6232,10896,4664,6232,0,60.932,5,normal
1780600537.8626432,88.04450450000877,88201,0.034668,-0.068359,1.044922,2.137405,2.114504,-0.29771,1.047729,3.0213,6233,10899,4666,6233,1,60.932,17,normal
1780600537.894099,88.0759601000027,88233,0.028809,0.00293,1.046875,1.48855,2.854962,-0.374046,1.047275,3.241373,6236,10904,4668,6236,0,60.932,5,normal
1780600537.9240146,88.10587569999916,88264,0.025635,-0.050293,1.065674,1.229008,2.465649,-1.0,1.067168,2.93085,6239,10908,4669,6239,0,72.0,5,normal
1780600537.9559453,88.1378063000011,88295,0.048828,0.012207,1.048584,2.78626,3.435115,-0.022901,1.049791,4.423096,6241,10911,4670,6241,1,72.0,17,normal
1780600537.9876065,88.16946760000428,88326,0.032227,-0.020996,1.043945,-0.160305,3.328244,-1.045802,1.044654,3.492364,6243,10914,4671,6243,0,72.0,5,normal
1780600538.0174441,88.1993053000042,88357,0.032715,-0.015869,1.049561,2.381679,3.068702,-1.061069,1.05019,4.02681,6245,10918,4673,6245,0,72.0,1,normal
1780600538.048311,88.23017219999747,88388,0.029785,-0.011719,1.062256,2.290076,2.992366,-0.526718,1.062738,3.804752,6248,10922,4674,6248,0,72.0,5,normal
1780600538.0797515,88.26161270000739,88419,0.04541,0.001465,1.052002,0.465649,3.351145,-0.778626,1.052983,3.47178,6250,10926,4676,6250,0,72.0,5,normal
1780600538.1112602,88.29312129999744,88450,0.038086,-0.047852,1.039062,2.122137,2.679389,0.053435,1.040861,3.418399,6251,10929,4678,6251,1,72.0,18,normal
1780600538.1423457,88.32420679999632,88482,0.036377,-0.008545,1.047852,1.206107,2.183206,-0.656489,1.048518,2.579159,6253,10932,4679,6253,0,72.0,5,normal
1780600538.1722393,88.35410050000064,88512,0.044434,-0.003662,1.060303,0.648855,2.641221,-0.824427,1.06124,2.841961,6255,10936,4681,6255,0,72.0,0,normal
1780600538.203438,88.38529930000368,88542,0.030029,-0.088623,1.046387,1.900763,2.633588,-0.496183,1.050562,3.285557,6256,10939,4683,6256,1,61.151,18,normal
1780600538.2347388,88.4166000999976,88574,0.019043,-0.002686,1.053955,1.40458,2.549618,-0.977099,1.05413,3.070525,6259,10944,4685,6259,0,61.151,5,normal
1780600538.2666297,88.44849080000131,88605,0.0271,-0.043701,1.05835,0.832061,2.549618,-1.08397,1.059598,2.892727,6262,10948,4686,6262,0,61.151,5,normal
1780600538.2967353,88.47859640000388,88636,0.047363,0.00415,1.049805,3.083969,3.19084,0.015267,1.050881,4.43763,6265,10953,4688,6265,1,61.151,14,normal
1780600538.3281872,88.51004850000027,88667,0.032715,-0.019043,1.035889,0.206107,2.328244,-0.587786,1.03658,2.410123,6267,10956,4689,6267,0,61.151,5,normal
1780600538.3606844,88.54254550000769,88699,0.043701,-0.011963,1.070801,2.10687,2.671756,-0.70229,1.071759,3.474247,6268,10958,4690,6268,0,61.151,5,normal
1780600538.3915534,88.5734145000024,88730,0.046631,-0.027832,1.05957,2.351145,2.862595,-0.480916,1.060961,3.735454,6272,10964,4692,6272,0,61.151,5,normal
1780600538.4218502,88.60371140000643,88761,0.072021,0.016602,1.064453,0.274809,3.343511,-0.541985,1.067016,3.398284,6274,10968,4694,6274,0,61.151,5,normal
1780600538.4535446,88.63540579999972,88792,0.060547,-0.05957,1.041992,2.206107,2.366412,0.129771,1.045448,3.237847,6276,10973,4697,6276,1,80.0,14,normal
1780600538.4841015,88.66596280000522,88824,0.026855,-0.015137,1.046875,1.198473,2.40458,-0.801527,1.047329,2.80371,6278,10976,4698,6278,0,80.0,5,normal
1780600538.515671,88.69753210000636,88855,0.009033,-0.043701,1.060303,0.732824,2.259542,-0.740458,1.061241,2.48814,6279,10978,4699,6279,0,80.0,5,normal
1780600538.546576,88.72843719999946,88885,0.060547,-0.062256,1.046631,2.343511,2.335878,-0.21374,1.050228,3.315728,6281,10983,4702,6281,1,80.0,4,normal
1780600538.5766397,88.7585007000016,88916,0.046387,-0.017334,1.049561,1.282443,2.419847,-0.496183,1.050728,2.783257,6284,10988,4704,6284,0,80.0,5,normal
1780600538.6086612,88.79052229999797,88947,0.05835,-0.061279,1.066162,0.961832,2.167939,-1.312977,1.069514,2.710902,6286,10992,4706,6286,0,80.0,1,normal
1780600538.6386883,88.82054960000096,88978,0.065674,-0.005859,1.059326,2.961832,3.015267,-0.083969,1.061376,4.22745,6288,10995,4707,6288,1,80.0,17,normal
1780600538.6701477,88.85200890000851,89009,0.054688,-0.026855,1.04126,0.167939,1.847328,-0.641221,1.043041,1.962649,6291,11000,4709,6291,0,80.0,0,normal
1780600538.7015994,88.88346050000109,89040,0.038574,-0.037109,1.068848,2.312977,2.748092,-0.755725,1.070187,3.670557,6293,11004,4711,6293,0,80.0,0,normal
1780600538.731237,88.91309820000606,89071,0.025879,-0.014893,1.050781,2.351145,3.70229,-0.435114,1.051205,4.407285,6297,11010,4713,6297,0,75.269,5,normal
1780600538.7622662,88.94412739999825,89102,0.052002,-0.008057,1.051025,0.007634,3.114504,-0.580153,1.052342,3.168086,6298,11012,4714,6298,0,75.269,5,normal
1780600538.7930899,88.97495109999727,89132,0.068115,-0.041504,1.04126,2.412214,3.137405,0.137405,1.04431,3.95992,6299,11014,4715,6299,0,75.269,5,normal
1780600538.8250844,89.0069455000048,89164,0.038574,-0.008789,1.044434,1.450382,2.847328,-0.78626,1.045183,3.290758,6302,11018,4716,6302,1,75.269,5,normal
1780600538.8558779,89.0377390000067,89195,0.075928,-0.019043,1.05957,0.885496,2.709924,-0.839695,1.062458,2.972016,6305,11022,4717,6305,0,75.269,5,normal
1780600538.8880181,89.06987940000545,89226,0.039062,-0.07666,1.041016,2.145038,2.167939,-0.251908,1.044565,3.060164,6307,11027,4720,6307,1,75.269,3,normal
1780600538.9176166,89.09947770000144,89257,0.040039,-0.006348,1.053711,1.312977,2.427481,-0.274809,1.05449,2.773462,6309,11030,4721,6309,0,75.269,5,normal
1780600538.9492862,89.13114729999506,89288,0.038086,-0.043945,1.06958,0.877863,2.358779,-0.80916,1.07116,2.643713,6310,11032,4722,6310,0,75.269,5,normal
1780600538.9806137,89.16247480000311,89319,0.058105,0.000732,1.050293,2.977099,2.694656,-0.267176,1.051899,4.024385,6312,11035,4723,6312,1,75.269,17,normal
1780600539.0208604,89.20272159999877,89350,0.055664,-0.031006,1.045166,0.160305,2.427481,-1.022901,1.047106,2.639069,6316,11040,4724,6316,0,68.1,5,normal
1780600539.0421455,89.22400660000858,89381,0.035889,-0.059814,1.065674,1.870229,2.374046,-1.160305,1.067954,3.237307,6318,11044,4726,6318,0,68.1,0,normal
1780600539.0734928,89.25535400000808,89412,0.060791,-0.019043,1.054688,2.618321,3.618321,-0.526718,1.05661,4.497252,6322,11050,4728,6322,0,68.1,5,normal
1780600539.1047754,89.28663650000817,89443,0.046631,-0.030029,1.050293,-0.290076,2.832061,-0.793893,1.051756,2.9555,6324,11054,4730,6324,0,68.1,1,normal
1780600539.1356122,89.31747330000508,89474,0.04541,-0.032227,1.046631,2.435115,3.274809,-0.099237,1.048111,4.082157,6325,11056,4731,6325,0,68.1,5,normal
1780600539.1660774,89.34793859999627,89505,0.058838,-0.026855,1.067139,1.900763,2.740458,-0.770992,1.069097,3.423075,6328,11060,4732,6328,0,68.1,4,normal
1780600539.1970446,89.37890579999657,89536,0.06958,-0.006836,1.060547,0.480916,3.664122,-0.496183,1.062849,3.728709,6329,11062,4733,6329,0,68.1,5,normal
1780600539.2275798,89.40944109999691,89567,0.037598,-0.090088,1.03833,2.206107,2.648855,0.083969,1.042909,3.448244,6331,11069,4738,6331,1,68.1,3,normal
1780600539.264533,89.44639420000021,89604,0.030518,-0.005859,1.058106,1.641221,2.343511,-0.770992,1.058562,2.96312,6334,11074,4740,6334,0,70.866,0,normal
1780600539.296519,89.47838010000123,89635,0.027588,-0.077881,1.04834,1.832061,2.48855,-0.038168,1.051591,3.090434,6335,11077,4742,6335,1,70.866,18,normal
1780600539.3270648,89.508925800008,89666,0.035156,-0.005127,1.056152,1.587786,2.167939,-0.641221,1.05675,2.762642,6337,11080,4743,6337,0,70.866,5,normal
1780600539.3590767,89.54093800000555,89697,0.006592,-0.032715,1.064941,0.48855,2.694656,-1.320611,1.065464,3.040373,6338,11082,4744,6338,0,70.866,5,normal
1780600539.3888025,89.57066379999742,89728,0.066406,-0.070312,1.045654,2.221374,3.755725,-0.427481,1.050117,4.384371,6340,11089,4749,6340,1,70.866,3,normal
1780600539.419826,89.60168720000365,89759,0.037598,0.006104,1.034668,1.076336,2.534351,-0.755725,1.035369,2.855268,6343,11094,4751,6343,0,70.866,1,normal
1780600539.451831,89.63369220000459,89790,0.051758,-0.049072,1.064697,1.022901,2.778626,-1.21374,1.067084,3.20004,6344,11096,4752,6344,0,70.866,5,normal
1780600539.4823165,89.66417770000407,89821,0.040283,-0.008545,1.050293,3.145038,2.648855,-0.358779,1.0511,4.12752,6346,11099,4753,6346,1,70.866,16,normal
1780600539.5124302,89.69429139999556,89852,0.041504,-0.038818,1.031006,0.022901,1.877863,-1.267176,1.032571,2.26553,6350,11104,4754,6350,0,70.866,5,normal
1780600539.5444372,89.72629829999642,89883,0.046875,-0.020264,1.054199,2.534351,2.839695,-0.70229,1.055435,3.870402,6354,11110,4756,6354,0,71.685,1,normal
1780600539.5757735,89.75763459999871,89915,0.04126,-0.013672,1.054199,2.007634,2.89313,-0.862595,1.055095,3.625585,6357,11114,4757,6357,0,71.685,5,normal
1780600539.6074955,89.78935679999995,89946,0.046875,-0.007813,1.055664,0.305344,2.969466,-0.587786,1.056733,3.042442,6358,11116,4758,6358,0,71.685,5,normal
1780600539.638628,89.8204892000067,89977,0.020996,-0.073242,1.047119,1.969466,2.572519,-0.312977,1.049887,3.254935,6359,11119,4760,6359,1,71.685,18,normal
1780600539.6702173,89.85207850000006,90009,0.047119,-0.015381,1.045898,1.335878,2.137405,-0.152672,1.047072,2.525149,6363,11124,4761,6363,0,71.685,6,normal
1780600539.7002053,89.8820665999956,90040,0.01709,-0.038574,1.055176,0.770992,2.29771,-1.068702,1.056019,2.648778,6364,11126,4762,6364,0,71.685,5,normal
1780600539.7313013,89.91316240000015,90070,0.041992,-0.01123,1.036865,2.969466,3.396947,-0.534351,1.037776,4.543402,6367,11131,4764,6367,1,71.685,18,normal
1780600539.7621949,89.94405600000755,90101,0.025146,0.015625,1.035889,1.167939,1.977099,-0.541985,1.036312,2.359396,6369,11134,4765,6369,0,71.685,5,normal
1780600539.7921772,89.97403840000334,90132,0.033691,-0.047607,1.070068,0.931298,2.572519,-1.503817,1.071657,3.12196,6370,11136,4766,6370,0,71.685,5,normal
1780600539.8223708,90.00423190000583,90162,0.029785,-0.007324,1.045898,3.160305,3.076336,-0.618321,1.046348,4.453504,6373,11141,4768,6373,1,68.1,14,normal
